INSTANCE 196FL_7A_4
PREPROCESSING : false
-----------------------INSTANCE 196FL_7A_4--------------------------
Gurobi 12.0.2 (linux64) logging started Mon Nov 24 10:30:29 2025

Set parameter LogFile to value "RESULTS/A_MTN_2/FH_FC_MEAN/result_196FL_7A_4_without_prep.txt"
Set parameter LogToConsole to value 0

Gurobi 12.0.2 (linux64) logging started Mon Nov 24 10:30:31 2025

Set parameter LogFile to value "RESULTS/A_MTN_2/FH_FC_MEAN/result_196FL_7A_4_without_prep.txt"
Gurobi Optimizer version 12.0.2 build v12.0.2rc0 (linux64 - "AlmaLinux 9.6 (Sage Margay)")

CPU model: Intel(R) Xeon(R) 6972P, instruction set [SSE2|AVX|AVX2|AVX512]
Thread count: 192 physical cores, 192 logical processors, using up to 8 threads

Non-default parameters:
TimeLimit  7200
LogToConsole  0
Threads  8

Optimize a model with 5950 rows, 1752 columns and 80975 nonzeros
Model fingerprint: 0x1e6bff3c
Variable types: 510 continuous, 1242 integer (1142 binary)
Coefficient statistics:
  Matrix range     [1e+00, 6e+03]
  Objective range  [1e+00, 2e+02]
  Bounds range     [1e+00, 6e+03]
  RHS range        [1e+00, 6e+03]
Presolve removed 1770 rows and 651 columns
Presolve time: 0.10s
Presolved: 4180 rows, 1101 columns, 25580 nonzeros
Variable types: 229 continuous, 872 integer (803 binary)

Root relaxation: objective 0.000000e+00, 594 iterations, 0.02 seconds (0.02 work units)

    Nodes    |    Current Node    |     Objective Bounds      |     Work
 Expl Unexpl |  Obj  Depth IntInf | Incumbent    BestBd   Gap | It/Node Time

     0     0    0.00000    0    2          -    0.00000      -     -    0s
H    0     0                    5157.0000000    0.00000   100%     -    0s
     0     0    0.00000    0   15 5157.00000    0.00000   100%     -    0s
     0     0    0.00000    0   15 5157.00000    0.00000   100%     -    0s
H    0     0                    3423.0000000    0.00000   100%     -    0s
     0     0    0.00000    0    7 3423.00000    0.00000   100%     -    0s
     0     0    0.00000    0    3 3423.00000    0.00000   100%     -    0s
     0     0    0.00000    0    3 3423.00000    0.00000   100%     -    0s
     0     0    0.00000    0    3 3423.00000    0.00000   100%     -    0s
     0     0    0.00000    0    3 3423.00000    0.00000   100%     -    0s
H    0     0                    3265.0000000    0.00000   100%     -    0s
     0     0    0.00000    0    2 3265.00000    0.00000   100%     -    0s
     0     0    0.00000    0    8 3265.00000    0.00000   100%     -    0s
     0     0    0.00000    0    3 3265.00000    0.00000   100%     -    0s
     0     2    0.00000    0    3 3265.00000    0.00000   100%     -    1s
H  125   178                    3184.0000000    0.00000   100%  41.1    1s
H  146   178                    2798.0000000    0.00000   100%  38.7    1s
H  169   178                    2673.0000000    0.00000   100%  45.3    1s
H 1637   879                    2357.0000000    0.00000   100%  43.0    2s
H 1637   874                    2135.0000000    0.00000   100%  43.0    2s
H 1690   834                    1134.0000000    0.00000   100%  42.7    2s
H 3773  1006                    1085.0000000    0.00000   100%  35.8    3s
H 4059   986                     984.0000000    0.00000   100%  35.7    3s
H 4351  1013                     983.0000000    0.00000   100%  35.4    3s
H 4808  1045                     934.0000000    0.00000   100%  35.4    3s
H 4911  1031                     759.0000000    0.00000   100%  35.3    3s
H 4924   982                     729.0000000    0.00000   100%  35.3    3s
H 4933   938                     544.0000000    0.00000   100%  35.2    4s
  4942   944    0.00000   23    4  544.00000    0.00000   100%  35.2    5s
H 5070   963                     439.0000000    0.00000   100%  39.2    5s
H 5297   949                     429.0000000    0.00000   100%  40.8    5s
H 6057   893                     377.0000000    0.00000   100%  47.0    6s
H 7153   852                     377.0000000    0.00000   100%  51.2    7s
H 7606  1010                     376.9999999    0.00000   100%  52.0    7s
 10833  1718 infeasible   38       377.00000    0.00000   100%  60.4   10s
 17359  2761 infeasible   37       377.00000    0.00000   100%  68.1   15s
*25120  3108              74     198.0000000    0.00000   100%  71.9   19s
 27563  4011    0.00000   45   27  198.00000    0.00000   100%  71.1   20s
 41425  8305   20.00000   66   27  198.00000    0.00000   100%  67.7   25s
H44236  8621                     198.0000000    0.00000   100%  66.8   26s
 58881  6128 infeasible   74       198.00000   10.00000  94.9%  59.8   31s
 78183  3195   10.00000   74   31  198.00000   10.00000  94.9%  54.5   35s
 108827  4598   10.00000   69   31  198.00000   10.00000  94.9%  49.3   40s
 141710  5467   10.00000   68   19  198.00000   10.00000  94.9%  45.2   45s
 174320  5791   10.00000   71   19  198.00000   10.00000  94.9%  42.6   50s
 204127  5917 infeasible   61       198.00000   10.00000  94.9%  41.8   55s
 233762  6554 infeasible   60       198.00000   10.00000  94.9%  41.1   60s
 265905  6530 infeasible   58       198.00000   10.00000  94.9%  40.1   65s
 297340  6366 infeasible   70       198.00000   10.00000  94.9%  39.5   70s
 326166  6224 infeasible   70       198.00000   10.00000  94.9%  39.1   75s
 354681  6395 infeasible   71       198.00000   10.00000  94.9%  38.9   80s
 384738  6423 infeasible   75       198.00000   10.00000  94.9%  38.7   85s
 414227  6166 infeasible   76       198.00000   10.00000  94.9%  38.5   90s
 441787  6533   10.00000   64   30  198.00000   10.00000  94.9%  38.1   95s
 473506  6815   10.00000   70   26  198.00000   10.00000  94.9%  37.8  100s
 503903  7457   10.00000   62   50  198.00000   10.00000  94.9%  37.5  105s
 535149  7192 infeasible   71       198.00000   10.00000  94.9%  37.3  110s
 565070  7121   10.00000   67   14  198.00000   10.00000  94.9%  37.3  115s
 591089  7068   10.00000   55   35  198.00000   10.00000  94.9%  37.4  120s
 617880  7125   10.00000   57   43  198.00000   10.00000  94.9%  37.5  125s
 645862  6894   10.00000   63   34  198.00000   10.00000  94.9%  37.6  130s
 672216  7085   10.00000   70   21  198.00000   10.00000  94.9%  37.6  135s
 703160  6898 infeasible   63       198.00000   10.00000  94.9%  37.4  140s
 732325  7263 infeasible   70       198.00000   10.00000  94.9%  37.3  145s
 760624  7342   10.00000   58   41  198.00000   10.00000  94.9%  37.1  150s
 788895  7090 infeasible   70       198.00000   10.00000  94.9%  37.0  155s
 819290  6773 infeasible   71       198.00000   10.00000  94.9%  36.9  160s
 848264  7319   10.00000   67   30  198.00000   10.00000  94.9%  36.8  165s
 875536  7669   10.00000   63   26  198.00000   10.00000  94.9%  36.9  170s
 904228  7682 infeasible   85       198.00000   10.00000  94.9%  36.9  175s
 930513  7538   10.00000   62   34  198.00000   10.00000  94.9%  36.9  180s
 959143  7398 infeasible   70       198.00000   10.00000  94.9%  36.9  185s
 988356  7491 infeasible   73       198.00000   10.00000  94.9%  36.8  190s
 1016211  7337   10.00000   64   33  198.00000   10.00000  94.9%  36.8  195s
 1043735  7182   10.00000   72   13  198.00000   10.00000  94.9%  36.8  200s
 1072082  7330 infeasible   64       198.00000   10.00000  94.9%  36.8  205s
 1100243  7269   10.00000   65   31  198.00000   10.00000  94.9%  36.7  210s
 1129975  7053 infeasible   63       198.00000   10.00000  94.9%  36.7  215s
 1157798  7113 infeasible   73       198.00000   10.00000  94.9%  36.6  220s
 1186816  7021   10.00000   59   29  198.00000   10.00000  94.9%  36.6  225s
 1212884  7335   10.00000   66   40  198.00000   10.00000  94.9%  36.6  230s
 1239770  7098 infeasible   72       198.00000   10.00000  94.9%  36.6  235s
 1263723  7028   10.00000   72   30  198.00000   10.00000  94.9%  36.6  240s
 1290015  7203 infeasible   73       198.00000   10.00000  94.9%  36.7  245s
 1318448  7224 infeasible   69       198.00000   10.00000  94.9%  36.7  250s
H1328116  7282                     197.9999999   10.00000  94.9%  36.7  251s
 1346362  7240   10.00000   63   43  198.00000   10.00000  94.9%  36.6  255s
 1373615  7029 infeasible   71       198.00000   10.00000  94.9%  36.6  260s
 1400895  6974 infeasible   73       198.00000   10.00000  94.9%  36.6  265s
 1428706  6902   10.00000   65   46  198.00000   10.00000  94.9%  36.6  270s
 1452904  7453 infeasible   74       198.00000   10.00000  94.9%  36.6  275s
 1482014  7397   10.00000   66   32  198.00000   10.00000  94.9%  36.5  280s
 1512277  7164 infeasible   73       198.00000   10.00000  94.9%  36.4  285s
 1539992  7271 infeasible   78       198.00000   10.00000  94.9%  36.4  290s
 1570577  7127   10.00000   74   21  198.00000   10.00000  94.9%  36.4  295s
 1598897  6892   10.00000   71   32  198.00000   10.00000  94.9%  36.3  300s
 1628415  6905   10.00000   76   40  198.00000   10.00000  94.9%  36.3  305s
 1658280  6855   10.00000   68   44  198.00000   10.00000  94.9%  36.3  310s
 1683684  6768 infeasible   65       198.00000   10.00000  94.9%  36.2  315s
 1713373  6616   10.00000   68   35  198.00000   10.00000  94.9%  36.2  320s
 1747228  6301   10.00000   72   31  198.00000   10.00000  94.9%  36.1  325s
 1778245  6297 infeasible   67       198.00000   10.00000  94.9%  36.1  330s
 1808245  6239 infeasible   61       198.00000   10.00000  94.9%  36.0  335s
 1835005  6193   10.00000   75   29  198.00000   10.00000  94.9%  36.0  340s
 1864829  6454   10.00000   67   32  198.00000   10.00000  94.9%  36.0  345s
 1894456  6156 infeasible   65       198.00000   10.00000  94.9%  36.0  350s
 1922517  6201 infeasible   62       198.00000   10.00000  94.9%  36.0  355s
 1951610  6099   10.00000   75   17  198.00000   10.00000  94.9%  36.0  360s
 1981239  6584   10.00000   58   55  198.00000   10.00000  94.9%  36.0  365s
 2016073  7258   10.00000   59   26  198.00000   10.00000  94.9%  35.8  370s
 2058392  7761   10.00000   69   26  198.00000   10.00000  94.9%  35.5  375s
 2111122  7633   10.00000   86   16  198.00000   10.00000  94.9%  34.9  380s
 2163378  7307     cutoff   75       198.00000   10.00000  94.9%  34.5  385s
 2207156  7209 infeasible   63       198.00000   10.00000  94.9%  34.2  390s
 2250831  6976 infeasible   72       198.00000   10.00000  94.9%  33.9  395s
 2289413  6852 infeasible   75       198.00000   10.00000  94.9%  33.7  400s
 2325585  6914 infeasible   63       198.00000   10.00000  94.9%  33.6  405s
 2363595  7089 infeasible   63       198.00000   10.00000  94.9%  33.5  410s
 2421916  6974   10.00000   71   17  198.00000   10.00000  94.9%  33.0  415s
 2477069  7249   10.00000   80   22  198.00000   10.00000  94.9%  32.6  420s
 2538554  7432     cutoff   78       198.00000   10.00000  94.9%  32.0  425s
 2602365  7412   10.00000   80   23  198.00000   10.00000  94.9%  31.5  430s
 2659117  7714   10.00000   71   18  198.00000   10.00000  94.9%  31.1  435s
 2723829  7316   10.00000   67   29  198.00000   10.00000  94.9%  30.6  440s
 2789465  7147     cutoff   75       198.00000   10.00000  94.9%  30.1  445s
 2852915  7156   10.00000   73   29  198.00000   10.00000  94.9%  29.7  450s
 2917374  7065   10.00000   80   18  198.00000   10.00000  94.9%  29.3  455s
 2980374  7166     cutoff   71       198.00000   10.00000  94.9%  28.9  460s
 3045026  7004     cutoff   71       198.00000   10.00000  94.9%  28.5  465s
 3100298  6714     cutoff   71       198.00000   10.00000  94.9%  28.2  470s
 3156591  6915     cutoff   76       198.00000   10.00000  94.9%  27.9  475s
 3221069  7088     cutoff   75       198.00000   10.00000  94.9%  27.5  480s
 3283214  6681   10.00000   73   22  198.00000   10.00000  94.9%  27.2  485s
 3319766  6611   10.00000   60   34  198.00000   10.00000  94.9%  27.2  490s
 3351622  6614 infeasible   71       198.00000   10.00000  94.9%  27.2  495s
 3382829  6603   10.00000   61   28  198.00000   10.00000  94.9%  27.2  500s
 3416618  6898 infeasible   64       198.00000   10.00000  94.9%  27.3  505s
H3443185  6924                     197.9999999   10.00000  94.9%  27.3  509s
 3445233  6917   10.00000   60   42  198.00000   10.00000  94.9%  27.3  510s
 3479156  6697 infeasible   68       198.00000   10.00000  94.9%  27.3  515s
 3509690  6709   10.00000   70   28  198.00000   10.00000  94.9%  27.3  520s
 3536938  6712 infeasible   76       198.00000   10.00000  94.9%  27.4  525s
 3567648  6864 infeasible   63       198.00000   10.00000  94.9%  27.4  530s
 3597866  7015 infeasible   70       198.00000   10.00000  94.9%  27.4  535s
 3626458  6933 infeasible   73       198.00000   10.00000  94.9%  27.5  540s
 3652251  6679   10.00000   72   30  198.00000   10.00000  94.9%  27.5  545s
 3682694  6581 infeasible   76       198.00000   10.00000  94.9%  27.6  550s
 3712918  6678 infeasible   64       198.00000   10.00000  94.9%  27.6  555s
 3742736  6753   10.00000   73   25  198.00000   10.00000  94.9%  27.7  560s
 3771914  6631 infeasible   68       198.00000   10.00000  94.9%  27.7  565s
 3801205  6346   10.00000   61   42  198.00000   10.00000  94.9%  27.8  570s
 3826639  6282   10.00000   58   31  198.00000   10.00000  94.9%  27.8  575s
H3827140  6296                     197.9999999   10.00000  94.9%  27.8  575s
 3855986  6622   10.00000   63   52  198.00000   10.00000  94.9%  27.8  580s
 3888839  6486 infeasible   66       198.00000   10.00000  94.9%  27.9  585s
 3918749  6253   10.00000   69   21  198.00000   10.00000  94.9%  27.9  590s
 3949482  6378 infeasible   60       198.00000   10.00000  94.9%  28.0  595s
 3980319  7063   10.00000   60   46  198.00000   10.00000  94.9%  28.0  600s
 4035821  7606   10.00000   68   29  198.00000   10.00000  94.9%  27.8  605s
 4085397  7429     cutoff   69       198.00000   10.00000  94.9%  27.6  610s
 4136708  7268     cutoff   68       198.00000   10.00000  94.9%  27.4  615s
 4182612  7040 infeasible   65       198.00000   10.00000  94.9%  27.3  620s
 4219283  6732 infeasible   72       198.00000   10.00000  94.9%  27.3  625s
 4249963  6583     cutoff   67       198.00000   10.00000  94.9%  27.3  630s
 4279855  6538 infeasible   60       198.00000   10.00000  94.9%  27.4  635s
 4305787  6366 infeasible   61       198.00000   10.00000  94.9%  27.4  640s
 4344750  6543   10.00000   61   30  198.00000   10.00000  94.9%  27.4  645s
 4397810  6531   10.00000   67   22  198.00000   10.00000  94.9%  27.2  650s
 4451151  6629   10.00000   74   24  198.00000   10.00000  94.9%  27.1  655s
 4508343  6360   10.00000   69   20  198.00000   10.00000  94.9%  26.9  660s
 4544053  6020 infeasible   58       198.00000   10.00000  94.9%  26.9  665s
 4571658  5848 infeasible   73       198.00000   10.00000  94.9%  26.9  670s
 4601671  5602   10.00000   77   21  198.00000   10.00000  94.9%  27.0  675s
 4629680  5749   10.00000   78   25  198.00000   10.00000  94.9%  27.0  680s
 4658876  5469 infeasible   69       198.00000   10.00000  94.9%  27.1  685s
 4689513  5313 infeasible   73       198.00000   10.00000  94.9%  27.1  690s
 4716465  5084   10.00000   66   29  198.00000   10.00000  94.9%  27.2  695s
 4745796  4937 infeasible   71       198.00000   10.00000  94.9%  27.2  700s
 4776836  4860 infeasible   67       198.00000   10.00000  94.9%  27.3  705s
 4808578  4939 infeasible   68       198.00000   10.00000  94.9%  27.3  710s
 4839812  4735   10.00000   65   45  198.00000   10.00000  94.9%  27.4  715s
 4869213  4683   10.00000   73   36  198.00000   10.00000  94.9%  27.4  720s
 4900230  5388 infeasible   69       198.00000   10.00000  94.9%  27.4  725s
 4928562  5362 infeasible   79       198.00000   10.00000  94.9%  27.4  730s
 4960681  5109 infeasible   69       198.00000   10.00000  94.9%  27.5  735s
 4990779  5047   10.00000   52   45  198.00000   10.00000  94.9%  27.5  740s
 5020466  4990   10.00000   64   44  198.00000   10.00000  94.9%  27.5  745s
 5051872  5752   10.00000   69   33  198.00000   10.00000  94.9%  27.6  750s
 5083236  5657   10.00000   69   16  198.00000   10.00000  94.9%  27.6  755s
 5115347  5513 infeasible   64       198.00000   10.00000  94.9%  27.6  760s
 5141003  5357   10.00000   71   39  198.00000   10.00000  94.9%  27.6  765s
 5172892  5396 infeasible   71       198.00000   10.00000  94.9%  27.7  770s
 5204061  5149 infeasible   72       198.00000   10.00000  94.9%  27.7  775s
 5235262  4971 infeasible   67       198.00000   10.00000  94.9%  27.7  780s
 5266691  4996 infeasible   75       198.00000   10.00000  94.9%  27.7  785s
 5298018  4965   10.00000   54   33  198.00000   10.00000  94.9%  27.8  790s
 5329615  5720 infeasible   72       198.00000   10.00000  94.9%  27.8  795s
 5356582  5614   10.00000   73   23  198.00000   10.00000  94.9%  27.8  800s
 5386628  5254   10.00000   64   45  198.00000   10.00000  94.9%  27.9  805s
 5417878  5035 infeasible   65       198.00000   10.00000  94.9%  27.9  810s
 5449520  5069   10.00000   66   34  198.00000   10.00000  94.9%  27.9  815s
 5480588  4824   10.00000   65   22  198.00000   10.00000  94.9%  27.9  820s
 5508994  5112 infeasible   63       198.00000   10.00000  94.9%  27.9  825s
 5537004  5062   10.00000   71   20  198.00000   10.00000  94.9%  28.0  830s
 5566848  4973   10.00000   63   35  198.00000   10.00000  94.9%  28.0  835s
 5595858  4832   10.00000   61   44  198.00000   10.00000  94.9%  28.0  840s
 5627613  4748 infeasible   79       198.00000   10.00000  94.9%  28.0  845s
 5660605  5075 infeasible   72       198.00000   10.00000  94.9%  28.1  850s
 5693179  4770   10.00000   67   26  198.00000   10.00000  94.9%  28.1  855s
 5723446  4707   10.00000   68   22  198.00000   10.00000  94.9%  28.1  860s
 5755552  4906 infeasible   62       198.00000   10.00000  94.9%  28.1  865s
 5783120  4843 infeasible   75       198.00000   10.00000  94.9%  28.2  870s
 5815574  4573   10.00000   54   36  198.00000   10.00000  94.9%  28.2  875s
 5846686  4467   10.00000   73   24  198.00000   10.00000  94.9%  28.2  880s
 5876450  5144   10.00000   65   29  198.00000   10.00000  94.9%  28.2  885s
 5907482  6010 infeasible   65       198.00000   10.00000  94.9%  28.3  890s
 5936932  5915   10.00000   70   25  198.00000   10.00000  94.9%  28.3  895s
 5967289  5723   10.00000   70   26  198.00000   10.00000  94.9%  28.3  900s
 5995674  5626 infeasible   79       198.00000   10.00000  94.9%  28.3  905s
 6026502  5577   10.00000   67   27  198.00000   10.00000  94.9%  28.3  910s
 6055660  5445 infeasible   68       198.00000   10.00000  94.9%  28.4  915s
 6085964  5734 infeasible   78       198.00000   10.00000  94.9%  28.4  920s
 6112853  6215 infeasible   71       198.00000   10.00000  94.9%  28.4  925s
 6143829  6037 infeasible   64       198.00000   10.00000  94.9%  28.4  930s
 6174486  5723   10.00000   74   19  198.00000   10.00000  94.9%  28.4  935s
 6205318  5751   10.00000   72   27  198.00000   10.00000  94.9%  28.4  940s
 6235728  5715   10.00000   72   28  198.00000   10.00000  94.9%  28.4  945s
 6264970  5921   10.00000   62   37  198.00000   10.00000  94.9%  28.5  950s
 6288549  5973   10.00000   71   27  198.00000   10.00000  94.9%  28.5  955s
 6317935  5756   10.00000   69   24  198.00000   10.00000  94.9%  28.5  960s
 6346322  5500 infeasible   69       198.00000   10.00000  94.9%  28.5  965s
 6376711  5552 infeasible   73       198.00000   10.00000  94.9%  28.5  970s
 6406886  5415 infeasible   63       198.00000   10.00000  94.9%  28.5  975s
 6437824  5303   10.00000   74   29  198.00000   10.00000  94.9%  28.5  980s
 6469159  5146   10.00000   72   14  198.00000   10.00000  94.9%  28.6  985s
 6499950  5048 infeasible   75       198.00000   10.00000  94.9%  28.6  990s
H6509587  5177                     197.9999997   10.00000  94.9%  28.6  991s
 6528444  5323 infeasible   70       198.00000   10.00000  94.9%  28.6  995s
 6559799  5098   10.00000   69   45  198.00000   10.00000  94.9%  28.6 1000s
 6590215  5409   10.00000   72   27  198.00000   10.00000  94.9%  28.6 1005s
 6620011  5106   10.00000   75   23  198.00000   10.00000  94.9%  28.7 1010s
 6649205  4965 infeasible   70       198.00000   10.00000  94.9%  28.7 1015s
 6679179  4923   10.00000   68   33  198.00000   10.00000  94.9%  28.7 1020s
 6705408  4886 infeasible   78       198.00000   10.00000  94.9%  28.7 1025s
 6734683  5090   10.00000   67   27  198.00000   10.00000  94.9%  28.8 1030s
 6765863  4909   10.00000   66   32  198.00000   10.00000  94.9%  28.8 1035s
 6797819  5013   10.00000   73   25  198.00000   10.00000  94.9%  28.8 1040s
 6828378  4867   10.00000   69   34  198.00000   10.00000  94.9%  28.8 1045s
 6859529  4965 infeasible   81       198.00000   10.00000  94.9%  28.8 1050s
 6885705  4923   10.00000   66   40  198.00000   10.00000  94.9%  28.8 1055s
 6915829  4774   10.00000   67   27  198.00000   10.00000  94.9%  28.8 1060s
 6944906  4842 infeasible   73       198.00000   10.00000  94.9%  28.9 1065s
 6975513  4635 infeasible   67       198.00000   10.00000  94.9%  28.9 1070s
 7005072  4888 infeasible   67       198.00000   10.00000  94.9%  28.9 1075s
 7035303  4744 infeasible   71       198.00000   10.00000  94.9%  28.9 1080s
 7064345  4487   10.00000   71   14  198.00000   10.00000  94.9%  28.9 1085s
 7095007  4592 infeasible   69       198.00000   10.00000  94.9%  29.0 1090s
 7123799  4417 infeasible   70       198.00000   10.00000  94.9%  29.0 1095s
 7153378  4766 infeasible   68       198.00000   10.00000  94.9%  29.0 1100s
 7178519  4691 infeasible   68       198.00000   10.00000  94.9%  29.1 1105s
 7207179  4419   10.00000   61   26  198.00000   10.00000  94.9%  29.1 1110s
 7235294  4328 infeasible   71       198.00000   10.00000  94.9%  29.2 1115s
 7264014  4599   10.00000   77   13  198.00000   10.00000  94.9%  29.2 1120s
 7293250  4735 infeasible   72       198.00000   10.00000  94.9%  29.2 1125s
 7324233  4528 infeasible   65       198.00000   10.00000  94.9%  29.2 1130s
 7352097  4317   10.00000   62   23  198.00000   10.00000  94.9%  29.3 1135s
 7380635  4238 infeasible   73       198.00000   10.00000  94.9%  29.3 1140s
 7408836  4219   10.00000   60   23  198.00000   10.00000  94.9%  29.3 1145s
 7437614  4232 infeasible   72       198.00000   10.00000  94.9%  29.4 1150s
 7466564  4105   10.00000   65   31  198.00000   10.00000  94.9%  29.4 1155s
 7492831  4560   10.00000   74   33  198.00000   10.00000  94.9%  29.4 1160s
 7521029  4524 infeasible   60       198.00000   10.00000  94.9%  29.5 1165s
 7551856  4460 infeasible   66       198.00000   10.00000  94.9%  29.5 1170s
 7596408  4371     cutoff   76       198.00000   10.00000  94.9%  29.4 1175s
 7634255  4696   10.00000   68   42  198.00000   10.00000  94.9%  29.4 1180s
 7671658  4565 infeasible   66       198.00000   10.00000  94.9%  29.4 1185s
 7708503  4368   10.00000   65   39  198.00000   10.00000  94.9%  29.4 1190s
 7749408  4540 infeasible   61       198.00000   10.00000  94.9%  29.3 1195s
 7783657  4475   10.00000   67   30  198.00000   10.00000  94.9%  29.3 1200s
 7821630  4305 infeasible   70       198.00000   10.00000  94.9%  29.3 1205s
 7852855  4286 infeasible   63       198.00000   10.00000  94.9%  29.3 1210s
 7900131  4176     cutoff   74       198.00000   10.00000  94.9%  29.3 1215s
 7936748  4824   10.00000   63   27  198.00000   10.00000  94.9%  29.3 1220s
 7984740  4653 infeasible   76       198.00000   10.00000  94.9%  29.2 1225s
 8027397  4422   10.00000   60   29  198.00000   10.00000  94.9%  29.2 1230s
 8056601  4975   10.00000   62   32  198.00000   10.00000  94.9%  29.2 1235s
 8098670  4795   10.00000   68   29  198.00000   10.00000  94.9%  29.1 1240s
 8135644  4647   10.00000   75   23  198.00000   10.00000  94.9%  29.1 1245s
 8172120  4633 infeasible   77       198.00000   10.00000  94.9%  29.1 1250s
 8213100  4484 infeasible   68       198.00000   10.00000  94.9%  29.1 1255s
 8252308  4354   10.00000   67   21  198.00000   10.00000  94.9%  29.1 1260s
 8282209  4281 infeasible   64       198.00000   10.00000  94.9%  29.1 1265s
 8316450  4453 infeasible   62       198.00000   10.00000  94.9%  29.1 1270s
 8356974  4592   10.00000   63   31  198.00000   10.00000  94.9%  29.1 1275s
 8406122  4249   10.00000   63   25  198.00000   10.00000  94.9%  29.0 1280s
 8459238  4509   10.00000   70   12  198.00000   10.00000  94.9%  28.9 1285s
 8510172  4389   10.00000   70   15  198.00000   10.00000  94.9%  28.9 1290s
 8556562  4381   10.00000   64   26  198.00000   10.00000  94.9%  28.8 1295s
 8599813  4164   10.00000   71   26  198.00000   10.00000  94.9%  28.8 1300s
 8629296  4068     cutoff   77       198.00000   10.00000  94.9%  28.8 1305s
 8656771  4390   10.00000   66   25  198.00000   10.00000  94.9%  28.8 1310s
 8684374  4234 infeasible   62       198.00000   10.00000  94.9%  28.9 1315s
 8712331  4169 infeasible   69       198.00000   10.00000  94.9%  28.9 1320s
 8739849  4353 infeasible   66       198.00000   10.00000  94.9%  28.9 1325s
 8765113  4949 infeasible   71       198.00000   10.00000  94.9%  29.0 1330s
 8790851  5141 infeasible   62       198.00000   10.00000  94.9%  29.0 1335s
 8814856  5129 infeasible   63       198.00000   10.00000  94.9%  29.1 1340s
 8841183  4892 infeasible   58       198.00000   10.00000  94.9%  29.1 1345s
 8866301  4887 infeasible   68       198.00000   10.00000  94.9%  29.2 1350s
 8893775  4740 infeasible   63       198.00000   10.00000  94.9%  29.2 1355s
 8920137  4753   10.00000   61   25  198.00000   10.00000  94.9%  29.3 1360s
 8946481  4678   10.00000   63   22  198.00000   10.00000  94.9%  29.3 1365s
 8972728  4632   10.00000   67   42  198.00000   10.00000  94.9%  29.3 1370s
 8996797  4555   10.00000   61   27  198.00000   10.00000  94.9%  29.4 1375s
 9021878  4435   10.00000   62   17  198.00000   10.00000  94.9%  29.4 1380s
 9046298  4333   10.00000   51   42  198.00000   10.00000  94.9%  29.4 1385s
 9068616  4322 infeasible   63       198.00000   10.00000  94.9%  29.5 1390s
 9095379  4235   10.00000   67   20  198.00000   10.00000  94.9%  29.5 1395s
 9120926  4182   10.00000   54   34  198.00000   10.00000  94.9%  29.5 1400s
 9148376  4054   10.00000   62   26  198.00000   10.00000  94.9%  29.6 1405s
 9176795  4021   10.00000   61   46  198.00000   10.00000  94.9%  29.6 1410s
 9210419  4750 infeasible   62       198.00000   10.00000  94.9%  29.6 1415s
 9251156  5100   10.00000   66   23  198.00000   10.00000  94.9%  29.6 1420s
 9296639  4971     cutoff   76       198.00000   10.00000  94.9%  29.5 1425s
 9351041  5199 infeasible   68       198.00000   10.00000  94.9%  29.4 1430s
 9410311  5070   10.00000   71   16  198.00000   10.00000  94.9%  29.3 1435s
 9459666  4801     cutoff   66       198.00000   10.00000  94.9%  29.3 1440s
 9498169  4885   10.00000   66   25  198.00000   10.00000  94.9%  29.2 1445s
 9529855  4750   10.00000   61   28  198.00000   10.00000  94.9%  29.3 1450s
 9562814  4864   10.00000   63   39  198.00000   10.00000  94.9%  29.3 1455s
 9595900  4611 infeasible   62       198.00000   10.00000  94.9%  29.3 1460s
 9628366  4499   10.00000   63   40  198.00000   10.00000  94.9%  29.3 1465s
 9664182  4445     cutoff   76       198.00000   10.00000  94.9%  29.3 1470s
 9709171  5237   10.00000   67   25  198.00000   10.00000  94.9%  29.2 1475s
 9763504  5142 infeasible   63       198.00000   10.00000  94.9%  29.1 1480s
 9815891  4778   10.00000   67   29  198.00000   10.00000  94.9%  29.1 1485s
 9865271  4803     cutoff   74       198.00000   10.00000  94.9%  29.0 1490s
 9911053  4686   10.00000   76   27  198.00000   10.00000  94.9%  28.9 1495s
 9964855  4613   10.00000   61   38  198.00000   10.00000  94.9%  28.9 1500s
 10015414  4588   10.00000   60   29  198.00000   10.00000  94.9%  28.8 1505s
 10061763  4672 infeasible   61       198.00000   10.00000  94.9%  28.8 1510s
 10116748  4644   10.00000   75   18  198.00000   10.00000  94.9%  28.7 1515s
 10175955  4513 infeasible   67       198.00000   10.00000  94.9%  28.6 1520s
 10229954  4525   10.00000   68   16  198.00000   10.00000  94.9%  28.5 1525s
 10274019  4609 infeasible   63       198.00000   10.00000  94.9%  28.5 1530s
 10308786  4783 infeasible   64       198.00000   10.00000  94.9%  28.5 1535s
 10343388  4539     cutoff   75       198.00000   10.00000  94.9%  28.5 1540s
 10381625  4478 infeasible   70       198.00000   10.00000  94.9%  28.4 1545s
 10418667  4384   10.00000   71   24  198.00000   10.00000  94.9%  28.4 1550s
 10465200  4549   10.00000   73   20  198.00000   10.00000  94.9%  28.4 1555s
 10520970  4570     cutoff   72       198.00000   10.00000  94.9%  28.3 1560s
 10569170  4370   10.00000   66   13  198.00000   10.00000  94.9%  28.3 1565s
 10602290  4556 infeasible   71       198.00000   10.00000  94.9%  28.3 1570s
 10634817  4513 infeasible   66       198.00000   10.00000  94.9%  28.3 1575s
 10666036  4566   10.00000   69   42  198.00000   10.00000  94.9%  28.3 1580s
 10693343  4429   10.00000   66   30  198.00000   10.00000  94.9%  28.3 1585s
 10725336  4327   10.00000   65   30  198.00000   10.00000  94.9%  28.3 1590s
 10762916  4251   10.00000   69   14  198.00000   10.00000  94.9%  28.3 1595s
 10797110  5020   10.00000   68   25  198.00000   10.00000  94.9%  28.3 1600s
 10825703  5113   10.00000   75   35  198.00000   10.00000  94.9%  28.3 1605s
 10855012  4904   10.00000   77   23  198.00000   10.00000  94.9%  28.4 1610s
 10885843  4752 infeasible   68       198.00000   10.00000  94.9%  28.4 1615s
 10916311  4834 infeasible   69       198.00000   10.00000  94.9%  28.4 1620s
 10944265  4976 infeasible   75       198.00000   10.00000  94.9%  28.4 1625s
 10976575  4746 infeasible   71       198.00000   10.00000  94.9%  28.4 1630s
 11006555  4564 infeasible   63       198.00000   10.00000  94.9%  28.4 1635s
 11037177  4779   10.00000   66   16  198.00000   10.00000  94.9%  28.5 1640s
 11067648  4563   10.00000   66   25  198.00000   10.00000  94.9%  28.5 1645s
 11093768  4738   10.00000   66   16  198.00000   10.00000  94.9%  28.5 1650s
 11123009  4597   10.00000   71   21  198.00000   10.00000  94.9%  28.5 1655s
 11152954  4379   10.00000   62   39  198.00000   10.00000  94.9%  28.5 1660s
 11182219  4966   10.00000   64   39  198.00000   10.00000  94.9%  28.6 1665s
 11211542  5024   10.00000   67   12  198.00000   10.00000  94.9%  28.6 1670s
 11240995  4794 infeasible   66       198.00000   10.00000  94.9%  28.6 1675s
 11269962  4651 infeasible   72       198.00000   10.00000  94.9%  28.6 1680s
 11295751  4590 infeasible   74       198.00000   10.00000  94.9%  28.6 1685s
 11324973  4659   10.00000   71   16  198.00000   10.00000  94.9%  28.7 1690s
 11354620  4491   10.00000   71   23  198.00000   10.00000  94.9%  28.7 1695s
 11382911  4703 infeasible   75       198.00000   10.00000  94.9%  28.7 1700s
 11411251  4472 infeasible   70       198.00000   10.00000  94.9%  28.7 1705s
 11441311  4278 infeasible   69       198.00000   10.00000  94.9%  28.8 1710s
 11476905  4123   10.00000   78   14  198.00000   10.00000  94.9%  28.8 1715s
 11508195  4100 infeasible   71       198.00000   10.00000  94.9%  28.8 1720s
 11537094  3981   10.00000   60   30  198.00000   10.00000  94.9%  28.8 1725s
 11564982  4180   10.00000   67   26  198.00000   10.00000  94.9%  28.8 1730s
 11592926  4011 infeasible   73       198.00000   10.00000  94.9%  28.8 1735s
 11618598  3992   10.00000   80   22  198.00000   10.00000  94.9%  28.8 1740s
 11645994  3930 infeasible   68       198.00000   10.00000  94.9%  28.8 1745s
 11673758  3876   10.00000   63   35  198.00000   10.00000  94.9%  28.9 1750s
 11702532  4067   10.00000   58   28  198.00000   10.00000  94.9%  28.9 1755s
 11731646  4764   10.00000   76   28  198.00000   10.00000  94.9%  28.9 1760s
 11762457  4820 infeasible   65       198.00000   10.00000  94.9%  28.9 1765s
 11794242  4614   10.00000   76   24  198.00000   10.00000  94.9%  28.9 1770s
 11822264  4435 infeasible   67       198.00000   10.00000  94.9%  28.9 1775s
 11852159  4553   10.00000   60   39  198.00000   10.00000  94.9%  28.9 1780s
 11883404  4880 infeasible   75       198.00000   10.00000  94.9%  28.9 1785s
 11916718  4637   10.00000   71   28  198.00000   10.00000  94.9%  28.9 1790s
 11948947  4320   10.00000   63   47  198.00000   10.00000  94.9%  28.9 1795s
 11980607  4239   10.00000   79   14  198.00000   10.00000  94.9%  28.9 1800s
 12012276  4195 infeasible   66       198.00000   10.00000  94.9%  28.9 1805s
 12042817  4619 infeasible   72       198.00000   10.00000  94.9%  28.9 1810s
 12067552  4872 infeasible   69       198.00000   10.00000  94.9%  28.9 1815s
 12094919  4708 infeasible   76       198.00000   10.00000  94.9%  28.9 1820s
 12123512  4498   10.00000   68   30  198.00000   10.00000  94.9%  28.9 1825s
 12152170  4683   10.00000   63   32  198.00000   10.00000  94.9%  29.0 1830s
 12174944  4643   10.00000   72   28  198.00000   10.00000  94.9%  29.0 1836s
 12205244  4498   10.00000   78   22  198.00000   10.00000  94.9%  29.0 1840s
 12232949  4696 infeasible   69       198.00000   10.00000  94.9%  29.0 1845s
 12261029  4755   10.00000   62   34  198.00000   10.00000  94.9%  29.0 1850s
 12289642  4597 infeasible   74       198.00000   10.00000  94.9%  29.0 1855s
 12317317  4494 infeasible   71       198.00000   10.00000  94.9%  29.0 1860s
 12347645  4372 infeasible   67       198.00000   10.00000  94.9%  29.1 1865s
 12377748  4682 infeasible   75       198.00000   10.00000  94.9%  29.1 1870s
 12403881  4569 infeasible   72       198.00000   10.00000  94.9%  29.1 1875s
 12431647  4670 infeasible   66       198.00000   10.00000  94.9%  29.1 1880s
 12460920  4463 infeasible   69       198.00000   10.00000  94.9%  29.1 1885s
 12489132  4453   10.00000   58   47  198.00000   10.00000  94.9%  29.1 1890s
 12516003  4324 infeasible   66       198.00000   10.00000  94.9%  29.1 1895s
 12542963  4300   10.00000   71   32  198.00000   10.00000  94.9%  29.1 1900s
 12572430  4723 infeasible   66       198.00000   10.00000  94.9%  29.1 1905s
 12599515  4513   10.00000   69   31  198.00000   10.00000  94.9%  29.1 1910s
 12629450  4595 infeasible   73       198.00000   10.00000  94.9%  29.1 1915s
 12658605  4569 infeasible   71       198.00000   10.00000  94.9%  29.2 1920s
 12685724  4682 infeasible   62       198.00000   10.00000  94.9%  29.2 1925s
 12708765  4728 infeasible   73       198.00000   10.00000  94.9%  29.2 1930s
 12735083  4620 infeasible   71       198.00000   10.00000  94.9%  29.2 1935s
 12762770  4439 infeasible   66       198.00000   10.00000  94.9%  29.2 1940s
 12789152  4165 infeasible   66       198.00000   10.00000  94.9%  29.2 1945s
 12816820  4554   10.00000   79   21  198.00000   10.00000  94.9%  29.2 1950s
 12847333  4511 infeasible   64       198.00000   10.00000  94.9%  29.2 1955s
 12877763  4399   10.00000   67   30  198.00000   10.00000  94.9%  29.2 1960s
 12907042  4449 infeasible   74       198.00000   10.00000  94.9%  29.2 1965s
 12930422  4455 infeasible   74       198.00000   10.00000  94.9%  29.2 1970s
 12959656  4317 infeasible   65       198.00000   10.00000  94.9%  29.3 1975s
 12989514  4064 infeasible   81       198.00000   10.00000  94.9%  29.3 1980s
 13018427  4073 infeasible   68       198.00000   10.00000  94.9%  29.3 1985s
 13047032  3949 infeasible   64       198.00000   10.00000  94.9%  29.3 1990s
 13076494  4365 infeasible   59       198.00000   10.00000  94.9%  29.3 1995s
 13105107  4234 infeasible   64       198.00000   10.00000  94.9%  29.3 2000s
 13132671  4248 infeasible   64       198.00000   10.00000  94.9%  29.3 2005s
 13161774  4015   10.00000   60   28  198.00000   10.00000  94.9%  29.4 2010s
 13187108  4061   10.00000   59   27  198.00000   10.00000  94.9%  29.4 2015s
 13215654  3974 infeasible   69       198.00000   10.00000  94.9%  29.4 2020s
 13245458  3835   10.00000   68   27  198.00000   10.00000  94.9%  29.4 2025s
 13274990  3750 infeasible   71       198.00000   10.00000  94.9%  29.4 2030s
 13303273  3794 infeasible   58       198.00000   10.00000  94.9%  29.4 2035s
 13331021  4038   10.00000   63   43  198.00000   10.00000  94.9%  29.4 2040s
 13359514  3993   10.00000   62   23  198.00000   10.00000  94.9%  29.5 2045s
 13384947  3813   10.00000   57   25  198.00000   10.00000  94.9%  29.5 2050s
 13413691  3909 infeasible   64       198.00000   10.00000  94.9%  29.5 2055s
 13440408  3731 infeasible   64       198.00000   10.00000  94.9%  29.5 2060s
 13469189  3975   10.00000   61   37  198.00000   10.00000  94.9%  29.5 2065s
 13497740  4023 infeasible   68       198.00000   10.00000  94.9%  29.6 2070s
 13526644  3829   10.00000   65   43  198.00000   10.00000  94.9%  29.6 2075s
 13556438  3734 infeasible   59       198.00000   10.00000  94.9%  29.6 2080s
 13585140  3913 infeasible   64       198.00000   10.00000  94.9%  29.6 2085s
 13615520  3704 infeasible   63       198.00000   10.00000  94.9%  29.6 2090s
 13645558  4303   10.00000   62   36  198.00000   10.00000  94.9%  29.6 2095s
 13674316  4658   10.00000   78   32  198.00000   10.00000  94.9%  29.6 2100s
 13701210  4408 infeasible   84       198.00000   10.00000  94.9%  29.6 2105s
 13725672  4355 infeasible   80       198.00000   10.00000  94.9%  29.6 2110s
 13752403  4637   10.00000   70   31  198.00000   10.00000  94.9%  29.7 2115s
 13780685  4677   10.00000   75   34  198.00000   10.00000  94.9%  29.7 2120s
 13808466  4591   10.00000   81   17  198.00000   10.00000  94.9%  29.7 2125s
 13835782  4420 infeasible   73       198.00000   10.00000  94.9%  29.7 2130s
 13866213  4390   10.00000   82   18  198.00000   10.00000  94.9%  29.7 2135s
 13896209  4175 infeasible   68       198.00000   10.00000  94.9%  29.7 2140s
 13926418  4374   10.00000   70   32  198.00000   10.00000  94.9%  29.7 2145s
 13951103  4254   10.00000   70   32  198.00000   10.00000  94.9%  29.7 2150s
 13979960  4074   10.00000   73   39  198.00000   10.00000  94.9%  29.7 2155s
 14009535  4148   10.00000   67   41  198.00000   10.00000  94.9%  29.7 2160s
 14041138  4141   10.00000   73   19  198.00000   10.00000  94.9%  29.7 2165s
 14072933  3871 infeasible   72       198.00000   10.00000  94.9%  29.7 2170s
 14102617  3802   10.00000   68   28  198.00000   10.00000  94.9%  29.7 2175s
 14135139  3728 infeasible   76       198.00000   10.00000  94.9%  29.7 2180s
 14166870  3602   10.00000   74   26  198.00000   10.00000  94.9%  29.7 2185s
 14195337  3747 infeasible   68       198.00000   10.00000  94.9%  29.8 2190s
 14223813  3658 infeasible   69       198.00000   10.00000  94.9%  29.8 2195s
 14252410  3603   10.00000   62   25  198.00000   10.00000  94.9%  29.8 2200s
 14282284  3529   10.00000   64   34  198.00000   10.00000  94.9%  29.8 2205s
 14307285  3707   10.00000   60   27  198.00000   10.00000  94.9%  29.8 2210s
 14335926  3769   10.00000   72   19  198.00000   10.00000  94.9%  29.8 2215s
 14363518  3662 infeasible   65       198.00000   10.00000  94.9%  29.8 2220s
 14393195  3656 infeasible   76       198.00000   10.00000  94.9%  29.9 2225s
 14421419  3650   10.00000   79   32  198.00000   10.00000  94.9%  29.9 2230s
 14452357  4783   10.00000   58   40  198.00000   10.00000  94.9%  29.9 2235s
 14483495  5077   10.00000   64   23  198.00000   10.00000  94.9%  29.9 2240s
 14514703  4715   10.00000   66   45  198.00000   10.00000  94.9%  29.9 2245s
 14542100  4780   10.00000   71   22  198.00000   10.00000  94.9%  29.9 2250s
 14572640  4568   10.00000   69   31  198.00000   10.00000  94.9%  29.9 2255s
 14603781  4521 infeasible   69       198.00000   10.00000  94.9%  29.9 2260s
 14635763  4615 infeasible   67       198.00000   10.00000  94.9%  29.9 2265s
 14666875  4716 infeasible   71       198.00000   10.00000  94.9%  29.9 2270s
 14697155  4408   10.00000   66   17  198.00000   10.00000  94.9%  29.9 2275s
 14728891  4638   10.00000   71   31  198.00000   10.00000  94.9%  29.9 2280s
H14729097  4638                     197.9999990   10.00000  94.9%  29.9 2280s
 14758631  4506 infeasible   65       198.00000   10.00000  94.9%  29.9 2285s
 14788846  4322   10.00000   69   22  198.00000   10.00000  94.9%  29.9 2290s
 14819197  4450 infeasible   67       198.00000   10.00000  94.9%  29.9 2295s
 14846275  4191   10.00000   69   32  198.00000   10.00000  94.9%  29.9 2300s
 14874167  4280 infeasible   62       198.00000   10.00000  94.9%  29.9 2305s
 14903906  4230 infeasible   65       198.00000   10.00000  94.9%  29.9 2310s
 14933439  4038   10.00000   69   43  198.00000   10.00000  94.9%  30.0 2315s
 14964410  4272 infeasible   62       198.00000   10.00000  94.9%  30.0 2320s
 14982867  4303   10.00000   58   35  198.00000   10.00000  94.9%  30.0 2325s
 15014952  4330   10.00000   66   28  198.00000   10.00000  94.9%  30.0 2330s
 15042776  4104 infeasible   70       198.00000   10.00000  94.9%  30.0 2335s
 15074026  4030 infeasible   70       198.00000   10.00000  94.9%  30.0 2340s
 15104328  4145   10.00000   68   42  198.00000   10.00000  94.9%  30.0 2345s
 15135846  4282 infeasible   66       198.00000   10.00000  94.9%  30.0 2350s
 15165986  4278   10.00000   63   27  198.00000   10.00000  94.9%  30.0 2355s
 15197031  4160 infeasible   64       198.00000   10.00000  94.9%  30.0 2360s
 15224391  4088 infeasible   76       198.00000   10.00000  94.9%  30.0 2365s
 15255864  4000 infeasible   71       198.00000   10.00000  94.9%  30.0 2370s
 15286010  4236 infeasible   79       198.00000   10.00000  94.9%  30.0 2375s
 15317351  4207 infeasible   64       198.00000   10.00000  94.9%  30.0 2380s
 15348295  4069 infeasible   71       198.00000   10.00000  94.9%  30.0 2385s
 15376082  4115   10.00000   70   35  198.00000   10.00000  94.9%  30.0 2390s
 15406427  3926   10.00000   66   24  198.00000   10.00000  94.9%  30.0 2395s
 15438619  4273 infeasible   75       198.00000   10.00000  94.9%  30.0 2400s
 15471337  3944   10.00000   67   35  198.00000   10.00000  94.9%  30.0 2405s
 15501927  4538 infeasible   79       198.00000   10.00000  94.9%  30.0 2410s
 15532285  4407   10.00000   63   31  198.00000   10.00000  94.9%  30.0 2415s
 15557621  4333   10.00000   63   44  198.00000   10.00000  94.9%  30.1 2420s
 15588483  4225   10.00000   63   46  198.00000   10.00000  94.9%  30.1 2425s
 15618784  4141 infeasible   69       198.00000   10.00000  94.9%  30.1 2430s
 15648810  4061   10.00000   78   26  198.00000   10.00000  94.9%  30.1 2435s
 15678170  3980   10.00000   72   38  198.00000   10.00000  94.9%  30.1 2440s
 15707253  4052   10.00000   67   39  198.00000   10.00000  94.9%  30.1 2445s
 15737851  3908 infeasible   69       198.00000   10.00000  94.9%  30.1 2450s
 15768507  3822   10.00000   69   31  198.00000   10.00000  94.9%  30.1 2455s
 15794290  3843 infeasible   65       198.00000   10.00000  94.9%  30.1 2460s
 15824660  3971 infeasible   73       198.00000   10.00000  94.9%  30.1 2465s
 15855027  4014 infeasible   79       198.00000   10.00000  94.9%  30.1 2470s
 15885658  3721   10.00000   72   29  198.00000   10.00000  94.9%  30.1 2475s
 15917801  3788 infeasible   72       198.00000   10.00000  94.9%  30.1 2480s
 15948173  3769   10.00000   69   33  198.00000   10.00000  94.9%  30.1 2485s
 15977290  4122 infeasible   69       198.00000   10.00000  94.9%  30.2 2490s
 16002012  3983   10.00000   71   20  198.00000   10.00000  94.9%  30.2 2495s
 16033314  3644 infeasible   73       198.00000   10.00000  94.9%  30.2 2500s
 16062986  3674   10.00000   65   29  198.00000   10.00000  94.9%  30.2 2505s
 16091025  4623 infeasible   73       198.00000   10.00000  94.9%  30.2 2510s
 16120270  4631   10.00000   65   15  198.00000   10.00000  94.9%  30.2 2515s
 16149273  4482 infeasible   69       198.00000   10.00000  94.9%  30.2 2520s
 16177112  4343   10.00000   59   38  198.00000   10.00000  94.9%  30.2 2525s
 16202331  4315 infeasible   69       198.00000   10.00000  94.9%  30.2 2530s
 16232126  4176   10.00000   77   14  198.00000   10.00000  94.9%  30.2 2535s
 16261130  4167   10.00000   67   27  198.00000   10.00000  94.9%  30.2 2540s
 16289375  3967 infeasible   72       198.00000   10.00000  94.9%  30.2 2545s
 16320127  4063 infeasible   71       198.00000   10.00000  94.9%  30.3 2550s
 16347889  4290 infeasible   72       198.00000   10.00000  94.9%  30.3 2555s
 16377317  4252 infeasible   70       198.00000   10.00000  94.9%  30.3 2560s
 16405579  4217 infeasible   66       198.00000   10.00000  94.9%  30.3 2565s
 16431353  4048   10.00000   74   27  198.00000   10.00000  94.9%  30.3 2570s
 16460144  4085 infeasible   71       198.00000   10.00000  94.9%  30.3 2575s
 16491031  3863   10.00000   66   26  198.00000   10.00000  94.9%  30.3 2580s
 16519694  3810 infeasible   70       198.00000   10.00000  94.9%  30.3 2585s
 16547971  4304   10.00000   61   39  198.00000   10.00000  94.9%  30.3 2590s
 16572373  4459   10.00000   67   14  198.00000   10.00000  94.9%  30.3 2595s
 16603056  4271 infeasible   70       198.00000   10.00000  94.9%  30.3 2600s
 16631953  4192 infeasible   73       198.00000   10.00000  94.9%  30.3 2605s
 16661227  4214   10.00000   75   17  198.00000   10.00000  94.9%  30.4 2610s
 16689938  4034   10.00000   76   28  198.00000   10.00000  94.9%  30.4 2615s
 16719717  3905 infeasible   81       198.00000   10.00000  94.9%  30.4 2620s
 16749267  3697   10.00000   65   22  198.00000   10.00000  94.9%  30.4 2625s
 16776808  3862 infeasible   69       198.00000   10.00000  94.9%  30.4 2630s
 16806559  3685   10.00000   68   28  198.00000   10.00000  94.9%  30.4 2635s
 16830602  3681 infeasible   71       198.00000   10.00000  94.9%  30.4 2640s
 16859214  3738   10.00000   76   23  198.00000   10.00000  94.9%  30.4 2645s
 16888251  3460 infeasible   86       198.00000   10.00000  94.9%  30.4 2650s
 16918861  3756   10.00000   65   32  198.00000   10.00000  94.9%  30.4 2655s
 16950026  3760 infeasible   76       198.00000   10.00000  94.9%  30.4 2660s
 16981786  3761 infeasible   71       198.00000   10.00000  94.9%  30.4 2665s
 17012236  3799 infeasible   71       198.00000   10.00000  94.9%  30.5 2670s
 17041727  3802   10.00000   69   27  198.00000   10.00000  94.9%  30.5 2675s
 17069394  3427 infeasible   79       198.00000   10.00000  94.9%  30.5 2680s
 17096419  3480   10.00000   70   32  198.00000   10.00000  94.9%  30.5 2685s
 17123754  3693   10.00000   62   31  198.00000   10.00000  94.9%  30.5 2690s
 17155156  3956   10.00000   70   43  198.00000   10.00000  94.9%  30.5 2695s
 17186855  3707 infeasible   72       198.00000   10.00000  94.9%  30.5 2700s
 17216033  3885 infeasible   72       198.00000   10.00000  94.9%  30.5 2705s
 17247621  3897   10.00000   70   20  198.00000   10.00000  94.9%  30.5 2710s
 17281511  3687 infeasible   79       198.00000   10.00000  94.9%  30.5 2715s
 17313032  3621 infeasible   69       198.00000   10.00000  94.9%  30.5 2720s
 17341142  3742 infeasible   66       198.00000   10.00000  94.9%  30.5 2725s
 17371592  3517 infeasible   76       198.00000   10.00000  94.9%  30.5 2730s
 17400822  3366   10.00000   61   43  198.00000   10.00000  94.9%  30.5 2735s
 17431843  3385   10.00000   59   45  198.00000   10.00000  94.9%  30.5 2740s
 17461530  3680 infeasible   63       198.00000   10.00000  94.9%  30.5 2745s
 17489775  3580 infeasible   69       198.00000   10.00000  94.9%  30.5 2750s
 17517838  3357 infeasible   66       198.00000   10.00000  94.9%  30.5 2755s
 17545603  3501 infeasible   62       198.00000   10.00000  94.9%  30.6 2760s
 17570687  3457   10.00000   57   22  198.00000   10.00000  94.9%  30.6 2765s
 17599385  3592   10.00000   71   35  198.00000   10.00000  94.9%  30.6 2770s
 17628636  3730 infeasible   72       198.00000   10.00000  94.9%  30.6 2775s
 17658337  3571   10.00000   75   19  198.00000   10.00000  94.9%  30.6 2780s
 17688325  3493   10.00000   76   51  198.00000   10.00000  94.9%  30.6 2785s
 17720830  3699 infeasible   70       198.00000   10.00000  94.9%  30.6 2790s
 17750317  3450   10.00000   65   34  198.00000   10.00000  94.9%  30.6 2795s
 17782549  3785 infeasible   69       198.00000   10.00000  94.9%  30.6 2800s
 17811701  4577 infeasible   70       198.00000   10.00000  94.9%  30.6 2805s
 17840438  4515   10.00000   59   23  198.00000   10.00000  94.9%  30.6 2810s
 17869177  4417   10.00000   63   30  198.00000   10.00000  94.9%  30.6 2815s
 17896210  4272 infeasible   74       198.00000   10.00000  94.9%  30.6 2820s
 17927626  4777   10.00000   75   16  198.00000   10.00000  94.9%  30.6 2825s
 17970641  4947   10.00000   70   26  198.00000   10.00000  94.9%  30.6 2830s
 18013178  4665   10.00000   78   30  198.00000   10.00000  94.9%  30.6 2835s
 18051590  4967   10.00000   66   32  198.00000   10.00000  94.9%  30.6 2840s
 18089669  4696 infeasible   65       198.00000   10.00000  94.9%  30.5 2845s
 18128574  4799   10.00000   69   23  198.00000   10.00000  94.9%  30.5 2850s
 18164672  4475   10.00000   62   24  198.00000   10.00000  94.9%  30.5 2855s
 18200629  5234   10.00000   81   19  198.00000   10.00000  94.9%  30.5 2860s
 18246988  5092   10.00000   75   23  198.00000   10.00000  94.9%  30.5 2865s
 18294302  4996     cutoff   76       198.00000   10.00000  94.9%  30.4 2870s
 18340167  4725 infeasible   63       198.00000   10.00000  94.9%  30.4 2875s
 18385143  4629   10.00000   80   24  198.00000   10.00000  94.9%  30.4 2880s
 18431589  4586   10.00000   66   32  198.00000   10.00000  94.9%  30.3 2885s
 18471057  4512 infeasible   71       198.00000   10.00000  94.9%  30.3 2890s
 18501557  4384 infeasible   75       198.00000   10.00000  94.9%  30.3 2895s
 18532585  4342 infeasible   66       198.00000   10.00000  94.9%  30.3 2900s
 18564516  4434   10.00000   63   43  198.00000   10.00000  94.9%  30.3 2905s
 18596449  4270 infeasible   68       198.00000   10.00000  94.9%  30.3 2910s
 18626617  4372 infeasible   70       198.00000   10.00000  94.9%  30.3 2915s
 18654232  4432   10.00000   73   38  198.00000   10.00000  94.9%  30.3 2920s
 18683353  4149   10.00000   69   35  198.00000   10.00000  94.9%  30.4 2925s
 18716883  4613   10.00000   67   15  198.00000   10.00000  94.9%  30.3 2930s
 18752256  5130   10.00000   72   16  198.00000   10.00000  94.9%  30.3 2935s
 18795861  5048 infeasible   66       198.00000   10.00000  94.9%  30.3 2940s
 18847656  4922   10.00000   80   25  198.00000   10.00000  94.9%  30.3 2945s
 18896900  4868   10.00000   67   27  198.00000   10.00000  94.9%  30.2 2950s
 18944570  4864   10.00000   75   27  198.00000   10.00000  94.9%  30.2 2955s
 18998319  4570   10.00000   80   20  198.00000   10.00000  94.9%  30.1 2960s
 19037341  4375 infeasible   75       198.00000   10.00000  94.9%  30.1 2965s
 19070040  4271   10.00000   66   36  198.00000   10.00000  94.9%  30.1 2970s
 19104799  4179   10.00000   67   30  198.00000   10.00000  94.9%  30.1 2975s
 19134507  4560   10.00000   68   29  198.00000   10.00000  94.9%  30.1 2980s
 19171279  4237 infeasible   64       198.00000   10.00000  94.9%  30.1 2985s
 19204982  4024   10.00000   68   34  198.00000   10.00000  94.9%  30.1 2990s
 19236207  4654 infeasible   74       198.00000   10.00000  94.9%  30.1 2995s
 19263691  4872   10.00000   73   16  198.00000   10.00000  94.9%  30.1 3000s
 19295686  4533   10.00000   67   40  198.00000   10.00000  94.9%  30.1 3005s
 19326078  4364   10.00000   75   37  198.00000   10.00000  94.9%  30.1 3010s
 19358871  4193   10.00000   77   18  198.00000   10.00000  94.9%  30.1 3015s
 19392515  3945 infeasible   77       198.00000   10.00000  94.9%  30.1 3020s
 19426580  4300 infeasible   64       198.00000   10.00000  94.9%  30.1 3025s
 19453632  4891 infeasible   67       198.00000   10.00000  94.9%  30.1 3030s
 19481548  4785   10.00000   74   22  198.00000   10.00000  94.9%  30.1 3035s
 19507178  4691   10.00000   71   20  198.00000   10.00000  94.9%  30.1 3040s
 19532658  4723 infeasible   67       198.00000   10.00000  94.9%  30.2 3045s
 19560368  4544   10.00000   66   24  198.00000   10.00000  94.9%  30.2 3050s
 19588679  4465   10.00000   66   21  198.00000   10.00000  94.9%  30.2 3055s
 19616941  4339   10.00000   69   23  198.00000   10.00000  94.9%  30.2 3060s
 19644460  4346 infeasible   63       198.00000   10.00000  94.9%  30.2 3065s
 19671023  4280 infeasible   68       198.00000   10.00000  94.9%  30.2 3070s
 19695057  4322   10.00000   63   37  198.00000   10.00000  94.9%  30.2 3075s
 19721049  4358   10.00000   64   39  198.00000   10.00000  94.9%  30.2 3080s
 19749204  4165 infeasible   62       198.00000   10.00000  94.9%  30.3 3085s
 19777790  4544   10.00000   61   35  198.00000   10.00000  94.9%  30.3 3090s
 19806174  4373   10.00000   69   27  198.00000   10.00000  94.9%  30.3 3095s
 19833791  4221 infeasible   63       198.00000   10.00000  94.9%  30.3 3100s
 19865160  4023     cutoff   69       198.00000   10.00000  94.9%  30.3 3105s
 19892152  4016 infeasible   65       198.00000   10.00000  94.9%  30.3 3110s
 19919831  4042   10.00000   67   35  198.00000   10.00000  94.9%  30.3 3115s
 19947427  3939 infeasible   70       198.00000   10.00000  94.9%  30.3 3120s
 19974978  4317   10.00000   74   30  198.00000   10.00000  94.9%  30.3 3125s
 20002532  4273 infeasible   74       198.00000   10.00000  94.9%  30.4 3130s
 20029526  4818   10.00000   66   38  198.00000   10.00000  94.9%  30.4 3135s
 20056910  4719   10.00000   63   26  198.00000   10.00000  94.9%  30.4 3140s
 20084013  4628   10.00000   65   38  198.00000   10.00000  94.9%  30.4 3145s
 20107535  4495   10.00000   65   21  198.00000   10.00000  94.9%  30.4 3150s
 20134929  4471 infeasible   68       198.00000   10.00000  94.9%  30.4 3155s
 20161878  4325   10.00000   65   24  198.00000   10.00000  94.9%  30.4 3160s
 20187999  4328 infeasible   76       198.00000   10.00000  94.9%  30.4 3165s
 20215060  4168 infeasible   70       198.00000   10.00000  94.9%  30.4 3170s
 20241850  4139 infeasible   76       198.00000   10.00000  94.9%  30.4 3175s
 20268299  4100   10.00000   75   24  198.00000   10.00000  94.9%  30.5 3180s
 20291082  3923 infeasible   66       198.00000   10.00000  94.9%  30.5 3185s
 20318618  4176   10.00000   64   33  198.00000   10.00000  94.9%  30.5 3190s
 20347538  4094   10.00000   62   31  198.00000   10.00000  94.9%  30.5 3195s
 20375785  4359   10.00000   67   41  198.00000   10.00000  94.9%  30.5 3200s
 20405631  4150 infeasible   81       198.00000   10.00000  94.9%  30.5 3205s
 20433476  4080 infeasible   72       198.00000   10.00000  94.9%  30.5 3210s
 20462107  3960   10.00000   71   29  198.00000   10.00000  94.9%  30.5 3215s
 20490558  4073 infeasible   67       198.00000   10.00000  94.9%  30.5 3220s
 20516227  3960 infeasible   67       198.00000   10.00000  94.9%  30.5 3225s
 20543815  3889 infeasible   73       198.00000   10.00000  94.9%  30.5 3230s
 20572442  3966   10.00000   61   29  198.00000   10.00000  94.9%  30.5 3235s
 20602913  4372 infeasible   72       198.00000   10.00000  94.9%  30.5 3240s
 20633839  4084 infeasible   62       198.00000   10.00000  94.9%  30.5 3245s
 20664964  4049 infeasible   65       198.00000   10.00000  94.9%  30.5 3250s
 20694091  4566   10.00000   65   29  198.00000   10.00000  94.9%  30.5 3255s
 20720324  4523 infeasible   73       198.00000   10.00000  94.9%  30.6 3260s
 20748438  4418 infeasible   78       198.00000   10.00000  94.9%  30.6 3265s
 20776528  4245 infeasible   70       198.00000   10.00000  94.9%  30.6 3270s
 20804673  4100   10.00000   69   31  198.00000   10.00000  94.9%  30.6 3275s
 20833193  3879   10.00000   67   40  198.00000   10.00000  94.9%  30.6 3280s
 20861936  3734 infeasible   63       198.00000   10.00000  94.9%  30.6 3285s
 20886921  3736   10.00000   64   46  198.00000   10.00000  94.9%  30.6 3290s
 20914110  3776 infeasible   69       198.00000   10.00000  94.9%  30.6 3295s
 20943938  3639   10.00000   63   32  198.00000   10.00000  94.9%  30.6 3300s
 20972403  3972   10.00000   71   39  198.00000   10.00000  94.9%  30.6 3305s
 21000842  4611   10.00000   67   42  198.00000   10.00000  94.9%  30.6 3310s
 21029059  4831   10.00000   77   36  198.00000   10.00000  94.9%  30.6 3315s
 21057550  4685   10.00000   67   33  198.00000   10.00000  94.9%  30.6 3320s
 21082187  4676 infeasible   69       198.00000   10.00000  94.9%  30.6 3325s
 21109600  4515   10.00000   67   40  198.00000   10.00000  94.9%  30.6 3330s
 21137209  4536 infeasible   74       198.00000   10.00000  94.9%  30.7 3335s
 21164775  4700   10.00000   60   51  198.00000   10.00000  94.9%  30.7 3340s
 21190775  4609   10.00000   67   33  198.00000   10.00000  94.9%  30.7 3345s
 21217849  4518   10.00000   73   27  198.00000   10.00000  94.9%  30.7 3350s
 21244065  4478   10.00000   77   23  198.00000   10.00000  94.9%  30.7 3355s
 21271047  4390   10.00000   71   32  198.00000   10.00000  94.9%  30.7 3360s
 21299308  4212 infeasible   68       198.00000   10.00000  94.9%  30.7 3365s
 21327094  4115 infeasible   68       198.00000   10.00000  94.9%  30.7 3370s
 21351732  4015 infeasible   71       198.00000   10.00000  94.9%  30.7 3375s
 21380072  3726   10.00000   69   34  198.00000   10.00000  94.9%  30.7 3380s
 21407256  3989   10.00000   68   28  198.00000   10.00000  94.9%  30.7 3385s
 21434759  4145   10.00000   66   26  198.00000   10.00000  94.9%  30.7 3390s
 21462181  3968 infeasible   60       198.00000   10.00000  94.9%  30.7 3395s
 21488896  3852   10.00000   64   39  198.00000   10.00000  94.9%  30.8 3400s
 21514916  3781   10.00000   65   38  198.00000   10.00000  94.9%  30.8 3405s
 21542181  3869   10.00000   66   46  198.00000   10.00000  94.9%  30.8 3410s
 21566355  4162   10.00000   65   30  198.00000   10.00000  94.9%  30.8 3415s
 21594770  4012   10.00000   64   46  198.00000   10.00000  94.9%  30.8 3420s
 21621966  3816 infeasible   61       198.00000   10.00000  94.9%  30.8 3425s
 21649504  3822 infeasible   70       198.00000   10.00000  94.9%  30.8 3430s
 21676888  4361   10.00000   63   32  198.00000   10.00000  94.9%  30.8 3435s
 21705596  4309   10.00000   66   43  198.00000   10.00000  94.9%  30.8 3440s
 21732241  4154 infeasible   62       198.00000   10.00000  94.9%  30.8 3445s
 21757392  3977 infeasible   68       198.00000   10.00000  94.9%  30.8 3450s
 21786064  3969 infeasible   65       198.00000   10.00000  94.9%  30.8 3455s
 21813176  3912   10.00000   62   55  198.00000   10.00000  94.9%  30.8 3460s
 21839473  3996   10.00000   56   43  198.00000   10.00000  94.9%  30.8 3465s
 21865323  3841 infeasible   73       198.00000   10.00000  94.9%  30.8 3470s
 21891169  4083 infeasible   66       198.00000   10.00000  94.9%  30.8 3475s
 21916513  4017   10.00000   65   48  198.00000   10.00000  94.9%  30.9 3480s
 21943221  3958 infeasible   64       198.00000   10.00000  94.9%  30.9 3485s
 21970761  3796 infeasible   57       198.00000   10.00000  94.9%  30.9 3490s
 21996530  4461   10.00000   70   31  198.00000   10.00000  94.9%  30.9 3495s
 22023874  4869 infeasible   67       198.00000   10.00000  94.9%  30.9 3500s
 22047448  4691   10.00000   69   44  198.00000   10.00000  94.9%  30.9 3505s
 22076555  4614 infeasible   68       198.00000   10.00000  94.9%  30.9 3510s
 22105003  4655   10.00000   66   44  198.00000   10.00000  94.9%  30.9 3515s
 22133231  4484   10.00000   64   26  198.00000   10.00000  94.9%  30.9 3520s
 22159739  4422   10.00000   60   42  198.00000   10.00000  94.9%  30.9 3525s
 22187582  4292   10.00000   71   25  198.00000   10.00000  94.9%  30.9 3530s
 22214262  4380 infeasible   63       198.00000   10.00000  94.9%  30.9 3535s
 22240065  4198 infeasible   63       198.00000   10.00000  94.9%  30.9 3540s
 22264285  4110 infeasible   72       198.00000   10.00000  94.9%  30.9 3545s
 22290457  4050   10.00000   68   34  198.00000   10.00000  94.9%  30.9 3550s
 22317599  3987 infeasible   65       198.00000   10.00000  94.9%  31.0 3555s
 22345078  3985 infeasible   75       198.00000   10.00000  94.9%  31.0 3560s
 22371190  4141 infeasible   66       198.00000   10.00000  94.9%  31.0 3565s
 22393811  4050 infeasible   63       198.00000   10.00000  94.9%  31.0 3570s
 22419226  3863 infeasible   68       198.00000   10.00000  94.9%  31.0 3575s
 22445661  3782   10.00000   61   44  198.00000   10.00000  94.9%  31.0 3580s
 22471892  3759 infeasible   69       198.00000   10.00000  94.9%  31.0 3585s
 22497854  3620 infeasible   73       198.00000   10.00000  94.9%  31.0 3590s
 22524751  3605   10.00000   71   33  198.00000   10.00000  94.9%  31.0 3595s
 22551265  3624 infeasible   75       198.00000   10.00000  94.9%  31.0 3600s
 22576560  3607 infeasible   60       198.00000   10.00000  94.9%  31.0 3605s
 22600622  3585 infeasible   68       198.00000   10.00000  94.9%  31.0 3610s
 22628054  3740   10.00000   66   27  198.00000   10.00000  94.9%  31.1 3615s
 22655757  3574 infeasible   69       198.00000   10.00000  94.9%  31.1 3620s
 22684288  3431 infeasible   68       198.00000   10.00000  94.9%  31.1 3625s
 22712578  3398 infeasible   70       198.00000   10.00000  94.9%  31.1 3630s
 22740333  3490 infeasible   66       198.00000   10.00000  94.9%  31.1 3635s
 22766665  3486 infeasible   68       198.00000   10.00000  94.9%  31.1 3640s
 22796730  3776 infeasible   50       198.00000   10.00000  94.9%  31.1 3645s
 22829243  3883   10.00000   55   27  198.00000   10.00000  94.9%  31.1 3650s
 22858801  3711 infeasible   59       198.00000   10.00000  94.9%  31.1 3655s
 22890347  3603   10.00000   70   30  198.00000   10.00000  94.9%  31.1 3660s
 22921097  3663 infeasible   67       198.00000   10.00000  94.9%  31.1 3665s
 22951597  3550 infeasible   64       198.00000   10.00000  94.9%  31.1 3670s
 22979852  3306 infeasible   76       198.00000   10.00000  94.9%  31.1 3675s
 23007015  4004   10.00000   63   37  198.00000   10.00000  94.9%  31.1 3680s
 23035922  4688 infeasible   61       198.00000   10.00000  94.9%  31.1 3685s
 23064526  4684 infeasible   62       198.00000   10.00000  94.9%  31.1 3690s
 23093654  4475     cutoff   76       198.00000   10.00000  94.9%  31.1 3695s
 23126807  4372   10.00000   65   45  198.00000   10.00000  94.9%  31.1 3700s
 23156304  4251   10.00000   72   31  198.00000   10.00000  94.9%  31.1 3705s
 23181229  4202 infeasible   71       198.00000   10.00000  94.9%  31.1 3710s
 23208897  4037   10.00000   70   34  198.00000   10.00000  94.9%  31.1 3715s
 23241243  3978 infeasible   63       198.00000   10.00000  94.9%  31.1 3720s
 23270168  3886 infeasible   55       198.00000   10.00000  94.9%  31.1 3725s
 23299612  4023   10.00000   73   25  198.00000   10.00000  94.9%  31.1 3730s
 23327992  3873 infeasible   63       198.00000   10.00000  94.9%  31.2 3735s
 23353932  3710   10.00000   71   17  198.00000   10.00000  94.9%  31.2 3740s
 23380964  3767   10.00000   54   33  198.00000   10.00000  94.9%  31.2 3745s
 23407971  4008 infeasible   62       198.00000   10.00000  94.9%  31.2 3750s
 23435908  3968 infeasible   69       198.00000   10.00000  94.9%  31.2 3755s
 23464159  3794   10.00000   62   43  198.00000   10.00000  94.9%  31.2 3760s
 23491321  3800 infeasible   59       198.00000   10.00000  94.9%  31.2 3765s
 23519420  3718   10.00000   74   26  198.00000   10.00000  94.9%  31.2 3770s
 23546681  3741   10.00000   71   30  198.00000   10.00000  94.9%  31.2 3775s
 23571799  3789   10.00000   60   30  198.00000   10.00000  94.9%  31.2 3780s
 23600651  3524   10.00000   56   41  198.00000   10.00000  94.9%  31.2 3785s
 23627378  4153   10.00000   69   26  198.00000   10.00000  94.9%  31.2 3790s
 23655984  4014   10.00000   72   29  198.00000   10.00000  94.9%  31.2 3795s
 23684074  3830   10.00000   72   31  198.00000   10.00000  94.9%  31.2 3800s
 23711205  3726 infeasible   65       198.00000   10.00000  94.9%  31.3 3805s
 23741653  4004   10.00000   75   30  198.00000   10.00000  94.9%  31.3 3810s
 23771915  4275 infeasible   63       198.00000   10.00000  94.9%  31.3 3815s
 23803382  4171 infeasible   76       198.00000   10.00000  94.9%  31.3 3820s
 23831971  4249   10.00000   75   24  198.00000   10.00000  94.9%  31.3 3825s
 23861521  4046 infeasible   69       198.00000   10.00000  94.9%  31.3 3830s
 23892998  3794 infeasible   65       198.00000   10.00000  94.9%  31.3 3835s
 23921449  3909 infeasible   67       198.00000   10.00000  94.9%  31.3 3840s
 23945584  3868 infeasible   77       198.00000   10.00000  94.9%  31.3 3845s
 23973676  3792   10.00000   65   53  198.00000   10.00000  94.9%  31.3 3850s
 24002151  3698   10.00000   60   30  198.00000   10.00000  94.9%  31.3 3855s
 24039667  4012 infeasible   70       198.00000   10.00000  94.9%  31.3 3860s
 24080174  3692   10.00000   68   38  198.00000   10.00000  94.9%  31.3 3865s
 24117409  3793   10.00000   74   34  198.00000   10.00000  94.9%  31.3 3870s
 24157042  3640     cutoff   83       198.00000   10.00000  94.9%  31.2 3875s
 24198469  3522 infeasible   73       198.00000   10.00000  94.9%  31.2 3880s
 24222253  3726 infeasible   66       198.00000   10.00000  94.9%  31.2 3885s
 24249436  3943 infeasible   65       198.00000   10.00000  94.9%  31.2 3890s
 24277184  3869   10.00000   68   37  198.00000   10.00000  94.9%  31.2 3895s
 24303392  3751   10.00000   68   31  198.00000   10.00000  94.9%  31.3 3900s
 24330756  3681   10.00000   67   41  198.00000   10.00000  94.9%  31.3 3905s
 24356382  3561   10.00000   68   38  198.00000   10.00000  94.9%  31.3 3910s
 24385372  3888 infeasible   68       198.00000   10.00000  94.9%  31.3 3915s
 24412723  4121 infeasible   64       198.00000   10.00000  94.9%  31.3 3920s
 24438669  4321   10.00000   61   28  198.00000   10.00000  94.9%  31.3 3925s
 24463791  4996 infeasible   64       198.00000   10.00000  94.9%  31.3 3930s
 24492465  5033   10.00000   69   24  198.00000   10.00000  94.9%  31.3 3935s
 24517656  4801   10.00000   71   31  198.00000   10.00000  94.9%  31.3 3940s
 24542633  4753 infeasible   65       198.00000   10.00000  94.9%  31.3 3945s
 24571221  4612   10.00000   76   24  198.00000   10.00000  94.9%  31.3 3950s
 24598681  4494 infeasible   69       198.00000   10.00000  94.9%  31.3 3955s
 24626322  4573 infeasible   68       198.00000   10.00000  94.9%  31.4 3960s
 24654270  4452   10.00000   72   28  198.00000   10.00000  94.9%  31.4 3965s
 24681577  4704   10.00000   61   32  198.00000   10.00000  94.9%  31.4 3970s
 24709682  4609   10.00000   69   35  198.00000   10.00000  94.9%  31.4 3975s
 24733730  4328 infeasible   68       198.00000   10.00000  94.9%  31.4 3980s
 24761538  4546   10.00000   67   29  198.00000   10.00000  94.9%  31.4 3985s
 24787859  4423   10.00000   59   40  198.00000   10.00000  94.9%  31.4 3990s
 24814981  4207   10.00000   59   40  198.00000   10.00000  94.9%  31.4 3995s
 24841051  4345 infeasible   71       198.00000   10.00000  94.9%  31.4 4000s
 24868140  4390   10.00000   65   31  198.00000   10.00000  94.9%  31.4 4005s
 24894465  4236 infeasible   72       198.00000   10.00000  94.9%  31.4 4010s
 24920533  4049 infeasible   71       198.00000   10.00000  94.9%  31.4 4015s
 24944674  4080   10.00000   60   39  198.00000   10.00000  94.9%  31.4 4020s
 24972659  3961   10.00000   73   22  198.00000   10.00000  94.9%  31.5 4025s
 25000790  3999 infeasible   65       198.00000   10.00000  94.9%  31.5 4030s
 25027970  3762 infeasible   72       198.00000   10.00000  94.9%  31.5 4035s
 25055857  3653   10.00000   62   32  198.00000   10.00000  94.9%  31.5 4040s
 25083778  3742 infeasible   71       198.00000   10.00000  94.9%  31.5 4045s
 25111535  3607   10.00000   63   23  198.00000   10.00000  94.9%  31.5 4050s
H25114921  3618                     197.9999989   10.00000  94.9%  31.5 4050s
 25135416  3735 infeasible   71       198.00000   10.00000  94.9%  31.5 4055s
 25162349  3536 infeasible   71       198.00000   10.00000  94.9%  31.5 4060s
 25189408  3450 infeasible   73       198.00000   10.00000  94.9%  31.5 4065s
 25215713  3909   10.00000   61   29  198.00000   10.00000  94.9%  31.5 4070s
 25240954  4050   10.00000   64   60  198.00000   10.00000  94.9%  31.5 4075s
 25266787  3926   10.00000   69   55  198.00000   10.00000  94.9%  31.5 4080s
 25293200  3808   10.00000   63   57  198.00000   10.00000  94.9%  31.5 4085s
 25315679  3696 infeasible   73       198.00000   10.00000  94.9%  31.5 4090s
 25342061  3505 infeasible   70       198.00000   10.00000  94.9%  31.6 4095s
 25368108  3837   10.00000   68   51  198.00000   10.00000  94.9%  31.6 4100s
 25393542  3955   10.00000   75   31  198.00000   10.00000  94.9%  31.6 4105s
 25418449  3715 infeasible   71       198.00000   10.00000  94.9%  31.6 4110s
 25444538  3515 infeasible   72       198.00000   10.00000  94.9%  31.6 4115s
 25471502  4135 infeasible   71       198.00000   10.00000  94.9%  31.6 4120s
 25495869  4625   10.00000   68   30  198.00000   10.00000  94.9%  31.6 4125s
 25520904  4552   10.00000   62   40  198.00000   10.00000  94.9%  31.6 4130s
 25549047  4351   10.00000   66   50  198.00000   10.00000  94.9%  31.6 4135s
 25576078  4432 infeasible   69       198.00000   10.00000  94.9%  31.6 4140s
 25604149  4245 infeasible   84       198.00000   10.00000  94.9%  31.6 4145s
 25631495  4315 infeasible   83       198.00000   10.00000  94.9%  31.6 4150s
 25660119  4093   10.00000   72   41  198.00000   10.00000  94.9%  31.6 4155s
 25687741  4043   10.00000   68   43  198.00000   10.00000  94.9%  31.6 4160s
 25713429  4174 infeasible   72       198.00000   10.00000  94.9%  31.6 4165s
 25738823  4134   10.00000   72   35  198.00000   10.00000  94.9%  31.7 4170s
 25765033  3990 infeasible   69       198.00000   10.00000  94.9%  31.7 4175s
 25792847  3949 infeasible   72       198.00000   10.00000  94.9%  31.7 4180s
 25816301  3802 infeasible   70       198.00000   10.00000  94.9%  31.7 4185s
 25843347  3800 infeasible   65       198.00000   10.00000  94.9%  31.7 4190s
 25869493  3752   10.00000   70   41  198.00000   10.00000  94.9%  31.7 4195s
 25897586  3758 infeasible   66       198.00000   10.00000  94.9%  31.7 4200s
 25924016  3750   10.00000   60   47  198.00000   10.00000  94.9%  31.7 4205s
 25951885  4691   10.00000   72   48  198.00000   10.00000  94.9%  31.7 4210s
 25978309  5070   10.00000   78   34  198.00000   10.00000  94.9%  31.7 4215s
 26004855  4865 infeasible   69       198.00000   10.00000  94.9%  31.7 4220s
 26028187  4780 infeasible   70       198.00000   10.00000  94.9%  31.7 4225s
 26055623  4990 infeasible   70       198.00000   10.00000  94.9%  31.7 4230s
 26082051  4795 infeasible   78       198.00000   10.00000  94.9%  31.7 4235s
 26108338  4559   10.00000   68   35  198.00000   10.00000  94.9%  31.8 4240s
 26133992  4661 infeasible   80       198.00000   10.00000  94.9%  31.8 4245s
 26160674  4508 infeasible   78       198.00000   10.00000  94.9%  31.8 4250s
 26187493  4705   10.00000   63   40  198.00000   10.00000  94.9%  31.8 4255s
 26213988  4879 infeasible   72       198.00000   10.00000  94.9%  31.8 4260s
 26238491  4824   10.00000   70   47  198.00000   10.00000  94.9%  31.8 4265s
 26265187  4592 infeasible   71       198.00000   10.00000  94.9%  31.8 4270s
 26292280  4708   10.00000   76   28  198.00000   10.00000  94.9%  31.8 4275s
 26318648  4498   10.00000   70   32  198.00000   10.00000  94.9%  31.8 4280s
 26341707  4357   10.00000   77   39  198.00000   10.00000  94.9%  31.8 4285s
 26367506  4573   10.00000   72   25  198.00000   10.00000  94.9%  31.8 4290s
 26393291  4494   10.00000   71   25  198.00000   10.00000  94.9%  31.8 4295s
 26419640  4297   10.00000   70   42  198.00000   10.00000  94.9%  31.9 4300s
 26445512  4399 infeasible   66       198.00000   10.00000  94.9%  31.9 4305s
 26471890  4208 infeasible   69       198.00000   10.00000  94.9%  31.9 4310s
 26497523  4190 infeasible   66       198.00000   10.00000  94.9%  31.9 4315s
 26519471  4090   10.00000   61   33  198.00000   10.00000  94.9%  31.9 4320s
 26547280  4419 infeasible   65       198.00000   10.00000  94.9%  31.9 4325s
 26572931  4304   10.00000   66   35  198.00000   10.00000  94.9%  31.9 4330s
 26598708  4149 infeasible   65       198.00000   10.00000  94.9%  31.9 4335s
 26624610  4134   10.00000   70   35  198.00000   10.00000  94.9%  31.9 4340s
 26650724  4011 infeasible   78       198.00000   10.00000  94.9%  31.9 4345s
 26676218  4042   10.00000   68   52  198.00000   10.00000  94.9%  31.9 4350s
 26701492  3945   10.00000   71   35  198.00000   10.00000  94.9%  31.9 4355s
 26726978  3835   10.00000   70   39  198.00000   10.00000  94.9%  32.0 4360s
 26752605  3795   10.00000   63   41  198.00000   10.00000  94.9%  32.0 4365s
 26776655  3927 infeasible   76       198.00000   10.00000  94.9%  32.0 4370s
 26803142  4096 infeasible   67       198.00000   10.00000  94.9%  32.0 4375s
 26827978  4269   10.00000   67   35  198.00000   10.00000  94.9%  32.0 4380s
 26854346  4295 infeasible   70       198.00000   10.00000  94.9%  32.0 4385s
 26880774  4065 infeasible   77       198.00000   10.00000  94.9%  32.0 4390s
 26907126  4189   10.00000   70   46  198.00000   10.00000  94.9%  32.0 4395s
 26934145  4320 infeasible   67       198.00000   10.00000  94.9%  32.0 4400s
 26957504  4150 infeasible   74       198.00000   10.00000  94.9%  32.0 4405s
 26984543  3854   10.00000   70   39  198.00000   10.00000  94.9%  32.0 4410s
 27010706  4163 infeasible   72       198.00000   10.00000  94.9%  32.0 4415s
 27037976  4254 infeasible   67       198.00000   10.00000  94.9%  32.0 4420s
 27065394  4007   10.00000   78   22  198.00000   10.00000  94.9%  32.1 4425s
 27091667  3661   10.00000   76   25  198.00000   10.00000  94.9%  32.1 4430s
 27118489  4267   10.00000   72   40  198.00000   10.00000  94.9%  32.1 4435s
 27145231  4531   10.00000   68   28  198.00000   10.00000  94.9%  32.1 4440s
 27170996  4436 infeasible   75       198.00000   10.00000  94.9%  32.1 4445s
 27197337  4347   10.00000   68   40  198.00000   10.00000  94.9%  32.1 4450s
 27225268  4182 infeasible   71       198.00000   10.00000  94.9%  32.1 4455s
 27253217  4138   10.00000   79   31  198.00000   10.00000  94.9%  32.1 4460s
 27276882  4050   10.00000   71   37  198.00000   10.00000  94.9%  32.1 4465s
 27302902  3991 infeasible   73       198.00000   10.00000  94.9%  32.1 4470s
 27329001  3939 infeasible   69       198.00000   10.00000  94.9%  32.1 4475s
 27354866  3925 infeasible   74       198.00000   10.00000  94.9%  32.1 4480s
 27382216  3897 infeasible   67       198.00000   10.00000  94.9%  32.1 4485s
 27407785  3772 infeasible   67       198.00000   10.00000  94.9%  32.1 4490s
 27435394  3740   10.00000   68   42  198.00000   10.00000  94.9%  32.2 4495s
 27461651  3861 infeasible   71       198.00000   10.00000  94.9%  32.2 4500s
 27485084  3636   10.00000   71   38  198.00000   10.00000  94.9%  32.2 4505s
 27512051  3813   10.00000   61   32  198.00000   10.00000  94.9%  32.2 4510s
 27537975  3860   10.00000   70   30  198.00000   10.00000  94.9%  32.2 4515s
 27565840  3876   10.00000   68   24  198.00000   10.00000  94.9%  32.2 4520s
 27592117  3588   10.00000   71   31  198.00000   10.00000  94.9%  32.2 4525s
 27619164  3681 infeasible   86       198.00000   10.00000  94.9%  32.2 4530s
H27623363  3715                     197.9999987   10.00000  94.9%  32.2 4530s
 27645207  3721 infeasible   71       198.00000   10.00000  94.9%  32.2 4535s
 27672084  3654   10.00000   69   39  198.00000   10.00000  94.9%  32.2 4540s
 27700763  3495   10.00000   66   38  198.00000   10.00000  94.9%  32.2 4545s
 27729769  3506 infeasible   83       198.00000   10.00000  94.9%  32.2 4550s
 27755373  3465 infeasible   70       198.00000   10.00000  94.9%  32.2 4555s
 27782768  4039   10.00000   69   43  198.00000   10.00000  94.9%  32.2 4560s
 27810866  4510   10.00000   68   30  198.00000   10.00000  94.9%  32.2 4565s
 27837796  4407 infeasible   68       198.00000   10.00000  94.9%  32.2 4570s
 27866847  4145   10.00000   65   43  198.00000   10.00000  94.9%  32.3 4575s
 27891745  4067   10.00000   65   42  198.00000   10.00000  94.9%  32.3 4580s
 27919470  3948   10.00000   69   41  198.00000   10.00000  94.9%  32.3 4585s
 27947538  3756   10.00000   79   29  198.00000   10.00000  94.9%  32.3 4590s
 27975014  3602 infeasible   73       198.00000   10.00000  94.9%  32.3 4595s
 28002370  3641 infeasible   71       198.00000   10.00000  94.9%  32.3 4600s
 28028614  3480   10.00000   67   52  198.00000   10.00000  94.9%  32.3 4605s
 28055395  3450   10.00000   77   33  198.00000   10.00000  94.9%  32.3 4610s
 28084021  4032   10.00000   73   27  198.00000   10.00000  94.9%  32.3 4615s
 28109778  3931 infeasible   74       198.00000   10.00000  94.9%  32.3 4620s
 28139791  3652 infeasible   68       198.00000   10.00000  94.9%  32.3 4625s
 28168788  3585   10.00000   76   17  198.00000   10.00000  94.9%  32.3 4630s
 28197328  3608   10.00000   69   19  198.00000   10.00000  94.9%  32.3 4635s
 28225916  3491   10.00000   63   16  198.00000   10.00000  94.9%  32.3 4640s
 28259631  4214     cutoff   73       198.00000   10.00000  94.9%  32.3 4645s
 28297305  4209     cutoff   66       198.00000   10.00000  94.9%  32.3 4650s
 28337441  4189 infeasible   74       198.00000   10.00000  94.9%  32.3 4655s
 28375644  4124   10.00000   66   39  198.00000   10.00000  94.9%  32.3 4660s
 28412262  3997     cutoff   71       198.00000   10.00000  94.9%  32.3 4665s
 28449120  4228 infeasible   72       198.00000   10.00000  94.9%  32.3 4670s
 28483537  4815 infeasible   64       198.00000   10.00000  94.9%  32.3 4675s
 28530077  4895   10.00000   78   22  198.00000   10.00000  94.9%  32.2 4680s
 28575155  4695 infeasible   65       198.00000   10.00000  94.9%  32.2 4685s
 28611479  4574   10.00000   72   28  198.00000   10.00000  94.9%  32.2 4690s
 28649484  4325   10.00000   61   44  198.00000   10.00000  94.9%  32.2 4695s
 28686535  4275 infeasible   65       198.00000   10.00000  94.9%  32.2 4700s
 28723854  3899 infeasible   66       198.00000   10.00000  94.9%  32.2 4705s
 28761466  3858   10.00000   69   29  198.00000   10.00000  94.9%  32.2 4710s
 28801209  3744 infeasible   64       198.00000   10.00000  94.9%  32.1 4715s
 28835001  3673 infeasible   62       198.00000   10.00000  94.9%  32.1 4720s
 28872327  3655 infeasible   67       198.00000   10.00000  94.9%  32.1 4725s
 28914424  4042   10.00000   79   23  198.00000   10.00000  94.9%  32.1 4730s
 28954676  4074   10.00000   67   42  198.00000   10.00000  94.9%  32.1 4735s
 28996931  3964   10.00000   74   36  198.00000   10.00000  94.9%  32.1 4740s
 29038139  3990   10.00000   65   44  198.00000   10.00000  94.9%  32.1 4745s
 29086809  3729   10.00000   71   36  198.00000   10.00000  94.9%  32.0 4750s
 29123303  3742 infeasible   66       198.00000   10.00000  94.9%  32.0 4755s
 29165503  3542   10.00000   55   45  198.00000   10.00000  94.9%  32.0 4760s
 29203645  4091 infeasible   68       198.00000   10.00000  94.9%  32.0 4765s
 29240260  4251   10.00000   69   30  198.00000   10.00000  94.9%  32.0 4770s
 29281752  3972   10.00000   65   38  198.00000   10.00000  94.9%  32.0 4775s
 29319442  3878   10.00000   75   31  198.00000   10.00000  94.9%  32.0 4780s
 29353183  3764   10.00000   74   27  198.00000   10.00000  94.9%  31.9 4785s
 29392243  3890     cutoff   82       198.00000   10.00000  94.9%  31.9 4790s
 29431412  3836 infeasible   72       198.00000   10.00000  94.9%  31.9 4795s
 29478393  3602     cutoff   82       198.00000   10.00000  94.9%  31.9 4800s
 29509714  3711   10.00000   66   44  198.00000   10.00000  94.9%  31.9 4805s
 29545268  3689   10.00000   71   36  198.00000   10.00000  94.9%  31.9 4810s
 29591684  3562   10.00000   70   26  198.00000   10.00000  94.9%  31.9 4815s
 29633163  3477   10.00000   61   23  198.00000   10.00000  94.9%  31.9 4820s
 29662016  3361   10.00000   51   39  198.00000   10.00000  94.9%  31.9 4825s
 29691594  3352 infeasible   74       198.00000   10.00000  94.9%  31.9 4830s
 29722229  3441 infeasible   74       198.00000   10.00000  94.9%  31.9 4835s
 29748223  3287   10.00000   67   30  198.00000   10.00000  94.9%  31.9 4840s
 29777704  3510 infeasible   73       198.00000   10.00000  94.9%  31.9 4845s
 29805802  3430 infeasible   73       198.00000   10.00000  94.9%  31.9 4850s
 29836002  3216 infeasible   60       198.00000   10.00000  94.9%  31.9 4855s
 29864332  3159 infeasible   76       198.00000   10.00000  94.9%  31.9 4860s
 29894233  3147   10.00000   73   29  198.00000   10.00000  94.9%  31.9 4865s
 29919994  3233 infeasible   74       198.00000   10.00000  94.9%  31.9 4870s
 29946896  3966 infeasible   66       198.00000   10.00000  94.9%  31.9 4875s
 29973859  4153   10.00000   70   27  198.00000   10.00000  94.9%  31.9 4880s
 30000396  3885   10.00000   58   51  198.00000   10.00000  94.9%  31.9 4885s
 30027664  4279 infeasible   66       198.00000   10.00000  94.9%  31.9 4890s
 30055255  4306 infeasible   69       198.00000   10.00000  94.9%  31.9 4895s
 30082647  4198 infeasible   69       198.00000   10.00000  94.9%  31.9 4900s
 30108429  4050   10.00000   61   35  198.00000   10.00000  94.9%  31.9 4905s
 30136176  4090   10.00000   63   43  198.00000   10.00000  94.9%  31.9 4910s
 30158072  3810 infeasible   68       198.00000   10.00000  94.9%  31.9 4916s
 30186215  3815   10.00000   65   34  198.00000   10.00000  94.9%  31.9 4920s
 30212925  3758 infeasible   68       198.00000   10.00000  94.9%  31.9 4925s
 30238923  3738   10.00000   64   38  198.00000   10.00000  94.9%  31.9 4930s
 30266202  3745   10.00000   59   48  198.00000   10.00000  94.9%  32.0 4935s
 30294893  3909 infeasible   67       198.00000   10.00000  94.9%  32.0 4940s
 30323233  3822   10.00000   71   23  198.00000   10.00000  94.9%  32.0 4945s
 30350354  3765 infeasible   61       198.00000   10.00000  94.9%  32.0 4950s
 30379896  3727   10.00000   62   29  198.00000   10.00000  94.9%  32.0 4955s
 30409451  3866   10.00000   70   41  198.00000   10.00000  94.9%  32.0 4960s
 30437443  4284   10.00000   69   46  198.00000   10.00000  94.9%  32.0 4965s
 30466859  4311 infeasible   76       198.00000   10.00000  94.9%  32.0 4970s
 30496040  4298 infeasible   77       198.00000   10.00000  94.9%  32.0 4975s
 30525586  4011   10.00000   71   37  198.00000   10.00000  94.9%  32.0 4980s
 30547933  3799   10.00000   75   30  198.00000   10.00000  94.9%  32.0 4985s
 30577526  3597   10.00000   69   29  198.00000   10.00000  94.9%  32.0 4990s
 30605863  3562 infeasible   69       198.00000   10.00000  94.9%  32.0 4995s
 30634702  3632   10.00000   66   43  198.00000   10.00000  94.9%  32.0 5000s
 30664202  3449   10.00000   75   23  198.00000   10.00000  94.9%  32.0 5005s
 30694832  3496 infeasible   63       198.00000   10.00000  94.9%  32.0 5010s
 30724734  3443 infeasible   63       198.00000   10.00000  94.9%  32.0 5015s
 30754268  3757   10.00000   69   37  198.00000   10.00000  94.9%  32.0 5020s
 30780946  3844   10.00000   72   17  198.00000   10.00000  94.9%  32.0 5025s
 30809157  3557 infeasible   75       198.00000   10.00000  94.9%  32.0 5030s
 30837450  3455   10.00000   66   31  198.00000   10.00000  94.9%  32.0 5035s
 30864439  3606   10.00000   69   37  198.00000   10.00000  94.9%  32.0 5040s
 30892403  3597 infeasible   70       198.00000   10.00000  94.9%  32.0 5045s
 30917684  3430   10.00000   65   39  198.00000   10.00000  94.9%  32.0 5050s
 30946316  3819 infeasible   63       198.00000   10.00000  94.9%  32.0 5055s
 30973539  3890   10.00000   70   27  198.00000   10.00000  94.9%  32.0 5060s
 31001567  3726   10.00000   62   39  198.00000   10.00000  94.9%  32.0 5065s
 31029372  3644   10.00000   60   44  198.00000   10.00000  94.9%  32.0 5070s
 31056888  3485   10.00000   64   21  198.00000   10.00000  94.9%  32.0 5075s
 31084783  3372   10.00000   66   33  198.00000   10.00000  94.9%  32.0 5080s
 31108969  3471   10.00000   66   35  198.00000   10.00000  94.9%  32.0 5085s
 31137108  3481   10.00000   63   30  198.00000   10.00000  94.9%  32.0 5090s
 31166079  3425   10.00000   57   39  198.00000   10.00000  94.9%  32.1 5095s
 31195925  3252 infeasible   70       198.00000   10.00000  94.9%  32.1 5100s
 31224485  3496   10.00000   65   30  198.00000   10.00000  94.9%  32.1 5105s
 31254465  3432   10.00000   70   42  198.00000   10.00000  94.9%  32.1 5110s
 31285072  3326 infeasible   59       198.00000   10.00000  94.9%  32.1 5115s
 31313091  3133   10.00000   61   35  198.00000   10.00000  94.9%  32.1 5120s
 31341840  3374 infeasible   71       198.00000   10.00000  94.9%  32.1 5125s
 31371461  3308 infeasible   72       198.00000   10.00000  94.9%  32.1 5130s
 31399661  3146   10.00000   64   19  198.00000   10.00000  94.9%  32.1 5135s
 31429229  3660 infeasible   74       198.00000   10.00000  94.9%  32.1 5140s
 31457936  4097 infeasible   61       198.00000   10.00000  94.9%  32.1 5145s
 31491117  3876 infeasible   69       198.00000   10.00000  94.9%  32.1 5150s
 31524105  3898   10.00000   57   28  198.00000   10.00000  94.9%  32.1 5155s
 31553890  3758   10.00000   69   35  198.00000   10.00000  94.9%  32.1 5160s
 31584221  3463 infeasible   71       198.00000   10.00000  94.9%  32.1 5165s
 31614812  3366 infeasible   65       198.00000   10.00000  94.9%  32.1 5170s
 31641501  3298   10.00000   63   26  198.00000   10.00000  94.9%  32.1 5175s
 31672224  3184 infeasible   67       198.00000   10.00000  94.9%  32.1 5180s
 31702486  3594   10.00000   67   30  198.00000   10.00000  94.9%  32.1 5185s
 31732281  4309   10.00000   55   30  198.00000   10.00000  94.9%  32.1 5190s
 31762335  4340   10.00000   68   29  198.00000   10.00000  94.9%  32.1 5195s
 31792785  4109 infeasible   72       198.00000   10.00000  94.9%  32.1 5200s
 31822666  4060   10.00000   63   34  198.00000   10.00000  94.9%  32.1 5205s
 31848101  3911 infeasible   68       198.00000   10.00000  94.9%  32.1 5210s
 31876495  4082 infeasible   73       198.00000   10.00000  94.9%  32.1 5215s
 31904670  3913   10.00000   64   29  198.00000   10.00000  94.9%  32.2 5220s
 31936243  3959   10.00000   69   24  198.00000   10.00000  94.9%  32.2 5225s
 31967889  3806   10.00000   65   24  198.00000   10.00000  94.9%  32.2 5230s
 31998331  3847   10.00000   65   40  198.00000   10.00000  94.9%  32.2 5235s
 32021788  3750 infeasible   64       198.00000   10.00000  94.9%  32.2 5240s
 32052001  4277 infeasible   74       198.00000   10.00000  94.9%  32.2 5245s
 32082027  4152   10.00000   72   21  198.00000   10.00000  94.9%  32.2 5250s
 32111348  4017   10.00000   78   30  198.00000   10.00000  94.9%  32.2 5255s
 32142056  3798 infeasible   77       198.00000   10.00000  94.9%  32.2 5260s
 32173724  3834 infeasible   68       198.00000   10.00000  94.9%  32.2 5265s
 32205155  3679   10.00000   61   28  198.00000   10.00000  94.9%  32.2 5270s
 32235101  3644   10.00000   64   38  198.00000   10.00000  94.9%  32.2 5275s
 32263418  3961 infeasible   65       198.00000   10.00000  94.9%  32.2 5280s
 32296379  3884   10.00000   71   25  198.00000   10.00000  94.9%  32.2 5285s
 32328381  3720   10.00000   73   27  198.00000   10.00000  94.9%  32.2 5290s
 32360461  3564 infeasible   72       198.00000   10.00000  94.9%  32.2 5295s
 32390694  3776 infeasible   70       198.00000   10.00000  94.9%  32.2 5300s
 32419415  3653   10.00000   66   41  198.00000   10.00000  94.9%  32.2 5305s
 32448660  3517 infeasible   63       198.00000   10.00000  94.9%  32.2 5310s
 32478733  3518 infeasible   63       198.00000   10.00000  94.9%  32.2 5315s
 32505222  3695 infeasible   72       198.00000   10.00000  94.9%  32.2 5320s
 32537014  3902   10.00000   70   25  198.00000   10.00000  94.9%  32.2 5325s
 32568101  3709 infeasible   69       198.00000   10.00000  94.9%  32.2 5330s
 32598318  3723   10.00000   65   36  198.00000   10.00000  94.9%  32.2 5335s
 32631882  3629   10.00000   67   36  198.00000   10.00000  94.9%  32.2 5340s
 32663125  3434 infeasible   70       198.00000   10.00000  94.9%  32.2 5345s
 32690080  3539 infeasible   67       198.00000   10.00000  94.9%  32.2 5350s
 32718809  3291 infeasible   71       198.00000   10.00000  94.9%  32.2 5355s
 32749184  3751   10.00000   65   25  198.00000   10.00000  94.9%  32.2 5360s
 32779648  3775   10.00000   63   32  198.00000   10.00000  94.9%  32.2 5365s
 32810551  3566   10.00000   58   27  198.00000   10.00000  94.9%  32.2 5370s
 32839677  3533 infeasible   64       198.00000   10.00000  94.9%  32.2 5375s
 32870012  3517   10.00000   64   33  198.00000   10.00000  94.9%  32.2 5380s
 32899117  3331   10.00000   65   22  198.00000   10.00000  94.9%  32.2 5385s
 32925310  3327 infeasible   66       198.00000   10.00000  94.9%  32.2 5390s
 32954737  3270 infeasible   60       198.00000   10.00000  94.9%  32.2 5395s
 32984409  3510 infeasible   70       198.00000   10.00000  94.9%  32.2 5400s
 33011314  3567 infeasible   78       198.00000   10.00000  94.9%  32.3 5405s
 33040814  3433   10.00000   70   35  198.00000   10.00000  94.9%  32.3 5410s
 33070302  3400   10.00000   80   24  198.00000   10.00000  94.9%  32.3 5415s
 33099789  3382 infeasible   67       198.00000   10.00000  94.9%  32.3 5420s
 33126204  3324   10.00000   65   35  198.00000   10.00000  94.9%  32.3 5425s
 33155469  3072   10.00000   45   42  198.00000   10.00000  94.9%  32.3 5430s
 33183892  3611 infeasible   62       198.00000   10.00000  94.9%  32.3 5435s
 33215388  3583   10.00000   63   38  198.00000   10.00000  94.9%  32.3 5440s
 33242168  3307   10.00000   53   23  198.00000   10.00000  94.9%  32.3 5445s
 33272112  3313 infeasible   64       198.00000   10.00000  94.9%  32.3 5450s
 33301859  3829 infeasible   74       198.00000   10.00000  94.9%  32.3 5455s
 33330984  3632   10.00000   68   26  198.00000   10.00000  94.9%  32.3 5460s
 33360776  3641 infeasible   66       198.00000   10.00000  94.9%  32.3 5465s
 33390839  3502 infeasible   66       198.00000   10.00000  94.9%  32.3 5470s
 33418914  3382 infeasible   64       198.00000   10.00000  94.9%  32.3 5475s
 33445980  3291 infeasible   60       198.00000   10.00000  94.9%  32.3 5480s
 33469694  3812   10.00000   65   36  198.00000   10.00000  94.9%  32.3 5485s
 33497676  4078   10.00000   64   20  198.00000   10.00000  94.9%  32.3 5490s
 33526986  3962 infeasible   64       198.00000   10.00000  94.9%  32.3 5495s
 33556294  3656 infeasible   72       198.00000   10.00000  94.9%  32.3 5500s
 33585094  3553 infeasible   73       198.00000   10.00000  94.9%  32.3 5505s
 33614114  3466   10.00000   71   19  198.00000   10.00000  94.9%  32.3 5510s
 33642379  3603   10.00000   66   44  198.00000   10.00000  94.9%  32.3 5515s
 33669654  3446   10.00000   59   25  198.00000   10.00000  94.9%  32.3 5520s
 33696909  3744   10.00000   66   31  198.00000   10.00000  94.9%  32.3 5525s
 33725436  3546 infeasible   68       198.00000   10.00000  94.9%  32.4 5530s
 33754726  3364   10.00000   71   23  198.00000   10.00000  94.9%  32.4 5535s
 33779735  3391   10.00000   62   46  198.00000   10.00000  94.9%  32.4 5540s
 33808617  3154 infeasible   62       198.00000   10.00000  94.9%  32.4 5545s
 33838101  3250 infeasible   82       198.00000   10.00000  94.9%  32.4 5550s
 33866263  4175   10.00000   59   21  198.00000   10.00000  94.9%  32.4 5555s
 33894887  4533   10.00000   72   39  198.00000   10.00000  94.9%  32.4 5560s
 33923348  4447   10.00000   71   28  198.00000   10.00000  94.9%  32.4 5565s
 33951226  4382   10.00000   72   21  198.00000   10.00000  94.9%  32.4 5570s
 33975344  4273 infeasible   77       198.00000   10.00000  94.9%  32.4 5575s
 34004097  4310 infeasible   75       198.00000   10.00000  94.9%  32.4 5580s
 34031392  4129   10.00000   72   35  198.00000   10.00000  94.9%  32.4 5585s
 34058043  4164   10.00000   63   31  198.00000   10.00000  94.9%  32.4 5590s
 34087045  4074   10.00000   68   27  198.00000   10.00000  94.9%  32.4 5595s
 34113905  4000 infeasible   79       198.00000   10.00000  94.9%  32.4 5600s
 34141753  4055   10.00000   70   34  198.00000   10.00000  94.9%  32.4 5605s
 34166846  3832   10.00000   70   29  198.00000   10.00000  94.9%  32.5 5610s
 34194960  3910   10.00000   63   20  198.00000   10.00000  94.9%  32.5 5615s
 34222027  3771   10.00000   63   42  198.00000   10.00000  94.9%  32.5 5620s
 34249914  3568 infeasible   66       198.00000   10.00000  94.9%  32.5 5625s
 34277738  3362   10.00000   69   26  198.00000   10.00000  94.9%  32.5 5630s
 34303246  3359 infeasible   61       198.00000   10.00000  94.9%  32.5 5635s
 34331411  3504 infeasible   71       198.00000   10.00000  94.9%  32.5 5640s
 34360407  3430 infeasible   76       198.00000   10.00000  94.9%  32.5 5645s
 34388384  3291   10.00000   66   28  198.00000   10.00000  94.9%  32.5 5650s
 34417354  3263   10.00000   60   28  198.00000   10.00000  94.9%  32.5 5655s
 34444102  3158   10.00000   61   26  198.00000   10.00000  94.9%  32.5 5660s
 34473395  3123   10.00000   66   26  198.00000   10.00000  94.9%  32.5 5665s
 34503013  3187   10.00000   70   16  198.00000   10.00000  94.9%  32.5 5670s
 34528176  3069   10.00000   60   27  198.00000   10.00000  94.9%  32.5 5675s
 34556714  3307   10.00000   55   26  198.00000   10.00000  94.9%  32.5 5680s
 34584514  3167   10.00000   68   23  198.00000   10.00000  94.9%  32.5 5685s
 34612079  3052 infeasible   64       198.00000   10.00000  94.9%  32.5 5690s
 34642517  2994   10.00000   65   16  198.00000   10.00000  94.9%  32.5 5695s
 34671703  3407   10.00000   65   38  198.00000   10.00000  94.9%  32.6 5700s
 34700359  3382   10.00000   57   25  198.00000   10.00000  94.9%  32.6 5705s
 34726158  3255 infeasible   74       198.00000   10.00000  94.9%  32.6 5710s
 34754726  3011   10.00000   56   35  198.00000   10.00000  94.9%  32.6 5715s
 34783516  3103 infeasible   65       198.00000   10.00000  94.9%  32.6 5720s
 34812739  3217 infeasible   78       198.00000   10.00000  94.9%  32.6 5725s
 34842321  2939   10.00000   69   26  198.00000   10.00000  94.9%  32.6 5730s
 34870859  3168 infeasible   75       198.00000   10.00000  94.9%  32.6 5735s
 34896606  3156 infeasible   63       198.00000   10.00000  94.9%  32.6 5740s
 34926694  2912   10.00000   73   26  198.00000   10.00000  94.9%  32.6 5745s
 34955348  3274   10.00000   56   31  198.00000   10.00000  94.9%  32.6 5750s
 34985264  3499 infeasible   71       198.00000   10.00000  94.9%  32.6 5755s
 35015456  3285 infeasible   61       198.00000   10.00000  94.9%  32.6 5760s
 35044812  3046   10.00000   58   35  198.00000   10.00000  94.9%  32.6 5765s
 35072586  3107   10.00000   58   21  198.00000   10.00000  94.9%  32.6 5770s
 35097889  3109   10.00000   75   24  198.00000   10.00000  94.9%  32.6 5775s
 35127923  3022   10.00000   68   14  198.00000   10.00000  94.9%  32.6 5780s
 35157742  3055   10.00000   60   29  198.00000   10.00000  94.9%  32.6 5785s
 35186130  3201 infeasible   68       198.00000   10.00000  94.9%  32.6 5790s
 35215479  3172 infeasible   79       198.00000   10.00000  94.9%  32.6 5795s
 35244736  3044 infeasible   62       198.00000   10.00000  94.9%  32.6 5800s
 35272973  2886 infeasible   70       198.00000   10.00000  94.9%  32.6 5805s
 35299413  2909 infeasible   61       198.00000   10.00000  94.9%  32.7 5810s
 35326581  2956 infeasible   70       198.00000   10.00000  94.9%  32.7 5815s
 35353972  2902   10.00000   60   28  198.00000   10.00000  94.9%  32.7 5820s
 35379076  2808   10.00000   67   25  198.00000   10.00000  94.9%  32.7 5825s
 35406960  2922   10.00000   66   28  198.00000   10.00000  94.9%  32.7 5830s
 35434568  3837 infeasible   60       198.00000   10.00000  94.9%  32.7 5835s
 35462906  3818 infeasible   60       198.00000   10.00000  94.9%  32.7 5840s
 35492731  3759 infeasible   75       198.00000   10.00000  94.9%  32.7 5845s
 35522004  3840   10.00000   67   29  198.00000   10.00000  94.9%  32.7 5850s
 35548892  4146   10.00000   73   20  198.00000   10.00000  94.9%  32.7 5855s
 35573740  3886 infeasible   87       198.00000   10.00000  94.9%  32.7 5860s
 35601086  4090   10.00000   62   40  198.00000   10.00000  94.9%  32.7 5865s
 35628388  4630 infeasible   68       198.00000   10.00000  94.9%  32.7 5870s
 35656351  4740   10.00000   71   15  198.00000   10.00000  94.9%  32.7 5875s
 35683100  4557 infeasible   80       198.00000   10.00000  94.9%  32.7 5880s
 35711802  4676   10.00000   70   23  198.00000   10.00000  94.9%  32.7 5885s
 35739039  4266   10.00000   78   20  198.00000   10.00000  94.9%  32.7 5890s
 35766436  4073 infeasible   71       198.00000   10.00000  94.9%  32.7 5895s
 35792360  3802 infeasible   73       198.00000   10.00000  94.9%  32.7 5900s
 35818180  3832   10.00000   75   31  198.00000   10.00000  94.9%  32.7 5905s
 35843132  3798 infeasible   67       198.00000   10.00000  94.9%  32.8 5910s
 35872237  3738   10.00000   75   31  198.00000   10.00000  94.9%  32.8 5915s
 35900634  3581   10.00000   79   14  198.00000   10.00000  94.9%  32.8 5920s
 35929379  3442   10.00000   70   26  198.00000   10.00000  94.9%  32.8 5925s
 35961423  3374   10.00000   82   15  198.00000   10.00000  94.9%  32.8 5930s
 35988179  3274 infeasible   78       198.00000   10.00000  94.9%  32.8 5935s
 36019155  3527   10.00000   69   22  198.00000   10.00000  94.9%  32.8 5940s
 36050901  3306 infeasible   79       198.00000   10.00000  94.9%  32.8 5945s
 36083330  3283   10.00000   80   29  198.00000   10.00000  94.9%  32.8 5950s
 36115596  3181   10.00000   62   43  198.00000   10.00000  94.9%  32.8 5955s
 36145312  3988 infeasible   63       198.00000   10.00000  94.9%  32.8 5960s
 36174099  3973   10.00000   76    7  198.00000   10.00000  94.9%  32.8 5965s
 36201472  3886   10.00000   71   22  198.00000   10.00000  94.9%  32.8 5970s
 36230171  3988   10.00000   69   35  198.00000   10.00000  94.9%  32.8 5975s
 36259127  3789 infeasible   74       198.00000   10.00000  94.9%  32.8 5980s
 36285030  3731   10.00000   73   21  198.00000   10.00000  94.9%  32.8 5985s
 36313690  3878   10.00000   75   31  198.00000   10.00000  94.9%  32.8 5990s
 36344080  3679   10.00000   77   24  198.00000   10.00000  94.9%  32.8 5995s
 36373342  3647 infeasible   81       198.00000   10.00000  94.9%  32.8 6000s
 36401276  3584   10.00000   64   24  198.00000   10.00000  94.9%  32.8 6005s
 36430189  3969 infeasible   79       198.00000   10.00000  94.9%  32.8 6010s
 36459954  4077   10.00000   66   36  198.00000   10.00000  94.9%  32.8 6015s
 36489640  3971   10.00000   69   31  198.00000   10.00000  94.9%  32.8 6020s
 36520591  3953 infeasible   70       198.00000   10.00000  94.9%  32.8 6025s
 36550420  4009   10.00000   69   26  198.00000   10.00000  94.9%  32.8 6030s
 36580581  3779   10.00000   70   36  198.00000   10.00000  94.9%  32.8 6035s
 36608239  3940   10.00000   77   13  198.00000   10.00000  94.9%  32.8 6040s
 36637885  3904 infeasible   69       198.00000   10.00000  94.9%  32.8 6045s
 36670242  3682   10.00000   75   34  198.00000   10.00000  94.9%  32.8 6050s
 36700216  3681   10.00000   69   40  198.00000   10.00000  94.9%  32.8 6055s
 36718697  4080   10.00000   65   31  198.00000   10.00000  94.9%  32.8 6060s
 36752243  4027   10.00000   67   30  198.00000   10.00000  94.9%  32.8 6065s
 36780081  3922   10.00000   79   20  198.00000   10.00000  94.9%  32.8 6070s
 36808980  3804 infeasible   81       198.00000   10.00000  94.9%  32.8 6075s
 36838249  3906   10.00000   73   26  198.00000   10.00000  94.9%  32.8 6080s
 36866975  3719 infeasible   74       198.00000   10.00000  94.9%  32.8 6085s
 36892931  3830   10.00000   73   29  198.00000   10.00000  94.9%  32.8 6090s
 36922428  3541 infeasible   83       198.00000   10.00000  94.9%  32.8 6095s
 36951763  3403   10.00000   69   22  198.00000   10.00000  94.9%  32.8 6100s
 36980815  3473   10.00000   73   30  198.00000   10.00000  94.9%  32.8 6105s
 37010252  3278 infeasible   63       198.00000   10.00000  94.9%  32.8 6110s
 37040807  3191 infeasible   67       198.00000   10.00000  94.9%  32.8 6115s
 37069976  3635 infeasible   65       198.00000   10.00000  94.9%  32.8 6120s
 37100899  3410 infeasible   65       198.00000   10.00000  94.9%  32.8 6125s
 37128344  3271 infeasible   63       198.00000   10.00000  94.9%  32.8 6130s
 37158719  3209 infeasible   61       198.00000   10.00000  94.9%  32.8 6135s
 37187575  3326   10.00000   72   29  198.00000   10.00000  94.9%  32.8 6140s
 37214070  3080   10.00000   72   24  198.00000   10.00000  94.9%  32.8 6145s
 37242295  3004   10.00000   67   32  198.00000   10.00000  94.9%  32.8 6150s
 37269881  2943 infeasible   70       198.00000   10.00000  94.9%  32.8 6155s
 37299183  3128 infeasible   71       198.00000   10.00000  94.9%  32.8 6160s
 37327840  3561 infeasible   74       198.00000   10.00000  94.9%  32.8 6165s
 37359995  3421 infeasible   72       198.00000   10.00000  94.9%  32.8 6170s
 37388202  3250 infeasible   74       198.00000   10.00000  94.9%  32.8 6175s
 37418514  3081 infeasible   74       198.00000   10.00000  94.9%  32.8 6180s
 37446162  3250   10.00000   63   37  198.00000   10.00000  94.9%  32.8 6185s
 37477269  3010   10.00000   79   26  198.00000   10.00000  94.9%  32.8 6190s
 37506547  3052 infeasible   69       198.00000   10.00000  94.9%  32.8 6195s
 37536325  3041 infeasible   71       198.00000   10.00000  94.9%  32.8 6200s
 37566089  2919   10.00000   71   30  198.00000   10.00000  94.9%  32.8 6205s
 37594964  2845   10.00000   67   29  198.00000   10.00000  94.9%  32.9 6210s
 37623090  4225 infeasible   59       198.00000   10.00000  94.9%  32.9 6215s
 37662050  5442 infeasible   76       198.00000   10.00000  94.9%  32.8 6220s
 37693512  5425     cutoff   86       198.00000   10.00000  94.9%  32.8 6225s
 37725580  5630 infeasible   70       198.00000   10.00000  94.9%  32.8 6230s
 37756391  5491   10.00000   82   18  198.00000   10.00000  94.9%  32.9 6235s
 37797714  5479     cutoff   83       198.00000   10.00000  94.9%  32.8 6240s
 37833590  5175   10.00000   78   30  198.00000   10.00000  94.9%  32.8 6245s
 37864245  5484   10.00000   70   25  198.00000   10.00000  94.9%  32.8 6250s
 37892638  5411   10.00000   65   26  198.00000   10.00000  94.9%  32.8 6255s
 37920361  5319 infeasible   66       198.00000   10.00000  94.9%  32.8 6260s
 37948468  5742   10.00000   76   15  198.00000   10.00000  94.9%  32.8 6265s
 37976328  5582   10.00000   73   27  198.00000   10.00000  94.9%  32.9 6270s
 38004875  5277 infeasible   67       198.00000   10.00000  94.9%  32.9 6275s
 38031611  5181 infeasible   63       198.00000   10.00000  94.9%  32.9 6280s
 38059501  5074   10.00000   73   23  198.00000   10.00000  94.9%  32.9 6285s
 38095497  5523   10.00000   77   28  198.00000   10.00000  94.9%  32.9 6290s
 38135318  6357 infeasible   69       198.00000   10.00000  94.9%  32.8 6295s
 38168273  6683 infeasible   72       198.00000   10.00000  94.9%  32.8 6300s
 38205523  7513     cutoff   86       198.00000   10.00000  94.9%  32.8 6305s
 38255543  7960   10.00000   82   15  198.00000   10.00000  94.9%  32.8 6310s
 38304192  7696 infeasible   67       198.00000   10.00000  94.9%  32.8 6315s
 38336514  7505   10.00000   66   15  198.00000   10.00000  94.9%  32.8 6320s
 38375989  7562   10.00000   69   23  198.00000   10.00000  94.9%  32.8 6325s
 38421344  7301   10.00000   67   31  198.00000   10.00000  94.9%  32.8 6330s
 38460609  7608     cutoff   77       198.00000   10.00000  94.9%  32.8 6335s
 38504976  8342     cutoff   80       198.00000   10.00000  94.9%  32.8 6340s
 38557450  8207   10.00000   91   23  198.00000   10.00000  94.9%  32.7 6345s
 38611575  8123   10.00000   64   26  198.00000   10.00000  94.9%  32.7 6350s
 38667383  7803   10.00000   76   16  198.00000   10.00000  94.9%  32.7 6355s
 38717240  7476   10.00000   64   27  198.00000   10.00000  94.9%  32.6 6360s
 38755771  7387   10.00000   75   33  198.00000   10.00000  94.9%  32.6 6365s
 38793829  7118   10.00000   62   36  198.00000   10.00000  94.9%  32.6 6370s
 38833831  7620   10.00000   67   20  198.00000   10.00000  94.9%  32.6 6375s
 38878936  7349   10.00000   62   40  198.00000   10.00000  94.9%  32.6 6380s
 38925537  7047     cutoff   74       198.00000   10.00000  94.9%  32.6 6385s
 38975334  7528   10.00000   63   24  198.00000   10.00000  94.9%  32.6 6390s
 39023318  7181 infeasible   59       198.00000   10.00000  94.9%  32.5 6395s
 39064712  7504   10.00000   63   34  198.00000   10.00000  94.9%  32.5 6400s
 39109161  7078 infeasible   69       198.00000   10.00000  94.9%  32.5 6405s
 39145673  7599   10.00000   75   22  198.00000   10.00000  94.9%  32.5 6410s
 39191933  7932   10.00000   66   16  198.00000   10.00000  94.9%  32.5 6415s
 39237863  7575   10.00000   71   16  198.00000   10.00000  94.9%  32.5 6420s
 39290594  7676   10.00000   66   25  198.00000   10.00000  94.9%  32.5 6425s
 39344675  7118   10.00000   77   24  198.00000   10.00000  94.9%  32.4 6430s
 39384798  7242 infeasible   68       198.00000   10.00000  94.9%  32.4 6435s
 39430565  7623   10.00000   73   19  198.00000   10.00000  94.9%  32.4 6440s
 39482523  7238   10.00000   76   18  198.00000   10.00000  94.9%  32.4 6445s
 39530194  7016     cutoff   89       198.00000   10.00000  94.9%  32.4 6450s
 39569954  7130 infeasible   77       198.00000   10.00000  94.9%  32.4 6455s
 39607310  6828   10.00000   64   34  198.00000   10.00000  94.9%  32.4 6460s
 39644350  6798   10.00000   62   18  198.00000   10.00000  94.9%  32.4 6465s
 39676981  6575   10.00000   72   22  198.00000   10.00000  94.9%  32.4 6470s
 39706896  7044   10.00000   68   31  198.00000   10.00000  94.9%  32.4 6475s
 39741545  7011   10.00000   64   40  198.00000   10.00000  94.9%  32.4 6480s
 39783225  7043   10.00000   58   40  198.00000   10.00000  94.9%  32.3 6485s
 39830374  6769   10.00000   61   35  198.00000   10.00000  94.9%  32.3 6490s
 39870341  6699   10.00000   66   31  198.00000   10.00000  94.9%  32.3 6495s
 39900600  6592   10.00000   74   28  198.00000   10.00000  94.9%  32.3 6500s
 39931161  6666 infeasible   77       198.00000   10.00000  94.9%  32.3 6505s
 39962420  6428 infeasible   68       198.00000   10.00000  94.9%  32.3 6510s
 39997116  6433 infeasible   71       198.00000   10.00000  94.9%  32.3 6515s
 40035731  6342   10.00000   72   28  198.00000   10.00000  94.9%  32.3 6520s
 40079271  6670   10.00000   79   25  198.00000   10.00000  94.9%  32.3 6525s
 40115622  6403 infeasible   68       198.00000   10.00000  94.9%  32.3 6530s
 40149396  6233     cutoff   86       198.00000   10.00000  94.9%  32.3 6535s
 40183240  6083   10.00000   75   22  198.00000   10.00000  94.9%  32.3 6540s
 40216930  6134   10.00000   71   26  198.00000   10.00000  94.9%  32.3 6545s
 40256386  6351   10.00000   83   19  198.00000   10.00000  94.9%  32.3 6550s
 40305775  6616   10.00000   82   15  198.00000   10.00000  94.9%  32.3 6555s
 40358032  6268     cutoff   89       198.00000   10.00000  94.9%  32.2 6560s
 40418295  6314     cutoff   79       198.00000   10.00000  94.9%  32.2 6565s
 40471036  6205   10.00000   78   12  198.00000   10.00000  94.9%  32.2 6570s
 40519830  6283   10.00000   70   27  198.00000   10.00000  94.9%  32.2 6575s
 40579072  6267   10.00000   80   20  198.00000   10.00000  94.9%  32.1 6580s
 40629942  6191   10.00000   71   25  198.00000   10.00000  94.9%  32.1 6585s
 40663360  5914 infeasible   68       198.00000   10.00000  94.9%  32.1 6590s
 40696676  5914   10.00000   58   37  198.00000   10.00000  94.9%  32.1 6595s
 40728369  5727   10.00000   63   26  198.00000   10.00000  94.9%  32.1 6600s
 40759852  5598 infeasible   69       198.00000   10.00000  94.9%  32.1 6605s
 40800442  5483   10.00000   72   19  198.00000   10.00000  94.9%  32.1 6610s
 40836640  5203 infeasible   80       198.00000   10.00000  94.9%  32.1 6615s
 40875589  5386     cutoff   74       198.00000   10.00000  94.9%  32.1 6620s
 40908591  5458 infeasible   66       198.00000   10.00000  94.9%  32.1 6625s
 40940067  5312   10.00000   68   18  198.00000   10.00000  94.9%  32.1 6630s
 40970418  5308 infeasible   64       198.00000   10.00000  94.9%  32.1 6635s
 41002530  5205   10.00000   69   33  198.00000   10.00000  94.9%  32.1 6640s
 41027846  5206 infeasible   74       198.00000   10.00000  94.9%  32.1 6645s
 41062651  4947 infeasible   69       198.00000   10.00000  94.9%  32.1 6650s
 41110617  5200 infeasible   73       198.00000   10.00000  94.9%  32.1 6655s
 41158655  5175 infeasible   70       198.00000   10.00000  94.9%  32.1 6660s
 41191154  5051   10.00000   70   22  198.00000   10.00000  94.9%  32.1 6665s
 41222469  4991   10.00000   74   16  198.00000   10.00000  94.9%  32.1 6670s
 41261859  4750   10.00000   81   16  198.00000   10.00000  94.9%  32.1 6675s
 41296151  5078   10.00000   67   27  198.00000   10.00000  94.9%  32.1 6680s
 41324482  5252 infeasible   68       198.00000   10.00000  94.9%  32.1 6685s
 41354961  4974   10.00000   67   41  198.00000   10.00000  94.9%  32.1 6690s
 41385134  4679   10.00000   75   19  198.00000   10.00000  94.9%  32.1 6695s
 41417719  4612 infeasible   77       198.00000   10.00000  94.9%  32.1 6700s
 41451672  4412   10.00000   62   34  198.00000   10.00000  94.9%  32.1 6705s
 41485717  4643   10.00000   76   11  198.00000   10.00000  94.9%  32.1 6710s
 41527190  4990     cutoff   79       198.00000   10.00000  94.9%  32.1 6715s
 41575917  4917   10.00000   60   29  198.00000   10.00000  94.9%  32.0 6720s
 41624949  4718   10.00000   66   27  198.00000   10.00000  94.9%  32.0 6725s
 41673068  4599 infeasible   67       198.00000   10.00000  94.9%  32.0 6730s
 41712815  4520   10.00000   64   23  198.00000   10.00000  94.9%  32.0 6735s
 41751714  4316   10.00000   76   14  198.00000   10.00000  94.9%  32.0 6740s
 41792966  4692   10.00000   78   16  198.00000   10.00000  94.9%  32.0 6745s
 41837700  4176 infeasible   70       198.00000   10.00000  94.9%  32.0 6750s
 41869999  4225   10.00000   56   28  198.00000   10.00000  94.9%  32.0 6755s
 41910557  4964 infeasible   61       198.00000   10.00000  94.9%  31.9 6760s
 41956729  4750     cutoff   80       198.00000   10.00000  94.9%  31.9 6765s
 42005983  4985     cutoff   82       198.00000   10.00000  94.9%  31.9 6770s
 42055633  4676   10.00000   68   28  198.00000   10.00000  94.9%  31.9 6775s
 42110900  4620   10.00000   81   17  198.00000   10.00000  94.9%  31.9 6780s
 42157419  4788   10.00000   70   23  198.00000   10.00000  94.9%  31.9 6785s
 42205144  5192   10.00000   63   37  198.00000   10.00000  94.9%  31.8 6790s
 42253202  5229   10.00000   73   20  198.00000   10.00000  94.9%  31.8 6795s
 42307692  4808   10.00000   76   18  198.00000   10.00000  94.9%  31.8 6800s
 42355567  4469     cutoff   74       198.00000   10.00000  94.9%  31.8 6805s
 42407705  4634     cutoff   78       198.00000   10.00000  94.9%  31.8 6810s
 42463983  4294     cutoff   78       198.00000   10.00000  94.9%  31.7 6815s
 42509207  4307     cutoff   81       198.00000   10.00000  94.9%  31.7 6820s
 42542893  4139   10.00000   65   43  198.00000   10.00000  94.9%  31.7 6825s
 42577169  4084 infeasible   62       198.00000   10.00000  94.9%  31.7 6830s
 42616236  4046 infeasible   68       198.00000   10.00000  94.9%  31.7 6835s
 42643884  4690   10.00000   66   36  198.00000   10.00000  94.9%  31.7 6840s
 42672639  4332 infeasible   70       198.00000   10.00000  94.9%  31.7 6845s
 42702576  4183 infeasible   74       198.00000   10.00000  94.9%  31.7 6850s
 42732873  4150   10.00000   69   23  198.00000   10.00000  94.9%  31.7 6855s
 42761002  4104   10.00000   70   37  198.00000   10.00000  94.9%  31.7 6860s
 42791273  3948   10.00000   67   25  198.00000   10.00000  94.9%  31.7 6865s
 42823700  4687 infeasible   66       198.00000   10.00000  94.9%  31.7 6870s
 42861921  4527     cutoff   75       198.00000   10.00000  94.9%  31.7 6875s
 42908699  4406 infeasible   65       198.00000   10.00000  94.9%  31.7 6880s
 42951990  4339   10.00000   67   23  198.00000   10.00000  94.9%  31.7 6885s
 42989463  4235   10.00000   57   43  198.00000   10.00000  94.9%  31.7 6890s
 43033409  4241 infeasible   64       198.00000   10.00000  94.9%  31.7 6895s
 43079110  4389     cutoff   81       198.00000   10.00000  94.9%  31.7 6900s
 43128407  4106   10.00000   60   36  198.00000   10.00000  94.9%  31.6 6905s
 43170321  4194   10.00000   63   30  198.00000   10.00000  94.9%  31.6 6910s
 43209310  4019   10.00000   72   22  198.00000   10.00000  94.9%  31.6 6915s
 43238411  4247 infeasible   66       198.00000   10.00000  94.9%  31.6 6920s
 43271483  4353   10.00000   76   17  198.00000   10.00000  94.9%  31.6 6925s
 43304686  4232 infeasible   67       198.00000   10.00000  94.9%  31.6 6930s
 43337806  3965 infeasible   62       198.00000   10.00000  94.9%  31.6 6935s
 43376989  4446   10.00000   71   24  198.00000   10.00000  94.9%  31.6 6940s
 43429043  4859     cutoff   83       198.00000   10.00000  94.9%  31.6 6945s
 43484233  4381   10.00000   72   24  198.00000   10.00000  94.9%  31.6 6950s
 43534706  4045     cutoff   77       198.00000   10.00000  94.9%  31.5 6955s
 43577734  3992 infeasible   65       198.00000   10.00000  94.9%  31.5 6960s
 43628827  4092     cutoff   80       198.00000   10.00000  94.9%  31.5 6965s
 43668805  3918   10.00000   63   32  198.00000   10.00000  94.9%  31.5 6970s
 43716315  4690   10.00000   75   23  198.00000   10.00000  94.9%  31.5 6975s
 43769354  4547   10.00000   77   25  198.00000   10.00000  94.9%  31.4 6980s
 43821643  4471   10.00000   75   12  198.00000   10.00000  94.9%  31.4 6985s
 43872375  4247 infeasible   71       198.00000   10.00000  94.9%  31.4 6990s
 43918551  4370 infeasible   70       198.00000   10.00000  94.9%  31.4 6995s
 43960895  4008   10.00000   69   29  198.00000   10.00000  94.9%  31.4 7000s
 44017475  4032   10.00000   77   20  198.00000   10.00000  94.9%  31.4 7005s
 44067161  3760   10.00000   74   20  198.00000   10.00000  94.9%  31.3 7010s
 44098488  4174   10.00000   73   24  198.00000   10.00000  94.9%  31.3 7015s
 44121484  4749 infeasible   74       198.00000   10.00000  94.9%  31.3 7020s
 44148013  4770   10.00000   64   24  198.00000   10.00000  94.9%  31.3 7025s
 44174969  4516 infeasible   68       198.00000   10.00000  94.9%  31.4 7030s
 44200574  4415   10.00000   75   14  198.00000   10.00000  94.9%  31.4 7035s
 44227035  4198   10.00000   54   24  198.00000   10.00000  94.9%  31.4 7040s
 44254355  4148   10.00000   59   38  198.00000   10.00000  94.9%  31.4 7045s
 44281427  4115 infeasible   62       198.00000   10.00000  94.9%  31.4 7050s
 44307312  4201   10.00000   65   25  198.00000   10.00000  94.9%  31.4 7055s
 44331574  4290   10.00000   64   29  198.00000   10.00000  94.9%  31.4 7060s
 44358404  4042   10.00000   67   21  198.00000   10.00000  94.9%  31.4 7065s
 44385665  4165 infeasible   65       198.00000   10.00000  94.9%  31.4 7070s
 44412611  3985 infeasible   73       198.00000   10.00000  94.9%  31.4 7075s
 44439544  3796   10.00000   66   31  198.00000   10.00000  94.9%  31.4 7080s
 44465643  4255 infeasible   71       198.00000   10.00000  94.9%  31.4 7085s
 44491500  4179 infeasible   65       198.00000   10.00000  94.9%  31.4 7090s
 44515121  3963 infeasible   62       198.00000   10.00000  94.9%  31.4 7095s
 44541684  3886   10.00000   64   17  198.00000   10.00000  94.9%  31.4 7100s
 44569051  3853 infeasible   75       198.00000   10.00000  94.9%  31.4 7105s
 44596032  3676 infeasible   77       198.00000   10.00000  94.9%  31.4 7110s
 44622286  4326   10.00000   67   28  198.00000   10.00000  94.9%  31.4 7115s
 44645859  4850 infeasible   63       198.00000   10.00000  94.9%  31.4 7120s
 44671810  4851   10.00000   69   25  198.00000   10.00000  94.9%  31.4 7125s
 44699040  4689 infeasible   74       198.00000   10.00000  94.9%  31.5 7130s
 44727611  4605 infeasible   73       198.00000   10.00000  94.9%  31.5 7135s
 44755521  4551   10.00000   65   26  198.00000   10.00000  94.9%  31.5 7140s
 44781868  4305   10.00000   50   34  198.00000   10.00000  94.9%  31.5 7145s
 44809004  4336 infeasible   63       198.00000   10.00000  94.9%  31.5 7150s
 44836993  4290   10.00000   64   42  198.00000   10.00000  94.9%  31.5 7155s
 44861324  4369   10.00000   64   35  198.00000   10.00000  94.9%  31.5 7160s
 44889265  4175   10.00000   73   25  198.00000   10.00000  94.9%  31.5 7165s
 44916200  4394 infeasible   76       198.00000   10.00000  94.9%  31.5 7170s
 44941258  4353   10.00000   67   25  198.00000   10.00000  94.9%  31.5 7175s
 44968308  4149 infeasible   66       198.00000   10.00000  94.9%  31.5 7180s
 44997430  4125 infeasible   66       198.00000   10.00000  94.9%  31.5 7185s
 45026977  4154 infeasible   73       198.00000   10.00000  94.9%  31.5 7190s
 45051954  4138 infeasible   77       198.00000   10.00000  94.9%  31.5 7195s
 45081779  3885 infeasible   68       198.00000   10.00000  94.9%  31.5 7200s

Cutting planes:
  Learned: 9
  Gomory: 6
  Cover: 2
  Implied bound: 17
  MIR: 12
  Mixing: 1
  Flow cover: 60
  GUB cover: 3
  RLT: 7
  Relax-and-lift: 3
  BQP: 2

Explored 45082146 nodes (1420385770 simplex iterations) in 7200.02 seconds (13583.23 work units)
Thread count was 8 (of 192 available processors)

Solution count 10: 198 198 198 ... 429

Time limit reached
Best objective 1.979999987426e+02, best bound 9.999999999956e+00, gap 94.9495%

User-callback calls 95245600, time in user-callback 12.00 sec

AVANT CALCUL DES AUTRES INDICATEURS
Obj_rho = 33
Obj_lambda = 1
Obj_phi = 0
AVANT CALCUL DES AUTRES INDICATEURS
Obj_rho = 33
Obj_lambda = 1
Obj_phi = 0
✅ Solution trouvée (status: TIME_LIMIT)
🎯 Objective global: 197.99999874255062
⏱️ Time used: 7200.02
Nombre de vols satisfaits: 196
Nombre de vols non satisfaits: 0

✈️ Paths for each aircraft:

🛩️ Aircraft N607AS path (28 nodes): s_(u=0, v=0, w=0) ➡️  N607AS_(u=3313, v=28, w=6) ➡️  ANC_SEA_162_428_(u=3487, v=29, w=6) ➡️  SEA_ANC_582_739_(u=3681, v=30, w=6) ➡️  ANC_SEA_1062_1344_(u=3869, v=31, w=6) ➡️  SEA_SLC_1846_2021_(u=3965, v=32, w=7) ➡️  SLC_SEA_2122_2206_(u=4066, v=33, w=7) ➡️  SEA_SBA_2265_2429_(u=4197, v=34, w=7) ➡️  SBA_SEA_2482_2633_(u=4313, v=35, w=7) ➡️  SEA_PDX_2732_2790_(u=4342, v=36, w=7) ➡️  PDX_SEA_3178_3252_(u=4378, v=37, w=8) ➡️  SEA_LAS_3342_3511_(u=4506, v=38, w=8) ➡️  LAS_SEA_3563_3728_(u=4641, v=39, w=8) ➡️  SEA_LAS_3857_4005_(u=4765, v=40, w=8) ➡️  LAS_SEA_4086_4272_(u=4909, v=41, w=8) ➡️  SEA_PHX_4668_4915_(u=5046, v=42, w=9) ➡️  PHX_SEA_4965_5107_(u=5221, v=43, w=9) ➡️  SEA_SAN_5176_5324_(u=5346, v=44, w=9) ➡️  SAN_SEA_5397_5572_(u=5498, v=45, w=9) ➡️  SEA_SLC_6187_6360_(u=5590, v=46, w=10) ➡️  SLC_SEA_6449_6557_(u=5702, v=47, w=10) ➡️  SEA_LAX_6651_6804_(u=5824, v=48, w=10) ➡️  LAX_SEA_6863_7042_(u=5977, v=49, w=10) ➡️  SEA_FLL_7746_8300_(u=320, v=1, w=1) ➡️  FLL_SEA_8359_8570_(u=679, v=2, w=1) ➡️  SEA_SFO_8995_9134_(u=767, v=3, w=2) ➡️  SFO_JAC_9215_9444_(u=916, v=4, w=2) ➡️  JAC_SFO_9493_9582_(u=1028, v=5, w=2) ➡️  SFO_PDX_9628_9744_(u=1124, v=6, w=2) ➡️  PDX_SFO_9826_9943_(u=1199, v=7, w=2) ➡️  t_(u=0, v=0, w=0)

🛩️ Aircraft N585AS path (32 nodes): s_(u=0, v=0, w=0) ➡️  N585AS_(u=0, v=0, w=1) ➡️  ANC_SEA_137_389_(u=173, v=1, w=1) ➡️  SEA_ANC_479_633_(u=366, v=2, w=1) ➡️  ANC_SEA_715_980_(u=547, v=3, w=1) ➡️  SEA_BUR_1045_1181_(u=665, v=4, w=1) ➡️  BUR_SEA_1268_1435_(u=803, v=5, w=1) ➡️  SEA_ORD_1795_2159_(u=1013, v=6, w=2) ➡️  ORD_PDX_2215_2349_(u=1248, v=7, w=2) ➡️  PDX_ONT_2434_2569_(u=1370, v=8, w=2) ➡️  ONT_PDX_2628_2754_(u=1481, v=9, w=2) ➡️  PDX_ANC_2866_3034_(u=1684, v=10, w=2) ➡️  ANC_SEA_3168_3438_(u=1866, v=11, w=3) ➡️  SEA_IAD_3504_3971_(u=2131, v=12, w=3) ➡️  IAD_SEA_4030_4189_(u=2440, v=13, w=3) ➡️  SEA_SMF_4248_4369_(u=2521, v=14, w=3) ➡️  SMF_SEA_4703_4832_(u=2620, v=15, w=4) ➡️  SEA_CLE_4925_5380_(u=2855, v=16, w=4) ➡️  CLE_SEA_5435_5585_(u=3131, v=17, w=4) ➡️  SEA_SMF_5645_5755_(u=3212, v=18, w=4) ➡️  SMF_SEA_6112_6231_(u=3308, v=19, w=5) ➡️  SEA_ATL_6289_6758_(u=3574, v=20, w=5) ➡️  ATL_SEA_6839_6970_(u=3865, v=21, w=5) ➡️  SEA_SMF_7089_7200_(u=3951, v=22, w=5) ➡️  SMF_SEA_7553_7682_(u=4047, v=23, w=6) ➡️  SEA_DFW_7967_8313_(u=4245, v=24, w=6) ➡️  DFW_SEA_8423_8562_(u=4477, v=25, w=6) ➡️  SEA_ORD_8600_8957_(u=4685, v=26, w=6) ➡️  ORD_PDX_9026_9156_(u=4917, v=27, w=7) ➡️  PDX_SEA_9262_9310_(u=4949, v=28, w=7) ➡️  SEA_BOI_9372_9523_(u=5011, v=29, w=7) ➡️  BOI_SEA_9582_9616_(u=5085, v=30, w=7) ➡️  SEA_LIH_9718_9994_(u=5430, v=31, w=7) ➡️  LIH_SAN_10060_10521_(u=5749, v=32, w=7) ➡️  t_(u=0, v=0, w=0)

🛩️ Aircraft N317AS path (29 nodes): s_(u=0, v=0, w=0) ➡️  N317AS_(u=0, v=0, w=1) ➡️  FAI_SEA_201_455_(u=177, v=1, w=1) ➡️  SEA_LAX_528_675_(u=298, v=2, w=1) ➡️  LAX_SEA_743_917_(u=446, v=3, w=1) ➡️  SEA_SFO_990_1113_(u=549, v=4, w=1) ➡️  SFO_SEA_1177_1307_(u=648, v=5, w=1) ➡️  SEA_ORD_1401_1741_(u=851, v=6, w=1) ➡️  ORD_SEA_1807_1944_(u=1079, v=7, w=2) ➡️  SEA_IAD_2038_2527_(u=1351, v=8, w=2) ➡️  IAD_SEA_2584_2741_(u=1660, v=9, w=2) ➡️  SEA_IAH_2838_3229_(u=1892, v=10, w=2) ➡️  IAH_SEA_3299_3463_(u=2136, v=11, w=3) ➡️  SEA_DEN_3550_3770_(u=2272, v=12, w=3) ➡️  DEN_SEA_3827_3928_(u=2411, v=13, w=3) ➡️  SEA_SAN_4005_4151_(u=2532, v=14, w=3) ➡️  SAN_TPA_4795_5235_(u=2765, v=15, w=4) ➡️  TPA_SAN_5307_5449_(u=3053, v=16, w=4) ➡️  SAN_SEA_5512_5695_(u=3207, v=17, w=4) ➡️  SEA_MSP_6233_6559_(u=3378, v=18, w=5) ➡️  MSP_SEA_6615_6760_(u=3576, v=19, w=5) ➡️  SEA_SNA_6813_6972_(u=3703, v=20, w=5) ➡️  SNA_SEA_7009_7192_(u=3857, v=21, w=5) ➡️  SEA_PHX_7626_7841_(u=3992, v=22, w=6) ➡️  PHX_SEA_7908_8038_(u=4153, v=23, w=6) ➡️  SEA_PHX_8109_8330_(u=4289, v=24, w=6) ➡️  PHX_SEA_8407_8537_(u=4453, v=25, w=6) ➡️  SEA_SNA_9008_9175_(u=4564, v=26, w=7) ➡️  SNA_SEA_9239_9448_(u=4749, v=27, w=7) ➡️  SEA_DEN_9579_9790_(u=4879, v=28, w=7) ➡️  DEN_SEA_9846_9966_(u=5034, v=29, w=7) ➡️  t_(u=0, v=0, w=0)

🛩️ Aircraft N587AS path (31 nodes): s_(u=0, v=0, w=0) ➡️  N587AS_(u=4023, v=34, w=7) ➡️  JNU_SEA_310_514_(u=4139, v=35, w=7) ➡️  SEA_PIT_580_1048_(u=4397, v=36, w=7) ➡️  PIT_SEA_1104_1236_(u=4671, v=37, w=7) ➡️  SEA_SJC_1855_1984_(u=4781, v=38, w=8) ➡️  SJC_SEA_2047_2171_(u=4878, v=39, w=8) ➡️  SEA_SJC_2247_2382_(u=4995, v=40, w=8) ➡️  SJC_SEA_2432_2554_(u=5090, v=41, w=8) ➡️  SEA_ANC_2874_3028_(u=5283, v=42, w=8) ➡️  ANC_SEA_3102_3363_(u=5457, v=43, w=9) ➡️  SEA_ANC_3462_3616_(u=5645, v=44, w=9) ➡️  ANC_JNU_4064_4188_(u=5738, v=45, w=9) ➡️  JNU_SIT_4227_4276_(u=5761, v=46, w=9) ➡️  SIT_JNU_4672_4708_(u=5784, v=47, w=10) ➡️  JNU_ANC_4773_4879_(u=5872, v=48, w=10) ➡️  ANC_BET_4949_5073_(u=5929, v=49, w=10) ➡️  BET_ANC_5111_5186_(u=5990, v=50, w=10) ➡️  ANC_JNU_6410_6511_(u=83, v=1, w=1) ➡️  JNU_PSG_6558_6607_(u=113, v=2, w=1) ➡️  PSG_WRG_6650_6684_(u=129, v=3, w=1) ➡️  WRG_KTN_6726_6760_(u=151, v=4, w=1) ➡️  KTN_SEA_6808_6973_(u=241, v=5, w=1) ➡️  SEA_SNA_7578_7729_(u=366, v=6, w=2) ➡️  SNA_SEA_7783_7960_(u=526, v=7, w=2) ➡️  SEA_PHX_8018_8241_(u=664, v=8, w=2) ➡️  PHX_ANC_8336_8626_(u=1041, v=9, w=2) ➡️  ANC_SEA_8684_8926_(u=1199, v=10, w=3) ➡️  SEA_PHX_9068_9279_(u=1332, v=11, w=3) ➡️  PHX_SEA_9344_9480_(u=1501, v=12, w=3) ➡️  SEA_PHX_9550_9765_(u=1637, v=13, w=3) ➡️  PHX_SEA_9831_9982_(u=1820, v=14, w=3) ➡️  SEA_FAI_10053_10220_(u=2024, v=15, w=3) ➡️  t_(u=0, v=0, w=0)

🛩️ Aircraft N284AK path (24 nodes): s_(u=0, v=0, w=0) ➡️  N284AK_(u=0, v=0, w=1) ➡️  PHX_PDX_356_453_(u=138, v=1, w=1) ➡️  PDX_FLL_541_1050_(u=449, v=2, w=1) ➡️  FLL_SFO_1118_1320_(u=802, v=3, w=1) ➡️  SFO_FLL_1383_1870_(u=1079, v=4, w=1) ➡️  FLL_PDX_2018_2231_(u=1440, v=5, w=2) ➡️  PDX_JFK_2322_2828_(u=1728, v=6, w=2) ➡️  JFK_PSP_3414_3583_(u=2053, v=7, w=3) ➡️  PSP_SEA_3697_3873_(u=2207, v=8, w=3) ➡️  SEA_PHX_4087_4345_(u=2343, v=9, w=3) ➡️  PHX_SEA_4706_4849_(u=2522, v=10, w=4) ➡️  SEA_PIT_4922_5383_(u=2766, v=11, w=4) ➡️  PIT_SEA_5447_5576_(u=3054, v=12, w=4) ➡️  SEA_LIH_6321_6593_(u=3415, v=13, w=5) ➡️  LIH_SEA_6647_7117_(u=3731, v=14, w=5) ➡️  SEA_DFW_7182_7527_(u=3928, v=15, w=5) ➡️  DFW_SEA_7641_7776_(u=4154, v=16, w=6) ➡️  SEA_OAK_8006_8114_(u=4246, v=17, w=6) ➡️  OAK_SEA_8157_8285_(u=4345, v=18, w=6) ➡️  SEA_SMF_8335_8455_(u=4420, v=19, w=6) ➡️  SMF_SEA_8490_8613_(u=4523, v=20, w=6) ➡️  SEA_MSP_9120_9435_(u=4698, v=21, w=7) ➡️  MSP_SEA_9512_9628_(u=4888, v=22, w=7) ➡️  SEA_PHX_9672_9885_(u=5022, v=23, w=7) ➡️  PHX_SEA_9941_10089_(u=5206, v=24, w=7) ➡️  t_(u=0, v=0, w=0)

🛩️ Aircraft N320AS path (27 nodes): s_(u=0, v=0, w=0) ➡️  N320AS_(u=0, v=0, w=1) ➡️  SJC_SEA_364_507_(u=106, v=1, w=1) ➡️  SEA_PHX_570_794_(u=247, v=2, w=1) ➡️  PHX_SEA_857_991_(u=412, v=3, w=1) ➡️  SEA_LAS_1064_1207_(u=522, v=4, w=1) ➡️  LAS_SFO_1317_1401_(u=588, v=5, w=1) ➡️  SFO_ORD_1859_2247_(u=820, v=6, w=2) ➡️  ORD_SFO_2309_2462_(u=1065, v=7, w=2) ➡️  SFO_AUS_2533_2855_(u=1242, v=8, w=2) ➡️  AUS_SFO_3432_3558_(u=1452, v=9, w=3) ➡️  SFO_SEA_3655_3795_(u=1561, v=10, w=3) ➡️  SEA_ATL_3841_4313_(u=1825, v=11, w=3) ➡️  ATL_SEA_4752_4910_(u=2112, v=12, w=4) ➡️  SEA_RDM_4991_5054_(u=2150, v=13, w=4) ➡️  RDM_SEA_5133_5199_(u=2198, v=14, w=4) ➡️  SEA_ANC_5295_5444_(u=2387, v=15, w=4) ➡️  ANC_SEA_5503_5765_(u=2568, v=16, w=4) ➡️  SEA_LAS_6225_6362_(u=2679, v=17, w=5) ➡️  LAS_SEA_6427_6598_(u=2825, v=18, w=5) ➡️  SEA_PHX_6669_6910_(u=2958, v=19, w=5) ➡️  PHX_SEA_6965_7117_(u=3137, v=20, w=5) ➡️  SEA_PDX_7152_7210_(u=3166, v=21, w=5) ➡️  PDX_SEA_7495_7564_(u=3198, v=22, w=6) ➡️  SEA_LIH_7702_8038_(u=3530, v=23, w=6) ➡️  LIH_SEA_8108_8604_(u=3870, v=24, w=6) ➡️  SEA_SAN_9117_9279_(u=3984, v=25, w=7) ➡️  SAN_MCO_9359_9801_(u=4220, v=26, w=7) ➡️  MCO_SEA_9867_10065_(u=4566, v=27, w=7) ➡️  t_(u=0, v=0, w=0)

🛩️ Aircraft N277AK path (25 nodes): s_(u=0, v=0, w=0) ➡️  N277AK_(u=0, v=0, w=1) ➡️  SEA_FAT_375_503_(u=113, v=1, w=1) ➡️  FAT_SEA_559_687_(u=221, v=2, w=1) ➡️  SEA_ANC_799_933_(u=399, v=3, w=1) ➡️  ANC_SEA_1660_1931_(u=590, v=4, w=2) ➡️  SEA_ANC_2030_2168_(u=766, v=5, w=2) ➡️  ANC_CDV_2249_2310_(u=803, v=6, w=2) ➡️  CDV_YAK_2357_2404_(u=841, v=7, w=2) ➡️  YAK_JNU_2447_2500_(u=875, v=8, w=2) ➡️  JNU_SEA_2569_2776_(u=992, v=9, w=2) ➡️  SEA_ANC_3375_3530_(u=1183, v=10, w=3) ➡️  ANC_SEA_3593_3853_(u=1366, v=11, w=3) ➡️  SEA_ONT_3941_4070_(u=1476, v=12, w=3) ➡️  ONT_SEA_4675_4856_(u=1632, v=13, w=4) ➡️  SEA_DCA_4891_5368_(u=1903, v=14, w=4) ➡️  DCA_SEA_5437_5593_(u=2218, v=15, w=4) ➡️  SEA_DAL_6207_6549_(u=2417, v=16, w=5) ➡️  DAL_SEA_6619_6766_(u=2667, v=17, w=5) ➡️  SEA_STL_6837_7194_(u=2866, v=18, w=5) ➡️  STL_SEA_7614_7836_(u=3098, v=19, w=6) ➡️  SEA_MCI_7916_8251_(u=3283, v=20, w=6) ➡️  MCI_SEA_8308_8432_(u=3483, v=21, w=6) ➡️  SEA_JNU_8494_8605_(u=3629, v=22, w=6) ➡️  JNU_SEA_9259_9463_(u=3728, v=23, w=7) ➡️  SEA_BUR_9508_9638_(u=3835, v=24, w=7) ➡️  BUR_SEA_9709_9913_(u=3997, v=25, w=7) ➡️  t_(u=0, v=0, w=0)

🛠️ Maintenance at node SEA_FLL_7746_8300 by aircraft N607AS | ρ=23; λ=1; φ=0
🛠️ Maintenance at node ANC_JNU_6410_6511 by aircraft N587AS | ρ=10; λ=0; φ=0

Nombre de maintenances au total: 2.0
Stations de maintenance utilisées: Any["SEA", "ANC"]
Nombre de stations de maintenance utilisées: 2
