INSTANCE 196FL_7A_10
PREPROCESSING : false
-----------------------INSTANCE 196FL_7A_10--------------------------
Gurobi 12.0.2 (linux64) logging started Mon Nov 24 10:24:28 2025

Set parameter LogFile to value "RESULTS/A_MTN_2/FH_FC_MEAN/result_196FL_7A_10_without_prep.txt"
Set parameter LogToConsole to value 0

Gurobi 12.0.2 (linux64) logging started Mon Nov 24 10:24:31 2025

Set parameter LogFile to value "RESULTS/A_MTN_2/FH_FC_MEAN/result_196FL_7A_10_without_prep.txt"
Gurobi Optimizer version 12.0.2 build v12.0.2rc0 (linux64 - "AlmaLinux 9.6 (Sage Margay)")

CPU model: Intel(R) Xeon(R) 6972P, instruction set [SSE2|AVX|AVX2|AVX512]
Thread count: 192 physical cores, 192 logical processors, using up to 8 threads

Non-default parameters:
TimeLimit  7200
LogToConsole  0
Threads  8

Optimize a model with 5950 rows, 1752 columns and 80975 nonzeros
Model fingerprint: 0x8ee491b2
Variable types: 510 continuous, 1242 integer (1142 binary)
Coefficient statistics:
  Matrix range     [1e+00, 6e+03]
  Objective range  [1e+00, 2e+02]
  Bounds range     [1e+00, 6e+03]
  RHS range        [1e+00, 6e+03]
Presolve removed 1773 rows and 651 columns
Presolve time: 0.10s
Presolved: 4177 rows, 1101 columns, 25568 nonzeros
Variable types: 229 continuous, 872 integer (803 binary)

Root relaxation: objective 0.000000e+00, 609 iterations, 0.02 seconds (0.02 work units)

    Nodes    |    Current Node    |     Objective Bounds      |     Work
 Expl Unexpl |  Obj  Depth IntInf | Incumbent    BestBd   Gap | It/Node Time

     0     0    0.00000    0    3          -    0.00000      -     -    0s
H    0     0                    7941.0000000    0.00000   100%     -    0s
     0     0    0.00000    0    6 7941.00000    0.00000   100%     -    0s
     0     0    0.00000    0    5 7941.00000    0.00000   100%     -    0s
     0     0    0.00000    0    5 7941.00000    0.00000   100%     -    0s
H    0     0                    2427.0000000    0.00000   100%     -    0s
     0     0    0.00000    0    3 2427.00000    0.00000   100%     -    0s
     0     0    0.00000    0    3 2427.00000    0.00000   100%     -    0s
     0     0    0.00000    0    4 2427.00000    0.00000   100%     -    0s
     0     0    0.00000    0    4 2427.00000    0.00000   100%     -    0s
     0     0    0.00000    0    3 2427.00000    0.00000   100%     -    0s
     0     0    0.00000    0    3 2427.00000    0.00000   100%     -    0s
     0     2    0.00000    0    3 2427.00000    0.00000   100%     -    0s
H   79    93                    2426.0000000    0.00000   100%  59.0    0s
H   96   181                    2001.0000000    0.00000   100%  64.0    0s
H  169   181                    1983.0000000    0.00000   100%  47.1    0s
H  189   181                    1764.0000000    0.00000   100%  45.5    0s
*  732   736              56    1238.0000000    0.00000   100%  33.1    1s
*  866   736              43    1158.0000000    0.00000   100%  34.3    1s
H 1599   987                     739.0000000    0.00000   100%  31.7    1s
H 1702  1224                     729.0000000    0.00000   100%  31.5    1s
H 2277   979                     288.0000000    0.00000   100%  30.4    1s
H 2277   979                     287.0000000    0.00000   100%  30.4    1s
H 2374  1002                     287.0000000    0.00000   100%  32.5    2s
H 2879  1199                     286.9999999    0.00000   100%  41.0    3s
  5696  1412 infeasible   45       287.00000    0.00000   100%  57.1    5s
* 5901  1569              54     284.0000000    0.00000   100%  57.9    5s
H 6598  1211                     178.0000000    0.00000   100%  59.8    5s
H 7421  1289                     168.0000000    0.00000   100%  61.8    6s
H12689  1839                     139.0000000    0.00000   100%  67.4    9s
 14195  1938    0.00000   50    4  139.00000    0.00000   100%  69.7   10s
 23547  2199 infeasible   65       139.00000    0.00000   100%  66.4   15s
H33572  3107                     139.0000000    0.00000   100%  66.5   19s
 35585  3197    0.00000   53   16  139.00000    0.00000   100%  66.0   20s
 44575  3770    0.00000   51    5  139.00000    0.00000   100%  65.5   27s
 52631  4032    0.00000   48   26  139.00000    0.00000   100%  64.8   30s
 60890  4251 infeasible   47       139.00000    0.00000   100%  64.3   35s
 78830  4584    0.00000   55   26  139.00000    0.00000   100%  64.3   40s
 91957  4728 infeasible   50       139.00000    0.00000   100%  64.0   45s
 105530  4640    0.00000   49   39  139.00000    0.00000   100%  63.5   50s
 120217  4996 infeasible   54       139.00000    0.00000   100%  63.2   55s
 134433  5332 infeasible   62       139.00000    0.00000   100%  63.0   60s
 148893  5525     cutoff   52       139.00000    0.00000   100%  62.5   65s
 164493  5799    0.00000   53   22  139.00000    0.00000   100%  62.3   70s
 179373  5937    0.00000   61    9  139.00000    0.00000   100%  62.0   75s
 193831  5859 infeasible   68       139.00000    0.00000   100%  62.0   80s
 209057  5829     cutoff   52       139.00000    0.00000   100%  61.9   85s
 223811  5680 infeasible   60       139.00000    0.00000   100%  61.6   90s
 237280  5674 infeasible   56       139.00000    0.00000   100%  61.6   95s
 251827  5435    0.00000   52   11  139.00000    0.00000   100%  61.7  100s
 267297  5477 infeasible   59       139.00000    0.00000   100%  61.7  105s
 276961  5256    0.00000   62    5  139.00000    0.00000   100%  61.8  111s
 292843  5407    0.00000   53    8  139.00000    0.00000   100%  61.9  115s
 307932  5329 infeasible   59       139.00000    0.00000   100%  62.0  120s
 321022  5238 infeasible   62       139.00000    0.00000   100%  62.0  125s
 335994  5258 infeasible   61       139.00000    0.00000   100%  62.1  130s
 347751  5268 infeasible   66       139.00000    0.00000   100%  62.4  135s
 355347  5329 infeasible   60       139.00000    0.00000   100%  62.6  140s
 370217  5370    0.00000   52   14  139.00000    0.00000   100%  63.0  145s
 386075  5241 infeasible   59       139.00000    0.00000   100%  63.3  150s
 398393  5278    0.00000   56   32  139.00000    0.00000   100%  63.7  155s
 410047  5196 infeasible   53       139.00000    0.00000   100%  64.0  160s
 425026  5336 infeasible   55       139.00000    0.00000   100%  64.1  165s
 438782  5208 infeasible   59       139.00000    0.00000   100%  64.1  170s
 452292  5109    0.00000   60   25  139.00000    0.00000   100%  64.1  175s
 466493  5220    0.00000   42   13  139.00000    0.00000   100%  64.1  180s
 478217  5436 infeasible   61       139.00000    0.00000   100%  64.2  185s
 493724  5527    0.00000   60   26  139.00000    0.00000   100%  64.2  190s
 507035  5504    0.00000   51   12  139.00000    0.00000   100%  64.2  195s
 521798  5356    0.00000   49   43  139.00000    0.00000   100%  64.1  200s
 534517  5263 infeasible   61       139.00000    0.00000   100%  64.1  205s
 549862  5144    0.00000   51   21  139.00000    0.00000   100%  64.0  210s
 564038  5105 infeasible   52       139.00000    0.00000   100%  64.0  215s
 578155  5049 infeasible   55       139.00000    0.00000   100%  64.0  220s
 590284  5311 infeasible   71       139.00000    0.00000   100%  64.0  225s
 604229  5395 infeasible   61       139.00000    0.00000   100%  64.0  230s
 619331  5323    0.00000   56   38  139.00000    0.00000   100%  63.9  235s
 632811  5215 infeasible   62       139.00000    0.00000   100%  63.8  240s
 647420  5147    0.00000   63   20  139.00000    0.00000   100%  63.8  245s
 661573  5117 infeasible   68       139.00000    0.00000   100%  63.8  250s
 674863  5420 infeasible   55       139.00000    0.00000   100%  63.7  255s
 690316  6002    0.00000   52    7  139.00000    0.00000   100%  63.6  260s
 704530  6619 infeasible   50       139.00000    0.00000   100%  63.5  265s
 722967  8077 infeasible   53       139.00000    0.00000   100%  63.1  270s
 738242  8728    0.00000   55   24  139.00000    0.00000   100%  63.0  275s
 752915  9485 infeasible   56       139.00000    0.00000   100%  62.9  280s
 766392  9784 infeasible   56       139.00000    0.00000   100%  62.9  285s
 778713  9924 infeasible   52       139.00000    0.00000   100%  62.9  290s
 789852  9969 infeasible   45       139.00000    0.00000   100%  63.1  295s
 803041 10019 infeasible   48       139.00000    0.00000   100%  63.2  300s
 815196  9962    0.00000   46   32  139.00000    0.00000   100%  63.2  305s
 827513 10076    0.00000   52    5  139.00000    0.00000   100%  63.3  310s
 840462 10628 infeasible   56       139.00000    0.00000   100%  63.4  315s
 851253 10904 infeasible   59       139.00000    0.00000   100%  63.5  320s
 865595 11157 infeasible   56       139.00000    0.00000   100%  63.5  325s
 879792 11636   47.00000   56   21  139.00000    0.00000   100%  63.5  330s
 893810 12193 infeasible   52       139.00000    0.00000   100%  63.5  335s
 908336 12528 infeasible   62       139.00000    0.00000   100%  63.6  340s
 919982 12598 infeasible   51       139.00000    0.00000   100%  63.7  345s
 931362 12754    0.00000   50   37  139.00000    0.00000   100%  63.9  350s
 944940 13210 infeasible   57       139.00000    0.00000   100%  63.9  355s
 956825 13546    0.00000   52   17  139.00000    0.00000   100%  64.0  360s
 970897 13915 infeasible   61       139.00000    0.00000   100%  64.0  365s
 984047 14336 infeasible   60       139.00000    0.00000   100%  64.0  370s
 997950 14604 infeasible   61       139.00000    0.00000   100%  64.0  375s
 1010428 16033 infeasible   52       139.00000    0.00000   100%  64.0  380s
 1026359 17033    0.00000   51    4  139.00000    0.00000   100%  63.9  385s
 1041526 18207 infeasible   54       139.00000    0.00000   100%  63.8  390s
 1055581 19222 infeasible   60       139.00000    0.00000   100%  63.8  395s
 1069227 19995    0.00000   56   20  139.00000    0.00000   100%  63.7  400s
 1084567 20745 infeasible   73       139.00000    0.00000   100%  63.7  405s
 1097391 21138 infeasible   50       139.00000    0.00000   100%  63.6  410s
 1115419 21855 infeasible   60       139.00000    0.00000   100%  63.5  415s
 1128876 22528 infeasible   62       139.00000    0.00000   100%  63.4  420s
 1143523 22994    0.00000   56   28  139.00000    0.00000   100%  63.4  425s
 1155778 23746 infeasible   50       139.00000    0.00000   100%  63.4  430s
 1168531 24137    0.00000   59   29  139.00000    0.00000   100%  63.5  435s
 1180716 24471 infeasible   52       139.00000    0.00000   100%  63.5  440s
 1193255 24556    0.00000   52    2  139.00000    0.00000   100%  63.6  445s
 1206129 24696    0.00000   48   26  139.00000    0.00000   100%  63.6  450s
 1218996 25243 infeasible   62       139.00000    0.00000   100%  63.6  455s
 1232469 25953 infeasible   51       139.00000    0.00000   100%  63.6  460s
 1245161 26603 infeasible   58       139.00000    0.00000   100%  63.6  465s
 1257630 27034 infeasible   62       139.00000    0.00000   100%  63.7  470s
 1270224 27589    0.00000   50   39  139.00000    0.00000   100%  63.7  475s
 1283776 28213 infeasible   52       139.00000    0.00000   100%  63.7  480s
 1300737 28497    0.00000   48   29  139.00000    0.00000   100%  63.7  485s
 1312818 29043    0.00000   53   22  139.00000    0.00000   100%  63.7  490s
 1325857 29700    0.00000   51    6  139.00000    0.00000   100%  63.7  495s
 1341701 30580 infeasible   58       139.00000    0.00000   100%  63.6  500s
 1356668 30693 infeasible   58       139.00000    0.00000   100%  63.6  505s
 1370363 30695    0.00000   62   27  139.00000    0.00000   100%  63.5  510s
 1386345 30694 infeasible   61       139.00000    0.00000   100%  63.4  515s
 1400043 30572 infeasible   55       139.00000    0.00000   100%  63.4  520s
 1415597 30498 infeasible   61       139.00000    0.00000   100%  63.3  525s
 1428779 30482 infeasible   57       139.00000    0.00000   100%  63.3  530s
 1441091 30469    0.00000   62   10  139.00000    0.00000   100%  63.3  535s
 1457801 30701    0.00000   51   26  139.00000    0.00000   100%  63.3  540s
 1470437 30749    0.00000   61   19  139.00000    0.00000   100%  63.2  545s
 1485978 30789    0.00000   50   24  139.00000    0.00000   100%  63.2  550s
 1499702 30899 infeasible   59       139.00000    0.00000   100%  63.1  555s
 1515985 31323 infeasible   60       139.00000    0.00000   100%  63.1  560s
 1529344 31444 infeasible   52       139.00000    0.00000   100%  63.1  565s
 1540789 31488 infeasible   51       139.00000    0.00000   100%  63.1  570s
 1555240 31410 infeasible   49       139.00000    0.00000   100%  63.1  575s
 1568598 31296    0.00000   52   22  139.00000    0.00000   100%  63.2  580s
 1579184 31633    0.00000   53   21  139.00000    0.00000   100%  63.2  585s
 1594234 32319    0.00000   52   13  139.00000    0.00000   100%  63.1  590s
 1606736 32903    0.00000   67   19  139.00000    0.00000   100%  63.1  595s
 1621349 33168 infeasible   62       139.00000    0.00000   100%  63.1  600s
 1634153 33527 infeasible   51       139.00000    0.00000   100%  63.1  605s
 1647340 34105    0.00000   52   17  139.00000    0.00000   100%  63.1  610s
 1664483 34786 infeasible   52       139.00000    0.00000   100%  63.0  615s
 1678725 35160    0.00000   51   18  139.00000    0.00000   100%  62.9  620s
 1692571 35694    0.00000   41   24  139.00000    0.00000   100%  62.9  625s
 1704094 36280   47.00000   56   26  139.00000    0.00000   100%  62.9  630s
 1721081 36751 infeasible   65       139.00000    0.00000   100%  62.8  635s
 1737552 37281 infeasible   51       139.00000    0.00000   100%  62.8  640s
 1750644 37750    0.00000   60   20  139.00000    0.00000   100%  62.7  645s
 1763846 38155    0.00000   51    3  139.00000    0.00000   100%  62.8  650s
 1774969 38341 infeasible   51       139.00000    0.00000   100%  62.9  655s
 1787610 38796    0.00000   64   26  139.00000    0.00000   100%  62.9  660s
 1801443 39251    0.00000   56   18  139.00000    0.00000   100%  62.9  665s
 1814944 39754    0.00000   48   27  139.00000    0.00000   100%  63.0  670s
 1828795 40153   75.00000   63   12  139.00000    0.00000   100%  62.9  675s
 1841454 40958    0.00000   51   27  139.00000    0.00000   100%  63.0  680s
 1853844 41479 infeasible   60       139.00000    0.00000   100%  63.0  685s
 1868870 41714    0.00000   51   20  139.00000    0.00000   100%  63.0  690s
 1882383 41949 infeasible   53       139.00000    0.00000   100%  63.0  695s
 1895449 42248 infeasible   60       139.00000    0.00000   100%  63.0  700s
 1908346 42428    0.00000   51    4  139.00000    0.00000   100%  63.0  705s
 1922874 42634 infeasible   49       139.00000    0.00000   100%  63.0  710s
 1935377 42739 infeasible   56       139.00000    0.00000   100%  63.1  715s
 1948016 43067    0.00000   47   33  139.00000    0.00000   100%  63.1  720s
 1962287 43821 infeasible   52       139.00000    0.00000   100%  63.1  725s
 1978408 45337 infeasible   68       139.00000    0.00000   100%  63.1  730s
 1991540 46751    0.00000   56   24  139.00000    0.00000   100%  63.0  735s
 2007541 47824 infeasible   56       139.00000    0.00000   100%  63.0  740s
 2022642 48835 infeasible   54       139.00000    0.00000   100%  63.0  745s
 2035344 49445    0.00000   48   41  139.00000    0.00000   100%  63.0  750s
 2046613 49754 infeasible   51       139.00000    0.00000   100%  63.1  755s
 2057901 50564 infeasible   50       139.00000    0.00000   100%  63.1  760s
 2069966 51132 infeasible   50       139.00000    0.00000   100%  63.1  765s
 2083285 51652 infeasible   52       139.00000    0.00000   100%  63.2  770s
 2093573 52006 infeasible   51       139.00000    0.00000   100%  63.2  775s
 2104945 52207 infeasible   54       139.00000    0.00000   100%  63.3  780s
 2116117 52302 infeasible   62       139.00000    0.00000   100%  63.4  785s
 2126913 52235 infeasible   56       139.00000    0.00000   100%  63.4  790s
 2140124 52116    0.00000   60   46  139.00000    0.00000   100%  63.4  795s
 2152035 52024    0.00000   52   15  139.00000    0.00000   100%  63.5  800s
 2164314 52090 infeasible   51       139.00000    0.00000   100%  63.5  805s
 2175508 52345 infeasible   58       139.00000    0.00000   100%  63.5  810s
 2187281 52552    0.00000   50   29  139.00000    0.00000   100%  63.6  818s
 2198052 52690    0.00000   58   25  139.00000    0.00000   100%  63.6  820s
 2210631 52862 infeasible   60       139.00000    0.00000   100%  63.6  825s
 2224050 53046 infeasible   59       139.00000    0.00000   100%  63.6  830s
 2237052 53102 infeasible   61       139.00000    0.00000   100%  63.6  835s
 2249789 53159    0.00000   50   44  139.00000    0.00000   100%  63.6  840s
 2265594 53333   48.00000   56   24  139.00000    0.00000   100%  63.6  845s
 2277579 53759 infeasible   51       139.00000    0.00000   100%  63.6  850s
 2292319 54682 infeasible   52       139.00000    0.00000   100%  63.6  855s
 2302996 55249 infeasible   51       139.00000    0.00000   100%  63.6  860s
 2314262 55497 infeasible   72       139.00000    0.00000   100%  63.7  865s
 2327401 55702 infeasible   62       139.00000    0.00000   100%  63.7  870s
 2339786 55827    0.00000   48    7  139.00000    0.00000   100%  63.8  875s
 2351858 56014 infeasible   57       139.00000    0.00000   100%  63.8  880s
 2365692 56062    0.00000   55   32  139.00000    0.00000   100%  63.8  885s
 2378118 56260 infeasible   65       139.00000    0.00000   100%  63.8  890s
 2391711 56774 infeasible   51       139.00000    0.00000   100%  63.8  895s
 2403395 57622 infeasible   51       139.00000    0.00000   100%  63.8  900s
 2419915 58920 infeasible   54       139.00000    0.00000   100%  63.8  905s
 2434745 59759 infeasible   48       139.00000    0.00000   100%  63.7  910s
 2449344 60000    0.00000   55   21  139.00000    0.00000   100%  63.7  915s
 2464162 60306 infeasible   49       139.00000    0.00000   100%  63.7  920s
 2480883 60645    0.00000   53   30  139.00000    0.00000   100%  63.6  925s
 2499831 61243 infeasible   56       139.00000    0.00000   100%  63.4  930s
 2515103 61780 infeasible   59       139.00000    0.00000   100%  63.4  935s
 2532668 62163    0.00000   53   41  139.00000    0.00000   100%  63.3  940s
 2547281 62424    0.00000   60   38  139.00000    0.00000   100%  63.3  945s
 2561785 63219    0.00000   59   17  139.00000    0.00000   100%  63.2  950s
 2577712 63924 infeasible   58       139.00000    0.00000   100%  63.2  955s
 2596578 64801    0.00000   63   23  139.00000    0.00000   100%  63.0  960s
 2614618 65331    0.00000   52   21  139.00000    0.00000   100%  62.9  965s
 2635687 66167    0.00000   51   28  139.00000    0.00000   100%  62.8  970s
 2652006 66666    0.00000   52   13  139.00000    0.00000   100%  62.7  975s
 2669954 67301    0.00000   52   25  139.00000    0.00000   100%  62.6  980s
 2684178 68023 infeasible   60       139.00000    0.00000   100%  62.6  985s
 2699159 68782 infeasible   62       139.00000    0.00000   100%  62.6  990s
 2714636 69347    0.00000   62   26  139.00000    0.00000   100%  62.6  995s
 2729619 70036 infeasible   66       139.00000    0.00000   100%  62.6 1000s
 2744159 70508 infeasible   47       139.00000    0.00000   100%  62.6 1005s
 2758617 70748    0.00000   61   27  139.00000    0.00000   100%  62.5 1010s
 2776139 71156 infeasible   75       139.00000    0.00000   100%  62.5 1015s
 2791850 71456 infeasible   51       139.00000    0.00000   100%  62.4 1020s
 2809229 71603 infeasible   53       139.00000    0.00000   100%  62.3 1025s
 2825902 72018 infeasible   50       139.00000    0.00000   100%  62.3 1030s
 2841663 72581 infeasible   64       139.00000    0.00000   100%  62.2 1035s
 2857164 72828 infeasible   61       139.00000    0.00000   100%  62.2 1040s
 2871091 73006    0.00000   70   20  139.00000    0.00000   100%  62.2 1045s
 2884657 73154 infeasible   68       139.00000    0.00000   100%  62.2 1050s
 2900391 73675    0.00000   56   28  139.00000    0.00000   100%  62.2 1055s
 2914246 74552 infeasible   55       139.00000    0.00000   100%  62.2 1060s
 2927293 75104 infeasible   62       139.00000    0.00000   100%  62.2 1065s
 2945052 75435    0.00000   59   21  139.00000    0.00000   100%  62.2 1070s
 2959952 75598 infeasible   58       139.00000    0.00000   100%  62.1 1075s
 2975469 76112   47.00000   55   18  139.00000    0.00000   100%  62.1 1080s
 2990161 76611    0.00000   50   32  139.00000    0.00000   100%  62.1 1085s
 3004023 77057 infeasible   52       139.00000    0.00000   100%  62.1 1090s
 3019042 77508 infeasible   68       139.00000    0.00000   100%  62.1 1095s
 3031744 77753 infeasible   62       139.00000    0.00000   100%  62.1 1100s
 3047024 78598 infeasible   62       139.00000    0.00000   100%  62.1 1105s
 3062007 79113    0.00000   51    5  139.00000    0.00000   100%  62.1 1110s
 3076154 79611 infeasible   58       139.00000    0.00000   100%  62.1 1115s
 3090132 79894    0.00000   42   24  139.00000    0.00000   100%  62.1 1120s
 3106272 80587 infeasible   61       139.00000    0.00000   100%  62.1 1125s
 3119055 81306 infeasible   54       139.00000    0.00000   100%  62.1 1130s
 3132667 81761 infeasible   46       139.00000    0.00000   100%  62.1 1135s
 3143881 82222    0.00000   50   32  139.00000    0.00000   100%  62.1 1140s
 3157283 82603 infeasible   56       139.00000    0.00000   100%  62.2 1145s
 3169694 82926 infeasible   53       139.00000    0.00000   100%  62.2 1150s
 3185406 83640 infeasible   62       139.00000    0.00000   100%  62.2 1155s
 3200636 83879    0.00000   64   20  139.00000    0.00000   100%  62.1 1160s
 3220894 84183 infeasible   62       139.00000    0.00000   100%  62.0 1165s
 3236262 84555 infeasible   62       139.00000    0.00000   100%  62.0 1170s
 3250766 84770 infeasible   59       139.00000    0.00000   100%  62.0 1175s
 3263552 84832 infeasible   59       139.00000    0.00000   100%  62.0 1180s
 3278787 84907 infeasible   56       139.00000    0.00000   100%  62.0 1185s
 3292280 84977 infeasible   60       139.00000    0.00000   100%  62.0 1190s
 3305925 85326    0.00000   55   15  139.00000    0.00000   100%  62.0 1195s
 3318584 85524    0.00000   54   37  139.00000    0.00000   100%  62.0 1200s
 3331586 85712    0.00000   53   25  139.00000    0.00000   100%  62.0 1205s
 3344479 86010 infeasible   52       139.00000    0.00000   100%  62.0 1210s
 3356965 86215    0.00000   52   26  139.00000    0.00000   100%  62.0 1215s
 3368338 86681    0.00000   50   34  139.00000    0.00000   100%  62.0 1220s
 3384369 87475    0.00000   51    5  139.00000    0.00000   100%  62.0 1225s
 3397169 87964    0.00000   60   38  139.00000    0.00000   100%  62.0 1230s
 3410520 88540    0.00000   50   21  139.00000    0.00000   100%  62.0 1235s
 3422181 88919    0.00000   62    6  139.00000    0.00000   100%  62.1 1240s
 3436713 89316 infeasible   62       139.00000    0.00000   100%  62.1 1245s
 3450100 89574    0.00000   59   25  139.00000    0.00000   100%  62.1 1250s
 3461754 90077    0.00000   54    9  139.00000    0.00000   100%  62.1 1255s
 3477176 90857    0.00000   60   26  139.00000    0.00000   100%  62.1 1260s
 3489983 91360 infeasible   65       139.00000    0.00000   100%  62.1 1265s
 3498209 91892   48.00000   63   34  139.00000    0.00000   100%  62.1 1271s
 3515366 92383    0.00000   69   28  139.00000    0.00000   100%  62.1 1275s
 3528774 93099   48.00000   64   14  139.00000    0.00000   100%  62.1 1280s
 3542561 94087    0.00000   65   22  139.00000    0.00000   100%  62.1 1285s
 3555060 94800 infeasible   52       139.00000    0.00000   100%  62.1 1290s
 3569407 95625    0.00000   56   19  139.00000    0.00000   100%  62.1 1295s
 3583049 96199    0.00000   48   40  139.00000    0.00000   100%  62.1 1300s
 3595629 96281    0.00000   50   40  139.00000    0.00000   100%  62.1 1305s
 3610204 96662    0.00000   51    6  139.00000    0.00000   100%  62.1 1310s
 3620371 97101 infeasible   51       139.00000    0.00000   100%  62.2 1315s
 3633655 97493 infeasible   50       139.00000    0.00000   100%  62.2 1320s
 3644764 97734 infeasible   62       139.00000    0.00000   100%  62.2 1325s
 3655508 97756    0.00000   60   24  139.00000    0.00000   100%  62.3 1330s
 3669658 98142    0.00000   41    6  139.00000    0.00000   100%  62.3 1335s
 3680491 98501    0.00000   50   27  139.00000    0.00000   100%  62.3 1341s
 3697274 98662    0.00000   52   32  139.00000    0.00000   100%  62.2 1345s
 3709864 98785    0.00000   51   22  139.00000    0.00000   100%  62.3 1350s
 3722870 98744    0.00000   52   12  139.00000    0.00000   100%  62.3 1355s
 3736035 98952    0.00000   46   22  139.00000    0.00000   100%  62.3 1360s
 3749403 99126    0.00000   59   19  139.00000    0.00000   100%  62.3 1365s
 3762000 99493 infeasible   61       139.00000    0.00000   100%  62.3 1370s
 3774353 99682    0.00000   49   35  139.00000    0.00000   100%  62.3 1375s
 3787908 100064    0.00000   57   22  139.00000    0.00000   100%  62.3 1380s
 3800626 100511    0.00000   46   26  139.00000    0.00000   100%  62.3 1385s
 3815714 101131    0.00000   51    6  139.00000    0.00000   100%  62.3 1390s
 3828362 102140    0.00000   54   12  139.00000    0.00000   100%  62.3 1395s
 3843266 103016 infeasible   58       139.00000    0.00000   100%  62.3 1400s
 3856327 103693    0.00000   55   20  139.00000    0.00000   100%  62.2 1405s
 3872687 104836    0.00000   53   21  139.00000    0.00000   100%  62.2 1410s
 3887168 105048 infeasible   71       139.00000    0.00000   100%  62.2 1415s
 3904638 105118    0.00000   72    6  139.00000    0.00000   100%  62.1 1420s
 3920226 105222   47.00000   60   27  139.00000    0.00000   100%  62.1 1425s
 3934649 105365    0.00000   64   26  139.00000    0.00000   100%  62.1 1430s
 3949333 106055 infeasible   73       139.00000    0.00000   100%  62.0 1435s
 3963712 106817 infeasible   53       139.00000    0.00000   100%  62.0 1440s
 3977791 106879    0.00000   52    5  139.00000    0.00000   100%  62.0 1445s
 3990701 106998    0.00000   53   32  139.00000    0.00000   100%  62.0 1450s
 4004765 107068    0.00000   53   28  139.00000    0.00000   100%  62.0 1455s
 4019261 107484   47.00000   64   29  139.00000    0.00000   100%  62.0 1460s
 4033343 108435    0.00000   50   37  139.00000    0.00000   100%  62.0 1465s
 4047095 109342 infeasible   52       139.00000    0.00000   100%  62.0 1470s
 4061593 109823 infeasible   54       139.00000    0.00000   100%  62.0 1475s
 4076940 110126    0.00000   51    7  139.00000    0.00000   100%  62.0 1480s
 4092050 110610 infeasible   53       139.00000    0.00000   100%  62.0 1485s
 4106232 111308    0.00000   55   21  139.00000    0.00000   100%  62.0 1490s
 4120714 112664 infeasible   49       139.00000    0.00000   100%  61.9 1495s
 4139075 114121 infeasible   59       139.00000    0.00000   100%  61.9 1500s
 4156169 115429 infeasible   50       139.00000    0.00000   100%  61.8 1505s
 4166320 116644 infeasible   63       139.00000    0.00000   100%  61.8 1510s
 4187780 118494 infeasible   61       139.00000    0.00000   100%  61.7 1515s
 4206295 120568    0.00000   55   16  139.00000    0.00000   100%  61.6 1520s
 4224655 122451    0.00000   52   23  139.00000    0.00000   100%  61.5 1525s
 4240377 123446   48.00000   61    8  139.00000    0.00000   100%  61.5 1530s
 4259849 124995 infeasible   58       139.00000    0.00000   100%  61.4 1535s
 4277048 126044 infeasible   54       139.00000    0.00000   100%  61.4 1540s
 4295714 127072   47.00000   52   14  139.00000    0.00000   100%  61.3 1545s
 4311384 128116    0.00000   62   20  139.00000    0.00000   100%  61.3 1550s
 4328949 128893 infeasible   52       139.00000    0.00000   100%  61.2 1555s
 4341978 129283    0.00000   47   19  139.00000    0.00000   100%  61.2 1560s
 4355462 129668 infeasible   51       139.00000    0.00000   100%  61.2 1565s
 4370651 129766    0.00000   52    4  139.00000    0.00000   100%  61.2 1570s
 4383413 129774    0.00000   55   24  139.00000    0.00000   100%  61.2 1575s
 4390816 129677 infeasible   51       139.00000    0.00000   100%  61.2 1580s
 4408083 129715    0.00000   45   25  139.00000    0.00000   100%  61.2 1585s
 4425359 129810    0.00000   60   38  139.00000    0.00000   100%  61.2 1590s
 4440345 129829    0.00000   64   13  139.00000    0.00000   100%  61.2 1595s
 4454352 130190    0.00000   61   27  139.00000    0.00000   100%  61.2 1600s
 4472086 130867  116.00000   68   16  139.00000    0.00000   100%  61.1 1605s
 4486690 131324 infeasible   60       139.00000    0.00000   100%  61.1 1610s
 4504308 131599 infeasible   61       139.00000    0.00000   100%  61.1 1615s
 4518147 131922 infeasible   49       139.00000    0.00000   100%  61.1 1620s
 4534508 132370 infeasible   52       139.00000    0.00000   100%  61.0 1625s
 4549208 132983 infeasible   48       139.00000    0.00000   100%  61.0 1630s
 4562099 133611 infeasible   61       139.00000    0.00000   100%  61.0 1635s
 4577188 134345    0.00000   55   40  139.00000    0.00000   100%  61.0 1640s
 4590881 134911    0.00000   47   44  139.00000    0.00000   100%  61.0 1645s
 4606962 135236   47.00000   73    1  139.00000    0.00000   100%  61.0 1650s
 4621076 135687    0.00000   54   28  139.00000    0.00000   100%  61.0 1655s
 4633954 135933 infeasible   53       139.00000    0.00000   100%  61.0 1660s
 4648344 135905 infeasible   50       139.00000    0.00000   100%  61.0 1665s
 4661829 136171 infeasible   52       139.00000    0.00000   100%  61.0 1670s
 4675409 136312    0.00000   66   26  139.00000    0.00000   100%  61.0 1675s
 4692506 137055 infeasible   54       139.00000    0.00000   100%  60.9 1680s
 4705655 137333    0.00000   52   12  139.00000    0.00000   100%  60.9 1685s
 4722267 137726 infeasible   67       139.00000    0.00000   100%  60.9 1690s
 4738593 137828 infeasible   60       139.00000    0.00000   100%  60.9 1695s
 4755919 137869 infeasible   51       139.00000    0.00000   100%  60.8 1700s
 4772468 137826 infeasible   56       139.00000    0.00000   100%  60.8 1705s
 4787984 137703    0.00000   54   18  139.00000    0.00000   100%  60.8 1710s
 4804333 138042    0.00000   61    3  139.00000    0.00000   100%  60.7 1715s
 4815763 138349    0.00000   52    7  139.00000    0.00000   100%  60.8 1720s
 4829094 138594 infeasible   62       139.00000    0.00000   100%  60.8 1725s
 4842530 138674    0.00000   69   21  139.00000    0.00000   100%  60.8 1730s
 4855107 138624 infeasible   59       139.00000    0.00000   100%  60.8 1735s
 4867209 138538 infeasible   51       139.00000    0.00000   100%  60.8 1740s
 4880939 138522 infeasible   62       139.00000    0.00000   100%  60.8 1745s
 4893142 138489 infeasible   49       139.00000    0.00000   100%  60.8 1750s
 4905231 138443    0.00000   51   27  139.00000    0.00000   100%  60.9 1755s
 4917017 138372 infeasible   62       139.00000    0.00000   100%  60.9 1760s
 4932127 138370    0.00000   50   35  139.00000    0.00000   100%  60.9 1765s
 4944996 138514 infeasible   57       139.00000    0.00000   100%  60.9 1770s
 4960788 139684    0.00000   55   22  139.00000    0.00000   100%  60.9 1775s
 4978278 140847 infeasible   59       139.00000    0.00000   100%  60.8 1780s
 4995902 141717    0.00000   51   25  139.00000    0.00000   100%  60.8 1785s
 5010097 142223   48.00000   62    4  139.00000    0.00000   100%  60.8 1790s
 5023286 142430 infeasible   59       139.00000    0.00000   100%  60.8 1795s
 5035430 142671    0.00000   46   23  139.00000    0.00000   100%  60.8 1800s
 5050702 142943    0.00000   52    6  139.00000    0.00000   100%  60.8 1805s
 5063215 143144    0.00000   52   18  139.00000    0.00000   100%  60.8 1810s
 5078130 143417    0.00000   52   16  139.00000    0.00000   100%  60.8 1815s
 5092207 143478 infeasible   54       139.00000    0.00000   100%  60.8 1820s
 5106886 143497 infeasible   53       139.00000    0.00000   100%  60.8 1825s
 5122357 143392 infeasible   52       139.00000    0.00000   100%  60.8 1830s
 5136317 143540    0.00000   52    9  139.00000    0.00000   100%  60.8 1835s
 5150426 144281    0.00000   51    6  139.00000    0.00000   100%  60.8 1840s
 5161074 145177 infeasible   66       139.00000    0.00000   100%  60.8 1845s
 5176832 146012    0.00000   55   23  139.00000    0.00000   100%  60.8 1850s
 5185518 146449 infeasible   53       139.00000    0.00000   100%  60.8 1855s
 5204881 147105 infeasible   57       139.00000    0.00000   100%  60.8 1860s
 5218112 147715    0.00000   45   22  139.00000    0.00000   100%  60.8 1865s
 5231718 148696 infeasible   53       139.00000    0.00000   100%  60.8 1870s
 5245968 150403    0.00000   52   25  139.00000    0.00000   100%  60.8 1876s
 5264545 151526    0.00000   51   26  139.00000    0.00000   100%  60.8 1880s
 5279874 152159 infeasible   52       139.00000    0.00000   100%  60.8 1885s
 5293812 152312    0.00000   52   14  139.00000    0.00000   100%  60.7 1890s
 5306551 153522 infeasible   60       139.00000    0.00000   100%  60.8 1895s
 5319532 154170 infeasible   66       139.00000    0.00000   100%  60.8 1900s
 5332303 154832 infeasible   60       139.00000    0.00000   100%  60.8 1905s
 5344358 155189    0.00000   46   27  139.00000    0.00000   100%  60.8 1910s
 5358907 155589    0.00000   46   20  139.00000    0.00000   100%  60.8 1915s
 5372118 156256    0.00000   53   25  139.00000    0.00000   100%  60.8 1920s
 5385808 156774 infeasible   52       139.00000    0.00000   100%  60.8 1925s
 5395905 157047 infeasible   61       139.00000    0.00000   100%  60.8 1931s
 5414955 157229 infeasible   68       139.00000    0.00000   100%  60.8 1935s
 5430917 157675    0.00000   55   44  139.00000    0.00000   100%  60.8 1940s
 5444915 158004    0.00000   48   31  139.00000    0.00000   100%  60.8 1945s
 5458127 158475 infeasible   54       139.00000    0.00000   100%  60.8 1950s
 5473541 158827 infeasible   52       139.00000    0.00000   100%  60.8 1955s
 5488251 159006 infeasible   65       139.00000    0.00000   100%  60.8 1960s
 5505391 158998    0.00000   52    6  139.00000    0.00000   100%  60.8 1965s
 5518949 158884    0.00000   71   16  139.00000    0.00000   100%  60.7 1970s
 5535027 158857    0.00000   52    8  139.00000    0.00000   100%  60.7 1975s
 5549875 158784    0.00000   57   17  139.00000    0.00000   100%  60.7 1980s
 5563101 158666 infeasible   65       139.00000    0.00000   100%  60.8 1985s
 5577852 158623    0.00000   64   15  139.00000    0.00000   100%  60.7 1990s
 5592110 158625    0.00000   53   38  139.00000    0.00000   100%  60.7 1995s
 5605333 158498 infeasible   53       139.00000    0.00000   100%  60.7 2000s
 5619698 158483 infeasible   52       139.00000    0.00000   100%  60.8 2005s
 5631121 158776    0.00000   55   26  139.00000    0.00000   100%  60.8 2010s
 5643523 159089    0.00000   50   20  139.00000    0.00000   100%  60.8 2015s
 5657445 159376    0.00000   52   13  139.00000    0.00000   100%  60.8 2020s
 5669982 159757    0.00000   56   15  139.00000    0.00000   100%  60.8 2025s
 5681886 160124    0.00000   50   29  139.00000    0.00000   100%  60.8 2030s
 5695751 160617 infeasible   56       139.00000    0.00000   100%  60.8 2035s
 5710522 161102    0.00000   58   27  139.00000    0.00000   100%  60.8 2040s
 5724173 161294    0.00000   66   19  139.00000    0.00000   100%  60.8 2045s
 5736625 161338 infeasible   50       139.00000    0.00000   100%  60.9 2050s
 5751869 161397 infeasible   63       139.00000    0.00000   100%  60.9 2055s
 5764024 161524 infeasible   51       139.00000    0.00000   100%  60.9 2060s
 5776278 161644 infeasible   52       139.00000    0.00000   100%  60.9 2065s
 5787553 161684    0.00000   55   25  139.00000    0.00000   100%  60.9 2070s
 5800373 161780    0.00000   62   16  139.00000    0.00000   100%  61.0 2075s
 5813505 161952    0.00000   61    4  139.00000    0.00000   100%  61.0 2080s
 5828370 162158 infeasible   57       139.00000    0.00000   100%  61.0 2085s
 5840669 162506    0.00000   52   15  139.00000    0.00000   100%  61.0 2090s
 5853567 163072    0.00000   56   33  139.00000    0.00000   100%  61.0 2095s
 5866520 163369 infeasible   61       139.00000    0.00000   100%  61.0 2100s
 5877568 163758 infeasible   52       139.00000    0.00000   100%  61.0 2105s
 5890010 163937    0.00000   58   19  139.00000    0.00000   100%  61.0 2110s
 5905443 164355 infeasible   62       139.00000    0.00000   100%  61.1 2115s
 5917975 164458 infeasible   68       139.00000    0.00000   100%  61.1 2120s
 5931011 164515 infeasible   63       139.00000    0.00000   100%  61.1 2125s
 5943961 164648    0.00000   52    7  139.00000    0.00000   100%  61.1 2130s
 5956803 164548 infeasible   51       139.00000    0.00000   100%  61.1 2135s
 5968723 164590 infeasible   51       139.00000    0.00000   100%  61.1 2140s
 5983254 164876    0.00000   59   27  139.00000    0.00000   100%  61.1 2145s
 5996575 165162    0.00000   41   20  139.00000    0.00000   100%  61.1 2150s
 6009450 165448 infeasible   64       139.00000    0.00000   100%  61.1 2155s
 6022329 166019    0.00000   52   13  139.00000    0.00000   100%  61.1 2160s
 6034754 166340    0.00000   60   28  139.00000    0.00000   100%  61.1 2165s
 6047814 166749 infeasible   66       139.00000    0.00000   100%  61.1 2170s
 6061643 166947 infeasible   51       139.00000    0.00000   100%  61.1 2175s
 6073940 167300    0.00000   59   24  139.00000    0.00000   100%  61.2 2180s
 6086393 167735 infeasible   50       139.00000    0.00000   100%  61.2 2185s
 6098958 168029 infeasible   55       139.00000    0.00000   100%  61.2 2190s
 6113270 168175 infeasible   56       139.00000    0.00000   100%  61.2 2195s
 6127777 168305 infeasible   50       139.00000    0.00000   100%  61.2 2200s
 6140612 168709 infeasible   58       139.00000    0.00000   100%  61.2 2205s
 6154097 169315     cutoff   57       139.00000    0.00000   100%  61.2 2210s
 6165212 169603    0.00000   48   26  139.00000    0.00000   100%  61.2 2215s
 6178133 169748 infeasible   56       139.00000    0.00000   100%  61.2 2220s
 6190327 169922    0.00000   52   11  139.00000    0.00000   100%  61.2 2225s
 6203621 170182    0.00000   61   14  139.00000    0.00000   100%  61.3 2230s
 6218019 170306    0.00000   51    5  139.00000    0.00000   100%  61.3 2235s
 6230906 170552 infeasible   57       139.00000    0.00000   100%  61.3 2240s
 6243693 170665 infeasible   60       139.00000    0.00000   100%  61.3 2245s
 6256765 170958    0.00000   50   16  139.00000    0.00000   100%  61.3 2250s
 6270801 171223 infeasible   55       139.00000    0.00000   100%  61.3 2255s
 6284778 171712 infeasible   62       139.00000    0.00000   100%  61.3 2260s
 6291081 171657    0.00000   60   29  139.00000    0.00000   100%  61.3 2265s
 6311365 172227 infeasible   55       139.00000    0.00000   100%  61.3 2270s
 6324754 172633    0.00000   42   31  139.00000    0.00000   100%  61.3 2275s
 6337330 173181 infeasible   62       139.00000    0.00000   100%  61.3 2280s
 6348083 173409    0.00000   48   30  139.00000    0.00000   100%  61.3 2285s
 6361134 173519 infeasible   62       139.00000    0.00000   100%  61.3 2290s
 6374434 173805 infeasible   51       139.00000    0.00000   100%  61.3 2295s
 6389369 174423    0.00000   56   24  139.00000    0.00000   100%  61.3 2300s
 6402505 174799    0.00000   50   34  139.00000    0.00000   100%  61.3 2305s
 6414795 175135 infeasible   48       139.00000    0.00000   100%  61.4 2310s
 6429317 175593   47.00000   57   21  139.00000    0.00000   100%  61.3 2315s
 6444500 175891    0.00000   47   14  139.00000    0.00000   100%  61.3 2320s
 6456824 176366    0.00000   49   31  139.00000    0.00000   100%  61.4 2325s
 6468284 176745    0.00000   53   29  139.00000    0.00000   100%  61.4 2330s
 6480738 176787    0.00000   52   26  139.00000    0.00000   100%  61.4 2335s
 6491585 176800    0.00000   53   19  139.00000    0.00000   100%  61.4 2340s
 6503856 176920 infeasible   59       139.00000    0.00000   100%  61.4 2345s
 6517911 177499   48.00000   70   12  139.00000    0.00000   100%  61.4 2350s
 6530617 178335 infeasible   61       139.00000    0.00000   100%  61.5 2355s
 6542883 179316 infeasible   63       139.00000    0.00000   100%  61.5 2360s
 6555956 179643 infeasible   52       139.00000    0.00000   100%  61.5 2365s
 6566975 179923 infeasible   61       139.00000    0.00000   100%  61.5 2370s
 6579741 180157 infeasible   64       139.00000    0.00000   100%  61.5 2375s
 6593512 180530 infeasible   52       139.00000    0.00000   100%  61.5 2380s
 6604298 180635    0.00000   60   38  139.00000    0.00000   100%  61.5 2385s
 6617791 180785    0.00000   50   26  139.00000    0.00000   100%  61.5 2390s
 6629775 180988 infeasible   61       139.00000    0.00000   100%  61.5 2395s
 6643708 181166 infeasible   51       139.00000    0.00000   100%  61.5 2400s
 6655789 181322 infeasible   57       139.00000    0.00000   100%  61.5 2405s
 6666600 181394    0.00000   60   19  139.00000    0.00000   100%  61.6 2410s
 6679047 181463    0.00000   55   27  139.00000    0.00000   100%  61.6 2415s
 6693392 181906   48.00000   58   20  139.00000    0.00000   100%  61.6 2420s
 6708002 182720 infeasible   52       139.00000    0.00000   100%  61.6 2425s
 6721443 183231    0.00000   52   15  139.00000    0.00000   100%  61.6 2430s
 6734561 183589 infeasible   60       139.00000    0.00000   100%  61.6 2435s
 6751043 183995    0.00000   56   18  139.00000    0.00000   100%  61.6 2440s
 6766268 184349 infeasible   49       139.00000    0.00000   100%  61.5 2445s
 6779992 185137 infeasible   52       139.00000    0.00000   100%  61.5 2450s
 6794338 185549    0.00000   52    5  139.00000    0.00000   100%  61.5 2455s
 6809255 186045    0.00000   45   27  139.00000    0.00000   100%  61.5 2460s
 6822499 186473 infeasible   69       139.00000    0.00000   100%  61.5 2465s
 6836713 186892    0.00000   49   29  139.00000    0.00000   100%  61.5 2470s
 6845723 187219    0.00000   59   26  139.00000    0.00000   100%  61.5 2475s
 6862579 187626    0.00000   68   15  139.00000    0.00000   100%  61.5 2480s
 6877448 187869 infeasible   51       139.00000    0.00000   100%  61.5 2485s
 6891651 188077    0.00000   51    2  139.00000    0.00000   100%  61.5 2490s
 6905076 188666    0.00000   51   25  139.00000    0.00000   100%  61.5 2495s
 6917575 189144    0.00000   60   32  139.00000    0.00000   100%  61.5 2500s
 6929735 189671    0.00000   58   24  139.00000    0.00000   100%  61.6 2505s
 6942942 189940 infeasible   49       139.00000    0.00000   100%  61.6 2510s
 6953195 189984 infeasible   59       139.00000    0.00000   100%  61.6 2515s
 6965456 190057 infeasible   52       139.00000    0.00000   100%  61.6 2520s
 6977814 190071    0.00000   52   11  139.00000    0.00000   100%  61.6 2525s
 6990229 190121 infeasible   51       139.00000    0.00000   100%  61.6 2530s
 7000579 190361 infeasible   56       139.00000    0.00000   100%  61.7 2535s
 7013480 190579 infeasible   49       139.00000    0.00000   100%  61.7 2540s
 7024427 190529    0.00000   54   21  139.00000    0.00000   100%  61.7 2545s
 7035852 190574 infeasible   57       139.00000    0.00000   100%  61.7 2550s
 7047455 190741    0.00000   54   14  139.00000    0.00000   100%  61.8 2555s
 7060184 190785 infeasible   52       139.00000    0.00000   100%  61.8 2560s
 7071069 190846    0.00000   51    6  139.00000    0.00000   100%  61.8 2565s
 7083007 191144    0.00000   52   30  139.00000    0.00000   100%  61.8 2570s
 7095345 192142 infeasible   52       139.00000    0.00000   100%  61.8 2575s
 7110287 193066 infeasible   54       139.00000    0.00000   100%  61.8 2580s
 7124281 193608    0.00000   42    5  139.00000    0.00000   100%  61.8 2585s
 7138124 193942    0.00000   41    8  139.00000    0.00000   100%  61.8 2590s
 7152511 194639    0.00000   47    7  139.00000    0.00000   100%  61.8 2595s
 7169703 196028    0.00000   52   13  139.00000    0.00000   100%  61.8 2600s
 7185648 197254 infeasible   59       139.00000    0.00000   100%  61.8 2605s
 7199864 198333    0.00000   57   36  139.00000    0.00000   100%  61.8 2610s
 7215312 198930 infeasible   58       139.00000    0.00000   100%  61.8 2615s
 7233236 199237    0.00000   52    8  139.00000    0.00000   100%  61.7 2620s
 7248741 199513 infeasible   52       139.00000    0.00000   100%  61.7 2625s
 7263310 200319    0.00000   53   23  139.00000    0.00000   100%  61.7 2630s
 7278353 201213 infeasible   61       139.00000    0.00000   100%  61.7 2635s
 7291107 201412 infeasible   61       139.00000    0.00000   100%  61.7 2640s
 7304445 201657 infeasible   61       139.00000    0.00000   100%  61.7 2645s
 7316605 202115 infeasible   52       139.00000    0.00000   100%  61.7 2650s
 7327203 202322 infeasible   52       139.00000    0.00000   100%  61.7 2655s
 7341376 202504    0.00000   51    5  139.00000    0.00000   100%  61.7 2660s
 7355799 202547    0.00000   58   29  139.00000    0.00000   100%  61.7 2665s
 7370367 202757 infeasible   52       139.00000    0.00000   100%  61.7 2670s
 7386854 202836    0.00000   48    8  139.00000    0.00000   100%  61.7 2675s
 7403089 202850    0.00000   52   20  139.00000    0.00000   100%  61.7 2680s
 7416977 203412    0.00000   44   23  139.00000    0.00000   100%  61.7 2685s
 7427017 203766 infeasible   52       139.00000    0.00000   100%  61.7 2690s
 7438929 204148    0.00000   52   25  139.00000    0.00000   100%  61.7 2695s
 7451031 204346 infeasible   54       139.00000    0.00000   100%  61.8 2700s
 7465548 204412    0.00000   50   32  139.00000    0.00000   100%  61.8 2705s
 7478023 204714    0.00000   56   25  139.00000    0.00000   100%  61.8 2710s
 7490130 204760 infeasible   52       139.00000    0.00000   100%  61.8 2715s
 7502283 204797 infeasible   51       139.00000    0.00000   100%  61.8 2720s
 7512577 204713 infeasible   50       139.00000    0.00000   100%  61.8 2725s
 7526842 205086 infeasible   46       139.00000    0.00000   100%  61.8 2730s
 7540707 205541    0.00000   57   30  139.00000    0.00000   100%  61.8 2735s
 7554420 205816    0.00000   46   12  139.00000    0.00000   100%  61.8 2740s
 7569790 205963    0.00000   60   25  139.00000    0.00000   100%  61.8 2745s
 7583523 206033 infeasible   50       139.00000    0.00000   100%  61.8 2750s
 7595413 206043    0.00000   52    9  139.00000    0.00000   100%  61.8 2755s
 7612435 206086 infeasible   49       139.00000    0.00000   100%  61.8 2760s
 7626404 206162    0.00000   59   30  139.00000    0.00000   100%  61.8 2765s
 7640160 206469    0.00000   60   32  139.00000    0.00000   100%  61.8 2770s
 7653068 207748    0.00000   55   11  139.00000    0.00000   100%  61.8 2775s
 7669396 208637    0.00000   52    6  139.00000    0.00000   100%  61.8 2780s
 7685221 209007 infeasible   52       139.00000    0.00000   100%  61.8 2785s
 7698436 209335    0.00000   50   29  139.00000    0.00000   100%  61.8 2790s
 7714521 209670    0.00000   51   28  139.00000    0.00000   100%  61.8 2795s
 7730017 209944    0.00000   57   15  139.00000    0.00000   100%  61.8 2800s
 7744199 210231    0.00000   57   23  139.00000    0.00000   100%  61.8 2805s
 7759359 210500    0.00000   54   28  139.00000    0.00000   100%  61.8 2810s
 7772831 210615    0.00000   58   15  139.00000    0.00000   100%  61.8 2815s
 7788916 210806 infeasible   54       139.00000    0.00000   100%  61.7 2820s
 7804387 211023 infeasible   61       139.00000    0.00000   100%  61.7 2825s
 7816843 211050 infeasible   51       139.00000    0.00000   100%  61.7 2830s
 7828243 210992    0.00000   52   10  139.00000    0.00000   100%  61.8 2835s
 7840165 210957 infeasible   42       139.00000    0.00000   100%  61.8 2840s
 7853381 210856 infeasible   63       139.00000    0.00000   100%  61.8 2845s
 7866517 210844 infeasible   51       139.00000    0.00000   100%  61.8 2850s
 7880929 210777    0.00000   56   26  139.00000    0.00000   100%  61.8 2855s
 7893546 210688    0.00000   52   14  139.00000    0.00000   100%  61.8 2860s
 7907577 210547    0.00000   62   18  139.00000    0.00000   100%  61.8 2865s
 7921574 210560    0.00000   52    8  139.00000    0.00000   100%  61.8 2870s
 7935753 210498 infeasible   61       139.00000    0.00000   100%  61.8 2875s
 7947560 210484    0.00000   60   27  139.00000    0.00000   100%  61.8 2880s
 7963498 210408 infeasible   62       139.00000    0.00000   100%  61.8 2885s
 7971307 210190 infeasible   66       139.00000    0.00000   100%  61.8 2891s
 7988905 210229    0.00000   58   31  139.00000    0.00000   100%  61.8 2895s
 8002164 210234    0.00000   59   24  139.00000    0.00000   100%  61.8 2900s
 8015427 210176 infeasible   62       139.00000    0.00000   100%  61.8 2905s
 8031228 210073 infeasible   52       139.00000    0.00000   100%  61.8 2910s
 8043917 209935    0.00000   56   22  139.00000    0.00000   100%  61.8 2915s
 8059529 210103 infeasible   52       139.00000    0.00000   100%  61.8 2920s
 8073117 210078 infeasible   51       139.00000    0.00000   100%  61.8 2925s
 8085433 210039 infeasible   59       139.00000    0.00000   100%  61.8 2930s
 8101068 209822    0.00000   52    9  139.00000    0.00000   100%  61.8 2935s
 8115809 209679    0.00000   43   10  139.00000    0.00000   100%  61.8 2940s
 8129228 209733 infeasible   51       139.00000    0.00000   100%  61.8 2945s
 8142514 209908    0.00000   51    6  139.00000    0.00000   100%  61.8 2950s
 8156171 209951    0.00000   54   19  139.00000    0.00000   100%  61.8 2955s
 8167344 209906    0.00000   52    5  139.00000    0.00000   100%  61.8 2960s
 8180470 209811 infeasible   61       139.00000    0.00000   100%  61.8 2965s
 8193977 209777 infeasible   52       139.00000    0.00000   100%  61.8 2970s
 8207227 209714    0.00000   52   28  139.00000    0.00000   100%  61.8 2975s
 8220738 209604 infeasible   57       139.00000    0.00000   100%  61.8 2980s
 8236438 209588    0.00000   62    6  139.00000    0.00000   100%  61.8 2985s
 8250575 209497    0.00000   62   19  139.00000    0.00000   100%  61.8 2990s
 8264613 209357 infeasible   52       139.00000    0.00000   100%  61.8 2995s
 8277149 209368 infeasible   50       139.00000    0.00000   100%  61.8 3000s
 8293682 209314 infeasible   51       139.00000    0.00000   100%  61.8 3005s
 8308329 209191    0.00000   46   28  139.00000    0.00000   100%  61.8 3010s
 8321094 209140    0.00000   55   26  139.00000    0.00000   100%  61.8 3015s
 8335577 209222 infeasible   55       139.00000    0.00000   100%  61.8 3020s
 8348842 209252    0.00000   50   47  139.00000    0.00000   100%  61.8 3025s
 8361994 209255    0.00000   46   33  139.00000    0.00000   100%  61.8 3030s
 8375222 209418 infeasible   51       139.00000    0.00000   100%  61.8 3035s
 8391131 209394    0.00000   72   20  139.00000    0.00000   100%  61.8 3040s
 8406173 209389 infeasible   54       139.00000    0.00000   100%  61.8 3045s
 8419799 209624 infeasible   52       139.00000    0.00000   100%  61.8 3050s
 8431907 209666 infeasible   52       139.00000    0.00000   100%  61.8 3055s
 8445192 209620 infeasible   51       139.00000    0.00000   100%  61.8 3060s
 8458452 209520    0.00000   61    5  139.00000    0.00000   100%  61.8 3065s
 8473227 209637    0.00000   54   11  139.00000    0.00000   100%  61.8 3070s
 8487703 209565 infeasible   74       139.00000    0.00000   100%  61.8 3075s
 8501827 209554    0.00000   52   10  139.00000    0.00000   100%  61.8 3080s
H8501968 209554                     139.0000000    0.00000   100%  61.8 3080s
 8513830 209604 infeasible   61       139.00000    0.00000   100%  61.8 3085s
 8526965 209590 infeasible   53       139.00000    0.00000   100%  61.8 3090s
 8541856 209556 infeasible   55       139.00000    0.00000   100%  61.8 3095s
 8554549 209728    0.00000   53   16  139.00000    0.00000   100%  61.8 3100s
 8570005 210022    0.00000   55   31  139.00000    0.00000   100%  61.8 3105s
 8582602 210355 infeasible   62       139.00000    0.00000   100%  61.8 3110s
 8596620 210608    0.00000   50   47  139.00000    0.00000   100%  61.8 3115s
 8608199 210731    0.00000   57   29  139.00000    0.00000   100%  61.8 3120s
 8620840 210693    0.00000   51    6  139.00000    0.00000   100%  61.8 3125s
 8632080 210631    0.00000   48   37  139.00000    0.00000   100%  61.8 3130s
 8645535 210539    0.00000   62   19  139.00000    0.00000   100%  61.8 3135s
 8657747 210435    0.00000   60   35  139.00000    0.00000   100%  61.8 3140s
 8671609 210528    0.00000   53    5  139.00000    0.00000   100%  61.8 3145s
 8685091 210368 infeasible   62       139.00000    0.00000   100%  61.8 3150s
 8697602 210361 infeasible   62       139.00000    0.00000   100%  61.8 3155s
 8711409 210329 infeasible   59       139.00000    0.00000   100%  61.8 3160s
 8726977 210276    0.00000   62    7  139.00000    0.00000   100%  61.8 3165s
 8738504 210360 infeasible   62       139.00000    0.00000   100%  61.8 3170s
 8751186 210296 infeasible   55       139.00000    0.00000   100%  61.8 3175s
 8762044 210244    0.00000   60   34  139.00000    0.00000   100%  61.8 3180s
 8774125 210438    0.00000   50   36  139.00000    0.00000   100%  61.8 3185s
 8786859 210717 infeasible   55       139.00000    0.00000   100%  61.8 3190s
 8799596 211028 infeasible   57       139.00000    0.00000   100%  61.8 3195s
 8813890 211040 infeasible   62       139.00000    0.00000   100%  61.8 3200s
 8827860 210979 infeasible   60       139.00000    0.00000   100%  61.8 3205s
 8839222 210920 infeasible   71       139.00000    0.00000   100%  61.8 3210s
 8852805 210796 infeasible   60       139.00000    0.00000   100%  61.9 3215s
 8864082 210775    0.00000   62    6  139.00000    0.00000   100%  61.9 3220s
 8876926 210730    0.00000   70   33  139.00000    0.00000   100%  61.9 3225s
 8888864 210666    0.00000   62    4  139.00000    0.00000   100%  61.9 3230s
 8901347 210641 infeasible   62       139.00000    0.00000   100%  61.9 3235s
 8914096 210485    0.00000   52   11  139.00000    0.00000   100%  61.9 3240s
 8927863 210471    0.00000   54   33  139.00000    0.00000   100%  61.9 3245s
 8940371 210490 infeasible   62       139.00000    0.00000   100%  61.9 3250s
 8952695 210374 infeasible   61       139.00000    0.00000   100%  61.9 3255s
 8967322 210308    0.00000   60   25  139.00000    0.00000   100%  61.9 3260s
 8980310 210242    0.00000   57   25  139.00000    0.00000   100%  61.9 3265s
 8992407 210276 infeasible   49       139.00000    0.00000   100%  61.9 3270s
 9006796 210343    0.00000   62   10  139.00000    0.00000   100%  61.9 3275s
 9019556 210313 infeasible   61       139.00000    0.00000   100%  61.9 3280s
 9033766 210196    0.00000   55   25  139.00000    0.00000   100%  61.9 3285s
 9047901 210255 infeasible   52       139.00000    0.00000   100%  61.9 3290s
 9061792 210317    0.00000   60   27  139.00000    0.00000   100%  61.9 3295s
 9075134 210358    0.00000   50   25  139.00000    0.00000   100%  61.9 3300s
 9085343 210175    0.00000   59   35  139.00000    0.00000   100%  61.9 3306s
 9101260 210125    0.00000   60   32  139.00000    0.00000   100%  61.9 3310s
 9115970 210082 infeasible   58       139.00000    0.00000   100%  61.9 3315s
 9128985 210166    0.00000   50   25  139.00000    0.00000   100%  61.9 3320s
 9142381 210025 infeasible   49       139.00000    0.00000   100%  61.9 3325s
 9156035 209906    0.00000   53    9  139.00000    0.00000   100%  61.9 3330s
 9168376 209779    0.00000   50   34  139.00000    0.00000   100%  61.9 3335s
 9183364 209657 infeasible   57       139.00000    0.00000   100%  61.9 3340s
 9195632 209620 infeasible   71       139.00000    0.00000   100%  61.9 3345s
 9211213 209779    0.00000   52   13  139.00000    0.00000   100%  61.9 3350s
 9223954 209934 infeasible   62       139.00000    0.00000   100%  61.9 3355s
 9230628 209955    0.00000   53    8  139.00000    0.00000   100%  61.9 3360s
 9251838 210026 infeasible   61       139.00000    0.00000   100%  61.9 3365s
 9265537 210053    0.00000   62    5  139.00000    0.00000   100%  61.9 3370s
 9278836 209937    0.00000   67   34  139.00000    0.00000   100%  61.9 3375s
 9291653 209997    0.00000   49   14  139.00000    0.00000   100%  61.9 3380s
 9305839 210514 infeasible   56       139.00000    0.00000   100%  61.9 3385s
 9319665 210749    0.00000   52   14  139.00000    0.00000   100%  61.9 3390s
 9333319 210865 infeasible   54       139.00000    0.00000   100%  61.9 3395s
 9349208 210813 infeasible   59       139.00000    0.00000   100%  61.9 3400s
 9362544 210733    0.00000   62    2  139.00000    0.00000   100%  61.9 3405s
 9376696 210700    0.00000   60   35  139.00000    0.00000   100%  61.9 3410s
 9389822 210736 infeasible   62       139.00000    0.00000   100%  61.9 3415s
 9403993 210737 infeasible   66       139.00000    0.00000   100%  61.9 3420s
 9416774 210620 infeasible   65       139.00000    0.00000   100%  61.9 3425s
 9430109 210621 infeasible   62       139.00000    0.00000   100%  61.9 3430s
 9445506 210612 infeasible   52       139.00000    0.00000   100%  61.9 3435s
 9459516 210483 infeasible   53       139.00000    0.00000   100%  61.9 3440s
 9471898 210516    0.00000   57   29  139.00000    0.00000   100%  61.9 3445s
 9485945 210714 infeasible   57       139.00000    0.00000   100%  61.9 3450s
 9501472 211000    0.00000   62    5  139.00000    0.00000   100%  61.9 3455s
 9518323 211035 infeasible   63       139.00000    0.00000   100%  61.9 3460s
 9533362 210800 infeasible   57       139.00000    0.00000   100%  61.8 3465s
 9550864 210735 infeasible   60       139.00000    0.00000   100%  61.8 3470s
 9565609 210653 infeasible   51       139.00000    0.00000   100%  61.8 3475s
 9580961 210575    0.00000   61    7  139.00000    0.00000   100%  61.8 3480s
 9596073 210485    0.00000   62    9  139.00000    0.00000   100%  61.8 3485s
 9611414 210337    0.00000   55   20  139.00000    0.00000   100%  61.8 3490s
 9625321 210446 infeasible   72       139.00000    0.00000   100%  61.8 3495s
 9638992 210517    0.00000   57   34  139.00000    0.00000   100%  61.8 3500s
 9655060 210487    0.00000   47   18  139.00000    0.00000   100%  61.8 3505s
 9669365 210759 infeasible   54       139.00000    0.00000   100%  61.8 3510s
 9683391 210780    0.00000   52   31  139.00000    0.00000   100%  61.8 3515s
 9697452 210654    0.00000   57   25  139.00000    0.00000   100%  61.8 3520s
 9711928 210708    0.00000   54   27  139.00000    0.00000   100%  61.8 3525s
 9728542 210721    0.00000   54   29  139.00000    0.00000   100%  61.8 3530s
 9744284 210689    0.00000   62    9  139.00000    0.00000   100%  61.7 3535s
 9762403 210545 infeasible   55       139.00000    0.00000   100%  61.7 3540s
 9776852 210347 infeasible   62       139.00000    0.00000   100%  61.7 3545s
 9790347 210331 infeasible   60       139.00000    0.00000   100%  61.7 3550s
 9804812 210333    0.00000   65   27  139.00000    0.00000   100%  61.7 3555s
 9816639 210238 infeasible   52       139.00000    0.00000   100%  61.7 3560s
 9828247 210264 infeasible   55       139.00000    0.00000   100%  61.7 3565s
 9844074 210347 infeasible   55       139.00000    0.00000   100%  61.7 3570s
 9858688 210277    0.00000   47   43  139.00000    0.00000   100%  61.7 3575s
H9867858 210375                     138.9999999    0.00000   100%  61.7 3578s
 9870915 210372 infeasible   56       139.00000    0.00000   100%  61.7 3580s
 9884228 210442    0.00000   54   34  139.00000    0.00000   100%  61.7 3585s
 9899750 210296    0.00000   54   13  139.00000    0.00000   100%  61.7 3590s
 9912800 210196    0.00000   56   36  139.00000    0.00000   100%  61.7 3595s
 9926541 210218 infeasible   60       139.00000    0.00000   100%  61.8 3600s
 9941277 210236    0.00000   65   12  139.00000    0.00000   100%  61.7 3605s
 9954836 210091    0.00000   60   25  139.00000    0.00000   100%  61.7 3610s
 9967696 210247    0.00000   50   39  139.00000    0.00000   100%  61.8 3615s
 9979327 210101 infeasible   51       139.00000    0.00000   100%  61.8 3620s
 9992996 210193    0.00000   58   18  139.00000    0.00000   100%  61.8 3625s
 10008020 210742 infeasible   51       139.00000    0.00000   100%  61.8 3630s
 10021010 210898    0.00000   60   31  139.00000    0.00000   100%  61.8 3635s
 10036960 211007    0.00000   49   17  139.00000    0.00000   100%  61.8 3640s
 10052519 211039    0.00000   58   34  139.00000    0.00000   100%  61.8 3645s
 10069844 210916 infeasible   61       139.00000    0.00000   100%  61.7 3650s
 10084173 210815    0.00000   66   15  139.00000    0.00000   100%  61.7 3655s
 10100532 210803    0.00000   52   15  139.00000    0.00000   100%  61.7 3660s
 10115266 211048 infeasible   61       139.00000    0.00000   100%  61.7 3665s
 10127996 211283 infeasible   58       139.00000    0.00000   100%  61.7 3670s
 10141545 211233 infeasible   62       139.00000    0.00000   100%  61.7 3675s
 10155911 211158 infeasible   61       139.00000    0.00000   100%  61.7 3680s
 10167111 211019    0.00000   52   12  139.00000    0.00000   100%  61.8 3685s
 10182580 211110 infeasible   56       139.00000    0.00000   100%  61.8 3690s
 10194755 211014    0.00000   58   23  139.00000    0.00000   100%  61.8 3695s
 10207668 210831    0.00000   56   16  139.00000    0.00000   100%  61.8 3700s
 10220578 210698 infeasible   63       139.00000    0.00000   100%  61.8 3705s
 10235918 210782    0.00000   52   12  139.00000    0.00000   100%  61.8 3710s
 10249788 211061    0.00000   52   15  139.00000    0.00000   100%  61.8 3715s
 10266921 211028 infeasible   61       139.00000    0.00000   100%  61.8 3720s
 10282148 211126    0.00000   56   24  139.00000    0.00000   100%  61.8 3725s
 10295369 211143 infeasible   53       139.00000    0.00000   100%  61.8 3730s
 10312761 211179 infeasible   59       139.00000    0.00000   100%  61.7 3735s
 10330438 211003    0.00000   49   23  139.00000    0.00000   100%  61.7 3740s
 10346573 210904    0.00000   50   19  139.00000    0.00000   100%  61.7 3745s
 10361884 210847 infeasible   61       139.00000    0.00000   100%  61.7 3750s
 10377458 210789    0.00000   59   32  139.00000    0.00000   100%  61.7 3755s
 10392131 210762    0.00000   59   11  139.00000    0.00000   100%  61.7 3760s
 10408111 210731 infeasible   55       139.00000    0.00000   100%  61.7 3765s
 10422615 210597    0.00000   61   25  139.00000    0.00000   100%  61.7 3770s
 10437039 210542 infeasible   59       139.00000    0.00000   100%  61.7 3775s
 10451868 210601 infeasible   61       139.00000    0.00000   100%  61.7 3780s
 10465858 210636    0.00000   50   28  139.00000    0.00000   100%  61.7 3785s
 10480122 210509    0.00000   55   30  139.00000    0.00000   100%  61.7 3790s
 10493469 210430    0.00000   63   29  139.00000    0.00000   100%  61.7 3795s
 10504640 210678    0.00000   48   41  139.00000    0.00000   100%  61.7 3800s
 10519695 210639 infeasible   59       139.00000    0.00000   100%  61.7 3805s
 10533107 210418 infeasible   51       139.00000    0.00000   100%  61.7 3810s
 10548100 210388 infeasible   52       139.00000    0.00000   100%  61.7 3815s
 10563354 210388    0.00000   68   21  139.00000    0.00000   100%  61.7 3820s
 10579378 210429    0.00000   54   20  139.00000    0.00000   100%  61.7 3825s
 10592863 210389    0.00000   59   34  139.00000    0.00000   100%  61.7 3830s
 10608089 210493    0.00000   60   28  139.00000    0.00000   100%  61.7 3835s
 10621786 210493    0.00000   58   55  139.00000    0.00000   100%  61.7 3840s
 10637698 210386    0.00000   55   25  139.00000    0.00000   100%  61.7 3845s
 10650407 210360 infeasible   61       139.00000    0.00000   100%  61.7 3850s
 10666508 210530    0.00000   51   26  139.00000    0.00000   100%  61.7 3855s
 10681135 210440    0.00000   57   27  139.00000    0.00000   100%  61.7 3860s
 10694080 210520 infeasible   55       139.00000    0.00000   100%  61.7 3865s
 10709401 210613 infeasible   53       139.00000    0.00000   100%  61.7 3870s
 10722737 210531 infeasible   56       139.00000    0.00000   100%  61.7 3875s
 10735710 210479    0.00000   58   17  139.00000    0.00000   100%  61.7 3880s
 10748989 210437    0.00000   52   12  139.00000    0.00000   100%  61.7 3885s
 10764883 210259    0.00000   52   17  139.00000    0.00000   100%  61.7 3890s
 10779542 210274 infeasible   55       139.00000    0.00000   100%  61.7 3895s
 10792693 210106 infeasible   52       139.00000    0.00000   100%  61.7 3900s
 10806307 210176    0.00000   62    8  139.00000    0.00000   100%  61.7 3905s
 10820921 210093    0.00000   50   30  139.00000    0.00000   100%  61.7 3910s
 10833748 210077    0.00000   51    7  139.00000    0.00000   100%  61.7 3915s
 10846330 210374    0.00000   52    6  139.00000    0.00000   100%  61.7 3920s
 10860015 210978    0.00000   62   24  139.00000    0.00000   100%  61.7 3925s
 10875618 211504    0.00000   52   11  139.00000    0.00000   100%  61.7 3930s
 10890507 211663    0.00000   62   24  139.00000    0.00000   100%  61.7 3935s
 10907313 211798    0.00000   58   28  139.00000    0.00000   100%  61.7 3940s
 10923299 211639    0.00000   64   24  139.00000    0.00000   100%  61.6 3945s
 10937945 211461    0.00000   54   20  139.00000    0.00000   100%  61.6 3950s
 10955632 211514 infeasible   61       139.00000    0.00000   100%  61.6 3955s
 10971131 211459 infeasible   65       139.00000    0.00000   100%  61.6 3960s
 10985182 211311    0.00000   58   24  139.00000    0.00000   100%  61.6 3965s
 11000092 211239 infeasible   52       139.00000    0.00000   100%  61.6 3970s
 11017343 211245 infeasible   61       139.00000    0.00000   100%  61.6 3975s
 11031882 211165    0.00000   62    7  139.00000    0.00000   100%  61.6 3980s
 11046454 211097 infeasible   57       139.00000    0.00000   100%  61.6 3985s
 11061993 211068    0.00000   52   10  139.00000    0.00000   100%  61.5 3990s
 11079046 210943 infeasible   62       139.00000    0.00000   100%  61.5 3995s
 11092969 211067    0.00000   62   17  139.00000    0.00000   100%  61.5 4000s
 11109255 211123 infeasible   60       139.00000    0.00000   100%  61.5 4005s
 11124150 211173    0.00000   52    5  139.00000    0.00000   100%  61.5 4010s
 11139962 211174    0.00000   61    8  139.00000    0.00000   100%  61.5 4015s
 11155927 211074    0.00000   63   15  139.00000    0.00000   100%  61.5 4020s
 11172767 210978    0.00000   62   16  139.00000    0.00000   100%  61.5 4025s
 11190671 210916    0.00000   58   36  139.00000    0.00000   100%  61.4 4030s
 11207054 210865    0.00000   61    6  139.00000    0.00000   100%  61.4 4035s
 11223216 210886 infeasible   61       139.00000    0.00000   100%  61.4 4040s
 11237992 210966    0.00000   49   26  139.00000    0.00000   100%  61.4 4045s
 11254284 211006 infeasible   63       139.00000    0.00000   100%  61.4 4050s
 11269977 210840    0.00000   64   22  139.00000    0.00000   100%  61.4 4055s
 11285277 210813    0.00000   48   31  139.00000    0.00000   100%  61.4 4060s
 11299662 210646    0.00000   52   23  139.00000    0.00000   100%  61.4 4067s
 11314634 210819    0.00000   54   33  139.00000    0.00000   100%  61.3 4070s
 11329232 211011 infeasible   56       139.00000    0.00000   100%  61.3 4075s
 11344336 211000    0.00000   56   31  139.00000    0.00000   100%  61.3 4080s
 11357707 210893    0.00000   60   14  139.00000    0.00000   100%  61.3 4085s
 11370308 210741 infeasible   61       139.00000    0.00000   100%  61.3 4090s
 11385858 210625 infeasible   50       139.00000    0.00000   100%  61.3 4095s
 11401353 210683 infeasible   53       139.00000    0.00000   100%  61.3 4100s
 11416093 210637 infeasible   61       139.00000    0.00000   100%  61.3 4105s
 11432791 210748 infeasible   59       139.00000    0.00000   100%  61.3 4110s
 11446636 210608 infeasible   58       139.00000    0.00000   100%  61.3 4115s
 11460584 210551    0.00000   56   21  139.00000    0.00000   100%  61.3 4120s
 11475320 210571 infeasible   57       139.00000    0.00000   100%  61.3 4125s
 11489045 210522 infeasible   65       139.00000    0.00000   100%  61.3 4130s
 11504003 210948    0.00000   59   24  139.00000    0.00000   100%  61.3 4135s
 11518962 211077    0.00000   59   25  139.00000    0.00000   100%  61.3 4140s
 11533258 211240 infeasible   70       139.00000    0.00000   100%  61.3 4145s
 11546850 211096 infeasible   63       139.00000    0.00000   100%  61.3 4150s
 11559114 211019 infeasible   62       139.00000    0.00000   100%  61.3 4155s
 11575746 211038 infeasible   65       139.00000    0.00000   100%  61.3 4160s
 11590696 211089    0.00000   62    4  139.00000    0.00000   100%  61.3 4165s
 11603763 210964 infeasible   71       139.00000    0.00000   100%  61.3 4170s
 11617787 210922    0.00000   59   26  139.00000    0.00000   100%  61.3 4175s
 11631798 210874 infeasible   57       139.00000    0.00000   100%  61.3 4180s
 11645063 210774 infeasible   58       139.00000    0.00000   100%  61.3 4185s
 11659617 210734 infeasible   61       139.00000    0.00000   100%  61.3 4190s
 11672241 210949 infeasible   52       139.00000    0.00000   100%  61.3 4195s
 11687425 211009 infeasible   60       139.00000    0.00000   100%  61.3 4200s
 11701416 211099    0.00000   55   39  139.00000    0.00000   100%  61.3 4205s
 11717022 210929 infeasible   54       139.00000    0.00000   100%  61.3 4210s
 11728824 210845 infeasible   72       139.00000    0.00000   100%  61.3 4215s
 11742398 210734 infeasible   61       139.00000    0.00000   100%  61.3 4220s
 11756479 210806    0.00000   70   30  139.00000    0.00000   100%  61.3 4225s
 11769174 210852 infeasible   67       139.00000    0.00000   100%  61.3 4230s
 11782599 210670    0.00000   58   26  139.00000    0.00000   100%  61.3 4235s
 11795733 210731 infeasible   62       139.00000    0.00000   100%  61.3 4240s
 11809255 210674    0.00000   61    4  139.00000    0.00000   100%  61.3 4245s
 11822440 210542 infeasible   58       139.00000    0.00000   100%  61.3 4250s
 11835507 210644    0.00000   67   19  139.00000    0.00000   100%  61.3 4255s
 11849057 210752    0.00000   62    4  139.00000    0.00000   100%  61.3 4260s
 11863905 210655    0.00000   47   32  139.00000    0.00000   100%  61.3 4265s
 11875701 210608 infeasible   61       139.00000    0.00000   100%  61.3 4270s
 11891719 210993    0.00000   58   23  139.00000    0.00000   100%  61.3 4275s
 11907751 211190 infeasible   65       139.00000    0.00000   100%  61.3 4280s
 11924432 211165    0.00000   54   27  139.00000    0.00000   100%  61.2 4285s
 11939374 211109 infeasible   54       139.00000    0.00000   100%  61.2 4290s
 11956130 210989 infeasible   62       139.00000    0.00000   100%  61.2 4295s
 11972141 210894 infeasible   52       139.00000    0.00000   100%  61.2 4300s
 11987394 210897    0.00000   57   24  139.00000    0.00000   100%  61.2 4305s
 12002284 210829 infeasible   58       139.00000    0.00000   100%  61.2 4310s
 12019785 210759    0.00000   54   30  139.00000    0.00000   100%  61.2 4315s
 12035313 210607    0.00000   62    5  139.00000    0.00000   100%  61.2 4320s
 12051305 210705    0.00000   56   17  139.00000    0.00000   100%  61.1 4325s
 12066016 210465 infeasible   51       139.00000    0.00000   100%  61.1 4330s
 12080105 210610 infeasible   62       139.00000    0.00000   100%  61.1 4335s
 12096129 211062    0.00000   45   21  139.00000    0.00000   100%  61.1 4340s
 12110413 211581    0.00000   62    4  139.00000    0.00000   100%  61.1 4345s
 12118868 211791 infeasible   51       139.00000    0.00000   100%  61.1 4350s
 12138201 211920    0.00000   62    9  139.00000    0.00000   100%  61.1 4355s
 12151427 211989    0.00000   62    8  139.00000    0.00000   100%  61.1 4360s
 12167544 211894    0.00000   66   24  139.00000    0.00000   100%  61.1 4365s
 12181083 211728 infeasible   68       139.00000    0.00000   100%  61.1 4370s
 12196889 211716    0.00000   59   13  139.00000    0.00000   100%  61.1 4375s
 12210914 211928    0.00000   58   31  139.00000    0.00000   100%  61.1 4380s
 12225690 211916    0.00000   68   19  139.00000    0.00000   100%  61.1 4385s
 12238976 211929    0.00000   52    5  139.00000    0.00000   100%  61.1 4390s
 12255895 211827 infeasible   68       139.00000    0.00000   100%  61.1 4395s
 12269763 211786 infeasible   62       139.00000    0.00000   100%  61.1 4400s
 12286627 212012    0.00000   58   23  139.00000    0.00000   100%  61.1 4405s
 12301910 212130 infeasible   73       139.00000    0.00000   100%  61.0 4410s
 12315096 211941    0.00000   74   27  139.00000    0.00000   100%  61.0 4415s
 12331745 211794 infeasible   60       139.00000    0.00000   100%  61.0 4420s
 12346533 211771    0.00000   64   26  139.00000    0.00000   100%  61.0 4425s
 12359801 211693    0.00000   66   28  139.00000    0.00000   100%  61.0 4430s
 12377178 211675 infeasible   62       139.00000    0.00000   100%  61.0 4435s
 12389642 211682    0.00000   50   29  139.00000    0.00000   100%  61.0 4440s
 12404277 211665    0.00000   60   33  139.00000    0.00000   100%  61.0 4445s
 12418740 211629 infeasible   54       139.00000    0.00000   100%  61.0 4450s
 12433264 211532 infeasible   61       139.00000    0.00000   100%  61.0 4455s
 12448366 211483    0.00000   52   13  139.00000    0.00000   100%  61.0 4460s
 12462881 211493 infeasible   62       139.00000    0.00000   100%  61.0 4465s
 12475678 211731 infeasible   57       139.00000    0.00000   100%  61.0 4470s
 12491361 211796    0.00000   61    5  139.00000    0.00000   100%  61.0 4475s
 12504573 211668    0.00000   62   18  139.00000    0.00000   100%  61.0 4480s
 12519776 211608    0.00000   51   24  139.00000    0.00000   100%  61.0 4485s
 12533281 212079 infeasible   64       139.00000    0.00000   100%  61.0 4490s
 12539625 212219 infeasible   75       139.00000    0.00000   100%  61.0 4495s
 12561746 212357    0.00000   53   20  139.00000    0.00000   100%  61.0 4500s
 12575389 212459 infeasible   71       139.00000    0.00000   100%  61.0 4505s
 12589961 212558    0.00000   71   19  139.00000    0.00000   100%  61.0 4510s
 12603811 212596 infeasible   67       139.00000    0.00000   100%  61.0 4515s
 12616532 212586 infeasible   73       139.00000    0.00000   100%  61.0 4520s
 12632848 212538    0.00000   60   22  139.00000    0.00000   100%  61.0 4525s
 12647488 212381 infeasible   71       139.00000    0.00000   100%  61.0 4530s
 12662180 212132 infeasible   64       139.00000    0.00000   100%  61.0 4535s
 12674670 212010 infeasible   66       139.00000    0.00000   100%  61.0 4540s
 12689737 211872    0.00000   63   16  139.00000    0.00000   100%  60.9 4545s
 12704558 212003    0.00000   66   22  139.00000    0.00000   100%  60.9 4550s
 12717518 211936    0.00000   64   24  139.00000    0.00000   100%  60.9 4555s
 12733204 211823    0.00000   62    4  139.00000    0.00000   100%  60.9 4560s
 12748897 211777 infeasible   57       139.00000    0.00000   100%  60.9 4565s
 12761972 211935 infeasible   60       139.00000    0.00000   100%  60.9 4570s
 12777844 211859    0.00000   64   28  139.00000    0.00000   100%  60.9 4575s
 12792873 211720    0.00000   66   24  139.00000    0.00000   100%  60.9 4580s
 12808464 211716    0.00000   54   32  139.00000    0.00000   100%  60.9 4585s
 12822754 211814 infeasible   63       139.00000    0.00000   100%  60.9 4590s
 12839720 211706    0.00000   61   24  139.00000    0.00000   100%  60.9 4595s
 12854703 211560    0.00000   56   25  139.00000    0.00000   100%  60.9 4600s
 12869118 211625    0.00000   58   23  139.00000    0.00000   100%  60.9 4605s
 12882501 211553    0.00000   66   21  139.00000    0.00000   100%  60.9 4610s
 12897840 211514 infeasible   66       139.00000    0.00000   100%  60.9 4615s
 12911410 211725    0.00000   57   36  139.00000    0.00000   100%  60.9 4620s
 12926789 211737 infeasible   62       139.00000    0.00000   100%  60.9 4625s
 12940583 211635    0.00000   60   39  139.00000    0.00000   100%  60.9 4630s
 12955057 211611    0.00000   54   22  139.00000    0.00000   100%  60.9 4635s
 12970696 211407    0.00000   59   29  139.00000    0.00000   100%  60.9 4640s
 12987514 211516 infeasible   61       139.00000    0.00000   100%  60.8 4645s
 13003601 211774    0.00000   52    7  139.00000    0.00000   100%  60.8 4650s
 13020712 211686    0.00000   62   11  139.00000    0.00000   100%  60.8 4655s
 13037502 211721 infeasible   59       139.00000    0.00000   100%  60.8 4660s
 13052442 211595 infeasible   67       139.00000    0.00000   100%  60.8 4665s
 13067687 211311 infeasible   57       139.00000    0.00000   100%  60.8 4670s
 13085793 211388    0.00000   64   24  139.00000    0.00000   100%  60.8 4675s
 13101654 211387 infeasible   61       139.00000    0.00000   100%  60.8 4680s
 13116415 211357 infeasible   57       139.00000    0.00000   100%  60.7 4685s
 13133293 211279    0.00000   53   30  139.00000    0.00000   100%  60.7 4690s
 13148825 211247 infeasible   66       139.00000    0.00000   100%  60.7 4695s
 13164264 211287 infeasible   62       139.00000    0.00000   100%  60.7 4700s
 13179768 211458 infeasible   60       139.00000    0.00000   100%  60.7 4705s
 13195708 211499 infeasible   58       139.00000    0.00000   100%  60.7 4710s
 13210964 211413    0.00000   62   23  139.00000    0.00000   100%  60.7 4715s
 13225305 211325 infeasible   56       139.00000    0.00000   100%  60.7 4720s
 13242592 211233    0.00000   61    2  139.00000    0.00000   100%  60.7 4725s
 13257631 211258 infeasible   62       139.00000    0.00000   100%  60.7 4730s
 13271438 211261 infeasible   55       139.00000    0.00000   100%  60.7 4735s
 13287459 211290 infeasible   60       139.00000    0.00000   100%  60.6 4740s
 13302529 211378 infeasible   63       139.00000    0.00000   100%  60.6 4745s
 13316260 211313    0.00000   57   40  139.00000    0.00000   100%  60.6 4750s
 13329942 211114    0.00000   61    6  139.00000    0.00000   100%  60.6 4755s
 13346060 211064    0.00000   62    7  139.00000    0.00000   100%  60.6 4760s
 13359076 211425    0.00000   61    5  139.00000    0.00000   100%  60.6 4765s
 13370695 211553    0.00000   58   31  139.00000    0.00000   100%  60.6 4770s
 13384864 211656 infeasible   64       139.00000    0.00000   100%  60.6 4775s
 13399311 211552 infeasible   61       139.00000    0.00000   100%  60.6 4780s
 13412510 211420    0.00000   66   25  139.00000    0.00000   100%  60.6 4785s
 13425872 211386    0.00000   61    6  139.00000    0.00000   100%  60.6 4790s
 13438677 211381 infeasible   62       139.00000    0.00000   100%  60.6 4795s
 13452696 211352    0.00000   61   20  139.00000    0.00000   100%  60.6 4800s
 13464130 211425    0.00000   60   31  139.00000    0.00000   100%  60.6 4805s
 13477971 211493    0.00000   62   17  139.00000    0.00000   100%  60.6 4810s
 13489710 211479 infeasible   66       139.00000    0.00000   100%  60.6 4815s
 13502005 211326    0.00000   68   44  139.00000    0.00000   100%  60.7 4820s
 13514294 211206 infeasible   62       139.00000    0.00000   100%  60.7 4825s
 13528820 211174 infeasible   55       139.00000    0.00000   100%  60.7 4830s
 13542912 211185    0.00000   71    5  139.00000    0.00000   100%  60.7 4835s
 13554314 211110    0.00000   48   31  139.00000    0.00000   100%  60.7 4840s
 13568752 211134    0.00000   62   15  139.00000    0.00000   100%  60.6 4845s
 13581999 211127    0.00000   52   23  139.00000    0.00000   100%  60.6 4850s
 13596333 211040    0.00000   59   24  139.00000    0.00000   100%  60.6 4855s
 13610628 210974    0.00000   47    9  139.00000    0.00000   100%  60.6 4862s
 13623025 211181 infeasible   52       139.00000    0.00000   100%  60.6 4865s
 13637114 211635    0.00000   58   32  139.00000    0.00000   100%  60.6 4870s
 13651482 211788 infeasible   64       139.00000    0.00000   100%  60.6 4875s
 13667962 211808    0.00000   59   26  139.00000    0.00000   100%  60.6 4880s
 13682189 211885    0.00000   57   15  139.00000    0.00000   100%  60.6 4885s
 13697596 211870 infeasible   62       139.00000    0.00000   100%  60.6 4890s
 13712154 211732 infeasible   61       139.00000    0.00000   100%  60.6 4895s
 13725984 211838    0.00000   51   25  139.00000    0.00000   100%  60.6 4900s
 13740781 211851    0.00000   58   32  139.00000    0.00000   100%  60.6 4905s
 13754604 211886    0.00000   61    5  139.00000    0.00000   100%  60.6 4910s
 13767819 211725 infeasible   61       139.00000    0.00000   100%  60.6 4915s
 13782613 211715 infeasible   62       139.00000    0.00000   100%  60.6 4920s
 13796682 211555    0.00000   47   36  139.00000    0.00000   100%  60.6 4925s
 13810650 211509    0.00000   54   31  139.00000    0.00000   100%  60.6 4930s
 13826593 211349 infeasible   65       139.00000    0.00000   100%  60.6 4935s
 13841375 211501 infeasible   54       139.00000    0.00000   100%  60.6 4940s
 13854538 211391    0.00000   52   12  139.00000    0.00000   100%  60.6 4945s
 13871178 211337 infeasible   50       139.00000    0.00000   100%  60.6 4950s
 13886995 211464 infeasible   64       139.00000    0.00000   100%  60.5 4955s
 13902586 211369    0.00000   62   11  139.00000    0.00000   100%  60.5 4960s
 13917291 211482    0.00000   60   28  139.00000    0.00000   100%  60.5 4965s
 13930785 211511    0.00000   48   30  139.00000    0.00000   100%  60.5 4970s
 13946300 211526 infeasible   61       139.00000    0.00000   100%  60.5 4975s
 13960808 211377 infeasible   66       139.00000    0.00000   100%  60.5 4980s
 13976459 211299    0.00000   52   10  139.00000    0.00000   100%  60.5 4985s
 13991002 211303    0.00000   58   12  139.00000    0.00000   100%  60.5 4990s
 14007275 211218 infeasible   61       139.00000    0.00000   100%  60.5 4995s
 14021122 211034    0.00000   54   19  139.00000    0.00000   100%  60.5 5000s
 14035240 211129 infeasible   63       139.00000    0.00000   100%  60.5 5005s
 14050115 211203    0.00000   57   12  139.00000    0.00000   100%  60.5 5010s
 14064695 211199    0.00000   69   30  139.00000    0.00000   100%  60.5 5015s
 14076880 211127 infeasible   62       139.00000    0.00000   100%  60.5 5020s
 14091107 211135 infeasible   61       139.00000    0.00000   100%  60.5 5025s
 14105059 211032 infeasible   61       139.00000    0.00000   100%  60.5 5030s
 14118940 210851    0.00000   62   21  139.00000    0.00000   100%  60.5 5035s
 14134773 210774    0.00000   62   11  139.00000    0.00000   100%  60.5 5040s
 14147733 210733 infeasible   53       139.00000    0.00000   100%  60.5 5045s
 14164501 210969 infeasible   59       139.00000    0.00000   100%  60.5 5050s
 14179960 211035    0.00000   62   28  139.00000    0.00000   100%  60.5 5055s
 14194631 210907    0.00000   50   40  139.00000    0.00000   100%  60.5 5060s
 14207291 210846 infeasible   55       139.00000    0.00000   100%  60.5 5065s
 14222245 210885    0.00000   55   19  139.00000    0.00000   100%  60.5 5070s
 14235424 211025 infeasible   51       139.00000    0.00000   100%  60.5 5075s
 14249626 211146    0.00000   64   17  139.00000    0.00000   100%  60.5 5080s
 14262385 211111    0.00000   50   24  139.00000    0.00000   100%  60.5 5085s
 14277284 211117 infeasible   61       139.00000    0.00000   100%  60.5 5090s
 14289039 211060    0.00000   57   30  139.00000    0.00000   100%  60.5 5095s
 14302817 211011 infeasible   60       139.00000    0.00000   100%  60.5 5100s
 14314080 211102 infeasible   55       139.00000    0.00000   100%  60.5 5105s
 14329358 210999    0.00000   52   15  139.00000    0.00000   100%  60.5 5110s
 14343418 211016    0.00000   50   29  139.00000    0.00000   100%  60.5 5115s
 14354146 211050    0.00000   50   33  139.00000    0.00000   100%  60.5 5120s
 14369276 211070 infeasible   60       139.00000    0.00000   100%  60.5 5125s
 14382958 211171    0.00000   50   29  139.00000    0.00000   100%  60.5 5130s
 14396998 211344    0.00000   56   16  139.00000    0.00000   100%  60.5 5135s
 14409913 211261    0.00000   48   23  139.00000    0.00000   100%  60.5 5140s
 14425684 211182    0.00000   47   26  139.00000    0.00000   100%  60.5 5145s
 14438874 211112    0.00000   47   34  139.00000    0.00000   100%  60.5 5150s
 14452385 211293 infeasible   51       139.00000    0.00000   100%  60.5 5155s
 14464503 211447    0.00000   54   36  139.00000    0.00000   100%  60.5 5160s
 14477851 211482    0.00000   67   22  139.00000    0.00000   100%  60.5 5165s
 14488996 211530 infeasible   62       139.00000    0.00000   100%  60.5 5170s
 14500319 211642    0.00000   62   24  139.00000    0.00000   100%  60.5 5175s
 14510837 211860    0.00000   52   18  139.00000    0.00000   100%  60.5 5181s
 14526671 212078 infeasible   47       139.00000    0.00000   100%  60.5 5185s
 14538682 212225 infeasible   53       139.00000    0.00000   100%  60.5 5190s
 14553305 212408 infeasible   51       139.00000    0.00000   100%  60.5 5195s
 14566693 212383 infeasible   52       139.00000    0.00000   100%  60.5 5200s
 14579625 212443    0.00000   54    5  139.00000    0.00000   100%  60.6 5205s
 14592983 212749 infeasible   51       139.00000    0.00000   100%  60.6 5210s
 14605580 212746 infeasible   62       139.00000    0.00000   100%  60.6 5215s
 14618922 212647    0.00000   52   27  139.00000    0.00000   100%  60.6 5220s
 14629952 212633    0.00000   64   16  139.00000    0.00000   100%  60.6 5225s
 14644274 212473 infeasible   53       139.00000    0.00000   100%  60.6 5230s
 14656447 212388    0.00000   41    3  139.00000    0.00000   100%  60.6 5235s
 14669004 213027    0.00000   52   10  139.00000    0.00000   100%  60.6 5240s
 14680255 213295 infeasible   54       139.00000    0.00000   100%  60.6 5245s
 14693478 213477    0.00000   47   18  139.00000    0.00000   100%  60.6 5250s
 14706744 213761 infeasible   51       139.00000    0.00000   100%  60.6 5255s
 14719668 213953 infeasible   63       139.00000    0.00000   100%  60.6 5260s
 14726519 214244    0.00000   51   13  139.00000    0.00000   100%  60.6 5265s
 14746429 214643    0.00000   57   16  139.00000    0.00000   100%  60.6 5270s
 14760449 214813 infeasible   50       139.00000    0.00000   100%  60.6 5275s
 14774215 214831 infeasible   51       139.00000    0.00000   100%  60.6 5282s
 14787429 214897    0.00000   46   13  139.00000    0.00000   100%  60.6 5285s
 14800490 214943 infeasible   51       139.00000    0.00000   100%  60.6 5290s
 14813921 215049 infeasible   59       139.00000    0.00000   100%  60.6 5295s
 14828056 215129 infeasible   57       139.00000    0.00000   100%  60.6 5300s
 14840538 215241 infeasible   51       139.00000    0.00000   100%  60.6 5305s
 14854561 215223    0.00000   48   20  139.00000    0.00000   100%  60.6 5310s
 14866707 215440 infeasible   71       139.00000    0.00000   100%  60.6 5315s
 14880519 215647 infeasible   66       139.00000    0.00000   100%  60.6 5320s
 14895006 215810 infeasible   62       139.00000    0.00000   100%  60.6 5325s
 14907219 215886    0.00000   55   30  139.00000    0.00000   100%  60.6 5330s
 14921397 216011    0.00000   64   33  139.00000    0.00000   100%  60.6 5335s
 14934814 215956    0.00000   65   22  139.00000    0.00000   100%  60.6 5340s
 14951541 216005    0.00000   59   20  139.00000    0.00000   100%  60.6 5345s
 14963893 216133 infeasible   63       139.00000    0.00000   100%  60.6 5350s
 14977632 216465 infeasible   54       139.00000    0.00000   100%  60.6 5355s
 14989510 217381    0.00000   50   40  139.00000    0.00000   100%  60.6 5360s
 15008271 219450 infeasible   53       139.00000    0.00000   100%  60.6 5365s
 15024421 221165    0.00000   48   29  139.00000    0.00000   100%  60.6 5370s
 15039082 222348 infeasible   62       139.00000    0.00000   100%  60.6 5375s
 15053194 222936    0.00000   60   29  139.00000    0.00000   100%  60.6 5380s
 15067732 223656 infeasible   60       139.00000    0.00000   100%  60.6 5385s
 15082356 224305    0.00000   45   17  139.00000    0.00000   100%  60.6 5390s
 15098861 224922 infeasible   58       139.00000    0.00000   100%  60.6 5395s
 15115217 225481    0.00000   60   29  139.00000    0.00000   100%  60.6 5400s
 15130081 225658    0.00000   56   27  139.00000    0.00000   100%  60.6 5405s
 15147734 225616    0.00000   52   10  139.00000    0.00000   100%  60.5 5410s
 15164277 225695    0.00000   54   35  139.00000    0.00000   100%  60.5 5415s
 15180577 225722 infeasible   52       139.00000    0.00000   100%  60.5 5420s
 15196073 225706 infeasible   51       139.00000    0.00000   100%  60.5 5425s
 15214392 225776 infeasible   57       139.00000    0.00000   100%  60.5 5430s
 15229611 225937    0.00000   58   22  139.00000    0.00000   100%  60.5 5435s
 15246850 226052 infeasible   63       139.00000    0.00000   100%  60.5 5440s
 15260725 225988 infeasible   53       139.00000    0.00000   100%  60.5 5445s
 15278882 226065 infeasible   62       139.00000    0.00000   100%  60.5 5450s
 15293847 226163 infeasible   50       139.00000    0.00000   100%  60.5 5455s
 15308653 226426    0.00000   52   17  139.00000    0.00000   100%  60.5 5460s
 15323523 226769    0.00000   50   37  139.00000    0.00000   100%  60.5 5465s
 15337491 227210 infeasible   60       139.00000    0.00000   100%  60.5 5470s
 15352317 227508 infeasible   61       139.00000    0.00000   100%  60.5 5475s
 15365925 228240    0.00000   53   18  139.00000    0.00000   100%  60.4 5480s
 15384798 229180    0.00000   55   12  139.00000    0.00000   100%  60.4 5485s
 15401865 229707    0.00000   57   19  139.00000    0.00000   100%  60.4 5490s
 15417017 230118 infeasible   53       139.00000    0.00000   100%  60.4 5495s
 15430407 230713 infeasible   62       139.00000    0.00000   100%  60.4 5500s
 15447677 231320 infeasible   60       139.00000    0.00000   100%  60.4 5505s
 15461932 231864 infeasible   52       139.00000    0.00000   100%  60.4 5510s
 15477685 233051    0.00000   52   13  139.00000    0.00000   100%  60.4 5515s
 15496000 234453 infeasible   56       139.00000    0.00000   100%  60.4 5520s
 15507289 235445    0.00000   62   16  139.00000    0.00000   100%  60.4 5525s
 15528130 236017    0.00000   55   18  139.00000    0.00000   100%  60.4 5530s
 15543587 236497 infeasible   63       139.00000    0.00000   100%  60.4 5535s
 15558023 236650    0.00000   57   34  139.00000    0.00000   100%  60.4 5540s
 15572343 236716 infeasible   59       139.00000    0.00000   100%  60.4 5545s
 15587233 236691 infeasible   52       139.00000    0.00000   100%  60.4 5550s
 15602211 236785    0.00000   45   37  139.00000    0.00000   100%  60.4 5555s
 15617199 236885 infeasible   52       139.00000    0.00000   100%  60.4 5560s
 15628832 237211    0.00000   52   22  139.00000    0.00000   100%  60.4 5565s
 15645190 237448    0.00000   58   26  139.00000    0.00000   100%  60.4 5570s
 15660675 237529 infeasible   61       139.00000    0.00000   100%  60.4 5575s
 15675718 237455    0.00000   53   16  139.00000    0.00000   100%  60.4 5580s
 15689340 237377 infeasible   62       139.00000    0.00000   100%  60.4 5585s
 15705202 237291 infeasible   54       139.00000    0.00000   100%  60.4 5590s
 15719076 237188    0.00000   47   24  139.00000    0.00000   100%  60.4 5595s
 15734860 237161 infeasible   52       139.00000    0.00000   100%  60.4 5600s
 15748176 237293 infeasible   61       139.00000    0.00000   100%  60.4 5605s
 15761938 237301    0.00000   49   25  139.00000    0.00000   100%  60.4 5610s
 15776563 237421    0.00000   52   25  139.00000    0.00000   100%  60.4 5615s
 15789912 237591 infeasible   61       139.00000    0.00000   100%  60.4 5620s
 15807094 237786    0.00000   49   31  139.00000    0.00000   100%  60.4 5625s
 15820766 237765 infeasible   51       139.00000    0.00000   100%  60.4 5630s
 15836157 237997    0.00000   51   25  139.00000    0.00000   100%  60.4 5635s
 15849916 238089 infeasible   55       139.00000    0.00000   100%  60.4 5640s
 15866185 238182 infeasible   52       139.00000    0.00000   100%  60.4 5645s
 15880611 238191 infeasible   58       139.00000    0.00000   100%  60.4 5650s
 15890396 238015    0.00000   48   40  139.00000    0.00000   100%  60.4 5656s
 15906388 238186 infeasible   64       139.00000    0.00000   100%  60.4 5660s
 15920543 238284    0.00000   47   23  139.00000    0.00000   100%  60.4 5665s
 15935950 238355 infeasible   52       139.00000    0.00000   100%  60.4 5670s
 15950283 238525    0.00000   51    5  139.00000    0.00000   100%  60.4 5675s
 15965844 238595 infeasible   58       139.00000    0.00000   100%  60.4 5680s
 15979891 238678 infeasible   59       139.00000    0.00000   100%  60.4 5685s
 15996492 238965 infeasible   59       139.00000    0.00000   100%  60.4 5690s
 16009972 239154 infeasible   56       139.00000    0.00000   100%  60.4 5695s
 16029197 239149    0.00000   52   16  139.00000    0.00000   100%  60.4 5700s
 16043684 239464 infeasible   56       139.00000    0.00000   100%  60.4 5705s
 16056276 239731 infeasible   56       139.00000    0.00000   100%  60.4 5710s
 16070054 239848 infeasible   51       139.00000    0.00000   100%  60.4 5715s
 16085264 239686 infeasible   48       139.00000    0.00000   100%  60.4 5720s
 16097530 239610 infeasible   52       139.00000    0.00000   100%  60.4 5725s
 16111898 239811 infeasible   55       139.00000    0.00000   100%  60.4 5730s
 16124747 239750    0.00000   50   20  139.00000    0.00000   100%  60.4 5735s
 16140142 239806 infeasible   53       139.00000    0.00000   100%  60.4 5740s
 16152716 239650 infeasible   51       139.00000    0.00000   100%  60.4 5745s
 16166815 239479    0.00000   57   19  139.00000    0.00000   100%  60.4 5750s
 16179762 239444 infeasible   52       139.00000    0.00000   100%  60.4 5755s
 16193555 239369 infeasible   52       139.00000    0.00000   100%  60.4 5760s
 16206027 239333    0.00000   60   27  139.00000    0.00000   100%  60.4 5765s
 16219675 239568    0.00000   49   17  139.00000    0.00000   100%  60.4 5770s
 16231968 239547 infeasible   57       139.00000    0.00000   100%  60.4 5775s
 16246968 239531 infeasible   50       139.00000    0.00000   100%  60.4 5780s
 16260774 239877 infeasible   55       139.00000    0.00000   100%  60.4 5785s
 16272712 240008 infeasible   51       139.00000    0.00000   100%  60.4 5790s
 16285936 240166 infeasible   52       139.00000    0.00000   100%  60.4 5795s
 16300170 240577 infeasible   51       139.00000    0.00000   100%  60.4 5800s
 16313333 241107 infeasible   72       139.00000    0.00000   100%  60.4 5805s
 16327414 241829 infeasible   56       139.00000    0.00000   100%  60.4 5810s
 16342232 242157    0.00000   49   17  139.00000    0.00000   100%  60.4 5815s
 16358231 242294    0.00000   52   22  139.00000    0.00000   100%  60.4 5820s
 16372186 242211    0.00000   50   28  139.00000    0.00000   100%  60.4 5825s
 16386406 242204    0.00000   53   16  139.00000    0.00000   100%  60.4 5830s
 16403480 242322    0.00000   52   12  139.00000    0.00000   100%  60.4 5835s
 16417319 242343 infeasible   59       139.00000    0.00000   100%  60.4 5840s
 16431396 242472 infeasible   52       139.00000    0.00000   100%  60.4 5845s
 16447428 242379    0.00000   65   33  139.00000    0.00000   100%  60.4 5850s
 16463021 242244 infeasible   53       139.00000    0.00000   100%  60.4 5855s
 16476749 242168 infeasible   60       139.00000    0.00000   100%  60.4 5860s
 16491284 242134    0.00000   58   27  139.00000    0.00000   100%  60.4 5865s
 16506996 242203    0.00000   53   12  139.00000    0.00000   100%  60.4 5870s
 16521272 242263    0.00000   51   27  139.00000    0.00000   100%  60.4 5875s
 16533822 242320    0.00000   50   29  139.00000    0.00000   100%  60.4 5880s
 16541048 242101    0.00000   51    1  139.00000    0.00000   100%  60.4 5885s
 16561709 242266    0.00000   53   29  139.00000    0.00000   100%  60.4 5890s
 16575355 242397    0.00000   47   29  139.00000    0.00000   100%  60.4 5895s
 16588102 242307    0.00000   50   32  139.00000    0.00000   100%  60.4 5900s
 16603264 242225 infeasible   51       139.00000    0.00000   100%  60.4 5905s
 16616576 242099 infeasible   51       139.00000    0.00000   100%  60.4 5910s
 16630242 242178 infeasible   53       139.00000    0.00000   100%  60.4 5915s
 16645235 242196    0.00000   56   30  139.00000    0.00000   100%  60.4 5920s
 16658559 242318    0.00000   56   25  139.00000    0.00000   100%  60.4 5925s
 16673106 242500   48.00000   65   31  139.00000    0.00000   100%  60.4 5930s
 16688003 242558    0.00000   61   23  139.00000    0.00000   100%  60.4 5935s
 16701049 243036    0.00000   52    8  139.00000    0.00000   100%  60.4 5940s
 16714088 243392    0.00000   55   23  139.00000    0.00000   100%  60.4 5945s
 16726396 243334    0.00000   52    4  139.00000    0.00000   100%  60.5 5950s
 16738013 243315    0.00000   61    5  139.00000    0.00000   100%  60.5 5955s
 16751221 243240 infeasible   61       139.00000    0.00000   100%  60.5 5960s
 16763932 243319 infeasible   55       139.00000    0.00000   100%  60.5 5965s
 16777410 243323    0.00000   55   20  139.00000    0.00000   100%  60.5 5970s
 16790701 243403    0.00000   52   18  139.00000    0.00000   100%  60.5 5975s
 16803511 243357    0.00000   59   33  139.00000    0.00000   100%  60.5 5980s
 16817024 243196    0.00000   58   18  139.00000    0.00000   100%  60.5 5985s
 16829377 243423 infeasible   54       139.00000    0.00000   100%  60.5 5990s
 16844731 243878 infeasible   59       139.00000    0.00000   100%  60.5 5995s
 16858927 243950 infeasible   62       139.00000    0.00000   100%  60.5 6000s
 16871746 243967 infeasible   63       139.00000    0.00000   100%  60.5 6005s
 16887571 243766    0.00000   62   10  139.00000    0.00000   100%  60.5 6010s
 16900842 243704    0.00000   51    7  139.00000    0.00000   100%  60.5 6015s
 16917102 243915    0.00000   62   29  139.00000    0.00000   100%  60.5 6020s
 16928454 244029    0.00000   52   35  139.00000    0.00000   100%  60.5 6025s
 16939816 244004 infeasible   57       139.00000    0.00000   100%  60.5 6030s
 16952901 243923    0.00000   62   10  139.00000    0.00000   100%  60.5 6035s
 16965096 243835    0.00000   56   38  139.00000    0.00000   100%  60.5 6040s
 16974854 243834 infeasible   61       139.00000    0.00000   100%  60.5 6045s
 16986717 243684    0.00000   62   11  139.00000    0.00000   100%  60.6 6050s
 16997735 243662 infeasible   60       139.00000    0.00000   100%  60.6 6055s
 17008538 243560    0.00000   56   29  139.00000    0.00000   100%  60.6 6060s
 17022725 243729 infeasible   62       139.00000    0.00000   100%  60.6 6065s
 17036705 243663 infeasible   57       139.00000    0.00000   100%  60.6 6070s
 17049443 243659    0.00000   47   21  139.00000    0.00000   100%  60.6 6075s
 17059852 243751 infeasible   55       139.00000    0.00000   100%  60.6 6080s
 17073941 243778    0.00000   55   28  139.00000    0.00000   100%  60.6 6085s
 17084969 243785    0.00000   61    9  139.00000    0.00000   100%  60.6 6090s
 17099788 243808 infeasible   61       139.00000    0.00000   100%  60.6 6095s
 17113069 243777 infeasible   61       139.00000    0.00000   100%  60.6 6100s
 17125245 243672    0.00000   54   21  139.00000    0.00000   100%  60.6 6105s
 17139523 243632 infeasible   62       139.00000    0.00000   100%  60.6 6110s
 17153693 243718    0.00000   49   34  139.00000    0.00000   100%  60.6 6115s
 17167282 243907    0.00000   60   37  139.00000    0.00000   100%  60.6 6120s
 17184106 243744    0.00000   51   14  139.00000    0.00000   100%  60.6 6125s
 17198695 243699 infeasible   57       139.00000    0.00000   100%  60.6 6130s
 17211623 243751 infeasible   51       139.00000    0.00000   100%  60.6 6135s
 17224774 244013 infeasible   52       139.00000    0.00000   100%  60.6 6140s
 17236744 244186    0.00000   42    7  139.00000    0.00000   100%  60.6 6145s
 17249666 244213 infeasible   49       139.00000    0.00000   100%  60.6 6150s
 17260647 244204 infeasible   62       139.00000    0.00000   100%  60.6 6155s
 17274512 244555 infeasible   59       139.00000    0.00000   100%  60.6 6160s
 17288091 244882    0.00000   57   27  139.00000    0.00000   100%  60.6 6165s
 17303559 244813 infeasible   61       139.00000    0.00000   100%  60.6 6170s
 17316572 244917 infeasible   61       139.00000    0.00000   100%  60.6 6175s
 17331555 244790 infeasible   52       139.00000    0.00000   100%  60.6 6180s
 17345352 244751    0.00000   49   30  139.00000    0.00000   100%  60.6 6185s
 17358715 244812 infeasible   61       139.00000    0.00000   100%  60.6 6190s
 17371879 244747 infeasible   60       139.00000    0.00000   100%  60.6 6195s
 17386231 244705    0.00000   50   24  139.00000    0.00000   100%  60.6 6200s
 17399901 244710    0.00000   58   25  139.00000    0.00000   100%  60.6 6205s
 17417086 245877    0.00000   54   37  139.00000    0.00000   100%  60.6 6210s
 17433067 247015 infeasible   53       139.00000    0.00000   100%  60.6 6215s
 17448742 247631    0.00000   49   44  139.00000    0.00000   100%  60.6 6220s
 17464008 248019    0.00000   46   23  139.00000    0.00000   100%  60.6 6225s
 17477028 248633    0.00000   52    6  139.00000    0.00000   100%  60.6 6230s
 17490604 248892 infeasible   58       139.00000    0.00000   100%  60.6 6235s
 17504125 248902    0.00000   51    3  139.00000    0.00000   100%  60.6 6240s
 17517954 248971    0.00000   57   31  139.00000    0.00000   100%  60.6 6245s
 17529570 248733    0.00000   59   31  139.00000    0.00000   100%  60.6 6251s
 17546990 248820    0.00000   61   18  139.00000    0.00000   100%  60.6 6255s
 17561206 248784 infeasible   61       139.00000    0.00000   100%  60.6 6260s
 17575406 248724   47.00000   72   17  139.00000    0.00000   100%  60.6 6265s
 17587185 248656    0.00000   51   16  139.00000    0.00000   100%  60.6 6270s
 17601596 248722    0.00000   51    2  139.00000    0.00000   100%  60.6 6275s
 17614721 248649 infeasible   56       139.00000    0.00000   100%  60.6 6280s
 17628268 248686    0.00000   57   21  139.00000    0.00000   100%  60.6 6285s
 17642280 248813 infeasible   62       139.00000    0.00000   100%  60.6 6290s
 17655611 249099 infeasible   50       139.00000    0.00000   100%  60.6 6295s
 17668728 249228 infeasible   56       139.00000    0.00000   100%  60.6 6300s
 17682130 249666 infeasible   61       139.00000    0.00000   100%  60.6 6305s
 17696839 249861 infeasible   52       139.00000    0.00000   100%  60.6 6310s
 17711198 250036 infeasible   53       139.00000    0.00000   100%  60.6 6315s
 17724765 250122 infeasible   52       139.00000    0.00000   100%  60.6 6320s
 17737450 250131 infeasible   61       139.00000    0.00000   100%  60.7 6325s
 17751779 250251    0.00000   54   21  139.00000    0.00000   100%  60.7 6330s
 17764302 250237 infeasible   65       139.00000    0.00000   100%  60.7 6335s
 17779314 250141    0.00000   55   13  139.00000    0.00000   100%  60.7 6340s
 17791644 250022    0.00000   62    6  139.00000    0.00000   100%  60.7 6345s
 17804635 250146    0.00000   56   45  139.00000    0.00000   100%  60.7 6350s
 17819560 250502    0.00000   52    9  139.00000    0.00000   100%  60.7 6355s
 17836336 250827 infeasible   52       139.00000    0.00000   100%  60.7 6360s
 17851012 250782    0.00000   72   19  139.00000    0.00000   100%  60.6 6365s
 17865994 250629 infeasible   61       139.00000    0.00000   100%  60.6 6370s
 17882625 250554 infeasible   52       139.00000    0.00000   100%  60.6 6375s
 17897270 250591   48.00000   57   22  139.00000    0.00000   100%  60.6 6380s
 17908616 250673    0.00000   50   29  139.00000    0.00000   100%  60.6 6387s
 17924200 250780 infeasible   52       139.00000    0.00000   100%  60.6 6390s
 17937598 250772 infeasible   53       139.00000    0.00000   100%  60.6 6395s
 17954699 250956    0.00000   54   21  139.00000    0.00000   100%  60.6 6400s
 17969717 251274    0.00000   60   28  139.00000    0.00000   100%  60.6 6405s
 17982658 251369 infeasible   61       139.00000    0.00000   100%  60.6 6410s
 17997722 251411    0.00000   51    3  139.00000    0.00000   100%  60.6 6415s
 18011395 251495 infeasible   62       139.00000    0.00000   100%  60.6 6420s
 18028763 251919 infeasible   61       139.00000    0.00000   100%  60.6 6425s
 18041849 252042 infeasible   52       139.00000    0.00000   100%  60.6 6430s
 18056411 252086 infeasible   54       139.00000    0.00000   100%  60.6 6435s
 18068833 252097 infeasible   50       139.00000    0.00000   100%  60.6 6440s
 18082582 252116    0.00000   52    6  139.00000    0.00000   100%  60.6 6445s
 18095282 252219    0.00000   61   22  139.00000    0.00000   100%  60.6 6450s
 18106295 252118 infeasible   61       139.00000    0.00000   100%  60.6 6455s
 18120819 252110    0.00000   53   25  139.00000    0.00000   100%  60.6 6460s
 18132478 252426 infeasible   56       139.00000    0.00000   100%  60.6 6465s
 18143046 252694    0.00000   51   22  139.00000    0.00000   100%  60.6 6470s
 18156575 252735    0.00000   52   11  139.00000    0.00000   100%  60.6 6475s
 18168928 252587    0.00000   52    9  139.00000    0.00000   100%  60.6 6480s
 18182166 252538    0.00000   58   13  139.00000    0.00000   100%  60.7 6485s
 18195194 252541 infeasible   60       139.00000    0.00000   100%  60.7 6490s
 18205555 252498 infeasible   67       139.00000    0.00000   100%  60.7 6495s
 18218472 252501    0.00000   62   17  139.00000    0.00000   100%  60.7 6500s
 18231437 252492    0.00000   49   47  139.00000    0.00000   100%  60.7 6505s
 18243101 252455    0.00000   53   21  139.00000    0.00000   100%  60.7 6510s
 18254871 252445    0.00000   49   38  139.00000    0.00000   100%  60.7 6515s
 18266812 252431    0.00000   58   40  139.00000    0.00000   100%  60.7 6520s
 18282014 253260    0.00000   51    4  139.00000    0.00000   100%  60.7 6525s
 18298656 254698 infeasible   62       139.00000    0.00000   100%  60.7 6530s
 18314385 255956   47.00000   81    7  139.00000    0.00000   100%  60.7 6535s
 18333521 257312   47.00000   52   30  139.00000    0.00000   100%  60.7 6540s
 18351429 259298 infeasible   61       139.00000    0.00000   100%  60.6 6545s
 18368841 261347 infeasible   59       139.00000    0.00000   100%  60.6 6550s
 18387053 262873    0.00000   58   18  139.00000    0.00000   100%  60.6 6555s
 18404470 264709    0.00000   61   21  139.00000    0.00000   100%  60.6 6560s
 18419688 265763 infeasible   52       139.00000    0.00000   100%  60.6 6565s
 18432161 266348 infeasible   48       139.00000    0.00000   100%  60.6 6570s
 18446954 267013 infeasible   52       139.00000    0.00000   100%  60.6 6575s
 18460081 267288    0.00000   56   17  139.00000    0.00000   100%  60.6 6580s
 18473611 267672 infeasible   55       139.00000    0.00000   100%  60.6 6585s
 18490385 268442    0.00000   55   30  139.00000    0.00000   100%  60.6 6590s
 18505295 268865 infeasible   51       139.00000    0.00000   100%  60.6 6595s
 18517258 269023    0.00000   50   25  139.00000    0.00000   100%  60.6 6600s
 18530412 269280 infeasible   51       139.00000    0.00000   100%  60.6 6605s
 18544230 269456    0.00000   55   37  139.00000    0.00000   100%  60.6 6610s
 18556590 269823 infeasible   52       139.00000    0.00000   100%  60.6 6615s
 18570042 269959    0.00000   57   24  139.00000    0.00000   100%  60.6 6620s
 18581976 270176    0.00000   42   23  139.00000    0.00000   100%  60.6 6625s
 18596178 270391 infeasible   52       139.00000    0.00000   100%  60.6 6630s
 18609619 270818    0.00000   41    7  139.00000    0.00000   100%  60.6 6635s
 18619585 271207 infeasible   51       139.00000    0.00000   100%  60.6 6640s
 18633434 271595    0.00000   52    4  139.00000    0.00000   100%  60.6 6645s
 18648129 271970 infeasible   51       139.00000    0.00000   100%  60.6 6650s
 18661189 272653    0.00000   54   21  139.00000    0.00000   100%  60.6 6655s
 18675540 273206 infeasible   53       139.00000    0.00000   100%  60.6 6660s
 18692348 273891    0.00000   60   23  139.00000    0.00000   100%  60.6 6665s
 18706473 274648    0.00000   51    4  139.00000    0.00000   100%  60.6 6670s
 18720436 275271 infeasible   58       139.00000    0.00000   100%  60.6 6675s
 18736306 275827    0.00000   47   21  139.00000    0.00000   100%  60.6 6680s
 18749948 276227    0.00000   51   26  139.00000    0.00000   100%  60.6 6685s
 18762419 276771    0.00000   60   27  139.00000    0.00000   100%  60.6 6690s
 18771680 277282    0.00000   60   24  139.00000    0.00000   100%  60.6 6695s
 18788629 277663    0.00000   62   32  139.00000    0.00000   100%  60.6 6700s
 18803240 278338 infeasible   57       139.00000    0.00000   100%  60.6 6705s
 18815781 279262 infeasible   50       139.00000    0.00000   100%  60.7 6710s
 18828708 279496    0.00000   52   15  139.00000    0.00000   100%  60.7 6715s
 18840600 279600    0.00000   57   23  139.00000    0.00000   100%  60.7 6720s
 18853184 279945    0.00000   61    8  139.00000    0.00000   100%  60.7 6725s
 18867000 280842    0.00000   58   27  139.00000    0.00000   100%  60.7 6730s
 18879097 281252    0.00000   51    6  139.00000    0.00000   100%  60.7 6735s
 18892756 281444    0.00000   62    8  139.00000    0.00000   100%  60.7 6740s
 18904876 281749    0.00000   49   30  139.00000    0.00000   100%  60.7 6745s
 18918071 281778    0.00000   62   23  139.00000    0.00000   100%  60.7 6750s
 18929194 281921 infeasible   50       139.00000    0.00000   100%  60.7 6755s
 18941475 282137    0.00000   50   29  139.00000    0.00000   100%  60.7 6760s
 18955175 282267    0.00000   48   22  139.00000    0.00000   100%  60.7 6765s
 18966642 282328    0.00000   54    9  139.00000    0.00000   100%  60.7 6770s
 18979793 282331 infeasible   50       139.00000    0.00000   100%  60.7 6775s
 18992403 282317 infeasible   49       139.00000    0.00000   100%  60.7 6780s
 19006683 282436 infeasible   78       139.00000    0.00000   100%  60.7 6785s
 19016083 282537 infeasible   56       139.00000    0.00000   100%  60.7 6790s
 19030157 282876 infeasible   51       139.00000    0.00000   100%  60.7 6795s
 19042982 283082    0.00000   60   36  139.00000    0.00000   100%  60.7 6800s
 19059080 283239    0.00000   72   22  139.00000    0.00000   100%  60.7 6805s
 19071705 283278 infeasible   57       139.00000    0.00000   100%  60.7 6810s
 19087686 283487    0.00000   61    2  139.00000    0.00000   100%  60.7 6815s
 19101254 283835    0.00000   62    8  139.00000    0.00000   100%  60.7 6820s
 19113268 283873    0.00000   57   17  139.00000    0.00000   100%  60.7 6825s
 19129071 283866    0.00000   50   32  139.00000    0.00000   100%  60.7 6830s
 19142995 284102 infeasible   57       139.00000    0.00000   100%  60.7 6835s
 19160037 284192    0.00000   59   24  139.00000    0.00000   100%  60.7 6840s
 19173926 284388    0.00000   54   18  139.00000    0.00000   100%  60.7 6845s
 19188445 284636    0.00000   56   26  139.00000    0.00000   100%  60.7 6850s
 19201717 284946 infeasible   52       139.00000    0.00000   100%  60.7 6855s
 19214897 285021    0.00000   60   42  139.00000    0.00000   100%  60.7 6860s
 19228103 285577 infeasible   46       139.00000    0.00000   100%  60.7 6865s
 19239336 285942 infeasible   52       139.00000    0.00000   100%  60.7 6870s
 19250672 286062     cutoff   62       139.00000    0.00000   100%  60.7 6875s
 19261063 286029 infeasible   49       139.00000    0.00000   100%  60.7 6880s
 19272818 286066 infeasible   53       139.00000    0.00000   100%  60.7 6885s
 19282661 285940 infeasible   52       139.00000    0.00000   100%  60.7 6890s
 19294571 285960 infeasible   52       139.00000    0.00000   100%  60.7 6895s
 19307060 286316    0.00000   42   10  139.00000    0.00000   100%  60.7 6900s
 19317917 286770 infeasible   54       139.00000    0.00000   100%  60.8 6905s
 19331172 286920    0.00000   60   38  139.00000    0.00000   100%  60.8 6910s
 19343875 287612 infeasible   61       139.00000    0.00000   100%  60.8 6915s
 19357175 287947 infeasible   61       139.00000    0.00000   100%  60.8 6920s
 19372090 288100    0.00000   56   32  139.00000    0.00000   100%  60.8 6925s
 19386626 288401 infeasible   55       139.00000    0.00000   100%  60.8 6930s
 19397981 288513    0.00000   51    5  139.00000    0.00000   100%  60.8 6935s
 19408900 288453 infeasible   55       139.00000    0.00000   100%  60.8 6940s
 19422464 288365    0.00000   51    7  139.00000    0.00000   100%  60.8 6945s
 19432716 288345    0.00000   55   27  139.00000    0.00000   100%  60.8 6950s
 19447643 288293    0.00000   63   25  139.00000    0.00000   100%  60.8 6955s
 19461278 288239 infeasible   52       139.00000    0.00000   100%  60.8 6960s
 19474031 288166    0.00000   58   30  139.00000    0.00000   100%  60.8 6965s
 19489535 288203    0.00000   61    5  139.00000    0.00000   100%  60.8 6970s
 19502859 288081    0.00000   55   15  139.00000    0.00000   100%  60.8 6975s
 19516240 288361    0.00000   71    8  139.00000    0.00000   100%  60.8 6980s
 19532207 288993    0.00000   56   31  139.00000    0.00000   100%  60.8 6985s
 19545880 289408 infeasible   61       139.00000    0.00000   100%  60.8 6990s
 19559760 289674    0.00000   53   29  139.00000    0.00000   100%  60.8 6995s
 19574237 289778    0.00000   48   40  139.00000    0.00000   100%  60.8 7000s
 19589505 290237    0.00000   56   33  139.00000    0.00000   100%  60.8 7005s
 19601015 290844 infeasible   49       139.00000    0.00000   100%  60.8 7010s
 19613529 291240 infeasible   52       139.00000    0.00000   100%  60.8 7015s
 19624438 291460 infeasible   56       139.00000    0.00000   100%  60.8 7020s
 19636820 291590 infeasible   52       139.00000    0.00000   100%  60.8 7025s
 19646089 291613    0.00000   53   15  139.00000    0.00000   100%  60.8 7032s
 19659804 291774    0.00000   57   38  139.00000    0.00000   100%  60.8 7035s
 19672169 292052    0.00000   67   23  139.00000    0.00000   100%  60.8 7040s
 19685635 292536 infeasible   55       139.00000    0.00000   100%  60.8 7045s
 19698737 292888    0.00000   54   14  139.00000    0.00000   100%  60.8 7050s
 19711741 293246 infeasible   61       139.00000    0.00000   100%  60.8 7055s
 19723627 293739 infeasible   52       139.00000    0.00000   100%  60.8 7060s
 19737439 294107    0.00000   49   37  139.00000    0.00000   100%  60.8 7065s
 19749754 294197    0.00000   51   10  139.00000    0.00000   100%  60.8 7070s
 19763802 294580 infeasible   61       139.00000    0.00000   100%  60.8 7075s
 19777723 294952 infeasible   52       139.00000    0.00000   100%  60.8 7080s
 19792800 295451    0.00000   51   18  139.00000    0.00000   100%  60.8 7085s
 19805735 295854 infeasible   52       139.00000    0.00000   100%  60.8 7090s
 19814294 296091 infeasible   54       139.00000    0.00000   100%  60.8 7095s
 19832565 296317    0.00000   52    5  139.00000    0.00000   100%  60.8 7100s
 19845439 296489    0.00000   45   20  139.00000    0.00000   100%  60.8 7105s
 19860549 296606 infeasible   69       139.00000    0.00000   100%  60.8 7110s
 19873526 297067    0.00000   61   10  139.00000    0.00000   100%  60.8 7115s
 19887568 297417    0.00000   64   15  139.00000    0.00000   100%  60.8 7120s
 19899811 297695    0.00000   55   17  139.00000    0.00000   100%  60.8 7125s
 19914052 297792 infeasible   60       139.00000    0.00000   100%  60.8 7130s
 19925627 297701    0.00000   47   23  139.00000    0.00000   100%  60.8 7135s
 19939087 297736    0.00000   48   15  139.00000    0.00000   100%  60.8 7140s
 19951732 297811 infeasible   60       139.00000    0.00000   100%  60.8 7145s
 19963904 297875 infeasible   62       139.00000    0.00000   100%  60.8 7150s
 19975648 297807 infeasible   54       139.00000    0.00000   100%  60.8 7155s
 19987879 297804    0.00000   52    2  139.00000    0.00000   100%  60.8 7160s
 20000354 297794    0.00000   50   36  139.00000    0.00000   100%  60.9 7165s
 20013000 297801 infeasible   61       139.00000    0.00000   100%  60.9 7170s
 20023207 297706    0.00000   64   17  139.00000    0.00000   100%  60.9 7175s
 20035256 297533 infeasible   55       139.00000    0.00000   100%  60.9 7180s
 20048435 297699    0.00000   61   18  139.00000    0.00000   100%  60.9 7185s
 20059806 297767    0.00000   43   24  139.00000    0.00000   100%  60.9 7190s
 20070943 297736 infeasible   50       139.00000    0.00000   100%  60.9 7195s
 20085008 297688 infeasible   57       139.00000    0.00000   100%  60.9 7200s

Cutting planes:
  Learned: 10
  Gomory: 3
  Implied bound: 15
  Projected implied bound: 7
  MIR: 8
  Mixing: 5
  Flow cover: 59
  RLT: 7
  Relax-and-lift: 3
  BQP: 2

Explored 20085314 nodes (1222880723 simplex iterations) in 7200.09 seconds (13093.22 work units)
Thread count was 8 (of 192 available processors)

Solution count 10: 139 139 139 ... 288

Time limit reached
Best objective 1.389999999137e+02, best bound 0.000000000000e+00, gap 100.0000%

User-callback calls 43845042, time in user-callback 6.62 sec

AVANT CALCUL DES AUTRES INDICATEURS
Obj_rho = 139
Obj_lambda = 0
Obj_phi = 0
AVANT CALCUL DES AUTRES INDICATEURS
Obj_rho = 139
Obj_lambda = 0
Obj_phi = 1
✅ Solution trouvée (status: TIME_LIMIT)
🎯 Objective global: 138.99999991370987
⏱️ Time used: 7200.09
Nombre de vols satisfaits: 196
Nombre de vols non satisfaits: 0

✈️ Paths for each aircraft:

🛩️ Aircraft N607AS path (31 nodes): s_(u=0, v=0, w=0) ➡️  N607AS_(u=3483, v=30, w=6) ➡️  ANC_SEA_162_428_(u=3657, v=31, w=6) ➡️  SEA_ANC_479_633_(u=3850, v=32, w=6) ➡️  ANC_SEA_715_980_(u=4031, v=33, w=6) ➡️  SEA_BUR_1045_1181_(u=4149, v=34, w=6) ➡️  BUR_SEA_1268_1435_(u=4287, v=35, w=6) ➡️  SEA_SJC_1855_1984_(u=4397, v=36, w=7) ➡️  SJC_SEA_2047_2171_(u=4494, v=37, w=7) ➡️  SEA_SBA_2265_2429_(u=4625, v=38, w=7) ➡️  SBA_SEA_2482_2633_(u=4741, v=39, w=7) ➡️  SEA_PDX_2732_2790_(u=4770, v=40, w=7) ➡️  PDX_ANC_2866_3034_(u=4973, v=41, w=7) ➡️  ANC_SEA_3102_3363_(u=5147, v=42, w=8) ➡️  SEA_ANC_3462_3616_(u=5335, v=43, w=8) ➡️  ANC_JNU_4064_4188_(u=5428, v=44, w=8) ➡️  JNU_SIT_4227_4276_(u=5451, v=45, w=8) ➡️  SIT_JNU_4672_4708_(u=5474, v=46, w=9) ➡️  JNU_ANC_4773_4879_(u=5562, v=47, w=9) ➡️  ANC_BET_4949_5073_(u=5619, v=48, w=9) ➡️  BET_ANC_5111_5186_(u=5680, v=49, w=9) ➡️  ANC_SEA_5503_5765_(u=5861, v=50, w=9) ➡️  SEA_ATL_6289_6758_(u=266, v=1, w=1) ➡️  ATL_SEA_6839_6970_(u=557, v=2, w=1) ➡️  SEA_SNA_7578_7729_(u=682, v=3, w=2) ➡️  SNA_SEA_7783_7960_(u=842, v=4, w=2) ➡️  SEA_PHX_8018_8241_(u=980, v=5, w=2) ➡️  PHX_ANC_8336_8626_(u=1357, v=6, w=2) ➡️  ANC_SEA_8684_8926_(u=1515, v=7, w=3) ➡️  SEA_MSP_9120_9435_(u=1690, v=8, w=3) ➡️  MSP_SEA_9512_9628_(u=1880, v=9, w=3) ➡️  SEA_LIH_9718_9994_(u=2225, v=10, w=3) ➡️  LIH_SAN_10060_10521_(u=2544, v=11, w=3) ➡️  t_(u=0, v=0, w=0)

🛩️ Aircraft N585AS path (28 nodes): s_(u=0, v=0, w=0) ➡️  N585AS_(u=0, v=0, w=1) ➡️  ANC_SEA_137_389_(u=173, v=1, w=1) ➡️  SEA_PHX_570_794_(u=314, v=2, w=1) ➡️  PHX_SEA_857_991_(u=479, v=3, w=1) ➡️  SEA_LAS_1064_1207_(u=589, v=4, w=1) ➡️  LAS_SFO_1317_1401_(u=655, v=5, w=1) ➡️  SFO_ORD_1859_2247_(u=887, v=6, w=2) ➡️  ORD_SFO_2309_2462_(u=1132, v=7, w=2) ➡️  SFO_AUS_2533_2855_(u=1309, v=8, w=2) ➡️  AUS_SFO_3432_3558_(u=1519, v=9, w=3) ➡️  SFO_SEA_3655_3795_(u=1628, v=10, w=3) ➡️  SEA_LAS_3857_4005_(u=1752, v=11, w=3) ➡️  LAS_SEA_4086_4272_(u=1896, v=12, w=3) ➡️  SEA_PHX_4668_4915_(u=2033, v=13, w=4) ➡️  PHX_SEA_4965_5107_(u=2208, v=14, w=4) ➡️  SEA_SAN_5176_5324_(u=2333, v=15, w=4) ➡️  SAN_SEA_5397_5572_(u=2485, v=16, w=4) ➡️  SEA_SLC_6187_6360_(u=2577, v=17, w=5) ➡️  SLC_SEA_6449_6557_(u=2689, v=18, w=5) ➡️  SEA_LAX_6651_6804_(u=2811, v=19, w=5) ➡️  LAX_SEA_6863_7042_(u=2964, v=20, w=5) ➡️  SEA_SMF_7089_7200_(u=3050, v=21, w=5) ➡️  SMF_SEA_7553_7682_(u=3146, v=22, w=6) ➡️  SEA_FLL_7746_8300_(u=3466, v=23, w=6) ➡️  FLL_SEA_8359_8570_(u=3825, v=24, w=6) ➡️  SEA_PHX_9068_9279_(u=3958, v=25, w=7) ➡️  PHX_SEA_9344_9480_(u=4127, v=26, w=7) ➡️  SEA_PHX_9550_9765_(u=4263, v=27, w=7) ➡️  PHX_SEA_9831_9982_(u=4446, v=28, w=7) ➡️  t_(u=0, v=0, w=0)

🛩️ Aircraft N317AS path (28 nodes): s_(u=0, v=0, w=0) ➡️  N317AS_(u=0, v=0, w=1) ➡️  FAI_SEA_201_455_(u=177, v=1, w=1) ➡️  SEA_LAX_528_675_(u=298, v=2, w=1) ➡️  LAX_SEA_743_917_(u=446, v=3, w=1) ➡️  SEA_SFO_990_1113_(u=549, v=4, w=1) ➡️  SFO_SEA_1177_1307_(u=648, v=5, w=1) ➡️  SEA_ORD_1401_1741_(u=851, v=6, w=1) ➡️  ORD_SEA_1807_1944_(u=1079, v=7, w=2) ➡️  SEA_IAD_2038_2527_(u=1351, v=8, w=2) ➡️  IAD_SEA_2584_2741_(u=1660, v=9, w=2) ➡️  SEA_IAH_2838_3229_(u=1892, v=10, w=2) ➡️  IAH_SEA_3299_3463_(u=2136, v=11, w=3) ➡️  SEA_IAD_3504_3971_(u=2401, v=12, w=3) ➡️  IAD_SEA_4030_4189_(u=2710, v=13, w=3) ➡️  SEA_SMF_4248_4369_(u=2791, v=14, w=3) ➡️  SMF_SEA_4703_4832_(u=2890, v=15, w=4) ➡️  SEA_DCA_4891_5368_(u=3161, v=16, w=4) ➡️  DCA_SEA_5437_5593_(u=3476, v=17, w=4) ➡️  SEA_DAL_6207_6549_(u=3675, v=18, w=5) ➡️  DAL_SEA_6619_6766_(u=3925, v=19, w=5) ➡️  SEA_STL_6837_7194_(u=4124, v=20, w=5) ➡️  STL_SEA_7614_7836_(u=4356, v=21, w=6) ➡️  SEA_DFW_7967_8313_(u=4554, v=22, w=6) ➡️  DFW_SEA_8423_8562_(u=4786, v=23, w=6) ➡️  SEA_SFO_8995_9134_(u=4874, v=24, w=7) ➡️  SFO_JAC_9215_9444_(u=5023, v=25, w=7) ➡️  JAC_SFO_9493_9582_(u=5135, v=26, w=7) ➡️  SFO_PDX_9628_9744_(u=5231, v=27, w=7) ➡️  PDX_SFO_9826_9943_(u=5306, v=28, w=7) ➡️  t_(u=0, v=0, w=0)

🛩️ Aircraft N587AS path (27 nodes): s_(u=0, v=0, w=0) ➡️  N587AS_(u=0, v=0, w=1) ➡️  JNU_SEA_310_514_(u=116, v=1, w=1) ➡️  SEA_ANC_582_739_(u=310, v=2, w=1) ➡️  ANC_SEA_1062_1344_(u=498, v=3, w=1) ➡️  SEA_ORD_1795_2159_(u=708, v=4, w=2) ➡️  ORD_PDX_2215_2349_(u=943, v=5, w=2) ➡️  PDX_ONT_2434_2569_(u=1065, v=6, w=2) ➡️  ONT_PDX_2628_2754_(u=1176, v=7, w=2) ➡️  PDX_SEA_3178_3252_(u=1212, v=8, w=3) ➡️  SEA_ANC_3375_3530_(u=1403, v=9, w=3) ➡️  ANC_SEA_3593_3853_(u=1586, v=10, w=3) ➡️  SEA_ONT_3941_4070_(u=1696, v=11, w=3) ➡️  ONT_SEA_4675_4856_(u=1852, v=12, w=4) ➡️  SEA_CLE_4925_5380_(u=2087, v=13, w=4) ➡️  CLE_SEA_5435_5585_(u=2363, v=14, w=4) ➡️  SEA_SMF_5645_5755_(u=2444, v=15, w=4) ➡️  SMF_SEA_6112_6231_(u=2540, v=16, w=5) ➡️  SEA_LIH_6321_6593_(u=2901, v=17, w=5) ➡️  LIH_SEA_6647_7117_(u=3217, v=18, w=5) ➡️  SEA_PDX_7152_7210_(u=3246, v=19, w=5) ➡️  PDX_SEA_7495_7564_(u=3278, v=20, w=6) ➡️  SEA_LIH_7702_8038_(u=3610, v=21, w=6) ➡️  LIH_SEA_8108_8604_(u=3950, v=22, w=6) ➡️  SEA_SNA_9008_9175_(u=4061, v=23, w=7) ➡️  SNA_SEA_9239_9448_(u=4246, v=24, w=7) ➡️  SEA_BUR_9508_9638_(u=4353, v=25, w=7) ➡️  BUR_SEA_9709_9913_(u=4515, v=26, w=7) ➡️  SEA_FAI_10053_10220_(u=4719, v=27, w=7) ➡️  t_(u=0, v=0, w=0)

🛩️ Aircraft N284AK path (25 nodes): s_(u=0, v=0, w=0) ➡️  N284AK_(u=0, v=0, w=1) ➡️  PHX_PDX_356_453_(u=138, v=1, w=1) ➡️  PDX_FLL_541_1050_(u=449, v=2, w=1) ➡️  FLL_SFO_1118_1320_(u=802, v=3, w=1) ➡️  SFO_FLL_1383_1870_(u=1079, v=4, w=1) ➡️  FLL_PDX_2018_2231_(u=1440, v=5, w=2) ➡️  PDX_JFK_2322_2828_(u=1728, v=6, w=2) ➡️  JFK_PSP_3414_3583_(u=2053, v=7, w=3) ➡️  PSP_SEA_3697_3873_(u=2207, v=8, w=3) ➡️  SEA_SAN_4005_4151_(u=2328, v=9, w=3) ➡️  SAN_TPA_4795_5235_(u=2561, v=10, w=4) ➡️  TPA_SAN_5307_5449_(u=2849, v=11, w=4) ➡️  SAN_SEA_5512_5695_(u=3003, v=12, w=4) ➡️  SEA_LAS_6225_6362_(u=3114, v=13, w=5) ➡️  LAS_SEA_6427_6598_(u=3260, v=14, w=5) ➡️  SEA_PHX_6669_6910_(u=3393, v=15, w=5) ➡️  PHX_SEA_6965_7117_(u=3572, v=16, w=5) ➡️  SEA_DFW_7182_7527_(u=3769, v=17, w=5) ➡️  DFW_SEA_7641_7776_(u=3995, v=18, w=6) ➡️  SEA_OAK_8006_8114_(u=4087, v=19, w=6) ➡️  OAK_SEA_8157_8285_(u=4186, v=20, w=6) ➡️  SEA_SMF_8335_8455_(u=4261, v=21, w=6) ➡️  SMF_SEA_8490_8613_(u=4364, v=22, w=6) ➡️  SEA_SAN_9117_9279_(u=4478, v=23, w=7) ➡️  SAN_MCO_9359_9801_(u=4714, v=24, w=7) ➡️  MCO_SEA_9867_10065_(u=5060, v=25, w=7) ➡️  t_(u=0, v=0, w=0)

🛩️ Aircraft N320AS path (30 nodes): s_(u=0, v=0, w=0) ➡️  N320AS_(u=0, v=0, w=1) ➡️  SJC_SEA_364_507_(u=106, v=1, w=1) ➡️  SEA_PIT_580_1048_(u=364, v=2, w=1) ➡️  PIT_SEA_1104_1236_(u=638, v=3, w=1) ➡️  SEA_SLC_1846_2021_(u=734, v=4, w=2) ➡️  SLC_SEA_2122_2206_(u=835, v=5, w=2) ➡️  SEA_SJC_2247_2382_(u=952, v=6, w=2) ➡️  SJC_SEA_2432_2554_(u=1047, v=7, w=2) ➡️  SEA_ANC_2874_3028_(u=1240, v=8, w=2) ➡️  ANC_SEA_3168_3438_(u=1422, v=9, w=3) ➡️  SEA_DEN_3550_3770_(u=1558, v=10, w=3) ➡️  DEN_SEA_3827_3928_(u=1697, v=11, w=3) ➡️  SEA_PHX_4087_4345_(u=1833, v=12, w=3) ➡️  PHX_SEA_4706_4849_(u=2012, v=13, w=4) ➡️  SEA_PIT_4922_5383_(u=2256, v=14, w=4) ➡️  PIT_SEA_5447_5576_(u=2544, v=15, w=4) ➡️  SEA_MSP_6233_6559_(u=2715, v=16, w=5) ➡️  MSP_SEA_6615_6760_(u=2913, v=17, w=5) ➡️  SEA_SNA_6813_6972_(u=3040, v=18, w=5) ➡️  SNA_SEA_7009_7192_(u=3194, v=19, w=5) ➡️  SEA_PHX_7626_7841_(u=3329, v=20, w=6) ➡️  PHX_SEA_7908_8038_(u=3490, v=21, w=6) ➡️  SEA_PHX_8109_8330_(u=3626, v=22, w=6) ➡️  PHX_SEA_8407_8537_(u=3790, v=23, w=6) ➡️  SEA_ORD_8600_8957_(u=3998, v=24, w=6) ➡️  ORD_PDX_9026_9156_(u=4230, v=25, w=7) ➡️  PDX_SEA_9262_9310_(u=4262, v=26, w=7) ➡️  SEA_BOI_9372_9523_(u=4324, v=27, w=7) ➡️  BOI_SEA_9582_9616_(u=4398, v=28, w=7) ➡️  SEA_PHX_9672_9885_(u=4532, v=29, w=7) ➡️  PHX_SEA_9941_10089_(u=4716, v=30, w=7) ➡️  t_(u=0, v=0, w=0)

🛩️ Aircraft N277AK path (27 nodes): s_(u=0, v=0, w=0) ➡️  N277AK_(u=2683, v=23, w=5) ➡️  SEA_FAT_375_503_(u=2796, v=24, w=5) ➡️  FAT_SEA_559_687_(u=2904, v=25, w=5) ➡️  SEA_ANC_799_933_(u=3082, v=26, w=5) ➡️  ANC_SEA_1660_1931_(u=3273, v=27, w=6) ➡️  SEA_ANC_2030_2168_(u=3449, v=28, w=6) ➡️  ANC_CDV_2249_2310_(u=3486, v=29, w=6) ➡️  CDV_YAK_2357_2404_(u=3524, v=30, w=6) ➡️  YAK_JNU_2447_2500_(u=3558, v=31, w=6) ➡️  JNU_SEA_2569_2776_(u=3675, v=32, w=6) ➡️  SEA_LAS_3342_3511_(u=3803, v=33, w=7) ➡️  LAS_SEA_3563_3728_(u=3938, v=34, w=7) ➡️  SEA_ATL_3841_4313_(u=4202, v=35, w=7) ➡️  ATL_SEA_4752_4910_(u=4489, v=36, w=8) ➡️  SEA_RDM_4991_5054_(u=4527, v=37, w=8) ➡️  RDM_SEA_5133_5199_(u=4575, v=38, w=8) ➡️  SEA_ANC_5295_5444_(u=4764, v=39, w=8) ➡️  ANC_JNU_6410_6511_(u=4847, v=40, w=9) ➡️  JNU_PSG_6558_6607_(u=4877, v=41, w=9) ➡️  PSG_WRG_6650_6684_(u=4893, v=42, w=9) ➡️  WRG_KTN_6726_6760_(u=4915, v=43, w=9) ➡️  KTN_SEA_6808_6973_(u=5005, v=44, w=9) ➡️  SEA_MCI_7916_8251_(u=5190, v=45, w=10) ➡️  MCI_SEA_8308_8432_(u=5390, v=46, w=10) ➡️  SEA_JNU_8494_8605_(u=5536, v=47, w=10) ➡️  JNU_SEA_9259_9463_(u=5635, v=48, w=11) ➡️  SEA_DEN_9579_9790_(u=5765, v=49, w=11) ➡️  DEN_SEA_9846_9966_(u=5920, v=50, w=11) ➡️  t_(u=0, v=0, w=0)

🛠️ Maintenance at node SEA_ATL_6289_6758 by aircraft N607AS | ρ=139; λ=0; φ=1

Nombre de maintenances au total: 1.0
Stations de maintenance utilisées: Any["SEA"]
Nombre de stations de maintenance utilisées: 1
