

GRAPH REDUCING : false
-----------------------INSTANCE 667FL_20A_8--------------------------
Gurobi 13.0.0 (linux64) logging started Wed Mar 25 20:21:05 2026

Set parameter LogFile to value "RESULTS/A_MTN_8/result_667FL_20A_8_MILP.txt"

Gurobi 13.0.0 (linux64) logging started Wed Mar 25 20:21:08 2026

Set parameter LogFile to value "RESULTS/A_MTN_8/result_667FL_20A_8_MILP.txt"
Gurobi Optimizer version 13.0.0 build v13.0.0rc1 (linux64 - "AlmaLinux 9.6 (Sage Margay)")

CPU model: Intel(R) Xeon(R) 6972P, instruction set [SSE2|AVX|AVX2|AVX512]
Thread count: 192 physical cores, 192 logical processors, using up to 8 threads

Non-default parameters:
TimeLimit  18000
Threads  8

Optimize a model with 97732 rows, 16179 columns and 374328 nonzeros (Min)
Model fingerprint: 0x7cccf114
Model has 428 linear objective coefficients
Variable types: 2530 continuous, 13649 integer (12793 binary)
Coefficient statistics:
  Matrix range     [1e+00, 6e+03]
  Objective range  [1e+00, 1e+00]
  Bounds range     [2e+01, 6e+03]
  RHS range        [1e+00, 6e+03]
Presolve removed 22745 rows and 2737 columns
Presolve time: 1.94s
Presolved: 74987 rows, 13442 columns, 397430 nonzeros
Variable types: 1599 continuous, 11843 integer (11841 binary)

Deterministic concurrent LP optimizer: primal and dual simplex (primal and dual model)
Showing primal log only...

Root relaxation presolved: 74985 rows, 13444 columns, 397428 nonzeros

Concurrent spin time: 0.02s

Solved with dual simplex

Root relaxation: objective 0.000000e+00, 3469 iterations, 0.59 seconds (0.63 work units)

    Nodes    |    Current Node    |     Objective Bounds      |     Work
 Expl Unexpl |  Obj  Depth IntInf | Incumbent    BestBd   Gap | It/Node Time

     0     0    0.00000    0  129          -    0.00000      -     -    5s
     0     0    0.00000    0  323          -    0.00000      -     -    8s
     0     0    0.00000    0  303          -    0.00000      -     -    9s
H    0     0                    2181385.0000    0.00000   100%     -   10s
H    0     0                    3135.0000000    0.00000   100%     -   12s
     0     0    0.00000    0  360 3135.00000    0.00000   100%     -   12s
     0     0    0.00000    0   55 3135.00000    0.00000   100%     -   21s
H    0     0                    2885.0000000    0.00000   100%     -   21s
H    0     0                    2865.0000000    0.00000   100%     -   21s
H    0     0                    1345.0000000    0.00000   100%     -   24s
H    0     0                    1215.0000000    0.00000   100%     -   24s
H    0     0                    1125.0000000    0.00000   100%     -   24s
H    0     0                     835.0000000    0.00000   100%     -   24s
H    0     0                     790.0000000    0.00000   100%     -   24s
H    0     0                     745.0000000    0.00000   100%     -   24s
H    0     0                     744.9999999    0.00000   100%     -   24s
H    0     0                     725.0000000    0.00000   100%     -   24s
H    0     0                     724.9999999    0.00000   100%     -   24s
     0     0    0.00000    0   72  725.00000    0.00000   100%     -   24s
     0     0    0.00000    0  105  725.00000    0.00000   100%     -   26s
     0     0    0.00000    0   45  725.00000    0.00000   100%     -   28s
     0     0    0.00000    0   62  725.00000    0.00000   100%     -   29s
     0     0    0.00000    0  138  725.00000    0.00000   100%     -   30s
     0     0    0.00000    0   48  725.00000    0.00000   100%     -   33s
     0     0    0.00000    0  119  725.00000    0.00000   100%     -   35s
     0     0    0.00000    0   43  725.00000    0.00000   100%     -   37s
     0     0    0.00000    0   43  725.00000    0.00000   100%     -   38s
     0     0    0.00000    0   76  725.00000    0.00000   100%     -   38s
     0     0    0.00000    0   30  725.00000    0.00000   100%     -   40s
     0     0    0.00000    0   53  725.00000    0.00000   100%     -   45s
     0     0    0.00000    0  134  725.00000    0.00000   100%     -   46s
     0     0    0.00000    0   38  725.00000    0.00000   100%     -   48s
     0     0    0.00000    0   68  725.00000    0.00000   100%     -   49s
     0     0    0.00000    0  133  725.00000    0.00000   100%     -   50s
     0     0    0.00000    0   60  725.00000    0.00000   100%     -   52s
H    0     0                     685.0000000    0.00000   100%     -   52s
     0     0    0.00000    0   83  685.00000    0.00000   100%     -   52s
     0     0    0.00000    0  107  685.00000    0.00000   100%     -   53s
     0     0    0.00000    0   45  685.00000    0.00000   100%     -   55s
     0     0    0.00000    0   45  685.00000    0.00000   100%     -   55s
     0     0    0.00000    0   18  685.00000    0.00000   100%     -   57s
     0     2    0.00000    0   18  685.00000    0.00000   100%     -   62s
    34    43    0.00000    8  157  685.00000    0.00000   100%   182   65s
H   42    51                     620.0000000    0.00000   100%   156   68s
    50    59    0.00000   10  156  620.00000    0.00000   100%   152   71s
H   51    59                     580.0000000    0.00000   100%   149   71s
H   52    59                     570.0000000    0.00000   100%   154   71s
   327   761    0.00000   38  264  570.00000    0.00000   100%   137   80s
   760  1392    0.00000   70  322  570.00000    0.00000   100%   128   90s
H 1391  1400                     520.0000000    0.00000   100%   143   96s
  1399  2251    0.00000  117  441  520.00000    0.00000   100%   143  102s
  2250  3075    0.00000  170  517  520.00000    0.00000   100%   138  106s
H 3077  3083                     510.0000000    0.00000   100%   131  110s
  3093  3099    0.00000  236  533  510.00000    0.00000   100%   131  118s
H 3097  3098                     450.0000000    0.00000   100%   131  118s
  3101  3815    0.00000  237  534  450.00000    0.00000   100%   131  122s
  3818  4541    0.00000  314  548  450.00000    0.00000   100%   124  125s
  4552  4636    0.00000  369  573  450.00000    0.00000   100%   120  133s
H 4634  4636                     395.0000000    0.00000   100%   120  133s
  4639  5480    0.00000  370  572  395.00000    0.00000   100%   120  136s
  6378  6358    0.00000  567  564  395.00000    0.00000   100%   110  142s
H 6386  6430                     395.0000000    0.00000   100%   110  144s
  6458  6960    0.00000  568  556  395.00000    0.00000   100%   111  147s
H 6988  6960                     390.0000000    0.00000   100%   110  147s
  7035  7463    0.00000  630  520  390.00000    0.00000   100%   111  151s
  7546  7464    0.00000  668   18  390.00000    0.00000   100%   113  160s
  7548  7465    0.00000  285  194  390.00000    0.00000   100%   113  171s
  7549  7466    0.00000   43  168  390.00000    0.00000   100%   113  191s
H 7549  7092                     385.0000000    0.00000   100%   113  201s
  7551  7093    0.00000  987  174  385.00000    0.00000   100%   113  220s
H 7551  6738                     345.0000000    0.00000   100%   113  227s
H 7551  6401                     265.0000000    0.00000   100%   113  227s
  7553  6403    0.00000   51  246  265.00000    0.00000   100%   113  232s
  7555  6404    0.00000  398  241  265.00000    0.00000   100%   113  236s
  7557  6405    0.00000  637  367  265.00000    0.00000   100%   113  243s
  7558  6406    0.00000   17  342  265.00000    0.00000   100%   113  245s
  7559  6407    0.00000  525  341  265.00000    0.00000   100%   113  256s
  7560  6407    0.00000  219  317  265.00000    0.00000   100%   113  263s
  7561  6408    0.00000  179  301  265.00000    0.00000   100%   113  266s
  7562  6409    0.00000  192  329  265.00000    0.00000   100%   113  270s
  7564  6410    0.00000  399  356  265.00000    0.00000   100%   113  277s
  7565  6411    0.00000  441  360  265.00000    0.00000   100%   113  280s
  7567  6412    0.00000  216  339  265.00000    0.00000   100%   113  287s
  7568  6413    0.00000  593  339  265.00000    0.00000   100%   113  295s
  7569  6413    0.00000  726  339  265.00000    0.00000   100%   113  308s
  7570  6417    0.00000   15  283  265.00000    0.00000   100%   121  310s
  7592  6453    0.00000   19  287  265.00000    0.00000   100%   122  321s
  7615  6491    0.00000   21  279  265.00000    0.00000   100%   122  326s
  7661  6609    0.00000   23  306  265.00000    0.00000   100%   123  337s
  7794  6834    0.00000   31  291  265.00000    0.00000   100%   127  359s
H 8065  6600                     110.0000000    0.00000   100%   131  395s
  8257  6714    0.00000   49  270  110.00000    0.00000   100%   134  441s
H 8268  6405                     105.0000000    0.00000   100%   134  441s
H 8400  6064                      85.0000000    0.00000   100%   136  441s
  8455  7841    0.00000   54  288   85.00000    0.00000   100%   137  488s
 10272  8346    0.00000  179  270   85.00000    0.00000   100%   149  507s
 11403  8849    0.00000  235  300   85.00000    0.00000   100%   150  522s
 12319  9516    0.00000  297  327   85.00000    0.00000   100%   149  536s
 13470  9853    0.00000  387  253   85.00000    0.00000   100%   149  545s
 14267 10152    0.00000   57  211   85.00000    0.00000   100%   150  555s
 14881 11253    0.00000  125  240   85.00000    0.00000   100%   149  579s
 16233 10922    0.00000  198  274   85.00000    0.00000   100%   148  584s
H16289 10525                      80.0000000    0.00000   100%   148  584s
 16355 11006    0.00000  197  285   80.00000    0.00000   100%   148  589s
 16875 11333    0.00000  223  265   80.00000    0.00000   100%   147  594s
 17384 11172    0.00000  251  271   80.00000    0.00000   100%   147  598s
 17392 11177    0.00000  252  268   80.00000    0.00000   100%   147  602s
 17400 11182    0.00000  250  281   80.00000    0.00000   100%   147  608s
 17408 11188    0.00000  249  266   80.00000    0.00000   100%   147  614s
 17416 11263    0.00000  252  269   80.00000    0.00000   100%   147  619s
H17453 10990                      75.0000000    0.00000   100%   147  619s
 17494 11523    0.00000  251  268   75.00000    0.00000   100%   147  625s
 18041 11919   40.00000  269  242   75.00000    0.00000   100%   146  630s
H18886 11754                      70.0000000    0.00000   100%   146  634s
 18993 12250   40.00000  342  201   70.00000    0.00000   100%   146  639s
 19580 12686   40.00000  355  187   70.00000    0.00000   100%   145  646s
 20218 12836   40.00000  372  196   70.00000    0.00000   100%   145  650s
 20585 13088   40.00000  375  190   70.00000    0.00000   100%   145  661s
 20995 12959   40.00000  373  184   70.00000    0.00000   100%   144  667s
 21003 12964   40.00000  374  188   70.00000    0.00000   100%   144  675s
 21011 12970   40.00000  375  188   70.00000    0.00000   100%   144  681s
 21019 13172   40.00000  376  189   70.00000    0.00000   100%   144  688s
 21252 13653   40.00000  395  206   70.00000    0.00000   100%   144  694s
 21843 14314   40.00000  414  191   70.00000    0.00000   100%   144  700s
 22743 15181   40.00000  439  178   70.00000    0.00000   100%   143  706s
 23664 15985   40.00000  473  203   70.00000    0.00000   100%   141  713s
 24575 16768    0.00000  140  292   70.00000    0.00000   100%   140  719s
 25381 17739    0.00000  242  282   70.00000    0.00000   100%   140  726s
 26601 18395    0.00000  387  277   70.00000    0.00000   100%   137  732s
 27307 19509    0.00000  492  293   70.00000    0.00000   100%   137  739s
 28421 19855    0.00000  615  312   70.00000    0.00000   100%   136  746s
 28769 20944   35.00000  647  301   70.00000    0.00000   100%   136  752s
 29867 23163   50.00000  817  281   70.00000    0.00000   100%   135  974s
 32242 23170 infeasible 1105        70.00000    0.00000   100%   133  979s
 32251 23176 infeasible 1103        70.00000    0.00000   100%   133  987s
 32261 23168 infeasible 1102        70.00000    0.00000   100%   133  996s
 32285 23176   45.00000  324  203   70.00000    0.00000   100%   133 1002s
 32293 23190    0.00000  324  206   70.00000    0.00000   100%   133 1009s
 32307 23293   45.00000  325  203   70.00000    0.00000   100%   133 1015s
 32465 23615   35.00000  513  186   70.00000    0.00000   100%   133 1021s
H32786 23611                      65.0000000    0.00000   100%   133 1021s
 32789 24435   35.00000  603  142   65.00000    0.00000   100%   133 1029s
 33705 25080   40.00000   53  227   65.00000    0.00000   100%   133 1036s
 34350 25891   40.00000  124  305   65.00000    0.00000   100%   132 1043s
 35227 26406   40.00000  266  319   65.00000    0.00000   100%   132 1050s
 35878 27335   40.00000  359  321   65.00000    0.00000   100%   132 1057s
 36811 28207   40.00000  493  324   65.00000    0.00000   100%   131 1063s
 37689 29165   40.00000  615  338   65.00000    0.00000   100%   131 1069s
 38676 30012   40.00000  750  319   65.00000    0.00000   100%   130 1075s
 39573 30792   40.00000  860  347   65.00000    0.00000   100%   130 1081s
 40390 31437   40.00000  941  358   65.00000    0.00000   100%   130 1087s
 41054 32230   40.00000 1027  370   65.00000    0.00000   100%   130 1094s
 41851 32910   40.00000 1062  376   65.00000    0.00000   100%   130 1101s
 42578 33588   40.00000 1137  374   65.00000    0.00000   100%   130 1107s
 43306 34350   40.00000 1245  350   65.00000    0.00000   100%   131 1115s
 44098 35243   55.00000 1336  355   65.00000    0.00000   100%   131 1121s
 45139 36731   55.00000 1426  334   65.00000    0.00000   100%   131 1144s
 46823 37311   35.00000  615  117   65.00000    0.00000   100%   131 1151s
 47637 37991   35.00000  544  151   65.00000    0.00000   100%   132 1157s
 48564 38566   60.00000  600  125   65.00000    0.00000   100%   132 1164s
 49422 39083   35.00000  592  127   65.00000    0.00000   100%   132 1170s
 50318 39089   35.00000  552  160   65.00000    0.00000   100%   133 1177s
 50328 39094 infeasible  553        65.00000    0.00000   100%   133 1184s
H50334 38496                      55.0000000    0.00000   100%   133 1184s
 50339 38495 infeasible  551        55.00000    0.00000   100%   133 1189s
 50355 38641 infeasible  552        55.00000    0.00000   100%   133 1199s
H50357 35732                      45.0000000    0.00000   100%   133 1199s
 50599 36185   35.00000  569  142   45.00000    0.00000   100%   133 1205s
 51470 36597   35.00000  574  167   45.00000    0.00000   100%   134 1212s
 52138 36864   35.00000  595  181   45.00000    0.00000   100%   134 1218s
 52835 37518 infeasible  589        45.00000    0.00000   100%   135 1226s
 53783 38085 infeasible  576        45.00000    0.00000   100%   136 1232s
 54768 38712   35.00000  566  152   45.00000    0.00000   100%   136 1239s
 55793 39084   35.00000  541  144   45.00000    0.00000   100%   137 1245s
 56644 39558   35.00000  608  154   45.00000    0.00000   100%   137 1252s
 57594 40095   35.00000  552  145   45.00000    0.00000   100%   138 1259s
 58503 40462   35.00000  537  155   45.00000    0.00000   100%   138 1265s
 59296 40692 infeasible  556        45.00000    0.00000   100%   139 1273s
 59820 40698   35.00000  546  185   45.00000    0.00000   100%   139 1294s
 59830 42226   35.00000  547  181   45.00000    0.00000   100%   139 1376s
 62686 42229   35.00000  630  111   45.00000    0.00000   100%   141 1405s
 62699 42426   35.00000  630  115   45.00000    0.00000   100%   141 1426s
H62898 42426                      45.0000000    0.00000   100%   141 1426s
 63098 43822 infeasible  677        45.00000    0.00000   100%   141 1451s
 65615 43912   35.00000  726   55   45.00000    0.00000   100%   142 1467s
 65707 45103   35.00000  727   61   45.00000    0.00000   100%   142 1485s
 67242 46007   35.00000  531  172   45.00000    0.00000   100%   142 1499s
 68953 47189   35.00000  541  189   45.00000    0.00000   100%   143 1511s
 70677 47918 infeasible  502        45.00000    0.00000   100%   143 1523s
 72263 48429   35.00000  542  183   45.00000    0.00000   100%   144 1534s
 73651 49056 infeasible  526        45.00000    0.00000   100%   144 1543s
 74979 49717   35.00000  514  179   45.00000    0.00000   100%   144 1565s
 76473 50029   40.00000  531  204   45.00000    0.00000   100%   145 1572s
 77356 50425 infeasible  528        45.00000    0.00000   100%   145 1579s
 78286 50777   35.00000  520  161   45.00000    0.00000   100%   145 1586s
 79114 51214   35.00000  531  174   45.00000    0.00000   100%   145 1592s
 79967 51694   35.00000  572  193   45.00000    0.00000   100%   145 1599s
 80892 51696 infeasible  559        45.00000    0.00000   100%   145 1605s
H80899 44679                      40.0000000    0.00000   100%   145 1605s
 80906 45159   35.00000  558  173   40.00000    0.00000   100%   145 1611s
 81840 45445   35.00000  594  163   40.00000    0.00000   100%   145 1618s
 82666 45796   35.00000  553  176   40.00000    0.00000   100%   146 1623s
 83203 46118   35.00000  548  163   40.00000    0.00000   100%   146 1629s
 83921 46335   35.00000  522  168   40.00000    0.00000   100%   146 1636s
 84766 46341   35.00000  528  179   40.00000    0.00000   100%   147 1641s
 84776 46340 infeasible  532        40.00000    0.00000   100%   147 1649s
 84793 46423 infeasible  531        40.00000    0.00000   100%   147 1657s
 85022 46644 infeasible  529        40.00000    0.00000   100%   147 1663s
 85657 46918 infeasible  534        40.00000    0.00000   100%   147 1669s
 86490 47477 infeasible  517        40.00000    0.00000   100%   147 1676s
 87402 48036   35.00000  507  186   40.00000    0.00000   100%   147 1683s
 88333 48346 infeasible  528        40.00000    0.00000   100%   147 1689s
 89208 48506   35.00000  537  177   40.00000    0.00000   100%   148 1695s
 89974 48974 infeasible  519        40.00000    0.00000   100%   148 1717s
 90999 49353 infeasible  525        40.00000    0.00000   100%   149 1727s
 92101 49788   35.00000  535  198   40.00000    0.00000   100%   149 1734s
 93027 50113   35.00000  525  183   40.00000    0.00000   100%   149 1743s
 93884 50344 infeasible  531        40.00000    0.00000   100%   150 1750s
 94689 50839   35.00000  527  189   40.00000    0.00000   100%   150 1758s
 95561 51411   35.00000  519  192   40.00000    0.00000   100%   150 1765s
 96511 51933   35.00000  598  121   40.00000    0.00000   100%   150 1772s
 97347 52230 infeasible  517        40.00000    0.00000   100%   150 1781s
 98146 52742   35.00000  507  191   40.00000    0.00000   100%   150 1788s
 99140 53343   35.00000  528  166   40.00000    0.00000   100%   150 1796s
 100033 53623   35.00000  533  175   40.00000    0.00000   100%   151 1803s
 100869 53921   35.00000  496  179   40.00000    0.00000   100%   151 1810s
 101620 54034   35.00000  503  181   40.00000    0.00000   100%   151 1817s
 101828 54041   35.00000  529  185   40.00000    0.00000   100%   151 1823s
 101837 54185   35.00000  530  183   40.00000    0.00000   100%   151 1832s
 102118 54660   35.00000  517  176   40.00000    0.00000   100%   151 1840s
 102968 55099   35.00000  511  189   40.00000    0.00000   100%   151 1848s
 103893 55601   35.00000  586  162   40.00000    0.00000   100%   151 1856s
 104817 56160 infeasible  569        40.00000    0.00000   100%   151 1877s
 106113 56519   35.00000  502  180   40.00000    0.00000   100%   152 1884s
 106929 56802   35.00000  509  206   40.00000    0.00000   100%   152 1891s
 107715 57259 infeasible  530        40.00000    0.00000   100%   152 1897s
 108552 57675   35.00000  544  169   40.00000    0.00000   100%   152 1904s
 109280 58140   35.00000  514  180   40.00000    0.00000   100%   152 1911s
 109990 58576   35.00000  605  150   40.00000    0.00000   100%   152 1918s
 110706 58929   35.00000  516  185   40.00000    0.00000   100%   152 1925s
 111479 59277   35.00000  529  194   40.00000    0.00000   100%   152 1932s
 112268 59726   35.00000  499  180   40.00000    0.00000   100%   152 1939s
 112951 60094    0.00000   69  232   40.00000    0.00000   100%   152 1945s
 113472 60635   35.00000  133  237   40.00000    0.00000   100%   153 1953s
 114063 61195   35.00000  191  279   40.00000    0.00000   100%   153 1959s
 114656 61203   35.00000  281  267   40.00000    0.00000   100%   153 1966s
 114664 61264   35.00000  282  275   40.00000    0.00000   100%   153 1975s
 114725 61581   35.00000  283  283   40.00000    0.00000   100%   153 1983s
 115045 62231   35.00000  284  282   40.00000    0.00000   100%   153 1991s
 115698 62950   35.00000  323  264   40.00000    0.00000   100%   152 1998s
 116468 63652   35.00000  404  265   40.00000    0.00000   100%   152 2006s
 117200 64485   35.00000  501  285   40.00000    0.00000   100%   152 2013s
 118063 65164   35.00000  567  292   40.00000    0.00000   100%   152 2021s
 118834 65898   35.00000  639  286   40.00000    0.00000   100%   152 2028s
 119583 66979   35.00000  714  296   40.00000    0.00000   100%   152 2048s
 120683 67840   35.00000  824  291   40.00000    0.00000   100%   151 2055s
 121550 68786   35.00000  894  268   40.00000    0.00000   100%   151 2062s
 122515 69644   35.00000  968  275   40.00000    0.00000   100%   151 2069s
 123376 70572   35.00000 1028  299   40.00000    0.00000   100%   151 2075s
 124335 71424   35.00000 1116  286   40.00000    0.00000   100%   151 2082s
 125228 72304   35.00000  355  137   40.00000    0.00000   100%   150 2088s
 126151 73111   35.00000  375  147   40.00000    0.00000   100%   150 2095s
 126973 73866   35.00000  398  137   40.00000    0.00000   100%   150 2101s
 127787 74109   35.00000  414  115   40.00000    0.00000   100%   150 2108s
 128079 74456   35.00000  415  111   40.00000    0.00000   100%   150 2114s
 128444 74970   35.00000  410  120   40.00000    0.00000   100%   150 2124s
 129025 74975   35.00000  411  119   40.00000    0.00000   100%   150 2132s
H129031 74975                      40.0000000    0.00000   100%   150 2132s
 129036 75109   35.00000  416  114   40.00000    0.00000   100%   150 2138s
H129041 17203                      35.0000000    0.00000   100%   150 2138s
 129204 16980     cutoff  413        35.00000    0.00000   100%   150 2146s
 129964 16964    0.00000   81  205   35.00000    0.00000   100%   150 2153s
 130566 16918     cutoff   73        35.00000    0.00000   100%   150 2160s
 131200 16866    0.00000   76  198   35.00000    0.00000   100%   150 2167s
 131853 16807     cutoff   72        35.00000    0.00000   100%   151 2175s
 132567 16763     cutoff  273        35.00000    0.00000   100%   151 2181s
 133244 16744     cutoff   76        35.00000    0.00000   100%   151 2190s
 133933 16821    0.00000   82  198   35.00000    0.00000   100%   151 2197s
 134531 16829    0.00000   72  186   35.00000    0.00000   100%   152 2215s
 135159 16857    0.01374   75  218   35.00000    0.00000   100%   152 2228s
 136171 16850    0.00000  314  189   35.00000    0.00000   100%   153 2238s
 136904 16836    0.00000   65  199   35.00000    0.00000   100%   153 2248s
 137689 16849    0.00000  265  200   35.00000    0.00000   100%   154 2260s
 138158 16836    0.00000   62  214   35.00000    0.00000   100%   154 2274s
 138719 16854     cutoff   73        35.00000    0.00000   100%   154 2290s
 139638 16818     cutoff  327        35.00000    0.00000   100%   155 2303s
 140821 16814    0.00000   78  210   35.00000    0.00000   100%   155 2315s
 140877 16814     cutoff   79        35.00000    0.00000   100%   155 2329s
 141119 16882    0.00000  324  192   35.00000    0.00000   100%   155 2343s
 142211 17029    0.00000   38  220   35.00000    0.00000   100%   156 2354s
 143249 17058 infeasible   65        35.00000    0.00000   100%   156 2366s
 144143 17244     cutoff   59        35.00000    0.00000   100%   157 2378s
 145009 17174    0.00000   85  220   35.00000    0.00000   100%   158 2390s
 145703 17216     cutoff   78        35.00000    0.00000   100%   158 2403s
 146819 17291     cutoff  322        35.00000    0.00000   100%   159 2415s
 147674 17302    0.00000   78  201   35.00000    0.00000   100%   159 2427s
 147865 17317     cutoff   72        35.00000    0.00000   100%   160 2440s
 148204 17310     cutoff   63        35.00000    0.00000   100%   160 2454s
 148731 17332     cutoff   64        35.00000    0.00000   100%   160 2467s
 149528 17411    0.00000   74  238   35.00000    0.00000   100%   161 2487s
 150040 17371    0.00000  321  203   35.00000    0.00000   100%   161 2504s
 151383 17364    0.00000   62  204   35.00000    0.00000   100%   162 2515s
 152355 17395    0.00000   56  206   35.00000    0.00000   100%   162 2525s
 152662 17399    0.00000   60  212   35.00000    0.00000   100%   163 2537s
 153608 17394    0.00000   66  192   35.00000    0.00000   100%   163 2549s
 154425 17350    0.00000   63  207   35.00000    0.00000   100%   164 2562s
 155195 17333     cutoff   74        35.00000    0.00000   100%   164 2573s
 155698 17340     cutoff   57        35.00000    0.00000   100%   165 2586s
 156558 17292    0.00000   66  235   35.00000    0.00000   100%   165 2598s
 157254 17329    0.00000   59  223   35.00000    0.00000   100%   166 2609s
 157978 17338     cutoff   76        35.00000    0.00000   100%   166 2622s
 158885 17337     cutoff   84        35.00000    0.00000   100%   167 2634s
 159703 17331    0.00000   56  217   35.00000    0.00000   100%   167 2647s
 159836 17342     cutoff   57        35.00000    0.00000   100%   168 2662s
 159907 17338     cutoff   57        35.00000    0.00000   100%   168 2679s
 159927 17335     cutoff   96        35.00000    0.00000   100%   168 2697s
 160124 17320     cutoff   97        35.00000    0.00000   100%   168 2718s
 160372 17320     cutoff   73        35.00000    0.00000   100%   168 2732s
 160794 17339    0.00000  271  224   35.00000    0.00000   100%   168 2747s
 161698 17345    0.00000   54  197   35.00000    0.00000   100%   169 2761s
 162584 17334    0.00000   62  262   35.00000    0.00000   100%   169 2775s
 163577 17294     cutoff   70        35.00000    0.00000   100%   170 2788s
 164377 17262     cutoff   82        35.00000    0.00000   100%   171 2801s
 165324 17260    0.00000   71  206   35.00000    0.00000   100%   171 2815s
 165630 17233    0.00000   72  206   35.00000    0.00000   100%   172 2831s
 166067 17260    0.00000   73  198   35.00000    0.00000   100%   172 2844s
 166816 17208    0.00000   61  236   35.00000    0.00000   100%   173 2862s
 167521 17208    0.00000   94  223   35.00000    0.00000   100%   173 2873s
 168430 17198 infeasible  338        35.00000    0.00000   100%   174 2885s
 169105 17173     cutoff   67        35.00000    0.00000   100%   174 2897s
 169893 17202     cutoff   67        35.00000    0.00000   100%   175 2910s
 170653 17191     cutoff   68        35.00000    0.00000   100%   175 2922s
 171486 17173    0.00000   39  216   35.00000    0.00000   100%   176 2935s
 172356 17180    0.00277   65  269   35.00000    0.00000   100%   176 2949s
 172547 17206    0.00277   66  266   35.00000    0.00000   100%   176 2963s
 172875 17186     cutoff   67        35.00000    0.00000   100%   177 2976s
 173540 17192    0.00000   64  208   35.00000    0.00000   100%   177 2990s
 174460 17189    0.00000  248  224   35.00000    0.00000   100%   178 3003s
 175203 17192     cutoff   62        35.00000    0.00000   100%   178 3016s
 176161 17224 infeasible  353        35.00000    0.00000   100%   179 3029s
 176914 17271     cutoff  324        35.00000    0.00000   100%   180 3043s
 177724 17307     cutoff  117        35.00000    0.00000   100%   180 3056s
 178533 17323    0.00000  196  235   35.00000    0.00000   100%   181 3068s
 179392 17352     cutoff   69        35.00000    0.00000   100%   182 3083s
 180235 17349     cutoff   78        35.00000    0.00000   100%   182 3099s
 180632 17315     cutoff   70        35.00000    0.00000   100%   183 3115s
 181208 17302     cutoff   68        35.00000    0.00000   100%   183 3130s
 182137 17334     cutoff   97        35.00000    0.00000   100%   184 3144s
 183147 17326     cutoff   82        35.00000    0.00000   100%   184 3164s
 183772 17330    0.00000   49  276   35.00000    0.00000   100%   185 3186s
 183783 17333    0.00000   50  275   35.00000    0.00000   100%   185 3212s
 183850 17319     cutoff   51        35.00000    0.00000   100%   185 3241s
 184222 17342    0.00000   64  221   35.00000    0.00000   100%   185 3267s
 184663 17278    0.00000   65  219   35.00000    0.00000   100%   186 3296s
 186711 17262    0.00000   70  246   35.00000    0.00000   100%   186 3313s
 187552 17241     cutoff   61        35.00000    0.00000   100%   187 3331s
 188847 17217    0.00000   67  231   35.00000    0.00000   100%   188 3346s
 189734 17168     cutoff   69        35.00000    0.00000   100%   188 3361s
 190762 17108    0.00000  176  226   35.00000    0.00000   100%   189 3377s
 191186 17085     cutoff  177        35.00000    0.00000   100%   189 3393s
 191899 17017    0.00000   58  219   35.00000    0.00000   100%   190 3408s
 192885 16997     cutoff   80        35.00000    0.00000   100%   190 3425s
 193903 16954     cutoff  309        35.00000    0.00000   100%   191 3441s
 194757 16891    0.00000   71  253   35.00000    0.00000   100%   192 3455s
 195849 16860    0.00000   80  226   35.00000    0.00000   100%   192 3471s
 196303 16863    0.00000   66  233   35.00000    0.00000   100%   193 3486s
 197183 16783    0.00000   72  225   35.00000    0.00000   100%   193 3502s
 198169 16728     cutoff   70        35.00000    0.00000   100%   194 3519s
 199174 16716    0.00000   33  224   35.00000    0.00000   100%   195 3536s
 199786 16698     cutoff   34        35.00000    0.00000   100%   195 3553s
 200579 16674    0.00000   35  223   35.00000    0.00000   100%   195 3568s
 201503 16667    0.00000   42  246   35.00000    0.00000   100%   196 3583s
 202500 16675     cutoff  119        35.00000    0.00000   100%   196 3599s
 203214 16689    0.00000   42  229   35.00000    0.00000   100%   197 3622s
 203677 16631     cutoff   61        35.00000    0.00000   100%   197 3643s
 204677 16650     cutoff   68        35.00000    0.00000   100%   197 3660s
 205881 16639    0.00000  151  232   35.00000    0.00000   100%   198 3675s
 206820 16569    0.00000   57  265   35.00000    0.00000   100%   199 3688s
 207918 16523     cutoff   42        35.00000    0.00000   100%   199 3703s
 209029 16527    0.00000   57  225   35.00000    0.00000   100%   199 3719s
 209224 16508    0.00000   58  229   35.00000    0.00000   100%   199 3732s
 209819 16499    0.00000  106  232   35.00000    0.00000   100%   200 3745s
 210736 16446     cutoff   89        35.00000    0.00000   100%   200 3759s
 211809 16426    0.00000   69  225   35.00000    0.00000   100%   200 3772s
 212855 16443     cutoff  218        35.00000    0.00000   100%   201 3787s
 213784 16450    0.00000   93  249   35.00000    0.00000   100%   201 3799s
 214697 16450     cutoff   78        35.00000    0.00000   100%   201 3812s
 215663 16430    0.00000   66  272   35.00000    0.00000   100%   202 3826s
 216863 16397     cutoff   60        35.00000    0.00000   100%   202 3839s
 217860 16395     cutoff   69        35.00000    0.00000   100%   202 3852s
 218256 16379    0.00000  321  231   35.00000    0.00000   100%   202 3869s
 218964 16347    0.00000   69  234   35.00000    0.00000   100%   203 3882s
 220066 16321     cutoff  112        35.00000    0.00000   100%   203 3894s
 221044 16313     cutoff  303        35.00000    0.00000   100%   203 3908s
 221952 16329    0.00000  274  235   35.00000    0.00000   100%   203 3920s
 222810 16332     cutoff   36        35.00000    0.00000   100%   204 3943s
 223539 16345    0.00000  101  264   35.00000    0.00000   100%   204 3957s
 223847 16348     cutoff   50        35.00000    0.00000   100%   204 3988s
 223860 16328     cutoff  300        35.00000    0.00000   100%   204 4009s
 224537 16297     cutoff  301        35.00000    0.00000   100%   204 4030s
 225803 16320     cutoff   55        35.00000    0.00000   100%   205 4048s
 226892 16296    0.00000   70  255   35.00000    0.00000   100%   205 4064s
 228083 16253    0.00000  307  239   35.00000    0.00000   100%   205 4078s
 229213 16218    0.00000  261  257   35.00000    0.00000   100%   205 4092s
 230110 16218    0.00000   74  233   35.00000    0.00000   100%   206 4104s
 230635 16200     cutoff   75        35.00000    0.00000   100%   206 4118s
 231611 16168    0.00000   57  242   35.00000    0.00000   100%   207 4133s
 232164 16188     cutoff  127        35.00000    0.00000   100%   207 4149s
 232669 16172     cutoff   54        35.00000    0.00000   100%   207 4166s
 233436 16153    0.00000  288  252   35.00000    0.00000   100%   207 4181s
 234520 16155    0.00000  133  243   35.00000    0.00000   100%   208 4195s
 235521 16153     cutoff  258        35.00000    0.00000   100%   208 4209s
 236097 16169     cutoff  248        35.00000    0.00000   100%   208 4222s
 236980 16171    0.00000   61  247   35.00000    0.00000   100%   209 4235s
 238016 16163    0.00000  289  241   35.00000    0.00000   100%   209 4254s
 238137 16074     cutoff  289        35.00000    0.00000   100%   209 4316s
 240993 16045    0.00000  246  230   35.00000    0.00000   100%   211 4332s
 241974 16071    0.00000  114  256   35.00000    0.00000   100%   211 4349s
 242928 16066    0.00000  139  238   35.00000    0.00000   100%   211 4370s
 243001 16036    0.00000  133  243   35.00000    0.00000   100%   211 4388s
 243332 16031 infeasible  387        35.00000    0.00000   100%   211 4451s
 243571 16039    0.00000   64  240   35.00000    0.00000   100%   212 4486s
 243682 16024     cutoff   69        35.00000    0.00000   100%   212 4511s
 243954 16033    0.00000   69  231   35.00000    0.00000   100%   212 4562s
 244067 16034    0.00000  236  250   35.00000    0.00000   100%   212 4598s
 244186 16039    0.00000  240  244   35.00000    0.00000   100%   212 4684s
 244622 16037     cutoff   63        35.00000    0.00000   100%   212 4722s
 245021 16012    0.00000   81  244   35.00000    0.00000   100%   212 4746s
 245383 15982    0.00000   56  269   35.00000    0.00000   100%   212 4809s
 246587 15947 infeasible  262        35.00000    0.00000   100%   213 4836s
 247963 15950    0.00000   67  241   35.00000    0.00000   100%   213 4859s
 249169 15903    0.00000   49  263   35.00000    0.00000   100%   214 4882s
 250273 15856    0.00000   92  239   35.00000    0.00000   100%   214 4904s
 251537 15819 infeasible  363        35.00000    0.00000   100%   215 4925s
 252938 15802    0.00000   62  267   35.00000    0.00000   100%   215 4943s
 254135 15780    0.00000  235  257   35.00000    0.00000   100%   216 4961s
 254380 15784    0.00000   58  249   35.00000    0.00000   100%   216 4982s
 254992 15784     cutoff  143        35.00000    0.00000   100%   216 5001s
 256318 15750     cutoff   63        35.00000    0.00000   100%   217 5023s
 257238 15747     cutoff  204        35.00000    0.00000   100%   217 5034s
 258015 15692    0.00000   92  251   35.00000    0.00000   100%   217 5045s
 258795 15646     cutoff  290        35.00000    0.00000   100%   218 5057s
 259590 15618    0.00000  263  261   35.00000    0.00000   100%   218 5069s
 260406 15586    0.00000  264  236   35.00000    0.00000   100%   218 5080s
 261197 15556     cutoff  237        35.00000    0.00000   100%   219 5093s
 262045 15509     cutoff  209        35.00000    0.00000   100%   219 5104s
 263038 15505    0.00000  245  240   35.00000    0.00000   100%   219 5115s
 263821 15497     cutoff   73        35.00000    0.00000   100%   219 5128s
 264236 15492    0.00000  125  285   35.00000    0.00000   100%   220 5141s
 264663 15490    0.00000   80  244   35.00000    0.00000   100%   220 5155s
 265291 15453    0.00000   44  227   35.00000    0.00000   100%   220 5169s
 266043 15430    0.00000   75  252   35.00000    0.00000   100%   220 5182s
 267031 15454    0.00000   82  259   35.00000    0.00000   100%   220 5194s
 267853 15421     cutoff   86        35.00000    0.00000   100%   221 5207s
 268621 15443     cutoff  259        35.00000    0.00000   100%   221 5221s
 269462 15446     cutoff   97        35.00000    0.00000   100%   221 5234s
 270430 15421     cutoff   45        35.00000    0.00000   100%   222 5247s
 270761 15405     cutoff  198        35.00000    0.00000   100%   222 5262s
 271269 15386     cutoff   60        35.00000    0.00000   100%   222 5275s
 272094 15319    0.00000  169  254   35.00000    0.00000   100%   222 5288s
 272944 15265    0.00000  154  278   35.00000    0.00000   100%   223 5301s
 273910 15255     cutoff   77        35.00000    0.00000   100%   223 5314s
 274738 15206     cutoff   74        35.00000    0.00000   100%   223 5325s
 275639 15180 infeasible  181        35.00000    0.00000   100%   223 5339s
 276617 15173    0.00000   71  253   35.00000    0.00000   100%   224 5353s
 277026 15112    0.00000   72  259   35.00000    0.00000   100%   224 5367s
 277572 15077     cutoff  245        35.00000    0.00000   100%   224 5381s
 278450 15071     cutoff   96        35.00000    0.00000   100%   224 5395s
 279488 15053    0.00000  108  270   35.00000    0.00000   100%   225 5408s
 280391 14994    0.00000   91  239   35.00000    0.00000   100%   225 5423s
 281196 14975     cutoff   56        35.00000    0.00000   100%   225 5435s
 282025 14980     cutoff  130        35.00000    0.00000   100%   226 5449s
 282136 14969     cutoff   80        35.00000    0.00000   100%   226 5462s
 282406 14959    0.00000   96  260   35.00000    0.00000   100%   226 5477s
 282943 14903    0.00000  135  258   35.00000    0.00000   100%   226 5492s
 283854 14863    0.00000  106  257   35.00000    0.00000   100%   226 5507s
 284819 14815     cutoff   53        35.00000    0.00000   100%   227 5520s
 285700 14775    0.00000   34  262   35.00000    0.00000   100%   227 5533s
 286538 14725     cutoff  140        35.00000    0.00000   100%   227 5547s
 287345 14650    0.01374   56  282   35.00000    0.00000   100%   228 5561s
 288289 14653 infeasible  299        35.00000    0.00000   100%   228 5575s
 288769 14611    0.00000  133  252   35.00000    0.00000   100%   228 5589s
 289624 14567     cutoff   45        35.00000    0.00000   100%   228 5603s
 290379 14500     cutoff   59        35.00000    0.00000   100%   229 5618s
 291258 14450    0.00000  237  265   35.00000    0.00000   100%   229 5631s
 292386 14444     cutoff  167        35.00000    0.00000   100%   229 5645s
 293250 14430 infeasible  218        35.00000    0.00000   100%   229 5658s
 293776 14422     cutoff   90        35.00000    0.00000   100%   230 5672s
 294289 14447     cutoff   52        35.00000    0.00000   100%   230 5686s
 294978 14428     cutoff   70        35.00000    0.00000   100%   230 5710s
 295782 14395    0.00000  100  267   35.00000    0.00000   100%   230 5724s
 296193 14322     cutoff   98        35.00000    0.00000   100%   230 5740s
 297163 14300    0.00000   76  260   35.00000    0.00000   100%   231 5754s
 298077 14284    0.00000   37  273   35.00000    0.00000   100%   231 5768s
 298714 14233     cutoff   46        35.00000    0.00000   100%   231 5783s
 299679 14178    0.00000   68  249   35.00000    0.00000   100%   232 5797s
 300588 14149    0.00000  199  262   35.00000    0.00000   100%   232 5810s
 301495 14106    0.00000   99  266   35.00000    0.00000   100%   232 5824s
 301998 14063     cutoff  240        35.00000    0.00000   100%   233 5840s
 302735 14013    0.00000  202  273   35.00000    0.00000   100%   233 5856s
 303589 13927     cutoff   93        35.00000    0.00000   100%   233 5869s
 304683 13908    0.00000  110  241   35.00000    0.00000   100%   233 5883s
 305561 13887     cutoff  260        35.00000    0.00000   100%   234 5898s
 305735 13899     cutoff  180        35.00000    0.00000   100%   234 5914s
 305935 13900     cutoff  342        35.00000    0.00000   100%   234 5928s
 306690 13885    0.00000  234  269   35.00000    0.00000   100%   234 5942s
 307403 13829    0.00000   89  259   35.00000    0.00000   100%   234 5957s
 308393 13793    0.00000   49  295   35.00000    0.00000   100%   235 5971s
 309305 13709     cutoff  152        35.00000    0.00000   100%   235 5986s
 310316 13678     cutoff   85        35.00000    0.00000   100%   235 5999s
 311317 13656    0.00000  125  281   35.00000    0.00000   100%   236 6012s
 312312 13623    0.00000  104  261   35.00000    0.00000   100%   236 6026s
 313463 13619     cutoff   64        35.00000    0.00000   100%   236 6039s
 314346 13630     cutoff  163        35.00000    0.00000   100%   236 6052s
 315275 13600     cutoff  101        35.00000    0.00000   100%   237 6064s
 316190 13608    0.00000   30  249   35.00000    0.00000   100%   237 6077s
 316858 13619    0.00000  138  271   35.00000    0.00000   100%   237 6098s
 317341 13597     cutoff  223        35.00000    0.00000   100%   237 6116s
 318480 13537    0.00000  235  268   35.00000    0.00000   100%   238 6133s
 319598 13527    0.00000  187  279   35.00000    0.00000   100%   238 6148s
 319965 13522    0.20502   34  320   35.00000    0.00000   100%   238 6172s
 320499 13491     cutoff  174        35.00000    0.00000   100%   238 6210s
 321612 13455    0.00000  173  267   35.00000    0.00000   100%   239 6226s
 322847 13445     cutoff  137        35.00000    0.00000   100%   239 6243s
 322937 13444    0.00000  179  262   35.00000    0.00000   100%   239 6267s
 323178 13428    0.00000  180  267   35.00000    0.00000   100%   239 6284s
 323917 13366    0.00000  181  264   35.00000    0.00000   100%   239 6300s
 325016 13349    0.00000   56  281   35.00000    0.00000   100%   239 6315s
 326155 13351     cutoff  396        35.00000    0.00000   100%   240 6330s
 327249 13293    0.00000   90  282   35.00000    0.00000   100%   240 6345s
 328353 13246     cutoff  170        35.00000    0.00000   100%   240 6358s
 329541 13242     cutoff  135        35.00000    0.00000   100%   240 6374s
 329812 13212     cutoff  135        35.00000    0.00000   100%   241 6389s
 330214 13222    0.00000  151  263   35.00000    0.00000   100%   241 6404s
 330966 13249    0.00000  184  259   35.00000    0.00000   100%   241 6418s
 331705 13231    0.00000   39  238   35.00000    0.00000   100%   241 6438s
 332283 13198    0.00000  478  278   35.00000    0.00000   100%   242 6455s
 333577 13182     cutoff  109        35.00000    0.00000   100%   242 6468s
 334487 13129    0.00000   75  284   35.00000    0.00000   100%   242 6479s
 335292 13109     cutoff  223        35.00000    0.00000   100%   242 6491s
 336097 13167    0.00000  179  269   35.00000    0.00000   100%   243 6505s
 337017 13174     cutoff   48        35.00000    0.00000   100%   243 6522s
 337320 13146     cutoff   49        35.00000    0.00000   100%   243 6540s
 337812 13149     cutoff  248        35.00000    0.00000   100%   243 6554s
 338348 13193     cutoff   41        35.00000    0.00000   100%   243 6567s
 339141 13237    0.00000   93  271   35.00000    0.00000   100%   243 6579s
 339925 13222    0.00000   41  275   35.00000    0.00000   100%   244 6594s
 340794 13170     cutoff  166        35.00000    0.00000   100%   244 6608s
 341914 13184    0.00000  225  295   35.00000    0.00000   100%   244 6621s
 342707 13195     cutoff   34        35.00000    0.00000   100%   244 6634s
 343455 13165    0.00000   37  292   35.00000    0.00000   100%   245 6647s
 344276 13169    0.00000  226  263   35.00000    0.00000   100%   245 6662s
 344604 13153     cutoff  185        35.00000    0.00000   100%   245 6676s
H344959 13153                      35.0000000    0.00000   100%   245 6676s
 345063 13117    0.00000   39  297   35.00000    0.00000   100%   245 6692s
 346759 13108     cutoff  185        35.00000    0.00000   100%   245 6706s
 347844 13083    0.00000  284  267   35.00000    0.00000   100%   245 6727s
 349087 13052     cutoff  171        35.00000    0.00000   100%   244 6736s
 349983 13031    0.00000   29  281   35.00000    0.00000   100%   244 6745s
 350773 12984 infeasible  225        35.00000    0.00000   100%   244 6753s
 351489 12930     cutoff   60        35.00000    0.00000   100%   244 6762s
 352420 13004     cutoff  230        35.00000    0.00000   100%   244 6771s
 353121 13042    0.00000   39  311   35.00000    0.00000   100%   244 6780s
 353643 13070    0.00000  122  289   35.00000    0.00000   100%   244 6791s
 354235 13052    0.00000  135  278   35.00000    0.00000   100%   244 6801s
 354896 13054     cutoff  199        35.00000    0.00000   100%   244 6811s
 355721 13027    0.00000  192  273   35.00000    0.00000   100%   244 6822s
 356534 13023 infeasible  106        35.00000    0.00000   100%   244 6836s
 356914 13065    0.00000  108  308   35.00000    0.00000   100%   244 6847s
 357297 13079     cutoff  109        35.00000    0.00000   100%   244 6861s
 357703 13102    0.00000   39  261   35.00000    0.00000   100%   244 6872s
 358492 13067     cutoff   26        35.00000    0.00000   100%   244 6884s
 359492 13081    0.00000   35  265   35.00000    0.00000   100%   243 6894s
 360470 13083     cutoff   27        35.00000    0.00000   100%   243 6906s
 361499 13107    0.00000   29  283   35.00000    0.00000   100%   243 6917s
 362440 13120     cutoff   38        35.00000    0.00000   100%   243 6938s
 363479 13117    0.00000  206  285   35.00000    0.00000   100%   243 6950s
 364540 13098     cutoff   36        35.00000    0.00000   100%   243 6959s
 365334 13072     cutoff   58        35.00000    0.00000   100%   243 6968s
 366287 13067     cutoff   81        35.00000    0.00000   100%   242 6978s
 367117 13072    0.00000  198  271   35.00000    0.00000   100%   242 6989s
 367671 13077    0.00000  209  271   35.00000    0.00000   100%   242 6999s
 368478 13057    0.00000   83  257   35.00000    0.00000   100%   242 7009s
 369272 13072    0.00000   87  276   35.00000    0.00000   100%   242 7019s
 370278 13057     cutoff  259        35.00000    0.00000   100%   242 7029s
 371472 13040     cutoff  194        35.00000    0.00000   100%   241 7038s
 372431 13025    0.00000   24  264   35.00000    0.00000   100%   241 7047s
 373185 13012    0.00000  214  268   35.00000    0.00000   100%   241 7057s
 374088 13019    0.00000  267  278   35.00000    0.00000   100%   241 7067s
 374303 13014    0.00000  268  272   35.00000    0.00000   100%   241 7076s
 374826 13009    0.00000  269  268   35.00000    0.00000   100%   241 7086s
 375287 12988    0.00000  270  270   35.00000    0.00000   100%   241 7112s
 375840 12980    0.00000  269  284   35.00000    0.00000   100%   241 7126s
 376240 12983    0.00000  270  283   35.00000    0.00000   100%   241 7137s
 376769 12949    0.00000  271  282   35.00000    0.00000   100%   241 7149s
 377339 12944     cutoff  270        35.00000    0.00000   100%   241 7195s
 377941 12951    0.00000  264  278   35.00000    0.00000   100%   241 7206s
 378685 12931    0.00000   43  327   35.00000    0.00000   100%   241 7218s
 379729 12948    0.00000  117  289   35.00000    0.00000   100%   240 7230s
 380868 12944    0.00000   33  287   35.00000    0.00000   100%   240 7251s
 382129 12961     cutoff   74        35.00000    0.00000   100%   240 7261s
 383158 12976     cutoff  190        35.00000    0.00000   100%   240 7269s
 384104 12944     cutoff   89        35.00000    0.00000   100%   240 7278s
 384832 12979    0.00000   36  316   35.00000    0.00000   100%   239 7286s
 385482 12965    0.00000  154  296   35.00000    0.00000   100%   239 7295s
 386250 12927 infeasible  214        35.00000    0.00000   100%   239 7303s
 386960 12920    0.00000  333  262   35.00000    0.00000   100%   239 7312s
 387881 12889     cutoff   34        35.00000    0.00000   100%   239 7321s
 388758 12874    0.00000  206  272   35.00000    0.00000   100%   239 7330s
 389512 12861     cutoff  246        35.00000    0.00000   100%   239 7339s
 390322 12875    0.00000   61  271   35.00000    0.00000   100%   239 7348s
 391195 12844     cutoff  191        35.00000    0.00000   100%   238 7357s
 392116 12859    0.00000  181  300   35.00000    0.00000   100%   238 7366s
 393013 12876    0.00000  121  311   35.00000    0.00000   100%   238 7375s
 393973 12840     cutoff   47        35.00000    0.00000   100%   238 7385s
 394754 12824     cutoff   42        35.00000    0.00000   100%   238 7393s
 395481 12835    0.00000  199  279   35.00000    0.00000   100%   238 7402s
 396333 12828    0.00000  230  290   35.00000    0.00000   100%   238 7411s
 397201 12796     cutoff  122        35.00000    0.00000   100%   237 7419s
 397928 12815    0.00000   72  307   35.00000    0.00000   100%   237 7428s
 398868 12856    0.00000  228  280   35.00000    0.00000   100%   237 7436s
 399587 12874    0.00000   29  290   35.00000    0.00000   100%   237 7456s
 400592 12838    0.00000   34  298   35.00000    0.00000   100%   237 7467s
 401675 12833     cutoff   31        35.00000    0.00000   100%   237 7477s
 402613 12839    0.00000  112  273   35.00000    0.00000   100%   237 7490s
 402623 12843    0.00000  113  272   35.00000    0.00000   100%   237 7503s
 402635 12836     cutoff  114        35.00000    0.00000   100%   237 7514s
 402658 12833    0.00000  112  273   35.00000    0.00000   100%   237 7527s
 402677 12834    0.00000  113  266   35.00000    0.00000   100%   237 7550s
 402692 12837    0.00000  114  274   35.00000    0.00000   100%   237 7564s
 402705 12845    0.00000  115  276   35.00000    0.00000   100%   237 7577s
 402713 12849    0.00000  116  274   35.00000    0.00000   100%   237 7644s
 402725 12846     cutoff  117        35.00000    0.00000   100%   237 7658s
 402743 12852    0.00000  114  267   35.00000    0.00000   100%   237 7672s
 402753 12851    0.00000  115  278   35.00000    0.00000   100%   237 7703s
 402770 12853 infeasible  116        35.00000    0.00000   100%   237 7745s
 402784 12843     cutoff  169        35.00000    0.00000   100%   237 7810s
 402809 12844    0.00000  150  285   35.00000    0.00000   100%   237 7829s
 403005 12845    0.00000  151  291   35.00000    0.00000   100%   236 7858s
 403112 12835    0.00000  152  285   35.00000    0.00000   100%   236 7917s
 403298 12830     cutoff  153        35.00000    0.00000   100%   236 7993s
 403322 12827     cutoff  152        35.00000    0.00000   100%   236 8096s
 403385 12826     cutoff  151        35.00000    0.00000   100%   236 8132s
 403458 12823    0.00000  334  284   35.00000    0.00000   100%   236 8179s
 403538 12819    0.00000  335  270   35.00000    0.00000   100%   236 8200s
 403767 12802 infeasible  119        35.00000    0.00000   100%   236 8275s
 403995 12767     cutoff   46        35.00000    0.00000   100%   236 8298s
 404612 12734     cutoff   35        35.00000    0.00000   100%   236 8320s
 405950 12739    0.00000  178  273   35.00000    0.00000   100%   236 8341s
 407303 12728     cutoff   38        35.00000    0.00000   100%   236 8360s
 408846 12751    0.00000   53  296   35.00000    0.00000   100%   235 8376s
 410130 12764    0.00000  280  298   35.00000    0.00000   100%   235 8394s
 411665 12769     cutoff   36        35.00000    0.00000   100%   235 8407s
 412375 12786    0.00000  256  276   35.00000    0.00000   100%   235 8421s
 413123 12787    0.00000  255  265   35.00000    0.00000   100%   235 8440s
 413969 12788    0.00000   30  283   35.00000    0.00000   100%   235 8454s
 415196 12740    0.00000   82  291   35.00000    0.00000   100%   235 8470s
 416718 12726    0.00000   25  299   35.00000    0.00000   100%   234 8483s
 417977 12676     cutoff  154        35.00000    0.00000   100%   234 8496s
 419155 12674     cutoff   27        35.00000    0.00000   100%   234 8509s
 420495 12704     cutoff   70        35.00000    0.00000   100%   234 8521s
 421455 12741    0.00000   35  328   35.00000    0.00000   100%   234 8542s
 422014 12728    0.00000  289  297   35.00000    0.00000   100%   234 8561s
 423222 12750 infeasible  238        35.00000    0.00000   100%   234 8576s
 424788 12736    0.00000   32  302   35.00000    0.00000   100%   234 8588s
 425546 12679    0.00000   35  301   35.00000    0.00000   100%   233 8599s
 426721 12680 infeasible  195        35.00000    0.00000   100%   233 8614s
 427079 12702     cutoff  162        35.00000    0.00000   100%   233 8631s
 427747 12694     cutoff  171        35.00000    0.00000   100%   233 8653s
 428514 12705     cutoff  257        35.00000    0.00000   100%   233 8665s
 429588 12737    0.00000   51  310   35.00000    0.00000   100%   233 8677s
 430411 12760     cutoff  176        35.00000    0.00000   100%   233 8688s
 431522 12756    0.00000  131  280   35.00000    0.00000   100%   233 8700s
 432580 12765 infeasible   82        35.00000    0.00000   100%   233 8710s
 433338 12760    0.00000  159  294   35.00000    0.00000   100%   232 8721s
 434503 12803    0.00000   43  334   35.00000    0.00000   100%   232 8732s
 435717 12819    0.00000  164  274   35.00000    0.00000   100%   232 8743s
 436997 12835     cutoff   91        35.00000    0.00000   100%   232 8765s
 438369 12842    0.00000   47  298   35.00000    0.00000   100%   232 8773s
 439019 12814     cutoff   54        35.00000    0.00000   100%   232 8782s
 439994 12837    0.00000   34  299   35.00000    0.00000   100%   231 8791s
 440201 12875     cutoff  156        35.00000    0.00000   100%   231 8800s
 440555 12911    0.00000   47  288   35.00000    0.00000   100%   231 8812s
 441066 12905    0.00000  326  270   35.00000    0.00000   100%   231 8824s
 441931 12899     cutoff  104        35.00000    0.00000   100%   231 8834s
 442967 12900    0.00000  154  298   35.00000    0.00000   100%   231 8844s
 443542 12911     cutoff   40        35.00000    0.00000   100%   231 8854s
 444486 12934     cutoff   67        35.00000    0.00000   100%   231 8865s
 445586 12909    0.00000  255  302   35.00000    0.00000   100%   231 8876s
 446428 12920    0.00000   49  307   35.00000    0.00000   100%   231 8886s
 447478 12947     cutoff   47        35.00000    0.00000   100%   230 8895s
 448356 12916    0.00000   30  279   35.00000    0.00000   100%   230 8905s
 449115 12956    0.00000  213  272   35.00000    0.00000   100%   230 8915s
 450151 12936     cutoff  183        35.00000    0.00000   100%   230 8925s
 450499 12942    0.00000  239  290   35.00000    0.00000   100%   230 8940s
 450862 12947     cutoff   70        35.00000    0.00000   100%   230 8952s
 451397 12972    0.00000   46  286   35.00000    0.00000   100%   230 8963s
 451988 12948    0.00000   47  287   35.00000    0.00000   100%   230 8985s
 453404 12959    0.00000  180  306   35.00000    0.00000   100%   230 8993s
 454132 12948     cutoff   51        35.00000    0.00000   100%   230 9002s
 454911 12920    0.00000   39  303   35.00000    0.00000   100%   230 9010s
 455647 12885    0.00000  155  303   35.00000    0.00000   100%   230 9020s
 456543 12857    0.00000  276  287   35.00000    0.00000   100%   229 9028s
 457336 12851     cutoff   86        35.00000    0.00000   100%   229 9038s
 458138 12838    0.00000   70  309   35.00000    0.00000   100%   229 9048s
 459072 12855    0.00000   81  288   35.00000    0.00000   100%   229 9056s
 459785 12872     cutoff  159        35.00000    0.00000   100%   229 9064s
 460444 12862    0.00000  157  291   35.00000    0.00000   100%   229 9074s
 461204 12865     cutoff   89        35.00000    0.00000   100%   229 9082s
 461311 12834     cutoff   88        35.00000    0.00000   100%   229 9096s
 461664 12862     cutoff   39        35.00000    0.00000   100%   229 9106s
 462189 12870    0.00000   22  291   35.00000    0.00000   100%   229 9117s
 462930 12884     cutoff   86        35.00000    0.00000   100%   229 9126s
 463785 12867    0.00000   48  322   35.00000    0.00000   100%   229 9137s
 464849 12894    0.00000  155  273   35.00000    0.00000   100%   229 9146s
 465828 12889     cutoff  161        35.00000    0.00000   100%   228 9156s
 466885 12830     cutoff  162        35.00000    0.00000   100%   228 9167s
 468103 12847    0.00000   80  316   35.00000    0.00000   100%   228 9176s
 468928 12838     cutoff  112        35.00000    0.00000   100%   228 9197s
 470132 12836     cutoff  191        35.00000    0.00000   100%   228 9206s
 471086 12853     cutoff  156        35.00000    0.00000   100%   228 9215s
 471978 12847     cutoff  182        35.00000    0.00000   100%   228 9225s
 472742 12879    0.00000  103  279   35.00000    0.00000   100%   227 9233s
 473562 12873    0.00000  113  293   35.00000    0.00000   100%   227 9247s
 473866 12890     cutoff  172        35.00000    0.00000   100%   227 9259s
 474409 12893    0.00000  168  285   35.00000    0.00000   100%   227 9270s
 475111 12871     cutoff  172        35.00000    0.00000   100%   227 9279s
 475834 12862     cutoff  203        35.00000    0.00000   100%   227 9290s
 476747 12870     cutoff   44        35.00000    0.00000   100%   227 9300s
 477573 12845    0.00000   42  301   35.00000    0.00000   100%   227 9311s
 478479 12858     cutoff  127        35.00000    0.00000   100%   227 9321s
 479318 12841    0.00000   85  310   35.00000    0.00000   100%   227 9330s
 480115 12889    0.00000  159  302   35.00000    0.00000   100%   227 9340s
 480911 12942    0.00000   39  284   35.00000    0.00000   100%   227 9350s
 481741 12935     cutoff   43        35.00000    0.00000   100%   227 9361s
 482778 12914 infeasible  173        35.00000    0.00000   100%   227 9370s
 483656 12914 infeasible  101        35.00000    0.00000   100%   226 9380s
 484530 12891    0.00000   68  305   35.00000    0.00000   100%   226 9403s
 485697 12893    0.00000  157  282   35.00000    0.00000   100%   226 9414s
 485835 12901    0.00000  158  290   35.00000    0.00000   100%   226 9435s
 486201 12863    0.00000  159  284   35.00000    0.00000   100%   226 9451s
 487109 12835     cutoff  162        35.00000    0.00000   100%   226 9466s
 488469 12833     cutoff  118        35.00000    0.00000   100%   226 9477s
 489528 12855     cutoff  150        35.00000    0.00000   100%   226 9488s
 490449 12862     cutoff  102        35.00000    0.00000   100%   226 9499s
 491587 12843     cutoff  103        35.00000    0.00000   100%   226 9510s
 492644 12800     cutoff   49        35.00000    0.00000   100%   225 9520s
 493623 12833    0.00000  134  309   35.00000    0.00000   100%   225 9531s
 494424 12868     cutoff   45        35.00000    0.00000   100%   225 9541s
 495342 12843     cutoff  164        35.00000    0.00000   100%   225 9551s
 496414 12849    0.00000  164  320   35.00000    0.00000   100%   225 9560s
 497228 12847     cutoff   51        35.00000    0.00000   100%   225 9570s
 498056 12813 infeasible  163        35.00000    0.00000   100%   225 9580s
 499087 12792    0.00000  208  302   35.00000    0.00000   100%   225 9590s
 500153 12804     cutoff   44        35.00000    0.00000   100%   225 9600s
 501047 12813    0.00000   27  327   35.00000    0.00000   100%   225 9625s
 501691 12796     cutoff   28        35.00000    0.00000   100%   224 9643s
 502797 12771    0.00000   54  273   35.00000    0.00000   100%   224 9658s
 504183 12770     cutoff  102        35.00000    0.00000   100%   224 9671s
 505397 12781    0.00000   80  299   35.00000    0.00000   100%   224 9681s
 506304 12775    0.00000  116  293   35.00000    0.00000   100%   224 9692s
 507387 12729     cutoff  179        35.00000    0.00000   100%   224 9702s
 508304 12691    0.00000  241  303   35.00000    0.00000   100%   224 9713s
 509196 12659     cutoff   59        35.00000    0.00000   100%   224 9724s
 510332 12660    0.00000  262  292   35.00000    0.00000   100%   224 9737s
 510660 12663 infeasible  263        35.00000    0.00000   100%   223 9747s
 511163 12671    0.00000   94  276   35.00000    0.00000   100%   223 9760s
 511753 12629    0.00000   95  273   35.00000    0.00000   100%   223 9770s
 512634 12660     cutoff  302        35.00000    0.00000   100%   223 9780s
 513544 12633     cutoff   64        35.00000    0.00000   100%   223 9792s
 514746 12613    0.00000   77  305   35.00000    0.00000   100%   223 9802s
 515624 12618     cutoff   79        35.00000    0.00000   100%   223 9812s
 516587 12631    0.00000  191  280   35.00000    0.00000   100%   223 9822s
 517495 12640     cutoff   77        35.00000    0.00000   100%   223 9843s
 518598 12628    0.00000   35  286   35.00000    0.00000   100%   223 9853s
 519569 12634    0.00000   85  327   35.00000    0.00000   100%   223 9862s
 520513 12655    0.00000   77  301   35.00000    0.00000   100%   222 9871s
 521375 12637     cutoff  157        35.00000    0.00000   100%   222 9880s
 522270 12630     cutoff   32        35.00000    0.00000   100%   222 9888s
 522450 12624     cutoff  142        35.00000    0.00000   100%   222 9898s
 522811 12608    0.00000  111  302   35.00000    0.00000   100%   222 9913s
 523135 12629    0.00000  112  296   35.00000    0.00000   100%   222 9924s
 523570 12627    0.00000  113  299   35.00000    0.00000   100%   222 9934s
 524292 12613    0.00000  110  301   35.00000    0.00000   100%   222 9946s
 525230 12586    0.00000   47  325   35.00000    0.00000   100%   222 9957s
 526106 12582 infeasible   89        35.00000    0.00000   100%   222 9968s
 526951 12558     cutoff  206        35.00000    0.00000   100%   222 9978s
 527972 12582    0.00644   39  352   35.00000    0.00000   100%   222 9989s
 528995 12564     cutoff   62        35.00000    0.00000   100%   222 9999s
 530006 12525    0.00000  214  298   35.00000    0.00000   100%   222 10010s
 531052 12471    0.00000  103  288   35.00000    0.00000   100%   222 10021s
 532127 12468    0.00000   26  304   35.00000    0.00000   100%   222 10030s
 532938 12463     cutoff  113        35.00000    0.00000   100%   222 10039s
 533754 12432    0.00000   47  326   35.00000    0.00000   100%   221 10049s
 534489 12404     cutoff   43        35.00000    0.00000   100%   222 10059s
 535417 12376    0.20623   57  319   35.00000    0.00000   100%   221 10069s
 536463 12331     cutoff   50        35.00000    0.00000   100%   221 10079s
 537392 12345    0.00000   78  301   35.00000    0.00000   100%   221 10088s
 538252 12329    0.00000   96  350   35.00000    0.00000   100%   221 10098s
 539116 12339    0.00000  126  294   35.00000    0.00000   100%   221 10107s
 539430 12364     cutoff  100        35.00000    0.00000   100%   221 10133s
 539946 12364    0.00000  110  296   35.00000    0.00000   100%   221 10154s
 541089 12322    0.00000  138  302   35.00000    0.00000   100%   221 10172s
 542935 12283     cutoff  140        35.00000    0.00000   100%   221 10185s
 544367 12296     cutoff  142        35.00000    0.00000   100%   221 10195s
 545334 12320    0.00000  120  296   35.00000    0.00000   100%   220 10204s
 546027 12339    0.00000   39  292   35.00000    0.00000   100%   220 10213s
 546723 12344     cutoff   43        35.00000    0.00000   100%   220 10224s
 547555 12326    0.00000  170  294   35.00000    0.00000   100%   220 10234s
 548302 12303    0.00000   86  302   35.00000    0.00000   100%   221 10244s
 549335 12289    0.00000   74  310   35.00000    0.00000   100%   220 10254s
 550329 12285    0.00000   34  326   35.00000    0.00000   100%   220 10264s
 550948 12303    0.00000   26  304   35.00000    0.00000   100%   220 10273s
 551711 12292     cutoff   81        35.00000    0.00000   100%   220 10282s
 552590 12322     cutoff   46        35.00000    0.00000   100%   220 10292s
 553529 12325    0.00000  118  281   35.00000    0.00000   100%   220 10303s
 554520 12320    0.20502  106  293   35.00000    0.00000   100%   220 10313s
 555012 12336    0.00000  107  290   35.00000    0.00000   100%   220 10323s
 555759 12326    0.00000  165  307   35.00000    0.00000   100%   220 10344s
 556740 12308     cutoff  154        35.00000    0.00000   100%   220 10355s
 557708 12248     cutoff  142        35.00000    0.00000   100%   220 10365s
 558793 12243    0.00000  185  298   35.00000    0.00000   100%   220 10374s
 559789 12216 infeasible   98        35.00000    0.00000   100%   220 10383s
 560487 12242    0.00000  100  278   35.00000    0.00000   100%   220 10392s
 560888 12214    0.00000  100  304   35.00000    0.00000   100%   220 10402s
 561403 12213     cutoff   62        35.00000    0.00000   100%   220 10416s
 561887 12161    0.00000   41  294   35.00000    0.00000   100%   220 10432s
 562674 12110    0.00000  250  302   35.00000    0.00000   100%   219 10443s
 563599 12080     cutoff  188        35.00000    0.00000   100%   219 10454s
 564647 12166     cutoff   51        35.00000    0.00000   100%   219 10464s
 565522 12186    0.00000  140  310   35.00000    0.00000   100%   219 10473s
 566366 12162    0.00000   74  313   35.00000    0.00000   100%   219 10484s
 567246 12136    0.00000   41  285   35.00000    0.00000   100%   219 10495s
 568029 12125     cutoff   31        35.00000    0.00000   100%   219 10505s
 568907 12103    0.00000  116  290   35.00000    0.00000   100%   219 10515s
 569715 12201    0.00000   53  291   35.00000    0.00000   100%   219 10525s
 570642 12233    0.00000   59  300   35.00000    0.00000   100%   219 10545s
 571670 12259     cutoff   99        35.00000    0.00000   100%   219 10555s
 572572 12226     cutoff  126        35.00000    0.00000   100%   219 10564s
 573467 12221    0.00000  139  285   35.00000    0.00000   100%   219 10576s
 573818 12211    0.00000  140  309   35.00000    0.00000   100%   219 10589s
 574557 12152     cutoff  141        35.00000    0.00000   100%   219 10602s
 575416 12140    0.00000   91  295   35.00000    0.00000   100%   219 10613s
 576269 12188    0.00000   75  316   35.00000    0.00000   100%   219 10625s
 577219 12173     cutoff   66        35.00000    0.00000   100%   219 10635s
 578042 12153     cutoff  219        35.00000    0.00000   100%   219 10645s
 578817 12104 infeasible  198        35.00000    0.00000   100%   219 10655s
 579835 12125    0.00000   70  287   35.00000    0.00000   100%   219 10666s
 580856 12114    0.00000   34  297   35.00000    0.00000   100%   218 10676s
 581805 12123 infeasible  108        35.00000    0.00000   100%   218 10685s
 582301 12115    0.00000   49  288   35.00000    0.00000   100%   218 10697s
 582668 12115    0.00000   50  292   35.00000    0.00000   100%   218 10708s
 583152 12108    0.00000   51  295   35.00000    0.00000   100%   218 10721s
 583781 12084    0.00000  184  289   35.00000    0.00000   100%   218 10733s
 584575 12040    0.00000  141  316   35.00000    0.00000   100%   218 10744s
 585630 12037    0.00000   91  294   35.00000    0.00000   100%   218 10755s
 586449 12045     cutoff  100        35.00000    0.00000   100%   218 10765s
 587025 12029     cutoff   26        35.00000    0.00000   100%   218 10786s
 588059 12050     cutoff  101        35.00000    0.00000   100%   218 10795s
 588877 12037    0.00000   91  332   35.00000    0.00000   100%   218 10806s
 589755 12054     cutoff   42        35.00000    0.00000   100%   218 10817s
 590779 12037     cutoff   64        35.00000    0.00000   100%   218 10828s
 591036 12049    0.00000   69  290   35.00000    0.00000   100%   218 10843s
 591286 12079     cutoff   58        35.00000    0.00000   100%   218 10856s
 591616 12065     cutoff   88        35.00000    0.00000   100%   218 10868s
 592385 12094    0.00000   37  318   35.00000    0.00000   100%   218 10879s
 593108 12116    0.00000  136  322   35.00000    0.00000   100%   218 10891s
 594080 12088    0.00000  135  328   35.00000    0.00000   100%   218 10903s
 595080 12064     cutoff   80        35.00000    0.00000   100%   218 10915s
 596096 12085 infeasible  235        35.00000    0.00000   100%   218 10926s
 597112 12133     cutoff   96        35.00000    0.00000   100%   218 10937s
 598010 12102    0.00000  114  295   35.00000    0.00000   100%   218 10948s
 599017 12102    0.00000  259  296   35.00000    0.00000   100%   218 10959s
 599891 12073    0.00000  124  282   35.00000    0.00000   100%   218 10970s
 600830 12086    0.00000   86  309   35.00000    0.00000   100%   218 10979s
 601277 12086    0.00000   45  307   35.00000    0.00000   100%   218 10980s
 601391 12034    0.00000   72  323   35.00000    0.00000   100%   218 10991s
 602479 12012     cutoff  104        35.00000    0.00000   100%   218 11001s
 603608 11915 infeasible  144        35.00000    0.00000   100%   217 11012s
 604636 11893     cutoff  151        35.00000    0.00000   100%   217 11023s
 605719 11855    0.00000   57  303   35.00000    0.00000   100%   217 11033s
 606499 11877     cutoff   60        35.00000    0.00000   100%   217 11045s
 606835 11883    0.10497   61  338   35.00000    0.00000   100%   217 11065s
 607535 11898    0.00000   61  316   35.00000    0.00000   100%   217 11080s
 608488 11873     cutoff   62        35.00000    0.00000   100%   217 11093s
 609425 11895    0.00000   58  299   35.00000    0.00000   100%   217 11107s
 610702 11898     cutoff  104        35.00000    0.00000   100%   217 11119s
 611660 11850    0.00000   45  321   35.00000    0.00000   100%   217 11130s
 612689 11827     cutoff   65        35.00000    0.00000   100%   217 11141s
 613631 11798    0.00000  195  294   35.00000    0.00000   100%   217 11152s
 614644 11744    0.00000  196  307   35.00000    0.00000   100%   217 11163s
 615634 11736    0.00000  137  336   35.00000    0.00000   100%   217 11177s
 616184 11712    0.00000   99  344   35.00000    0.00000   100%   217 11188s
 616988 11690     cutoff  199        35.00000    0.00000   100%   217 11201s
 617847 11668     cutoff  128        35.00000    0.00000   100%   217 11210s
 618280 11673    0.01374   45  305   35.00000    0.00000   100%   217 11222s
 619226 11650    0.00000   77  310   35.00000    0.00000   100%   216 11233s
 619690 11666    0.00000   78  319   35.00000    0.00000   100%   216 11243s
 620411 11664     cutoff   85        35.00000    0.00000   100%   216 11254s
 621371 11639     cutoff  141        35.00000    0.00000   100%   216 11275s
 622530 11607 infeasible  155        35.00000    0.00000   100%   216 11284s
 623326 11589    0.00000   37  343   35.00000    0.00000   100%   216 11293s
 624114 11556    0.00000   86  307   35.00000    0.00000   100%   216 11303s
 625023 11557    0.20502   51  320   35.00000    0.00000   100%   216 11313s
 625845 11534    0.00000  112  291   35.00000    0.00000   100%   216 11325s
 626062 11502     cutoff  151        35.00000    0.00000   100%   216 11335s
 626529 11505     cutoff  125        35.00000    0.00000   100%   216 11346s
 626938 11490 infeasible  128        35.00000    0.00000   100%   216 11362s
 627464 11446    0.00000  119  327   35.00000    0.00000   100%   216 11375s
 628153 11440     cutoff  139        35.00000    0.00000   100%   216 11401s
 628732 11410     cutoff  140        35.00000    0.00000   100%   216 11415s
 629358 11398     cutoff   33        35.00000    0.00000   100%   216 11428s
 630177 11410    0.00000   81  299   35.00000    0.00000   100%   216 11441s
 631045 11352    0.00000   88  305   35.00000    0.00000   100%   216 11453s
 632137 11305     cutoff  570        35.00000    0.00000   100%   216 11472s
 633067 11305 infeasible  114        35.00000    0.00000   100%   216 11485s
 633968 11280    0.00000  124  305   35.00000    0.00000   100%   216 11498s
 635007 11249    0.00000  175  324   35.00000    0.00000   100%   216 11512s
 636212 11175    0.00000  125  311   35.00000    0.00000   100%   216 11523s
 637238 11155    0.00000  110  304   35.00000    0.00000   100%   216 11535s
 638295 11122    0.00000  121  336   35.00000    0.00000   100%   216 11546s
 639271 11094    0.00000  120  308   35.00000    0.00000   100%   216 11557s
 639977 11070    0.00000  143  323   35.00000    0.00000   100%   216 11569s
 640795 11048    0.00000   87  306   35.00000    0.00000   100%   216 11581s
 641800 11014    0.00000  117  296   35.00000    0.00000   100%   216 11592s
 642787 10996     cutoff   80        35.00000    0.00000   100%   216 11603s
 643753 10949    0.00000   35  319   35.00000    0.00000   100%   215 11614s
 644821 10924     cutoff   76        35.00000    0.00000   100%   215 11624s
 645688 10894     cutoff  121        35.00000    0.00000   100%   215 11634s
 646471 10872    0.00000   48  321   35.00000    0.00000   100%   215 11644s
 647330 10883     cutoff   38        35.00000    0.00000   100%   215 11654s
 648164 10884     cutoff  153        35.00000    0.00000   100%   215 11674s
 649074 10852    0.00000   48  278   35.00000    0.00000   100%   215 11686s
 650178 10820    0.20502   75  329   35.00000    0.00000   100%   215 11696s
 651033 10807     cutoff   54        35.00000    0.00000   100%   215 11707s
 651882 10777     cutoff   68        35.00000    0.00000   100%   215 11716s
 652766 10725    0.00000  228  304   35.00000    0.00000   100%   215 11726s
 653621 10699    0.00000  425  309   35.00000    0.00000   100%   215 11741s
 653903 10680    0.00000  426  309   35.00000    0.00000   100%   215 11754s
 654242 10631     cutoff  427        35.00000    0.00000   100%   215 11768s
 654923 10544    0.00000  427  306   35.00000    0.00000   100%   215 11780s
 655842 10464     cutoff   55        35.00000    0.00000   100%   215 11791s
 656864 10433     cutoff  113        35.00000    0.00000   100%   215 11801s
 657871 10392    0.00000   81  321   35.00000    0.00000   100%   215 11811s
 658891 10334     cutoff  719        35.00000    0.00000   100%   215 11821s
 659754 10323     cutoff   69        35.00000    0.00000   100%   215 11831s
 660373 10314     cutoff   76        35.00000    0.00000   100%   215 11842s
 661258 10274     cutoff   55        35.00000    0.00000   100%   215 11852s
 662141 10288    0.00000   80  328   35.00000    0.00000   100%   215 11862s
 662883 10275 infeasible  234        35.00000    0.00000   100%   215 11883s
 663895 10290     cutoff  120        35.00000    0.00000   100%   215 11894s
 664381 10242    0.01375   58  314   35.00000    0.00000   100%   215 11905s
 665170 10233     cutoff   70        35.00000    0.00000   100%   215 11919s
 666304 10237    0.00000   58  331   35.00000    0.00000   100%   215 11930s
 667109 10217    0.00000  394  317   35.00000    0.00000   100%   215 11941s
 668044 10209     cutoff  222        35.00000    0.00000   100%   214 11953s
 668775 10193     cutoff   58        35.00000    0.00000   100%   214 11964s
 669140 10133    0.00000  222  312   35.00000    0.00000   100%   214 11982s
 669771 10098     cutoff   77        35.00000    0.00000   100%   214 11999s
 670498 10051    0.00000  461  325   35.00000    0.00000   100%   214 12012s
 671333 10019    0.00000  119  328   35.00000    0.00000   100%   214 12025s
 672347  9939     cutoff  126        35.00000    0.00000   100%   214 12038s
 673580  9917 infeasible  118        35.00000    0.00000   100%   214 12049s
 674558  9869 infeasible  140        35.00000    0.00000   100%   214 12060s
 675625  9839     cutoff   85        35.00000    0.00000   100%   214 12071s
 676690  9837     cutoff   51        35.00000    0.00000   100%   214 12083s
 677698  9811    0.00000   47  297   35.00000    0.00000   100%   214 12103s
 678886  9758     cutoff  101        35.00000    0.00000   100%   214 12112s
 679606  9718    0.00000   47  315   35.00000    0.00000   100%   214 12122s
 680540  9695     cutoff   85        35.00000    0.00000   100%   214 12130s
 680887  9681    0.00000   70  325   35.00000    0.00000   100%   214 12146s
 681253  9677    0.00000   71  325   35.00000    0.00000   100%   214 12157s
 681842  9651    0.00000   72  323   35.00000    0.00000   100%   214 12167s
 682705  9543     cutoff   73        35.00000    0.00000   100%   214 12180s
 683841  9543    0.00000   93  302   35.00000    0.00000   100%   214 12190s
 684655  9480    0.00000   69  304   35.00000    0.00000   100%   214 12201s
 685723  9433    0.00000   72  303   35.00000    0.00000   100%   214 12214s
 686722  9365    0.00000   33  302   35.00000    0.00000   100%   214 12225s
 687739  9306     cutoff  127        35.00000    0.00000   100%   214 12234s
 688523  9271    0.01395   70  359   35.00000    0.00000   100%   214 12245s
 689480  9234    0.00000  203  298   35.00000    0.00000   100%   213 12255s
 690533  9216    0.00000   73  303   35.00000    0.00000   100%   213 12269s
 690649  9210    0.00000   33  323   35.00000    0.00000   100%   213 12282s
 690914  9199     cutoff   35        35.00000    0.00000   100%   213 12293s
 691182  9189     cutoff   87        35.00000    0.00000   100%   213 12304s
 691592  9149    0.01386   62  332   35.00000    0.00000   100%   213 12319s
 691989  9120     cutoff   96        35.00000    0.00000   100%   213 12347s
 692355  9084     cutoff   52        35.00000    0.00000   100%   213 12423s
 692835  9092     cutoff   58        35.00000    0.00000   100%   213 12437s
 693345  9033    0.00000   69  305   35.00000    0.00000   100%   213 12467s
 693990  8946    0.00000   82  303   35.00000    0.00000   100%   213 12483s
 694689  8919    0.00000   36  346   35.00000    0.00000   100%   213 12497s
 695754  8866    0.00000   59  353   35.00000    0.00000   100%   213 12539s
 696528  8782 infeasible   44        35.00000    0.00000   100%   213 12557s
 697669  8721 infeasible  524        35.00000    0.00000   100%   213 12572s
 698931  8668     cutoff  125        35.00000    0.00000   100%   213 12585s
 700124  8666    0.00000  112  320   35.00000    0.00000   100%   213 12597s
 701248  8623    0.00000   72  315   35.00000    0.00000   100%   213 12610s
 702376  8568     cutoff   61        35.00000    0.00000   100%   213 12622s
 703333  8510 infeasible  141        35.00000    0.00000   100%   213 12636s
 704400  8482    0.00000   28  323   35.00000    0.00000   100%   213 12647s
 705378  8432     cutoff   37        35.00000    0.00000   100%   213 12658s
 706044  8389     cutoff  328        35.00000    0.00000   100%   213 12670s
 707256  8319 infeasible   70        35.00000    0.00000   100%   212 12681s
 708359  8264    0.00000   36  316   35.00000    0.00000   100%   212 12691s
 709481  8143    0.00000   31  335   35.00000    0.00000   100%   212 12702s
 710601  8112     cutoff   46        35.00000    0.00000   100%   212 12712s
 711597  8109    0.00000   61  344   35.00000    0.00000   100%   212 12721s
 712536  8067    0.00000   25  314   35.00000    0.00000   100%   212 12742s
 713726  8029     cutoff   34        35.00000    0.00000   100%   212 12750s
 714490  7963     cutoff   30        35.00000    0.00000   100%   212 12760s
 715413  7945     cutoff   59        35.00000    0.00000   100%   212 12769s
 716282  7914    0.00000   68  351   35.00000    0.00000   100%   212 12778s
 717079  7872    0.00644   85  387   35.00000    0.00000   100%   212 12786s
 717943  7828    0.00000   74  322   35.00000    0.00000   100%   212 12795s
 718731  7780    0.00000  591  324   35.00000    0.00000   100%   212 12804s
 719570  7811    0.00000   25  305   35.00000    0.00000   100%   212 12814s
 720544  7722     cutoff   41        35.00000    0.00000   100%   212 12822s
 721315  7686    0.00000  117  314   35.00000    0.00000   100%   212 12830s
 722148  7668     cutoff   51        35.00000    0.00000   100%   212 12840s
 723019  7633    0.00000   88  322   35.00000    0.00000   100%   211 12848s
 723725  7610     cutoff   72        35.00000    0.00000   100%   211 12858s
 724626  7582 infeasible   84        35.00000    0.00000   100%   211 12866s
 725384  7520     cutoff   77        35.00000    0.00000   100%   211 12875s
 726219  7516     cutoff  140        35.00000    0.00000   100%   211 12884s
 727171  7463    0.00000   59  307   35.00000    0.00000   100%   211 12894s
 727959  7422 infeasible  259        35.00000    0.00000   100%   211 12902s
 728624  7391    0.00000  110  321   35.00000    0.00000   100%   211 12911s
 729328  7346     cutoff  133        35.00000    0.00000   100%   211 12920s
 730151  7301    0.00000   28  296   35.00000    0.00000   100%   211 12930s
 730857  7285    0.01374   47  331   35.00000    0.00000   100%   211 12938s
 731503  7266    0.00000   58  335   35.00000    0.00000   100%   211 12947s
 732249  7219     cutoff  267        35.00000    0.00000   100%   211 12956s
 733244  7177     cutoff  136        35.00000    0.00000   100%   211 12966s
 734081  7171     cutoff   42        35.00000    0.00000   100%   211 12975s
 734852  7164     cutoff  669        35.00000    0.00000   100%   211 12984s
 735479  7135    0.00000   84  317   35.00000    0.00000   100%   211 13004s
 736527  7088    0.01374   89  321   35.00000    0.00000   100%   211 13014s
 737334  7063    0.00000   64  310   35.00000    0.00000   100%   211 13024s
 738099  7103    0.00000   88  310   35.00000    0.00000   100%   211 13033s
 739023  7080    0.00000  132  317   35.00000    0.00000   100%   211 13044s
 740004  7001    0.00000   39  322   35.00000    0.00000   100%   211 13053s
 741046  6945     cutoff  228        35.00000    0.00000   100%   211 13063s
 742108  6927 infeasible  179        35.00000    0.00000   100%   211 13071s
 742950  6884     cutoff   77        35.00000    0.00000   100%   211 13080s
 743776  6820     cutoff   48        35.00000    0.00000   100%   211 13090s
 744533  6852    0.00000   49  314   35.00000    0.00000   100%   211 13098s
 745430  6785     cutoff   41        35.00000    0.00000   100%   211 13108s
 746295  6741     cutoff   33        35.00000    0.00000   100%   211 13117s
 747052  6718    0.20502   68  343   35.00000    0.00000   100%   211 13126s
 747883  6654     cutoff  111        35.00000    0.00000   100%   211 13135s
 748676  6609    0.00000   85  327   35.00000    0.00000   100%   211 13145s
 749590  6533     cutoff   59        35.00000    0.00000   100%   211 13153s
 750520  6491     cutoff   51        35.00000    0.00000   100%   211 13161s
 751212  6411     cutoff   67        35.00000    0.00000   100%   211 13170s
 751937  6373    0.00000   51  341   35.00000    0.00000   100%   211 13179s
 752860  6332    0.00000  135  334   35.00000    0.00000   100%   210 13187s
 753786  6367    0.00000   94  336   35.00000    0.00000   100%   210 13197s
 754692  6356    0.00000   90  305   35.00000    0.00000   100%   210 13217s
 755523  6322    0.00000   64  324   35.00000    0.00000   100%   210 13228s
 756429  6302    0.00000  166  330   35.00000    0.00000   100%   210 13240s
 757435  6252    0.00000  156  326   35.00000    0.00000   100%   210 13252s
 758353  6203 infeasible  119        35.00000    0.00000   100%   210 13262s
 759361  6155     cutoff   53        35.00000    0.00000   100%   210 13273s
 760538  6133     cutoff  555        35.00000    0.00000   100%   210 13286s
 760826  6085    0.00000  108  329   35.00000    0.00000   100%   210 13296s
 761395  6038    0.00000   45  324   35.00000    0.00000   100%   210 13310s
 761975  5974     cutoff  170        35.00000    0.00000   100%   210 13326s
 762567  5955     cutoff   64        35.00000    0.00000   100%   210 13338s
 763053  5917     cutoff  125        35.00000    0.00000   100%   210 13368s
 763589  5896    0.00000  229  320   35.00000    0.00000   100%   210 13429s
 764199  5845     cutoff  200        35.00000    0.00000   100%   210 13474s
 765072  5834     cutoff   64        35.00000    0.00000   100%   210 13488s
 765775  5801    0.00000  117  324   35.00000    0.00000   100%   210 13501s
 766887  5787    0.20502   41  367   35.00000    0.00000   100%   210 13513s
 767862  5748    0.00644   67  329   35.00000    0.00000   100%   210 13526s
 768919  5729     cutoff  565        35.00000    0.00000   100%   210 13538s
 769730  5721    0.00000   52  340   35.00000    0.00000   100%   210 13549s
 770467  5658 infeasible  130        35.00000    0.00000   100%   210 13560s
 771352  5626    0.00000   63  337   35.00000    0.00000   100%   210 13572s
 772264  5564    0.20502   51  350   35.00000    0.00000   100%   210 13585s
 773211  5542    0.00000  151  331   35.00000    0.00000   100%   210 13597s
 774348  5535    0.00000  101  329   35.00000    0.00000   100%   210 13617s
 775284  5482     cutoff   60        35.00000    0.00000   100%   210 13628s
 776040  5437     cutoff   40        35.00000    0.00000   100%   210 13639s
 776864  5400     cutoff   49        35.00000    0.00000   100%   210 13651s
 777800  5321     cutoff   69        35.00000    0.00000   100%   210 13662s
 778753  5280    0.00000  214  336   35.00000    0.00000   100%   210 13672s
 779783  5239    0.00000  134  309   35.00000    0.00000   100%   210 13683s
 780644  5188     cutoff  615        35.00000    0.00000   100%   210 13695s
 781522  5132    0.00000   40  329   35.00000    0.00000   100%   210 13705s
 782284  5079     cutoff  186        35.00000    0.00000   100%   209 13716s
 783006  5030    0.00000   87  318   35.00000    0.00000   100%   210 13726s
 783694  4997     cutoff  191        35.00000    0.00000   100%   210 13736s
 784398  5005     cutoff  154        35.00000    0.00000   100%   210 13746s
 785038  4993    0.01386   37  374   35.00000    0.00000   100%   210 13756s
 785919  4951    0.00000  570  353   35.00000    0.00000   100%   209 13767s
 786852  4934    0.00000  130  359   35.00000    0.00000   100%   209 13778s
 787730  4901     cutoff  147        35.00000    0.00000   100%   209 13788s
 788632  4881    0.00000   47  330   35.00000    0.00000   100%   209 13797s
 789507  4898    0.00000   50  355   35.00000    0.00000   100%   209 13808s
 790520  4912    0.00000   80  371   35.00000    0.00000   100%   209 13827s
 791570  4892     cutoff   38        35.00000    0.00000   100%   209 13836s
 792267  4878    0.00000   40  331   35.00000    0.00000   100%   209 13845s
 793126  4856    0.00000   58  332   35.00000    0.00000   100%   209 13854s
 794047  4871    0.00000   60  333   35.00000    0.00000   100%   209 13864s
 795041  4841    0.00000  132  350   35.00000    0.00000   100%   209 13873s
 795830  4821    0.00000   43  365   35.00000    0.00000   100%   209 13881s
 796561  4779    0.00000   45  393   35.00000    0.00000   100%   209 13892s
 797588  4764    0.00000   41  338   35.00000    0.00000   100%   209 13900s
 798331  4753    0.00000  454  367   35.00000    0.00000   100%   209 13909s
 799222  4744    0.00000  154  373   35.00000    0.00000   100%   209 13919s
 800085  4722     cutoff   42        35.00000    0.00000   100%   209 13927s
 800875  4716    0.00000  141  372   35.00000    0.00000   100%   209 13937s
 801921  4739    0.00000   43  350   35.00000    0.00000   100%   209 13945s
 802596  4697    0.00000  598  355   35.00000    0.00000   100%   209 13955s
 803418  4690    0.00000   57  328   35.00000    0.00000   100%   209 13963s
 804332  4685     cutoff   86        35.00000    0.00000   100%   209 13972s
 805087  4663    0.00000  127  352   35.00000    0.00000   100%   209 13990s
 806024  4685    0.00000   44  381   35.00000    0.00000   100%   209 14000s
 806961  4647    0.00000   41  363   35.00000    0.00000   100%   209 14009s
 807846  4647     cutoff   29        35.00000    0.00000   100%   209 14018s
 808592  4627     cutoff  109        35.00000    0.00000   100%   209 14027s
 809447  4575    0.00000   31  349   35.00000    0.00000   100%   208 14037s
 810368  4565     cutoff  136        35.00000    0.00000   100%   208 14052s
 810393  4559     cutoff  135        35.00000    0.00000   100%   208 14080s
 810521  4560    0.00000   90  325   35.00000    0.00000   100%   208 14120s
 810656  4564    0.00000   91  327   35.00000    0.00000   100%   208 14220s
 810774  4574    0.00000   92  326   35.00000    0.00000   100%   208 14234s
 810892  4567    0.00000   93  321   35.00000    0.00000   100%   208 14252s
 810913  4570    0.00000   94  319   35.00000    0.00000   100%   208 14310s
 810926  4561    0.00000   95  318   35.00000    0.00000   100%   208 14323s
 811129  4572     cutoff   96        35.00000    0.00000   100%   208 14397s
 811321  4573    0.00000   97  316   35.00000    0.00000   100%   208 14417s
 811351  4574 infeasible   98        35.00000    0.00000   100%   208 14457s
 811365  4577    0.00000   96  319   35.00000    0.00000   100%   208 14521s
 811376  4571 infeasible   97        35.00000    0.00000   100%   208 14571s
 811423  4553     cutoff   56        35.00000    0.00000   100%   208 14651s
 811642  4549    0.00000   95  314   35.00000    0.00000   100%   208 14717s
 811912  4553     cutoff   96        35.00000    0.00000   100%   208 14774s
 812165  4553     cutoff   91        35.00000    0.00000   100%   208 14796s
 812483  4551    0.00000   92  318   35.00000    0.00000   100%   208 14868s
 812967  4589     cutoff   93        35.00000    0.00000   100%   208 14934s
 813297  4596    0.00000   71  305   35.00000    0.00000   100%   208 14955s
 813947  4535     cutoff   69        35.00000    0.00000   100%   208 14975s
 815439  4485    0.00000  129  343   35.00000    0.00000   100%   208 14997s
 816687  4481    0.00000   73  316   35.00000    0.00000   100%   208 15017s
 817475  4439    0.20502   38  348   35.00000    0.00000   100%   208 15035s
 818794  4451    0.00000  106  346   35.00000    0.00000   100%   208 15072s
 820244  4418     cutoff   54        35.00000    0.00000   100%   208 15107s
 821071  4422    0.00000   39  365   35.00000    0.00000   100%   208 15121s
 822019  4414 infeasible   56        35.00000    0.00000   100%   208 15134s
 822956  4391    0.00000   97  347   35.00000    0.00000   100%   208 15146s
 824111  4382    0.00000  174  346   35.00000    0.00000   100%   208 15160s
 824399  4374    0.00000  175  341   35.00000    0.00000   100%   208 15173s
 824868  4360    0.00000  175  340   35.00000    0.00000   100%   208 15185s
 825790  4397    0.00000  176  342   35.00000    0.00000   100%   208 15197s
 826813  4418     cutoff   52        35.00000    0.00000   100%   208 15209s
 827807  4392     cutoff   55        35.00000    0.00000   100%   208 15220s
 828833  4327     cutoff   52        35.00000    0.00000   100%   208 15232s
 829878  4327    0.00000   55  339   35.00000    0.00000   100%   208 15243s
 830876  4318     cutoff   75        35.00000    0.00000   100%   208 15254s
 832002  4279    0.00000  154  316   35.00000    0.00000   100%   208 15266s
 833175  4281     cutoff  144        35.00000    0.00000   100%   208 15275s
 834269  4237     cutoff   61        35.00000    0.00000   100%   208 15285s
 835168  4233     cutoff   49        35.00000    0.00000   100%   208 15298s
 835373  4255    0.00000   59  322   35.00000    0.00000   100%   208 15309s
 835890  4233    0.00000   60  321   35.00000    0.00000   100%   208 15328s
 836448  4231    0.00000   61  318   35.00000    0.00000   100%   208 15346s
 837372  4207    0.00000   62  322   35.00000    0.00000   100%   208 15379s
 838291  4180    0.00000   63  320   35.00000    0.00000   100%   208 15412s
 839286  4122     cutoff  157        35.00000    0.00000   100%   208 15444s
 840499  4113    0.00000   84  325   35.00000    0.00000   100%   208 15460s
 841680  4069     cutoff   93        35.00000    0.00000   100%   208 15475s
 843082  4064     cutoff  141        35.00000    0.00000   100%   208 15488s
 844343  4021    0.00000   52  319   35.00000    0.00000   100%   208 15500s
 845689  3954    0.00000   57  381   35.00000    0.00000   100%   207 15511s
 846765  3968    0.00644   65  381   35.00000    0.00000   100%   207 15522s
 847986  3910     cutoff  518        35.00000    0.00000   100%   207 15533s
 849012  3875    0.20502   56  338   35.00000    0.00000   100%   207 15544s
 850110  3884    0.00000   39  371   35.00000    0.00000   100%   207 15553s
 851128  3868     cutoff   36        35.00000    0.00000   100%   207 15573s
 852235  3829     cutoff   39        35.00000    0.00000   100%   207 15582s
 853150  3813    0.00000   54  361   35.00000    0.00000   100%   207 15590s
 854019  3771 infeasible  141        35.00000    0.00000   100%   207 15600s
 854934  3735    0.00000   33  339   35.00000    0.00000   100%   207 15608s
 855853  3731    0.01375   48  365   35.00000    0.00000   100%   207 15616s
 856601  3732     cutoff   84        35.00000    0.00000   100%   207 15624s
 857282  3748    0.00000   34  357   35.00000    0.00000   100%   207 15632s
 858105  3724    0.00000   42  390   35.00000    0.00000   100%   207 15641s
 858984  3695    0.00000   44  384   35.00000    0.00000   100%   207 15649s
 859718  3683    0.00000   84  365   35.00000    0.00000   100%   207 15658s
 860656  3659     cutoff   39        35.00000    0.00000   100%   207 15666s
 861442  3656    0.01374   54  353   35.00000    0.00000   100%   207 15675s
 862293  3634    0.00000   71  373   35.00000    0.00000   100%   207 15683s
 863098  3617     cutoff  123        35.00000    0.00000   100%   207 15691s
 863925  3605    0.01374  124  323   35.00000    0.00000   100%   207 15700s
 864788  3555    0.00000   47  362   35.00000    0.00000   100%   207 15710s
 865686  3539    0.00000  106  356   35.00000    0.00000   100%   207 15717s
 866600  3532     cutoff   45        35.00000    0.00000   100%   207 15725s
 867402  3526 infeasible   37        35.00000    0.00000   100%   207 15734s
 868440  3502     cutoff  159        35.00000    0.00000   100%   206 15743s
 869254  3497     cutoff   38        35.00000    0.00000   100%   206 15751s
 870049  3456    0.00000   43  346   35.00000    0.00000   100%   206 15758s
 870812  3450    0.00647   44  386   35.00000    0.00000   100%   206 15766s
 871143  3445    0.00000   41  353   35.00000    0.00000   100%   206 15780s
 871766  3453    0.00000  738  364   35.00000    0.00000   100%   206 15788s
 872378  3420    0.00000   64  379   35.00000    0.00000   100%   206 15807s
 873594  3388    0.00000   57  331   35.00000    0.00000   100%   206 15816s
 874449  3382    0.00000  127  336   35.00000    0.00000   100%   206 15824s
 875232  3385    0.00000   48  310   35.00000    0.00000   100%   206 15831s
 875896  3377     cutoff   47        35.00000    0.00000   100%   206 15839s
 876710  3356    0.00000   51  389   35.00000    0.00000   100%   206 15850s
 877107  3333    0.00000   52  388   35.00000    0.00000   100%   206 15859s
 877888  3334    0.00000   53  386   35.00000    0.00000   100%   206 15877s
 878702  3344     cutoff   54        35.00000    0.00000   100%   206 15890s
 879257  3345     cutoff   54        35.00000    0.00000   100%   206 15899s
 879862  3312    0.00000   81  362   35.00000    0.00000   100%   206 15909s
 880969  3281     cutoff   99        35.00000    0.00000   100%   206 15919s
 882063  3294    0.00000   35  351   35.00000    0.00000   100%   206 15929s
 883024  3263    0.00000  705  370   35.00000    0.00000   100%   206 15938s
 884183  3252    0.00644   60  337   35.00000    0.00000   100%   206 15947s
 884980  3226    0.00000   39  371   35.00000    0.00000   100%   206 15956s
 885876  3209    0.00000  610  332   35.00000    0.00000   100%   206 15965s
 886866  3167     cutoff   62        35.00000    0.00000   100%   206 15974s
 887772  3165     cutoff  483        35.00000    0.00000   100%   206 15984s
 887846  3160     cutoff  484        35.00000    0.00000   100%   206 15999s
 887914  3153    0.00000   46  387   35.00000    0.00000   100%   206 16013s
 888194  3122    0.00000   47  372   35.00000    0.00000   100%   206 16023s
 888910  3116     cutoff   48        35.00000    0.00000   100%   206 16033s
 890016  3086    0.00000   67  396   35.00000    0.00000   100%   206 16041s
 890845  3092    0.00000  101  388   35.00000    0.00000   100%   205 16051s
 891703  3088    0.26033   66  365   35.00000    0.00000   100%   205 16060s
 892610  3031     cutoff   48        35.00000    0.00000   100%   205 16069s
 893722  2991    0.00000   56  401   35.00000    0.00000   100%   205 16079s
 894752  2949     cutoff  173        35.00000    0.00000   100%   205 16088s
 895728  2951    0.00000   63  342   35.00000    0.00000   100%   205 16096s
 896423  2934    0.00000   45  351   35.00000    0.00000   100%   205 16104s
 897041  2881     cutoff   33        35.00000    0.00000   100%   205 16114s
 898045  2862     cutoff  151        35.00000    0.00000   100%   205 16122s
 898929  2844    0.00000  121  342   35.00000    0.00000   100%   205 16131s
 899904  2846    0.00000   40  358   35.00000    0.00000   100%   205 16139s
 900794  2835    0.00000   51  349   35.00000    0.00000   100%   205 16148s
 901492  2793     cutoff  104        35.00000    0.00000   100%   205 16156s
 902212  2759    0.00000   60  339   35.00000    0.00000   100%   205 16165s
 902998  2733    0.00000   98  324   35.00000    0.00000   100%   205 16174s
 903955  2751     cutoff  136        35.00000    0.00000   100%   205 16182s
 904715  2678     cutoff  131        35.00000    0.00000   100%   205 16201s
 905952  2606    0.00000   42  341   35.00000    0.00000   100%   205 16208s
 906673  2577    0.00644   56  311   35.00000    0.00000   100%   205 16217s
 907512  2541     cutoff   50        35.00000    0.00000   100%   205 16227s
 907764  2504     cutoff  632        35.00000    0.00000   100%   205 16239s
 908075  2480    0.00000  116  352   35.00000    0.00000   100%   205 16254s
 908501  2478    0.00000  117  360   35.00000    0.00000   100%   205 16265s
 909287  2376     cutoff  124        35.00000    0.00000   100%   205 16276s
 910111  2314    0.00644   67  377   35.00000    0.00000   100%   205 16286s
 910781  2257 infeasible   67        35.00000    0.00644   100%   205 16296s
 911370  2211    0.00644   72  341   35.00000    0.00644   100%   205 16306s
 911990  2134    0.00647   70  335   35.00000    0.00644   100%   205 16318s
 912657  2085    0.00644   79  350   35.00000    0.00644   100%   205 16328s
 913260  2019    0.00649   74  351   35.00000    0.00644   100%   205 16339s
 913957  1933    0.00644   64  387   35.00000    0.00644   100%   205 16350s
 914705  1881    0.00647   71  332   35.00000    0.00644   100%   205 16362s
 915469  1824    0.00647   62  307   35.00000    0.00647   100%   206 16373s
 916128  1795    0.00647   50  362   35.00000    0.00647   100%   206 16384s
 916744  1789    0.00647   50  374   35.00000    0.00647   100%   206 16396s
 917456  1876    0.00649   49  359   35.00000    0.00647   100%   206 16416s
 917869  1997    0.01213   78  308   35.00000    0.00647   100%   206 16430s
 918698  2040    0.01213   62  296   35.00000    0.00647   100%   206 16444s
 920289  1776    0.20623   73  320   35.00000    0.00647   100%   206 16464s
 921665  1683    0.20623   64  289   35.00000    0.01213   100%   206 16472s
 922262  1711    0.01213  132  335   35.00000    0.01213   100%   206 16480s
 922790  1764 infeasible  139        35.00000    0.01213   100%   206 16488s
 923409  1797 infeasible  133        35.00000    0.01213   100%   206 16497s
 924172  1846    0.10311  141  306   35.00000    0.01213   100%   206 16506s
 925033  1875 infeasible  137        35.00000    0.01213   100%   206 16514s
 925832  1972 infeasible  153        35.00000    0.01213   100%   206 16522s
 926645  2125    0.01374   60  322   35.00000    0.01213   100%   206 16531s
 927476  2210    0.01213  148  301   35.00000    0.01213   100%   206 16540s
 928293  2218 infeasible  154        35.00000    0.01213   100%   206 16551s
 928505  2287    0.01213  151  304   35.00000    0.01213   100%   206 16561s
 929022  2321    0.01213  148  291   35.00000    0.01213   100%   206 16571s
 929508  2349    0.01213  143  302   35.00000    0.01213   100%   206 16583s
 930080  2367 infeasible  154        35.00000    0.01213   100%   206 16594s
 930620  2396 infeasible  150        35.00000    0.01213   100%   206 16608s
 931127  2493 infeasible  154        35.00000    0.01213   100%   206 16630s
 931782  2506    0.10311  157  313   35.00000    0.01213   100%   206 16659s
 932397  2567    0.01213  139  325   35.00000    0.01213   100%   206 16683s
 932930  2631 infeasible  154        35.00000    0.01213   100%   206 16699s
 933589  2713    0.01213  149  331   35.00000    0.01213   100%   206 16720s
 934289  2782    0.01213  138  311   35.00000    0.01213   100%   206 16733s
 934992  2826    0.01213  148  288   35.00000    0.01213   100%   206 16750s
 935728  2812 infeasible  163        35.00000    0.01213   100%   206 16763s
 936642  2544    0.01213  147  288   35.00000    0.01213   100%   206 16776s
 937686  2257    0.20623  133  316   35.00000    0.01213   100%   206 16789s
 938667  1948    0.01213  151  306   35.00000    0.01213   100%   206 16802s
 939753  1667 infeasible  139        35.00000    0.01213   100%   206 16815s
 940919  1545    0.01374   64  234   35.00000    0.01213   100%   206 16826s
 941630  1446    0.01374   74  314   35.00000    0.01213   100%   206 16836s
 942140  1340 infeasible   62        35.00000    0.01374   100%   206 16846s
 942653  1170    0.01386   50  350   35.00000    0.01374   100%   206 16857s
 943272   928    0.10311   91  324   35.00000    0.01374   100%   206 16868s
 943864   556     cutoff   93        35.00000    0.01374   100%   207 16883s
 945133    91     cutoff  943        35.00000    0.01374   100%   207 16896s
 946350    13 infeasible  298        35.00000    0.01374   100%   206 16906s
 946553     1    0.01375   50  331   35.00000    0.01375   100%   206 16915s

Cutting planes:
  Learned: 3
  Gomory: 3
  Cover: 15
  Implied bound: 102
  Projected implied bound: 73
  MIR: 226
  Mixing: 28
  Flow cover: 1025
  Inf proof: 1
  Zero half: 9
  RLT: 74
  Relax-and-lift: 75
  BQP: 8
  PSD: 1

Explored 946612 nodes (195519308 simplex iterations) in 16915.92 seconds (40435.81 work units)
Thread count was 8 (of 192 available processors)

Solution count 10: 35 35 40 ... 75

Optimal solution found (tolerance 1.00e-04)
Best objective 3.500000000000e+01, best bound 3.500000000000e+01, gap 0.0000%

User-callback calls 4016921, time in user-callback 5.61 sec

Remaining value of each indicator
obj_rho = 35
obj_lambda = 4
obj_phi = 9
✅ Solution trouvée (status: OPTIMAL)
🎯 Objective global: 35.0
⏱️ Time used: 16915.95

✈️ Paths for each aircraft:
🛩️ Aircraft N121 path (29 nodes): s_(u=0.0, v=0.0, w=0.0) ➡️  N121_(u=5840.0, v=74.0, w=15.0) ➡️  AYT_ESB_26340_26405_(u=5905.0, v=75.0, w=16.0) ➡️  ESB_SAW_26745_26805_(u=5965.0, v=76.0, w=16.0) ➡️  SAW_ADB_27780_27840_(u=60.0, v=1.0, w=1.0) ➡️  ADB_SAW_27875_27935_(u=120.0, v=2.0, w=1.0) ➡️  SAW_TZX_27975_28075_(u=220.0, v=3.0, w=1.0) ➡️  TZX_SAW_28370_28480_(u=330.0, v=4.0, w=1.0) ➡️  SAW_ESB_29280_29340_(u=390.0, v=5.0, w=2.0) ➡️  ESB_VAN_29490_29585_(u=485.0, v=6.0, w=2.0) ➡️  VAN_ESB_29730_29835_(u=590.0, v=7.0, w=2.0) ➡️  ESB_ADA_29940_30000_(u=650.0, v=8.0, w=2.0) ➡️  ADA_ESB_30675_30740_(u=715.0, v=9.0, w=3.0) ➡️  ESB_SAW_31065_31125_(u=775.0, v=10.0, w=3.0) ➡️  SAW_ERZ_31260_31360_(u=875.0, v=11.0, w=3.0) ➡️  ERZ_SAW_31395_31505_(u=985.0, v=12.0, w=3.0) ➡️  SAW_ESB_32160_32220_(u=1045.0, v=13.0, w=4.0) ➡️  ESB_AYT_32370_32440_(u=1115.0, v=14.0, w=4.0) ➡️  AYT_ESB_32490_32555_(u=1180.0, v=15.0, w=4.0) ➡️  ESB_ADB_32760_32840_1_(u=1260.0, v=16.0, w=4.0) ➡️  ADB_ESB_32875_32950_(u=1335.0, v=17.0, w=4.0) ➡️  ESB_AYT_33045_33115_(u=1405.0, v=18.0, w=4.0) ➡️  AYT_ESB_33540_33605_(u=1470.0, v=19.0, w=5.0) ➡️  ESB_BAL_33685_33775_(u=1560.0, v=20.0, w=5.0) ➡️  BAL_ESB_33815_33910_(u=1655.0, v=21.0, w=5.0) ➡️  ESB_MQM_33950_34045_(u=1750.0, v=22.0, w=5.0) ➡️  MQM_ESB_34080_34175_(u=1845.0, v=23.0, w=5.0) ➡️  ESB_ADB_34250_34330_(u=1925.0, v=24.0, w=5.0) ➡️  ADB_ESB_34365_34440_(u=2000.0, v=25.0, w=5.0) ➡️  ESB_BAL_35115_35205_(u=2090.0, v=26.0, w=6.0) ➡️  BAL_ESB_35240_35335_(u=2185.0, v=27.0, w=6.0) ➡️  t_(u=0.0, v=0.0, w=0.0)

🛩️ Aircraft N122 path (30 nodes): s_(u=0.0, v=0.0, w=0.0) ➡️  N122_(u=5615.0, v=71.0, w=15.0) ➡️  TZX_ESB_26340_26420_(u=5695.0, v=72.0, w=15.0) ➡️  ESB_AYT_26490_26560_(u=5765.0, v=73.0, w=15.0) ➡️  AYT_ESB_26610_26675_(u=5830.0, v=74.0, w=15.0) ➡️  ESB_ERZ_26745_26830_(u=5915.0, v=75.0, w=15.0) ➡️  ERZ_ESB_26865_26950_(u=6000.0, v=76.0, w=15.0) ➡️  ESB_VAN_27910_28005_(u=95.0, v=1.0, w=1.0) ➡️  VAN_ESB_28050_28155_(u=200.0, v=2.0, w=1.0) ➡️  ESB_AYT_28725_28795_(u=270.0, v=3.0, w=1.0) ➡️  AYT_ESB_29220_29285_(u=335.0, v=4.0, w=2.0) ➡️  ESB_ECN_29640_29710_(u=405.0, v=5.0, w=2.0) ➡️  ECN_ESB_30035_30100_(u=470.0, v=6.0, w=2.0) ➡️  ESB_VAN_30790_30885_(u=565.0, v=7.0, w=3.0) ➡️  VAN_ESB_30930_31035_(u=670.0, v=8.0, w=3.0) ➡️  ESB_ERZ_31355_31440_(u=755.0, v=9.0, w=3.0) ➡️  ERZ_ESB_31475_31565_(u=845.0, v=10.0, w=3.0) ➡️  ESB_GZT_31615_31685_(u=915.0, v=11.0, w=3.0) ➡️  GZT_ESB_32100_32170_(u=985.0, v=12.0, w=4.0) ➡️  ESB_TZX_32235_32315_(u=1065.0, v=13.0, w=4.0) ➡️  TZX_ESB_32365_32445_(u=1145.0, v=14.0, w=4.0) ➡️  ESB_SAW_32640_32700_(u=1205.0, v=15.0, w=4.0) ➡️  SAW_AYT_32790_32855_(u=1270.0, v=16.0, w=4.0) ➡️  AYT_SAW_32890_32955_(u=1335.0, v=17.0, w=4.0) ➡️  SAW_ASR_33015_33085_(u=1405.0, v=18.0, w=4.0) ➡️  ASR_SAW_33540_33620_(u=1485.0, v=19.0, w=5.0) ➡️  SAW_ADB_34110_34170_(u=1545.0, v=20.0, w=5.0) ➡️  ADB_SAW_34210_34270_(u=1605.0, v=21.0, w=5.0) ➡️  SAW_ESB_34980_35040_(u=1665.0, v=22.0, w=6.0) ➡️  ESB_VAN_35100_35195_(u=1760.0, v=23.0, w=6.0) ➡️  VAN_ESB_35235_35340_(u=1865.0, v=24.0, w=6.0) ➡️  ESB_ADB_35385_35465_(u=1945.0, v=25.0, w=6.0) ➡️  t_(u=0.0, v=0.0, w=0.0)

🛩️ Aircraft N123 path (33 nodes): s_(u=0.0, v=0.0, w=0.0) ➡️  N123_(u=5375.0, v=68.0, w=14.0) ➡️  GZT_ESB_26340_26410_(u=5445.0, v=69.0, w=14.0) ➡️  ESB_TZX_26475_26555_(u=5525.0, v=70.0, w=14.0) ➡️  TZX_ESB_26605_26685_(u=5605.0, v=71.0, w=14.0) ➡️  ESB_ECN_26760_26830_(u=5675.0, v=72.0, w=14.0) ➡️  ECN_ESB_27155_27220_(u=5740.0, v=73.0, w=14.0) ➡️  ESB_KSY_27910_28005_(u=5835.0, v=74.0, w=15.0) ➡️  KSY_ESB_28045_28150_(u=5940.0, v=75.0, w=15.0) ➡️  ESB_SAW_28185_28245_(u=6000.0, v=76.0, w=15.0) ➡️  SAW_ADB_29220_29280_(u=60.0, v=1.0, w=1.0) ➡️  ADB_SAW_29315_29375_(u=120.0, v=2.0, w=1.0) ➡️  SAW_TZX_29415_29515_(u=220.0, v=3.0, w=1.0) ➡️  TZX_ESB_29770_29850_(u=300.0, v=4.0, w=1.0) ➡️  ESB_ADB_29930_30010_(u=380.0, v=5.0, w=1.0) ➡️  ADB_ESB_30045_30120_(u=455.0, v=6.0, w=1.0) ➡️  ESB_TZX_31370_31450_(u=535.0, v=7.0, w=2.0) ➡️  TZX_ESB_31485_31565_(u=615.0, v=8.0, w=2.0) ➡️  ESB_SZF_31610_31670_(u=675.0, v=9.0, w=2.0) ➡️  SZF_ESB_32100_32160_(u=735.0, v=10.0, w=3.0) ➡️  ESB_AYT_32250_32320_(u=805.0, v=11.0, w=3.0) ➡️  AYT_ESB_32370_32435_(u=870.0, v=12.0, w=3.0) ➡️  ESB_VAN_32485_32580_(u=965.0, v=13.0, w=3.0) ➡️  VAN_ESB_32670_32775_(u=1070.0, v=14.0, w=3.0) ➡️  ESB_SZF_33050_33110_(u=1130.0, v=15.0, w=3.0) ➡️  SZF_ESB_33540_33600_(u=1190.0, v=16.0, w=4.0) ➡️  ESB_AYT_33690_33760_(u=1260.0, v=17.0, w=4.0) ➡️  AYT_ESB_33810_33875_(u=1325.0, v=18.0, w=4.0) ➡️  ESB_AYT_35250_35315_(u=1390.0, v=19.0, w=5.0) ➡️  AYT_ESB_35350_35415_(u=1455.0, v=20.0, w=5.0) ➡️  ESB_ECN_35460_35530_(u=1525.0, v=21.0, w=5.0) ➡️  ECN_ADA_35580_35635_(u=1580.0, v=22.0, w=5.0) ➡️  ADA_ECN_35685_35745_(u=1640.0, v=23.0, w=5.0) ➡️  ECN_ESB_35795_35860_(u=1705.0, v=24.0, w=5.0) ➡️  ESB_ADA_35935_35995_(u=1765.0, v=25.0, w=5.0) ➡️  t_(u=0.0, v=0.0, w=0.0)

🛩️ Aircraft N124 path (29 nodes): s_(u=0.0, v=0.0, w=0.0) ➡️  N124_(u=5150.0, v=66.0, w=13.0) ➡️  ESB_ADB_26385_26460_(u=5225.0, v=67.0, w=13.0) ➡️  ADB_ESB_26495_26570_(u=5300.0, v=68.0, w=13.0) ➡️  ESB_VAN_26610_26705_(u=5395.0, v=69.0, w=13.0) ➡️  VAN_ESB_26850_26955_(u=5500.0, v=70.0, w=13.0) ➡️  ESB_AJI_28210_28305_(u=5595.0, v=71.0, w=14.0) ➡️  AJI_ESB_28345_28450_(u=5700.0, v=72.0, w=14.0) ➡️  ESB_AYT_28500_28570_(u=5770.0, v=73.0, w=14.0) ➡️  AYT_ESB_28605_28670_(u=5835.0, v=74.0, w=14.0) ➡️  ESB_DIY_29610_29690_(u=5915.0, v=75.0, w=15.0) ➡️  DIY_ESB_29765_29850_(u=6000.0, v=76.0, w=15.0) ➡️  ESB_VAN_30930_31025_(u=95.0, v=1.0, w=1.0) ➡️  VAN_ESB_31170_31275_(u=200.0, v=2.0, w=1.0) ➡️  ESB_DIY_31360_31440_(u=280.0, v=3.0, w=1.0) ➡️  DIY_ESB_31480_31565_(u=365.0, v=4.0, w=1.0) ➡️  ESB_ADB_31605_31685_(u=445.0, v=5.0, w=1.0) ➡️  ADB_ESB_32100_32175_(u=520.0, v=6.0, w=2.0) ➡️  ESB_KSY_32230_32325_(u=615.0, v=7.0, w=2.0) ➡️  KSY_ESB_32365_32470_(u=720.0, v=8.0, w=2.0) ➡️  ESB_ADB_32505_32585_(u=800.0, v=9.0, w=2.0) ➡️  ADB_ESB_32670_32745_(u=875.0, v=10.0, w=2.0) ➡️  ESB_GNY_32800_32875_(u=950.0, v=11.0, w=2.0) ➡️  GNY_ESB_32910_32990_(u=1030.0, v=12.0, w=2.0) ➡️  ESB_EZS_33050_33125_(u=1105.0, v=13.0, w=2.0) ➡️  EZS_ESB_33540_33620_(u=1185.0, v=14.0, w=3.0) ➡️  ESB_ADA_33660_33720_(u=1245.0, v=15.0, w=3.0) ➡️  ADA_ESB_34360_34425_(u=1310.0, v=16.0, w=3.0) ➡️  ESB_ADB_34485_34565_(u=1390.0, v=17.0, w=3.0) ➡️  ADB_ESB_35505_35580_(u=1465.0, v=18.0, w=4.0) ➡️  ESB_SZF_35930_35990_(u=1525.0, v=19.0, w=4.0) ➡️  t_(u=0.0, v=0.0, w=0.0)

🛩️ Aircraft N125 path (36 nodes): s_(u=0.0, v=0.0, w=0.0) ➡️  N125_(u=5130.0, v=65.0, w=13.0) ➡️  SAW_ESB_26340_26400_(u=5190.0, v=66.0, w=13.0) ➡️  ESB_ECN_26490_26560_(u=5260.0, v=67.0, w=13.0) ➡️  ECN_ESB_26600_26665_(u=5325.0, v=68.0, w=13.0) ➡️  ESB_AJI_26770_26865_(u=5420.0, v=69.0, w=13.0) ➡️  AJI_ESB_26905_27010_(u=5525.0, v=70.0, w=13.0) ➡️  ESB_ADB_27920_28000_(u=5605.0, v=71.0, w=14.0) ➡️  ADB_ESB_28065_28140_(u=5680.0, v=72.0, w=14.0) ➡️  ESB_ADB_28185_28265_(u=5760.0, v=73.0, w=14.0) ➡️  ADB_ESB_28350_28425_(u=5835.0, v=74.0, w=14.0) ➡️  ESB_DIY_28480_28560_(u=5915.0, v=75.0, w=14.0) ➡️  DIY_ESB_28600_28685_(u=6000.0, v=76.0, w=14.0) ➡️  ESB_AYT_29370_29440_(u=70.0, v=1.0, w=1.0) ➡️  AYT_ESB_29490_29555_(u=135.0, v=2.0, w=1.0) ➡️  ESB_SAW_29625_29685_(u=195.0, v=3.0, w=1.0) ➡️  SAW_ERZ_29820_29920_(u=295.0, v=4.0, w=1.0) ➡️  ERZ_SAW_29955_30065_(u=405.0, v=5.0, w=1.0) ➡️  SAW_TZX_30855_30955_(u=505.0, v=6.0, w=2.0) ➡️  TZX_SAW_31250_31360_(u=615.0, v=7.0, w=2.0) ➡️  SAW_ESB_31400_31460_(u=675.0, v=8.0, w=2.0) ➡️  ESB_DIY_31620_31700_(u=755.0, v=9.0, w=2.0) ➡️  DIY_ESB_32070_32155_(u=840.0, v=10.0, w=3.0) ➡️  ESB_SAW_32220_32280_(u=900.0, v=11.0, w=3.0) ➡️  SAW_ESB_32745_32805_(u=960.0, v=12.0, w=3.0) ➡️  ESB_MLX_33040_33110_(u=1030.0, v=13.0, w=3.0) ➡️  MLX_ESB_33540_33615_(u=1105.0, v=14.0, w=4.0) ➡️  ESB_AYT_33810_33880_(u=1175.0, v=15.0, w=4.0) ➡️  AYT_ESB_33930_33995_(u=1240.0, v=16.0, w=4.0) ➡️  ESB_ERZ_34235_34320_(u=1325.0, v=17.0, w=4.0) ➡️  ERZ_ESB_34355_34445_(u=1415.0, v=18.0, w=4.0) ➡️  ESB_ECN_35100_35170_(u=1485.0, v=19.0, w=5.0) ➡️  ECN_ESB_35210_35275_(u=1550.0, v=20.0, w=5.0) ➡️  ESB_VAN_35310_35400_(u=1640.0, v=21.0, w=5.0) ➡️  VAN_ESB_35445_35550_(u=1745.0, v=22.0, w=5.0) ➡️  ESB_TZX_35690_35770_(u=1825.0, v=23.0, w=5.0) ➡️  TZX_ESB_35805_35885_(u=1905.0, v=24.0, w=5.0) ➡️  ESB_AYT_35925_35985_(u=1965.0, v=25.0, w=5.0) ➡️  t_(u=0.0, v=0.0, w=0.0)

🛩️ Aircraft N126 path (30 nodes): s_(u=0.0, v=0.0, w=0.0) ➡️  N126_(u=4855.0, v=62.0, w=13.0) ➡️  ADB_ESB_26340_26415_(u=4930.0, v=63.0, w=13.0) ➡️  ESB_KSY_26745_26840_(u=5025.0, v=64.0, w=13.0) ➡️  KSY_ESB_26880_26985_(u=5130.0, v=65.0, w=13.0) ➡️  ESB_DIY_27040_27120_(u=5210.0, v=66.0, w=13.0) ➡️  DIY_ESB_27160_27245_(u=5295.0, v=67.0, w=13.0) ➡️  ESB_DIY_27930_28010_(u=5375.0, v=68.0, w=14.0) ➡️  DIY_ESB_28070_28155_(u=5460.0, v=69.0, w=14.0) ➡️  ESB_GZT_28735_28805_(u=5530.0, v=70.0, w=14.0) ➡️  GZT_ESB_29220_29290_(u=5600.0, v=71.0, w=15.0) ➡️  ESB_VAN_29350_29445_(u=5695.0, v=72.0, w=15.0) ➡️  VAN_ESB_29490_29595_(u=5800.0, v=73.0, w=15.0) ➡️  ESB_AJI_29650_29745_(u=5895.0, v=74.0, w=15.0) ➡️  AJI_ESB_29785_29890_(u=6000.0, v=75.0, w=15.0) ➡️  ESB_SAW_30780_30840_(u=60.0, v=0.0, w=1.0) ➡️  SAW_ESB_30900_30960_(u=120.0, v=1.0, w=1.0) ➡️  ESB_AYT_31605_31675_(u=190.0, v=2.0, w=1.0) ➡️  AYT_ESB_32100_32165_(u=255.0, v=3.0, w=2.0) ➡️  ESB_ADB_32240_32320_(u=335.0, v=4.0, w=2.0) ➡️  ADB_ESB_32385_32460_(u=410.0, v=5.0, w=2.0) ➡️  ESB_SAW_32505_32565_(u=470.0, v=6.0, w=2.0) ➡️  SAW_ERZ_32700_32800_(u=570.0, v=7.0, w=2.0) ➡️  ERZ_SAW_32835_32945_(u=680.0, v=8.0, w=2.0) ➡️  SAW_ADA_33030_33115_(u=765.0, v=9.0, w=2.0) ➡️  ADA_ESB_33765_33830_(u=830.0, v=10.0, w=3.0) ➡️  ESB_ECN_34240_34310_(u=900.0, v=11.0, w=3.0) ➡️  ECN_ESB_34355_34420_(u=965.0, v=12.0, w=3.0) ➡️  ESB_GZT_34495_34565_(u=1035.0, v=13.0, w=3.0) ➡️  GZT_ESB_34980_35050_(u=1105.0, v=14.0, w=4.0) ➡️  ESB_ADA_35100_35165_(u=1170.0, v=15.0, w=4.0) ➡️  ADA_ESB_35200_35265_(u=1235.0, v=16.0, w=4.0) ➡️  t_(u=0.0, v=0.0, w=0.0)

🛩️ Aircraft N127 path (29 nodes): s_(u=0.0, v=0.0, w=0.0) ➡️  N127_(u=4650.0, v=59.0, w=12.0) ➡️  ADA_SAW_26340_26430_(u=4740.0, v=60.0, w=12.0) ➡️  SAW_ERZ_26940_27040_(u=4840.0, v=61.0, w=12.0) ➡️  ERZ_SAW_27075_27185_(u=4950.0, v=62.0, w=12.0) ➡️  SAW_ESB_27780_27840_(u=5010.0, v=63.0, w=13.0) ➡️  ESB_TZX_27915_27995_(u=5090.0, v=64.0, w=13.0) ➡️  TZX_ESB_28045_28125_(u=5170.0, v=65.0, w=13.0) ➡️  ESB_ERC_28180_28260_(u=5250.0, v=66.0, w=13.0) ➡️  ERC_ESB_28295_28375_(u=5330.0, v=67.0, w=13.0) ➡️  ESB_ADB_29625_29705_(u=5410.0, v=68.0, w=14.0) ➡️  ADB_ESB_29790_29865_(u=5485.0, v=69.0, w=14.0) ➡️  ESB_TZX_30795_30875_(u=5565.0, v=70.0, w=15.0) ➡️  TZX_ESB_30925_31005_(u=5645.0, v=71.0, w=15.0) ➡️  ESB_VAN_31045_31140_(u=5740.0, v=72.0, w=15.0) ➡️  VAN_ESB_31230_31335_(u=5845.0, v=73.0, w=15.0) ➡️  ESB_ADB_31370_31450_(u=5925.0, v=74.0, w=15.0) ➡️  ADB_ESB_31485_31560_(u=6000.0, v=75.0, w=15.0) ➡️  ESB_MSR_32250_32340_(u=90.0, v=0.0, w=1.0) ➡️  MSR_ESB_32375_32475_(u=190.0, v=1.0, w=1.0) ➡️  ESB_MQM_32510_32605_(u=285.0, v=2.0, w=1.0) ➡️  MQM_ESB_32640_32735_(u=380.0, v=3.0, w=1.0) ➡️  ESB_ERZ_32795_32880_(u=465.0, v=4.0, w=1.0) ➡️  ERZ_ESB_32915_33005_(u=555.0, v=5.0, w=1.0) ➡️  ESB_ERZ_33680_33765_(u=640.0, v=6.0, w=2.0) ➡️  ERZ_ESB_33800_33890_(u=730.0, v=7.0, w=2.0) ➡️  ESB_VAN_33925_34020_(u=825.0, v=8.0, w=2.0) ➡️  VAN_ESB_34110_34215_(u=930.0, v=9.0, w=2.0) ➡️  ESB_SAW_35090_35150_(u=990.0, v=10.0, w=3.0) ➡️  SAW_ADA_35730_35815_(u=1075.0, v=11.0, w=3.0) ➡️  ADA_SAW_35850_35940_(u=1165.0, v=12.0, w=3.0) ➡️  t_(u=0.0, v=0.0, w=0.0)

🛩️ Aircraft N128 path (34 nodes): s_(u=0.0, v=0.0, w=0.0) ➡️  N128_(u=4295.0, v=55.0, w=11.0) ➡️  EZS_ESB_26340_26420_(u=4375.0, v=56.0, w=11.0) ➡️  ESB_VAN_26470_26565_(u=4470.0, v=57.0, w=11.0) ➡️  VAN_ESB_26610_26715_(u=4575.0, v=58.0, w=11.0) ➡️  ESB_TZX_26775_26855_(u=4655.0, v=59.0, w=11.0) ➡️  TZX_ESB_26890_26970_(u=4735.0, v=60.0, w=11.0) ➡️  ESB_BAL_27925_28015_(u=4825.0, v=61.0, w=12.0) ➡️  BAL_ESB_28055_28150_(u=4920.0, v=62.0, w=12.0) ➡️  ESB_TZX_28490_28570_(u=5000.0, v=63.0, w=12.0) ➡️  TZX_ESB_28605_28685_(u=5080.0, v=64.0, w=12.0) ➡️  ESB_KSY_29350_29445_(u=5175.0, v=65.0, w=13.0) ➡️  KSY_ESB_29485_29590_(u=5280.0, v=66.0, w=13.0) ➡️  ESB_KSY_29625_29720_(u=5375.0, v=67.0, w=13.0) ➡️  KSY_ESB_29760_29865_(u=5480.0, v=68.0, w=13.0) ➡️  ESB_DIY_29920_30000_(u=5560.0, v=69.0, w=13.0) ➡️  DIY_ESB_30040_30125_(u=5645.0, v=70.0, w=13.0) ➡️  ESB_DIY_30180_30260_(u=5725.0, v=71.0, w=13.0) ➡️  DIY_ESB_30630_30715_(u=5810.0, v=72.0, w=14.0) ➡️  ESB_MSR_30810_30900_(u=5900.0, v=73.0, w=14.0) ➡️  MSR_ESB_30935_31035_(u=6000.0, v=74.0, w=14.0) ➡️  ESB_VAN_32370_32465_(u=95.0, v=0.0, w=1.0) ➡️  VAN_ESB_32610_32715_(u=200.0, v=1.0, w=1.0) ➡️  ESB_AYT_32820_32890_(u=270.0, v=2.0, w=1.0) ➡️  AYT_ESB_32925_32990_(u=335.0, v=3.0, w=1.0) ➡️  ESB_VAN_33670_33765_(u=430.0, v=4.0, w=2.0) ➡️  VAN_ESB_33810_33915_(u=535.0, v=5.0, w=2.0) ➡️  ESB_TZX_34485_34565_(u=615.0, v=6.0, w=2.0) ➡️  TZX_ESB_34980_35055_(u=690.0, v=7.0, w=3.0) ➡️  ESB_MQM_35115_35205_(u=780.0, v=8.0, w=3.0) ➡️  MQM_ESB_35240_35335_(u=875.0, v=9.0, w=3.0) ➡️  ESB_AYT_35400_35465_(u=940.0, v=10.0, w=3.0) ➡️  AYT_ESB_35505_35570_(u=1005.0, v=11.0, w=3.0) ➡️  ESB_SAW_35610_35670_(u=1065.0, v=12.0, w=3.0) ➡️  SAW_ESB_35715_35775_(u=1125.0, v=13.0, w=3.0) ➡️  ESB_SAW_35820_35880_(u=1185.0, v=14.0, w=3.0) ➡️  t_(u=0.0, v=0.0, w=0.0)

🛩️ Aircraft N129 path (37 nodes): s_(u=0.0, v=0.0, w=0.0) ➡️  N129_(u=0.0, v=0.0, w=1.0) ➡️  ESB_MSR_26490_26580_(u=90.0, v=1.0, w=1.0) ➡️  MSR_ESB_26615_26715_(u=190.0, v=2.0, w=1.0) ➡️  ESB_AYT_27060_27130_(u=260.0, v=3.0, w=1.0) ➡️  AYT_ESB_27165_27230_(u=325.0, v=4.0, w=1.0) ➡️  ESB_SZF_27290_27350_(u=385.0, v=5.0, w=1.0) ➡️  SZF_ESB_27780_27840_(u=445.0, v=6.0, w=2.0) ➡️  ESB_AYT_27930_28000_(u=515.0, v=7.0, w=2.0) ➡️  AYT_ESB_28050_28115_(u=580.0, v=8.0, w=2.0) ➡️  ESB_SAW_28515_28575_(u=640.0, v=9.0, w=2.0) ➡️  SAW_ESB_29220_29280_(u=700.0, v=10.0, w=3.0) ➡️  ESB_SAW_29340_29400_(u=760.0, v=11.0, w=3.0) ➡️  SAW_ESB_29460_29520_(u=820.0, v=12.0, w=3.0) ➡️  ESB_MQM_29630_29725_(u=915.0, v=13.0, w=3.0) ➡️  MQM_ESB_29760_29855_(u=1010.0, v=14.0, w=3.0) ➡️  ESB_TZX_29930_30010_(u=1090.0, v=15.0, w=3.0) ➡️  TZX_ESB_30045_30125_(u=1170.0, v=16.0, w=3.0) ➡️  ESB_ADB_30165_30245_(u=1250.0, v=17.0, w=3.0) ➡️  ADB_ESB_30660_30735_(u=1325.0, v=18.0, w=4.0) ➡️  ESB_ADB_30800_30880_(u=1405.0, v=19.0, w=4.0) ➡️  ADB_ESB_30945_31020_(u=1480.0, v=20.0, w=4.0) ➡️  ESB_SAW_31275_31335_(u=1540.0, v=21.0, w=4.0) ➡️  SAW_ESB_32340_32400_(u=1600.0, v=22.0, w=5.0) ➡️  ESB_EZS_32535_32610_(u=1675.0, v=23.0, w=5.0) ➡️  EZS_ESB_32645_32725_(u=1755.0, v=24.0, w=5.0) ➡️  ESB_ADB_32760_32840_2_(u=1835.0, v=25.0, w=5.0) ➡️  ADB_ESB_33540_33615_(u=1910.0, v=26.0, w=6.0) ➡️  ESB_VAN_33810_33905_(u=2005.0, v=27.0, w=6.0) ➡️  VAN_ESB_34050_34155_(u=2110.0, v=28.0, w=6.0) ➡️  ESB_ADA_34260_34320_(u=2170.0, v=29.0, w=6.0) ➡️  ADA_ESB_34995_35060_(u=2235.0, v=30.0, w=7.0) ➡️  ESB_KSY_35110_35205_(u=2330.0, v=31.0, w=7.0) ➡️  KSY_ESB_35240_35345_(u=2435.0, v=32.0, w=7.0) ➡️  ESB_ERC_35420_35500_(u=2515.0, v=33.0, w=7.0) ➡️  ERC_ESB_35535_35615_(u=2595.0, v=34.0, w=7.0) ➡️  ESB_GNY_35670_35745_(u=2670.0, v=35.0, w=7.0) ➡️  GNY_ESB_35780_35860_(u=2750.0, v=36.0, w=7.0) ➡️  ESB_GZT_35935_36005_(u=2820.0, v=37.0, w=7.0) ➡️  t_(u=0.0, v=0.0, w=0.0)

🛩️ Aircraft N130 path (42 nodes): s_(u=0.0, v=0.0, w=0.0) ➡️  N130_(u=0.0, v=0.0, w=1.0) ➡️  ECN_ESB_26340_26405_(u=65.0, v=1.0, w=1.0) ➡️  ESB_DIY_26490_26570_(u=145.0, v=2.0, w=1.0) ➡️  DIY_ESB_26630_26715_(u=230.0, v=3.0, w=1.0) ➡️  ESB_EZS_26775_26850_(u=305.0, v=4.0, w=1.0) ➡️  EZS_ESB_26885_26965_(u=385.0, v=5.0, w=1.0) ➡️  ESB_ADB_27050_27130_(u=465.0, v=6.0, w=1.0) ➡️  ADB_ESB_27165_27240_(u=540.0, v=7.0, w=1.0) ➡️  ESB_MLX_27280_27350_(u=610.0, v=8.0, w=1.0) ➡️  MLX_ESB_27780_27855_(u=685.0, v=9.0, w=2.0) ➡️  ESB_AYT_28215_28285_(u=755.0, v=10.0, w=2.0) ➡️  AYT_ESB_28350_28415_(u=820.0, v=11.0, w=2.0) ➡️  ESB_DIY_29370_29450_(u=900.0, v=12.0, w=3.0) ➡️  DIY_ESB_29510_29595_(u=985.0, v=13.0, w=3.0) ➡️  ESB_EZS_29655_29730_(u=1060.0, v=14.0, w=3.0) ➡️  EZS_ESB_29765_29845_(u=1140.0, v=15.0, w=3.0) ➡️  ESB_AYT_29940_30010_(u=1210.0, v=16.0, w=3.0) ➡️  AYT_ESB_30045_30110_(u=1275.0, v=17.0, w=3.0) ➡️  ESB_GZT_30175_30245_(u=1345.0, v=18.0, w=3.0) ➡️  GZT_ESB_30660_30730_(u=1415.0, v=19.0, w=4.0) ➡️  ESB_KSY_30790_30885_(u=1510.0, v=20.0, w=4.0) ➡️  KSY_ESB_30925_31030_(u=1615.0, v=21.0, w=4.0) ➡️  ESB_EZS_31095_31170_(u=1690.0, v=22.0, w=4.0) ➡️  EZS_ESB_31205_31285_(u=1770.0, v=23.0, w=4.0) ➡️  ESB_SAW_31500_31560_(u=1830.0, v=24.0, w=4.0) ➡️  SAW_ADB_32100_32160_(u=1890.0, v=25.0, w=5.0) ➡️  ADB_SAW_32195_32255_(u=1950.0, v=26.0, w=5.0) ➡️  SAW_TZX_32295_32395_(u=2050.0, v=27.0, w=5.0) ➡️  TZX_ESB_32650_32730_(u=2130.0, v=28.0, w=5.0) ➡️  ESB_ADA_32820_32880_(u=2190.0, v=29.0, w=5.0) ➡️  ADA_ESB_32920_32985_(u=2255.0, v=30.0, w=5.0) ➡️  ESB_GZT_33055_33125_(u=2325.0, v=31.0, w=5.0) ➡️  GZT_ESB_33540_33610_(u=2395.0, v=32.0, w=6.0) ➡️  ESB_BJV_33705_33780_(u=2470.0, v=33.0, w=6.0) ➡️  BJV_ESB_33815_33890_(u=2545.0, v=34.0, w=6.0) ➡️  ESB_ADB_33945_34025_(u=2625.0, v=35.0, w=6.0) ➡️  ADB_ESB_34110_34185_(u=2700.0, v=36.0, w=6.0) ➡️  ESB_AYT_34260_34330_(u=2770.0, v=37.0, w=6.0) ➡️  AYT_ESB_34365_34430_(u=2835.0, v=38.0, w=6.0) ➡️  ESB_ERZ_35120_35205_(u=2920.0, v=39.0, w=7.0) ➡️  ERZ_ESB_35240_35330_(u=3010.0, v=40.0, w=7.0) ➡️  ESB_ERZ_35385_35470_(u=3095.0, v=41.0, w=7.0) ➡️  ERZ_ESB_35505_35590_(u=3180.0, v=42.0, w=7.0) ➡️  t_(u=0.0, v=0.0, w=0.0)

🛩️ Aircraft N131 path (35 nodes): s_(u=0.0, v=0.0, w=0.0) ➡️  N131_(u=0.0, v=0.0, w=1.0) ➡️  SAW_ESB_26400_26460_(u=60.0, v=1.0, w=1.0) ➡️  ESB_BJV_26505_26580_(u=135.0, v=2.0, w=1.0) ➡️  BJV_ESB_26615_26690_(u=210.0, v=3.0, w=1.0) ➡️  ESB_DIY_26730_26810_(u=290.0, v=4.0, w=1.0) ➡️  DIY_ESB_26885_26970_(u=375.0, v=5.0, w=1.0) ➡️  ESB_SAW_27900_27960_(u=435.0, v=6.0, w=2.0) ➡️  SAW_ERZ_28380_28480_(u=535.0, v=7.0, w=2.0) ➡️  ERZ_SAW_28515_28625_(u=645.0, v=8.0, w=2.0) ➡️  SAW_AYT_29400_29465_(u=710.0, v=9.0, w=3.0) ➡️  AYT_SAW_29505_29570_(u=775.0, v=10.0, w=3.0) ➡️  SAW_VAS_29640_29720_(u=855.0, v=11.0, w=3.0) ➡️  VAS_SAW_29760_29840_(u=935.0, v=12.0, w=3.0) ➡️  SAW_ESB_29960_30020_(u=995.0, v=13.0, w=3.0) ➡️  ESB_ERZ_31065_31150_(u=1080.0, v=14.0, w=4.0) ➡️  ERZ_ESB_31185_31270_(u=1165.0, v=15.0, w=4.0) ➡️  ESB_ADA_31380_31440_(u=1225.0, v=16.0, w=4.0) ➡️  ADA_SAW_32100_32190_(u=1315.0, v=17.0, w=5.0) ➡️  SAW_AYT_32280_32345_(u=1380.0, v=18.0, w=5.0) ➡️  AYT_SAW_32385_32450_(u=1445.0, v=19.0, w=5.0) ➡️  SAW_ADB_32670_32730_(u=1505.0, v=20.0, w=5.0) ➡️  ADB_SAW_32770_32830_(u=1565.0, v=21.0, w=5.0) ➡️  SAW_ADB_32870_32930_(u=1625.0, v=22.0, w=5.0) ➡️  ADB_SAW_32965_33025_(u=1685.0, v=23.0, w=5.0) ➡️  SAW_ADB_33540_33600_(u=1745.0, v=24.0, w=6.0) ➡️  ADB_SAW_33635_33695_(u=1805.0, v=25.0, w=6.0) ➡️  SAW_ESB_33780_33840_(u=1865.0, v=26.0, w=6.0) ➡️  ESB_SAW_34155_34215_(u=1925.0, v=27.0, w=6.0) ➡️  SAW_ADB_34310_34370_(u=1985.0, v=28.0, w=6.0) ➡️  ADB_ESB_34980_35055_(u=2060.0, v=29.0, w=7.0) ➡️  ESB_MSR_35110_35205_(u=2155.0, v=30.0, w=7.0) ➡️  MSR_ESB_35240_35340_(u=2255.0, v=31.0, w=7.0) ➡️  ESB_VAN_35380_35475_(u=2350.0, v=32.0, w=7.0) ➡️  VAN_ESB_35520_35625_(u=2455.0, v=33.0, w=7.0) ➡️  ESB_SAW_35685_35745_(u=2515.0, v=34.0, w=7.0) ➡️  SAW_AYT_35785_35850_(u=2580.0, v=35.0, w=7.0) ➡️  t_(u=0.0, v=0.0, w=0.0)

🛩️ Aircraft N132 path (35 nodes): s_(u=0.0, v=0.0, w=0.0) ➡️  N132_(u=0.0, v=0.0, w=1.0) ➡️  ASR_SAW_26340_26420_(u=80.0, v=1.0, w=1.0) ➡️  SAW_TZX_26535_26635_(u=180.0, v=2.0, w=1.0) ➡️  TZX_SAW_26930_27040_(u=290.0, v=3.0, w=1.0) ➡️  SAW_ESB_27080_27140_(u=350.0, v=4.0, w=1.0) ➡️  ESB_GZT_27295_27365_(u=420.0, v=5.0, w=1.0) ➡️  GZT_ESB_27780_27850_(u=490.0, v=6.0, w=2.0) ➡️  ESB_MSR_27930_28020_(u=580.0, v=7.0, w=2.0) ➡️  MSR_ESB_28055_28155_(u=680.0, v=8.0, w=2.0) ➡️  ESB_MLX_28720_28790_(u=750.0, v=9.0, w=2.0) ➡️  MLX_ESB_29220_29295_(u=825.0, v=10.0, w=3.0) ➡️  ESB_ERZ_29360_29445_(u=910.0, v=11.0, w=3.0) ➡️  ERZ_ESB_29480_29570_(u=1000.0, v=12.0, w=3.0) ➡️  ESB_VAN_29605_29700_(u=1095.0, v=13.0, w=3.0) ➡️  VAN_ESB_29790_29895_(u=1200.0, v=14.0, w=3.0) ➡️  ESB_SZF_30170_30230_(u=1260.0, v=15.0, w=3.0) ➡️  SZF_ESB_30660_30720_(u=1320.0, v=16.0, w=4.0) ➡️  ESB_BAL_30805_30895_(u=1410.0, v=17.0, w=4.0) ➡️  BAL_ESB_30935_31030_(u=1505.0, v=18.0, w=4.0) ➡️  ESB_AYT_31380_31450_(u=1575.0, v=19.0, w=4.0) ➡️  AYT_ESB_31485_31550_(u=1640.0, v=20.0, w=4.0) ➡️  ESB_MLX_31600_31670_(u=1710.0, v=21.0, w=4.0) ➡️  MLX_ESB_32100_32175_(u=1785.0, v=22.0, w=5.0) ➡️  ESB_ADA_32220_32280_(u=1845.0, v=23.0, w=5.0) ➡️  ADA_ECN_32805_32865_(u=1905.0, v=24.0, w=5.0) ➡️  ECN_ESB_32915_32980_(u=1970.0, v=25.0, w=5.0) ➡️  ESB_DIY_33060_33140_(u=2050.0, v=26.0, w=5.0) ➡️  DIY_ESB_33510_33595_(u=2135.0, v=27.0, w=6.0) ➡️  ESB_ADB_33680_33760_(u=2215.0, v=28.0, w=6.0) ➡️  ADB_ESB_33825_33900_(u=2290.0, v=29.0, w=6.0) ➡️  ESB_AYT_33975_34045_(u=2360.0, v=30.0, w=6.0) ➡️  AYT_ESB_34110_34175_(u=2425.0, v=31.0, w=6.0) ➡️  ESB_TZX_35125_35205_(u=2505.0, v=32.0, w=7.0) ➡️  TZX_ESB_35240_35320_(u=2585.0, v=33.0, w=7.0) ➡️  ESB_GZT_35375_35445_(u=2655.0, v=34.0, w=7.0) ➡️  GZT_ESB_35480_35550_(u=2725.0, v=35.0, w=7.0) ➡️  t_(u=0.0, v=0.0, w=0.0)

🛩️ Aircraft N133 path (35 nodes): s_(u=0.0, v=0.0, w=0.0) ➡️  N133_(u=0.0, v=0.0, w=1.0) ➡️  ESB_ADB_26480_26560_(u=80.0, v=1.0, w=1.0) ➡️  ADB_ESB_26625_26700_(u=155.0, v=2.0, w=1.0) ➡️  ESB_MQM_26750_26845_(u=250.0, v=3.0, w=1.0) ➡️  MQM_ESB_26880_26975_(u=345.0, v=4.0, w=1.0) ➡️  ESB_ERZ_27035_27120_(u=430.0, v=5.0, w=1.0) ➡️  ERZ_ESB_27155_27245_(u=520.0, v=6.0, w=1.0) ➡️  ESB_DIY_27300_27380_(u=600.0, v=7.0, w=1.0) ➡️  DIY_ESB_27750_27835_(u=685.0, v=8.0, w=2.0) ➡️  ESB_ERZ_27920_28005_(u=770.0, v=9.0, w=2.0) ➡️  ERZ_ESB_28040_28130_(u=860.0, v=10.0, w=2.0) ➡️  ESB_SAW_28395_28455_(u=920.0, v=11.0, w=2.0) ➡️  SAW_ESB_28520_28580_(u=980.0, v=12.0, w=2.0) ➡️  ESB_BAL_29365_29455_(u=1070.0, v=13.0, w=3.0) ➡️  BAL_ESB_29495_29590_(u=1165.0, v=14.0, w=3.0) ➡️  ESB_DIY_30810_30890_(u=1245.0, v=15.0, w=4.0) ➡️  DIY_ESB_30950_31035_(u=1330.0, v=16.0, w=4.0) ➡️  ESB_TZX_31605_31685_(u=1410.0, v=17.0, w=4.0) ➡️  TZX_ESB_32100_32180_(u=1490.0, v=18.0, w=5.0) ➡️  ESB_VAN_32230_32325_(u=1585.0, v=19.0, w=5.0) ➡️  VAN_ESB_32370_32475_(u=1690.0, v=20.0, w=5.0) ➡️  ESB_SAW_32730_32785_(u=1745.0, v=21.0, w=5.0) ➡️  SAW_ADA_32820_32905_(u=1830.0, v=22.0, w=5.0) ➡️  ADA_SAW_32940_33030_(u=1920.0, v=23.0, w=5.0) ➡️  SAW_ESB_33540_33600_(u=1980.0, v=24.0, w=6.0) ➡️  ESB_KSY_33670_33765_(u=2075.0, v=25.0, w=6.0) ➡️  KSY_ESB_33805_33910_(u=2180.0, v=26.0, w=6.0) ➡️  ESB_SAW_33945_34005_(u=2240.0, v=27.0, w=6.0) ➡️  SAW_ERZ_34140_34240_(u=2340.0, v=28.0, w=6.0) ➡️  ERZ_SAW_34275_34385_(u=2450.0, v=29.0, w=6.0) ➡️  SAW_VAS_34980_35060_(u=2530.0, v=30.0, w=7.0) ➡️  VAS_SAW_35095_35180_(u=2615.0, v=31.0, w=7.0) ➡️  SAW_AYT_35490_35555_(u=2680.0, v=32.0, w=7.0) ➡️  AYT_SAW_35590_35655_(u=2745.0, v=33.0, w=7.0) ➡️  SAW_ERZ_35730_35830_(u=2845.0, v=34.0, w=7.0) ➡️  ERZ_SAW_35865_35975_(u=2955.0, v=35.0, w=7.0) ➡️  t_(u=0.0, v=0.0, w=0.0)

🛩️ Aircraft N134 path (30 nodes): s_(u=0.0, v=0.0, w=0.0) ➡️  N134_(u=0.0, v=0.0, w=1.0) ➡️  DIY_ESB_26310_26395_(u=85.0, v=1.0, w=1.0) ➡️  ESB_VAN_26725_26820_(u=180.0, v=2.0, w=1.0) ➡️  VAN_ESB_26910_27015_(u=285.0, v=3.0, w=1.0) ➡️  ESB_ADA_27060_27120_(u=345.0, v=4.0, w=1.0) ➡️  ADA_ESB_27795_27860_(u=410.0, v=5.0, w=2.0) ➡️  ESB_VAN_28050_28145_(u=505.0, v=6.0, w=2.0) ➡️  VAN_ESB_28290_28395_(u=610.0, v=7.0, w=2.0) ➡️  ESB_DIY_28740_28820_(u=690.0, v=8.0, w=2.0) ➡️  DIY_ESB_29190_29275_(u=775.0, v=9.0, w=3.0) ➡️  ESB_AYT_29655_29725_(u=845.0, v=10.0, w=3.0) ➡️  AYT_ESB_29790_29855_(u=910.0, v=11.0, w=3.0) ➡️  ESB_SAW_29955_30015_(u=970.0, v=12.0, w=3.0) ➡️  SAW_ESB_30660_30720_(u=1030.0, v=13.0, w=4.0) ➡️  ESB_AYT_31095_31165_(u=1100.0, v=14.0, w=4.0) ➡️  AYT_ESB_31230_31295_(u=1165.0, v=15.0, w=4.0) ➡️  ESB_GNY_31360_31435_(u=1240.0, v=16.0, w=4.0) ➡️  GNY_ESB_31470_31550_(u=1320.0, v=17.0, w=4.0) ➡️  ESB_ADA_31615_31675_(u=1380.0, v=18.0, w=4.0) ➡️  ADA_ESB_32115_32180_(u=1445.0, v=19.0, w=5.0) ➡️  ESB_AJI_32530_32625_(u=1540.0, v=20.0, w=5.0) ➡️  AJI_ESB_32665_32770_(u=1645.0, v=21.0, w=5.0) ➡️  ESB_TZX_32810_32890_(u=1725.0, v=22.0, w=5.0) ➡️  TZX_ESB_32925_33005_(u=1805.0, v=23.0, w=5.0) ➡️  ESB_TZX_33675_33755_(u=1885.0, v=24.0, w=6.0) ➡️  TZX_ESB_33805_33885_(u=1965.0, v=25.0, w=6.0) ➡️  ESB_KSY_33945_34040_(u=2060.0, v=26.0, w=6.0) ➡️  KSY_ESB_34080_34185_(u=2165.0, v=27.0, w=6.0) ➡️  ESB_SAW_34380_34440_(u=2225.0, v=28.0, w=6.0) ➡️  SAW_TZX_35195_35295_(u=2325.0, v=29.0, w=7.0) ➡️  TZX_SAW_35580_35690_(u=2435.0, v=30.0, w=7.0) ➡️  t_(u=0.0, v=0.0, w=0.0)

🛩️ Aircraft N135 path (27 nodes): s_(u=0.0, v=0.0, w=0.0) ➡️  N135_(u=0.0, v=0.0, w=1.0) ➡️  ESB_ERZ_26480_26565_(u=85.0, v=1.0, w=1.0) ➡️  ERZ_ESB_26600_26690_(u=175.0, v=2.0, w=1.0) ➡️  ESB_SAW_27075_27135_(u=235.0, v=3.0, w=1.0) ➡️  SAW_ESB_27840_27900_(u=295.0, v=4.0, w=2.0) ➡️  ESB_ADA_28500_28560_(u=355.0, v=5.0, w=2.0) ➡️  ADA_SAW_28620_28710_(u=445.0, v=6.0, w=2.0) ➡️  SAW_ADB_29905_29965_(u=505.0, v=7.0, w=3.0) ➡️  ADB_SAW_30000_30060_(u=565.0, v=8.0, w=3.0) ➡️  SAW_ASR_30135_30205_(u=635.0, v=9.0, w=3.0) ➡️  ASR_SAW_30660_30740_(u=715.0, v=10.0, w=4.0) ➡️  SAW_ADA_31380_31465_(u=800.0, v=11.0, w=4.0) ➡️  ADA_ESB_32325_32390_(u=865.0, v=12.0, w=5.0) ➡️  ESB_ERC_32500_32580_(u=945.0, v=13.0, w=5.0) ➡️  ERC_ESB_32615_32695_(u=1025.0, v=14.0, w=5.0) ➡️  ESB_SAW_32835_32895_(u=1085.0, v=15.0, w=5.0) ➡️  SAW_ESB_32940_33000_(u=1145.0, v=16.0, w=5.0) ➡️  ESB_ADA_33055_33115_(u=1205.0, v=17.0, w=5.0) ➡️  ADA_ESB_33555_33620_(u=1270.0, v=18.0, w=6.0) ➡️  ESB_ECN_33690_33760_(u=1340.0, v=19.0, w=6.0) ➡️  ECN_ESB_33800_33865_(u=1405.0, v=20.0, w=6.0) ➡️  ESB_ERC_33940_34020_(u=1485.0, v=21.0, w=6.0) ➡️  ERC_ESB_34055_34135_(u=1565.0, v=22.0, w=6.0) ➡️  ESB_DIY_35410_35490_(u=1645.0, v=23.0, w=7.0) ➡️  DIY_ESB_35525_35615_(u=1735.0, v=24.0, w=7.0) ➡️  ESB_AYT_35700_35770_(u=1805.0, v=25.0, w=7.0) ➡️  AYT_ESB_35805_35870_(u=1870.0, v=26.0, w=7.0) ➡️  ESB_EZS_35940_36015_(u=1945.0, v=27.0, w=7.0) ➡️  t_(u=0.0, v=0.0, w=0.0)

🛩️ Aircraft N136 path (40 nodes): s_(u=0.0, v=0.0, w=0.0) ➡️  N136_(u=0.0, v=0.0, w=1.0) ➡️  MLX_ESB_26340_26415_(u=75.0, v=1.0, w=1.0) ➡️  ESB_BAL_26485_26575_(u=165.0, v=2.0, w=1.0) ➡️  BAL_ESB_26615_26710_(u=260.0, v=3.0, w=1.0) ➡️  ESB_AYT_26775_26845_(u=330.0, v=4.0, w=1.0) ➡️  AYT_ESB_26910_26975_(u=395.0, v=5.0, w=1.0) ➡️  ESB_TZX_27050_27130_(u=475.0, v=6.0, w=1.0) ➡️  TZX_ESB_27165_27245_(u=555.0, v=7.0, w=1.0) ➡️  ESB_TZX_27285_27365_(u=635.0, v=8.0, w=1.0) ➡️  TZX_ESB_27780_27860_(u=715.0, v=9.0, w=2.0) ➡️  ESB_VAN_28165_28260_(u=810.0, v=10.0, w=2.0) ➡️  VAN_ESB_28350_28455_(u=915.0, v=11.0, w=2.0) ➡️  ESB_ADB_28490_28570_(u=995.0, v=12.0, w=2.0) ➡️  ADB_ESB_29220_29295_(u=1070.0, v=13.0, w=3.0) ➡️  ESB_MSR_29370_29460_(u=1160.0, v=14.0, w=3.0) ➡️  MSR_ESB_29495_29595_(u=1260.0, v=15.0, w=3.0) ➡️  ESB_SAW_29850_29905_(u=1315.0, v=16.0, w=3.0) ➡️  SAW_ADA_29940_30025_(u=1400.0, v=17.0, w=3.0) ➡️  ADA_SAW_30060_30150_(u=1490.0, v=18.0, w=3.0) ➡️  SAW_ESB_30720_30780_(u=1550.0, v=19.0, w=4.0) ➡️  ESB_ERC_31060_31140_(u=1630.0, v=20.0, w=4.0) ➡️  ERC_ESB_31175_31255_(u=1710.0, v=21.0, w=4.0) ➡️  ESB_DIY_32250_32330_(u=1790.0, v=22.0, w=5.0) ➡️  DIY_ESB_32390_32475_(u=1875.0, v=23.0, w=5.0) ➡️  ESB_GZT_32535_32605_(u=1945.0, v=24.0, w=5.0) ➡️  GZT_ESB_32640_32710_(u=2015.0, v=25.0, w=5.0) ➡️  ESB_ECN_32820_32890_(u=2085.0, v=26.0, w=5.0) ➡️  ECN_ESB_33540_33605_(u=2150.0, v=27.0, w=6.0) ➡️  ESB_MSR_33690_33780_(u=2240.0, v=28.0, w=6.0) ➡️  MSR_ESB_33815_33915_(u=2340.0, v=29.0, w=6.0) ➡️  ESB_AJI_33970_34065_(u=2435.0, v=30.0, w=6.0) ➡️  AJI_ESB_34105_34210_(u=2540.0, v=31.0, w=6.0) ➡️  ESB_TZX_34250_34330_(u=2620.0, v=32.0, w=6.0) ➡️  TZX_ESB_34365_34445_(u=2700.0, v=33.0, w=6.0) ➡️  ESB_SZF_34490_34550_(u=2760.0, v=34.0, w=6.0) ➡️  SZF_ESB_34980_35040_(u=2820.0, v=35.0, w=7.0) ➡️  ESB_EZS_35415_35490_(u=2895.0, v=36.0, w=7.0) ➡️  EZS_ESB_35525_35605_(u=2975.0, v=37.0, w=7.0) ➡️  ESB_DIY_35680_35760_(u=3055.0, v=38.0, w=7.0) ➡️  DIY_ESB_35795_35880_(u=3140.0, v=39.0, w=7.0) ➡️  ESB_ECN_35935_36005_(u=3210.0, v=40.0, w=7.0) ➡️  t_(u=0.0, v=0.0, w=0.0)

🛩️ Aircraft N137 path (23 nodes): s_(u=0.0, v=0.0, w=0.0) ➡️  N137_(u=0.0, v=0.0, w=1.0) ➡️  ADA_ESB_27160_27225_(u=65.0, v=1.0, w=1.0) ➡️  ESB_ADA_27295_27355_(u=125.0, v=2.0, w=1.0) ➡️  ADA_ESB_28600_28665_(u=190.0, v=3.0, w=2.0) ➡️  ESB_ADA_28735_28795_(u=250.0, v=4.0, w=2.0) ➡️  ADA_ESB_30040_30105_(u=315.0, v=5.0, w=3.0) ➡️  ESB_ADA_30175_30235_(u=375.0, v=6.0, w=3.0) ➡️  ADA_ESB_31480_31545_(u=440.0, v=7.0, w=4.0) ➡️  ESB_BAL_32245_32335_(u=530.0, v=8.0, w=5.0) ➡️  BAL_ESB_32375_32470_(u=625.0, v=9.0, w=5.0) ➡️  ESB_TZX_32535_32615_(u=705.0, v=10.0, w=5.0) ➡️  TZX_SAW_32690_32800_(u=815.0, v=11.0, w=5.0) ➡️  SAW_ESB_32840_32900_(u=875.0, v=12.0, w=5.0) ➡️  ESB_SAW_32940_33000_(u=935.0, v=13.0, w=5.0) ➡️  SAW_AYT_33720_33785_(u=1000.0, v=14.0, w=6.0) ➡️  AYT_SAW_33825_33890_(u=1065.0, v=15.0, w=6.0) ➡️  SAW_VAS_33960_34040_(u=1145.0, v=16.0, w=6.0) ➡️  VAS_SAW_34080_34160_(u=1225.0, v=17.0, w=6.0) ➡️  SAW_ADA_34260_34345_(u=1310.0, v=18.0, w=6.0) ➡️  ADA_SAW_34380_34470_(u=1400.0, v=19.0, w=6.0) ➡️  SAW_ADB_35610_35670_(u=1460.0, v=20.0, w=7.0) ➡️  ADB_SAW_35705_35765_(u=1520.0, v=21.0, w=7.0) ➡️  SAW_ESB_35805_35865_(u=1580.0, v=22.0, w=7.0) ➡️  ESB_MLX_35920_35995_(u=1655.0, v=23.0, w=7.0) ➡️  t_(u=0.0, v=0.0, w=0.0)

🛩️ Aircraft N138 path (37 nodes): s_(u=0.0, v=0.0, w=0.0) ➡️  N138_(u=0.0, v=0.0, w=1.0) ➡️  SZF_ESB_26340_26400_(u=60.0, v=1.0, w=1.0) ➡️  ESB_KSY_26470_26565_(u=155.0, v=2.0, w=1.0) ➡️  KSY_ESB_26605_26710_(u=260.0, v=3.0, w=1.0) ➡️  ESB_ADB_26745_26825_(u=340.0, v=4.0, w=1.0) ➡️  ADB_ESB_26910_26985_(u=415.0, v=5.0, w=1.0) ➡️  ESB_GNY_27040_27115_(u=490.0, v=6.0, w=1.0) ➡️  GNY_ESB_27150_27230_(u=570.0, v=7.0, w=1.0) ➡️  ESB_AYT_27285_27355_(u=640.0, v=8.0, w=1.0) ➡️  AYT_ESB_27780_27845_(u=705.0, v=9.0, w=2.0) ➡️  ESB_ECN_28480_28550_(u=775.0, v=10.0, w=2.0) ➡️  ECN_ESB_28595_28660_(u=840.0, v=11.0, w=2.0) ➡️  ESB_ERC_29620_29700_(u=920.0, v=12.0, w=3.0) ➡️  ERC_ESB_29735_29815_(u=1000.0, v=13.0, w=3.0) ➡️  ESB_ERZ_29915_30000_(u=1085.0, v=14.0, w=3.0) ➡️  ERZ_ESB_30035_30125_(u=1175.0, v=15.0, w=3.0) ➡️  ESB_TZX_30165_30245_(u=1255.0, v=16.0, w=3.0) ➡️  TZX_ESB_30660_30740_(u=1335.0, v=17.0, w=4.0) ➡️  ESB_AYT_30810_30880_(u=1405.0, v=18.0, w=4.0) ➡️  AYT_ESB_30930_30995_(u=1470.0, v=19.0, w=4.0) ➡️  ESB_ECN_31080_31150_(u=1540.0, v=20.0, w=4.0) ➡️  ECN_ESB_31475_31540_(u=1605.0, v=21.0, w=4.0) ➡️  ESB_ECN_32250_32320_(u=1675.0, v=22.0, w=5.0) ➡️  ECN_ESB_32360_32425_(u=1740.0, v=23.0, w=5.0) ➡️  ESB_DIY_32490_32570_(u=1820.0, v=24.0, w=5.0) ➡️  DIY_ESB_32645_32730_(u=1905.0, v=25.0, w=5.0) ➡️  ESB_ADB_32810_32890_(u=1985.0, v=26.0, w=5.0) ➡️  ADB_ESB_32925_33000_(u=2060.0, v=27.0, w=5.0) ➡️  ESB_ADB_33045_33125_(u=2140.0, v=28.0, w=5.0) ➡️  ADB_SAW_34405_34465_(u=2200.0, v=29.0, w=6.0) ➡️  SAW_ESB_35040_35100_(u=2260.0, v=30.0, w=7.0) ➡️  ESB_AYT_35140_35205_(u=2325.0, v=31.0, w=7.0) ➡️  AYT_ESB_35260_35325_(u=2390.0, v=32.0, w=7.0) ➡️  ESB_TZX_35400_35480_(u=2470.0, v=33.0, w=7.0) ➡️  TZX_ESB_35520_35600_(u=2550.0, v=34.0, w=7.0) ➡️  ESB_ADB_35685_35765_(u=2630.0, v=35.0, w=7.0) ➡️  ADB_ESB_35805_35880_(u=2705.0, v=36.0, w=7.0) ➡️  ESB_ADB_35925_36005_(u=2785.0, v=37.0, w=7.0) ➡️  t_(u=0.0, v=0.0, w=0.0)

🛩️ Aircraft N139 path (39 nodes): s_(u=0.0, v=0.0, w=0.0) ➡️  N139_(u=0.0, v=0.0, w=1.0) ➡️  ADA_ESB_26355_26420_(u=65.0, v=1.0, w=1.0) ➡️  ESB_SAW_26460_26520_(u=125.0, v=2.0, w=1.0) ➡️  SAW_ESB_26580_26640_(u=185.0, v=3.0, w=1.0) ➡️  ESB_ERC_26740_26820_(u=265.0, v=4.0, w=1.0) ➡️  ERC_ESB_26855_26935_(u=345.0, v=5.0, w=1.0) ➡️  ESB_SAW_26970_27025_(u=400.0, v=6.0, w=1.0) ➡️  SAW_ADA_27060_27145_(u=485.0, v=7.0, w=1.0) ➡️  ADA_SAW_27180_27270_(u=575.0, v=8.0, w=1.0) ➡️  SAW_AYT_27960_28025_(u=640.0, v=9.0, w=2.0) ➡️  AYT_SAW_28065_28130_(u=705.0, v=10.0, w=2.0) ➡️  SAW_ADA_28500_28585_(u=790.0, v=11.0, w=2.0) ➡️  ADA_ESB_29235_29300_(u=855.0, v=12.0, w=3.0) ➡️  ESB_ADB_29360_29440_(u=935.0, v=13.0, w=3.0) ➡️  ADB_ESB_29505_29580_(u=1010.0, v=14.0, w=3.0) ➡️  ESB_TZX_29655_29735_(u=1090.0, v=15.0, w=3.0) ➡️  TZX_SAW_29810_29920_(u=1200.0, v=16.0, w=3.0) ➡️  SAW_ADB_30660_30720_(u=1260.0, v=17.0, w=4.0) ➡️  ADB_SAW_30755_30815_(u=1320.0, v=18.0, w=4.0) ➡️  SAW_VAS_31080_31160_(u=1400.0, v=19.0, w=4.0) ➡️  VAS_SAW_31200_31280_(u=1480.0, v=20.0, w=4.0) ➡️  SAW_ADB_31345_31405_(u=1540.0, v=21.0, w=4.0) ➡️  ADB_SAW_31440_31500_(u=1600.0, v=22.0, w=4.0) ➡️  SAW_ESB_32100_32160_(u=1660.0, v=23.0, w=5.0) ➡️  ESB_ERZ_32240_32325_(u=1745.0, v=24.0, w=5.0) ➡️  ERZ_ESB_32360_32450_(u=1835.0, v=25.0, w=5.0) ➡️  ESB_ECN_32520_32590_(u=1905.0, v=26.0, w=5.0) ➡️  ECN_ADA_32700_32755_(u=1960.0, v=27.0, w=5.0) ➡️  ADA_SAW_33540_33630_(u=2050.0, v=28.0, w=6.0) ➡️  SAW_TZX_33735_33835_(u=2150.0, v=29.0, w=6.0) ➡️  TZX_ESB_34090_34170_(u=2230.0, v=30.0, w=6.0) ➡️  ESB_DIY_34240_34320_(u=2310.0, v=31.0, w=6.0) ➡️  DIY_ESB_34360_34445_(u=2395.0, v=32.0, w=6.0) ➡️  ESB_DIY_34500_34580_(u=2475.0, v=33.0, w=6.0) ➡️  DIY_ESB_34950_35035_(u=2560.0, v=34.0, w=7.0) ➡️  ESB_DIY_35120_35200_(u=2640.0, v=35.0, w=7.0) ➡️  DIY_ESB_35235_35320_(u=2725.0, v=36.0, w=7.0) ➡️  ESB_ERZ_35675_35760_(u=2810.0, v=37.0, w=7.0) ➡️  ERZ_ESB_35795_35885_(u=2900.0, v=38.0, w=7.0) ➡️  ESB_DIY_35955_36035_(u=2980.0, v=39.0, w=7.0) ➡️  t_(u=0.0, v=0.0, w=0.0)

🛩️ Aircraft N140 path (37 nodes): s_(u=0.0, v=0.0, w=0.0) ➡️  N140_(u=0.0, v=0.0, w=1.0) ➡️  SAW_ADB_26340_26400_(u=60.0, v=1.0, w=1.0) ➡️  ADB_SAW_26435_26495_(u=120.0, v=2.0, w=1.0) ➡️  SAW_VAS_26760_26840_(u=200.0, v=3.0, w=1.0) ➡️  VAS_SAW_26880_26960_(u=280.0, v=4.0, w=1.0) ➡️  SAW_AYT_27030_27095_(u=345.0, v=5.0, w=1.0) ➡️  AYT_SAW_27130_27195_(u=410.0, v=6.0, w=1.0) ➡️  SAW_ESB_28020_28080_(u=470.0, v=7.0, w=2.0) ➡️  ESB_ERZ_28475_28560_(u=555.0, v=8.0, w=2.0) ➡️  ERZ_ESB_28595_28685_(u=645.0, v=9.0, w=2.0) ➡️  ESB_AYT_29490_29560_(u=715.0, v=10.0, w=3.0) ➡️  AYT_ESB_29610_29675_(u=780.0, v=11.0, w=3.0) ➡️  ESB_GNY_29920_29995_(u=855.0, v=12.0, w=3.0) ➡️  GNY_ESB_30030_30110_(u=935.0, v=13.0, w=3.0) ➡️  ESB_ERZ_30800_30885_(u=1020.0, v=14.0, w=4.0) ➡️  ERZ_ESB_30920_31010_(u=1110.0, v=15.0, w=4.0) ➡️  ESB_AJI_31090_31185_(u=1205.0, v=16.0, w=4.0) ➡️  AJI_ESB_31225_31330_(u=1310.0, v=17.0, w=4.0) ➡️  ESB_SAW_31395_31455_(u=1370.0, v=18.0, w=4.0) ➡️  SAW_ESB_31500_31560_(u=1430.0, v=19.0, w=4.0) ➡️  ESB_AYT_32535_32605_(u=1500.0, v=20.0, w=5.0) ➡️  AYT_ESB_32670_32735_(u=1565.0, v=21.0, w=5.0) ➡️  ESB_DIY_32800_32880_(u=1645.0, v=22.0, w=5.0) ➡️  DIY_ESB_32920_33005_(u=1730.0, v=23.0, w=5.0) ➡️  ESB_DIY_33690_33770_(u=1810.0, v=24.0, w=6.0) ➡️  DIY_ESB_33830_33915_(u=1895.0, v=25.0, w=6.0) ➡️  ESB_TZX_33975_34055_(u=1975.0, v=26.0, w=6.0) ➡️  TZX_SAW_34130_34240_(u=2085.0, v=27.0, w=6.0) ➡️  SAW_ESB_34280_34340_(u=2145.0, v=28.0, w=6.0) ➡️  ESB_AYT_34485_34555_(u=2215.0, v=29.0, w=6.0) ➡️  AYT_ESB_34980_35045_(u=2280.0, v=30.0, w=7.0) ➡️  ESB_ADB_35130_35210_(u=2360.0, v=31.0, w=7.0) ➡️  ADB_ESB_35250_35325_(u=2435.0, v=32.0, w=7.0) ➡️  ESB_AJI_35390_35485_(u=2530.0, v=33.0, w=7.0) ➡️  AJI_ESB_35530_35635_(u=2635.0, v=34.0, w=7.0) ➡️  ESB_ADA_35700_35765_(u=2700.0, v=35.0, w=7.0) ➡️  ADA_ESB_35800_35865_(u=2765.0, v=36.0, w=7.0) ➡️  ESB_TZX_35925_36005_(u=2845.0, v=37.0, w=7.0) ➡️  t_(u=0.0, v=0.0, w=0.0)


🛠️ Maintenance at node ESB_AYT_29370_29440 by aircraft N125 | ρ=0.0; λ=0.0; φ=2.0

🛠️ Maintenance at node SAW_ADB_27780_27840 by aircraft N121 | ρ=35.0; λ=0.0; φ=0.0

🛠️ Maintenance at node ESB_VAN_32370_32465 by aircraft N128 | ρ=0.0; λ=2.0; φ=2.0

🛠️ Maintenance at node ESB_MSR_32250_32340 by aircraft N127 | ρ=0.0; λ=1.0; φ=1.0

🛠️ Maintenance at node ESB_SAW_30780_30840 by aircraft N126 | ρ=0.0; λ=1.0; φ=1.0

🛠️ Maintenance at node ESB_VAN_30930_31025 by aircraft N124 | ρ=0.0; λ=0.0; φ=1.0

🛠️ Maintenance at node ESB_VAN_27910_28005 by aircraft N122 | ρ=0.0; λ=0.0; φ=1.0

🛠️ Maintenance at node SAW_ADB_29220_29280 by aircraft N123 | ρ=0.0; λ=0.0; φ=1.0
CSV Summary saved to: RESULTS/A_MTN_8/summary_667FL_20A_8_MILP.csv