INSTANCE 196FL_7A_6
PREPROCESSING : false
-----------------------INSTANCE 196FL_7A_6--------------------------
Gurobi 12.0.2 (linux64) logging started Mon Nov 24 10:37:09 2025

Set parameter LogFile to value "RESULTS/A_MTN_2/FH_FC_MEDIAN/result_196FL_7A_6_without_prep.txt"
Set parameter LogToConsole to value 0

Gurobi 12.0.2 (linux64) logging started Mon Nov 24 10:37:12 2025

Set parameter LogFile to value "RESULTS/A_MTN_2/FH_FC_MEDIAN/result_196FL_7A_6_without_prep.txt"
Gurobi Optimizer version 12.0.2 build v12.0.2rc0 (linux64 - "AlmaLinux 9.6 (Sage Margay)")

CPU model: Intel(R) Xeon(R) 6972P, instruction set [SSE2|AVX|AVX2|AVX512]
Thread count: 192 physical cores, 192 logical processors, using up to 8 threads

Non-default parameters:
TimeLimit  7200
LogToConsole  0
Threads  8

Optimize a model with 5950 rows, 1752 columns and 80975 nonzeros
Model fingerprint: 0xa6f9b6df
Variable types: 510 continuous, 1242 integer (1142 binary)
Coefficient statistics:
  Matrix range     [1e+00, 6e+03]
  Objective range  [1e+00, 2e+02]
  Bounds range     [1e+00, 6e+03]
  RHS range        [1e+00, 6e+03]
Presolve removed 1769 rows and 651 columns
Presolve time: 0.10s
Presolved: 4181 rows, 1101 columns, 25587 nonzeros
Variable types: 229 continuous, 872 integer (803 binary)

Root relaxation: objective 0.000000e+00, 629 iterations, 0.02 seconds (0.02 work units)

    Nodes    |    Current Node    |     Objective Bounds      |     Work
 Expl Unexpl |  Obj  Depth IntInf | Incumbent    BestBd   Gap | It/Node Time

     0     0    0.00000    0   12          -    0.00000      -     -    0s
H    0     0                    3955.0000000    0.00000   100%     -    0s
H    0     0                    3672.0000000    0.00000   100%     -    0s
H    0     0                    1396.0000000    0.00000   100%     -    0s
     0     0    0.00000    0   15 1396.00000    0.00000   100%     -    0s
H    0     0                    1342.0000000    0.00000   100%     -    0s
     0     0    0.00000    0    4 1342.00000    0.00000   100%     -    0s
     0     0    0.00000    0    4 1342.00000    0.00000   100%     -    0s
     0     0    0.00000    0    4 1342.00000    0.00000   100%     -    0s
     0     0    0.00000    0    4 1342.00000    0.00000   100%     -    0s
     0     2    0.00000    0    4 1342.00000    0.00000   100%     -    0s
H  202   230                    1329.0000000    0.00000   100%  37.8    0s
H  231   230                    1107.0000000    0.00000   100%  37.6    0s
H  533   586                    1050.0000000    0.00000   100%  41.2    1s
H  729   864                    1015.0000000    0.00000   100%  46.1    1s
H  775   864                    1005.0000000    0.00000   100%  47.4    1s
H  830   864                     984.0000000    0.00000   100%  47.6    1s
* 1825  1135              43     936.0000000    0.00000   100%  40.7    1s
H 2204  1292                     905.0000000    0.00000   100%  39.5    1s
H 2947  1214                     575.0000000    0.00000   100%  36.4    2s
H 2949  1201                     481.0000000    0.00000   100%  36.4    2s
H 2963  1197                     401.0000000    0.00000   100%  36.3    2s
H 3987  1377                     391.0000000    0.00000   100%  34.6    2s
H 4127  1319                     391.0000000    0.00000   100%  34.5    3s
H 4849  1447                     390.9999999    0.00000   100%  38.9    4s
  5829  1208 infeasible   40       391.00000    0.00000   100%  42.9    5s
H 5989  1092                     390.9999999    0.00000   100%  43.3    5s
* 6244  1088              54     354.0000000    0.00000   100%  43.8    5s
* 6260  1026              44     346.0000000    0.00000   100%  43.8    5s
* 6915   764              47     189.0000000    0.00000   100%  44.9    5s
*12787  1751              63     176.0000000    0.00000   100%  54.5    8s
 14652  2171    0.00000   29   21  176.00000    0.00000   100%  55.3   10s
*19410  1424              79     138.0000000    0.00000   100%  64.6   13s
H19904  1227                     101.0000000    0.00000   100%  65.7   13s
 22484  1607 infeasible   44       101.00000    0.00000   100%  69.6   15s
*23347  1677              68      93.0000000    0.00000   100%  70.9   15s
 29629  2332 infeasible   44        93.00000    0.00000   100%  80.1   20s
 38149  3074    0.00000   46   42   93.00000    0.00000   100%  87.0   25s
H38482  3074                      93.0000000    0.00000   100%  87.1   25s
 44304  3628 infeasible   50        93.00000    0.00000   100%  90.9   30s
 49989  2812    0.00000   66    9   93.00000    0.00000   100%  94.2   35s
 57615  2151 infeasible   65        93.00000    0.00000   100%  97.5   40s
 59759  2504 infeasible   66        93.00000    0.00000   100%  98.6   45s
 67059  3505 infeasible   65        93.00000    0.00000   100%   100   50s
H73679  3972                      93.0000000    0.00000   100%   102   54s
 73799  4423    0.00000   55   54   93.00000    0.00000   100%   103   57s
 82136  4748    0.00000   56    8   93.00000    0.00000   100%   105   60s
 87873  5101 infeasible   64        93.00000    0.00000   100%   106   65s
 95365  5695    0.00000   63   20   93.00000    0.00000   100%   108   70s
H97353  5818                      93.0000000    0.00000   100%   108   71s
H99074  6021                      93.0000000    0.00000   100%   108   73s
 101881  6235 infeasible   57        93.00000    0.00000   100%   109   75s
 106976  6435 infeasible   66        93.00000    0.00000   100%   111   80s
H109870  6544                      93.0000000    0.00000   100%   111   82s
H112313  6677                      92.9999999    0.00000   100%   111   83s
 113292  6772    0.00000   54   39   93.00000    0.00000   100%   112   85s
H113807  6772                      92.9999999    0.00000   100%   112   85s
 120209  7095    0.00000   58   36   93.00000    0.00000   100%   112   90s
H125498  7302                      92.9999999    0.00000   100%   113   93s
 127214  7422 infeasible   61        93.00000    0.00000   100%   114   95s
 134279  7773    0.00000   59   22   93.00000    0.00000   100%   115  100s
 140976  7870 infeasible   65        93.00000    0.00000   100%   115  105s
 148475  8179    0.00000   61   41   93.00000    0.00000   100%   115  110s
 155693  8447 infeasible   68        93.00000    0.00000   100%   116  115s
H160210  8650                      92.9999999    0.00000   100%   116  118s
 161711  8687    0.00000   66   12   93.00000    0.00000   100%   116  120s
 168662  8961    0.00000   55   47   93.00000    0.00000   100%   117  125s
H173099  9078                      92.9999999    0.00000   100%   117  127s
 175144  9117 infeasible   67        93.00000    0.00000   100%   117  130s
 182266  9108 infeasible   65        93.00000    0.00000   100%   118  135s
 187474  9251 infeasible   58        93.00000    0.00000   100%   118  140s
 194466  9380    0.00000   66   12   93.00000    0.00000   100%   118  145s
 202699  9901 infeasible   65        93.00000    0.00000   100%   119  150s
 207450 10283    0.00000   55   28   93.00000    0.00000   100%   119  160s
 221173 10909 infeasible   65        93.00000    0.00000   100%   119  165s
 228181 11565    0.00000   57   13   93.00000    0.00000   100%   119  170s
 235284 12255 infeasible   55        93.00000    0.00000   100%   120  175s
H239276 12427                      92.9999999    0.00000   100%   119  177s
 242578 12714 infeasible   65        93.00000    0.00000   100%   119  180s
H246270 12902                      92.9999999    0.00000   100%   119  182s
 249402 12973    0.00000   57   31   93.00000    0.00000   100%   119  185s
H252921 13109                      92.9999871    0.00000   100%   120  187s
 254883 13267 infeasible   57        92.99999    0.00000   100%   120  190s
 263933 13619    0.00000   63   24   92.99999    0.00000   100%   120  195s
 271136 13708 infeasible   57        92.99999    0.00000   100%   120  200s
 278511 13846    0.00000   66    6   92.99999    0.00000   100%   119  205s
 286226 14023 infeasible   76        92.99999    0.00000   100%   119  210s
 293972 14712 infeasible   77        92.99999    0.00000   100%   119  215s
 302141 15137 infeasible   67        92.99999    0.00000   100%   119  220s
 309410 15783 infeasible   76        92.99999    0.00000   100%   119  225s
 313592 16624 infeasible   66        92.99999    0.00000   100%   119  231s
 326095 17169   81.00000   73   22   92.99999    0.00000   100%   118  235s
 334103 18290    0.00000   57   14   92.99999    0.00000   100%   118  240s
 342516 19004 infeasible   75        92.99999    0.00000   100%   118  245s
 350423 19471    0.00000   63   29   92.99999    0.00000   100%   118  250s
 357135 19791 infeasible   68        92.99999    0.00000   100%   118  255s
 364138 20057 infeasible   54        92.99999    0.00000   100%   118  260s
 372408 20520    0.00000   53   36   92.99999    0.00000   100%   118  265s
 378834 20850    0.00000   62   27   92.99999    0.00000   100%   118  270s
 386465 20943 infeasible   57        92.99999    0.00000   100%   118  275s
 392717 21218    0.00000   67   13   92.99999    0.00000   100%   118  280s
 399689 21478    0.00000   67   26   92.99999    0.00000   100%   119  285s
 406762 21699    0.00000   65   28   92.99999    0.00000   100%   119  290s
 414128 21970 infeasible   64        92.99999    0.00000   100%   119  295s
 421279 22218    0.00000   62   20   92.99999    0.00000   100%   119  300s
 428521 22517 infeasible   57        92.99999    0.00000   100%   119  305s
 434011 22542 infeasible   55        92.99999    0.00000   100%   119  310s
 441693 22776    0.00000   56    8   92.99999    0.00000   100%   119  315s
 447751 22881 infeasible   56        92.99999    0.00000   100%   119  320s
 455256 23109    0.00000   76    8   92.99999    0.00000   100%   119  325s
 461222 23349    0.00000   49   26   92.99999    0.00000   100%   119  330s
 468164 23603    0.00000   55   29   92.99999    0.00000   100%   120  335s
 475824 23770 infeasible   66        92.99999    0.00000   100%   120  340s
 478393 24208 infeasible   62        92.99999    0.00000   100%   120  346s
H487549 24497                      92.9999871    0.00000   100%   119  348s
 489862 24648    0.00000   73   30   92.99999    0.00000   100%   119  350s
 496824 25312    0.00000   62   28   92.99999    0.00000   100%   119  355s
H501587 25722                      92.9999854    0.00000   100%   119  358s
 504195 25935    0.00000   64   46   92.99999    0.00000   100%   119  360s
 510649 26205    0.00000   62   21   92.99999    0.00000   100%   119  365s
 519241 26530 infeasible   65        92.99999    0.00000   100%   119  370s
 526750 26891    0.00000   60   35   92.99999    0.00000   100%   119  375s
 533623 27167 infeasible   66        92.99999    0.00000   100%   119  380s
H540350 27377                      92.9999854    0.00000   100%   119  384s
 540964 27415 infeasible   71        92.99999    0.00000   100%   119  385s
 548916 28038 infeasible   64        92.99999    0.00000   100%   119  390s
H551940 28420                      92.9999854    0.00000   100%   119  391s
 556122 28695    0.00000   73   27   92.99999    0.00000   100%   119  395s
 564733 29870    0.00000   55   18   92.99999    0.00000   100%   119  400s
 572311 30733 infeasible   76        92.99999    0.00000   100%   118  405s
 581029 31725   90.00000   67    9   92.99999    0.00000   100%   118  410s
 589469 32577    0.00000   57   10   92.99999    0.00000   100%   118  415s
 598936 33571   91.00000   81   30   92.99999    0.00000   100%   117  420s
 607218 34400 infeasible   75        92.99999    0.00000   100%   117  425s
 614487 34900    0.00000   60   32   92.99999    0.00000   100%   117  430s
 620920 35255 infeasible   66        92.99999    0.00000   100%   117  435s
H622920 35314                      92.9999854    0.00000   100%   117  436s
 628386 35590 infeasible   72        92.99999    0.00000   100%   117  440s
 635362 35874    0.00000   58   10   92.99999    0.00000   100%   117  445s
 641633 36381    0.00000   67   15   92.99999    0.00000   100%   117  450s
 648004 37018    0.00000   50   23   92.99999    0.00000   100%   117  455s
 655574 37409    0.00000   65   39   92.99999    0.00000   100%   117  460s
 661938 37702 infeasible   63        92.99999    0.00000   100%   117  465s
 667323 37963 infeasible   53        92.99999    0.00000   100%   118  470s
 671673 38161    0.00000   56   12   92.99999    0.00000   100%   118  475s
 680869 38542 infeasible   66        92.99999    0.00000   100%   118  480s
 687464 38864    0.00000   61   22   92.99999    0.00000   100%   118  485s
 694224 39081 infeasible   67        92.99999    0.00000   100%   118  490s
 701075 39297    0.00000   60   32   92.99999    0.00000   100%   118  495s
 708327 39642 infeasible   66        92.99999    0.00000   100%   118  500s
 714348 39931    0.00000   65   31   92.99999    0.00000   100%   118  505s
 720557 40075    0.00000   67   31   92.99999    0.00000   100%   118  510s
 726931 40403    0.00000   57    6   92.99999    0.00000   100%   118  515s
 732379 40627    0.00000   57   20   92.99999    0.00000   100%   118  522s
 740863 40813    0.00000   47    8   92.99999    0.00000   100%   118  525s
 747013 40965 infeasible   58        92.99999    0.00000   100%   118  530s
 753258 41188   80.00000   67   43   92.99999    0.00000   100%   118  535s
 760403 41547 infeasible   57        92.99999    0.00000   100%   118  540s
 766284 41600    0.00000   57   10   92.99999    0.00000   100%   119  545s
 772356 41722 infeasible   56        92.99999    0.00000   100%   119  550s
 778875 41699    0.00000   57   11   92.99999    0.00000   100%   119  555s
 785314 41796 infeasible   59        92.99999    0.00000   100%   119  560s
 791619 42055    0.00000   47   16   92.99999    0.00000   100%   119  565s
 797783 42469   80.00000   66   49   92.99999    0.00000   100%   119  570s
 804947 42924    0.00000   57   23   92.99999    0.00000   100%   119  575s
 811154 43432 infeasible   66        92.99999    0.00000   100%   119  580s
 817368 43795    0.00000   64   26   92.99999    0.00000   100%   119  585s
 824979 44202    0.00000   57   16   92.99999    0.00000   100%   119  590s
 832362 44471 infeasible   58        92.99999    0.00000   100%   119  595s
 838467 44668 infeasible   65        92.99999    0.00000   100%   119  600s
 845163 44739 infeasible   66        92.99999    0.00000   100%   119  605s
 852046 44817    0.00000   63   29   92.99999    0.00000   100%   119  610s
 859057 44809    0.00000   66   10   92.99999    0.00000   100%   119  615s
 866336 44859    0.00000   66    7   92.99999    0.00000   100%   119  620s
 872300 44750    0.00000   65   32   92.99999    0.00000   100%   119  625s
 879995 44734 infeasible   66        92.99999    0.00000   100%   119  630s
 886746 44908    0.00000   72   27   92.99999    0.00000   100%   119  635s
 893528 44913 infeasible   55        92.99999    0.00000   100%   119  640s
 900293 44823 infeasible   77        92.99999    0.00000   100%   119  645s
 906705 45006    0.00000   63   32   92.99999    0.00000   100%   119  650s
 913423 45197 infeasible   66        92.99999    0.00000   100%   120  655s
 920263 45381    0.00000   59   42   92.99999    0.00000   100%   119  660s
 928104 45524 infeasible   67        92.99999    0.00000   100%   120  665s
 933716 45558 infeasible   69        92.99999    0.00000   100%   119  670s
 941045 45745    0.00000   67   14   92.99999    0.00000   100%   120  675s
 947900 45825    0.00000   65   35   92.99999    0.00000   100%   120  680s
 953363 45776 infeasible   64        92.99999    0.00000   100%   120  685s
 960576 45855 infeasible   57        92.99999    0.00000   100%   120  690s
 967689 45994 infeasible   77        92.99999    0.00000   100%   120  695s
 974383 45877 infeasible   65        92.99999    0.00000   100%   120  700s
 981034 45927 infeasible   60        92.99999    0.00000   100%   120  705s
 988283 46056    0.00000   70   44   92.99999    0.00000   100%   120  710s
 993946 46055    0.00000   60   36   92.99999    0.00000   100%   120  715s
 1000577 46070    0.00000   58   38   92.99999    0.00000   100%   120  720s
 1006658 45943 infeasible   57        92.99999    0.00000   100%   120  725s
 1012922 46192    0.00000   77    9   92.99999    0.00000   100%   120  730s
 1020196 46560 infeasible   72        92.99999    0.00000   100%   120  735s
 1026079 46778 infeasible   66        92.99999    0.00000   100%   120  740s
 1033577 47000 infeasible   57        92.99999    0.00000   100%   120  745s
 1040040 47136    0.00000   67   13   92.99999    0.00000   100%   120  750s
 1046202 46983 infeasible   66        92.99999    0.00000   100%   120  755s
 1053000 46959    0.00000   58   32   92.99999    0.00000   100%   120  760s
 1059368 47114 infeasible   65        92.99999    0.00000   100%   120  765s
 1066204 47199 infeasible   67        92.99999    0.00000   100%   120  770s
 1073559 47454 infeasible   66        92.99999    0.00000   100%   120  775s
 1080060 47681 infeasible   67        92.99999    0.00000   100%   120  780s
 1087206 47916    0.00000   55   55   92.99999    0.00000   100%   120  785s
 1094601 48151 infeasible   63        92.99999    0.00000   100%   120  790s
 1101928 48337 infeasible   71        92.99999    0.00000   100%   120  795s
 1109964 48366 infeasible   67        92.99999    0.00000   100%   120  800s
 1117274 48241 infeasible   66        92.99999    0.00000   100%   120  805s
 1123506 48240 infeasible   67        92.99999    0.00000   100%   120  810s
 1131453 48164 infeasible   63        92.99999    0.00000   100%   120  815s
 1139114 48208    0.00000   68   35   92.99999    0.00000   100%   120  820s
 1145811 48300    0.00000   57   15   92.99999    0.00000   100%   120  825s
 1151737 48233 infeasible   68        92.99999    0.00000   100%   120  830s
 1159226 48211 infeasible   66        92.99999    0.00000   100%   120  835s
 1166901 48132 infeasible   65        92.99999    0.00000   100%   120  840s
 1173914 48140 infeasible   67        92.99999    0.00000   100%   120  845s
 1180609 48133    0.00000   66    7   92.99999    0.00000   100%   120  850s
 1187704 48058 infeasible   64        92.99999    0.00000   100%   120  855s
 1194962 48062 infeasible   64        92.99999    0.00000   100%   120  860s
 1201579 47912    0.00000   67   12   92.99999    0.00000   100%   120  865s
 1209446 48171 infeasible   67        92.99999    0.00000   100%   120  870s
 1217077 48342 infeasible   66        92.99999    0.00000   100%   120  875s
 1222964 48398 infeasible   68        92.99999    0.00000   100%   120  880s
 1229155 48492    0.00000   71   44   92.99999    0.00000   100%   120  885s
 1235564 48625 infeasible   65        92.99999    0.00000   100%   120  890s
 1242322 48737 infeasible   67        92.99999    0.00000   100%   120  895s
 1248442 48765 infeasible   65        92.99999    0.00000   100%   120  900s
 1254415 48709 infeasible   70        92.99999    0.00000   100%   120  905s
 1260993 48778    0.00000   74   34   92.99999    0.00000   100%   120  910s
 1266971 48781    0.00000   69   30   92.99999    0.00000   100%   121  915s
 1272886 48713 infeasible   65        92.99999    0.00000   100%   121  920s
 1279320 48693    0.00000   64   30   92.99999    0.00000   100%   121  925s
 1285062 48675    0.00000   68    5   92.99999    0.00000   100%   121  930s
 1292003 48671    0.00000   60   22   92.99999    0.00000   100%   121  935s
 1298007 48748 infeasible   62        92.99999    0.00000   100%   121  940s
 1305042 49133    0.00000   60   17   92.99999    0.00000   100%   121  945s
 1311373 49272    0.00000   66    8   92.99999    0.00000   100%   121  950s
 1318436 49514 infeasible   65        92.99999    0.00000   100%   121  955s
 1325763 49729    0.00000   68   15   92.99999    0.00000   100%   121  960s
 1332949 50225    0.00000   67    6   92.99999    0.00000   100%   121  965s
 1341695 50865    0.00000   67   13   92.99999    0.00000   100%   121  970s
 1348612 51455    0.00000   61   20   92.99999    0.00000   100%   121  975s
 1356794 51890 infeasible   71        92.99999    0.00000   100%   121  980s
 1363736 52298 infeasible   66        92.99999    0.00000   100%   121  985s
 1371407 52534 infeasible   67        92.99999    0.00000   100%   121  990s
 1378089 52884 infeasible   57        92.99999    0.00000   100%   121  995s
 1384667 53287 infeasible   77        92.99999    0.00000   100%   121 1000s
 1391722 53519    0.00000   57   40   92.99999    0.00000   100%   121 1005s
 1398470 53858    0.00000   67   15   92.99999    0.00000   100%   121 1010s
 1405256 54174    0.00000   57   10   92.99999    0.00000   100%   121 1015s
 1411985 54388 infeasible   58        92.99999    0.00000   100%   121 1020s
 1419259 54665    0.00000   62   50   92.99999    0.00000   100%   120 1025s
 1425987 54764    0.00000   60   28   92.99999    0.00000   100%   120 1030s
H1426179 54764                      92.9999854    0.00000   100%   121 1030s
 1432434 54874   80.00000   67    5   92.99999    0.00000   100%   121 1035s
 1439679 55024 infeasible   66        92.99999    0.00000   100%   121 1040s
 1444983 55107 infeasible   65        92.99999    0.00000   100%   121 1045s
 1450562 55344 infeasible   65        92.99999    0.00000   100%   121 1050s
 1457170 55735 infeasible   67        92.99999    0.00000   100%   121 1055s
 1463041 56088    0.00000   67   14   92.99999    0.00000   100%   121 1060s
 1469627 56231    0.00000   54   26   92.99999    0.00000   100%   121 1065s
 1475801 56415    0.00000   57   14   92.99999    0.00000   100%   121 1070s
 1482823 56405    0.00000   67   19   92.99999    0.00000   100%   121 1075s
 1489143 56354 infeasible   64        92.99999    0.00000   100%   121 1080s
 1496029 56560 infeasible   67        92.99999    0.00000   100%   121 1085s
 1502720 56468   90.00000   65   27   92.99999    0.00000   100%   121 1090s
 1509826 56577    0.00000   58   21   92.99999    0.00000   100%   121 1095s
 1516244 56651 infeasible   59        92.99999    0.00000   100%   121 1100s
 1523203 56870    0.00000   56    3   92.99999    0.00000   100%   121 1105s
 1530186 56946 infeasible   66        92.99999    0.00000   100%   121 1110s
 1536798 57010 infeasible   57        92.99999    0.00000   100%   121 1115s
 1543439 57109    0.00000   57   12   92.99999    0.00000   100%   121 1120s
 1550912 56961 infeasible   67        92.99999    0.00000   100%   121 1125s
 1556878 57058 infeasible   67        92.99999    0.00000   100%   121 1130s
 1563786 57118 infeasible   56        92.99999    0.00000   100%   121 1135s
 1570729 57144    0.00000   65   40   92.99999    0.00000   100%   121 1140s
 1576731 57215 infeasible   67        92.99999    0.00000   100%   121 1145s
 1583069 57211 infeasible   62        92.99999    0.00000   100%   121 1150s
 1589999 57471    0.00000   59   30   92.99999    0.00000   100%   121 1155s
 1597209 57788    0.00000   67   11   92.99999    0.00000   100%   121 1160s
 1603567 58014 infeasible   74        92.99999    0.00000   100%   121 1165s
 1610945 58285 infeasible   63        92.99999    0.00000   100%   121 1170s
 1617289 58297 infeasible   66        92.99999    0.00000   100%   121 1175s
 1624311 58404 infeasible   67        92.99999    0.00000   100%   121 1180s
 1630835 58616    0.00000   64   35   92.99999    0.00000   100%   121 1185s
 1637503 58721 infeasible   66        92.99999    0.00000   100%   121 1190s
 1642975 58817    0.00000   67   17   92.99999    0.00000   100%   121 1195s
 1650331 58834 infeasible   68        92.99999    0.00000   100%   121 1200s
 1655776 58706    0.00000   54   32   92.99999    0.00000   100%   121 1205s
 1663419 58841 infeasible   77        92.99999    0.00000   100%   121 1210s
 1670136 58861 infeasible   67        92.99999    0.00000   100%   121 1215s
 1676847 59134    0.00000   66    4   92.99999    0.00000   100%   121 1220s
 1683718 59408    0.00000   60   18   92.99999    0.00000   100%   121 1225s
 1691490 59845 infeasible   65        92.99999    0.00000   100%   121 1230s
 1699311 60528 infeasible   70        92.99999    0.00000   100%   121 1235s
 1705976 61125 infeasible   66        92.99999    0.00000   100%   121 1240s
H1707693 61217                      92.9999854    0.00000   100%   121 1241s
 1712138 61566 infeasible   67        92.99999    0.00000   100%   121 1245s
 1719756 61934    0.00000   65   31   92.99999    0.00000   100%   121 1250s
 1725899 62095    0.00000   58   12   92.99999    0.00000   100%   121 1255s
 1732810 62185 infeasible   65        92.99999    0.00000   100%   121 1260s
 1738844 62433    0.00000   56    4   92.99999    0.00000   100%   121 1265s
 1746672 62799    0.00000   65   48   92.99999    0.00000   100%   121 1270s
 1752513 63005    0.00000   64   39   92.99999    0.00000   100%   121 1275s
H1757018 63162                      92.9999854    0.00000   100%   121 1277s
 1759595 63198    0.00000   57   14   92.99999    0.00000   100%   121 1280s
 1766204 63283 infeasible   55        92.99999    0.00000   100%   121 1285s
 1770652 63348    0.00000   57   34   92.99999    0.00000   100%   121 1290s
 1779793 63550    0.00000   60   21   92.99999    0.00000   100%   121 1295s
 1785784 63686    0.00000   54   21   92.99999    0.00000   100%   121 1300s
 1793716 63833 infeasible   63        92.99999    0.00000   100%   121 1305s
 1800491 63965 infeasible   67        92.99999    0.00000   100%   121 1310s
 1808348 64129 infeasible   65        92.99999    0.00000   100%   121 1315s
 1816211 64195    0.00000   57   16   92.99999    0.00000   100%   121 1320s
 1822439 64228    0.00000   57    9   92.99999    0.00000   100%   121 1325s
 1829146 64317    0.00000   57   10   92.99999    0.00000   100%   121 1330s
 1836166 64312    0.00000   65   34   92.99999    0.00000   100%   121 1335s
 1842448 64402 infeasible   59        92.99999    0.00000   100%   121 1340s
 1849916 64504    0.00000   57   20   92.99999    0.00000   100%   121 1345s
 1856558 64490    0.00000   57   18   92.99999    0.00000   100%   121 1350s
 1863148 64409 infeasible   58        92.99999    0.00000   100%   121 1355s
 1869807 64459    0.00000   75   27   92.99999    0.00000   100%   121 1360s
 1876552 64597 infeasible   75        92.99999    0.00000   100%   121 1365s
 1884031 64807    0.00000   62   33   92.99999    0.00000   100%   121 1370s
 1889375 65204    0.00000   53   29   92.99999    0.00000   100%   121 1375s
 1897680 65890 infeasible   56        92.99999    0.00000   100%   121 1380s
 1904846 66820 infeasible   65        92.99999    0.00000   100%   121 1385s
 1912912 67639 infeasible   69        92.99999    0.00000   100%   121 1390s
 1919970 68102 infeasible   63        92.99999    0.00000   100%   121 1395s
 1925774 68444    0.00000   71   39   92.99999    0.00000   100%   121 1400s
 1932482 68674    0.00000   56    5   92.99999    0.00000   100%   121 1405s
 1940478 69001    0.00000   56    8   92.99999    0.00000   100%   121 1410s
 1947456 69445 infeasible   50        92.99999    0.00000   100%   121 1415s
 1952067 70189 infeasible   62        92.99999    0.00000   100%   121 1424s
 1960820 70430    0.00000   66    9   92.99999    0.00000   100%   121 1425s
 1966677 71135    0.00000   66   16   92.99999    0.00000   100%   121 1430s
 1974832 72051 infeasible   66        92.99999    0.00000   100%   121 1435s
 1982287 72843    0.00000   58    9   92.99999    0.00000   100%   121 1440s
 1988498 73181 infeasible   72        92.99999    0.00000   100%   121 1445s
 1995519 73448 infeasible   66        92.99999    0.00000   100%   121 1450s
 2001929 73551   90.00000   66   36   92.99999    0.00000   100%   121 1455s
 2008515 73806 infeasible   67        92.99999    0.00000   100%   121 1460s
H2012401 74038                      92.9999854    0.00000   100%   121 1463s
 2014565 74227 infeasible   60        92.99999    0.00000   100%   121 1465s
 2022463 75065 infeasible   67        92.99999    0.00000   100%   121 1470s
H2023908 75154                      92.9999853    0.00000   100%   121 1470s
 2029937 75764 infeasible   57        92.99999    0.00000   100%   121 1475s
 2036434 76255    0.00000   65   25   92.99999    0.00000   100%   121 1480s
 2043755 76542    0.00000   66    4   92.99999    0.00000   100%   121 1485s
 2050229 76848    0.00000   54   33   92.99999    0.00000   100%   121 1490s
 2057784 77209    0.00000   53   39   92.99999    0.00000   100%   121 1495s
 2063899 77461 infeasible   66        92.99999    0.00000   100%   121 1500s
 2070216 77591    0.00000   57   52   92.99999    0.00000   100%   121 1505s
 2075292 77762    0.00000   56    5   92.99999    0.00000   100%   121 1510s
 2081808 78245 infeasible   65        92.99999    0.00000   100%   121 1515s
 2091722 80202 infeasible   53        92.99999    0.00000   100%   121 1520s
 2099471 81891    0.00000   69   35   92.99999    0.00000   100%   121 1525s
 2106375 82720    0.00000   67   17   92.99999    0.00000   100%   121 1530s
 2112534 83142 infeasible   66        92.99999    0.00000   100%   121 1535s
 2120515 83896    0.00000   60   26   92.99999    0.00000   100%   121 1540s
 2126979 84402 infeasible   64        92.99999    0.00000   100%   121 1545s
 2131138 85032 infeasible   64        92.99999    0.00000   100%   121 1553s
 2141046 85547    0.00000   62   39   92.99999    0.00000   100%   121 1555s
 2148856 86846 infeasible   79        92.99999    0.00000   100%   121 1560s
 2157292 88219 infeasible   57        92.99999    0.00000   100%   121 1565s
 2166268 90044    0.00000   58   24   92.99999    0.00000   100%   121 1570s
 2175288 91787   80.00000   79   22   92.99999    0.00000   100%   121 1575s
 2186448 94123    0.00000   57   12   92.99999    0.00000   100%   120 1580s
 2194342 95610 infeasible   63        92.99999    0.00000   100%   120 1585s
 2202948 96608 infeasible   56        92.99999    0.00000   100%   120 1590s
 2211571 97564 infeasible   66        92.99999    0.00000   100%   120 1595s
 2219832 98289 infeasible   64        92.99999    0.00000   100%   120 1600s
 2220563 98657    0.00000   56    9   92.99999    0.00000   100%   120 1605s
H2231160 98865                      92.9999719    0.00000   100%   120 1608s
 2231496 98869    0.00000   64   32   92.99997    0.00000   100%   120 1610s
 2238377 99265 infeasible   66        92.99997    0.00000   100%   120 1615s
 2245471 99799    0.00000   61   12   92.99997    0.00000   100%   120 1620s
 2251067 99957 infeasible   59        92.99997    0.00000   100%   120 1625s
 2257537 100163 infeasible   67        92.99997    0.00000   100%   120 1630s
 2263640 100457 infeasible   62        92.99997    0.00000   100%   120 1635s
 2270241 100897    0.00000   61   40   92.99997    0.00000   100%   120 1640s
 2276345 101497    0.00000   75   28   92.99997    0.00000   100%   120 1645s
 2283356 102204    0.00000   53   43   92.99997    0.00000   100%   120 1650s
 2289686 102708    0.00000   66    5   92.99997    0.00000   100%   120 1655s
 2296555 103103 infeasible   75        92.99997    0.00000   100%   120 1660s
 2302897 103549    0.00000   57    5   92.99997    0.00000   100%   120 1665s
 2309829 104026    0.00000   62   29   92.99997    0.00000   100%   120 1670s
 2316838 104482 infeasible   67        92.99997    0.00000   100%   120 1675s
 2323803 104883   90.00000   69   30   92.99997    0.00000   100%   120 1680s
 2329538 105127 infeasible   67        92.99997    0.00000   100%   120 1685s
 2336286 105435 infeasible   64        92.99997    0.00000   100%   121 1690s
 2342591 105775 infeasible   67        92.99997    0.00000   100%   121 1695s
 2348372 105968 infeasible   65        92.99997    0.00000   100%   121 1700s
 2355736 106232    0.00000   67   10   92.99997    0.00000   100%   121 1705s
 2362003 106556    0.00000   57   37   92.99997    0.00000   100%   121 1710s
 2368172 107109    0.00000   62   24   92.99997    0.00000   100%   121 1715s
 2375896 107665 infeasible   66        92.99997    0.00000   100%   121 1720s
 2383551 108325    0.00000   57   16   92.99997    0.00000   100%   121 1725s
 2391186 108902   80.00000   62   36   92.99997    0.00000   100%   120 1730s
 2399945 109918   90.00000   72   20   92.99997    0.00000   100%   120 1735s
H2401332 109922                      92.9999719    0.00000   100%   120 1736s
 2407148 110698 infeasible   66        92.99997    0.00000   100%   120 1740s
 2414029 111659 infeasible   66        92.99997    0.00000   100%   120 1745s
 2420958 111997    0.00000   56    4   92.99997    0.00000   100%   120 1750s
 2428333 112378   80.00000   68   20   92.99997    0.00000   100%   120 1755s
 2434654 112454    0.00000   56    5   92.99997    0.00000   100%   120 1760s
 2440264 112564 infeasible   65        92.99997    0.00000   100%   120 1765s
 2445889 112631 infeasible   67        92.99997    0.00000   100%   120 1770s
 2452427 112834    0.00000   67   14   92.99997    0.00000   100%   120 1775s
 2458648 113162    0.00000   65   25   92.99997    0.00000   100%   120 1780s
 2465074 113568    0.00000   63   44   92.99997    0.00000   100%   120 1785s
 2471215 114145 infeasible   67        92.99997    0.00000   100%   120 1790s
 2477799 114446 infeasible   66        92.99997    0.00000   100%   121 1795s
 2485612 115055 infeasible   68        92.99997    0.00000   100%   120 1800s
 2488336 115974 infeasible   64        92.99997    0.00000   100%   120 1805s
 2501360 117008 infeasible   67        92.99997    0.00000   100%   120 1810s
 2508320 117631    0.00000   64   24   92.99997    0.00000   100%   120 1815s
 2516557 118035    0.00000   56    7   92.99997    0.00000   100%   120 1820s
 2523505 118557    0.00000   64   26   92.99997    0.00000   100%   120 1825s
 2530520 119156 infeasible   75        92.99997    0.00000   100%   120 1830s
 2537586 119548 infeasible   67        92.99997    0.00000   100%   120 1835s
 2545114 120020    0.00000   61   18   92.99997    0.00000   100%   120 1840s
 2550968 120555    0.00000   68    9   92.99997    0.00000   100%   120 1845s
 2557264 120764 infeasible   57        92.99997    0.00000   100%   120 1850s
 2564038 121192 infeasible   62        92.99997    0.00000   100%   120 1855s
 2571097 121620    0.00000   57   18   92.99997    0.00000   100%   120 1860s
 2577398 122042 infeasible   66        92.99997    0.00000   100%   120 1865s
H2578786 122094                      92.9999719    0.00000   100%   120 1865s
 2583574 122214 infeasible   57        92.99997    0.00000   100%   120 1870s
H2589676 122587                      92.9999718    0.00000   100%   120 1874s
 2590254 122595    0.00000   65   28   92.99997    0.00000   100%   120 1875s
 2597195 122890 infeasible   59        92.99997    0.00000   100%   120 1880s
 2603810 123170 infeasible   64        92.99997    0.00000   100%   120 1885s
 2609823 123465    0.00000   58   20   92.99997    0.00000   100%   120 1890s
 2617187 123756 infeasible   56        92.99997    0.00000   100%   120 1895s
 2623184 123950    0.00000   67   12   92.99997    0.00000   100%   120 1900s
 2629878 124178    0.00000   54   33   92.99997    0.00000   100%   120 1905s
H2633861 124368                      92.9999718    0.00000   100%   120 1907s
 2637190 124495    0.00000   57   11   92.99997    0.00000   100%   120 1910s
 2644732 125151    0.00000   57   10   92.99997    0.00000   100%   120 1915s
 2650816 125577 infeasible   57        92.99997    0.00000   100%   120 1920s
 2657992 125890    0.00000   59   19   92.99997    0.00000   100%   120 1925s
 2664469 125905 infeasible   65        92.99997    0.00000   100%   120 1930s
 2670192 126001 infeasible   66        92.99997    0.00000   100%   120 1935s
 2677675 126313 infeasible   65        92.99997    0.00000   100%   120 1940s
 2685037 126288 infeasible   67        92.99997    0.00000   100%   120 1945s
 2691548 126499    0.00000   60   41   92.99997    0.00000   100%   120 1950s
 2697935 126684 infeasible   57        92.99997    0.00000   100%   120 1955s
 2705736 126936 infeasible   56        92.99997    0.00000   100%   120 1960s
 2713044 127039 infeasible   58        92.99997    0.00000   100%   120 1965s
 2718401 127171    0.00000   67   26   92.99997    0.00000   100%   120 1970s
 2725459 127476 infeasible   74        92.99997    0.00000   100%   120 1978s
 2733665 127719    0.00000   65   44   92.99997    0.00000   100%   120 1980s
 2739512 128147    0.00000   57    4   92.99997    0.00000   100%   120 1985s
 2746051 128680 infeasible   64        92.99997    0.00000   100%   120 1990s
 2751768 129220 infeasible   56        92.99997    0.00000   100%   120 1995s
 2758297 129997 infeasible   55        92.99997    0.00000   100%   120 2000s
 2765543 130880    0.00000   54   35   92.99997    0.00000   100%   120 2005s
 2770505 131430    0.00000   56    3   92.99997    0.00000   100%   120 2010s
 2778917 132177 infeasible   67        92.99997    0.00000   100%   120 2015s
 2785084 132676 infeasible   58        92.99997    0.00000   100%   120 2020s
 2790937 133086    0.00000   57   14   92.99997    0.00000   100%   120 2025s
 2796676 133154    0.00000   59   21   92.99997    0.00000   100%   121 2030s
 2803336 133589    0.00000   66   11   92.99997    0.00000   100%   121 2035s
 2809724 133986 infeasible   66        92.99997    0.00000   100%   121 2040s
 2815630 134403    0.00000   50   23   92.99997    0.00000   100%   121 2045s
 2822298 134697 infeasible   80        92.99997    0.00000   100%   121 2050s
H2827132 134952                      92.9999718    0.00000   100%   121 2053s
 2828778 135083    0.00000   67   11   92.99997    0.00000   100%   121 2055s
H2828802 135083                      92.9999718    0.00000   100%   121 2055s
 2835464 135600 infeasible   58        92.99997    0.00000   100%   121 2060s
 2842684 136063    0.00000   64   34   92.99997    0.00000   100%   121 2065s
 2850285 136504    0.00000   66    6   92.99997    0.00000   100%   121 2070s
 2856967 137021    8.00000   68   29   92.99997    0.00000   100%   121 2075s
 2864737 137837   91.00000   73   22   92.99997    0.00000   100%   121 2080s
 2891418 135647   26.00000   67   16   92.99997   26.00000  72.0%   120 2085s
 2921083 135428 infeasible   70        92.99997   80.00000  14.0%   119 2090s
 2945172 136016   80.00000   75   27   92.99997   80.00000  14.0%   118 2095s
 2969485 136198 infeasible   73        92.99997   80.00000  14.0%   118 2100s
 2996716 136589   80.00000   86   14   92.99997   80.00000  14.0%   117 2105s
 3026478 136642 infeasible   77        92.99997   80.00000  14.0%   116 2110s
 3054113 137987   81.00000   77   23   92.99997   80.00000  14.0%   116 2115s
 3080765 139467   80.00000   74   20   92.99997   80.00000  14.0%   115 2120s
 3110385 140571   80.00000   74   40   92.99997   80.00000  14.0%   114 2125s
 3139088 142363 infeasible   81        92.99997   80.00000  14.0%   113 2130s
 3164952 143055 infeasible   72        92.99997   80.00000  14.0%   113 2135s
 3192295 143180 infeasible   71        92.99997   80.00000  14.0%   112 2140s
 3223911 143272   80.00000   79   34   92.99997   80.00000  14.0%   111 2145s
 3253846 144051   80.00000   76   30   92.99997   80.00000  14.0%   111 2150s
 3281053 144756   80.00000   72   34   92.99997   80.00000  14.0%   110 2155s
 3305650 145294   80.00000   81   25   92.99997   80.00000  14.0%   110 2160s
 3342168 147375   80.00000   79   26   92.99997   80.00000  14.0%   109 2165s
 3392682 149228 infeasible   79        92.99997   80.00000  14.0%   108 2170s
 3431927 151586 infeasible   89        92.99997   80.00000  14.0%   107 2175s
 3466060 154195   90.00000   58   20   92.99997   80.00000  14.0%   106 2180s
 3496431 155604   80.00000   87   24   92.99997   80.00000  14.0%   105 2185s
 3526477 157306   80.00000   66   32   92.99997   80.00000  14.0%   105 2190s
 3554870 158579   80.00000   80   16   92.99997   80.00000  14.0%   104 2195s
 3588175 159384 infeasible   75        92.99997   80.00000  14.0%   103 2200s
 3617865 160716 infeasible   88        92.99997   80.00000  14.0%   103 2205s
 3653847 161973   80.00000   82   32   92.99997   80.00000  14.0%   102 2210s
 3689120 163501   80.00000   83   27   92.99997   80.00000  14.0%   101 2215s
 3722629 163611   80.00000   82   13   92.99997   80.00000  14.0%   101 2220s
 3747445 163645   80.00000   85   24   92.99997   80.00000  14.0%   100 2225s
 3776306 164280   80.00000   83   23   92.99997   80.00000  14.0%   100 2230s
 3807774 164421   80.00000   74   32   92.99997   80.00000  14.0%  99.4 2235s
 3839231 164544 infeasible   87        92.99997   80.00000  14.0%  98.8 2240s
 3867972 164716   80.00000   58   27   92.99997   80.00000  14.0%  98.3 2245s
 3899738 165249 infeasible   81        92.99997   80.00000  14.0%  97.8 2250s
 3930608 165280   80.00000   82   27   92.99997   80.00000  14.0%  97.3 2255s
 3960200 165303   80.00000   91   27   92.99997   80.00000  14.0%  96.8 2260s
 3989217 165633   80.00000   73   28   92.99997   80.00000  14.0%  96.3 2265s
 4018968 166058   80.00000   64   36   92.99997   80.00000  14.0%  95.9 2270s
 4050900 166562 infeasible   82        92.99997   80.00000  14.0%  95.4 2275s
 4082530 166428 infeasible   84        92.99997   80.00000  14.0%  94.9 2280s
 4114730 168505 infeasible   80        92.99997   80.00000  14.0%  94.4 2285s
 4148085 169365   80.00000   67   16   92.99997   80.00000  14.0%  93.9 2290s
 4183166 169724     cutoff   77        92.99997   80.00000  14.0%  93.4 2295s
 4212981 171005   80.00000   81   31   92.99997   80.00000  14.0%  93.0 2300s
 4239678 172237   80.00000   85   13   92.99997   80.00000  14.0%  92.7 2305s
 4273913 172772 infeasible   67        92.99997   80.00000  14.0%  92.2 2310s
 4309142 173576   80.00000   77   20   92.99997   80.00000  14.0%  91.7 2315s
 4356623 173974   80.00000   87   22   92.99997   80.00000  14.0%  90.9 2320s
 4391138 174736   80.00000   71   20   92.99997   80.00000  14.0%  90.4 2325s
 4424379 176280   80.00000   98   11   92.99997   80.00000  14.0%  90.0 2330s
 4455255 176731 infeasible   94        92.99997   80.00000  14.0%  89.6 2335s
 4488824 177044   80.00000   84   24   92.99997   80.00000  14.0%  89.2 2340s
 4523639 176839   80.00000   72   18   92.99997   80.00000  14.0%  88.7 2345s
 4552159 176863   80.00000   86   30   92.99997   80.00000  14.0%  88.4 2350s
H4552500 176863                      92.9999718   80.00000  14.0%  88.4 2350s
 4581872 177128 infeasible   91        92.99997   80.00000  14.0%  88.0 2355s
 4612937 177633   80.00000   71   24   92.99997   80.00000  14.0%  87.6 2360s
 4640908 178029 infeasible   75        92.99997   80.00000  14.0%  87.3 2365s
 4668114 178543   80.00000   77   29   92.99997   80.00000  14.0%  87.1 2370s
 4699156 179491 infeasible   76        92.99997   80.00000  14.0%  86.7 2375s
 4731357 180040   80.00000   92   28   92.99997   80.00000  14.0%  86.3 2380s
 4758114 180668   80.00000   79   28   92.99997   80.00000  14.0%  86.1 2385s
 4783787 181319   80.00000   82   31   92.99997   80.00000  14.0%  85.8 2390s
 4811861 182303 infeasible   82        92.99997   80.00000  14.0%  85.5 2395s
 4839996 183406   80.00000   88   26   92.99997   80.00000  14.0%  85.3 2400s
 4867453 183753   80.00000   66   25   92.99997   80.00000  14.0%  85.0 2405s
 4895495 185021 infeasible   78        92.99997   80.00000  14.0%  84.7 2410s
 4924075 186128   80.00000   87   26   92.99997   80.00000  14.0%  84.5 2415s
 4954458 187237 infeasible   85        92.99997   80.00000  14.0%  84.2 2420s
 4991749 188657 infeasible   86        92.99997   80.00000  14.0%  83.8 2425s
 5026108 189562   80.00000   80   24   92.99997   80.00000  14.0%  83.4 2430s
 5060380 190804     cutoff   85        92.99997   80.00000  14.0%  83.1 2435s
 5093986 192354   80.00000   59   28   92.99997   80.00000  14.0%  82.8 2440s
 5130340 194763 infeasible   79        92.99997   80.00000  14.0%  82.4 2445s
 5167059 196582   80.00000   71   25   92.99997   80.00000  14.0%  82.1 2450s
 5202978 198275 infeasible   86        92.99997   80.00000  14.0%  81.7 2455s
 5239318 199991 infeasible   75        92.99997   80.00000  14.0%  81.4 2460s
 5276031 201286   80.00000   78   14   92.99997   80.00000  14.0%  81.0 2465s
 5310076 201883   80.00000   77   20   92.99997   80.00000  14.0%  80.7 2470s
 5345003 201833 infeasible   77        92.99997   80.00000  14.0%  80.4 2475s
 5379734 201492   80.00000   79   22   92.99997   80.00000  14.0%  80.1 2480s
 5411622 202811 infeasible   82        92.99997   80.00000  14.0%  79.8 2485s
 5442478 206205 infeasible   79        92.99997   80.00000  14.0%  79.6 2490s
 5471980 208743   80.00000   80   23   92.99997   80.00000  14.0%  79.3 2495s
 5497012 211482   80.00000   89   37   92.99997   80.00000  14.0%  79.2 2500s
 5518943 214651 infeasible   89        92.99997   80.00000  14.0%  79.1 2505s
 5543437 217536   80.00000   83   23   92.99997   80.00000  14.0%  78.9 2510s
 5570662 220291 infeasible   95        92.99997   80.00000  14.0%  78.8 2515s
 5611092 221424   80.00000   80   17   92.99997   80.00000  14.0%  78.4 2520s
 5649031 222684 infeasible   80        92.99997   80.00000  14.0%  78.1 2525s
 5688521 223605   80.00000   86   31   92.99997   80.00000  14.0%  77.7 2530s
 5732982 224201   80.00000   75   20   92.99997   80.00000  14.0%  77.3 2535s
 5776047 224653   80.00000   79   20   92.99997   80.00000  14.0%  76.9 2540s
 5806893 224994 infeasible   66        92.99997   80.00000  14.0%  76.7 2545s
H5834237 225926                      92.9999688   80.00000  14.0%  76.5 2549s
 5836140 226082   80.00000   80   38   92.99997   80.00000  14.0%  76.5 2550s
 5874215 226721   80.00000   82   26   92.99997   80.00000  14.0%  76.2 2555s
 5911945 226986   80.00000   79   34   92.99997   80.00000  14.0%  75.9 2560s
 5949562 227321   80.00000   75   37   92.99997   80.00000  14.0%  75.7 2565s
 5988139 227808 infeasible   89        92.99997   80.00000  14.0%  75.4 2570s
 6023864 228822   80.00000   79   21   92.99997   80.00000  14.0%  75.1 2575s
 6065141 229653   80.00000   82   27   92.99997   80.00000  14.0%  74.8 2580s
 6104915 230757 infeasible   91        92.99997   80.00000  14.0%  74.5 2585s
H6125774 231257                      92.9999688   80.00000  14.0%  74.4 2587s
 6142218 231417   80.00000   84   29   92.99997   80.00000  14.0%  74.2 2590s
 6183570 232204   80.00000   81   29   92.99997   80.00000  14.0%  73.9 2595s
 6220294 232764 infeasible   73        92.99997   80.00000  14.0%  73.7 2600s
 6256022 233534 infeasible   87        92.99997   80.00000  14.0%  73.5 2605s
 6292216 233705   80.00000   80   20   92.99997   80.00000  14.0%  73.2 2610s
 6327828 234281   80.00000   82   26   92.99997   80.00000  14.0%  73.0 2615s
 6363811 234618   80.00000   73   41   92.99997   80.00000  14.0%  72.8 2620s
 6396449 235094 infeasible   84        92.99997   80.00000  14.0%  72.6 2625s
 6431058 235289 infeasible   71        92.99997   80.00000  14.0%  72.4 2630s
 6466280 235607 infeasible   79        92.99997   80.00000  14.0%  72.2 2635s
 6500945 236049   80.00000   91   11   92.99997   80.00000  14.0%  72.0 2640s
 6534658 237186   80.00000   80   21   92.99997   80.00000  14.0%  71.8 2645s
 6566152 237419 infeasible   84        92.99997   80.00000  14.0%  71.6 2650s
 6593671 237277   80.00000   79   30   92.99997   80.00000  14.0%  71.5 2655s
 6619188 237598 infeasible   78        92.99997   80.00000  14.0%  71.4 2660s
 6646619 238032 infeasible   80        92.99997   80.00000  14.0%  71.2 2665s
 6674845 238039 infeasible   83        92.99997   80.00000  14.0%  71.1 2670s
 6701644 238036   80.00000   83   19   92.99997   80.00000  14.0%  71.0 2675s
 6730871 238653 infeasible   80        92.99997   80.00000  14.0%  70.8 2680s
 6759929 239943   80.00000   77   14   92.99997   80.00000  14.0%  70.7 2685s
 6788984 242362 infeasible   81        92.99997   80.00000  14.0%  70.6 2690s
 6816684 243849 infeasible   78        92.99997   80.00000  14.0%  70.4 2695s
 6847126 244457 infeasible   74        92.99997   80.00000  14.0%  70.3 2700s
 6879842 245679 infeasible   86        92.99997   80.00000  14.0%  70.1 2705s
 6913107 245818   80.00000   81   22   92.99997   80.00000  14.0%  69.9 2710s
 6940593 246299 infeasible   75        92.99997   80.00000  14.0%  69.8 2715s
 6967847 246893   80.00000   84   24   92.99997   80.00000  14.0%  69.7 2720s
H6997265 247600                      92.9999688   80.00000  14.0%  69.6 2724s
 6998320 247647 infeasible   80        92.99997   80.00000  14.0%  69.6 2725s
 7026922 248163 infeasible   78        92.99997   80.00000  14.0%  69.4 2730s
 7058269 248900 infeasible   83        92.99997   80.00000  14.0%  69.3 2735s
 7092305 249274 infeasible   84        92.99997   80.00000  14.0%  69.1 2740s
 7126655 249693 infeasible   78        92.99997   80.00000  14.0%  68.9 2745s
 7160451 249706   80.00000   76   27   92.99997   80.00000  14.0%  68.7 2750s
 7192944 250062   80.00000   79   30   92.99997   80.00000  14.0%  68.5 2755s
 7226274 250365   80.00000   69   31   92.99997   80.00000  14.0%  68.4 2760s
 7259403 250791   80.00000   80   39   92.99997   80.00000  14.0%  68.2 2765s
 7292931 251218   80.00000   85   26   92.99997   80.00000  14.0%  68.0 2770s
 7323755 251814   80.00000   72   32   92.99997   80.00000  14.0%  67.9 2775s
 7359216 253517   80.00000   94   28   92.99997   80.00000  14.0%  67.7 2780s
 7392637 254108   80.00000   82   13   92.99997   80.00000  14.0%  67.6 2785s
 7419796 255502 infeasible   84        92.99997   80.00000  14.0%  67.5 2790s
 7449594 255779   80.00000   85   34   92.99997   80.00000  14.0%  67.4 2795s
 7479857 256288   80.00000   85   29   92.99997   80.00000  14.0%  67.2 2800s
 7506793 256672   80.00000   97   14   92.99997   80.00000  14.0%  67.2 2805s
 7536004 257171   80.00000   84   34   92.99997   80.00000  14.0%  67.1 2810s
 7565033 257289 infeasible   90        92.99997   80.00000  14.0%  67.0 2815s
 7593588 257617   80.00000   83   28   92.99997   80.00000  14.0%  66.9 2820s
 7621090 257993 infeasible   91        92.99997   80.00000  14.0%  66.8 2825s
 7647439 258192 infeasible   89        92.99997   80.00000  14.0%  66.7 2830s
 7675625 258461 infeasible   78        92.99997   80.00000  14.0%  66.6 2835s
 7701215 258859   80.00000   74   32   92.99997   80.00000  14.0%  66.6 2840s
 7730109 259107   80.00000   86   29   92.99997   80.00000  14.0%  66.5 2845s
 7759439 259601 infeasible   89        92.99997   80.00000  14.0%  66.4 2850s
 7790304 260063   80.00000   87   22   92.99997   80.00000  14.0%  66.2 2855s
 7823286 260687   80.00000   81   39   92.99997   80.00000  14.0%  66.1 2860s
 7850556 261872 infeasible   83        92.99997   80.00000  14.0%  66.0 2865s
 7877732 262308   80.00000   85   31   92.99997   80.00000  14.0%  65.9 2870s
 7907324 262226   80.00000   82   31   92.99997   80.00000  14.0%  65.9 2875s
 7934790 262427   80.00000   87   24   92.99997   80.00000  14.0%  65.8 2880s
 7962789 263127   80.00000   83   32   92.99997   80.00000  14.0%  65.7 2885s
 7990334 264072 infeasible   77        92.99997   80.00000  14.0%  65.6 2890s
 8018377 264772 infeasible   77        92.99997   80.00000  14.0%  65.5 2895s
 8046401 265694 infeasible   90        92.99997   80.00000  14.0%  65.4 2900s
 8074402 266661   80.00000   78   28   92.99997   80.00000  14.0%  65.4 2905s
 8103883 267074 infeasible   74        92.99997   80.00000  14.0%  65.3 2910s
 8137164 268711   80.00000   75   17   92.99997   80.00000  14.0%  65.1 2915s
 8172427 269696 infeasible   83        92.99997   80.00000  14.0%  65.0 2920s
 8206782 270150 infeasible   85        92.99997   80.00000  14.0%  64.9 2925s
 8236999 270224   80.00000   71   26   92.99997   80.00000  14.0%  64.8 2930s
 8264844 271351 infeasible   91        92.99997   80.00000  14.0%  64.7 2935s
 8292891 272479 infeasible   83        92.99997   80.00000  14.0%  64.6 2940s
 8321765 273363   80.00000   80   18   92.99997   80.00000  14.0%  64.5 2945s
 8353730 274163 infeasible   76        92.99997   80.00000  14.0%  64.4 2950s
 8385148 275044 infeasible   84        92.99997   80.00000  14.0%  64.3 2955s
 8417536 275859   80.00000   77   25   92.99997   80.00000  14.0%  64.2 2960s
 8450356 276735   80.00000   90   20   92.99997   80.00000  14.0%  64.1 2965s
 8480727 277311 infeasible   85        92.99997   80.00000  14.0%  64.0 2970s
 8512280 278071 infeasible   83        92.99997   80.00000  14.0%  63.9 2975s
 8542530 278564 infeasible   85        92.99997   80.00000  14.0%  63.8 2980s
 8573300 279035   80.00000   71   16   92.99997   80.00000  14.0%  63.7 2985s
 8602548 280719   80.00000   76   24   92.99997   80.00000  14.0%  63.6 2990s
 8632766 281330 infeasible   80        92.99997   80.00000  14.0%  63.6 2995s
H8641861 281520                      92.9999688   80.00000  14.0%  63.5 2996s
 8661537 281898   80.00000   92   17   92.99997   80.00000  14.0%  63.5 3000s
 8689154 283082   80.00000   84   18   92.99997   80.00000  14.0%  63.4 3005s
 8718807 283685   80.00000   83   28   92.99997   80.00000  14.0%  63.3 3010s
 8747138 284590 infeasible   87        92.99997   80.00000  14.0%  63.3 3015s
 8775321 285316 infeasible   86        92.99997   80.00000  14.0%  63.2 3020s
 8805447 286253 infeasible   85        92.99997   80.00000  14.0%  63.1 3025s
 8840588 288450 infeasible   70        92.99997   80.00000  14.0%  63.0 3030s
 8877861 290436 infeasible   76        92.99997   80.00000  14.0%  62.9 3035s
 8913241 291273   80.00000   79   24   92.99997   80.00000  14.0%  62.7 3040s
 8944464 291510 infeasible   83        92.99997   80.00000  14.0%  62.7 3045s
 8974659 291903   80.00000   79   32   92.99997   80.00000  14.0%  62.6 3050s
H8992024 292058                      92.9999688   80.00000  14.0%  62.5 3053s
 9000136 292099   80.00000   86   28   92.99997   80.00000  14.0%  62.5 3055s
 9029418 292297 infeasible   81        92.99997   80.00000  14.0%  62.5 3060s
 9058839 292647   80.00000   79   18   92.99997   80.00000  14.0%  62.4 3065s
 9085803 293076 infeasible   73        92.99997   80.00000  14.0%  62.3 3070s
 9116888 294039 infeasible   81        92.99997   80.00000  14.0%  62.2 3075s
 9147913 294217 infeasible   75        92.99997   80.00000  14.0%  62.1 3080s
 9175210 294048   80.00000   79   13   92.99997   80.00000  14.0%  62.0 3085s
 9205677 293895   80.00000   72   12   92.99997   80.00000  14.0%  62.0 3090s
 9235247 293821 infeasible   77        92.99997   80.00000  14.0%  61.9 3095s
 9261824 293779   80.00000   73   24   92.99997   80.00000  14.0%  61.8 3100s
 9293397 294333 infeasible   82        92.99997   80.00000  14.0%  61.7 3105s
 9322200 294802 infeasible   78        92.99997   80.00000  14.0%  61.6 3110s
 9353193 295664   80.00000   74   28   92.99997   80.00000  14.0%  61.5 3115s
 9388349 296568   80.00000   71   23   92.99997   80.00000  14.0%  61.4 3120s
 9422312 297400   80.00000   81   14   92.99997   80.00000  14.0%  61.3 3125s
 9450326 297783 infeasible   78        92.99997   80.00000  14.0%  61.3 3130s
 9480535 298682 infeasible   81        92.99997   80.00000  14.0%  61.2 3135s
 9521148 299901   80.00000   70   27   92.99997   80.00000  14.0%  61.1 3140s
 9559184 301535 infeasible   86        92.99997   80.00000  14.0%  60.9 3145s
 9586114 303091   80.00000   58   30   92.99997   80.00000  14.0%  60.9 3150s
 9615159 305237   80.00000   79   22   92.99997   80.00000  14.0%  60.8 3155s
 9643885 307650 infeasible   76        92.99997   80.00000  14.0%  60.7 3160s
 9671910 309931   80.00000   74   13   92.99997   80.00000  14.0%  60.7 3165s
 9702228 312024   80.00000   75   22   92.99997   80.00000  14.0%  60.6 3170s
 9730271 312789 infeasible   81        92.99997   80.00000  14.0%  60.5 3175s
 9758671 313486   80.00000   85   26   92.99997   80.00000  14.0%  60.5 3180s
 9784973 315903 infeasible   76        92.99997   80.00000  14.0%  60.4 3185s
 9807531 316657   80.00000   75   25   92.99997   80.00000  14.0%  60.4 3190s
 9829545 316776   80.00000   81   24   92.99997   80.00000  14.0%  60.4 3195s
 9853705 316759   80.00000   82   30   92.99997   80.00000  14.0%  60.3 3200s
 9877739 316697   80.00000   77   27   92.99997   80.00000  14.0%  60.3 3205s
 9902705 316828   80.00000   83   30   92.99997   80.00000  14.0%  60.3 3210s
 9927445 316606 infeasible   75        92.99997   80.00000  14.0%  60.2 3215s
 9951265 317107 infeasible   83        92.99997   80.00000  14.0%  60.2 3220s
 9975104 318129 infeasible   78        92.99997   80.00000  14.0%  60.1 3225s
 9998174 318805 infeasible   72        92.99997   80.00000  14.0%  60.1 3230s
 10023369 318897 infeasible   83        92.99997   80.00000  14.0%  60.1 3235s
 10047666 318611   80.00000   75   29   92.99997   80.00000  14.0%  60.0 3240s
 10071356 318555   80.00000   64   31   92.99997   80.00000  14.0%  60.0 3245s
 10096187 318380   80.00000   82   27   92.99997   80.00000  14.0%  60.0 3250s
 10120109 318552 infeasible   85        92.99997   80.00000  14.0%  59.9 3255s
 10145490 318252 infeasible   75        92.99997   80.00000  14.0%  59.9 3260s
 10170650 318309   80.00000   75   37   92.99997   80.00000  14.0%  59.8 3265s
H10183848 318363                      92.9999687   80.00000  14.0%  59.8 3267s
 10196111 318187 infeasible   79        92.99997   80.00000  14.0%  59.8 3270s
 10222470 318314 infeasible   69        92.99997   80.00000  14.0%  59.7 3275s
 10246807 318388   80.00000   82   34   92.99997   80.00000  14.0%  59.7 3280s
 10273764 318188   80.00000   80   32   92.99997   80.00000  14.0%  59.6 3285s
 10298612 318277   80.00000   72   34   92.99997   80.00000  14.0%  59.6 3290s
 10321665 318162   80.00000   75   26   92.99997   80.00000  14.0%  59.5 3295s
 10346522 318400 infeasible   79        92.99997   80.00000  14.0%  59.5 3300s
 10371070 318166 infeasible   77        92.99997   80.00000  14.0%  59.5 3305s
 10395002 318115   80.00000   78   35   92.99997   80.00000  14.0%  59.4 3310s
 10419570 318147   80.00000   75   24   92.99997   80.00000  14.0%  59.4 3315s
 10442586 317903 infeasible   73        92.99997   80.00000  14.0%  59.4 3320s
 10467579 318291 infeasible   78        92.99997   80.00000  14.0%  59.3 3325s
 10495012 318154   80.00000   63   40   92.99997   80.00000  14.0%  59.3 3330s
 10520818 317975 infeasible   82        92.99997   80.00000  14.0%  59.2 3335s
 10546786 317752   80.00000   88   30   92.99997   80.00000  14.0%  59.2 3340s
 10573687 317873 infeasible   88        92.99997   80.00000  14.0%  59.1 3345s
 10599841 318017   80.00000   74   28   92.99997   80.00000  14.0%  59.1 3350s
 10630424 318052   80.00000   79   27   92.99997   80.00000  14.0%  59.0 3355s
 10661351 317797   80.00000   80   30   92.99997   80.00000  14.0%  58.9 3360s
 10688195 317599 infeasible   93        92.99997   80.00000  14.0%  58.9 3365s
 10717887 317613   80.00000   77   24   92.99997   80.00000  14.0%  58.8 3370s
 10744439 317571 infeasible   83        92.99997   80.00000  14.0%  58.7 3375s
 10769124 317441   80.00000   87   18   92.99997   80.00000  14.0%  58.7 3380s
 10794095 317677 infeasible   73        92.99997   80.00000  14.0%  58.7 3385s
 10818948 317499 infeasible   74        92.99997   80.00000  14.0%  58.6 3390s
 10844183 317231 infeasible   75        92.99997   80.00000  14.0%  58.6 3395s
 10867142 317480 infeasible   92        92.99997   80.00000  14.0%  58.6 3400s
 10888442 317361 infeasible   92        92.99997   80.00000  14.0%  58.5 3405s
 10910624 317220   80.00000   67   37   92.99997   80.00000  14.0%  58.5 3410s
 10930880 317279 infeasible   89        92.99997   80.00000  14.0%  58.5 3415s
 10962412 320264   80.00000   85   21   92.99997   80.00000  14.0%  58.4 3420s
 10994507 322541   80.00000   82   16   92.99997   80.00000  14.0%  58.4 3425s
 11020557 323028   80.00000   70   32   92.99997   80.00000  14.0%  58.3 3430s
 11043600 323579 infeasible   84        92.99997   80.00000  14.0%  58.3 3435s
 11068814 323939 infeasible   82        92.99997   80.00000  14.0%  58.2 3440s
 11095325 324224 infeasible   78        92.99997   80.00000  14.0%  58.2 3445s
 11123069 325431   80.00000   72   29   92.99997   80.00000  14.0%  58.1 3450s
 11152586 326615   80.00000   84   12   92.99997   80.00000  14.0%  58.1 3455s
 11182921 327438   80.00000   75   23   92.99997   80.00000  14.0%  58.0 3460s
 11211975 327466 infeasible   77        92.99997   80.00000  14.0%  58.0 3465s
 11243557 327671   80.00000   83   28   92.99997   80.00000  14.0%  57.9 3470s
 11277435 327813   80.00000   80   32   92.99997   80.00000  14.0%  57.8 3475s
 11308099 327842 infeasible   80        92.99997   80.00000  14.0%  57.7 3480s
 11337917 328297 infeasible   80        92.99997   80.00000  14.0%  57.7 3485s
 11365479 328509 infeasible   79        92.99997   80.00000  14.0%  57.6 3490s
 11390920 328536   80.00000   83   36   92.99997   80.00000  14.0%  57.6 3495s
 11420660 328494 infeasible   71        92.99997   80.00000  14.0%  57.5 3500s
 11456883 328651   80.00000   71   28   92.99997   80.00000  14.0%  57.4 3505s
 11486869 328443 infeasible   80        92.99997   80.00000  14.0%  57.4 3510s
 11511559 328120 infeasible   85        92.99997   80.00000  14.0%  57.3 3515s
 11536422 328001 infeasible   90        92.99997   80.00000  14.0%  57.3 3520s
 11560044 327931 infeasible   92        92.99997   80.00000  14.0%  57.3 3525s
 11582726 327643   80.00000   77   32   92.99997   80.00000  14.0%  57.2 3530s
 11607450 327482   80.00000   73   15   92.99997   80.00000  14.0%  57.2 3535s
 11632918 327515   80.00000   74   30   92.99997   80.00000  14.0%  57.2 3540s
 11658452 327762 infeasible   79        92.99997   80.00000  14.0%  57.1 3545s
 11688548 328359   80.00000   83   15   92.99997   80.00000  14.0%  57.1 3550s
 11726828 329826   80.00000   83   21   92.99997   80.00000  14.0%  57.0 3555s
 11767221 331677   80.00000   81   20   92.99997   80.00000  14.0%  56.9 3560s
 11807620 334055   80.00000   81   23   92.99997   80.00000  14.0%  56.8 3565s
 11848872 337004   80.00000   84   21   92.99997   80.00000  14.0%  56.7 3570s
 11887281 338916 infeasible   88        92.99997   80.00000  14.0%  56.7 3575s
 11926859 340809 infeasible   87        92.99997   80.00000  14.0%  56.6 3580s
 11966230 342851   80.00000   67   45   92.99997   80.00000  14.0%  56.5 3585s
 12002464 344873   80.00000   80   28   92.99997   80.00000  14.0%  56.4 3590s
 12032853 345783 infeasible   83        92.99997   80.00000  14.0%  56.4 3595s
 12057145 346230 infeasible   87        92.99997   80.00000  14.0%  56.4 3600s
 12083154 346573   80.00000   83   35   92.99997   80.00000  14.0%  56.3 3605s
 12116441 348769 infeasible   85        92.99997   80.00000  14.0%  56.3 3610s
 12153699 350379 infeasible   89        92.99997   80.00000  14.0%  56.2 3615s
 12183809 351174 infeasible   79        92.99997   80.00000  14.0%  56.2 3620s
 12210474 351884 infeasible   74        92.99997   80.00000  14.0%  56.1 3625s
 12235791 351722   80.00000   73   39   92.99997   80.00000  14.0%  56.1 3630s
 12262685 351642   80.00000   84   39   92.99997   80.00000  14.0%  56.0 3635s
 12289658 351803 infeasible   77        92.99997   80.00000  14.0%  56.0 3640s
 12314094 351949 infeasible   79        92.99997   80.00000  14.0%  56.0 3645s
 12339530 352167 infeasible   76        92.99997   80.00000  14.0%  56.0 3650s
 12366401 352536   80.00000   65   26   92.99997   80.00000  14.0%  55.9 3655s
 12392093 353282 infeasible   82        92.99997   80.00000  14.0%  55.9 3660s
 12421013 353373 infeasible   90        92.99997   80.00000  14.0%  55.9 3665s
 12445978 353818   80.00000   85   33   92.99997   80.00000  14.0%  55.8 3670s
 12469900 353703   80.00000   78   24   92.99997   80.00000  14.0%  55.8 3675s
 12496523 354344 infeasible   82        92.99997   80.00000  14.0%  55.8 3680s
 12521251 354162 infeasible   84        92.99997   80.00000  14.0%  55.7 3685s
 12545165 354192 infeasible   76        92.99997   80.00000  14.0%  55.7 3690s
 12570169 354450   80.00000   84   31   92.99997   80.00000  14.0%  55.7 3695s
 12595022 354471 infeasible   86        92.99997   80.00000  14.0%  55.7 3700s
 12619680 354205 infeasible   84        92.99997   80.00000  14.0%  55.6 3705s
 12644534 354348 infeasible   79        92.99997   80.00000  14.0%  55.6 3710s
 12671147 354158 infeasible   94        92.99997   80.00000  14.0%  55.6 3715s
 12696292 354094 infeasible   79        92.99997   80.00000  14.0%  55.6 3720s
H12701146 354104                      92.9999687   80.00000  14.0%  55.6 3721s
 12717422 354057 infeasible   70        92.99997   80.00000  14.0%  55.5 3725s
 12740708 354214 infeasible   91        92.99997   80.00000  14.0%  55.5 3730s
 12764685 354037   80.00000   81   32   92.99997   80.00000  14.0%  55.5 3735s
 12788494 353958   80.00000   88   23   92.99997   80.00000  14.0%  55.5 3740s
 12812954 353981   80.00000   75   29   92.99997   80.00000  14.0%  55.5 3745s
 12836328 354258 infeasible   71        92.99997   80.00000  14.0%  55.4 3750s
 12861293 354080   80.00000   78   30   92.99997   80.00000  14.0%  55.4 3755s
 12887963 354411 infeasible   78        92.99997   80.00000  14.0%  55.4 3760s
 12918837 354457   80.00000   75   28   92.99997   80.00000  14.0%  55.3 3765s
 12952731 355010 infeasible   82        92.99997   80.00000  14.0%  55.3 3770s
 12983632 355958   80.00000   82   15   92.99997   80.00000  14.0%  55.2 3775s
 13009633 355956   80.00000   77   22   92.99997   80.00000  14.0%  55.2 3780s
 13035239 356604 infeasible   81        92.99997   80.00000  14.0%  55.2 3785s
 13060043 357013   80.00000   77   33   92.99997   80.00000  14.0%  55.1 3790s
 13085630 356820   80.00000   75   38   92.99997   80.00000  14.0%  55.1 3795s
H13109001 356733                      92.9999687   80.00000  14.0%  55.1 3799s
 13109458 356727 infeasible   79        92.99997   80.00000  14.0%  55.1 3800s
 13132799 356664   80.00000   78   31   92.99997   80.00000  14.0%  55.1 3805s
 13157389 356515 infeasible   72        92.99997   80.00000  14.0%  55.0 3810s
 13181058 356634   80.00000   77   34   92.99997   80.00000  14.0%  55.0 3815s
 13203590 356856   80.00000   67   40   92.99997   80.00000  14.0%  55.0 3820s
 13226478 356826   80.00000   75   27   92.99997   80.00000  14.0%  55.0 3825s
 13248051 356625   80.00000   75   39   92.99997   80.00000  14.0%  55.0 3830s
 13270624 356526   80.00000   65   47   92.99997   80.00000  14.0%  55.0 3835s
 13294393 356666 infeasible   82        92.99997   80.00000  14.0%  54.9 3840s
 13317029 356554 infeasible   83        92.99997   80.00000  14.0%  54.9 3845s
 13341017 356423 infeasible   78        92.99997   80.00000  14.0%  54.9 3850s
 13366263 356699   80.00000   73   37   92.99997   80.00000  14.0%  54.9 3855s
 13390931 356627 infeasible   72        92.99997   80.00000  14.0%  54.9 3860s
 13416325 357113   80.00000   72   30   92.99997   80.00000  14.0%  54.8 3865s
 13441103 357017 infeasible   86        92.99997   80.00000  14.0%  54.8 3870s
 13468299 357321 infeasible   75        92.99997   80.00000  14.0%  54.8 3875s
 13492953 357491   80.00000   84   34   92.99997   80.00000  14.0%  54.8 3880s
 13518557 357365 infeasible   84        92.99997   80.00000  14.0%  54.7 3885s
 13550555 358609   80.00000   79   21   92.99997   80.00000  14.0%  54.7 3890s
 13581387 359222 infeasible   78        92.99997   80.00000  14.0%  54.7 3895s
 13607602 359518   80.00000   87   18   92.99997   80.00000  14.0%  54.6 3900s
 13633004 359431   80.00000   76   26   92.99997   80.00000  14.0%  54.6 3905s
 13656953 359272   80.00000   76   28   92.99997   80.00000  14.0%  54.6 3910s
 13680672 359008   80.00000   73   34   92.99997   80.00000  14.0%  54.6 3915s
 13704143 358892   80.00000   86   35   92.99997   80.00000  14.0%  54.6 3920s
 13726703 358954 infeasible   71        92.99997   80.00000  14.0%  54.5 3925s
 13750322 358818   80.00000   76   25   92.99997   80.00000  14.0%  54.5 3930s
 13775150 358678 infeasible   76        92.99997   80.00000  14.0%  54.5 3935s
 13801517 358535 infeasible   80        92.99997   80.00000  14.0%  54.5 3940s
 13827832 358863   80.00000   70   37   92.99997   80.00000  14.0%  54.5 3945s
 13851937 358858   80.00000   80   31   92.99997   80.00000  14.0%  54.4 3950s
 13875397 358460   80.00000   76   47   92.99997   80.00000  14.0%  54.4 3955s
 13898543 358504   80.00000   67   41   92.99997   80.00000  14.0%  54.4 3960s
 13923891 358384 infeasible   83        92.99997   80.00000  14.0%  54.4 3965s
 13948779 358494 infeasible   78        92.99997   80.00000  14.0%  54.4 3970s
 13977046 358311   80.00000   69   30   92.99997   80.00000  14.0%  54.3 3975s
 14001793 358164 infeasible   74        92.99997   80.00000  14.0%  54.3 3980s
 14024358 358145 infeasible   79        92.99997   80.00000  14.0%  54.3 3985s
 14048020 357952 infeasible   80        92.99997   80.00000  14.0%  54.3 3990s
 14071116 357909   80.00000   72   27   92.99997   80.00000  14.0%  54.3 3995s
 14094528 357942   80.00000   66   36   92.99997   80.00000  14.0%  54.3 4000s
 14119618 357968 infeasible   72        92.99997   80.00000  14.0%  54.2 4005s
 14145856 358494 infeasible   79        92.99997   80.00000  14.0%  54.2 4010s
 14173142 360131   80.00000   82   29   92.99997   80.00000  14.0%  54.2 4015s
 14203978 360609   80.00000   85   23   92.99997   80.00000  14.0%  54.2 4020s
 14235026 361100   80.00000   69   20   92.99997   80.00000  14.0%  54.1 4025s
 14265901 362110 infeasible   85        92.99997   80.00000  14.0%  54.1 4030s
 14296678 362451 infeasible   85        92.99997   80.00000  14.0%  54.0 4035s
 14330554 363150   80.00000   82   20   92.99997   80.00000  14.0%  54.0 4040s
 14361750 364422 infeasible   80        92.99997   80.00000  14.0%  54.0 4045s
 14391979 366010 infeasible   78        92.99997   80.00000  14.0%  53.9 4050s
 14422626 367004   80.00000   71   14   92.99997   80.00000  14.0%  53.9 4055s
 14455915 367613   80.00000   68   29   92.99997   80.00000  14.0%  53.8 4060s
 14481952 368205   80.00000   79   28   92.99997   80.00000  14.0%  53.8 4065s
 14507406 368228   80.00000   71   17   92.99997   80.00000  14.0%  53.8 4070s
 14536253 368148   80.00000   73   24   92.99997   80.00000  14.0%  53.8 4075s
 14573207 368137 infeasible   77        92.99997   80.00000  14.0%  53.7 4080s
 14612534 368210 infeasible   84        92.99997   80.00000  14.0%  53.6 4085s
 14653783 368068   80.00000   76   23   92.99997   80.00000  14.0%  53.5 4090s
 14688087 368246   80.00000   75   23   92.99997   80.00000  14.0%  53.5 4095s
 14728721 368902 infeasible   76        92.99997   80.00000  14.0%  53.4 4100s
 14771269 368528 infeasible   75        92.99997   80.00000  14.0%  53.3 4105s
 14808177 368264 infeasible   70        92.99997   80.00000  14.0%  53.2 4110s
 14843916 368009   80.00000   84   19   92.99997   80.00000  14.0%  53.1 4115s
 14875679 368238 infeasible   74        92.99997   80.00000  14.0%  53.1 4120s
 14907154 367987 infeasible   68        92.99997   80.00000  14.0%  53.0 4125s
 14939523 368496 infeasible   91        92.99997   80.00000  14.0%  53.0 4130s
 14981623 368712 infeasible   76        92.99997   80.00000  14.0%  52.9 4135s
 15023987 368488   80.00000   76   31   92.99997   80.00000  14.0%  52.8 4140s
 15062251 368308 infeasible   75        92.99997   80.00000  14.0%  52.7 4145s
 15098216 368104 infeasible   75        92.99997   80.00000  14.0%  52.7 4150s
 15129797 368301   80.00000   78   18   92.99997   80.00000  14.0%  52.6 4155s
 15160808 369011   80.00000   72   22   92.99997   80.00000  14.0%  52.6 4160s
 15191922 369305 infeasible   81        92.99997   80.00000  14.0%  52.6 4165s
 15222274 369282 infeasible   74        92.99997   80.00000  14.0%  52.5 4170s
 15251125 369308   80.00000   70   37   92.99997   80.00000  14.0%  52.5 4175s
 15280426 369385   80.00000   75   18   92.99997   80.00000  14.0%  52.5 4180s
 15309737 369225 infeasible   79        92.99997   80.00000  14.0%  52.4 4185s
 15338695 369127   80.00000   90   26   92.99997   80.00000  14.0%  52.4 4190s
 15367958 368885   80.00000   91   37   92.99997   80.00000  14.0%  52.4 4195s
 15396700 368880   80.00000   74   27   92.99997   80.00000  14.0%  52.3 4200s
 15423392 369903   80.00000   84   34   92.99997   80.00000  14.0%  52.3 4205s
 15449845 371397   80.00000   76   27   92.99997   80.00000  14.0%  52.3 4210s
 15474285 373802   80.00000   75   27   92.99997   80.00000  14.0%  52.3 4215s
 15498368 374689   80.00000   82   16   92.99997   80.00000  14.0%  52.3 4220s
 15521144 376465 infeasible   81        92.99997   80.00000  14.0%  52.3 4225s
 15543466 378299 infeasible   82        92.99997   80.00000  14.0%  52.3 4230s
 15566903 379629 infeasible   85        92.99997   80.00000  14.0%  52.3 4235s
 15590621 381035   80.00000   83   13   92.99997   80.00000  14.0%  52.3 4240s
 15616891 381402 infeasible   79        92.99997   80.00000  14.0%  52.2 4245s
 15644824 382176 infeasible   83        92.99997   80.00000  14.0%  52.2 4250s
 15674693 382371 infeasible   81        92.99997   80.00000  14.0%  52.2 4255s
 15702837 382535 infeasible   83        92.99997   80.00000  14.0%  52.2 4260s
 15730323 382651   80.00000   82   31   92.99997   80.00000  14.0%  52.1 4265s
 15760484 382752   80.00000   75   26   92.99997   80.00000  14.0%  52.1 4270s
 15788652 382969 infeasible   75        92.99997   80.00000  14.0%  52.1 4275s
 15818899 383137   80.00000   81   31   92.99997   80.00000  14.0%  52.0 4280s
 15850922 383920   80.00000   72   26   92.99997   80.00000  14.0%  52.0 4285s
 15890337 384166 infeasible   76        92.99997   80.00000  14.0%  51.9 4290s
 15940435 384635 infeasible   87        92.99997   80.00000  14.0%  51.8 4295s
 15982222 384865   80.00000   80   32   92.99997   80.00000  14.0%  51.8 4300s
 16013432 384923   80.00000   86   21   92.99997   80.00000  14.0%  51.7 4305s
 16042594 384911   80.00000   74   20   92.99997   80.00000  14.0%  51.7 4310s
 16070378 384981   80.00000   76   16   92.99997   80.00000  14.0%  51.7 4315s
 16097507 384742 infeasible   71        92.99997   80.00000  14.0%  51.7 4320s
 16133426 384879 infeasible   82        92.99997   80.00000  14.0%  51.6 4325s
 16168339 384699 infeasible   76        92.99997   80.00000  14.0%  51.6 4330s
 16207008 384561   80.00000   71   35   92.99997   80.00000  14.0%  51.5 4335s
 16246464 384520   80.00000   77   16   92.99997   80.00000  14.0%  51.5 4340s
 16284218 384370   80.00000   79   16   92.99997   80.00000  14.0%  51.4 4345s
 16321530 384410   80.00000   74   11   92.99997   80.00000  14.0%  51.4 4350s
 16363832 384489   80.00000   78   20   92.99997   80.00000  14.0%  51.3 4355s
 16405610 384411   80.00000   76   18   92.99997   80.00000  14.0%  51.3 4360s
 16446639 384512   80.00000   80   23   92.99997   80.00000  14.0%  51.2 4365s
 16488277 384885   80.00000   79   18   92.99997   80.00000  14.0%  51.1 4370s
 16531500 384540 infeasible   78        92.99997   80.00000  14.0%  51.1 4375s
 16570778 384713 infeasible   75        92.99997   80.00000  14.0%  51.0 4380s
 16607989 384483   80.00000   78   14   92.99997   80.00000  14.0%  51.0 4385s
 16643691 384668 infeasible   78        92.99997   80.00000  14.0%  50.9 4390s
 16684535 384865   80.00000   77   18   92.99997   80.00000  14.0%  50.8 4395s
 16725447 385536   80.00000   76   23   92.99997   80.00000  14.0%  50.8 4400s
 16766633 385369   80.00000   81   13   92.99997   80.00000  14.0%  50.7 4405s
 16806232 385266 infeasible   70        92.99997   80.00000  14.0%  50.7 4410s
 16849799 385171   80.00000   81   14   92.99997   80.00000  14.0%  50.6 4415s
 16887791 385625   80.00000   81   16   92.99997   80.00000  14.0%  50.5 4420s
 16922945 385589   80.00000   82   34   92.99997   80.00000  14.0%  50.5 4425s
 16963401 385583   80.00000   77   31   92.99997   80.00000  14.0%  50.4 4430s
 17001810 385453 infeasible   79        92.99997   80.00000  14.0%  50.4 4435s
 17039977 385961   80.00000   83   20   92.99997   80.00000  14.0%  50.3 4440s
 17079382 385608   80.00000   84   15   92.99997   80.00000  14.0%  50.3 4445s
 17115977 385513   80.00000   81   17   92.99997   80.00000  14.0%  50.2 4450s
 17154205 385108   80.00000   71   25   92.99997   80.00000  14.0%  50.2 4455s
 17192251 385107   80.00000   81   14   92.99997   80.00000  14.0%  50.1 4460s
 17235185 385035 infeasible   76        92.99997   80.00000  14.0%  50.1 4465s
 17278035 385036 infeasible   83        92.99997   80.00000  14.0%  50.0 4470s
 17317365 384961   80.00000   76   18   92.99997   80.00000  14.0%  49.9 4475s
 17354710 385094   80.00000   89   17   92.99997   80.00000  14.0%  49.9 4480s
 17389037 385179   80.00000   77   12   92.99997   80.00000  14.0%  49.9 4485s
 17428243 385057   80.00000   78   15   92.99997   80.00000  14.0%  49.8 4490s
 17467665 384824   80.00000   77   18   92.99997   80.00000  14.0%  49.8 4495s
 17506826 385181 infeasible   80        92.99997   80.00000  14.0%  49.7 4500s
 17548868 385433 infeasible   81        92.99997   80.00000  14.0%  49.6 4505s
 17591254 385188   80.00000   80   14   92.99997   80.00000  14.0%  49.6 4510s
 17632240 385017   80.00000   74   27   92.99997   80.00000  14.0%  49.5 4515s
 17672475 384812 infeasible   79        92.99997   80.00000  14.0%  49.5 4520s
 17713306 385107   80.00000   74   19   92.99997   80.00000  14.0%  49.4 4525s
 17754625 384778 infeasible   73        92.99997   80.00000  14.0%  49.4 4530s
 17795381 384785   80.00000   84   11   92.99997   80.00000  14.0%  49.3 4535s
 17837323 384585   80.00000   81   25   92.99997   80.00000  14.0%  49.3 4540s
 17880903 385045   80.00000   76   27   92.99997   80.00000  14.0%  49.2 4545s
 17923579 384752   80.00000   76   24   92.99997   80.00000  14.0%  49.1 4550s
 17974481 384863   80.00000   80   18   92.99997   80.00000  14.0%  49.1 4555s
 18024468 384826 infeasible   86        92.99997   80.00000  14.0%  49.0 4560s
 18074145 384969   80.00000   84   11   92.99997   80.00000  14.0%  48.9 4565s
 18117024 385526 infeasible   79        92.99997   80.00000  14.0%  48.9 4570s
 18161209 385227   80.00000   89   11   92.99997   80.00000  14.0%  48.8 4575s
 18203441 385091   80.00000   68   30   92.99997   80.00000  14.0%  48.8 4580s
 18246336 385491 infeasible   79        92.99997   80.00000  14.0%  48.7 4585s
 18287186 385226   80.00000   82   24   92.99997   80.00000  14.0%  48.7 4590s
 18333638 384926   80.00000   83   15   92.99997   80.00000  14.0%  48.6 4595s
 18379479 384777 infeasible   86        92.99997   80.00000  14.0%  48.5 4600s
 18415675 384786 infeasible   72        92.99997   80.00000  14.0%  48.5 4605s
 18453499 384794 infeasible   80        92.99997   80.00000  14.0%  48.5 4610s
 18493901 384651 infeasible   75        92.99997   80.00000  14.0%  48.4 4615s
 18522671 384597   80.00000   80   19   92.99997   80.00000  14.0%  48.4 4620s
 18551793 384264 infeasible   80        92.99997   80.00000  14.0%  48.4 4625s
 18585234 383944   80.00000   81   19   92.99997   80.00000  14.0%  48.4 4630s
 18618085 383801 infeasible   83        92.99997   80.00000  14.0%  48.3 4635s
 18650195 383596   80.00000   69   24   92.99997   80.00000  14.0%  48.3 4640s
 18680572 383410 infeasible   78        92.99997   80.00000  14.0%  48.3 4645s
 18709956 383288 infeasible   81        92.99997   80.00000  14.0%  48.3 4650s
 18741275 383249   80.00000   70   25   92.99997   80.00000  14.0%  48.2 4655s
 18769480 383075   80.00000   82   29   92.99997   80.00000  14.0%  48.2 4660s
 18797092 383129 infeasible   75        92.99997   80.00000  14.0%  48.2 4665s
 18827167 383113 infeasible   83        92.99997   80.00000  14.0%  48.2 4670s
 18859044 383210 infeasible   84        92.99997   80.00000  14.0%  48.2 4675s
 18890699 382997   80.00000   75   13   92.99997   80.00000  14.0%  48.1 4680s
 18918502 383067   80.00000   75   30   92.99997   80.00000  14.0%  48.1 4685s
 18945434 382965   80.00000   70   30   92.99997   80.00000  14.0%  48.1 4690s
 18975043 382858 infeasible   73        92.99997   80.00000  14.0%  48.1 4695s
 19005675 382731   80.00000   64   35   92.99997   80.00000  14.0%  48.1 4700s
 19033861 382679 infeasible   79        92.99997   80.00000  14.0%  48.0 4705s
 19058775 383028   80.00000   77   25   92.99997   80.00000  14.0%  48.0 4710s
 19081706 382840   80.00000   75   18   92.99997   80.00000  14.0%  48.0 4715s
 19105872 382728 infeasible   82        92.99997   80.00000  14.0%  48.0 4720s
 19129578 382671 infeasible   70        92.99997   80.00000  14.0%  48.0 4725s
 19161681 382864   80.00000   69   38   92.99997   80.00000  14.0%  48.0 4730s
 19195988 382676   80.00000   80   23   92.99997   80.00000  14.0%  48.0 4735s
 19224594 382886 infeasible   75        92.99997   80.00000  14.0%  47.9 4740s
 19250014 382666 infeasible   78        92.99997   80.00000  14.0%  47.9 4745s
 19281148 383118 infeasible   81        92.99997   80.00000  14.0%  47.9 4750s
 19315594 382901 infeasible   82        92.99997   80.00000  14.0%  47.9 4755s
 19347486 382721 infeasible   86        92.99997   80.00000  14.0%  47.8 4760s
 19379539 382671 infeasible   76        92.99997   80.00000  14.0%  47.8 4765s
 19409964 382644   80.00000   69   14   92.99997   80.00000  14.0%  47.8 4770s
 19436098 382642   80.00000   82   33   92.99997   80.00000  14.0%  47.8 4775s
 19466798 382695   80.00000   69   26   92.99997   80.00000  14.0%  47.8 4780s
 19497084 382598   80.00000   75   22   92.99997   80.00000  14.0%  47.8 4785s
 19525245 382705 infeasible   72        92.99997   80.00000  14.0%  47.7 4790s
 19556237 382838 infeasible   77        92.99997   80.00000  14.0%  47.7 4795s
 19585487 382805 infeasible   70        92.99997   80.00000  14.0%  47.7 4800s
 19615195 382489 infeasible   86        92.99997   80.00000  14.0%  47.7 4805s
 19644614 382570   80.00000   70   30   92.99997   80.00000  14.0%  47.6 4810s
 19672935 382541 infeasible   59        92.99997   80.00000  14.0%  47.6 4815s
 19705962 382519 infeasible   73        92.99997   80.00000  14.0%  47.6 4820s
 19738649 382454 infeasible   75        92.99997   80.00000  14.0%  47.6 4825s
 19771712 382433   80.00000   68   28   92.99997   80.00000  14.0%  47.6 4830s
 19798920 383065   80.00000   63   43   92.99997   80.00000  14.0%  47.5 4835s
 19823613 383375   80.00000   80   26   92.99997   80.00000  14.0%  47.5 4840s
 19848124 383487 infeasible   77        92.99997   80.00000  14.0%  47.5 4845s
 19872430 383470 infeasible   74        92.99997   80.00000  14.0%  47.5 4850s
 19897350 383607 infeasible   79        92.99997   80.00000  14.0%  47.5 4855s
 19921775 383160   80.00000   81   18   92.99997   80.00000  14.0%  47.5 4860s
 19946386 383246 infeasible   75        92.99997   80.00000  14.0%  47.5 4865s
 19970762 383076   80.00000   78   33   92.99997   80.00000  14.0%  47.5 4870s
 19994687 382928   80.00000   76   17   92.99997   80.00000  14.0%  47.5 4875s
 20017698 382807   80.00000   80   22   92.99997   80.00000  14.0%  47.5 4880s
 20040845 382732 infeasible   69        92.99997   80.00000  14.0%  47.5 4885s
 20064200 382908 infeasible   82        92.99997   80.00000  14.0%  47.5 4890s
 20087426 382636   80.00000   83   17   92.99997   80.00000  14.0%  47.5 4895s
 20110953 382448   80.00000   78   21   92.99997   80.00000  14.0%  47.5 4900s
 20134369 382490 infeasible   74        92.99997   80.00000  14.0%  47.5 4905s
 20156287 383021 infeasible   75        92.99997   80.00000  14.0%  47.5 4910s
 20179929 383017   80.00000   70   23   92.99997   80.00000  14.0%  47.5 4915s
 20203241 382868   80.00000   75   28   92.99997   80.00000  14.0%  47.5 4920s
 20226365 382729 infeasible   79        92.99997   80.00000  14.0%  47.5 4925s
 20249203 382464 infeasible   70        92.99997   80.00000  14.0%  47.5 4930s
 20271579 382344   80.00000   79   25   92.99997   80.00000  14.0%  47.5 4935s
 20294613 382428 infeasible   77        92.99997   80.00000  14.0%  47.5 4940s
 20319451 382395   80.00000   72   17   92.99997   80.00000  14.0%  47.5 4945s
 20344637 382390   80.00000   68   23   92.99997   80.00000  14.0%  47.5 4950s
 20367763 382774   80.00000   69   23   92.99997   80.00000  14.0%  47.5 4955s
 20390412 382693 infeasible   84        92.99997   80.00000  14.0%  47.5 4960s
 20413141 382556   80.00000   73   29   92.99997   80.00000  14.0%  47.5 4965s
 20435586 382393 infeasible   80        92.99997   80.00000  14.0%  47.5 4970s
 20462751 382327 infeasible   70        92.99997   80.00000  14.0%  47.4 4975s
 20487192 382426   80.00000   77   29   92.99997   80.00000  14.0%  47.4 4980s
 20511875 382796   80.00000   79   27   92.99997   80.00000  14.0%  47.4 4985s
 20535922 382607 infeasible   75        92.99997   80.00000  14.0%  47.4 4990s
 20559324 382406   80.00000   74   29   92.99997   80.00000  14.0%  47.4 4995s
 20583860 382239   80.00000   67   34   92.99997   80.00000  14.0%  47.4 5000s
 20607930 382638   80.00000   64   34   92.99997   80.00000  14.0%  47.4 5005s
 20631495 382655 infeasible   66        92.99997   80.00000  14.0%  47.4 5010s
 20654648 382884 infeasible   85        92.99997   80.00000  14.0%  47.4 5015s
 20677603 382526   80.00000   78   34   92.99997   80.00000  14.0%  47.4 5020s
 20700759 382315 infeasible   75        92.99997   80.00000  14.0%  47.4 5025s
 20724132 382186   80.00000   76   30   92.99997   80.00000  14.0%  47.4 5030s
 20750709 382430 infeasible   77        92.99997   80.00000  14.0%  47.4 5035s
 20775134 382405 infeasible   75        92.99997   80.00000  14.0%  47.4 5040s
 20798857 382425 infeasible   78        92.99997   80.00000  14.0%  47.4 5045s
 20824253 382189 infeasible   80        92.99997   80.00000  14.0%  47.4 5050s
 20852093 382344   80.00000   68   22   92.99997   80.00000  14.0%  47.4 5055s
 20879896 382188   80.00000   76   34   92.99997   80.00000  14.0%  47.4 5060s
 20910927 383337   80.00000   76   28   92.99997   80.00000  14.0%  47.3 5065s
 20945017 383693 infeasible   80        92.99997   80.00000  14.0%  47.3 5070s
 20976261 383546   80.00000   76   23   92.99997   80.00000  14.0%  47.3 5075s
 21008101 383389   80.00000   80   19   92.99997   80.00000  14.0%  47.3 5080s
 21042708 383296   80.00000   80   17   92.99997   80.00000  14.0%  47.2 5085s
 21077957 383261 infeasible   80        92.99997   80.00000  14.0%  47.2 5090s
 21113501 383296   80.00000   77   34   92.99997   80.00000  14.0%  47.2 5095s
 21153329 383392   80.00000   74   14   92.99997   80.00000  14.0%  47.1 5100s
 21196569 383403   80.00000   81   22   92.99997   80.00000  14.0%  47.1 5105s
 21239716 383213   80.00000   75   15   92.99997   80.00000  14.0%  47.1 5110s
 21282666 383746   80.00000   82   21   92.99997   80.00000  14.0%  47.0 5115s
 21324259 383487   80.00000   79   19   92.99997   80.00000  14.0%  47.0 5120s
 21364484 383269   80.00000   81    8   92.99997   80.00000  14.0%  46.9 5125s
 21406561 383086   80.00000   79   26   92.99997   80.00000  14.0%  46.9 5130s
 21448349 383031   80.00000   65   30   92.99997   80.00000  14.0%  46.9 5135s
 21491784 383006 infeasible   81        92.99997   80.00000  14.0%  46.8 5140s
 21533276 383128 infeasible   83        92.99997   80.00000  14.0%  46.8 5145s
 21576580 382940 infeasible   79        92.99997   80.00000  14.0%  46.7 5150s
 21612911 382765 infeasible   77        92.99997   80.00000  14.0%  46.7 5155s
 21643086 382733 infeasible   84        92.99997   80.00000  14.0%  46.7 5160s
 21679262 382765 infeasible   80        92.99997   80.00000  14.0%  46.7 5165s
 21705802 382892   80.00000   78   21   92.99997   80.00000  14.0%  46.7 5170s
 21730830 382861   80.00000   73   25   92.99997   80.00000  14.0%  46.7 5175s
 21756540 382739   80.00000   86   26   92.99997   80.00000  14.0%  46.7 5180s
 21784653 382649   80.00000   71   20   92.99997   80.00000  14.0%  46.6 5185s
 21817132 382620 infeasible   76        92.99997   80.00000  14.0%  46.6 5190s
 21853507 382949 infeasible   88        92.99997   80.00000  14.0%  46.6 5195s
 21898123 382957   80.00000   71   15   92.99997   80.00000  14.0%  46.6 5200s
 21939278 383287 infeasible   82        92.99997   80.00000  14.0%  46.5 5205s
 21983407 383113   80.00000   61   37   92.99997   80.00000  14.0%  46.5 5210s
 22025576 382979   80.00000   81   24   92.99997   80.00000  14.0%  46.4 5215s
 22063781 382765 infeasible   84        92.99997   80.00000  14.0%  46.4 5220s
 22102666 382542   80.00000   80   19   92.99997   80.00000  14.0%  46.4 5225s
 22145926 382865   80.00000   79   27   92.99997   80.00000  14.0%  46.3 5230s
 22186218 382462   80.00000   77   15   92.99997   80.00000  14.0%  46.3 5235s
 22217290 382385 infeasible   80        92.99997   80.00000  14.0%  46.3 5240s
 22249909 382584 infeasible   85        92.99997   80.00000  14.0%  46.3 5245s
 22284954 382702 infeasible   73        92.99997   80.00000  14.0%  46.2 5250s
 22322214 382389 infeasible   86        92.99997   80.00000  14.0%  46.2 5255s
 22353018 382455 infeasible   77        92.99997   80.00000  14.0%  46.2 5260s
 22389890 382325 infeasible   87        92.99997   80.00000  14.0%  46.2 5265s
 22423520 382410   80.00000   69   20   92.99997   80.00000  14.0%  46.1 5270s
 22453113 382198 infeasible   83        92.99997   80.00000  14.0%  46.1 5275s
 22480709 382702 infeasible   70        92.99997   80.00000  14.0%  46.1 5280s
 22507834 382598 infeasible   74        92.99997   80.00000  14.0%  46.1 5285s
 22535800 382464 infeasible   75        92.99997   80.00000  14.0%  46.1 5290s
 22560501 382226 infeasible   80        92.99997   80.00000  14.0%  46.1 5295s
 22588277 382396 infeasible   77        92.99997   80.00000  14.0%  46.1 5300s
 22616503 382289   80.00000   78   21   92.99997   80.00000  14.0%  46.1 5305s
 22645481 382667 infeasible   79        92.99997   80.00000  14.0%  46.1 5310s
 22675887 383271 infeasible   80        92.99997   80.00000  14.0%  46.0 5315s
 22708295 383513   80.00000   74   21   92.99997   80.00000  14.0%  46.0 5320s
 22741437 383104 infeasible   83        92.99997   80.00000  14.0%  46.0 5325s
 22774064 382984   80.00000   82   18   92.99997   80.00000  14.0%  46.0 5330s
 22806873 382796 infeasible   82        92.99997   80.00000  14.0%  46.0 5335s
 22839779 382654   80.00000   67   21   92.99997   80.00000  14.0%  45.9 5340s
 22870894 382513 infeasible   80        92.99997   80.00000  14.0%  45.9 5345s
 22900190 382753 infeasible   83        92.99997   80.00000  14.0%  45.9 5350s
 22930784 382530 infeasible   81        92.99997   80.00000  14.0%  45.9 5355s
 22961314 382447   80.00000   76   15   92.99997   80.00000  14.0%  45.9 5360s
 22993086 382436   80.00000   77   28   92.99997   80.00000  14.0%  45.9 5365s
 23026103 382422 infeasible   81        92.99997   80.00000  14.0%  45.8 5370s
 23059902 382330 infeasible   83        92.99997   80.00000  14.0%  45.8 5375s
 23092340 382571   80.00000   78   28   92.99997   80.00000  14.0%  45.8 5380s
 23124838 382460 infeasible   75        92.99997   80.00000  14.0%  45.8 5385s
 23158390 382282   80.00000   76   31   92.99997   80.00000  14.0%  45.7 5390s
 23186995 382652   80.00000   78   24   92.99997   80.00000  14.0%  45.7 5395s
 23210622 382700   80.00000   78   31   92.99997   80.00000  14.0%  45.7 5400s
 23236063 382336   80.00000   72   20   92.99997   80.00000  14.0%  45.7 5405s
 23261756 382110 infeasible   82        92.99997   80.00000  14.0%  45.7 5410s
 23287447 382503   80.00000   64   38   92.99997   80.00000  14.0%  45.7 5415s
 23319943 383353   80.00000   79   33   92.99997   80.00000  14.0%  45.7 5420s
 23351503 382986   80.00000   88   26   92.99997   80.00000  14.0%  45.7 5425s
 23383049 382829   80.00000   75   21   92.99997   80.00000  14.0%  45.6 5430s
 23416916 382755 infeasible   83        92.99997   80.00000  14.0%  45.6 5435s
 23445041 382742 infeasible   83        92.99997   80.00000  14.0%  45.6 5440s
 23474105 382686 infeasible   78        92.99997   80.00000  14.0%  45.6 5445s
 23506548 382528   80.00000   70   35   92.99997   80.00000  14.0%  45.6 5450s
 23531809 382947   80.00000   71   22   92.99997   80.00000  14.0%  45.6 5455s
 23560135 382735   80.00000   74   34   92.99997   80.00000  14.0%  45.6 5460s
 23586248 382460 infeasible   76        92.99997   80.00000  14.0%  45.6 5465s
 23611437 382556 infeasible   75        92.99997   80.00000  14.0%  45.5 5470s
 23638523 382362 infeasible   79        92.99997   80.00000  14.0%  45.5 5475s
 23663951 382323   80.00000   76   32   92.99997   80.00000  14.0%  45.5 5480s
 23687802 382840   80.00000   74   32   92.99997   80.00000  14.0%  45.5 5485s
 23711037 382706 infeasible   84        92.99997   80.00000  14.0%  45.5 5490s
 23735313 382295 infeasible   79        92.99997   80.00000  14.0%  45.5 5495s
 23761283 382129 infeasible   76        92.99997   80.00000  14.0%  45.5 5500s
 23786014 382281 infeasible   70        92.99997   80.00000  14.0%  45.5 5505s
 23810252 382010   80.00000   59   30   92.99997   80.00000  14.0%  45.5 5510s
 23835509 382009   80.00000   73   34   92.99997   80.00000  14.0%  45.5 5515s
 23860796 381974 infeasible   75        92.99997   80.00000  14.0%  45.5 5520s
 23886543 381924   80.00000   67   28   92.99997   80.00000  14.0%  45.5 5525s
 23916301 382619 infeasible   73        92.99997   80.00000  14.0%  45.5 5530s
 23945132 382809 infeasible   75        92.99997   80.00000  14.0%  45.5 5535s
 23974275 383789   80.00000   75   22   92.99997   80.00000  14.0%  45.5 5540s
 24007733 385319   80.00000   76   22   92.99997   80.00000  14.0%  45.5 5545s
 24038045 386391   80.00000   80   26   92.99997   80.00000  14.0%  45.4 5550s
 24062492 386598 infeasible   70        92.99997   80.00000  14.0%  45.4 5555s
 24085557 386687 infeasible   78        92.99997   80.00000  14.0%  45.4 5560s
 24106685 386810 infeasible   76        92.99997   80.00000  14.0%  45.5 5565s
 24127641 386600 infeasible   75        92.99997   80.00000  14.0%  45.5 5570s
 24150266 386686 infeasible   74        92.99997   80.00000  14.0%  45.5 5575s
 24173618 386453   80.00000   75   21   92.99997   80.00000  14.0%  45.5 5580s
 24198877 386486 infeasible   70        92.99997   80.00000  14.0%  45.5 5585s
 24225480 386735   80.00000   81   24   92.99997   80.00000  14.0%  45.5 5590s
 24250810 386700 infeasible   79        92.99997   80.00000  14.0%  45.5 5595s
 24278199 387221 infeasible   85        92.99997   80.00000  14.0%  45.4 5600s
H24285928 387719                      92.9999687   80.00000  14.0%  45.4 5601s
 24304346 388276 infeasible   91        92.99997   80.00000  14.0%  45.4 5605s
 24332770 389509   80.00000   75   15   92.99997   80.00000  14.0%  45.4 5610s
 24360721 389849 infeasible   81        92.99997   80.00000  14.0%  45.4 5615s
 24390267 391568 infeasible   82        92.99997   80.00000  14.0%  45.4 5620s
 24419264 394040   80.00000   74   29   92.99997   80.00000  14.0%  45.4 5625s
 24449711 394838   80.00000   83   28   92.99997   80.00000  14.0%  45.4 5630s
 24486082 394961   80.00000   67   33   92.99997   80.00000  14.0%  45.4 5635s
 24523771 394415   80.00000   65   19   92.99997   80.00000  14.0%  45.4 5640s
 24550057 395664 infeasible   70        92.99997   80.00000  14.0%  45.4 5645s
 24575395 396187 infeasible   86        92.99997   80.00000  14.0%  45.4 5650s
 24605703 396494 infeasible   83        92.99997   80.00000  14.0%  45.4 5655s
 24634720 397466 infeasible   83        92.99997   80.00000  14.0%  45.4 5660s
 24664777 397896   80.00000   87   21   92.99997   80.00000  14.0%  45.4 5665s
 24694613 398138   80.00000   75   16   92.99997   80.00000  14.0%  45.3 5670s
 24721216 398388 infeasible   78        92.99997   80.00000  14.0%  45.3 5675s
 24750808 399180   80.00000   69   30   92.99997   80.00000  14.0%  45.3 5680s
 24781747 399394   80.00000   59   16   92.99997   80.00000  14.0%  45.3 5685s
 24810912 399860   80.00000   65   34   92.99997   80.00000  14.0%  45.3 5690s
 24839198 400573   80.00000   75   25   92.99997   80.00000  14.0%  45.3 5695s
 24869033 400676 infeasible   83        92.99997   80.00000  14.0%  45.3 5700s
 24896659 400978   80.00000   77   26   92.99997   80.00000  14.0%  45.3 5705s
 24923931 401379 infeasible   66        92.99997   80.00000  14.0%  45.3 5710s
 24949535 401815   80.00000   75   22   92.99997   80.00000  14.0%  45.3 5715s
 24977027 402568   80.02789   73   26   92.99997   80.00000  14.0%  45.3 5720s
 25004426 403191   80.00000   86   10   92.99997   80.00000  14.0%  45.3 5725s
 25032383 404605 infeasible   87        92.99997   80.00000  14.0%  45.3 5730s
 25058772 405749 infeasible   75        92.99997   80.00000  14.0%  45.3 5735s
 25085855 406717   80.00000   79   29   92.99997   80.00000  14.0%  45.3 5740s
 25111368 408189 infeasible   78        92.99997   80.00000  14.0%  45.3 5745s
 25136318 409886   80.00000   79   15   92.99997   80.00000  14.0%  45.3 5750s
 25162441 411181   80.00000   82   19   92.99997   80.00000  14.0%  45.3 5755s
 25187922 412501   80.00000   70   25   92.99997   80.00000  14.0%  45.3 5760s
 25212432 413405 infeasible   76        92.99997   80.00000  14.0%  45.3 5765s
 25239660 413958   80.00000   75   24   92.99997   80.00000  14.0%  45.3 5770s
 25269558 415097 infeasible   79        92.99997   80.00000  14.0%  45.3 5775s
 25304076 415631   80.00000   71   16   92.99997   80.00000  14.0%  45.3 5780s
 25333831 416522   80.00000   68   39   92.99997   80.00000  14.0%  45.3 5785s
 25360434 417513 infeasible   83        92.99997   80.00000  14.0%  45.3 5790s
 25387543 417680   80.00000   68   38   92.99997   80.00000  14.0%  45.3 5795s
 25415443 419486   80.00000   68   14   92.99997   80.00000  14.0%  45.2 5800s
 25443069 420432   80.00000   80   19   92.99997   80.00000  14.0%  45.2 5805s
 25470665 421505 infeasible   73        92.99997   80.00000  14.0%  45.2 5810s
 25495590 421632 infeasible   82        92.99997   80.00000  14.0%  45.2 5815s
 25524154 422452 infeasible   80        92.99997   80.00000  14.0%  45.2 5820s
 25552064 423034   80.00000   72   32   92.99997   80.00000  14.0%  45.2 5825s
 25581195 424582   80.00000   83   23   92.99997   80.00000  14.0%  45.2 5830s
 25610962 424953 infeasible   76        92.99997   80.00000  14.0%  45.2 5835s
 25636225 426153 infeasible   75        92.99997   80.00000  14.0%  45.2 5840s
 25664496 427377 infeasible   73        92.99997   80.00000  14.0%  45.2 5845s
 25699142 427679 infeasible   81        92.99997   80.00000  14.0%  45.2 5850s
 25732413 427631 infeasible   79        92.99997   80.00000  14.0%  45.2 5855s
 25759066 428310   80.00000   78   28   92.99997   80.00000  14.0%  45.2 5860s
 25784010 429012 infeasible   73        92.99997   80.00000  14.0%  45.2 5865s
 25811329 429576   80.00000   81   25   92.99997   80.00000  14.0%  45.2 5870s
 25840632 429659 infeasible   75        92.99997   80.00000  14.0%  45.2 5875s
 25867515 430043 infeasible   90        92.99997   80.00000  14.0%  45.2 5880s
 25895086 430237 infeasible   89        92.99997   80.00000  14.0%  45.2 5885s
 25922128 430555   80.00000   83   25   92.99997   80.00000  14.0%  45.2 5890s
 25952185 430218 infeasible   88        92.99997   80.00000  14.0%  45.1 5895s
 25979098 431511 infeasible   81        92.99997   80.00000  14.0%  45.1 5900s
 26005919 432266 infeasible   77        92.99997   80.00000  14.0%  45.1 5905s
 26029809 434269   80.00000   85   29   92.99997   80.00000  14.0%  45.1 5910s
 26054708 435271   80.00000   94   27   92.99997   80.00000  14.0%  45.1 5915s
 26084794 435402   80.00000   72   31   92.99997   80.00000  14.0%  45.1 5920s
 26113785 436852 infeasible   86        92.99997   80.00000  14.0%  45.1 5925s
 26136543 437727 infeasible   86        92.99997   80.00000  14.0%  45.1 5930s
 26157673 438297 infeasible   87        92.99997   80.00000  14.0%  45.1 5935s
 26178546 438920   80.00000   68   37   92.99997   80.00000  14.0%  45.1 5940s
 26201159 439793   80.00000   71   39   92.99997   80.00000  14.0%  45.1 5945s
 26230180 440055   80.00000   88   21   92.99997   80.00000  14.0%  45.1 5950s
 26262350 441092 infeasible   76        92.99997   80.00000  14.0%  45.1 5955s
 26294576 442231   80.00000   77   25   92.99997   80.00000  14.0%  45.1 5960s
 26331385 443909   80.00000   80   28   92.99997   80.00000  14.0%  45.1 5965s
 26368066 444433   80.00000   88   25   92.99997   80.00000  14.0%  45.1 5970s
 26393782 445544 infeasible   77        92.99997   80.00000  14.0%  45.1 5975s
 26419930 446542 infeasible   80        92.99997   80.00000  14.0%  45.1 5980s
 26451400 447068   80.00000   79   11   92.99997   80.00000  14.0%  45.1 5985s
 26481487 447652 infeasible   98        92.99997   80.00000  14.0%  45.1 5990s
 26513809 447607 infeasible   92        92.99997   80.00000  14.0%  45.0 5995s
 26544279 447776   80.00000   90   18   92.99997   80.00000  14.0%  45.0 6000s
 26568908 448651   80.00000   70   25   92.99997   80.00000  14.0%  45.0 6005s
 26599039 448278 infeasible   76        92.99997   80.00000  14.0%  45.0 6010s
 26627306 448667 infeasible   95        92.99997   80.00000  14.0%  45.0 6015s
 26654369 449601   80.00000   77   22   92.99997   80.00000  14.0%  45.0 6020s
 26682253 450108 infeasible   73        92.99997   80.00000  14.0%  45.0 6025s
 26712376 450520   80.00000   74   25   92.99997   80.00000  14.0%  45.0 6030s
 26742923 450896 infeasible   72        92.99997   80.00000  14.0%  45.0 6035s
 26773076 451894 infeasible   73        92.99997   80.00000  14.0%  45.0 6040s
 26799197 453322 infeasible   90        92.99997   80.00000  14.0%  45.0 6045s
 26825297 454785   80.00000   82   27   92.99997   80.00000  14.0%  45.0 6050s
 26848564 455860 infeasible   99        92.99997   80.00000  14.0%  45.0 6055s
 26872356 456870 infeasible   78        92.99997   80.00000  14.0%  45.0 6060s
 26904907 458914   80.00000  102   22   92.99997   80.00000  14.0%  45.0 6065s
 26943876 459629   80.00000   91   35   92.99997   80.00000  14.0%  45.0 6070s
 26971066 460533 infeasible   94        92.99997   80.00000  14.0%  45.0 6075s
 26995489 461487   80.00000   70   21   92.99997   80.00000  14.0%  45.0 6080s
 27020576 462154 infeasible   91        92.99997   80.00000  14.0%  45.0 6085s
 27051167 463677   80.00000   96   11   92.99997   80.00000  14.0%  45.0 6090s
 27089042 465967 infeasible   83        92.99997   80.00000  14.0%  44.9 6095s
 27127384 467285 infeasible   92        92.99997   80.00000  14.0%  44.9 6100s
 27165547 468515 infeasible   91        92.99997   80.00000  14.0%  44.9 6105s
 27194527 470137   80.00000   72   26   92.99997   80.00000  14.0%  44.9 6110s
 27219139 471220   80.00000   78   24   92.99997   80.00000  14.0%  44.9 6115s
 27244443 471834   80.00000   73   20   92.99997   80.00000  14.0%  44.9 6120s
 27276958 472201   80.00000   79   22   92.99997   80.00000  14.0%  44.9 6125s
 27308674 475334   80.00000   77   35   92.99997   80.00000  14.0%  44.9 6130s
 27335668 477509 infeasible   88        92.99997   80.00000  14.0%  44.9 6135s
 27365819 479517 infeasible   92        92.99997   80.00000  14.0%  44.9 6140s
 27396182 481545 infeasible   84        92.99997   80.00000  14.0%  44.9 6145s
 27430429 484773 infeasible   89        92.99997   80.00000  14.0%  44.8 6150s
 27471281 486688   80.00000   83   23   92.99997   80.00000  14.0%  44.8 6155s
 27505973 488143   80.00000   89   33   92.99997   80.00000  14.0%  44.8 6160s
 27536211 490018 infeasible   85        92.99997   80.00000  14.0%  44.8 6165s
 27569370 491802   80.00000   91   14   92.99997   80.00000  14.0%  44.8 6170s
 27605812 493751 infeasible   90        92.99997   80.00000  14.0%  44.8 6175s
 27643335 495102   80.00000   81    8   92.99997   80.00000  14.0%  44.8 6180s
 27675536 497081   80.00000   82   23   92.99997   80.00000  14.0%  44.7 6185s
 27708158 498562 infeasible   79        92.99997   80.00000  14.0%  44.7 6190s
 27744794 501237 infeasible   76        92.99997   80.00000  14.0%  44.7 6195s
 27783088 502856 infeasible   87        92.99997   80.00000  14.0%  44.7 6200s
 27821532 504365 infeasible   89        92.99997   80.00000  14.0%  44.7 6205s
 27851002 505031   80.00000   75   33   92.99997   80.00000  14.0%  44.7 6210s
 27879707 505116   80.00000   94   27   92.99997   80.00000  14.0%  44.7 6215s
 27907231 505761   80.00000   71   14   92.99997   80.00000  14.0%  44.7 6220s
 27939242 507089   80.00000   84   11   92.99997   80.00000  14.0%  44.7 6225s
 27969796 509226   80.00000   79   27   92.99997   80.00000  14.0%  44.6 6230s
 27996306 511164 infeasible   82        92.99997   80.00000  14.0%  44.6 6235s
 28024638 512953 infeasible  103        92.99997   80.00000  14.0%  44.6 6240s
 28051263 514603 infeasible   91        92.99997   80.00000  14.0%  44.6 6245s
 28079144 516069   80.00000   81   14   92.99997   80.00000  14.0%  44.6 6250s
 28108129 516806 infeasible   94        92.99997   80.00000  14.0%  44.6 6255s
 28138036 518190 infeasible   86        92.99997   80.00000  14.0%  44.6 6260s
 28166941 518241 infeasible   80        92.99997   80.00000  14.0%  44.6 6265s
 28194147 518171 infeasible   76        92.99997   80.00000  14.0%  44.6 6270s
 28222978 518364   80.00000   81   18   92.99997   80.00000  14.0%  44.6 6275s
 28250049 519240 infeasible   84        92.99997   80.00000  14.0%  44.6 6280s
 28276715 520286   80.00000   77   32   92.99997   80.00000  14.0%  44.6 6285s
 28304611 521003 infeasible   85        92.99997   80.00000  14.0%  44.6 6290s
 28333363 521944   80.00000   84   36   92.99997   80.00000  14.0%  44.6 6295s
 28363777 523457 infeasible   79        92.99997   80.00000  14.0%  44.6 6300s
 28395635 523852 infeasible   84        92.99997   80.00000  14.0%  44.6 6305s
 28425824 524690 infeasible   84        92.99997   80.00000  14.0%  44.6 6310s
 28454342 525390 infeasible   80        92.99997   80.00000  14.0%  44.6 6315s
 28483311 526094   80.00000   74   27   92.99997   80.00000  14.0%  44.6 6320s
 28515798 528485   80.00000   61   24   92.99997   80.00000  14.0%  44.6 6325s
 28549285 531998   80.00000   87   31   92.99997   80.00000  14.0%  44.5 6330s
 28582938 534474   80.00000   82   23   92.99997   80.00000  14.0%  44.5 6335s
 28615888 536108   80.00000   88   28   92.99997   80.00000  14.0%  44.5 6340s
 28646036 537245 infeasible   85        92.99997   80.00000  14.0%  44.5 6345s
 28673503 537500 infeasible   82        92.99997   80.00000  14.0%  44.5 6350s
 28704971 538073 infeasible   94        92.99997   80.00000  14.0%  44.5 6355s
 28737115 538440 infeasible   75        92.99997   80.00000  14.0%  44.5 6360s
 28770400 539682   80.00000   79   28   92.99997   80.00000  14.0%  44.5 6365s
 28805623 540289   80.00000   88   34   92.99997   80.00000  14.0%  44.5 6370s
 28839286 540546   80.00000   91   30   92.99997   80.00000  14.0%  44.5 6375s
 28873121 540652   80.00000   87   32   92.99997   80.00000  14.0%  44.4 6380s
 28907044 540982 infeasible   84        92.99997   80.00000  14.0%  44.4 6385s
 28941012 541452   80.00000   79   26   92.99997   80.00000  14.0%  44.4 6390s
 28974276 542042   80.00000   81   23   92.99997   80.00000  14.0%  44.4 6395s
 29007986 543171   80.00000   83   36   92.99997   80.00000  14.0%  44.4 6400s
 29042814 543669   80.00000   80   23   92.99997   80.00000  14.0%  44.4 6405s
 29078107 543939   80.00000   76   22   92.99997   80.00000  14.0%  44.4 6410s
 29112617 544611 infeasible   85        92.99997   80.00000  14.0%  44.4 6415s
 29147252 545053   80.00000   80   21   92.99997   80.00000  14.0%  44.3 6420s
 29182394 545814 infeasible   78        92.99997   80.00000  14.0%  44.3 6425s
 29218845 546161 infeasible   84        92.99997   80.00000  14.0%  44.3 6430s
 29255199 546769   80.00000   62   22   92.99997   80.00000  14.0%  44.3 6435s
 29291201 547192 infeasible   76        92.99997   80.00000  14.0%  44.3 6440s
 29327638 547912 infeasible   88        92.99997   80.00000  14.0%  44.3 6445s
 29364027 548204   80.00000   93   24   92.99997   80.00000  14.0%  44.3 6450s
 29398802 548261 infeasible   96        92.99997   80.00000  14.0%  44.3 6455s
 29432735 548746 infeasible   83        92.99997   80.00000  14.0%  44.2 6460s
 29469208 549217 infeasible   83        92.99997   80.00000  14.0%  44.2 6465s
 29503426 549869 infeasible   85        92.99997   80.00000  14.0%  44.2 6470s
 29538298 550194 infeasible   73        92.99997   80.00000  14.0%  44.2 6475s
 29570802 550346 infeasible   74        92.99997   80.00000  14.0%  44.2 6480s
 29606091 550375 infeasible   84        92.99997   80.00000  14.0%  44.2 6485s
 29640588 550760 infeasible   79        92.99997   80.00000  14.0%  44.1 6490s
 29674938 551577   80.00000   85   27   92.99997   80.00000  14.0%  44.1 6495s
 29711631 551791   80.00000   85    8   92.99997   80.00000  14.0%  44.1 6500s
 29746846 553741   80.00000   64   25   92.99997   80.00000  14.0%  44.1 6505s
 29776921 554626 infeasible   96        92.99997   80.00000  14.0%  44.1 6510s
 29807089 555016   80.00000   91   21   92.99997   80.00000  14.0%  44.1 6515s
 29842934 555566   80.00000   82   19   92.99997   80.00000  14.0%  44.1 6520s
 29872167 556279   80.00000   91   21   92.99997   80.00000  14.0%  44.1 6525s
 29904297 557739 infeasible   96        92.99997   80.00000  14.0%  44.0 6530s
 29933824 558595 infeasible   79        92.99997   80.00000  14.0%  44.0 6535s
 29963013 558992   80.00000  107   15   92.99997   80.00000  14.0%  44.0 6540s
 29995405 559459 infeasible   93        92.99997   80.00000  14.0%  44.0 6545s
 30029448 560347 infeasible   73        92.99997   80.00000  14.0%  44.0 6550s
 30064969 560921   80.00000   82   16   92.99997   80.00000  14.0%  44.0 6555s
 30099836 561695 infeasible   82        92.99997   80.00000  14.0%  44.0 6560s
 30137220 561912 infeasible   80        92.99997   80.00000  14.0%  44.0 6565s
 30172706 562569 infeasible   95        92.99997   80.00000  14.0%  43.9 6570s
 30210609 562553   80.00000   85   18   92.99997   80.00000  14.0%  43.9 6575s
 30247177 562608 infeasible   83        92.99997   80.00000  14.0%  43.9 6580s
 30284368 562550   80.00000   79   27   92.99997   80.00000  14.0%  43.9 6585s
 30323379 563147 infeasible   80        92.99997   80.00000  14.0%  43.8 6590s
 30356788 563599   80.00000   84   20   92.99997   80.00000  14.0%  43.8 6595s
 30389078 564256   80.00000   81   17   92.99997   80.00000  14.0%  43.8 6600s
 30423605 564506   80.00000   78   37   92.99997   80.00000  14.0%  43.8 6605s
 30458391 564907 infeasible   84        92.99997   80.00000  14.0%  43.8 6610s
 30495521 565480 infeasible   94        92.99997   80.00000  14.0%  43.8 6615s
 30535196 565954   80.00000   72   25   92.99997   80.00000  14.0%  43.8 6620s
 30574607 566217   80.00000   77   26   92.99997   80.00000  14.0%  43.7 6625s
 30614760 566451 infeasible   77        92.99997   80.00000  14.0%  43.7 6630s
 30653989 567146   80.00000   93   40   92.99997   80.00000  14.0%  43.7 6635s
 30693042 567202 infeasible   78        92.99997   80.00000  14.0%  43.7 6640s
 30731225 568620 infeasible   73        92.99997   80.00000  14.0%  43.7 6645s
 30764214 569064   80.00000   76   19   92.99997   80.00000  14.0%  43.6 6650s
 30795899 569247 infeasible   89        92.99997   80.00000  14.0%  43.6 6655s
 30827654 569529   80.00000   89   20   92.99997   80.00000  14.0%  43.6 6660s
 30860441 569920   80.00000   83   20   92.99997   80.00000  14.0%  43.6 6665s
 30895023 570127 infeasible   83        92.99997   80.00000  14.0%  43.6 6670s
 30930790 571769   80.00000   71   29   92.99997   80.00000  14.0%  43.6 6675s
 30965384 573056   80.00000   81   16   92.99997   80.00000  14.0%  43.6 6680s
 31002161 573767   80.00000   76   27   92.99997   80.00000  14.0%  43.6 6685s
 31036226 574395 infeasible   86        92.99997   80.00000  14.0%  43.5 6690s
 31066977 575381 infeasible   79        92.99997   80.00000  14.0%  43.5 6695s
 31100607 576254 infeasible   82        92.99997   80.00000  14.0%  43.5 6700s
 31138308 576834 infeasible   77        92.99997   80.00000  14.0%  43.5 6705s
 31173780 578995 infeasible   82        92.99997   80.00000  14.0%  43.5 6710s
 31207006 580269   80.00000   82   33   92.99997   80.00000  14.0%  43.5 6715s
 31237804 582525 infeasible   89        92.99997   80.00000  14.0%  43.5 6720s
 31267182 583676 infeasible   85        92.99997   80.00000  14.0%  43.5 6725s
 31297948 584510   80.00000   79    8   92.99997   80.00000  14.0%  43.5 6730s
 31329858 586523   80.00000   94   28   92.99997   80.00000  14.0%  43.5 6735s
 31360347 588756   80.00000   78   28   92.99997   80.00000  14.0%  43.5 6740s
 31392756 590831   80.00000   73   29   92.99997   80.00000  14.0%  43.5 6745s
 31423216 592082 infeasible   83        92.99997   80.00000  14.0%  43.5 6750s
 31452776 594575 infeasible   80        92.99997   80.00000  14.0%  43.5 6755s
 31483633 595840 infeasible   90        92.99997   80.00000  14.0%  43.5 6760s
 31514854 597058 infeasible   76        92.99997   80.00000  14.0%  43.5 6765s
 31545400 598485 infeasible   78        92.99997   80.00000  14.0%  43.5 6770s
 31582072 599760 infeasible   92        92.99997   80.00000  14.0%  43.4 6775s
 31615388 600377 infeasible   82        92.99997   80.00000  14.0%  43.4 6780s
 31651479 600790   80.00000   97   26   92.99997   80.00000  14.0%  43.4 6785s
 31685716 601342   80.00000   77   35   92.99997   80.00000  14.0%  43.4 6790s
 31717584 601821   80.00000   68   39   92.99997   80.00000  14.0%  43.4 6795s
 31750616 603186 infeasible   81        92.99997   80.00000  14.0%  43.4 6800s
 31785204 603870   80.00000   86   33   92.99997   80.00000  14.0%  43.4 6805s
 31819249 605410 infeasible   79        92.99997   80.00000  14.0%  43.4 6810s
 31851414 606651 infeasible   97        92.99997   80.00000  14.0%  43.4 6815s
 31883937 608791   80.00000   78   39   92.99997   80.00000  14.0%  43.4 6820s
 31918752 611049 infeasible   72        92.99997   80.00000  14.0%  43.4 6825s
 31949157 611809 infeasible   74        92.99997   80.00000  14.0%  43.4 6830s
 31979211 612904   80.00000   82   25   92.99997   80.00000  14.0%  43.4 6835s
 32011638 614705 infeasible   72        92.99997   80.00000  14.0%  43.4 6840s
 32039464 615928 infeasible   63        92.99997   80.00000  14.0%  43.4 6845s
 32069705 616893   80.00000   80   31   92.99997   80.00000  14.0%  43.4 6850s
 32103478 619179   80.00000   83   31   92.99997   80.00000  14.0%  43.4 6855s
 32135204 620152   80.00000   77   21   92.99997   80.00000  14.0%  43.3 6860s
 32161713 620578 infeasible   77        92.99997   80.00000  14.0%  43.3 6865s
 32190093 620468 infeasible   87        92.99997   80.00000  14.0%  43.3 6870s
 32218757 620367 infeasible   81        92.99997   80.00000  14.0%  43.3 6875s
 32251517 620486   80.00000   76   31   92.99997   80.00000  14.0%  43.3 6880s
 32282834 620245   80.00000   75   19   92.99997   80.00000  14.0%  43.3 6885s
 32309881 620738 infeasible   82        92.99997   80.00000  14.0%  43.3 6890s
 32339584 622082 infeasible   68        92.99997   80.00000  14.0%  43.3 6895s
 32370233 622475 infeasible   73        92.99997   80.00000  14.0%  43.3 6900s
 32402335 623444   80.00000   76   23   92.99997   80.00000  14.0%  43.3 6905s
 32442154 625922 infeasible   86        92.99997   80.00000  14.0%  43.3 6910s
 32477030 628139 infeasible   81        92.99997   80.00000  14.0%  43.3 6915s
 32510060 629385   80.00000   75   30   92.99997   80.00000  14.0%  43.3 6920s
 32546264 631112   80.00000   86   11   92.99997   80.00000  14.0%  43.3 6925s
 32585334 633178   80.00000   68   35   92.99997   80.00000  14.0%  43.3 6930s
 32623433 634508   80.00000   80   31   92.99997   80.00000  14.0%  43.2 6935s
 32658456 635844 infeasible   81        92.99997   80.00000  14.0%  43.2 6940s
 32694599 638089 infeasible   83        92.99997   80.00000  14.0%  43.2 6945s
 32727403 640025   80.00000   65   24   92.99997   80.00000  14.0%  43.2 6950s
 32766246 641991 infeasible   83        92.99997   80.00000  14.0%  43.2 6955s
 32799497 644416 infeasible   81        92.99997   80.00000  14.0%  43.2 6960s
 32828598 646350   80.00000   96   13   92.99997   80.00000  14.0%  43.2 6965s
 32860280 647443   80.00000   79   20   92.99997   80.00000  14.0%  43.2 6970s
 32891354 649078 infeasible   83        92.99997   80.00000  14.0%  43.2 6975s
 32924214 650653   80.00000   87   24   92.99997   80.00000  14.0%  43.1 6980s
 32957111 651997   80.00000   81   18   92.99997   80.00000  14.0%  43.1 6985s
 32989044 652975   80.00000   73   16   92.99997   80.00000  14.0%  43.1 6990s
 33022652 653506   80.00000   83   22   92.99997   80.00000  14.0%  43.1 6995s
 33055468 654385   80.00000   89   19   92.99997   80.00000  14.0%  43.1 7000s
 33088182 654974   80.00000   83   11   92.99997   80.00000  14.0%  43.1 7005s
 33124489 655291 infeasible   89        92.99997   80.00000  14.0%  43.1 7010s
 33157348 655936 infeasible   84        92.99997   80.00000  14.0%  43.1 7015s
 33190084 656356 infeasible   83        92.99997   80.00000  14.0%  43.1 7020s
 33223195 656385 infeasible   80        92.99997   80.00000  14.0%  43.0 7025s
 33256332 656451 infeasible   81        92.99997   80.00000  14.0%  43.0 7030s
 33293117 656829 infeasible   85        92.99997   80.00000  14.0%  43.0 7035s
 33324669 656960   80.00000   83   34   92.99997   80.00000  14.0%  43.0 7040s
 33360659 657627   80.00000   71   19   92.99997   80.00000  14.0%  43.0 7045s
 33396386 658082   80.00000   86   25   92.99997   80.00000  14.0%  43.0 7050s
 33425592 658607   80.00000   81   22   92.99997   80.00000  14.0%  43.0 7055s
 33455226 658663 infeasible   80        92.99997   80.00000  14.0%  43.0 7060s
 33489677 658948 infeasible   85        92.99997   80.00000  14.0%  43.0 7065s
 33527272 659351   80.00000   75   19   92.99997   80.00000  14.0%  43.0 7070s
 33568427 659887 infeasible   82        92.99997   80.00000  14.0%  42.9 7075s
 33608598 660232 infeasible   82        92.99997   80.00000  14.0%  42.9 7080s
 33647310 660695 infeasible   90        92.99997   80.00000  14.0%  42.9 7085s
 33685288 661475   80.00000   80   33   92.99997   80.00000  14.0%  42.9 7090s
 33724944 661360 infeasible   87        92.99997   80.00000  14.0%  42.9 7095s
 33764888 661896 infeasible   84        92.99997   80.00000  14.0%  42.9 7100s
 33805083 662311   80.00000   82   28   92.99997   80.00000  14.0%  42.9 7105s
 33845315 662352   80.00000   88   27   92.99997   80.00000  14.0%  42.8 7110s
 33884442 662445 infeasible   92        92.99997   80.00000  14.0%  42.8 7115s
 33919996 662785 infeasible   71        92.99997   80.00000  14.0%  42.8 7120s
 33952381 663212 infeasible   85        92.99997   80.00000  14.0%  42.8 7125s
 33984737 663583   80.00000   69   47   92.99997   80.00000  14.0%  42.8 7130s
 34020005 664493 infeasible   80        92.99997   80.00000  14.0%  42.8 7135s
 34055671 664479   80.00000   81   16   92.99997   80.00000  14.0%  42.8 7140s
 34091906 664681   80.00000   74   13   92.99997   80.00000  14.0%  42.8 7145s
 34128017 665078     cutoff   79        92.99997   80.00000  14.0%  42.8 7150s
 34170313 665279 infeasible   78        92.99997   80.00000  14.0%  42.7 7155s
 34214086 665323   80.00000   72   21   92.99997   80.00000  14.0%  42.7 7160s
 34250748 665581 infeasible   85        92.99997   80.00000  14.0%  42.7 7165s
 34283898 665909 infeasible   92        92.99997   80.00000  14.0%  42.7 7170s
 34315925 666312 infeasible   83        92.99997   80.00000  14.0%  42.7 7175s
 34347313 666326   80.00000   91    4   92.99997   80.00000  14.0%  42.7 7180s
 34377937 667432 infeasible   93        92.99997   80.00000  14.0%  42.7 7185s
 34409237 668582 infeasible   92        92.99997   80.00000  14.0%  42.7 7190s
 34444011 669540 infeasible   83        92.99997   80.00000  14.0%  42.7 7195s
 34476802 670032   80.00000   92   17   92.99997   80.00000  14.0%  42.7 7200s

Cutting planes:
  Learned: 9
  Gomory: 2
  Implied bound: 13
  Projected implied bound: 4
  MIR: 5
  Mixing: 1
  Flow cover: 48
  RLT: 6
  Relax-and-lift: 6
  BQP: 3

Explored 34477408 nodes (1471087729 simplex iterations) in 7200.09 seconds (13155.09 work units)
Thread count was 8 (of 192 available processors)

Solution count 10: 93 93 93 ... 93

Time limit reached
Best objective 9.299996871276e+01, best bound 7.999999999994e+01, gap 13.9785%

User-callback calls 73319745, time in user-callback 10.54 sec

AVANT CALCUL DES AUTRES INDICATEURS
Obj_rho = 93
Obj_lambda = 0
Obj_phi = 0
AVANT CALCUL DES AUTRES INDICATEURS
Obj_rho = 93
Obj_lambda = 0
Obj_phi = 0
✅ Solution trouvée (status: TIME_LIMIT)
🎯 Objective global: 92.99996871275717
⏱️ Time used: 7200.09
Nombre de vols satisfaits: 196
Nombre de vols non satisfaits: 0

✈️ Paths for each aircraft:

🛩️ Aircraft N607AS path (27 nodes): s_(u=0, v=0, w=0) ➡️  N607AS_(u=3166, v=27, w=6) ➡️  ANC_SEA_137_389_(u=3339, v=28, w=6) ➡️  SEA_ANC_582_739_(u=3533, v=29, w=6) ➡️  ANC_SEA_1660_1931_(u=3724, v=30, w=7) ➡️  SEA_ANC_2030_2168_(u=3900, v=31, w=7) ➡️  ANC_CDV_2249_2310_(u=3937, v=32, w=7) ➡️  CDV_YAK_2357_2404_(u=3975, v=33, w=7) ➡️  YAK_JNU_2447_2500_(u=4009, v=34, w=7) ➡️  JNU_SEA_2569_2776_(u=4126, v=35, w=7) ➡️  SEA_LAS_3342_3511_(u=4254, v=36, w=8) ➡️  LAS_SEA_3563_3728_(u=4389, v=37, w=8) ➡️  SEA_ATL_3841_4313_(u=4653, v=38, w=8) ➡️  ATL_SEA_4752_4910_(u=4940, v=39, w=9) ➡️  SEA_RDM_4991_5054_(u=4978, v=40, w=9) ➡️  RDM_SEA_5133_5199_(u=5026, v=41, w=9) ➡️  SEA_ANC_5295_5444_(u=5215, v=42, w=9) ➡️  ANC_JNU_6410_6511_(u=5298, v=43, w=10) ➡️  JNU_PSG_6558_6607_(u=5328, v=44, w=10) ➡️  PSG_WRG_6650_6684_(u=5344, v=45, w=10) ➡️  WRG_KTN_6726_6760_(u=5366, v=46, w=10) ➡️  KTN_SEA_6808_6973_(u=5456, v=47, w=10) ➡️  SEA_MCI_7916_8251_(u=5641, v=48, w=11) ➡️  MCI_SEA_8308_8432_(u=5841, v=49, w=11) ➡️  SEA_JNU_8494_8605_(u=5987, v=50, w=11) ➡️  JNU_SEA_9259_9463_(u=99, v=1, w=1) ➡️  SEA_PHX_9550_9765_(u=235, v=2, w=1) ➡️  PHX_SEA_9831_9982_(u=418, v=3, w=1) ➡️  SEA_FAI_10053_10220_(u=622, v=4, w=1) ➡️  t_(u=0, v=0, w=0)

🛩️ Aircraft N585AS path (29 nodes): s_(u=0, v=0, w=0) ➡️  N585AS_(u=3542, v=30, w=6) ➡️  ANC_SEA_162_428_(u=3716, v=31, w=6) ➡️  SEA_ANC_479_633_(u=3909, v=32, w=6) ➡️  ANC_SEA_715_980_(u=4090, v=33, w=6) ➡️  SEA_BUR_1045_1181_(u=4208, v=34, w=6) ➡️  BUR_SEA_1268_1435_(u=4346, v=35, w=6) ➡️  SEA_SJC_1855_1984_(u=4456, v=36, w=7) ➡️  SJC_SEA_2047_2171_(u=4553, v=37, w=7) ➡️  SEA_SBA_2265_2429_(u=4684, v=38, w=7) ➡️  SBA_SEA_2482_2633_(u=4800, v=39, w=7) ➡️  SEA_PDX_2732_2790_(u=4829, v=40, w=7) ➡️  PDX_ANC_2866_3034_(u=5032, v=41, w=7) ➡️  ANC_SEA_3102_3363_(u=5206, v=42, w=8) ➡️  SEA_ANC_3462_3616_(u=5394, v=43, w=8) ➡️  ANC_JNU_4064_4188_(u=5487, v=44, w=8) ➡️  JNU_SIT_4227_4276_(u=5510, v=45, w=8) ➡️  SIT_JNU_4672_4708_(u=5533, v=46, w=9) ➡️  JNU_ANC_4773_4879_(u=5621, v=47, w=9) ➡️  ANC_BET_4949_5073_(u=5678, v=48, w=9) ➡️  BET_ANC_5111_5186_(u=5739, v=49, w=9) ➡️  ANC_SEA_5503_5765_(u=5920, v=50, w=9) ➡️  SEA_LIH_6321_6593_(u=361, v=1, w=1) ➡️  LIH_SEA_6647_7117_(u=677, v=2, w=1) ➡️  SEA_DFW_7182_7527_(u=874, v=3, w=1) ➡️  DFW_SEA_7641_7776_(u=1100, v=4, w=2) ➡️  SEA_DFW_7967_8313_(u=1298, v=5, w=2) ➡️  DFW_SEA_8423_8562_(u=1530, v=6, w=2) ➡️  SEA_SAN_9117_9279_(u=1644, v=7, w=3) ➡️  SAN_MCO_9359_9801_(u=1880, v=8, w=3) ➡️  MCO_SEA_9867_10065_(u=2226, v=9, w=3) ➡️  t_(u=0, v=0, w=0)

🛩️ Aircraft N317AS path (29 nodes): s_(u=0, v=0, w=0) ➡️  N317AS_(u=0, v=0, w=1) ➡️  FAI_SEA_201_455_(u=177, v=1, w=1) ➡️  SEA_LAX_528_675_(u=298, v=2, w=1) ➡️  LAX_SEA_743_917_(u=446, v=3, w=1) ➡️  SEA_SFO_990_1113_(u=549, v=4, w=1) ➡️  SFO_SEA_1177_1307_(u=648, v=5, w=1) ➡️  SEA_ORD_1795_2159_(u=858, v=6, w=2) ➡️  ORD_PDX_2215_2349_(u=1093, v=7, w=2) ➡️  PDX_ONT_2434_2569_(u=1215, v=8, w=2) ➡️  ONT_PDX_2628_2754_(u=1326, v=9, w=2) ➡️  PDX_SEA_3178_3252_(u=1362, v=10, w=3) ➡️  SEA_ANC_3375_3530_(u=1553, v=11, w=3) ➡️  ANC_SEA_3593_3853_(u=1736, v=12, w=3) ➡️  SEA_ONT_3941_4070_(u=1846, v=13, w=3) ➡️  ONT_SEA_4675_4856_(u=2002, v=14, w=4) ➡️  SEA_DCA_4891_5368_(u=2273, v=15, w=4) ➡️  DCA_SEA_5437_5593_(u=2588, v=16, w=4) ➡️  SEA_SLC_6187_6360_(u=2680, v=17, w=5) ➡️  SLC_SEA_6449_6557_(u=2792, v=18, w=5) ➡️  SEA_LAX_6651_6804_(u=2914, v=19, w=5) ➡️  LAX_SEA_6863_7042_(u=3067, v=20, w=5) ➡️  SEA_SNA_7578_7729_(u=3192, v=21, w=6) ➡️  SNA_SEA_7783_7960_(u=3352, v=22, w=6) ➡️  SEA_PHX_8018_8241_(u=3490, v=23, w=6) ➡️  PHX_ANC_8336_8626_(u=3867, v=24, w=6) ➡️  ANC_SEA_8684_8926_(u=4025, v=25, w=7) ➡️  SEA_PHX_9068_9279_(u=4158, v=26, w=7) ➡️  PHX_SEA_9344_9480_(u=4327, v=27, w=7) ➡️  SEA_DEN_9579_9790_(u=4457, v=28, w=7) ➡️  DEN_SEA_9846_9966_(u=4612, v=29, w=7) ➡️  t_(u=0, v=0, w=0)

🛩️ Aircraft N587AS path (32 nodes): s_(u=0, v=0, w=0) ➡️  N587AS_(u=0, v=0, w=1) ➡️  JNU_SEA_310_514_(u=116, v=1, w=1) ➡️  SEA_PIT_580_1048_(u=374, v=2, w=1) ➡️  PIT_SEA_1104_1236_(u=648, v=3, w=1) ➡️  SEA_SLC_1846_2021_(u=744, v=4, w=2) ➡️  SLC_SEA_2122_2206_(u=845, v=5, w=2) ➡️  SEA_SJC_2247_2382_(u=962, v=6, w=2) ➡️  SJC_SEA_2432_2554_(u=1057, v=7, w=2) ➡️  SEA_IAH_2838_3229_(u=1289, v=8, w=2) ➡️  IAH_SEA_3299_3463_(u=1533, v=9, w=3) ➡️  SEA_DEN_3550_3770_(u=1669, v=10, w=3) ➡️  DEN_SEA_3827_3928_(u=1808, v=11, w=3) ➡️  SEA_PHX_4087_4345_(u=1944, v=12, w=3) ➡️  PHX_SEA_4706_4849_(u=2123, v=13, w=4) ➡️  SEA_CLE_4925_5380_(u=2358, v=14, w=4) ➡️  CLE_SEA_5435_5585_(u=2634, v=15, w=4) ➡️  SEA_LAS_6225_6362_(u=2745, v=16, w=5) ➡️  LAS_SEA_6427_6598_(u=2891, v=17, w=5) ➡️  SEA_PHX_6669_6910_(u=3024, v=18, w=5) ➡️  PHX_SEA_6965_7117_(u=3203, v=19, w=5) ➡️  SEA_PDX_7152_7210_(u=3232, v=20, w=5) ➡️  PDX_SEA_7495_7564_(u=3264, v=21, w=6) ➡️  SEA_PHX_7626_7841_(u=3399, v=22, w=6) ➡️  PHX_SEA_7908_8038_(u=3560, v=23, w=6) ➡️  SEA_PHX_8109_8330_(u=3696, v=24, w=6) ➡️  PHX_SEA_8407_8537_(u=3860, v=25, w=6) ➡️  SEA_ORD_8600_8957_(u=4068, v=26, w=6) ➡️  ORD_PDX_9026_9156_(u=4300, v=27, w=7) ➡️  PDX_SEA_9262_9310_(u=4332, v=28, w=7) ➡️  SEA_BOI_9372_9523_(u=4394, v=29, w=7) ➡️  BOI_SEA_9582_9616_(u=4468, v=30, w=7) ➡️  SEA_LIH_9718_9994_(u=4813, v=31, w=7) ➡️  LIH_SAN_10060_10521_(u=5132, v=32, w=7) ➡️  t_(u=0, v=0, w=0)

🛩️ Aircraft N284AK path (23 nodes): s_(u=0, v=0, w=0) ➡️  N284AK_(u=0, v=0, w=1) ➡️  PHX_PDX_356_453_(u=138, v=1, w=1) ➡️  PDX_FLL_541_1050_(u=449, v=2, w=1) ➡️  FLL_SFO_1118_1320_(u=802, v=3, w=1) ➡️  SFO_FLL_1383_1870_(u=1079, v=4, w=1) ➡️  FLL_PDX_2018_2231_(u=1440, v=5, w=2) ➡️  PDX_JFK_2322_2828_(u=1728, v=6, w=2) ➡️  JFK_PSP_3414_3583_(u=2053, v=7, w=3) ➡️  PSP_SEA_3697_3873_(u=2207, v=8, w=3) ➡️  SEA_SAN_4005_4151_(u=2328, v=9, w=3) ➡️  SAN_TPA_4795_5235_(u=2561, v=10, w=4) ➡️  TPA_SAN_5307_5449_(u=2849, v=11, w=4) ➡️  SAN_SEA_5512_5695_(u=3003, v=12, w=4) ➡️  SEA_DAL_6207_6549_(u=3202, v=13, w=5) ➡️  DAL_SEA_6619_6766_(u=3452, v=14, w=5) ➡️  SEA_SNA_6813_6972_(u=3579, v=15, w=5) ➡️  SNA_SEA_7009_7192_(u=3733, v=16, w=5) ➡️  SEA_LIH_7702_8038_(u=4065, v=17, w=6) ➡️  LIH_SEA_8108_8604_(u=4405, v=18, w=6) ➡️  SEA_SFO_8995_9134_(u=4493, v=19, w=7) ➡️  SFO_JAC_9215_9444_(u=4642, v=20, w=7) ➡️  JAC_SFO_9493_9582_(u=4754, v=21, w=7) ➡️  SFO_PDX_9628_9744_(u=4850, v=22, w=7) ➡️  PDX_SFO_9826_9943_(u=4925, v=23, w=7) ➡️  t_(u=0, v=0, w=0)

🛩️ Aircraft N320AS path (28 nodes): s_(u=0, v=0, w=0) ➡️  N320AS_(u=0, v=0, w=1) ➡️  SJC_SEA_364_507_(u=106, v=1, w=1) ➡️  SEA_PHX_570_794_(u=247, v=2, w=1) ➡️  PHX_SEA_857_991_(u=412, v=3, w=1) ➡️  SEA_LAS_1064_1207_(u=522, v=4, w=1) ➡️  LAS_SFO_1317_1401_(u=588, v=5, w=1) ➡️  SFO_ORD_1859_2247_(u=820, v=6, w=2) ➡️  ORD_SFO_2309_2462_(u=1065, v=7, w=2) ➡️  SFO_AUS_2533_2855_(u=1242, v=8, w=2) ➡️  AUS_SFO_3432_3558_(u=1452, v=9, w=3) ➡️  SFO_SEA_3655_3795_(u=1561, v=10, w=3) ➡️  SEA_LAS_3857_4005_(u=1685, v=11, w=3) ➡️  LAS_SEA_4086_4272_(u=1829, v=12, w=3) ➡️  SEA_PHX_4668_4915_(u=1966, v=13, w=4) ➡️  PHX_SEA_4965_5107_(u=2141, v=14, w=4) ➡️  SEA_SAN_5176_5324_(u=2266, v=15, w=4) ➡️  SAN_SEA_5397_5572_(u=2418, v=16, w=4) ➡️  SEA_SMF_5645_5755_(u=2499, v=17, w=4) ➡️  SMF_SEA_6112_6231_(u=2595, v=18, w=5) ➡️  SEA_ATL_6289_6758_(u=2861, v=19, w=5) ➡️  ATL_SEA_6839_6970_(u=3152, v=20, w=5) ➡️  SEA_SMF_7089_7200_(u=3238, v=21, w=5) ➡️  SMF_SEA_7553_7682_(u=3334, v=22, w=6) ➡️  SEA_FLL_7746_8300_(u=3654, v=23, w=6) ➡️  FLL_SEA_8359_8570_(u=4013, v=24, w=6) ➡️  SEA_SNA_9008_9175_(u=4124, v=25, w=7) ➡️  SNA_SEA_9239_9448_(u=4309, v=26, w=7) ➡️  SEA_BUR_9508_9638_(u=4416, v=27, w=7) ➡️  BUR_SEA_9709_9913_(u=4578, v=28, w=7) ➡️  t_(u=0, v=0, w=0)

🛩️ Aircraft N277AK path (28 nodes): s_(u=0, v=0, w=0) ➡️  N277AK_(u=0, v=0, w=1) ➡️  SEA_FAT_375_503_(u=113, v=1, w=1) ➡️  FAT_SEA_559_687_(u=221, v=2, w=1) ➡️  SEA_ANC_799_933_(u=399, v=3, w=1) ➡️  ANC_SEA_1062_1344_(u=587, v=4, w=1) ➡️  SEA_ORD_1401_1741_(u=790, v=5, w=1) ➡️  ORD_SEA_1807_1944_(u=1018, v=6, w=2) ➡️  SEA_IAD_2038_2527_(u=1290, v=7, w=2) ➡️  IAD_SEA_2584_2741_(u=1599, v=8, w=2) ➡️  SEA_ANC_2874_3028_(u=1792, v=9, w=2) ➡️  ANC_SEA_3168_3438_(u=1974, v=10, w=3) ➡️  SEA_IAD_3504_3971_(u=2239, v=11, w=3) ➡️  IAD_SEA_4030_4189_(u=2548, v=12, w=3) ➡️  SEA_SMF_4248_4369_(u=2629, v=13, w=3) ➡️  SMF_SEA_4703_4832_(u=2728, v=14, w=4) ➡️  SEA_PIT_4922_5383_(u=2972, v=15, w=4) ➡️  PIT_SEA_5447_5576_(u=3260, v=16, w=4) ➡️  SEA_MSP_6233_6559_(u=3431, v=17, w=5) ➡️  MSP_SEA_6615_6760_(u=3629, v=18, w=5) ➡️  SEA_STL_6837_7194_(u=3828, v=19, w=5) ➡️  STL_SEA_7614_7836_(u=4060, v=20, w=6) ➡️  SEA_OAK_8006_8114_(u=4152, v=21, w=6) ➡️  OAK_SEA_8157_8285_(u=4251, v=22, w=6) ➡️  SEA_SMF_8335_8455_(u=4326, v=23, w=6) ➡️  SMF_SEA_8490_8613_(u=4429, v=24, w=6) ➡️  SEA_MSP_9120_9435_(u=4604, v=25, w=7) ➡️  MSP_SEA_9512_9628_(u=4794, v=26, w=7) ➡️  SEA_PHX_9672_9885_(u=4928, v=27, w=7) ➡️  PHX_SEA_9941_10089_(u=5112, v=28, w=7) ➡️  t_(u=0, v=0, w=0)

🛠️ Maintenance at node SEA_LIH_6321_6593 by aircraft N585AS | ρ=80; λ=0; φ=1
🛠️ Maintenance at node JNU_SEA_9259_9463 by aircraft N607AS | ρ=13; λ=0; φ=-1

Nombre de maintenances au total: 2.0
Stations de maintenance utilisées: Any["JNU", "SEA"]
Nombre de stations de maintenance utilisées: 2
