

GRAPH REDUCING : false
-----------------------INSTANCE 667FL_20A_10--------------------------
Gurobi 13.0.0 (linux64) logging started Thu Mar 26 10:11:55 2026

Set parameter LogFile to value "RESULTS/A_MTN_8/result_667FL_20A_10_MILP.txt"

Gurobi 13.0.0 (linux64) logging started Thu Mar 26 10:11:57 2026

Set parameter LogFile to value "RESULTS/A_MTN_8/result_667FL_20A_10_MILP.txt"
Gurobi Optimizer version 13.0.0 build v13.0.0rc1 (linux64 - "AlmaLinux 9.6 (Sage Margay)")

CPU model: Intel(R) Xeon(R) 6972P, instruction set [SSE2|AVX|AVX2|AVX512]
Thread count: 192 physical cores, 192 logical processors, using up to 8 threads

Non-default parameters:
TimeLimit  18000
Threads  8

Optimize a model with 97858 rows, 16280 columns and 375242 nonzeros (Min)
Model fingerprint: 0xcadd4bba
Model has 455 linear objective coefficients
Variable types: 2557 continuous, 13723 integer (12813 binary)
Coefficient statistics:
  Matrix range     [1e+00, 6e+03]
  Objective range  [1e+00, 1e+00]
  Bounds range     [2e+01, 6e+03]
  RHS range        [1e+00, 6e+03]
Presolve removed 22936 rows and 2801 columns
Presolve time: 1.37s
Presolved: 74922 rows, 13479 columns, 399391 nonzeros
Variable types: 1245 continuous, 12234 integer (11867 binary)

Deterministic concurrent LP optimizer: primal and dual simplex (primal and dual model)
Showing primal log only...

Root relaxation presolved: 74920 rows, 13481 columns, 399389 nonzeros

Concurrent spin time: 0.01s

Solved with dual simplex

Root relaxation: objective 1.000000e+00, 3420 iterations, 0.47 seconds (0.64 work units)

    Nodes    |    Current Node    |     Objective Bounds      |     Work
 Expl Unexpl |  Obj  Depth IntInf | Incumbent    BestBd   Gap | It/Node Time

     0     0    1.00000    0  166          -    1.00000      -     -    4s
     0     0    1.00000    0  297          -    1.00000      -     -    7s
     0     0    1.00000    0  305          -    1.00000      -     -    7s
     0     0    1.00000    0  331          -    1.00000      -     -    9s
     0     0    1.00000    0  331          -    1.00000      -     -   16s
H    0     0                      10.0000000    1.00000  90.0%     -   18s
H    0     0                       9.0000000    1.00000  88.9%     -   18s
     0     0    1.00000    0  302    9.00000    1.00000  88.9%     -   18s
H    0     0                       8.0000000    1.00000  87.5%     -   20s
     0     0    1.00000    0  360    8.00000    1.00000  87.5%     -   20s
     0     0    1.00000    0  205    8.00000    1.00000  87.5%     -   31s
     0     0    1.00000    0  351    8.00000    1.00000  87.5%     -   38s
     0     0    1.00000    0  379    8.00000    1.00000  87.5%     -   40s
     0     0    1.00000    0  347    8.00000    1.00000  87.5%     -   41s
     0     0    1.00000    0  380    8.00000    1.00000  87.5%     -   44s
     0     0    1.00000    0  358    8.00000    1.00000  87.5%     -   45s
     0     0    1.00000    0  359    8.00000    1.00000  87.5%     -   47s
     0     0    1.00000    0  359    8.00000    1.00000  87.5%     -   47s
     0     2    1.00000    0  359    8.00000    1.00000  87.5%     -   57s
    15    24    1.00000    4  241    8.00000    1.00000  87.5%   795   60s
    31    40    1.00000    6  291    8.00000    1.00000  87.5%   813   65s
H   34    40                       7.0000000    1.00000  85.7%   759   65s
   206   580    1.00000   29  308    7.00000    1.00000  85.7%   323   75s
   579   588    1.00000   54  392    7.00000    1.00000  85.7%   300   87s
   587   600    1.00000   55  385    7.00000    1.00000  85.7%   299   98s
   599  1142    1.00000   56  378    7.00000    1.00000  85.7%   297  109s
  1141  1155    1.00000  116  378    7.00000    1.00000  85.7%   214  119s
H 1144  1155                       6.0000000    1.00000  83.3%   214  119s
  1154  2775    1.00000  117  366    6.00000    1.00000  83.3%   213  129s
  2774  3877    1.00000  202  494    6.00000    1.00000  83.3%   166  134s
  3876  4337    1.00000  230  482    6.00000    1.00000  83.3%   147  138s
  4336  5268    1.00000  246  484    6.00000    1.00000  83.3%   142  142s
  5278  6110    1.00000  277  489    6.00000    1.00000  83.3%   133  145s
  6779  7544    1.00000  342  514    6.00000    1.00000  83.3%   124  150s
H 7585  7544                       4.0000000    1.00000  75.0%   120  151s
  7586  7545    1.00000  465  359    4.00000    1.00000  75.0%   120  158s
  7588  7546    1.00000  273  247    4.00000    1.00000  75.0%   120  167s
  7589  7547    1.00000  424  336    4.00000    1.00000  75.0%   120  180s
  7591  7548    1.00000  403  382    4.00000    1.00000  75.0%   120  195s
  7592  7549    1.00000  751  329    4.00000    1.00000  75.0%   120  200s
  7593  7550    1.00000  406  372    4.00000    1.00000  75.0%   120  205s
  7595  7551    1.00000  646  376    4.00000    1.00000  75.0%   120  210s
  7597  7552    1.00000  633  430    4.00000    1.00000  75.0%   120  218s
  7598  7553    1.00000  628  424    4.00000    1.00000  75.0%   120  220s
  7599  7554    1.00000   26  455    4.00000    1.00000  75.0%   120  231s
  7600  7554    1.00000  190  442    4.00000    1.00000  75.0%   120  239s
  7601  7555    1.00000   61  444    4.00000    1.00000  75.0%   120  242s
  7603  7556    1.00000  549  479    4.00000    1.00000  75.0%   120  248s
  7604  7557    1.00000  123  463    4.00000    1.00000  75.0%   120  251s
  7606  7558    1.00000  328  468    4.00000    1.00000  75.0%   119  256s
  7607  7559    1.00000  660  509    4.00000    1.00000  75.0%   119  260s
  7608  7560    1.00000   16  509    4.00000    1.00000  75.0%   119  267s
  7609  7560    1.00000  416  509    4.00000    1.00000  75.0%   119  279s
  7610  7564    1.00000   10  466    4.00000    1.00000  75.0%   127  280s
  7632  7601    1.00000   14  456    4.00000    1.00000  75.0%   127  286s
  7658  7641    1.00000   16  460    4.00000    1.00000  75.0%   128  291s
  7707  7690    1.00000   19  321    4.00000    1.00000  75.0%   129  300s
  7772  7676    1.00000   24  310    4.00000    1.00000  75.0%   130  323s
H 7774  7296                       3.0000000    1.00000  66.7%   130  323s
  7780  7647    1.00000   25  312    3.00000    1.00000  66.7%   130  341s
  8133  8500    1.00000   45  286    3.00000    1.00000  66.7%   136  377s
  9106  9583    1.00000   86  272    3.00000    1.00000  66.7%   144  398s
 10545  9111    1.00000  171  234    3.00000    1.00000  66.7%   151  413s
 10554  9108    1.00000  172  236    3.00000    1.00000  66.7%   151  429s
 10570  9110    1.00000  172  241    3.00000    1.00000  66.7%   151  442s
 10578  9382    1.00000  173  241    3.00000    1.00000  66.7%   152  454s
 10898  9352    1.00000  199  244    3.00000    1.00000  66.7%   153  471s
 10978  9333    1.00000  199  238    3.00000    1.00000  66.7%   154  493s
 10986  9630    1.00000  200  240    3.00000    1.00000  66.7%   154  516s
 11285 10625    1.00000  251  186    3.00000    1.00000  66.7%   154  533s
 12394 11511    1.00000  351  159    3.00000    1.00000  66.7%   152  544s
 13793 12069    1.00000  430   43    3.00000    1.00000  66.7%   150  553s
 15085 12878    1.00000  398   65    3.00000    1.00000  66.7%   148  573s
 16932 12552    2.00000  491   77    3.00000    1.00000  66.7%   149  576s
 17301 12741 infeasible  462         3.00000    1.00000  66.7%   150  580s
 18172 12853    2.00000  473  106    3.00000    1.00000  66.7%   150  586s
 18432 13020    2.00000  521  119    3.00000    1.00000  66.7%   150  590s
 19412 13247    2.00000  457   43    3.00000    1.00000  66.7%   151  598s
 19969 13329    2.00000  467   65    3.00000    1.00000  66.7%   152  601s
 20544 13450    1.00000  452   50    3.00000    1.00000  66.7%   152  605s
 21111 13301 infeasible  448         3.00000    1.00000  66.7%   152  610s
 21733 13646    2.00000  441   78    3.00000    1.00000  66.7%   153  618s
 22252 13725    2.00000  452   61    3.00000    1.00000  66.7%   153  623s
 22723 13850    2.00000  468   69    3.00000    1.00000  66.7%   154  628s
 23273 14010    2.00000  485   96    3.00000    1.00000  66.7%   155  633s
 23850 14152    2.00000  491   44    3.00000    1.00000  66.7%   155  638s
 24464 14362    2.00000  459   60    3.00000    1.00000  66.7%   155  643s
 25145 14473    2.00000  460   68    3.00000    1.00000  66.7%   155  649s
 25894 14726    2.00000  496   80    3.00000    1.00000  66.7%   156  655s
 26691 14855    2.00000  419   89    3.00000    1.00000  66.7%   156  661s
 27462 14880    2.00000  442   66    3.00000    1.00000  66.7%   157  670s
 28084 14883    2.00000  460   61    3.00000    1.00000  66.7%   158  680s
 28473 14840    2.00000  433  116    3.00000    1.00000  66.7%   158  692s
 28666 14777    2.00000  477  127    3.00000    1.00000  66.7%   158  701s
 28738 14827    2.00000  478  124    3.00000    1.00000  66.7%   159  708s
 28901 15095 infeasible  479         3.00000    1.00000  66.7%   159  718s
 29429 15367    2.00000  478  119    3.00000    1.00000  66.7%   160  730s
 30062 16436    2.00000  479  125    3.00000    1.00000  66.7%   161  861s
 31728 17117    2.00000  480  122    3.00000    1.00000  66.7%   161  878s
 32739 17788 infeasible  481         3.00000    1.00000  66.7%   160  886s
 33751 18274    2.00000  481  120    3.00000    1.00000  66.7%   160  893s
 34574 19027    2.00000  393   65    3.00000    1.00000  66.7%   160  900s
 35679 19775    2.00000  450  103    3.00000    1.00000  66.7%   160  907s
 36724 20434    2.00000  425   86    3.00000    1.00000  66.7%   159  913s
 37737 20792 infeasible  448         3.00000    1.00000  66.7%   160  919s
 38529 21456 infeasible  440         3.00000    1.00000  66.7%   161  925s
 39639 21756 infeasible  476         3.00000    1.00000  66.7%   161  931s
 40215 22168    2.00000  465  103    3.00000    1.00000  66.7%   161  937s
 41100 22731    2.00000  421   69    3.00000    1.00000  66.7%   162  943s
 42181 23140    2.00000  429   90    3.00000    1.00000  66.7%   161  949s
 42852 23433    2.00000  490   83    3.00000    1.00000  66.7%   161  954s
 43555 24054    2.00000  552   53    3.00000    1.00000  66.7%   162  960s
 44628 24975    2.00000  427   70    3.00000    1.00000  66.7%   161  977s
 46231 25218    1.00000  462   80    3.00000    1.00000  66.7%   162  983s
 46867 25655    2.00000  414   65    3.00000    1.00000  66.7%   163  989s
 47765 26188    2.00000  429  100    3.00000    1.00000  66.7%   163  995s
 48714 26712    2.00000  529   83    3.00000    1.00000  66.7%   163 1001s
 49532 27317    2.00000  598   71    3.00000    1.00000  66.7%   163 1007s
 50469 27748    2.00000  664   79    3.00000    1.00000  66.7%   163 1013s
 51282 27744 infeasible  436         3.00000    1.00000  66.7%   163 1020s
 51302 27745    2.00000  438   73    3.00000    1.00000  66.7%   163 1027s
 51317 27793 infeasible  438         3.00000    1.00000  66.7%   163 1034s
 51437 28062    2.00000  439   67    3.00000    1.00000  66.7%   164 1040s
 52026 28568    2.00000  453   82    3.00000    1.00000  66.7%   164 1046s
 52827 28876    2.00000  447   95    3.00000    1.00000  66.7%   164 1052s
 53570 29388    2.00000  442   48    3.00000    1.00000  66.7%   165 1058s
 54558 29870    1.00000  429   82    3.00000    1.00000  66.7%   165 1064s
 55406 30324 infeasible  498         3.00000    1.00000  66.7%   166 1070s
 56329 30742    2.00000  470   97    3.00000    1.00000  66.7%   166 1076s
 57315 31339 infeasible  475         3.00000    1.00000  66.7%   166 1082s
 58276 31775    2.00000  436   80    3.00000    1.00000  66.7%   166 1088s
 59020 32108 infeasible  447         3.00000    1.00000  66.7%   167 1093s
 59902 32643    2.00000  471   65    3.00000    1.00000  66.7%   167 1110s
 61263 33129    2.00000  453   98    3.00000    1.00000  66.7%   168 1115s
 62163 33658    1.00000  413  107    3.00000    1.00000  66.7%   168 1121s
 63087 34117    2.00000  495   79    3.00000    1.00000  66.7%   168 1126s
 63816 34541 infeasible  465         3.00000    1.00000  66.7%   168 1131s
 64590 34925 infeasible  482         3.00000    1.00000  66.7%   168 1136s
 65374 35414    1.00000  383  117    3.00000    1.00000  66.7%   168 1142s
 66156 35801    1.00000  426  104    3.00000    1.00000  66.7%   169 1147s
 66764 36418    2.00000  464   94    3.00000    1.00000  66.7%   169 1153s
 67642 36972 infeasible  497         3.00000    1.00000  66.7%   169 1159s
 68521 36977    2.00000  544   91    3.00000    1.00000  66.7%   169 1164s
 68531 36985    2.00000  545   91    3.00000    1.00000  66.7%   169 1172s
 68539 36993    2.00000  546   93    3.00000    1.00000  66.7%   169 1179s
 68547 37243    2.00000  547   93    3.00000    1.00000  66.7%   169 1186s
 68917 37654    2.00000  548   95    3.00000    1.00000  66.7%   169 1192s
 69726 37961    2.00000  549   88    3.00000    1.00000  66.7%   169 1197s
 70344 38405    2.00000  550   85    3.00000    1.00000  66.7%   170 1204s
 71282 38820    2.00000  516   87    3.00000    1.00000  66.7%   170 1210s
 72198 39097    2.00000  606   71    3.00000    1.00000  66.7%   170 1216s
 72947 39101    2.00000  498   57    3.00000    1.00000  66.7%   172 1225s
 72959 39107    2.00000  499   71    3.00000    1.00000  66.7%   172 1233s
 72969 39128    2.00000  500   63    3.00000    1.00000  66.7%   172 1243s
 72990 39304    2.00000  501   60    3.00000    1.00000  66.7%   172 1250s
 73311 39654 infeasible  415         3.00000    1.00000  66.7%   172 1257s
 74014 40291    2.00000  501   52    3.00000    1.00000  66.7%   172 1263s
 75185 40817 infeasible  528         3.00000    1.00000  66.7%   172 1280s
 76553 41271    2.00000  497   69    3.00000    1.00000  66.7%   173 1286s
 77406 41654    2.00000  509   58    3.00000    1.00000  66.7%   173 1292s
 78295 42089    2.00000  541   47    3.00000    1.00000  66.7%   174 1298s
 79112 42404    2.00000  562   66    3.00000    1.00000  66.7%   174 1304s
 79952 42722    2.00000  507  109    3.00000    1.00000  66.7%   175 1310s
 80796 43063    2.00000  516   66    3.00000    1.00000  66.7%   175 1316s
 81652 43324    2.00000  514   78    3.00000    1.00000  66.7%   176 1322s
 82438 43364 infeasible  526         3.00000    1.00000  66.7%   176 1328s
 82533 43398    2.00000  497   67    3.00000    1.00000  66.7%   176 1334s
 82645 43516    2.00000  498   58    3.00000    1.00000  66.7%   177 1341s
 82996 43779 infeasible  519         3.00000    1.00000  66.7%   177 1348s
 83621 44064    2.00000  501   75    3.00000    1.00000  66.7%   177 1355s
 84456 44487    2.00000  500   82    3.00000    1.00000  66.7%   178 1362s
 85338 44824 infeasible  493         3.00000    1.00000  66.7%   178 1369s
 86229 45276    2.00000  558   85    3.00000    1.00000  66.7%   179 1376s
 87303 45718    1.00000  450   84    3.00000    1.00000  66.7%   179 1382s
 88213 46036    2.00000  524   85    3.00000    1.00000  66.7%   180 1388s
 89036 46365    2.00000  505   70    3.00000    1.00000  66.7%   180 1394s
 89861 47056    2.00000  490   74    3.00000    1.00000  66.7%   181 1410s
 91449 47455 infeasible  550         3.00000    1.00000  66.7%   181 1415s
 92131 47831    2.00000  482  104    3.00000    1.00000  66.7%   182 1421s
 92773 48128    2.00000  488   90    3.00000    1.00000  66.7%   182 1426s
 93557 48517    2.00000  501   83    3.00000    1.00000  66.7%   182 1432s
 94254 48917 infeasible  514         3.00000    1.00000  66.7%   182 1438s
 95093 49350 infeasible  530         3.00000    1.00000  66.7%   183 1445s
 95986 49707    2.00000  506   76    3.00000    1.00000  66.7%   183 1451s
 96808 50025    2.00000  517   81    3.00000    1.00000  66.7%   183 1457s
 97521 50033    2.00000  523   67    3.00000    1.00000  66.7%   184 1462s
 97529 50053    2.00000  525   56    3.00000    1.00000  66.7%   184 1468s
 97567 50236    2.00000  525   72    3.00000    1.00000  66.7%   184 1473s
 98033 50514    2.00000  497  110    3.00000    1.00000  66.7%   184 1480s
 98745 50869    2.00000  524   65    3.00000    1.00000  66.7%   184 1486s
 99474 51215    2.00000  520   86    3.00000    1.00000  66.7%   185 1492s
 100213 51526    2.00000  503   89    3.00000    1.00000  66.7%   185 1499s
 100983 51936    2.00000  479   93    3.00000    1.00000  66.7%   185 1506s
 101708 52443    2.00000  418   90    3.00000    1.00000  66.7%   185 1512s
 102369 52992    2.00000  452   90    3.00000    1.00000  66.7%   185 1518s
 103064 53430    2.00000  481   62    3.00000    1.00000  66.7%   185 1524s
 103773 53931    2.00000  506   65    3.00000    1.00000  66.7%   185 1530s
 104540 54631    2.00000  530   77    3.00000    1.00000  66.7%   186 1548s
 105652 55319    2.00000  482   83    3.00000    1.00000  66.7%   186 1555s
 106542 55823 infeasible  502         3.00000    1.00000  66.7%   186 1562s
 107360 56271 infeasible  532         3.00000    1.00000  66.7%   186 1569s
 108098 56921    2.00000  517   77    3.00000    1.00000  66.7%   186 1576s
 109013 56915    2.00000  406   92    3.00000    1.00000  66.7%   186 1582s
 109035 56921    2.00000  407  102    3.00000    1.00000  66.7%   186 1590s
 109045 56954    2.00000  408   99    3.00000    1.00000  66.7%   186 1599s
 109078 57007    2.00000  409   99    3.00000    1.00000  66.7%   186 1612s
 109162 57250    2.00000  410   92    3.00000    1.00000  66.7%   186 1624s
 109478 57730    2.00000  411   86    3.00000    1.00000  66.7%   186 1631s
 110226 58227    2.00000  519   91    3.00000    1.00000  66.7%   186 1639s
 111119 58872    2.00000  510   91    3.00000    1.00000  66.7%   186 1648s
 111959 59376    2.00000  425  108    3.00000    1.00000  66.7%   186 1657s
 112804 60018 infeasible  514         3.00000    1.00000  66.7%   186 1683s
 113837 60558    2.00000  544   74    3.00000    1.00000  66.7%   186 1691s
 114625 60566    2.00000  447  109    3.00000    1.00000  66.7%   187 1703s
 114633 60568    2.00000  448  107    3.00000    1.00000  66.7%   187 1715s
 114647 60687    2.00000  449  113    3.00000    1.00000  66.7%   187 1730s
 114790 61123    2.00000  472   83    3.00000    1.00000  66.7%   187 1737s
 115449 61929    2.00000  422   93    3.00000    1.00000  66.7%   187 1744s
 116425 62773 infeasible  502         3.00000    1.00000  66.7%   186 1752s
 117469 63556    2.00000  659   95    3.00000    1.00000  66.7%   186 1760s
 118567 64095    2.00000  768   72    3.00000    1.00000  66.7%   186 1767s
 119603 64801 infeasible  852         3.00000    1.00000  66.7%   186 1783s
 120717 65560 infeasible  465         3.00000    1.00000  66.7%   187 1790s
 121822 66077    2.00000  458  105    3.00000    1.00000  66.7%   187 1795s
 122694 66548    2.00000  476   79    3.00000    1.00000  66.7%   187 1801s
 123539 66984 infeasible  509         3.00000    1.00000  66.7%   187 1806s
 124224 67657    2.00000  422   68    3.00000    1.00000  66.7%   187 1812s
 125053 68102    2.00000  468   67    3.00000    1.00000  66.7%   187 1818s
 125797 68525    2.00000  478   75    3.00000    1.00000  66.7%   187 1823s
 126504 69020    2.00000  426   73    3.00000    1.00000  66.7%   187 1829s
 127228 69519    2.00000  523   95    3.00000    1.00000  66.7%   187 1835s
 127919 70161    2.00000  451   81    3.00000    1.00000  66.7%   188 1842s
 128781 70823    2.00000  457  107    3.00000    1.00000  66.7%   188 1849s
 129704 71500    2.00000  557   93    3.00000    1.00000  66.7%   188 1854s
 130543 72136    2.00000  428   80    3.00000    1.00000  66.7%   187 1859s
 131395 72841    2.00000  527   76    3.00000    1.00000  66.7%   187 1865s
 132264 73530    1.00000  416  116    3.00000    1.00000  66.7%   187 1871s
 133205 74119    2.00000  445   80    3.00000    1.00000  66.7%   187 1877s
 133977 74124    2.00000  497   65    3.00000    1.00000  66.7%   187 1883s
 133988 74129    2.00000  498   58    3.00000    1.00000  66.7%   187 1889s
 133999 74189    2.00000  496   56    3.00000    1.00000  66.7%   187 1896s
 134100 74739    2.00000  497   55    3.00000    1.00000  66.7%   187 1911s
 134897 75767    2.00000  524   57    3.00000    1.00000  66.7%   187 1921s
 136261 76238 infeasible  514         3.00000    1.00000  66.7%   187 1927s
 136873 76790    2.00000  439  100    3.00000    1.00000  66.7%   187 1935s
 137772 77413    2.00000  529   67    3.00000    1.00000  66.7%   187 1942s
 138779 78010 infeasible  505         3.00000    1.00000  66.7%   187 1949s
 139622 78454 infeasible  448         3.00000    1.00000  66.7%   187 1955s
 140190 79199    2.00000  495   73    3.00000    1.00000  66.7%   187 1963s
 141093 79812    2.00000  423   58    3.00000    1.00000  66.7%   187 1971s
 141917 80157    2.00000  467   68    3.00000    1.00000  66.7%   188 1978s
 142607 80545    2.00000  461   86    3.00000    1.00000  66.7%   188 1985s
 143325 81145    2.00000  434   85    3.00000    1.00000  66.7%   188 1993s
 144200 81702    2.00000  463   69    3.00000    1.00000  66.7%   188 2001s
 145065 82143 infeasible  492         3.00000    1.00000  66.7%   188 2008s
 145902 82756    2.00000  404  102    3.00000    1.00000  66.7%   189 2016s
 146761 83273    2.00000  468   71    3.00000    1.00000  66.7%   189 2023s
 147589 83845    2.00000  468   84    3.00000    1.00000  66.7%   189 2029s
 148391 83853    2.00000  546   82    3.00000    1.00000  66.7%   189 2042s
 148399 83857    2.00000  547   81    3.00000    1.00000  66.7%   189 2056s
 148411 83865    2.00000  548   83    3.00000    1.00000  66.7%   189 2072s
 148419 83870    2.00000  549   82    3.00000    1.00000  66.7%   189 2088s
 148430 83877    2.00000  550   90    3.00000    1.00000  66.7%   189 2099s
 148439 83887    2.00000  551   89    3.00000    1.00000  66.7%   189 2108s
 148451 83920    2.00000  552   88    3.00000    1.00000  66.7%   189 2116s
 148526 84191    2.00000  553   94    3.00000    1.00000  66.7%   189 2136s
 148974 85075    2.00000  441   90    3.00000    1.00000  66.7%   189 2154s
 150121 86030    1.00000  419  112    3.00000    1.00000  66.7%   189 2168s
 151539 86037    2.00000  492   70    3.00000    1.00000  66.7%   189 2181s
 151548 86071    2.00000  493   65    3.00000    1.00000  66.7%   189 2194s
 151614 86224    2.00000  489   65    3.00000    1.00000  66.7%   189 2205s
 151861 86508    1.00000  492   76    3.00000    1.00000  66.7%   189 2217s
 152764 86929 infeasible  487         3.00000    1.00000  66.7%   189 2228s
 153930 87622    2.00000  422   88    3.00000    1.00000  66.7%   190 2241s
 155106 88351 infeasible  510         3.00000    1.00000  66.7%   190 2251s
 156301 88628    2.00000  511   97    3.00000    1.00000  66.7%   190 2261s
 156799 88874    2.00000  512   85    3.00000    1.00000  66.7%   190 2279s
 157173 89145    2.00000  513   78    3.00000    1.00000  66.7%   190 2295s
 157614 89515    2.00000  514   75    3.00000    1.00000  66.7%   190 2307s
 158208 89809    2.00000  515   70    3.00000    1.00000  66.7%   190 2319s
 158711 90566    2.00000  516   76    3.00000    1.00000  66.7%   190 2331s
 159892 91251 infeasible  460         3.00000    1.00000  66.7%   190 2343s
 160921 91958    2.00000  448   85    3.00000    1.00000  66.7%   191 2353s
 162114 92775 infeasible  677         3.00000    1.00000  66.7%   191 2364s
 163359 93782 infeasible  467         3.00000    1.00000  66.7%   192 2380s
 164640 94413 infeasible  525         3.00000    1.00000  66.7%   191 2386s
 165543 95028 infeasible  500         3.00000    1.00000  66.7%   191 2392s
 166449 95036    2.00000  457  108    3.00000    1.00000  66.7%   191 2397s
 166457 95036 infeasible  458         3.00000    1.00000  66.7%   191 2405s
 166473 95035 infeasible  457         3.00000    1.00000  66.7%   191 2411s
 166489 95034 infeasible  456         3.00000    1.00000  66.7%   191 2419s
 166506 95053    2.00000  455   98    3.00000    1.00000  66.7%   191 2425s
 166620 95315    2.00000  456   96    3.00000    1.00000  66.7%   191 2432s
 166956 95441    2.00000  456  102    3.00000    1.00000  66.7%   191 2439s
 167198 95849    2.00000  457  100    3.00000    1.00000  66.7%   191 2447s
 167785 96475 infeasible  458         3.00000    1.00000  66.7%   191 2454s
 168685 97360    2.00000  424  114    3.00000    1.00000  66.7%   191 2461s
 169878 97972    2.00000  444  110    3.00000    1.00000  66.7%   191 2468s
 170758 98398 infeasible  545         3.00000    1.00000  66.7%   191 2475s
 171597 98810    2.00000  484   98    3.00000    1.00000  66.7%   192 2482s
 172193 99368    2.00000  448   86    3.00000    1.00000  66.7%   192 2489s
 173096 99801 infeasible  475         3.00000    1.00000  66.7%   192 2497s
 173866 100279    2.00000  436   97    3.00000    1.00000  66.7%   192 2505s
 174654 100372    2.00000  454   86    3.00000    1.00000  66.7%   192 2512s
 174817 100646 infeasible  494         3.00000    1.00000  66.7%   193 2519s
 175158 101085    2.00000  444   90    3.00000    1.00000  66.7%   193 2527s
 175810 101700    2.00000  470   83    3.00000    1.00000  66.7%   193 2535s
 176701 102145    2.00000  430   83    3.00000    1.00000  66.7%   193 2543s
 177489 102578    2.00000  445   96    3.00000    1.00000  66.7%   193 2551s
 178461 103286 infeasible  446         3.00000    1.00000  66.7%   193 2568s
 179671 103804 infeasible  483         3.00000    1.00000  66.7%   194 2575s
 180416 104248    2.00000  465  114    3.00000    1.00000  66.7%   194 2582s
 181197 104886    2.00000  527   70    3.00000    1.00000  66.7%   194 2589s
 182052 105456    2.00000  465   81    3.00000    1.00000  66.7%   194 2596s
 183005 106044    2.00000  420  104    3.00000    1.00000  66.7%   194 2603s
 183824 106051    2.00000  430  112    3.00000    1.00000  66.7%   194 2610s
 183833 106058    2.00000  427  111    3.00000    1.00000  66.7%   194 2618s
 183842 106064    2.00000  431  117    3.00000    1.00000  66.7%   194 2626s
 183852 106099 infeasible  432         3.00000    1.00000  66.7%   194 2633s
 183991 106479 infeasible  432         3.00000    1.00000  66.7%   194 2641s
 184575 106868 infeasible  430         3.00000    1.00000  66.7%   193 2648s
 185295 107533    2.00000  472  103    3.00000    1.00000  66.7%   194 2656s
 186275 108095    2.00000  494   81    3.00000    1.00000  66.7%   193 2663s
 187182 108777    2.00000  507   82    3.00000    1.00000  66.7%   194 2669s
 188169 109316 infeasible  492         3.00000    1.00000  66.7%   193 2676s
 188986 109796    2.00000  478   89    3.00000    1.00000  66.7%   194 2683s
 189777 110374    2.00000  478   86    3.00000    1.00000  66.7%   194 2691s
 190616 110921    2.00000  447   76    3.00000    1.00000  66.7%   194 2699s
 191487 111548 infeasible  522         3.00000    1.00000  66.7%   194 2706s
 192349 112006    2.00000  421   83    3.00000    1.00000  66.7%   194 2713s
 193200 112844    2.00000  497   98    3.00000    1.00000  66.7%   194 2730s
 194446 113356    2.00000  535   66    3.00000    1.00000  66.7%   194 2736s
 195286 113781    2.00000  442  117    3.00000    1.00000  66.7%   194 2743s
 195931 114508    1.00000  389   81    3.00000    1.00000  66.7%   194 2750s
 196853 115178    2.00000  446  104    3.00000    1.00000  66.7%   194 2756s
 197750 115693    2.00000  424  112    3.00000    1.00000  66.7%   194 2763s
 198524 116316 infeasible  477         3.00000    1.00000  66.7%   194 2770s
 199440 116828    2.00000  479  101    3.00000    1.00000  66.7%   194 2777s
 200208 117372 infeasible  514         3.00000    1.00000  66.7%   194 2783s
 201008 117948    2.00000  482   89    3.00000    1.00000  66.7%   194 2790s
 201813 118459    2.00000  485   64    3.00000    1.00000  66.7%   194 2796s
 202611 118899    1.00000  391  102    3.00000    1.00000  66.7%   194 2803s
 203334 119261    1.00000  407  106    3.00000    1.00000  66.7%   194 2810s
 204024 119685    2.00000  540   72    3.00000    1.00000  66.7%   194 2817s
 204826 120248    2.00000  470   83    3.00000    1.00000  66.7%   195 2824s
 205700 120734    2.00000  515  103    3.00000    1.00000  66.7%   194 2830s
 206528 121098    2.00000  484  106    3.00000    1.00000  66.7%   194 2836s
 207254 121582    2.00000  507  100    3.00000    1.00000  66.7%   194 2843s
 208114 122453    2.00000  420   97    3.00000    1.00000  66.7%   194 2860s
 209415 122460    2.00000  463   87    3.00000    1.00000  66.7%   194 2865s
 209424 122462 infeasible  464         3.00000    1.00000  66.7%   194 2872s
 209438 122466 infeasible  464         3.00000    1.00000  66.7%   194 2880s
 209450 122514    2.00000  463   80    3.00000    1.00000  66.7%   194 2888s
 209504 122741 infeasible  464         3.00000    1.00000  66.7%   194 2898s
 209899 123396    1.00000  418  111    3.00000    1.00000  66.7%   194 2907s
 210996 123922    1.00000  484  102    3.00000    1.00000  66.7%   194 2915s
 212027 124511    2.00000  433   77    3.00000    1.00000  66.7%   194 2923s
 213009 124990    2.00000  458  100    3.00000    1.00000  66.7%   194 2930s
 213958 125527    1.00000  422   77    3.00000    1.00000  66.7%   194 2936s
 214853 125911 infeasible  403         3.00000    1.00000  66.7%   194 2943s
 215616 126182    2.00000  393  109    3.00000    1.00000  66.7%   194 2949s
 216381 126457    1.00000  387   96    3.00000    1.00000  66.7%   194 2956s
 217067 126649 infeasible  395         3.00000    1.00000  66.7%   194 2963s
 217801 126991 infeasible  415         3.00000    1.00000  66.7%   194 2970s
 218625 127463    2.00000  435   94    3.00000    1.00000  66.7%   194 2978s
 219497 127808 infeasible  404         3.00000    1.00000  66.7%   194 2985s
 220347 128075    1.50000  480  115    3.00000    1.00000  66.7%   194 2992s
 221256 128041    1.00000  486   70    3.00000    1.00000  66.7%   194 2999s
 221886 128074 infeasible  475         3.00000    1.00000  66.7%   194 3007s
 222595 128574    1.00000  468   68    3.00000    1.00000  66.7%   195 3025s
 223781 128736    1.00000  501   62    3.00000    1.00000  66.7%   195 3032s
 224596 128880    1.00000  507   83    3.00000    1.00000  66.7%   195 3040s
 225321 129068 infeasible  529         3.00000    1.00000  66.7%   195 3048s
 226161 129213    1.00000  460   86    3.00000    1.00000  66.7%   195 3056s
 227080 129372    1.00000  503   53    3.00000    1.00000  66.7%   195 3063s
 227942 129339 infeasible  480         3.00000    1.00000  66.7%   195 3070s
 228697 129240 infeasible  454         3.00000    1.00000  66.7%   195 3077s
 229482 129160    2.00000  476   71    3.00000    1.00000  66.7%   195 3084s
 230288 129083 infeasible  448         3.00000    1.00000  66.7%   195 3091s
 231030 128963 infeasible  480         3.00000    1.00000  66.7%   195 3099s
 231694 128940 infeasible  453         3.00000    1.00000  66.7%   195 3107s
 232570 128849 infeasible  500         3.00000    1.00000  66.7%   196 3115s
 233392 128784 infeasible  492         3.00000    1.00000  66.7%   196 3122s
 234128 128780    1.00000  478   66    3.00000    1.00000  66.7%   196 3130s
 234148 128774 infeasible  479         3.00000    1.00000  66.7%   196 3137s
 234170 128776 infeasible  479         3.00000    1.00000  66.7%   196 3153s
 234184 128778    1.00000  478   55    3.00000    1.00000  66.7%   196 3162s
 234198 128773    1.00000  479   53    3.00000    1.00000  66.7%   196 3179s
 234219 128755    1.00000  480   56    3.00000    1.00000  66.7%   196 3189s
 234289 128763 infeasible  481         3.00000    1.00000  66.7%   196 3200s
 234491 128743    1.00000  492   63    3.00000    1.00000  66.7%   196 3215s
 234864 128814 infeasible  505         3.00000    1.00000  66.7%   196 3224s
 235637 128876 infeasible  500         3.00000    1.00000  66.7%   196 3233s
 236747 128847    1.00000  515   61    3.00000    1.00000  66.7%   196 3241s
 238000 128978    2.00000  407  111    3.00000    1.00000  66.7%   196 3249s
 239280 128946    1.00000  517   73    3.00000    1.00000  66.7%   195 3267s
 240512 129085 infeasible  454         3.00000    1.00000  66.7%   195 3273s
 241288 129076 infeasible  399         3.00000    1.00000  66.7%   196 3283s
 241313 129079    1.00000  497   85    3.00000    1.00000  66.7%   196 3295s
 241326 129079    1.00000  498   85    3.00000    1.00000  66.7%   196 3308s
 241342 129081 infeasible  499         3.00000    1.00000  66.7%   196 3321s
 241356 129074 infeasible  499         3.00000    1.00000  66.7%   196 3334s
 241379 129070 infeasible  504         3.00000    1.00000  66.7%   196 3347s
 241398 129073 infeasible  495         3.00000    1.00000  66.7%   196 3361s
 241411 129076 infeasible  486         3.00000    1.00000  66.7%   196 3374s
 241423 129078 infeasible  487         3.00000    1.00000  66.7%   196 3386s
 241436 129077 infeasible  485         3.00000    1.00000  66.7%   196 3400s
 241453 129073 infeasible  497         3.00000    1.00000  66.7%   196 3412s
 241473 129073 infeasible  442         3.00000    1.00000  66.7%   196 3426s
 241489 129073    1.00000  511   91    3.00000    1.00000  66.7%   196 3440s
 241505 129067 infeasible  511         3.00000    1.00000  66.7%   196 3454s
 241527 129071 infeasible  474         3.00000    1.00000  66.7%   196 3467s
 241539 129069 infeasible  458         3.00000    1.00000  66.7%   196 3500s
 241557 129067    1.00000  510   94    3.00000    1.00000  66.7%   196 3513s
 241575 129060 infeasible  510         3.00000    1.00000  66.7%   196 3546s
 241598 129058 infeasible  418         3.00000    1.00000  66.7%   196 3565s
 241616 129059 infeasible  452         3.00000    1.00000  66.7%   196 3626s
 241631 129061    1.00000  508   97    3.00000    1.00000  66.7%   196 3640s
 241645 129062 infeasible  509         3.00000    1.00000  66.7%   196 3654s
 241660 129044 infeasible  509         3.00000    1.00000  66.7%   196 3668s
 241768 129173 infeasible  455         3.00000    1.00000  66.7%   196 3767s
 242023 129250    1.00000  449   87    3.00000    1.00000  66.7%   196 3799s
 242326 129368 infeasible  450         3.00000    1.00000  66.7%   196 4026s
 242672 129367    1.00000  424   85    3.00000    1.00000  66.7%   196 4157s
 243039 129422    1.00000  425   81    3.00000    1.00000  66.7%   196 4359s
 243402 129607    1.00000  426   93    3.00000    1.00000  66.7%   196 4562s
 244189 129740 infeasible  427         3.00000    1.00000  66.7%   196 4640s
 245619 129905 infeasible  427         3.00000    1.00000  66.7%   196 4679s
 248112 129870 infeasible  453         3.00000    1.00000  66.7%   196 4702s
 248304 130086    1.00000  429   86    3.00000    1.00000  66.7%   196 4728s
 250583 130092    2.00000  439   95    3.00000    1.00000  66.7%   196 4750s
 250593 130150    2.00000  440   99    3.00000    1.00000  66.7%   196 4769s
 250917 130207 infeasible  471         3.00000    1.00000  66.7%   196 4791s
 253290 130244 infeasible  465         3.00000    1.00000  66.7%   196 4807s
 255280 130413    1.00000  450   83    3.00000    1.00000  66.7%   196 4827s
 256807 130422    1.00000  421  102    3.00000    1.00000  66.7%   196 4835s
 256838 130468 infeasible  422         3.00000    1.00000  66.7%   196 4842s
 257232 130700    1.00000  487  102    3.00000    1.00000  66.7%   196 4850s
 258187 131049 infeasible  441         3.00000    1.00000  66.7%   196 4858s
 259257 131082    1.00000  443   70    3.00000    1.00000  66.7%   196 4865s
 260442 130984 infeasible  445         3.00000    1.00000  66.7%   196 4872s
 261546 130944    1.00000  465   84    3.00000    1.00000  66.7%   196 4879s
 262481 130923 infeasible  471         3.00000    1.00000  66.7%   196 4886s
 263276 131192    1.00000  489   92    3.00000    1.00000  66.7%   196 4893s
 264116 131182    2.00000  469   84    3.00000    1.00000  66.7%   196 4899s
 264962 131257 infeasible  479         3.00000    1.00000  66.7%   196 4906s
 265708 131393 infeasible  485         3.00000    1.00000  66.7%   196 4913s
 266513 131448 infeasible  421         3.00000    1.00000  66.7%   196 4920s
 266944 131459 infeasible  465         3.00000    1.00000  66.7%   196 4926s
 267211 131562    1.00000  431   91    3.00000    1.00000  66.7%   196 4933s
 267890 131597 infeasible  396         3.00000    1.00000  66.7%   196 4940s
 268609 131607    1.00000  408  118    3.00000    1.00000  66.7%   196 4949s
 269390 131733 infeasible  444         3.00000    1.00000  66.7%   196 4957s
 270237 131734    1.03333  446   88    3.00000    1.00000  66.7%   196 4976s
 271802 131965    2.00000  491   70    3.00000    1.00000  66.7%   196 4983s
 272604 131984    2.00000  495  104    3.00000    1.00000  66.7%   196 4990s
 273270 132285    1.00000  438   86    3.00000    1.00000  66.7%   196 4998s
 274031 132713    2.00000  444   88    3.00000    1.00000  66.7%   196 5005s
 274767 133035    2.00000  401   90    3.00000    1.00000  66.7%   196 5012s
 275530 133261    2.00000  513   68    3.00000    1.00000  66.7%   196 5020s
 276310 133416    2.00000  507   86    3.00000    1.00000  66.7%   196 5027s
 277176 133420    1.00000  447   91    3.00000    1.00000  66.7%   196 5033s
 277188 133424    1.03333  448  113    3.00000    1.00000  66.7%   196 5042s
 277200 133421 infeasible  449         3.00000    1.00000  66.7%   196 5050s
 277219 133482 infeasible  449         3.00000    1.00000  66.7%   196 5060s
 277330 133698 infeasible  448         3.00000    1.00000  66.7%   196 5068s
 277805 133820 infeasible  443         3.00000    1.00000  66.7%   196 5077s
 278576 133990 infeasible  450         3.00000    1.00000  66.7%   196 5085s
 279400 134400 infeasible  515         3.00000    1.00000  66.7%   196 5093s
 280274 134749    2.00000  446  122    3.00000    1.00000  66.7%   197 5101s
 281229 135059    2.00000  485   86    3.00000    1.00000  66.7%   196 5109s
 282109 135487    1.00000  431   93    3.00000    1.00000  66.7%   197 5116s
 283082 136009 infeasible  391         3.00000    1.00000  66.7%   196 5124s
 283979 136628    2.00000  511   82    3.00000    1.00000  66.7%   196 5131s
 284977 137396    2.00000  450   99    3.00000    1.00000  66.7%   196 5150s
 286173 137897    2.00000  478   86    3.00000    1.00000  66.7%   196 5159s
 287108 138321    2.00000  396  118    3.00000    1.00000  66.7%   196 5166s
 287982 138856    2.00000  428   88    3.00000    1.00000  66.7%   196 5175s
 288900 139271    1.00485  416  107    3.00000    1.00000  66.7%   196 5182s
 289692 139688    2.00000  416   89    3.00000    1.00000  66.7%   196 5190s
 290610 140060 infeasible  425         3.00000    1.00000  66.7%   196 5197s
 291413 140577 infeasible  489         3.00000    1.00000  66.7%   196 5204s
 292275 141071    2.00000  456   87    3.00000    1.00000  66.7%   196 5210s
 293120 141697    1.00000  425   94    3.00000    1.00000  66.7%   196 5217s
 294063 142120    2.00000  482   82    3.00000    1.00000  66.7%   196 5224s
 294786 142708    2.00000  441   87    3.00000    1.00000  66.7%   196 5231s
 295704 143082    2.00000  498   68    3.00000    1.00000  66.7%   196 5238s
 296485 143606    2.00000  438   69    3.00000    1.00000  66.7%   196 5246s
 297344 144149    2.00000  425   92    3.00000    1.00000  66.7%   196 5252s
 298335 144458    2.00000  595   78    3.00000    1.00000  66.7%   196 5260s
 299189 144975 infeasible  419         3.00000    1.00000  66.7%   196 5267s
 300082 145478    2.00000  490   85    3.00000    1.00000  66.7%   196 5287s
 301191 146192    2.00000  453   94    3.00000    1.00000  66.7%   196 5296s
 302453 146734    2.00000  465  104    3.00000    1.00000  66.7%   196 5303s
 303312 146736    2.00000  470   87    3.00000    1.00000  66.7%   196 5309s
 303326 146738    2.00000  471   89    3.00000    1.00000  66.7%   196 5316s
 303340 146743    2.00000  472   91    3.00000    1.00000  66.7%   196 5324s
 303350 146750    2.00000  473   91    3.00000    1.00000  66.7%   196 5333s
 303358 146918    2.00000  474   90    3.00000    1.00000  66.7%   196 5340s
 303605 147212    2.00000  475   80    3.00000    1.00000  66.7%   196 5349s
 304332 147702    2.00000  452   89    3.00000    1.00000  66.7%   196 5357s
 305285 148014 infeasible  453         3.00000    1.00000  66.7%   196 5364s
 305923 148463    2.00000  492   68    3.00000    1.00000  66.7%   196 5372s
 306868 148952 infeasible  487         3.00000    1.00000  66.7%   196 5380s
 307782 149558    2.00000  525   89    3.00000    1.00000  66.7%   196 5387s
 308874 150083    2.00000  448   64    3.00000    1.00000  66.7%   196 5395s
 309726 150519    2.00000  492  106    3.00000    1.00000  66.7%   196 5402s
 310553 151227    2.00000  416  117    3.00000    1.00000  66.7%   196 5409s
 311493 151816    2.00000  512  107    3.00000    1.00000  66.7%   196 5417s
 312251 152335    2.00000  423   76    3.00000    1.00000  66.7%   196 5425s
 313238 153017 infeasible  469         3.00000    1.00000  66.7%   196 5433s
 314116 153447    1.00000  402   93    3.00000    1.00000  66.7%   196 5440s
 314821 154107 infeasible  509         3.00000    1.00000  66.7%   196 5458s
 316180 154687 infeasible  578         3.00000    1.00000  66.7%   196 5464s
 317044 155090 infeasible  428         3.00000    1.00000  66.7%   196 5470s
 317729 155655    2.00000  435   92    3.00000    1.00000  66.7%   196 5477s
 318568 156176 infeasible  482         3.00000    1.00000  66.7%   196 5483s
 319361 156538    2.00000  450   80    3.00000    1.00000  66.7%   196 5489s
 319991 156832    2.00000  456   67    3.00000    1.00000  66.7%   196 5496s
 320595 157259    2.00000  457   78    3.00000    1.00000  66.7%   196 5503s
 321389 157771    2.00000  459   83    3.00000    1.00000  66.7%   196 5509s
 322096 158126 infeasible  483         3.00000    1.00000  66.7%   196 5516s
 322806 158458 infeasible  489         3.00000    1.00000  66.7%   196 5523s
 323535 158977    2.00000  509   91    3.00000    1.00000  66.7%   196 5531s
 324462 159529    2.00000  436   67    3.00000    1.00000  66.7%   196 5539s
 325404 159954    2.00000  477   55    3.00000    1.00000  66.7%   196 5546s
 326212 160429 infeasible  494         3.00000    1.00000  66.7%   196 5553s
 327033 160807 infeasible  502         3.00000    1.00000  66.7%   196 5560s
 327796 161227    2.00000  529   84    3.00000    1.00000  66.7%   197 5567s
 328560 161721    2.00000  545   69    3.00000    1.00000  66.7%   197 5575s
 329445 162466    2.00000  499   92    3.00000    1.00000  66.7%   197 5594s
 330548 162546    2.00000  468   56    3.00000    1.00000  66.7%   197 5604s
 330679 162553    2.00000  471   82    3.00000    1.00000  66.7%   197 5615s
 330688 162557    2.00000  471   69    3.00000    1.00000  66.7%   197 5630s
 330700 162560 infeasible  470         3.00000    1.00000  66.7%   197 5642s
 330713 162567    2.00000  473   73    3.00000    1.00000  66.7%   197 5663s
 330722 162763    2.00000  470   54    3.00000    1.00000  66.7%   197 5675s
 331027 163355    2.00000  471   54    3.00000    1.00000  66.7%   197 5688s
 332294 163964 infeasible  419         3.00000    1.00000  66.7%   197 5699s
 333467 164824    2.00000  481   88    3.00000    1.00000  66.7%   197 5710s
 334755 165650    2.00000  565   97    3.00000    1.00000  66.7%   197 5719s
 336057 166294    2.00000  487  101    3.00000    1.00000  66.7%   197 5727s
 337097 166928    2.00000  416   94    3.00000    1.00000  66.7%   197 5736s
 338079 167548    2.00000  514   79    3.00000    1.00000  66.7%   197 5745s
 339013 168237    2.00000  412   93    3.00000    1.00000  66.7%   197 5753s
 340088 168842 infeasible  442         3.00000    1.00000  66.7%   197 5761s
 341128 169320    2.00000  458   71    3.00000    1.00000  66.7%   197 5768s
 342125 169858    2.00000  472   83    3.00000    1.00000  66.7%   197 5775s
 343051 170495    2.00000  436  113    3.00000    1.00000  66.7%   197 5782s
 343965 171550 infeasible  562         3.00000    1.00000  66.7%   197 5801s
 345598 171928    2.00000  502   87    3.00000    1.00000  66.7%   197 5807s
 346324 172506    2.00000  493   95    3.00000    1.00000  66.7%   197 5813s
 347149 172828    2.00000  415   95    3.00000    1.00000  66.7%   197 5819s
 347869 173187 infeasible  443         3.00000    1.00000  66.7%   197 5825s
 348477 173581 infeasible  442         3.00000    1.00000  66.7%   197 5830s
 349126 174025    2.00000  489   76    3.00000    1.00000  66.7%   197 5837s
 349849 174447    2.00000  540   88    3.00000    1.00000  66.7%   197 5843s
 350706 175089 infeasible  498         3.00000    1.00000  66.7%   197 5849s
 351699 175648    2.00000  422  117    3.00000    1.00000  66.7%   196 5856s
 352490 176173    2.00000  437   86    3.00000    1.00000  66.7%   196 5862s
 353257 176734    2.00000  456   87    3.00000    1.00000  66.7%   196 5868s
 354053 177417    2.00000  482   83    3.00000    1.00000  66.7%   196 5875s
 355027 177868    2.00000  540   50    3.00000    1.00000  66.7%   196 5882s
 355728 178537    1.00000  434  112    3.00000    1.00000  66.7%   196 5888s
 356620 178884    2.00000  480   79    3.00000    1.00000  66.7%   196 5894s
 357328 179228    2.00000  460   67    3.00000    1.00000  66.7%   196 5901s
 358127 179738 infeasible  394         3.00000    1.00000  66.7%   196 5907s
 358941 180516    2.00000  435   91    3.00000    1.00000  66.7%   196 5924s
 360133 181033    2.00000  436   98    3.00000    1.00000  66.7%   196 5931s
 360863 181608    2.00000  434  107    3.00000    1.00000  66.7%   196 5940s
 361795 182294    2.00000  473   86    3.00000    1.00000  66.7%   196 5947s
 362749 182929    2.00000  417   92    3.00000    1.00000  66.7%   196 5954s
 363745 183344 infeasible  437         3.00000    1.00000  66.7%   196 5961s
 364480 183978 infeasible  428         3.00000    1.00000  66.7%   196 5969s
 365387 184515    2.00000  512  101    3.00000    1.00000  66.7%   196 5976s
 366180 185297    2.00000  467   80    3.00000    1.00000  66.7%   196 5983s
 367187 185771    2.00000  517   71    3.00000    1.00000  66.7%   196 5990s
 368143 186301    2.00000  458   63    3.00000    1.00000  66.7%   196 5997s
 368987 186898    2.00000  476   90    3.00000    1.00000  66.7%   196 6003s
 369895 187532    2.00000  577   78    3.00000    1.00000  66.7%   196 6010s
 370759 188209    2.00000  382  115    3.00000    1.00000  66.7%   196 6016s
 371708 188598    2.00000  406   87    3.00000    1.00000  66.7%   196 6022s
 372347 189070    2.00000  409   78    3.00000    1.00000  66.7%   196 6029s
 373169 189461    2.00000  457   81    3.00000    1.00000  66.7%   196 6036s
 373882 190147    2.00000  461   93    3.00000    1.00000  66.7%   196 6054s
 375265 190449    2.00000  380  105    3.00000    1.00000  66.7%   196 6061s
 375870 190886    1.00000  441  100    3.00000    1.00000  66.7%   196 6068s
 376589 191386    2.00000  444  101    3.00000    1.00000  66.7%   196 6075s
 377436 191943    2.00000  420   83    3.00000    1.00000  66.7%   196 6083s
 378271 192694    2.00000  456   87    3.00000    1.00000  66.7%   196 6091s
 379198 193203 infeasible  598         3.00000    1.00000  66.7%   196 6098s
 379971 193767    2.00000  471   66    3.00000    1.00000  66.7%   196 6105s
 380907 194273    2.00000  483   96    3.00000    1.00000  66.7%   196 6112s
 381798 194670    2.00000  426   91    3.00000    1.00000  66.7%   196 6119s
 382609 195204    2.00000  434  101    3.00000    1.00000  66.7%   196 6126s
 383458 195608    2.00000  469  100    3.00000    1.00000  66.7%   196 6132s
 384124 196261 infeasible  492         3.00000    1.00000  66.7%   196 6139s
 385123 196820    2.00000  438   89    3.00000    1.00000  66.7%   196 6146s
 386039 197258    2.00000  466  109    3.00000    1.00000  66.7%   196 6152s
 386804 197747 infeasible  412         3.00000    1.00000  66.7%   196 6159s
 387468 197754    2.00000  466   86    3.00000    1.00000  66.7%   196 6166s
 387477 197762    2.00000  467   86    3.00000    1.00000  66.7%   196 6173s
 387485 197768    2.00000  468   86    3.00000    1.00000  66.7%   196 6182s
 387495 197776    2.00000  469   89    3.00000    1.00000  66.7%   196 6197s
 387503 197780 infeasible  469         3.00000    1.00000  66.7%   196 6205s
 387515 197786    2.00000  470   89    3.00000    1.00000  66.7%   196 6224s
 387525 197786    2.00000  471   89    3.00000    1.00000  66.7%   196 6234s
 387541 198070 infeasible  472         3.00000    1.00000  66.7%   196 6256s
 387858 198365    2.00000  471  107    3.00000    1.00000  66.7%   196 6270s
 388266 198823 infeasible  480         3.00000    1.00000  66.7%   196 6278s
 388941 199512 infeasible  405         3.00000    1.00000  66.7%   196 6297s
 389845 200242    2.00000  417   89    3.00000    1.00000  66.7%   196 6308s
 390927 200897    2.00000  454   76    3.00000    1.00000  66.7%   196 6316s
 392045 201387    2.00000  464   90    3.00000    1.00000  66.7%   196 6324s
 392948 201918    2.00000  473   66    3.00000    1.00000  66.7%   196 6331s
 393805 202547    2.00000  469   83    3.00000    1.00000  66.7%   196 6338s
 394794 203245    2.00000  553  104    3.00000    1.00000  66.7%   196 6345s
 395627 203716    2.00000  401  126    3.00000    1.00000  66.7%   195 6351s
 396478 204279    2.00000  518  138    3.00000    1.00000  66.7%   195 6359s
 397327 204630 infeasible  472         3.00000    1.00000  66.7%   195 6366s
 398099 205089    2.00000  395   97    3.00000    1.00000  66.7%   195 6372s
 398845 205803    2.00000  410   81    3.00000    1.00000  66.7%   195 6379s
 399785 206361 infeasible  420         3.00000    1.00000  66.7%   195 6385s
 400512 206826    2.00000  440  105    3.00000    1.00000  66.7%   195 6392s
 401260 207368    2.00000  420  126    3.00000    1.00000  66.7%   195 6400s
 402065 207923    2.00000  511  106    3.00000    1.00000  66.7%   195 6407s
 402886 208743    2.00000  434  131    3.00000    1.00000  66.7%   195 6415s
 403909 209454    1.00000  415  110    3.00000    1.00000  66.7%   195 6434s
 405060 209982    2.00000  396  106    3.00000    1.00000  66.7%   195 6441s
 405860 210473 infeasible  510         3.00000    1.00000  66.7%   195 6449s
 406717 210933    2.00000  388  110    3.00000    1.00000  66.7%   195 6457s
 407421 211610    2.00000  395   94    3.00000    1.00000  66.7%   195 6465s
 408309 212087 infeasible  410         3.00000    1.00000  66.7%   195 6473s
 409165 212682    2.00000  425   86    3.00000    1.00000  66.7%   195 6481s
 410062 213296    2.00000  432   99    3.00000    1.00000  66.7%   195 6488s
 410946 213831    2.00000  452   90    3.00000    1.00000  66.7%   195 6495s
 411782 214196    2.00000  464   74    3.00000    1.00000  66.7%   195 6502s
 412306 214902    2.00000  443   96    3.00000    1.00000  66.7%   195 6509s
 413215 215712 infeasible  480         3.00000    1.00000  66.7%   195 6516s
 414187 216424    2.00000  532   92    3.00000    1.00000  66.7%   195 6523s
 415182 216992    2.00000  462  113    3.00000    1.00000  66.7%   195 6530s
 416065 217423 infeasible  506         3.00000    1.00000  66.7%   195 6537s
 416899 218020    2.00000  438  108    3.00000    1.00000  66.7%   195 6544s
 417710 218484    2.00000  437  139    3.00000    1.00000  66.7%   195 6551s
 418420 219531    2.00000  516   79    3.00000    1.00000  66.7%   195 6567s
 419899 220045    2.00000  397  112    3.00000    1.00000  66.7%   195 6573s
 420597 220483    2.00000  430  109    3.00000    1.00000  66.7%   195 6579s
 421252 220951    2.00000  451   94    3.00000    1.00000  66.7%   195 6585s
 421971 221582    2.00000  407   74    3.00000    1.00000  66.7%   195 6592s
 422892 222034    2.00000  427   64    3.00000    1.00000  66.7%   195 6598s
 423521 222570 infeasible  459         3.00000    1.00000  66.7%   195 6605s
 424259 223024 infeasible  500         3.00000    1.00000  66.7%   195 6611s
 424991 223546    2.00000  441   95    3.00000    1.00000  66.7%   195 6618s
 425737 224074    2.00000  452  107    3.00000    1.00000  66.7%   195 6624s
 426520 224574    2.00000  466  131    3.00000    1.00000  66.7%   195 6631s
 427317 225327    2.00000  401  100    3.00000    1.00000  66.7%   195 6637s
 428226 225613    2.00000  459   73    3.00000    1.00000  66.7%   195 6644s
 428898 226205    2.00000  477   81    3.00000    1.00000  66.7%   195 6650s
 429762 226756    2.00000  417  128    3.00000    1.00000  66.7%   195 6657s
 430507 227348 infeasible  488         3.00000    1.00000  66.7%   195 6664s
 431321 227906    2.00000  415   86    3.00000    1.00000  66.7%   195 6671s
 432088 228545    2.00000  528   87    3.00000    1.00000  66.7%   195 6678s
 433041 229592 infeasible  457         3.00000    1.00000  66.7%   195 6694s
 434364 230130    2.00000  450  102    3.00000    1.00000  66.7%   195 6700s
 435110 230833    2.00000  414  114    3.00000    1.00000  66.7%   195 6706s
 435970 231360    2.00000  542   99    3.00000    1.00000  66.7%   195 6712s
 436679 231731    2.00000  411   93    3.00000    1.00000  66.7%   195 6718s
 437276 232107    2.00000  500   71    3.00000    1.00000  66.7%   195 6724s
 437888 232737    2.00000  455   76    3.00000    1.00000  66.7%   195 6731s
 438807 233159    2.00000  406  120    3.00000    1.00000  66.7%   195 6737s
 439514 233714    2.00000  448   96    3.00000    1.00000  66.7%   195 6744s
 440391 234264    2.00000  443   94    3.00000    1.00000  66.7%   195 6750s
 441150 234839    1.00000  378  105    3.00000    1.00000  66.7%   195 6756s
 441950 235472 infeasible  424         3.00000    1.00000  66.7%   195 6763s
 442824 236121    2.00000  467   80    3.00000    1.00000  66.7%   195 6770s
 443649 236589    2.00000  499   85    3.00000    1.00000  66.7%   195 6776s
 444318 236591    2.00000  397   68    3.00000    1.00000  66.7%   195 6784s
 444332 236597    2.00000  398   74    3.00000    1.00000  66.7%   195 6792s
 444342 236603    2.00000  399   72    3.00000    1.00000  66.7%   195 6810s
 444352 236606    2.00000  400   68    3.00000    1.00000  66.7%   195 6819s
 444365 236610    2.00000  401   68    3.00000    1.00000  66.7%   195 6834s
 444377 236617    2.00000  402   68    3.00000    1.00000  66.7%   195 6848s
 444386 236737    2.00000  403   67    3.00000    1.00000  66.7%   195 6868s
 444556 237040    2.00000  404   72    3.00000    1.00000  66.7%   195 6875s
 444939 237499    2.00000  405   71    3.00000    1.00000  66.7%   195 6882s
 445686 238145    2.00000  406   74    3.00000    1.00000  66.7%   195 6890s
 446502 238812    2.00000  407   76    3.00000    1.00000  66.7%   195 6898s
 447481 239502 infeasible  369         3.00000    1.00000  66.7%   194 6914s
 448638 240045    2.00000  473   93    3.00000    1.00000  66.7%   194 6921s
 449405 240722    2.00000  405   93    3.00000    1.00000  66.7%   194 6927s
 450337 241297    2.00000  529   83    3.00000    1.00000  66.7%   194 6934s
 451159 241883 infeasible  393         3.00000    1.00000  66.7%   194 6940s
 452034 242393 infeasible  503         3.00000    1.00000  66.7%   194 6947s
 452790 242931    2.00000  490   94    3.00000    1.00000  66.7%   194 6954s
 453599 243606    2.00000  423   96    3.00000    1.00000  66.7%   194 6961s
 454565 244183 infeasible  412         3.00000    1.00000  66.7%   194 6968s
 455377 244930    2.00000  374  112    3.00000    1.00000  66.7%   194 6975s
 456315 245675 infeasible  479         3.00000    1.00000  66.7%   194 6981s
 457354 246237    2.00000  531   70    3.00000    1.00000  66.7%   194 6988s
 458107 246762    2.00000  422   98    3.00000    1.00000  66.7%   194 6994s
 458794 247054    2.00000  547   65    3.00000    1.00000  66.7%   194 7000s
 459407 247704    1.00000  355  152    3.00000    1.00000  66.7%   194 7008s
 460232 248405    2.00000  385  132    3.00000    1.00000  66.7%   194 7015s
 461092 249062    2.00000  433  111    3.00000    1.00000  66.7%   194 7022s
 461849 249549    2.00000  454  122    3.00000    1.00000  66.7%   194 7029s
 462589 250318    2.00000  437   83    3.00000    1.00000  66.7%   194 7045s
 463759 251053 infeasible  418         3.00000    1.00000  66.7%   194 7053s
 464705 251669    2.00000  423   95    3.00000    1.00000  66.7%   194 7060s
 465445 252265    2.00000  423   94    3.00000    1.00000  66.7%   194 7067s
 466183 252652    2.00000  424   89    3.00000    1.00000  66.7%   194 7075s
 466848 253051 infeasible  450         3.00000    1.00000  66.7%   194 7083s
 467521 253526    2.00000  411   72    3.00000    1.00000  66.7%   194 7090s
 468350 254030 infeasible  395         3.00000    1.00000  66.7%   194 7098s
 469125 254641    2.00000  410   95    3.00000    1.00000  66.7%   194 7105s
 470024 255318    2.00000  441   82    3.00000    1.00000  66.7%   194 7113s
 470922 256014    2.00000  420   85    3.00000    1.00000  66.7%   194 7121s
 471752 256518    2.00000  452  101    3.00000    1.00000  66.7%   194 7128s
 472517 257061 infeasible  520         3.00000    1.00000  66.7%   194 7135s
 473278 257705    2.00000  404  104    3.00000    1.00000  66.7%   194 7143s
 474211 258448    2.00000  398  109    3.00000    1.00000  66.7%   194 7150s
 475131 259056 infeasible  511         3.00000    1.00000  66.7%   194 7157s
 476003 259697    2.00000  512   94    3.00000    1.00000  66.7%   194 7164s
 476881 260304 infeasible  485         3.00000    1.00000  66.7%   194 7172s
 477764 261202    2.00000  447   90    3.00000    1.00000  66.7%   194 7188s
 479016 261785    2.00000  463   81    3.00000    1.00000  66.7%   194 7195s
 479811 262242    2.00000  417  100    3.00000    1.00000  66.7%   194 7202s
 480576 262813    2.00000  396  100    3.00000    1.00000  66.7%   194 7208s
 481406 263568    2.00000  493   69    3.00000    1.00000  66.7%   194 7214s
 482321 264242    2.00000  386  107    3.00000    1.00000  66.7%   194 7220s
 483194 264733    2.00000  418   80    3.00000    1.00000  66.7%   194 7226s
 484000 265139    2.00000  471   74    3.00000    1.00000  66.7%   194 7232s
 484725 265733 infeasible  502         3.00000    1.00000  66.7%   194 7238s
 485590 266187    2.00000  442   88    3.00000    1.00000  66.7%   194 7244s
 486241 266594    2.00000  537   83    3.00000    1.00000  66.7%   194 7251s
 487004 267271    2.00000  400   91    3.00000    1.00000  66.7%   194 7257s
 487826 267989    2.00000  418  104    3.00000    1.00000  66.7%   194 7264s
 488733 268687 infeasible  440         3.00000    1.00000  66.7%   194 7271s
 489630 269273 infeasible  506         3.00000    1.00000  66.7%   194 7277s
 490401 269837    2.00000  460   91    3.00000    1.00000  66.7%   194 7283s
 491220 270361 infeasible  462         3.00000    1.00000  66.7%   194 7290s
 491977 271028    2.00000  424   80    3.00000    1.00000  66.7%   194 7296s
 492907 271991    2.00000  501   77    3.00000    1.00000  66.7%   193 7312s
 494147 272622    2.00000  476   85    3.00000    1.00000  66.7%   193 7318s
 494984 273338    2.00000  370   92    3.00000    1.00000  66.7%   193 7324s
 495794 273692    2.00000  441   87    3.00000    1.00000  66.7%   193 7330s
 496375 274168    2.00000  476   80    3.00000    1.00000  66.7%   193 7337s
 497209 274813    2.00000  413  109    3.00000    1.00000  66.7%   193 7343s
 497992 275431 infeasible  481         3.00000    1.00000  66.7%   193 7349s
 498909 275944 infeasible  429         3.00000    1.00000  66.7%   193 7355s
 499657 276514    2.00000  459  101    3.00000    1.00000  66.7%   193 7361s
 500431 276522    2.00000  396  119    3.00000    1.00000  66.7%   193 7368s
 500439 276528    2.00000  396  117    3.00000    1.00000  66.7%   193 7375s
 500449 276531    2.00000  397  115    3.00000    1.00000  66.7%   193 7384s
 500462 276563    2.00000  397  110    3.00000    1.00000  66.7%   193 7393s
 500529 276710    2.00000  398  113    3.00000    1.00000  66.7%   193 7400s
 500712 277237    2.00000  420   77    3.00000    1.00000  66.7%   193 7408s
 501436 277992    2.00000  397  107    3.00000    1.00000  66.7%   193 7416s
 502325 278435 infeasible  528         3.00000    1.00000  66.7%   193 7423s
 503107 279133    2.00000  535   64    3.00000    1.00000  66.7%   193 7431s
 504075 280012    2.00000  415   82    3.00000    1.00000  66.7%   193 7438s
 505147 280694    2.00000  460  100    3.00000    1.00000  66.7%   193 7445s
 506029 281151    2.00000  483  101    3.00000    1.00000  66.7%   193 7452s
 506700 281653    2.00000  502   90    3.00000    1.00000  66.7%   193 7459s
 507432 282304    2.00000  444  118    3.00000    1.00000  66.7%   193 7477s
 508443 282977    1.00000  395  129    3.00000    1.00000  66.7%   193 7485s
 509270 283607    2.00000  473  142    3.00000    1.00000  66.7%   193 7493s
 510216 284537    2.00000  397  108    3.00000    1.00000  66.7%   193 7501s
 511282 285178    2.00000  543  116    3.00000    1.00000  66.7%   193 7507s
 512168 285866    2.00000  379  119    3.00000    1.00000  66.7%   193 7514s
 513024 286277    2.00000  409   80    3.00000    1.00000  66.7%   193 7522s
 513728 286892    2.00000  423   73    3.00000    1.00000  66.7%   193 7530s
 514450 287286    2.00000  426   76    3.00000    1.00000  66.7%   193 7537s
 515018 287936    2.00000  482   79    3.00000    1.00000  66.7%   193 7545s
 515842 288379    2.00000  469   95    3.00000    1.00000  66.7%   193 7553s
 516567 288817 infeasible  536         3.00000    1.00000  66.7%   193 7560s
 517336 289393    2.00000  457  120    3.00000    1.00000  66.7%   193 7567s
 518145 290041    2.00000  398  127    3.00000    1.00000  66.7%   193 7574s
 519099 290756    2.00000  517   64    3.00000    1.00000  66.7%   193 7582s
 520112 291478    2.00000  369  109    3.00000    1.00000  66.7%   193 7590s
 521027 291949    2.00000  400  103    3.00000    1.00000  66.7%   193 7597s
 521764 292392    2.00000  410  110    3.00000    1.00000  66.7%   193 7603s
 522472 293095    2.00000  440  112    3.00000    1.00000  66.7%   193 7620s
 523619 293814    2.00000  396  129    3.00000    1.00000  66.7%   193 7628s
 524444 294477    2.00000  532   91    3.00000    1.00000  66.7%   193 7635s
 525272 295064    2.00000  445   79    3.00000    1.00000  66.7%   193 7642s
 526135 295068    2.00000  438   72    3.00000    1.00000  66.7%   193 7649s
 526147 295070    2.00000  438   68    3.00000    1.00000  66.7%   193 7657s
 526161 295070    2.00000  439   69    3.00000    1.00000  66.7%   193 7665s
 526177 295093    2.00000  439   79    3.00000    1.00000  66.7%   193 7674s
 526218 295216    2.00000  453   75    3.00000    1.00000  66.7%   193 7683s
 526407 295574 infeasible  494         3.00000    1.00000  66.7%   193 7691s
 526988 296117    2.00000  473   99    3.00000    1.00000  66.7%   193 7699s
 527869 296830    1.00000  401   86    3.00000    1.00000  66.7%   193 7708s
 528780 297509    2.00000  428   86    3.00000    1.00000  66.7%   193 7716s
 529711 298149    2.00000  442   99    3.00000    1.00000  66.7%   193 7724s
 530612 298806 infeasible  475         3.00000    1.00000  66.7%   193 7732s
 531527 299358 infeasible  488         3.00000    1.00000  66.7%   193 7740s
 532357 299852    2.00000  480  147    3.00000    1.00000  66.7%   193 7747s
 533061 300550 infeasible  515         3.00000    1.00000  66.7%   194 7755s
 534068 301175    2.00000  437  105    3.00000    1.00000  66.7%   193 7762s
 535027 302098    2.00000  468  119    3.00000    1.00000  66.7%   193 7769s
 536094 302942    2.00000  599  100    3.00000    1.00000  66.7%   193 7776s
 537139 303551    2.00000  459   75    3.00000    1.00000  66.7%   193 7793s
 538261 304452    2.00000  375  118    3.00000    1.00000  66.7%   193 7800s
 539233 305057    2.00000  398  117    3.00000    1.00000  66.7%   193 7806s
 540119 305598    2.00000  422   96    3.00000    1.00000  66.7%   193 7813s
 540898 306152    2.00000  443   96    3.00000    1.00000  66.7%   193 7818s
 541678 306555    2.00000  399  106    3.00000    1.00000  66.7%   193 7825s
 542382 307096    2.00000  410   82    3.00000    1.00000  66.7%   193 7832s
 543149 307571 infeasible  426         3.00000    1.00000  66.7%   193 7839s
 543859 308025 infeasible  437         3.00000    1.00000  66.7%   193 7845s
 544647 308762    2.00000  403  107    3.00000    1.00000  66.7%   193 7852s
 545611 309302    2.00000  512   99    3.00000    1.00000  66.7%   193 7859s
 546354 309651    2.00000  462  101    3.00000    1.00000  66.7%   193 7865s
 546959 310182    2.00000  414   92    3.00000    1.00000  66.7%   193 7872s
 547728 310771    2.00000  383  117    3.00000    1.00000  66.7%   193 7879s
 548583 311377    2.00000  511  113    3.00000    1.00000  66.7%   193 7886s
 549372 312032    2.00000  361  109    3.00000    1.00000  66.7%   193 7894s
 550194 312592    2.00000  493   96    3.00000    1.00000  66.7%   193 7901s
 550993 313034 infeasible  386         3.00000    1.00000  66.7%   193 7908s
 551657 313823    2.00000  469   97    3.00000    1.00000  66.7%   193 7924s
 552851 314391    2.00000  421  113    3.00000    1.00000  66.7%   193 7930s
 553634 314946 infeasible  450         3.00000    1.00000  66.7%   193 7937s
 554429 314954    2.00000  362  119    3.00000    1.00000  66.7%   193 7944s
 554437 314962    2.00000  363  119    3.00000    1.00000  66.7%   193 7950s
 554445 314968    2.00000  364  115    3.00000    1.00000  66.7%   193 7958s
 554455 315121    2.00000  365  111    3.00000    1.00000  66.7%   193 7965s
 554668 315693    2.00000  465   61    3.00000    1.00000  66.7%   193 7973s
 555378 316186    2.00000  420  112    3.00000    1.00000  66.7%   193 7981s
 556209 316775 infeasible  398         3.00000    1.00000  66.7%   193 7990s
 557154 317508    2.00000  365  102    3.00000    1.00000  66.7%   193 7998s
 558017 318303    2.00000  400   92    3.00000    1.00000  66.7%   193 8007s
 559014 319010    2.00000  430   86    3.00000    1.00000  66.7%   193 8014s
 559904 319591 infeasible  434         3.00000    1.00000  66.7%   193 8022s
 560768 320206    2.00000  425   77    3.00000    1.00000  66.7%   193 8028s
 561577 320836    2.00000  460  121    3.00000    1.00000  66.7%   193 8036s
 562351 321318    2.00000  480  128    3.00000    1.00000  66.7%   193 8043s
 563139 321890 infeasible  502         3.00000    1.00000  66.7%   193 8051s
 563925 322643    2.00000  552   95    3.00000    1.00000  66.7%   193 8058s
 564892 323212    2.00000  458   92    3.00000    1.00000  66.7%   193 8066s
 565767 323895    2.00000  404  127    3.00000    1.00000  66.7%   193 8073s
 566673 324831    2.00000  438   91    3.00000    1.00000  66.7%   193 8091s
 567875 325502    2.00000  488   87    3.00000    1.00000  66.7%   193 8098s
 568781 326006    2.00000  393  101    3.00000    1.00000  66.7%   193 8104s
 569463 326489    2.00000  425  101    3.00000    1.00000  66.7%   193 8111s
 570133 326899    2.00000  415   90    3.00000    1.00000  66.7%   193 8118s
 570781 327413    2.00000  446   89    3.00000    1.00000  66.7%   193 8125s
 571513 327966    2.00000  433   97    3.00000    1.00000  66.7%   193 8132s
 572348 328707 infeasible  438         3.00000    1.00000  66.7%   193 8140s
 573299 329374    2.00000  490   87    3.00000    1.00000  66.7%   193 8147s
 574226 329817 infeasible  574         3.00000    1.00000  66.7%   193 8154s
 574913 329825    2.00000  389  101    3.00000    1.00000  66.7%   193 8162s
 574921 329833    2.00000  389  100    3.00000    1.00000  66.7%   193 8169s
 574929 329841    2.00000  388  108    3.00000    1.00000  66.7%   193 8179s
 574937 329845    2.00000  387  120    3.00000    1.00000  66.7%   193 8195s
 574949 329851    2.00000  387  104    3.00000    1.00000  66.7%   193 8207s
 574959 329857    2.00000  386  102    3.00000    1.00000  66.7%   193 8229s
 574969 329914    2.00000  385  107    3.00000    1.00000  66.7%   193 8245s
 575032 330176    2.00000  387  117    3.00000    1.00000  66.7%   193 8260s
 575310 330501    2.00000  386   99    3.00000    1.00000  66.7%   193 8268s
 575728 331037    2.00000  388  120    3.00000    1.00000  66.7%   193 8276s
 576498 331648    2.00000  386  104    3.00000    1.00000  66.7%   193 8284s
 577354 332357    2.00000  390  114    3.00000    1.00000  66.7%   193 8292s
 578256 332784    2.00000  389  112    3.00000    1.00000  66.7%   193 8300s
 578972 333259    2.00000  410   94    3.00000    1.00000  66.7%   193 8308s
 579805 333872    2.00000  382  102    3.00000    1.00000  66.7%   193 8315s
 580646 334200    2.00000  397  132    3.00000    1.00000  66.7%   193 8323s
 581281 335027 infeasible  406         3.00000    1.00000  66.7%   193 8341s
 582445 335687    2.00000  515   92    3.00000    1.00000  66.7%   193 8348s
 583294 336180    2.00000  445  102    3.00000    1.00000  66.7%   193 8354s
 584084 336680    2.00000  451  100    3.00000    1.00000  66.7%   193 8361s
 584951 337347    2.00000  437   94    3.00000    1.00000  66.7%   193 8368s
 585872 338098 infeasible  520         3.00000    1.00000  66.7%   193 8375s
 586845 338822    2.00000  439   96    3.00000    1.00000  66.7%   193 8382s
 587701 339348    2.00000  394  103    3.00000    1.00000  66.7%   193 8388s
 588443 339917    2.00000  433  126    3.00000    1.00000  66.7%   193 8395s
 589227 340413    2.00000  464  104    3.00000    1.00000  66.7%   193 8401s
 589938 340966 infeasible  490         3.00000    1.00000  66.7%   193 8407s
 590774 341523 infeasible  507         3.00000    1.00000  66.7%   193 8413s
 591539 341996    2.00000  456   92    3.00000    1.00000  66.7%   193 8419s
 592212 342355    2.00000  485  102    3.00000    1.00000  66.7%   193 8425s
 592781 342814    2.00000  395   92    3.00000    1.00000  66.7%   193 8431s
 593466 343486    2.00000  403   96    3.00000    1.00000  66.7%   193 8438s
 594278 344096    2.00000  434   75    3.00000    1.00000  66.7%   193 8444s
 595162 344567 infeasible  467         3.00000    1.00000  66.7%   193 8450s
 595856 345206    2.00000  429  114    3.00000    1.00000  66.7%   193 8466s
 596864 345805    2.00000  483  110    3.00000    1.00000  66.7%   193 8474s
 597712 346547    2.00000  371   84    3.00000    1.00000  66.7%   193 8481s
 598609 347219 infeasible  419         3.00000    1.00000  66.7%   193 8489s
 599499 347936    2.00000  427   86    3.00000    1.00000  66.7%   193 8495s
 600437 348723    2.00000  445  102    3.00000    1.00000  66.7%   193 8502s
 601564 349347    2.00000  362  104    3.00000    1.00000  66.7%   193 8508s
H602146 11930                       2.0000000    1.00000  50.0%   193 8509s
 602404 11251    1.00000  354  359    2.00000    1.00000  50.0%   193 8524s
 602406 11252    1.00000  434   99    2.00000    1.00000  50.0%   193 8531s
 602407 11253    1.00000  369   27    2.00000    1.00000  50.0%   193 8536s
 602409 11254    1.00000  351   32    2.00000    1.00000  50.0%   193 8546s
 602410 11255    1.00000  374   32    2.00000    1.00000  50.0%   193 8550s
 602411 11256    1.00000  382   45    2.00000    1.00000  50.0%   193 8558s
 602413 11257    1.00000  376   31    2.00000    1.00000  50.0%   193 8564s
 602414 11258    1.00000  426   34    2.00000    1.00000  50.0%   193 8565s
 602416 11259    1.00000  167   39    2.00000    1.00000  50.0%   193 8570s
 602417 11260    1.00000  106   35    2.00000    1.00000  50.0%   193 8592s
 602418 11260    1.00000  416   40    2.00000    1.00000  50.0%   193 8602s
 602419 11261    1.00000  150   24    2.00000    1.00000  50.0%   193 8607s
 602421 11262    1.00000  194   24    2.00000    1.00000  50.0%   193 8611s
 602423 11264    1.00000  415   34    2.00000    1.00000  50.0%   193 8619s
 602424 11264    1.00000  196   34    2.00000    1.00000  50.0%   193 8620s
 602426 11266    1.00000  400   21    2.00000    1.00000  50.0%   193 8626s
 602428 11267    1.00000  412   21    2.00000    1.00000  50.0%   193 8639s
 602429 11268    1.00000  276   21    2.00000    1.00000  50.0%   193 8642s
 602444 11287    1.00000   27  102    2.00000    1.00000  50.0%   193 8645s
 602517 11345    1.00000   31  135    2.00000    1.00000  50.0%   193 8653s
H602519 10781                       1.0000000    1.00000  0.00%   193 8653s

Cutting planes:
  Learned: 1
  Cover: 24
  MIR: 16
  Knapsack: 1
  Flow cover: 33
  Relax-and-lift: 8

Explored 602535 nodes (116399015 simplex iterations) in 8653.39 seconds (19845.30 work units)
Thread count was 8 (of 192 available processors)

Solution count 9: 1 2 3 ... 10

Optimal solution found (tolerance 1.00e-04)
Best objective 1.000000000000e+00, best bound 1.000000000000e+00, gap 0.0000%

User-callback calls 2239741, time in user-callback 3.03 sec

Remaining value of each indicator
obj_rho = 370
obj_lambda = 2
obj_phi = 1
✅ Solution trouvée (status: OPTIMAL)
🎯 Objective global: 1.0
⏱️ Time used: 8653.39

✈️ Paths for each aircraft:
🛩️ Aircraft N121 path (32 nodes): s_(u=0.0, v=0.0, w=0.0) ➡️  N121_(u=5935.0, v=76.0, w=15.0) ➡️  ADA_SAW_26340_26430_(u=90.0, v=1.0, w=1.0) ➡️  SAW_VAS_26760_26840_(u=170.0, v=2.0, w=1.0) ➡️  VAS_SAW_26880_26960_(u=250.0, v=3.0, w=1.0) ➡️  SAW_ADA_27060_27145_(u=335.0, v=4.0, w=1.0) ➡️  ADA_ESB_27795_27860_(u=400.0, v=5.0, w=2.0) ➡️  ESB_TZX_27915_27995_(u=480.0, v=6.0, w=2.0) ➡️  TZX_ESB_28045_28125_(u=560.0, v=7.0, w=2.0) ➡️  ESB_GZT_28735_28805_(u=630.0, v=8.0, w=2.0) ➡️  GZT_ESB_29220_29290_(u=700.0, v=9.0, w=3.0) ➡️  ESB_ADB_29360_29440_(u=780.0, v=10.0, w=3.0) ➡️  ADB_ESB_29505_29580_(u=855.0, v=11.0, w=3.0) ➡️  ESB_SAW_29625_29685_(u=915.0, v=12.0, w=3.0) ➡️  SAW_ADA_29940_30025_(u=1000.0, v=13.0, w=3.0) ➡️  ADA_ESB_30675_30740_(u=1065.0, v=14.0, w=4.0) ➡️  ESB_DIY_31360_31440_(u=1145.0, v=15.0, w=4.0) ➡️  DIY_ESB_31480_31565_(u=1230.0, v=16.0, w=4.0) ➡️  ESB_ADB_31605_31685_(u=1310.0, v=17.0, w=4.0) ➡️  ADB_ESB_32100_32175_(u=1385.0, v=18.0, w=5.0) ➡️  ESB_TZX_32235_32315_(u=1465.0, v=19.0, w=5.0) ➡️  TZX_ESB_32365_32445_(u=1545.0, v=20.0, w=5.0) ➡️  ESB_EZS_32535_32610_(u=1620.0, v=21.0, w=5.0) ➡️  EZS_ESB_32645_32725_(u=1700.0, v=22.0, w=5.0) ➡️  ESB_TZX_32810_32890_(u=1780.0, v=23.0, w=5.0) ➡️  TZX_ESB_32925_33005_(u=1860.0, v=24.0, w=5.0) ➡️  ESB_AYT_33690_33760_(u=1930.0, v=25.0, w=6.0) ➡️  AYT_ESB_33810_33875_(u=1995.0, v=26.0, w=6.0) ➡️  ESB_KSY_33945_34040_(u=2090.0, v=27.0, w=6.0) ➡️  KSY_ESB_34080_34185_(u=2195.0, v=28.0, w=6.0) ➡️  ESB_SAW_34380_34440_(u=2255.0, v=29.0, w=6.0) ➡️  SAW_AYT_35490_35555_(u=2320.0, v=30.0, w=7.0) ➡️  AYT_SAW_35590_35655_(u=2385.0, v=31.0, w=7.0) ➡️  SAW_AYT_35785_35850_(u=2450.0, v=32.0, w=7.0) ➡️  t_(u=0.0, v=0.0, w=0.0)

🛩️ Aircraft N122 path (29 nodes): s_(u=0.0, v=0.0, w=0.0) ➡️  N122_(u=5840.0, v=74.0, w=15.0) ➡️  ESB_EZS_26775_26850_(u=5915.0, v=75.0, w=16.0) ➡️  EZS_ESB_26885_26965_(u=5995.0, v=76.0, w=16.0) ➡️  ESB_VAN_28050_28145_(u=95.0, v=1.0, w=1.0) ➡️  VAN_ESB_28290_28395_(u=200.0, v=2.0, w=1.0) ➡️  ESB_ERZ_28475_28560_(u=285.0, v=3.0, w=1.0) ➡️  ERZ_ESB_28595_28685_(u=375.0, v=4.0, w=1.0) ➡️  ESB_AYT_28725_28795_(u=445.0, v=5.0, w=1.0) ➡️  AYT_ESB_29220_29285_(u=510.0, v=6.0, w=2.0) ➡️  ESB_MQM_29630_29725_(u=605.0, v=7.0, w=2.0) ➡️  MQM_ESB_29760_29855_(u=700.0, v=8.0, w=2.0) ➡️  ESB_ERZ_29915_30000_(u=785.0, v=9.0, w=2.0) ➡️  ERZ_ESB_30035_30125_(u=875.0, v=10.0, w=2.0) ➡️  ESB_TZX_30165_30245_(u=955.0, v=11.0, w=2.0) ➡️  TZX_ESB_30660_30740_(u=1035.0, v=12.0, w=3.0) ➡️  ESB_VAN_31045_31140_(u=1130.0, v=13.0, w=3.0) ➡️  VAN_ESB_31230_31335_(u=1235.0, v=14.0, w=3.0) ➡️  ESB_AYT_31380_31450_(u=1305.0, v=15.0, w=3.0) ➡️  AYT_ESB_31485_31550_(u=1370.0, v=16.0, w=3.0) ➡️  ESB_DIY_32250_32330_(u=1450.0, v=17.0, w=4.0) ➡️  DIY_ESB_32390_32475_(u=1535.0, v=18.0, w=4.0) ➡️  ESB_ECN_32520_32590_(u=1605.0, v=19.0, w=4.0) ➡️  ECN_ADA_32700_32755_(u=1660.0, v=20.0, w=4.0) ➡️  ADA_SAW_32940_33030_(u=1750.0, v=21.0, w=4.0) ➡️  SAW_AYT_33720_33785_(u=1815.0, v=22.0, w=5.0) ➡️  AYT_SAW_33825_33890_(u=1880.0, v=23.0, w=5.0) ➡️  SAW_VAS_33960_34040_(u=1960.0, v=24.0, w=5.0) ➡️  VAS_SAW_34080_34160_(u=2040.0, v=25.0, w=5.0) ➡️  SAW_TZX_35195_35295_(u=2140.0, v=26.0, w=6.0) ➡️  TZX_ESB_35520_35600_(u=2220.0, v=27.0, w=6.0) ➡️  t_(u=0.0, v=0.0, w=0.0)

🛩️ Aircraft N123 path (32 nodes): s_(u=0.0, v=0.0, w=0.0) ➡️  N123_(u=5630.0, v=72.0, w=15.0) ➡️  ADA_SAW_27180_27270_(u=5720.0, v=73.0, w=15.0) ➡️  SAW_ESB_27780_27840_(u=5780.0, v=74.0, w=16.0) ➡️  ESB_VAN_27910_28005_(u=5875.0, v=75.0, w=16.0) ➡️  VAN_ESB_28050_28155_(u=5980.0, v=76.0, w=16.0) ➡️  ESB_MLX_28720_28790_(u=70.0, v=1.0, w=1.0) ➡️  MLX_ESB_29220_29295_(u=145.0, v=2.0, w=2.0) ➡️  ESB_AYT_29370_29440_(u=215.0, v=3.0, w=2.0) ➡️  AYT_ESB_29490_29555_(u=280.0, v=4.0, w=2.0) ➡️  ESB_DIY_29610_29690_(u=360.0, v=5.0, w=2.0) ➡️  DIY_ESB_29765_29850_(u=445.0, v=6.0, w=2.0) ➡️  ESB_ADB_30800_30880_(u=525.0, v=7.0, w=3.0) ➡️  ADB_ESB_30945_31020_(u=600.0, v=8.0, w=3.0) ➡️  ESB_SAW_31275_31335_(u=660.0, v=9.0, w=3.0) ➡️  SAW_ADA_31380_31465_(u=745.0, v=10.0, w=3.0) ➡️  ADA_SAW_32100_32190_(u=835.0, v=11.0, w=4.0) ➡️  SAW_AYT_32280_32345_(u=900.0, v=12.0, w=4.0) ➡️  AYT_SAW_32385_32450_(u=965.0, v=13.0, w=4.0) ➡️  SAW_ESB_32745_32805_(u=1025.0, v=14.0, w=4.0) ➡️  ESB_EZS_33050_33125_(u=1100.0, v=15.0, w=4.0) ➡️  EZS_ESB_33540_33620_(u=1180.0, v=16.0, w=5.0) ➡️  ESB_ERZ_33680_33765_(u=1265.0, v=17.0, w=5.0) ➡️  ERZ_ESB_33800_33890_(u=1355.0, v=18.0, w=5.0) ➡️  ESB_ADB_33945_34025_(u=1435.0, v=19.0, w=5.0) ➡️  ADB_ESB_34365_34440_(u=1510.0, v=20.0, w=5.0) ➡️  ESB_GZT_34495_34565_(u=1580.0, v=21.0, w=5.0) ➡️  GZT_ESB_34980_35050_(u=1650.0, v=22.0, w=6.0) ➡️  ESB_AYT_35250_35315_(u=1715.0, v=23.0, w=6.0) ➡️  AYT_ESB_35350_35415_(u=1780.0, v=24.0, w=6.0) ➡️  ESB_ECN_35460_35530_(u=1850.0, v=25.0, w=6.0) ➡️  ECN_ADA_35580_35635_(u=1905.0, v=26.0, w=6.0) ➡️  ADA_ECN_35685_35745_(u=1965.0, v=27.0, w=6.0) ➡️  ECN_ESB_35795_35860_(u=2030.0, v=28.0, w=6.0) ➡️  t_(u=0.0, v=0.0, w=0.0)

🛩️ Aircraft N124 path (29 nodes): s_(u=0.0, v=0.0, w=0.0) ➡️  N124_(u=5455.0, v=69.0, w=14.0) ➡️  AYT_ESB_26340_26405_(u=5520.0, v=70.0, w=14.0) ➡️  ESB_SAW_26745_26805_(u=5580.0, v=71.0, w=14.0) ➡️  SAW_ERZ_26940_27040_(u=5680.0, v=72.0, w=14.0) ➡️  ERZ_SAW_27075_27185_(u=5790.0, v=73.0, w=14.0) ➡️  SAW_ESB_27840_27900_(u=5850.0, v=74.0, w=15.0) ➡️  ESB_SAW_28515_28575_(u=5910.0, v=75.0, w=15.0) ➡️  SAW_ESB_29280_29340_(u=5970.0, v=76.0, w=16.0) ➡️  ESB_SAW_30780_30840_(u=60.0, v=1.0, w=1.0) ➡️  SAW_VAS_31080_31160_(u=140.0, v=2.0, w=1.0) ➡️  VAS_SAW_31200_31280_(u=220.0, v=3.0, w=1.0) ➡️  SAW_ESB_31400_31460_(u=280.0, v=4.0, w=1.0) ➡️  ESB_SZF_31610_31670_(u=340.0, v=5.0, w=1.0) ➡️  SZF_ESB_32100_32160_(u=400.0, v=6.0, w=2.0) ➡️  ESB_ECN_32250_32320_(u=470.0, v=7.0, w=2.0) ➡️  ECN_ESB_32360_32425_(u=535.0, v=8.0, w=2.0) ➡️  ESB_ADB_32505_32585_(u=615.0, v=9.0, w=2.0) ➡️  ADB_ESB_32670_32745_(u=690.0, v=10.0, w=2.0) ➡️  ESB_GNY_32800_32875_(u=765.0, v=11.0, w=2.0) ➡️  GNY_ESB_32910_32990_(u=845.0, v=12.0, w=2.0) ➡️  ESB_TZX_33675_33755_(u=925.0, v=13.0, w=3.0) ➡️  TZX_ESB_33805_33885_(u=1005.0, v=14.0, w=3.0) ➡️  ESB_VAN_33925_34020_(u=1100.0, v=15.0, w=3.0) ➡️  VAN_ESB_34110_34215_(u=1205.0, v=16.0, w=3.0) ➡️  ESB_AYT_34260_34330_(u=1275.0, v=17.0, w=3.0) ➡️  AYT_ESB_34365_34430_(u=1340.0, v=18.0, w=3.0) ➡️  ESB_TZX_35125_35205_(u=1420.0, v=19.0, w=4.0) ➡️  TZX_ESB_35240_35320_(u=1500.0, v=20.0, w=4.0) ➡️  ESB_DIY_35410_35490_(u=1580.0, v=21.0, w=4.0) ➡️  DIY_ESB_35525_35615_(u=1670.0, v=22.0, w=4.0) ➡️  t_(u=0.0, v=0.0, w=0.0)

🛩️ Aircraft N125 path (26 nodes): s_(u=0.0, v=0.0, w=0.0) ➡️  N125_(u=5275.0, v=67.0, w=14.0) ➡️  SAW_ESB_26400_26460_(u=5335.0, v=68.0, w=14.0) ➡️  ESB_VAN_26610_26705_(u=5430.0, v=69.0, w=14.0) ➡️  VAN_ESB_26850_26955_(u=5535.0, v=70.0, w=14.0) ➡️  ESB_TZX_27050_27130_(u=5615.0, v=71.0, w=14.0) ➡️  TZX_ESB_27165_27245_(u=5695.0, v=72.0, w=14.0) ➡️  ESB_SAW_27900_27960_(u=5755.0, v=73.0, w=15.0) ➡️  SAW_ESB_29220_29280_(u=5815.0, v=74.0, w=16.0) ➡️  ESB_AYT_29490_29560_(u=5885.0, v=75.0, w=16.0) ➡️  AYT_ESB_29610_29675_(u=5950.0, v=76.0, w=16.0) ➡️  ESB_SZF_30170_30230_(u=60.0, v=1.0, w=1.0) ➡️  SZF_ESB_30660_30720_(u=120.0, v=2.0, w=2.0) ➡️  ESB_VAN_30790_30885_(u=215.0, v=3.0, w=2.0) ➡️  VAN_ESB_30930_31035_(u=320.0, v=4.0, w=2.0) ➡️  ESB_ECN_31080_31150_(u=390.0, v=5.0, w=2.0) ➡️  ECN_ESB_31475_31540_(u=455.0, v=6.0, w=2.0) ➡️  ESB_DIY_31620_31700_(u=535.0, v=7.0, w=2.0) ➡️  DIY_ESB_32070_32155_(u=620.0, v=8.0, w=3.0) ➡️  ESB_MSR_32250_32340_(u=710.0, v=9.0, w=3.0) ➡️  MSR_ESB_32375_32475_(u=810.0, v=10.0, w=3.0) ➡️  ESB_VAN_33810_33905_(u=905.0, v=11.0, w=4.0) ➡️  VAN_ESB_34050_34155_(u=1010.0, v=12.0, w=4.0) ➡️  ESB_KSY_35110_35205_(u=1105.0, v=13.0, w=5.0) ➡️  KSY_ESB_35240_35345_(u=1210.0, v=14.0, w=5.0) ➡️  ESB_ADB_35385_35465_(u=1290.0, v=15.0, w=5.0) ➡️  ADB_ESB_35505_35580_(u=1365.0, v=16.0, w=5.0) ➡️  ESB_ADB_35685_35765_(u=1445.0, v=17.0, w=5.0) ➡️  t_(u=0.0, v=0.0, w=0.0)

🛩️ Aircraft N126 path (29 nodes): s_(u=0.0, v=0.0, w=0.0) ➡️  N126_(u=4960.0, v=63.0, w=13.0) ➡️  ESB_MSR_26490_26580_(u=5050.0, v=64.0, w=13.0) ➡️  MSR_ESB_26615_26715_(u=5150.0, v=65.0, w=13.0) ➡️  ESB_ADB_27920_28000_(u=5230.0, v=66.0, w=14.0) ➡️  ADB_ESB_28065_28140_(u=5305.0, v=67.0, w=14.0) ➡️  ESB_ECN_28480_28550_(u=5375.0, v=68.0, w=14.0) ➡️  ECN_ESB_28595_28660_(u=5440.0, v=69.0, w=14.0) ➡️  ESB_VAN_29490_29585_(u=5535.0, v=70.0, w=15.0) ➡️  VAN_ESB_29730_29835_(u=5640.0, v=71.0, w=15.0) ➡️  ESB_AYT_30810_30880_(u=5710.0, v=72.0, w=16.0) ➡️  AYT_ESB_30930_30995_(u=5775.0, v=73.0, w=16.0) ➡️  ESB_SAW_31500_31560_(u=5835.0, v=74.0, w=16.0) ➡️  SAW_ADB_32100_32160_(u=60.0, v=0.0, w=1.0) ➡️  ADB_SAW_32195_32255_(u=120.0, v=1.0, w=1.0) ➡️  SAW_ESB_32340_32400_(u=180.0, v=2.0, w=1.0) ➡️  ESB_MQM_32510_32605_(u=275.0, v=3.0, w=1.0) ➡️  MQM_ESB_32640_32735_(u=370.0, v=4.0, w=1.0) ➡️  ESB_ECN_32820_32890_(u=440.0, v=5.0, w=1.0) ➡️  ECN_ESB_33540_33605_(u=505.0, v=6.0, w=2.0) ➡️  ESB_ECN_33690_33760_(u=575.0, v=7.0, w=2.0) ➡️  ECN_ESB_33800_33865_(u=640.0, v=8.0, w=2.0) ➡️  ESB_ERC_33940_34020_(u=720.0, v=9.0, w=2.0) ➡️  ERC_ESB_34055_34135_(u=800.0, v=10.0, w=2.0) ➡️  ESB_TZX_34250_34330_(u=880.0, v=11.0, w=2.0) ➡️  TZX_ESB_34365_34445_(u=960.0, v=12.0, w=2.0) ➡️  ESB_ECN_35100_35170_(u=1030.0, v=13.0, w=3.0) ➡️  ECN_ESB_35210_35275_(u=1095.0, v=14.0, w=3.0) ➡️  ESB_SAW_35610_35670_(u=1155.0, v=15.0, w=3.0) ➡️  SAW_ESB_35715_35775_(u=1215.0, v=16.0, w=3.0) ➡️  ESB_ADA_35935_35995_(u=1275.0, v=17.0, w=3.0) ➡️  t_(u=0.0, v=0.0, w=0.0)

🛩️ Aircraft N127 path (27 nodes): s_(u=0.0, v=0.0, w=0.0) ➡️  N127_(u=4600.0, v=58.0, w=12.0) ➡️  SAW_ESB_26340_26400_(u=4660.0, v=59.0, w=12.0) ➡️  ESB_ERZ_26480_26565_(u=4745.0, v=60.0, w=12.0) ➡️  ERZ_ESB_26600_26690_(u=4835.0, v=61.0, w=12.0) ➡️  ESB_TZX_26775_26855_(u=4915.0, v=62.0, w=12.0) ➡️  TZX_SAW_26930_27040_(u=5025.0, v=63.0, w=12.0) ➡️  SAW_AYT_27960_28025_(u=5090.0, v=64.0, w=13.0) ➡️  AYT_SAW_28065_28130_(u=5155.0, v=65.0, w=13.0) ➡️  SAW_ESB_29460_29520_(u=5215.0, v=66.0, w=14.0) ➡️  ESB_ERC_29620_29700_(u=5295.0, v=67.0, w=14.0) ➡️  ERC_ESB_29735_29815_(u=5375.0, v=68.0, w=14.0) ➡️  ESB_ADA_29940_30000_(u=5435.0, v=69.0, w=14.0) ➡️  ADA_SAW_30060_30150_(u=5525.0, v=70.0, w=14.0) ➡️  SAW_ADB_31345_31405_(u=5585.0, v=71.0, w=15.0) ➡️  ADB_SAW_31440_31500_(u=5645.0, v=72.0, w=15.0) ➡️  SAW_TZX_32295_32395_(u=5745.0, v=73.0, w=16.0) ➡️  TZX_SAW_32690_32800_(u=5855.0, v=74.0, w=16.0) ➡️  SAW_ESB_32840_32900_(u=5915.0, v=75.0, w=16.0) ➡️  ESB_SAW_32940_33000_(u=5975.0, v=76.0, w=16.0) ➡️  SAW_ADB_33540_33600_(u=60.0, v=1.0, w=1.0) ➡️  ADB_ESB_34110_34185_(u=135.0, v=2.0, w=1.0) ➡️  ESB_ECN_34240_34310_(u=205.0, v=3.0, w=1.0) ➡️  ECN_ESB_34355_34420_(u=270.0, v=4.0, w=1.0) ➡️  ESB_ADA_35100_35165_(u=335.0, v=5.0, w=2.0) ➡️  ADA_ESB_35200_35265_(u=400.0, v=6.0, w=2.0) ➡️  ESB_TZX_35690_35770_(u=480.0, v=7.0, w=2.0) ➡️  TZX_ESB_35805_35885_(u=560.0, v=8.0, w=2.0) ➡️  ESB_TZX_35925_36005_(u=640.0, v=9.0, w=2.0) ➡️  t_(u=0.0, v=0.0, w=0.0)

🛩️ Aircraft N128 path (28 nodes): s_(u=0.0, v=0.0, w=0.0) ➡️  N128_(u=4440.0, v=56.0, w=11.0) ➡️  DIY_ESB_26310_26395_(u=4525.0, v=57.0, w=11.0) ➡️  ESB_TZX_26475_26555_(u=4605.0, v=58.0, w=11.0) ➡️  TZX_ESB_26605_26685_(u=4685.0, v=59.0, w=11.0) ➡️  ESB_KSY_26745_26840_(u=4780.0, v=60.0, w=11.0) ➡️  KSY_ESB_26880_26985_(u=4885.0, v=61.0, w=11.0) ➡️  ESB_KSY_27910_28005_(u=4980.0, v=62.0, w=12.0) ➡️  KSY_ESB_28045_28150_(u=5085.0, v=63.0, w=12.0) ➡️  ESB_ADA_28500_28560_(u=5145.0, v=64.0, w=12.0) ➡️  ADA_ESB_28600_28665_(u=5210.0, v=65.0, w=12.0) ➡️  ESB_ADA_28735_28795_(u=5270.0, v=66.0, w=12.0) ➡️  ADA_ESB_30040_30105_(u=5335.0, v=67.0, w=13.0) ➡️  ESB_GZT_30175_30245_(u=5405.0, v=68.0, w=13.0) ➡️  GZT_ESB_30660_30730_(u=5475.0, v=69.0, w=14.0) ➡️  ESB_ADA_31380_31440_(u=5535.0, v=70.0, w=14.0) ➡️  ADA_ESB_32325_32390_(u=5600.0, v=71.0, w=15.0) ➡️  ESB_ERC_32500_32580_(u=5680.0, v=72.0, w=15.0) ➡️  ERC_ESB_32615_32695_(u=5760.0, v=73.0, w=15.0) ➡️  ESB_SAW_32730_32785_(u=5815.0, v=74.0, w=15.0) ➡️  SAW_ADA_32820_32905_(u=5900.0, v=75.0, w=15.0) ➡️  ADA_SAW_33540_33630_(u=5990.0, v=76.0, w=16.0) ➡️  SAW_ERZ_34140_34240_(u=100.0, v=1.0, w=1.0) ➡️  ERZ_SAW_34275_34385_(u=210.0, v=2.0, w=1.0) ➡️  SAW_ESB_34980_35040_(u=270.0, v=3.0, w=2.0) ➡️  ESB_SAW_35090_35150_(u=330.0, v=4.0, w=2.0) ➡️  SAW_ADB_35610_35670_(u=390.0, v=5.0, w=2.0) ➡️  ADB_SAW_35705_35765_(u=450.0, v=6.0, w=2.0) ➡️  SAW_ESB_35805_35865_(u=510.0, v=7.0, w=2.0) ➡️  ESB_GZT_35935_36005_(u=580.0, v=8.0, w=2.0) ➡️  t_(u=0.0, v=0.0, w=0.0)

🛩️ Aircraft N129 path (37 nodes): s_(u=0.0, v=0.0, w=0.0) ➡️  N129_(u=0.0, v=0.0, w=1.0) ➡️  SZF_ESB_26340_26400_(u=60.0, v=1.0, w=1.0) ➡️  ESB_DIY_26490_26570_(u=140.0, v=2.0, w=1.0) ➡️  DIY_ESB_26630_26715_(u=225.0, v=3.0, w=1.0) ➡️  ESB_AJI_26770_26865_(u=320.0, v=4.0, w=1.0) ➡️  AJI_ESB_26905_27010_(u=425.0, v=5.0, w=1.0) ➡️  ESB_SAW_27075_27135_(u=485.0, v=6.0, w=1.0) ➡️  SAW_ADB_27780_27840_(u=545.0, v=7.0, w=2.0) ➡️  ADB_SAW_27875_27935_(u=605.0, v=8.0, w=2.0) ➡️  SAW_TZX_27975_28075_(u=705.0, v=9.0, w=2.0) ➡️  TZX_SAW_28370_28480_(u=815.0, v=10.0, w=2.0) ➡️  SAW_ESB_28520_28580_(u=875.0, v=11.0, w=2.0) ➡️  ESB_EZS_29655_29730_(u=950.0, v=12.0, w=3.0) ➡️  EZS_ESB_29765_29845_(u=1030.0, v=13.0, w=3.0) ➡️  ESB_AYT_29940_30010_(u=1100.0, v=14.0, w=3.0) ➡️  AYT_ESB_30045_30110_(u=1165.0, v=15.0, w=3.0) ➡️  ESB_ADA_30175_30235_(u=1225.0, v=16.0, w=3.0) ➡️  ADA_ESB_31480_31545_(u=1290.0, v=17.0, w=4.0) ➡️  ESB_AYT_31605_31675_(u=1360.0, v=18.0, w=4.0) ➡️  AYT_ESB_32100_32165_(u=1425.0, v=19.0, w=5.0) ➡️  ESB_AYT_32250_32320_(u=1495.0, v=20.0, w=5.0) ➡️  AYT_ESB_32370_32435_(u=1560.0, v=21.0, w=5.0) ➡️  ESB_AYT_32535_32605_(u=1630.0, v=22.0, w=5.0) ➡️  AYT_ESB_32670_32735_(u=1695.0, v=23.0, w=5.0) ➡️  ESB_DIY_32800_32880_(u=1775.0, v=24.0, w=5.0) ➡️  DIY_ESB_32920_33005_(u=1860.0, v=25.0, w=5.0) ➡️  ESB_SZF_33050_33110_(u=1920.0, v=26.0, w=5.0) ➡️  SZF_ESB_33540_33600_(u=1980.0, v=27.0, w=6.0) ➡️  ESB_BJV_33705_33780_(u=2055.0, v=28.0, w=6.0) ➡️  BJV_ESB_33815_33890_(u=2130.0, v=29.0, w=6.0) ➡️  ESB_MQM_33950_34045_(u=2225.0, v=30.0, w=6.0) ➡️  MQM_ESB_34080_34175_(u=2320.0, v=31.0, w=6.0) ➡️  ESB_ADB_34250_34330_(u=2400.0, v=32.0, w=6.0) ➡️  ADB_SAW_34405_34465_(u=2460.0, v=33.0, w=6.0) ➡️  SAW_VAS_34980_35060_(u=2540.0, v=34.0, w=7.0) ➡️  VAS_SAW_35095_35180_(u=2625.0, v=35.0, w=7.0) ➡️  SAW_ADA_35730_35815_(u=2710.0, v=36.0, w=7.0) ➡️  ADA_SAW_35850_35940_(u=2800.0, v=37.0, w=7.0) ➡️  t_(u=0.0, v=0.0, w=0.0)

🛩️ Aircraft N130 path (37 nodes): s_(u=0.0, v=0.0, w=0.0) ➡️  N130_(u=0.0, v=0.0, w=1.0) ➡️  TZX_ESB_26340_26420_(u=80.0, v=1.0, w=1.0) ➡️  ESB_SAW_26460_26520_(u=140.0, v=2.0, w=1.0) ➡️  SAW_AYT_27030_27095_(u=205.0, v=3.0, w=1.0) ➡️  AYT_SAW_27130_27195_(u=270.0, v=4.0, w=1.0) ➡️  SAW_ESB_28020_28080_(u=330.0, v=5.0, w=2.0) ➡️  ESB_AYT_28215_28285_(u=400.0, v=6.0, w=2.0) ➡️  AYT_ESB_28350_28415_(u=465.0, v=7.0, w=2.0) ➡️  ESB_ERZ_29360_29445_(u=550.0, v=8.0, w=3.0) ➡️  ERZ_ESB_29480_29570_(u=640.0, v=9.0, w=3.0) ➡️  ESB_AYT_29655_29725_(u=710.0, v=10.0, w=3.0) ➡️  AYT_ESB_29790_29855_(u=775.0, v=11.0, w=3.0) ➡️  ESB_ADB_29930_30010_(u=855.0, v=12.0, w=3.0) ➡️  ADB_ESB_30045_30120_(u=930.0, v=13.0, w=3.0) ➡️  ESB_BAL_30805_30895_(u=1020.0, v=14.0, w=4.0) ➡️  BAL_ESB_30935_31030_(u=1115.0, v=15.0, w=4.0) ➡️  ESB_EZS_31095_31170_(u=1190.0, v=16.0, w=4.0) ➡️  EZS_ESB_31205_31285_(u=1270.0, v=17.0, w=4.0) ➡️  ESB_GNY_31360_31435_(u=1345.0, v=18.0, w=4.0) ➡️  GNY_ESB_31470_31550_(u=1425.0, v=19.0, w=4.0) ➡️  ESB_ERZ_32240_32325_(u=1510.0, v=20.0, w=5.0) ➡️  ERZ_ESB_32360_32450_(u=1600.0, v=21.0, w=5.0) ➡️  ESB_DIY_32490_32570_(u=1680.0, v=22.0, w=5.0) ➡️  DIY_ESB_32645_32730_(u=1765.0, v=23.0, w=5.0) ➡️  ESB_ERZ_32795_32880_(u=1850.0, v=24.0, w=5.0) ➡️  ERZ_ESB_32915_33005_(u=1940.0, v=25.0, w=5.0) ➡️  ESB_AYT_33045_33115_(u=2010.0, v=26.0, w=5.0) ➡️  AYT_ESB_33540_33605_(u=2075.0, v=27.0, w=6.0) ➡️  ESB_MSR_33690_33780_(u=2165.0, v=28.0, w=6.0) ➡️  MSR_ESB_33815_33915_(u=2265.0, v=29.0, w=6.0) ➡️  ESB_AYT_34485_34555_(u=2335.0, v=30.0, w=6.0) ➡️  AYT_ESB_34980_35045_(u=2400.0, v=31.0, w=7.0) ➡️  ESB_BAL_35115_35205_(u=2490.0, v=32.0, w=7.0) ➡️  BAL_ESB_35240_35335_(u=2585.0, v=33.0, w=7.0) ➡️  ESB_TZX_35400_35480_(u=2665.0, v=34.0, w=7.0) ➡️  TZX_SAW_35580_35690_(u=2775.0, v=35.0, w=7.0) ➡️  SAW_ERZ_35730_35830_(u=2875.0, v=36.0, w=7.0) ➡️  ERZ_SAW_35865_35975_(u=2985.0, v=37.0, w=7.0) ➡️  t_(u=0.0, v=0.0, w=0.0)

🛩️ Aircraft N131 path (39 nodes): s_(u=0.0, v=0.0, w=0.0) ➡️  N131_(u=0.0, v=0.0, w=1.0) ➡️  ADB_ESB_26340_26415_(u=75.0, v=1.0, w=1.0) ➡️  ESB_VAN_26470_26565_(u=170.0, v=2.0, w=1.0) ➡️  VAN_ESB_26610_26715_(u=275.0, v=3.0, w=1.0) ➡️  ESB_AYT_26775_26845_(u=345.0, v=4.0, w=1.0) ➡️  AYT_ESB_26910_26975_(u=410.0, v=5.0, w=1.0) ➡️  ESB_DIY_27040_27120_(u=490.0, v=6.0, w=1.0) ➡️  DIY_ESB_27160_27245_(u=575.0, v=7.0, w=1.0) ➡️  ESB_ADA_27295_27355_(u=635.0, v=8.0, w=1.0) ➡️  ADA_SAW_28620_28710_(u=725.0, v=9.0, w=2.0) ➡️  SAW_ADB_29220_29280_(u=785.0, v=10.0, w=3.0) ➡️  ADB_SAW_29315_29375_(u=845.0, v=11.0, w=3.0) ➡️  SAW_TZX_29415_29515_(u=945.0, v=12.0, w=3.0) ➡️  TZX_ESB_29770_29850_(u=1025.0, v=13.0, w=3.0) ➡️  ESB_GNY_29920_29995_(u=1100.0, v=14.0, w=3.0) ➡️  GNY_ESB_30030_30110_(u=1180.0, v=15.0, w=3.0) ➡️  ESB_ADB_30165_30245_(u=1260.0, v=16.0, w=3.0) ➡️  ADB_ESB_30660_30735_(u=1335.0, v=17.0, w=4.0) ➡️  ESB_ERZ_30800_30885_(u=1420.0, v=18.0, w=4.0) ➡️  ERZ_ESB_30920_31010_(u=1510.0, v=19.0, w=4.0) ➡️  ESB_SAW_31065_31125_(u=1570.0, v=20.0, w=4.0) ➡️  SAW_ERZ_31260_31360_(u=1670.0, v=21.0, w=4.0) ➡️  ERZ_SAW_31395_31505_(u=1780.0, v=22.0, w=4.0) ➡️  SAW_ESB_32160_32220_(u=1840.0, v=23.0, w=5.0) ➡️  ESB_AYT_32370_32440_(u=1910.0, v=24.0, w=5.0) ➡️  AYT_ESB_32490_32555_(u=1975.0, v=25.0, w=5.0) ➡️  ESB_ADB_32810_32890_(u=2055.0, v=26.0, w=5.0) ➡️  ADB_SAW_32965_33025_(u=2115.0, v=27.0, w=5.0) ➡️  SAW_ESB_33540_33600_(u=2175.0, v=28.0, w=6.0) ➡️  ESB_BAL_33685_33775_(u=2265.0, v=29.0, w=6.0) ➡️  BAL_ESB_33815_33910_(u=2360.0, v=30.0, w=6.0) ➡️  ESB_ERZ_34235_34320_(u=2445.0, v=31.0, w=6.0) ➡️  ERZ_ESB_34355_34445_(u=2535.0, v=32.0, w=6.0) ➡️  ESB_TZX_34485_34565_(u=2615.0, v=33.0, w=6.0) ➡️  TZX_ESB_34980_35055_(u=2690.0, v=34.0, w=7.0) ➡️  ESB_AYT_35140_35205_(u=2755.0, v=35.0, w=7.0) ➡️  AYT_ESB_35260_35325_(u=2820.0, v=36.0, w=7.0) ➡️  ESB_ERZ_35385_35470_(u=2905.0, v=37.0, w=7.0) ➡️  ERZ_ESB_35505_35590_(u=2990.0, v=38.0, w=7.0) ➡️  ESB_SAW_35820_35880_(u=3050.0, v=39.0, w=7.0) ➡️  t_(u=0.0, v=0.0, w=0.0)

🛩️ Aircraft N132 path (34 nodes): s_(u=0.0, v=0.0, w=0.0) ➡️  N132_(u=0.0, v=0.0, w=1.0) ➡️  ESB_ADB_26385_26460_(u=75.0, v=1.0, w=1.0) ➡️  ADB_ESB_26495_26570_(u=150.0, v=2.0, w=1.0) ➡️  ESB_ADB_26745_26825_(u=230.0, v=3.0, w=1.0) ➡️  ADB_ESB_26910_26985_(u=305.0, v=4.0, w=1.0) ➡️  ESB_AYT_27060_27130_(u=375.0, v=5.0, w=1.0) ➡️  AYT_ESB_27165_27230_(u=440.0, v=6.0, w=1.0) ➡️  ESB_VAN_28165_28260_(u=535.0, v=7.0, w=2.0) ➡️  VAN_ESB_28350_28455_(u=640.0, v=8.0, w=2.0) ➡️  ESB_VAN_29605_29700_(u=735.0, v=9.0, w=3.0) ➡️  VAN_ESB_29790_29895_(u=840.0, v=10.0, w=3.0) ➡️  ESB_TZX_30795_30875_(u=920.0, v=11.0, w=4.0) ➡️  TZX_ESB_30925_31005_(u=1000.0, v=12.0, w=4.0) ➡️  ESB_ERZ_31065_31150_(u=1085.0, v=13.0, w=4.0) ➡️  ERZ_ESB_31185_31270_(u=1170.0, v=14.0, w=4.0) ➡️  ESB_ERZ_31355_31440_(u=1255.0, v=15.0, w=4.0) ➡️  ERZ_ESB_31475_31565_(u=1345.0, v=16.0, w=4.0) ➡️  ESB_GZT_31615_31685_(u=1415.0, v=17.0, w=4.0) ➡️  GZT_ESB_32100_32170_(u=1485.0, v=18.0, w=5.0) ➡️  ESB_VAN_32370_32465_(u=1580.0, v=19.0, w=5.0) ➡️  VAN_ESB_32610_32715_(u=1685.0, v=20.0, w=5.0) ➡️  ESB_ADB_32760_32840_1_(u=1765.0, v=21.0, w=5.0) ➡️  ADB_ESB_32875_32950_(u=1840.0, v=22.0, w=5.0) ➡️  ESB_AYT_33810_33880_(u=1910.0, v=23.0, w=6.0) ➡️  AYT_ESB_33930_33995_(u=1975.0, v=24.0, w=6.0) ➡️  ESB_SAW_34155_34215_(u=2035.0, v=25.0, w=6.0) ➡️  SAW_ADA_34260_34345_(u=2120.0, v=26.0, w=6.0) ➡️  ADA_ESB_34995_35060_(u=2185.0, v=27.0, w=7.0) ➡️  ESB_ADB_35130_35210_(u=2265.0, v=28.0, w=7.0) ➡️  ADB_ESB_35250_35325_(u=2340.0, v=29.0, w=7.0) ➡️  ESB_GZT_35375_35445_(u=2410.0, v=30.0, w=7.0) ➡️  GZT_ESB_35480_35550_(u=2480.0, v=31.0, w=7.0) ➡️  ESB_ERZ_35675_35760_(u=2565.0, v=32.0, w=7.0) ➡️  ERZ_ESB_35795_35885_(u=2655.0, v=33.0, w=7.0) ➡️  ESB_AYT_35925_35985_(u=2715.0, v=34.0, w=7.0) ➡️  t_(u=0.0, v=0.0, w=0.0)

🛩️ Aircraft N133 path (29 nodes): s_(u=0.0, v=0.0, w=0.0) ➡️  N133_(u=0.0, v=0.0, w=1.0) ➡️  GZT_ESB_26340_26410_(u=70.0, v=1.0, w=1.0) ➡️  ESB_ADB_26480_26560_(u=150.0, v=2.0, w=1.0) ➡️  ADB_ESB_26625_26700_(u=225.0, v=3.0, w=1.0) ➡️  ESB_ECN_26760_26830_(u=295.0, v=4.0, w=1.0) ➡️  ECN_ESB_27155_27220_(u=360.0, v=5.0, w=1.0) ➡️  ESB_GZT_27295_27365_(u=430.0, v=6.0, w=1.0) ➡️  GZT_ESB_27780_27850_(u=500.0, v=7.0, w=2.0) ➡️  ESB_DIY_28480_28560_(u=580.0, v=8.0, w=2.0) ➡️  DIY_ESB_28600_28685_(u=665.0, v=9.0, w=2.0) ➡️  ESB_DIY_28740_28820_(u=745.0, v=10.0, w=2.0) ➡️  DIY_ESB_29190_29275_(u=830.0, v=11.0, w=3.0) ➡️  ESB_KSY_29350_29445_(u=925.0, v=12.0, w=3.0) ➡️  KSY_ESB_29485_29590_(u=1030.0, v=13.0, w=3.0) ➡️  ESB_KSY_29625_29720_(u=1125.0, v=14.0, w=3.0) ➡️  KSY_ESB_29760_29865_(u=1230.0, v=15.0, w=3.0) ➡️  ESB_SAW_29955_30015_(u=1290.0, v=16.0, w=3.0) ➡️  SAW_ESB_30720_30780_(u=1350.0, v=17.0, w=4.0) ➡️  ESB_AYT_31095_31165_(u=1420.0, v=18.0, w=4.0) ➡️  AYT_ESB_31230_31295_(u=1485.0, v=19.0, w=4.0) ➡️  ESB_MLX_31600_31670_(u=1555.0, v=20.0, w=4.0) ➡️  MLX_ESB_32100_32175_(u=1630.0, v=21.0, w=5.0) ➡️  ESB_SAW_32640_32700_(u=1690.0, v=22.0, w=5.0) ➡️  SAW_AYT_32790_32855_(u=1755.0, v=23.0, w=5.0) ➡️  AYT_SAW_32890_32955_(u=1820.0, v=24.0, w=5.0) ➡️  SAW_ADA_33030_33115_(u=1905.0, v=25.0, w=5.0) ➡️  ADA_ESB_34360_34425_(u=1970.0, v=26.0, w=6.0) ➡️  ESB_ADB_34485_34565_(u=2050.0, v=27.0, w=6.0) ➡️  ADB_ESB_35805_35880_(u=2125.0, v=28.0, w=7.0) ➡️  ESB_EZS_35940_36015_(u=2200.0, v=29.0, w=7.0) ➡️  t_(u=0.0, v=0.0, w=0.0)

🛩️ Aircraft N134 path (35 nodes): s_(u=0.0, v=0.0, w=0.0) ➡️  N134_(u=0.0, v=0.0, w=1.0) ➡️  ESB_KSY_26470_26565_(u=95.0, v=1.0, w=1.0) ➡️  KSY_ESB_26605_26710_(u=200.0, v=2.0, w=1.0) ➡️  ESB_ERZ_26745_26830_(u=285.0, v=3.0, w=1.0) ➡️  ERZ_ESB_26865_26950_(u=370.0, v=4.0, w=1.0) ➡️  ESB_DIY_27300_27380_(u=450.0, v=5.0, w=1.0) ➡️  DIY_ESB_27750_27835_(u=535.0, v=6.0, w=2.0) ➡️  ESB_AYT_27930_28000_(u=605.0, v=7.0, w=2.0) ➡️  AYT_ESB_28050_28115_(u=670.0, v=8.0, w=2.0) ➡️  ESB_ADB_28185_28265_(u=750.0, v=9.0, w=2.0) ➡️  ADB_ESB_28350_28425_(u=825.0, v=10.0, w=2.0) ➡️  ESB_MSR_29370_29460_(u=915.0, v=11.0, w=3.0) ➡️  MSR_ESB_29495_29595_(u=1015.0, v=12.0, w=3.0) ➡️  ESB_SAW_29850_29905_(u=1070.0, v=13.0, w=3.0) ➡️  SAW_ADB_30660_30720_(u=1130.0, v=14.0, w=4.0) ➡️  ADB_SAW_30755_30815_(u=1190.0, v=15.0, w=4.0) ➡️  SAW_ESB_30900_30960_(u=1250.0, v=16.0, w=4.0) ➡️  ESB_BAL_32245_32335_(u=1340.0, v=17.0, w=5.0) ➡️  BAL_ESB_32375_32470_(u=1435.0, v=18.0, w=5.0) ➡️  ESB_GZT_32535_32605_(u=1505.0, v=19.0, w=5.0) ➡️  GZT_ESB_32640_32710_(u=1575.0, v=20.0, w=5.0) ➡️  ESB_ADB_32760_32840_2_(u=1655.0, v=21.0, w=5.0) ➡️  ADB_ESB_32925_33000_(u=1730.0, v=22.0, w=5.0) ➡️  ESB_ADB_33045_33125_(u=1810.0, v=23.0, w=5.0) ➡️  ADB_ESB_33540_33615_(u=1885.0, v=24.0, w=6.0) ➡️  ESB_KSY_33670_33765_(u=1980.0, v=25.0, w=6.0) ➡️  KSY_ESB_33805_33910_(u=2085.0, v=26.0, w=6.0) ➡️  ESB_DIY_34500_34580_(u=2165.0, v=27.0, w=6.0) ➡️  DIY_ESB_34950_35035_(u=2250.0, v=28.0, w=7.0) ➡️  ESB_VAN_35100_35195_(u=2345.0, v=29.0, w=7.0) ➡️  VAN_ESB_35235_35340_(u=2450.0, v=30.0, w=7.0) ➡️  ESB_EZS_35415_35490_(u=2525.0, v=31.0, w=7.0) ➡️  EZS_ESB_35525_35605_(u=2605.0, v=32.0, w=7.0) ➡️  ESB_AYT_35700_35770_(u=2675.0, v=33.0, w=7.0) ➡️  AYT_ESB_35805_35870_(u=2740.0, v=34.0, w=7.0) ➡️  ESB_ECN_35935_36005_(u=2810.0, v=35.0, w=7.0) ➡️  t_(u=0.0, v=0.0, w=0.0)

🛩️ Aircraft N135 path (35 nodes): s_(u=0.0, v=0.0, w=0.0) ➡️  N135_(u=0.0, v=0.0, w=1.0) ➡️  ADA_ESB_26355_26420_(u=65.0, v=1.0, w=1.0) ➡️  ESB_BAL_26485_26575_(u=155.0, v=2.0, w=1.0) ➡️  BAL_ESB_26615_26710_(u=250.0, v=3.0, w=1.0) ➡️  ESB_MQM_26750_26845_(u=345.0, v=4.0, w=1.0) ➡️  MQM_ESB_26880_26975_(u=440.0, v=5.0, w=1.0) ➡️  ESB_ERZ_27035_27120_(u=525.0, v=6.0, w=1.0) ➡️  ERZ_ESB_27155_27245_(u=615.0, v=7.0, w=1.0) ➡️  ESB_SZF_27290_27350_(u=675.0, v=8.0, w=1.0) ➡️  SZF_ESB_27780_27840_(u=735.0, v=9.0, w=2.0) ➡️  ESB_TZX_28490_28570_(u=815.0, v=10.0, w=2.0) ➡️  TZX_ESB_28605_28685_(u=895.0, v=11.0, w=2.0) ➡️  ESB_ECN_29640_29710_(u=965.0, v=12.0, w=3.0) ➡️  ECN_ESB_30035_30100_(u=1030.0, v=13.0, w=3.0) ➡️  ESB_DIY_30180_30260_(u=1110.0, v=14.0, w=3.0) ➡️  DIY_ESB_30630_30715_(u=1195.0, v=15.0, w=4.0) ➡️  ESB_DIY_30810_30890_(u=1275.0, v=16.0, w=4.0) ➡️  DIY_ESB_30950_31035_(u=1360.0, v=17.0, w=4.0) ➡️  ESB_AJI_31090_31185_(u=1455.0, v=18.0, w=4.0) ➡️  AJI_ESB_31225_31330_(u=1560.0, v=19.0, w=4.0) ➡️  ESB_TZX_31605_31685_(u=1640.0, v=20.0, w=4.0) ➡️  TZX_ESB_32100_32180_(u=1720.0, v=21.0, w=5.0) ➡️  ESB_SAW_32220_32280_(u=1780.0, v=22.0, w=5.0) ➡️  SAW_ERZ_32700_32800_(u=1880.0, v=23.0, w=5.0) ➡️  ERZ_SAW_32835_32945_(u=1990.0, v=24.0, w=5.0) ➡️  SAW_ASR_33015_33085_(u=2060.0, v=25.0, w=5.0) ➡️  ASR_SAW_33540_33620_(u=2140.0, v=26.0, w=6.0) ➡️  SAW_TZX_33735_33835_(u=2240.0, v=27.0, w=6.0) ➡️  TZX_SAW_34130_34240_(u=2350.0, v=28.0, w=6.0) ➡️  SAW_ESB_34280_34340_(u=2410.0, v=29.0, w=6.0) ➡️  ESB_MSR_35110_35205_(u=2505.0, v=30.0, w=7.0) ➡️  MSR_ESB_35240_35340_(u=2605.0, v=31.0, w=7.0) ➡️  ESB_ERC_35420_35500_(u=2685.0, v=32.0, w=7.0) ➡️  ERC_ESB_35535_35615_(u=2765.0, v=33.0, w=7.0) ➡️  ESB_DIY_35680_35760_(u=2845.0, v=34.0, w=7.0) ➡️  DIY_ESB_35795_35880_(u=2930.0, v=35.0, w=7.0) ➡️  t_(u=0.0, v=0.0, w=0.0)

🛩️ Aircraft N136 path (40 nodes): s_(u=0.0, v=0.0, w=0.0) ➡️  N136_(u=0.0, v=0.0, w=1.0) ➡️  EZS_ESB_26340_26420_(u=80.0, v=1.0, w=1.0) ➡️  ESB_ECN_26490_26560_(u=150.0, v=2.0, w=1.0) ➡️  ECN_ESB_26600_26665_(u=215.0, v=3.0, w=1.0) ➡️  ESB_ERC_26740_26820_(u=295.0, v=4.0, w=1.0) ➡️  ERC_ESB_26855_26935_(u=375.0, v=5.0, w=1.0) ➡️  ESB_AYT_27285_27355_(u=445.0, v=6.0, w=1.0) ➡️  AYT_ESB_27780_27845_(u=510.0, v=7.0, w=2.0) ➡️  ESB_ERC_28180_28260_(u=590.0, v=8.0, w=2.0) ➡️  ERC_ESB_28295_28375_(u=670.0, v=9.0, w=2.0) ➡️  ESB_ADB_28490_28570_(u=750.0, v=10.0, w=2.0) ➡️  ADB_ESB_29220_29295_(u=825.0, v=11.0, w=3.0) ➡️  ESB_VAN_29350_29445_(u=920.0, v=12.0, w=3.0) ➡️  VAN_ESB_29490_29595_(u=1025.0, v=13.0, w=3.0) ➡️  ESB_TZX_29655_29735_(u=1105.0, v=14.0, w=3.0) ➡️  TZX_SAW_29810_29920_(u=1215.0, v=15.0, w=3.0) ➡️  SAW_ESB_29960_30020_(u=1275.0, v=16.0, w=3.0) ➡️  ESB_VAN_30930_31025_(u=1370.0, v=17.0, w=4.0) ➡️  VAN_ESB_31170_31275_(u=1475.0, v=18.0, w=4.0) ➡️  ESB_SAW_31395_31455_(u=1535.0, v=19.0, w=4.0) ➡️  SAW_ESB_31500_31560_(u=1595.0, v=20.0, w=4.0) ➡️  ESB_KSY_32230_32325_(u=1690.0, v=21.0, w=5.0) ➡️  KSY_ESB_32365_32470_(u=1795.0, v=22.0, w=5.0) ➡️  ESB_SAW_32505_32565_(u=1855.0, v=23.0, w=5.0) ➡️  SAW_ADB_32670_32730_(u=1915.0, v=24.0, w=5.0) ➡️  ADB_SAW_32770_32830_(u=1975.0, v=25.0, w=5.0) ➡️  SAW_ADB_32870_32930_(u=2035.0, v=26.0, w=5.0) ➡️  ADB_SAW_33635_33695_(u=2095.0, v=27.0, w=6.0) ➡️  SAW_ESB_33780_33840_(u=2155.0, v=28.0, w=6.0) ➡️  ESB_SAW_33945_34005_(u=2215.0, v=29.0, w=6.0) ➡️  SAW_ADB_34110_34170_(u=2275.0, v=30.0, w=6.0) ➡️  ADB_SAW_34210_34270_(u=2335.0, v=31.0, w=6.0) ➡️  SAW_ADB_34310_34370_(u=2395.0, v=32.0, w=6.0) ➡️  ADB_ESB_34980_35055_(u=2470.0, v=33.0, w=7.0) ➡️  ESB_ERZ_35120_35205_(u=2555.0, v=34.0, w=7.0) ➡️  ERZ_ESB_35240_35330_(u=2645.0, v=35.0, w=7.0) ➡️  ESB_VAN_35380_35475_(u=2740.0, v=36.0, w=7.0) ➡️  VAN_ESB_35520_35625_(u=2845.0, v=37.0, w=7.0) ➡️  ESB_GNY_35670_35745_(u=2920.0, v=38.0, w=7.0) ➡️  GNY_ESB_35780_35860_(u=3000.0, v=39.0, w=7.0) ➡️  ESB_DIY_35955_36035_(u=3080.0, v=40.0, w=7.0) ➡️  t_(u=0.0, v=0.0, w=0.0)

🛩️ Aircraft N137 path (38 nodes): s_(u=0.0, v=0.0, w=0.0) ➡️  N137_(u=0.0, v=0.0, w=1.0) ➡️  ASR_SAW_26340_26420_(u=80.0, v=1.0, w=1.0) ➡️  SAW_ESB_26580_26640_(u=140.0, v=2.0, w=1.0) ➡️  ESB_DIY_26730_26810_(u=220.0, v=3.0, w=1.0) ➡️  DIY_ESB_26885_26970_(u=305.0, v=4.0, w=1.0) ➡️  ESB_GNY_27040_27115_(u=380.0, v=5.0, w=1.0) ➡️  GNY_ESB_27150_27230_(u=460.0, v=6.0, w=1.0) ➡️  ESB_MSR_27930_28020_(u=550.0, v=7.0, w=2.0) ➡️  MSR_ESB_28055_28155_(u=650.0, v=8.0, w=2.0) ➡️  ESB_AJI_28210_28305_(u=745.0, v=9.0, w=2.0) ➡️  AJI_ESB_28345_28450_(u=850.0, v=10.0, w=2.0) ➡️  ESB_AYT_28500_28570_(u=920.0, v=11.0, w=2.0) ➡️  AYT_ESB_28605_28670_(u=985.0, v=12.0, w=2.0) ➡️  ESB_SAW_29340_29400_(u=1045.0, v=13.0, w=3.0) ➡️  SAW_VAS_29640_29720_(u=1125.0, v=14.0, w=3.0) ➡️  VAS_SAW_29760_29840_(u=1205.0, v=15.0, w=3.0) ➡️  SAW_ADB_29905_29965_(u=1265.0, v=16.0, w=3.0) ➡️  ADB_SAW_30000_30060_(u=1325.0, v=17.0, w=3.0) ➡️  SAW_ASR_30135_30205_(u=1395.0, v=18.0, w=3.0) ➡️  ASR_SAW_30660_30740_(u=1475.0, v=19.0, w=4.0) ➡️  SAW_TZX_30855_30955_(u=1575.0, v=20.0, w=4.0) ➡️  TZX_SAW_31250_31360_(u=1685.0, v=21.0, w=4.0) ➡️  SAW_ESB_32100_32160_(u=1745.0, v=22.0, w=5.0) ➡️  ESB_VAN_32485_32580_(u=1840.0, v=23.0, w=5.0) ➡️  VAN_ESB_32670_32775_(u=1945.0, v=24.0, w=5.0) ➡️  ESB_SAW_32835_32895_(u=2005.0, v=25.0, w=5.0) ➡️  SAW_ESB_32940_33000_(u=2065.0, v=26.0, w=5.0) ➡️  ESB_GZT_33055_33125_(u=2135.0, v=27.0, w=5.0) ➡️  GZT_ESB_33540_33610_(u=2205.0, v=28.0, w=6.0) ➡️  ESB_ADA_33660_33720_(u=2265.0, v=29.0, w=6.0) ➡️  ADA_ESB_33765_33830_(u=2330.0, v=30.0, w=6.0) ➡️  ESB_TZX_33975_34055_(u=2410.0, v=31.0, w=6.0) ➡️  TZX_ESB_34090_34170_(u=2490.0, v=32.0, w=6.0) ➡️  ESB_ADA_34260_34320_(u=2550.0, v=33.0, w=6.0) ➡️  ADA_SAW_34380_34470_(u=2640.0, v=34.0, w=6.0) ➡️  SAW_ESB_35040_35100_(u=2700.0, v=35.0, w=7.0) ➡️  ESB_AYT_35400_35465_(u=2765.0, v=36.0, w=7.0) ➡️  AYT_ESB_35505_35570_(u=2830.0, v=37.0, w=7.0) ➡️  ESB_SZF_35930_35990_(u=2890.0, v=38.0, w=7.0) ➡️  t_(u=0.0, v=0.0, w=0.0)

🛩️ Aircraft N138 path (39 nodes): s_(u=0.0, v=0.0, w=0.0) ➡️  N138_(u=0.0, v=0.0, w=1.0) ➡️  SAW_ADB_26340_26400_(u=60.0, v=1.0, w=1.0) ➡️  ADB_SAW_26435_26495_(u=120.0, v=2.0, w=1.0) ➡️  SAW_TZX_26535_26635_(u=220.0, v=3.0, w=1.0) ➡️  TZX_ESB_26890_26970_(u=300.0, v=4.0, w=1.0) ➡️  ESB_ADA_27060_27120_(u=360.0, v=5.0, w=1.0) ➡️  ADA_ESB_27160_27225_(u=425.0, v=6.0, w=1.0) ➡️  ESB_MLX_27280_27350_(u=495.0, v=7.0, w=1.0) ➡️  MLX_ESB_27780_27855_(u=570.0, v=8.0, w=2.0) ➡️  ESB_ERZ_27920_28005_(u=655.0, v=9.0, w=2.0) ➡️  ERZ_ESB_28040_28130_(u=745.0, v=10.0, w=2.0) ➡️  ESB_SAW_28185_28245_(u=805.0, v=11.0, w=2.0) ➡️  SAW_ERZ_28380_28480_(u=905.0, v=12.0, w=2.0) ➡️  ERZ_SAW_28515_28625_(u=1015.0, v=13.0, w=2.0) ➡️  SAW_AYT_29400_29465_(u=1080.0, v=14.0, w=3.0) ➡️  AYT_SAW_29505_29570_(u=1145.0, v=15.0, w=3.0) ➡️  SAW_ERZ_29820_29920_(u=1245.0, v=16.0, w=3.0) ➡️  ERZ_SAW_29955_30065_(u=1355.0, v=17.0, w=3.0) ➡️  SAW_ESB_30660_30720_(u=1415.0, v=18.0, w=4.0) ➡️  ESB_MSR_30810_30900_(u=1505.0, v=19.0, w=4.0) ➡️  MSR_ESB_30935_31035_(u=1605.0, v=20.0, w=4.0) ➡️  ESB_TZX_31370_31450_(u=1685.0, v=21.0, w=4.0) ➡️  TZX_ESB_31485_31565_(u=1765.0, v=22.0, w=4.0) ➡️  ESB_VAN_32230_32325_(u=1860.0, v=23.0, w=5.0) ➡️  VAN_ESB_32370_32475_(u=1965.0, v=24.0, w=5.0) ➡️  ESB_AJI_32530_32625_(u=2060.0, v=25.0, w=5.0) ➡️  AJI_ESB_32665_32770_(u=2165.0, v=26.0, w=5.0) ➡️  ESB_AYT_32820_32890_(u=2235.0, v=27.0, w=5.0) ➡️  AYT_ESB_32925_32990_(u=2300.0, v=28.0, w=5.0) ➡️  ESB_DIY_33060_33140_(u=2380.0, v=29.0, w=5.0) ➡️  DIY_ESB_33510_33595_(u=2465.0, v=30.0, w=6.0) ➡️  ESB_ADB_33680_33760_(u=2545.0, v=31.0, w=6.0) ➡️  ADB_ESB_33825_33900_(u=2620.0, v=32.0, w=6.0) ➡️  ESB_DIY_34240_34320_(u=2700.0, v=33.0, w=6.0) ➡️  DIY_ESB_34360_34445_(u=2785.0, v=34.0, w=6.0) ➡️  ESB_VAN_35310_35400_(u=2875.0, v=35.0, w=7.0) ➡️  VAN_ESB_35445_35550_(u=2980.0, v=36.0, w=7.0) ➡️  ESB_ADA_35700_35765_(u=3045.0, v=37.0, w=7.0) ➡️  ADA_ESB_35800_35865_(u=3110.0, v=38.0, w=7.0) ➡️  ESB_MLX_35920_35995_(u=3185.0, v=39.0, w=7.0) ➡️  t_(u=0.0, v=0.0, w=0.0)

🛩️ Aircraft N139 path (36 nodes): s_(u=0.0, v=0.0, w=0.0) ➡️  N139_(u=0.0, v=0.0, w=1.0) ➡️  ECN_ESB_26340_26405_(u=65.0, v=1.0, w=1.0) ➡️  ESB_AYT_26490_26560_(u=135.0, v=2.0, w=1.0) ➡️  AYT_ESB_26610_26675_(u=200.0, v=3.0, w=1.0) ➡️  ESB_VAN_26725_26820_(u=295.0, v=4.0, w=1.0) ➡️  VAN_ESB_26910_27015_(u=400.0, v=5.0, w=1.0) ➡️  ESB_ADB_27050_27130_(u=480.0, v=6.0, w=1.0) ➡️  ADB_ESB_27165_27240_(u=555.0, v=7.0, w=1.0) ➡️  ESB_DIY_27930_28010_(u=635.0, v=8.0, w=2.0) ➡️  DIY_ESB_28070_28155_(u=720.0, v=9.0, w=2.0) ➡️  ESB_SAW_28395_28455_(u=780.0, v=10.0, w=2.0) ➡️  SAW_ADA_28500_28585_(u=865.0, v=11.0, w=2.0) ➡️  ADA_ESB_29235_29300_(u=930.0, v=12.0, w=3.0) ➡️  ESB_BAL_29365_29455_(u=1020.0, v=13.0, w=3.0) ➡️  BAL_ESB_29495_29590_(u=1115.0, v=14.0, w=3.0) ➡️  ESB_ADB_29625_29705_(u=1195.0, v=15.0, w=3.0) ➡️  ADB_ESB_29790_29865_(u=1270.0, v=16.0, w=3.0) ➡️  ESB_DIY_29920_30000_(u=1350.0, v=17.0, w=3.0) ➡️  DIY_ESB_30040_30125_(u=1435.0, v=18.0, w=3.0) ➡️  ESB_ERC_31060_31140_(u=1515.0, v=19.0, w=4.0) ➡️  ERC_ESB_31175_31255_(u=1595.0, v=20.0, w=4.0) ➡️  ESB_ADB_31370_31450_(u=1675.0, v=21.0, w=4.0) ➡️  ADB_ESB_31485_31560_(u=1750.0, v=22.0, w=4.0) ➡️  ESB_ADA_31615_31675_(u=1810.0, v=23.0, w=4.0) ➡️  ADA_ESB_32115_32180_(u=1875.0, v=24.0, w=5.0) ➡️  ESB_ADA_32220_32280_(u=1935.0, v=25.0, w=5.0) ➡️  ADA_ECN_32805_32865_(u=1995.0, v=26.0, w=5.0) ➡️  ECN_ESB_32915_32980_(u=2060.0, v=27.0, w=5.0) ➡️  ESB_ADA_33055_33115_(u=2120.0, v=28.0, w=5.0) ➡️  ADA_ESB_33555_33620_(u=2185.0, v=29.0, w=6.0) ➡️  ESB_VAN_33670_33765_(u=2280.0, v=30.0, w=6.0) ➡️  VAN_ESB_33810_33915_(u=2385.0, v=31.0, w=6.0) ➡️  ESB_AYT_33975_34045_(u=2455.0, v=32.0, w=6.0) ➡️  AYT_ESB_34110_34175_(u=2520.0, v=33.0, w=6.0) ➡️  ESB_DIY_35120_35200_(u=2600.0, v=34.0, w=7.0) ➡️  DIY_ESB_35235_35320_(u=2685.0, v=35.0, w=7.0) ➡️  ESB_ADB_35925_36005_(u=2765.0, v=36.0, w=7.0) ➡️  t_(u=0.0, v=0.0, w=0.0)

🛩️ Aircraft N140 path (36 nodes): s_(u=0.0, v=0.0, w=0.0) ➡️  N140_(u=0.0, v=0.0, w=1.0) ➡️  MLX_ESB_26340_26415_(u=75.0, v=1.0, w=1.0) ➡️  ESB_BJV_26505_26580_(u=150.0, v=2.0, w=1.0) ➡️  BJV_ESB_26615_26690_(u=225.0, v=3.0, w=1.0) ➡️  ESB_SAW_26970_27025_(u=280.0, v=4.0, w=1.0) ➡️  SAW_ESB_27080_27140_(u=340.0, v=5.0, w=1.0) ➡️  ESB_TZX_27285_27365_(u=420.0, v=6.0, w=1.0) ➡️  TZX_ESB_27780_27860_(u=500.0, v=7.0, w=2.0) ➡️  ESB_BAL_27925_28015_(u=590.0, v=8.0, w=2.0) ➡️  BAL_ESB_28055_28150_(u=685.0, v=9.0, w=2.0) ➡️  ESB_DIY_29370_29450_(u=765.0, v=10.0, w=3.0) ➡️  DIY_ESB_29510_29595_(u=850.0, v=11.0, w=3.0) ➡️  ESB_AJI_29650_29745_(u=945.0, v=12.0, w=3.0) ➡️  AJI_ESB_29785_29890_(u=1050.0, v=13.0, w=3.0) ➡️  ESB_TZX_29930_30010_(u=1130.0, v=14.0, w=3.0) ➡️  TZX_ESB_30045_30125_(u=1210.0, v=15.0, w=3.0) ➡️  ESB_KSY_30790_30885_(u=1305.0, v=16.0, w=4.0) ➡️  KSY_ESB_30925_31030_(u=1410.0, v=17.0, w=4.0) ➡️  ESB_ADB_32240_32320_(u=1490.0, v=18.0, w=5.0) ➡️  ADB_ESB_32385_32460_(u=1565.0, v=19.0, w=5.0) ➡️  ESB_TZX_32535_32615_(u=1645.0, v=20.0, w=5.0) ➡️  TZX_ESB_32650_32730_(u=1725.0, v=21.0, w=5.0) ➡️  ESB_ADA_32820_32880_(u=1785.0, v=22.0, w=5.0) ➡️  ADA_ESB_32920_32985_(u=1850.0, v=23.0, w=5.0) ➡️  ESB_MLX_33040_33110_(u=1920.0, v=24.0, w=5.0) ➡️  MLX_ESB_33540_33615_(u=1995.0, v=25.0, w=6.0) ➡️  ESB_DIY_33690_33770_(u=2075.0, v=26.0, w=6.0) ➡️  DIY_ESB_33830_33915_(u=2160.0, v=27.0, w=6.0) ➡️  ESB_AJI_33970_34065_(u=2255.0, v=28.0, w=6.0) ➡️  AJI_ESB_34105_34210_(u=2360.0, v=29.0, w=6.0) ➡️  ESB_SZF_34490_34550_(u=2420.0, v=30.0, w=6.0) ➡️  SZF_ESB_34980_35040_(u=2480.0, v=31.0, w=7.0) ➡️  ESB_MQM_35115_35205_(u=2570.0, v=32.0, w=7.0) ➡️  MQM_ESB_35240_35335_(u=2665.0, v=33.0, w=7.0) ➡️  ESB_AJI_35390_35485_(u=2760.0, v=34.0, w=7.0) ➡️  AJI_ESB_35530_35635_(u=2865.0, v=35.0, w=7.0) ➡️  ESB_SAW_35685_35745_(u=2925.0, v=36.0, w=7.0) ➡️  t_(u=0.0, v=0.0, w=0.0)


🛠️ Maintenance at node SAW_ADB_33540_33600 by aircraft N127 | ρ=25.0; λ=0.0; φ=0.0

🛠️ Maintenance at node ESB_VAN_28050_28145 by aircraft N122 | ρ=5.0; λ=0.0; φ=0.0

🛠️ Maintenance at node ESB_SZF_30170_30230 by aircraft N125 | ρ=50.0; λ=0.0; φ=0.0

🛠️ Maintenance at node ESB_SAW_30780_30840 by aircraft N124 | ρ=30.0; λ=0.0; φ=0.0

🛠️ Maintenance at node ESB_MLX_28720_28790 by aircraft N123 | ρ=20.0; λ=0.0; φ=0.0

🛠️ Maintenance at node SAW_ADB_32100_32160 by aircraft N126 | ρ=165.0; λ=2.0; φ=0.0

🛠️ Maintenance at node SAW_ERZ_34140_34240 by aircraft N128 | ρ=10.0; λ=0.0; φ=0.0

🛠️ Maintenance at node ADA_SAW_26340_26430 by aircraft N121 | ρ=65.0; λ=0.0; φ=1.0
CSV Summary saved to: RESULTS/A_MTN_8/summary_667FL_20A_10_MILP.csv