

GRAPH REDUCING : false
-----------------------INSTANCE 667FL_20A_3--------------------------
Gurobi 13.0.0 (linux64) logging started Thu Mar 26 10:32:08 2026

Set parameter LogFile to value "RESULTS/A_MTN_8/result_667FL_20A_3_MILP.txt"

Gurobi 13.0.0 (linux64) logging started Thu Mar 26 10:32:11 2026

Set parameter LogFile to value "RESULTS/A_MTN_8/result_667FL_20A_3_MILP.txt"
Gurobi Optimizer version 13.0.0 build v13.0.0rc1 (linux64 - "AlmaLinux 9.6 (Sage Margay)")

CPU model: Intel(R) Xeon(R) 6972P, instruction set [SSE2|AVX|AVX2|AVX512]
Thread count: 192 physical cores, 192 logical processors, using up to 8 threads

Non-default parameters:
TimeLimit  18000
Threads  8

Optimize a model with 97718 rows, 16171 columns and 374280 nonzeros (Min)
Model fingerprint: 0x6717170c
Model has 426 linear objective coefficients
Variable types: 2528 continuous, 13643 integer (12791 binary)
Coefficient statistics:
  Matrix range     [1e+00, 6e+03]
  Objective range  [1e+00, 1e+00]
  Bounds range     [2e+01, 6e+03]
  RHS range        [1e+00, 6e+03]
Presolve removed 23046 rows and 2729 columns
Presolve time: 1.46s
Presolved: 74672 rows, 13442 columns, 398241 nonzeros
Variable types: 1235 continuous, 12207 integer (11842 binary)

Deterministic concurrent LP optimizer: primal and dual simplex (primal and dual model)
Showing primal log only...

Root relaxation presolved: 74669 rows, 13444 columns, 398222 nonzeros

Concurrent spin time: 0.00s

Solved with dual simplex

Root relaxation: objective 0.000000e+00, 3091 iterations, 0.52 seconds (0.56 work units)

    Nodes    |    Current Node    |     Objective Bounds      |     Work
 Expl Unexpl |  Obj  Depth IntInf | Incumbent    BestBd   Gap | It/Node Time

     0     0    0.00000    0  167          -    0.00000      -     -    4s
H    0     0                      10.0000000    0.00000   100%     -    7s
     0     0    0.00000    0  245   10.00000    0.00000   100%     -    7s
     0     0    0.00000    0  245   10.00000    0.00000   100%     -    7s
     0     0    0.00000    0  244   10.00000    0.00000   100%     -    8s
     0     0    0.00000    0  196   10.00000    0.00000   100%     -   13s
     0     0    0.00000    0  337   10.00000    0.00000   100%     -   17s
     0     0    0.00000    0  308   10.00000    0.00000   100%     -   18s
     0     0    0.00000    0  353   10.00000    0.00000   100%     -   20s
     0     0    0.00000    0  353   10.00000    0.00000   100%     -   26s
     0     0    0.00000    0  350   10.00000    0.00000   100%     -   30s
     0     0    0.00000    0  350   10.00000    0.00000   100%     -   32s
     0     0    0.00000    0  350   10.00000    0.00000   100%     -   39s
     0     0    0.00000    0  307   10.00000    0.00000   100%     -   42s
     0     0    0.00000    0  371   10.00000    0.00000   100%     -   45s
     0     0    0.00000    0  358   10.00000    0.00000   100%     -   46s
     0     0    0.00000    0  372   10.00000    0.00000   100%     -   48s
     0     0    0.00000    0  357   10.00000    0.00000   100%     -   49s
     0     0    0.00000    0  388   10.00000    0.00000   100%     -   51s
     0     0    0.00000    0  388   10.00000    0.00000   100%     -   52s
     0     0    0.00000    0  388   10.00000    0.00000   100%     -   52s
     0     2    0.00000    0  388   10.00000    0.00000   100%     -   62s
     7    16    0.00000    3  302   10.00000    0.00000   100%   599   65s
    49    58    0.00000    8  298   10.00000    0.00000   100%   548   72s
    57    66    0.00000    9  283   10.00000    0.00000   100%   502   77s
    65    74    0.00000   10  323   10.00000    0.00000   100%   499   85s
H   69    74                       7.0000000    0.00000   100%   478   85s
    73    82    0.00000   10  281    7.00000    0.00000   100%   464   94s
    81    90    0.00000   11  315    7.00000    0.00000   100%   444  106s
    89    98    0.00000   11  284    7.00000    0.00000   100%   416  126s
H   90    98                       6.0000000    0.00000   100%   411  126s
    97   538    0.00000   12  312    6.00000    0.00000   100%   399  143s
   537  2717    0.00000   49  354    6.00000    0.00000   100%   249  164s
  2716  3646    0.00000  260  466    6.00000    0.00000   100%   142  170s
H 2994  3646                       5.0000000    0.00000   100%   138  170s
  3645  4914    0.00000  354  464    5.00000    0.00000   100%   135  175s
  5405  5844    0.00000  506  487    5.00000    0.00000   100%   119  183s
H 5796  5844                       4.0000000    0.00000   100%   116  183s
  5855  6919    0.00000  629  475    4.00000    0.00000   100%   115  186s
  7475  7380    0.00000  147  244    4.00000    0.00000   100%   105  198s
  7477  7381    0.00000  628  129    4.00000    0.00000   100%   105  207s
  7479  7383    0.00000  345  221    4.00000    0.00000   100%   105  211s
  7480  7383    0.00000  656  259    4.00000    0.00000   100%   105  222s
  7481  7384    0.00000  494  239    4.00000    0.00000   100%   105  227s
  7482  7385    0.00000  392  297    4.00000    0.00000   100%   105  239s
  7483  7385    1.00000  775  268    4.00000    0.00000   100%   105  244s
  7484  7386    0.00000  476  285    4.00000    0.00000   100%   105  247s
  7486  7387    0.00000   30  284    4.00000    0.00000   100%   105  251s
  7488  7389    0.00000  136  337    4.00000    0.00000   100%   105  264s
  7489  7389    0.00000  461  375    4.00000    0.00000   100%   105  272s
  7490  7390    0.00000  327  369    4.00000    0.00000   100%   105  276s
  7492  7391    0.00000  364  360    4.00000    0.00000   100%   105  280s
  7494  7393    0.00000  159  365    4.00000    0.00000   100%   105  285s
  7496  7394    0.00000  174  371    4.00000    0.00000   100%   104  291s
  7497  7395    0.00000  289  371    4.00000    0.00000   100%   104  298s
  7498  7395    0.00000   68  371    4.00000    0.00000   100%   104  304s
  7499  7399    0.00000   13  359    4.00000    0.00000   100%   111  305s
  7521  7429    0.00000   17  362    4.00000    0.00000   100%   111  310s
  7575  7471    0.00000   21  305    4.00000    0.00000   100%   113  316s
  7598  7471    0.00000   23  275    4.00000    0.00000   100%   113  320s
  7606  7492    0.00000   23  293    4.00000    0.00000   100%   113  325s
  7631  7492    0.00000   25  279    4.00000    0.00000   100%   114  336s
  7639  7497    0.00000   25  263    4.00000    0.00000   100%   114  347s
  7647  7531    0.00000   26  290    4.00000    0.00000   100%   114  360s
  7683  7838    0.00000   26  255    4.00000    0.00000   100%   115  378s
  8003  8541    0.00000   46  256    4.00000    0.00000   100%   121  409s
  8813  8660    1.00000   92  259    4.00000    0.00000   100%   128  433s
  9204 10226    1.00000  111  234    4.00000    0.00000   100%   130  457s
 10918 10732    1.00000  230  192    4.00000    0.00000   100%   132  468s
 12190 11447    1.00000  285  208    4.00000    0.00000   100%   131  477s
 13468 12076    0.00000  171  199    4.00000    0.00000   100%   129  483s
 14647 13229    1.00000  282  175    4.00000    0.00000   100%   126  498s
 16398 12633     cutoff  417         4.00000    0.00000   100%   124  506s
 16427 12631    0.00000  163  191    4.00000    0.00000   100%   124  513s
 16435 12636    0.00000  164  188    4.00000    0.00000   100%   124  519s
 16443 12640    0.00000  165  190    4.00000    0.00000   100%   124  525s
 16462 12645    0.00000  167  191    4.00000    0.00000   100%   124  538s
 16473 12650    0.00000  168  188    4.00000    0.00000   100%   124  547s
 16481 12699    0.00000  169  187    4.00000    0.00000   100%   124  555s
 16622 12799    0.00000  171  190    4.00000    0.00000   100%   124  567s
 16708 12778    1.00000  197  181    4.00000    0.00000   100%   124  570s
 16785 12809    1.00000  199  181    4.00000    0.00000   100%   124  584s
 16816 13058 infeasible  200         4.00000    0.00000   100%   124  587s
 17154 13418    1.00000  192  213    4.00000    0.00000   100%   124  591s
 17717 13627    1.00000  298  209    4.00000    0.00000   100%   123  595s
 18665 13904    1.00000  199  200    4.00000    0.00000   100%   122  606s
 18828 13867    1.00000  221  213    4.00000    0.00000   100%   122  610s
 18865 13882    1.00000  222  216    4.00000    0.00000   100%   122  615s
 18895 13888    1.00000  223  207    4.00000    0.00000   100%   123  624s
 18927 13883    1.00000  224  207    4.00000    0.00000   100%   123  628s
 18952 13879    1.00000  225  203    4.00000    0.00000   100%   123  633s
 18965 14017    1.00000  226  209    4.00000    0.00000   100%   123  638s
 19135 14348    1.00000  252  216    4.00000    0.00000   100%   123  643s
 19608 14585    2.00000  208  205    4.00000    0.00000   100%   122  648s
 20227 14840    2.00000  178  206    4.00000    0.00000   100%   123  653s
 20892 14624    1.00000  187  206    4.00000    0.00000   100%   124  660s
 20903 14622    1.00000  187  191    4.00000    0.00000   100%   124  666s
 20917 14622    1.00000  188  187    4.00000    0.00000   100%   124  676s
 20928 14627    1.00000  189  182    4.00000    0.00000   100%   124  688s
 20936 14625    2.00000  188  188    4.00000    0.00000   100%   124  701s
 20951 14639    1.00000  190  178    4.00000    0.00000   100%   124  708s
 20980 14724    1.00000  190  183    4.00000    0.00000   100%   124  718s
 21096 14802    1.00000  191  179    4.00000    0.00000   100%   124  735s
 21244 14950    1.00000  191  184    4.00000    0.00000   100%   124  742s
 21516 15217    1.00000  192  188    4.00000    0.00000   100%   125  748s
 22066 15489    0.00000  184  211    4.00000    0.00000   100%   125  755s
 22791 15904    1.00000  280  234    4.00000    0.00000   100%   126  761s
 23761 16395    1.00000  422  265    4.00000    0.00000   100%   126  768s
 24769 16485    1.00000  551  241    4.00000    0.00000   100%   126  775s
 25322 16762    1.00000  586  250    4.00000    0.00000   100%   127  783s
 26101 16865    1.00000  182  198    4.00000    0.00000   100%   128  790s
 26733 17236    3.00000  210  177    4.00000    0.00000   100%   130  799s
 27600 17354    1.00000  165  203    4.00000    0.00000   100%   131  807s
 28354 17105    1.00000  263  230    4.00000    0.00000   100%   133  817s
 28367 17106    1.00000  264  230    4.00000    0.00000   100%   134  827s
 28377 17242    1.00000  263  224    4.00000    0.00000   100%   134  839s
 28606 17421    1.00000  264  226    4.00000    0.00000   100%   135  847s
 29103 18263    2.36364  219  202    4.00000    0.00000   100%   136  985s
 30683 18635    1.00000  175  191    4.00000    0.00000   100%   139  994s
 31590 19047    2.00000  207  205    4.00000    0.00000   100%   141 1002s
 32290 19432    1.00000  181  190    4.00000    0.00000   100%   143 1011s
 33095 19822    1.00000  179  170    4.00000    0.00000   100%   145 1020s
 33926 20465 infeasible  212         4.00000    0.00000   100%   147 1028s
 34840 21079    2.00000  272  186    4.00000    0.00000   100%   148 1037s
 35770 21547 infeasible  334         4.00000    0.00000   100%   149 1045s
 36446 22131    1.00000  197  186    4.00000    0.00000   100%   150 1053s
 37370 22892    1.00000  208  216    4.00000    0.00000   100%   150 1061s
 38254 23569    1.00000  208  248    4.00000    0.00000   100%   151 1069s
 39090 24312 infeasible  258         4.00000    0.00000   100%   151 1078s
 39992 25019 infeasible  310         4.00000    0.00000   100%   151 1086s
 40825 25867 infeasible  282         4.00000    0.00000   100%   151 1094s
 41832 26581    1.00000   73  189    4.00000    0.00000   100%   150 1102s
 42685 27165    1.00000  227  265    4.00000    0.00000   100%   150 1109s
 43447 27952    3.00000  369  225    4.00000    0.00000   100%   151 1117s
 44423 28789    3.00000  500  212    4.00000    0.00000   100%   151 1136s
 45551 29434    3.00000  685  218    4.00000    0.00000   100%   151 1145s
 46535 29952    3.00000  814  231    4.00000    0.00000   100%   152 1154s
 47397 30279    3.00000  923  239    4.00000    0.00000   100%   152 1163s
 47907 30925    3.00000  956  244    4.00000    0.00000   100%   153 1171s
 48918 31510    3.00000 1071  228    4.00000    0.00000   100%   153 1180s
 49880 31967    3.00000 1179  230    4.00000    0.00000   100%   153 1188s
 50493 32568    3.00000 1213  254    4.00000    0.00000   100%   154 1196s
 51332 33398    3.00000 1303  239    4.00000    0.00000   100%   154 1204s
 52328 33876 infeasible 1354         4.00000    0.00000   100%   154 1212s
 53064 34323    3.00000  216  205    4.00000    0.00000   100%   155 1220s
 53693 35019    3.00000  264  220    4.00000    0.00000   100%   155 1229s
 54615 35248 infeasible  174         4.00000    0.00000   100%   155 1238s
 54903 35453    1.00000  114  181    4.00000    0.00000   100%   155 1247s
 55108 35854    1.00000  255  238    4.00000    0.00000   100%   155 1257s
 55527 36781    1.00000  394  234    4.00000    0.00000   100%   155 1266s
 56491 38050    1.00000  564  259    4.00000    0.00000   100%   154 1275s
 57846 39228    1.00000  725  232    4.00000    0.00000   100%   153 1283s
 59053 40401    2.00000  810  248    4.00000    0.00000   100%   152 1300s
 60265 41582    1.00000  145  189    4.00000    0.00000   100%   151 1308s
 61454 42476    1.00000  338  202    4.00000    0.00000   100%   150 1314s
 62348 43297    1.00000  470  227    4.00000    0.00000   100%   150 1321s
 63186 43301    1.00000  573  213    4.00000    0.00000   100%   149 1333s
 63198 43309    1.00000  574  229    4.00000    0.00000   100%   149 1349s
 63206 43317    1.00000  575  224    4.00000    0.00000   100%   149 1360s
 63214 43395    1.00000  576  219    4.00000    0.00000   100%   149 1373s
 63294 43973    1.00000  577  221    4.00000    0.00000   100%   149 1380s
 63920 44867    1.00000  681  226    4.00000    0.00000   100%   149 1387s
 64853 45145    1.00000  797  216    4.00000    0.00000   100%   148 1401s
 65133 45153    1.00000  832  232    4.00000    0.00000   100%   148 1409s
 65141 45161    1.00000  833  232    4.00000    0.00000   100%   148 1423s
 65149 45169    1.00000  834  236    4.00000    0.00000   100%   148 1430s
 65157 45177    1.00000  835  236    4.00000    0.00000   100%   148 1439s
 65165 45291    1.00000  836  232    4.00000    0.00000   100%   148 1448s
 65279 45299    1.00000  837  228    4.00000    0.00000   100%   148 1456s
 65287 45338    1.00000  838  232    4.00000    0.00000   100%   148 1477s
 65326 45604    1.00000  839  231    4.00000    0.00000   100%   148 1490s
 65592 46055    1.00000  840  229    4.00000    0.00000   100%   148 1499s
 66075 46808    1.00000  841  232    4.00000    0.00000   100%   147 1513s
 66828 47558    1.00000  842  230    4.00000    0.00000   100%   147 1522s
 67598 48575 infeasible  886         4.00000    0.00000   100%   146 1531s
 68700 49679 infeasible  905         4.00000    0.00000   100%   146 1539s
 69810 50728    1.00000  157  225    4.00000    0.00000   100%   146 1548s
 70898 51529    1.00000  287  248    4.00000    0.00000   100%   145 1556s
 71732 52788    1.00000  371  283    4.00000    0.00000   100%   145 1564s
 72993 53837    1.00000  499  291    4.00000    0.00000   100%   144 1572s
 74045 55401    1.00000  616  257    4.00000    0.00000   100%   144 1589s
 75665 55953    3.00000  815  241    4.00000    0.00000   100%   143 1595s
 76226 56739    3.00000  855  221    4.00000    0.00000   100%   143 1601s
 77055 57385    3.00000  975  264    4.00000    0.00000   100%   143 1608s
 77789 58257    3.00000 1062  275    4.00000    0.00000   100%   143 1614s
 78754 59097 infeasible 1206         4.00000    0.00000   100%   143 1620s
 79615 60251    1.00000  158  249    4.00000    0.00000   100%   142 1626s
 80777 60981    1.00000  337  263    4.00000    0.00000   100%   141 1632s
 81556 61725    1.00000  476  233    4.00000    0.00000   100%   141 1638s
 82338 62585    1.00000  597  200    4.00000    0.00000   100%   141 1644s
 83204 63273    1.00000  710  193    4.00000    0.00000   100%   141 1650s
 83987 64199    1.00000  799  202    4.00000    0.00000   100%   140 1656s
 84948 65004    2.00000  930  179    4.00000    0.00000   100%   140 1662s
 85781 65734    2.00000 1052  143    4.00000    0.00000   100%   140 1668s
 86536 66521    2.00000 1133  125    4.00000    0.00000   100%   139 1674s
 87372 67273    2.00000 1201  149    4.00000    0.00000   100%   139 1679s
 88165 67942    3.00000 1266  176    4.00000    0.00000   100%   139 1685s
 88874 69558    3.00000 1317  148    4.00000    0.00000   100%   139 1701s
 90514 70371    3.00000 1429  181    4.00000    0.00000   100%   138 1706s
 91351 71149    3.00000 1489  148    4.00000    0.00000   100%   138 1711s
 92164 71861    3.00000 1545  158    4.00000    0.00000   100%   138 1717s
 92910 72607    3.00000 1593  181    4.00000    0.00000   100%   138 1722s
 93700 73345    1.00000   99  188    4.00000    0.00000   100%   138 1727s
 94456 74109    1.00000  121  198    4.00000    0.00000   100%   137 1733s
 95222 74792    3.00000  152  202    4.00000    0.00000   100%   137 1738s
 95949 75546    3.00000  168  204    4.00000    0.00000   100%   137 1744s
 96721 76283    3.00000  191  214    4.00000    0.00000   100%   137 1750s
 97495 77028    3.00000  207  207    4.00000    0.00000   100%   137 1756s
 98270 77682    3.00000  223  227    4.00000    0.00000   100%   137 1762s
 98999 78310    3.00000  233  217    4.00000    0.00000   100%   137 1767s
 99680 78890    3.00000  256  210    4.00000    0.00000   100%   137 1773s
 100348 79554 infeasible  263         4.00000    0.00000   100%   137 1779s
 101082 80206    1.00000  161  183    4.00000    0.00000   100%   137 1785s
 101847 81124    1.00000  244  207    4.00000    0.00000   100%   137 1790s
 102783 81132    1.00000  366  234    4.00000    0.00000   100%   137 1797s
 102791 81140    1.00000  367  245    4.00000    0.00000   100%   137 1805s
 102799 81166    1.00000  368  243    4.00000    0.00000   100%   137 1812s
 102825 81322    1.00000  369  244    4.00000    0.00000   100%   137 1821s
 102999 81751    1.00000  370  235    4.00000    0.00000   100%   137 1827s
 103460 83079    1.00000  391  225    4.00000    0.00000   100%   137 1842s
 104879 83839    1.00000  104  177    4.00000    0.00000   100%   136 1848s
 105654 84657    1.00000  172  197    4.00000    0.00000   100%   136 1854s
 106475 85397    3.00000  298  211    4.00000    0.00000   100%   136 1860s
 107258 86056    3.00000  365  212    4.00000    0.00000   100%   136 1865s
 108013 86769    1.00000  118  194    4.00000    0.00000   100%   136 1871s
 108756 87623    1.00000  195  242    4.00000    0.00000   100%   136 1877s
 109650 88592    1.00000  310  250    4.00000    0.00000   100%   136 1884s
 110667 89459    3.00000  472  221    4.00000    0.00000   100%   135 1890s
 111585 90364    1.00000  130  162    4.00000    0.00000   100%   135 1895s
 112500 91098    1.00000  235  208    4.00000    0.00000   100%   135 1901s
 113322 91764    3.00000  360  230    4.00000    0.00000   100%   135 1906s
 114034 92618    3.00000  486  226    4.00000    0.00000   100%   135 1912s
 114918 93286    3.00000  634  238    4.00000    0.00000   100%   134 1918s
 115681 94115    3.00000  737  213    4.00000    0.00000   100%   134 1923s
 116526 94814    3.00000  821  213    4.00000    0.00000   100%   134 1929s
 117284 95466 infeasible  825         4.00000    0.00000   100%   134 1935s
 118016 96493    2.00000  171  197    4.00000    0.00000   100%   134 1951s
 119194 97330    1.00000  105  167    4.00000    0.00000   100%   134 1957s
 120063 98422    1.00000  204  228    4.00000    0.00000   100%   134 1963s
 121173 99267    1.00000  349  232    4.00000    0.00000   100%   134 1969s
 122056 99312    1.00000  449  251    4.00000    0.00000   100%   134 1984s
 122109 99320    1.00000  456  258    4.00000    0.00000   100%   134 2003s
 122117 99325    1.00000  457  253    4.00000    0.00000   100%   134 2020s
 122128 99332    1.00000  458  257    4.00000    0.00000   100%   134 2037s
 122136 99374    1.00000  459  256    4.00000    0.00000   100%   134 2044s
 122184 99566    1.00000  460  247    4.00000    0.00000   100%   134 2050s
 122430 99575    1.00000  461  246    4.00000    0.00000   100%   134 2058s
 122444 99756    1.00000  462  245    4.00000    0.00000   100%   134 2065s
 122659 100540    1.00000  463  245    4.00000    0.00000   100%   134 2073s
 123507 101403    3.00000  583  267    4.00000    0.00000   100%   134 2080s
 124463 102308    3.00000  752  267    4.00000    0.00000   100%   134 2087s
 125422 103339    3.00000  905  238    4.00000    0.00000   100%   134 2094s
 126527 104470    3.00000 1038  214    4.00000    0.00000   100%   133 2100s
 127668 105353 infeasible 1151         4.00000    0.00000   100%   133 2106s
 128640 106233    3.00000 1324  134    4.00000    0.00000   100%   133 2113s
 129563 106233    3.00000 1410  161    4.00000    0.00000   100%   133 2119s
 129579 106281    3.00000 1411  160    4.00000    0.00000   100%   133 2126s
 129627 106816    3.00000 1412  161    4.00000    0.00000   100%   133 2133s
 130212 107641    3.00000 1491  116    4.00000    0.00000   100%   133 2140s
 131040 108576    3.00000 1596   88    4.00000    0.00000   100%   132 2147s
 132030 109542    3.00000  143  180    4.00000    0.00000   100%   132 2154s
 133016 111047    3.00000  274  251    4.00000    0.00000   100%   132 2169s
 134598 111624    3.00000  516  253    4.00000    0.00000   100%   132 2174s
 135193 112335    3.00000  602  234    4.00000    0.00000   100%   132 2179s
 135916 112982    3.00000  685  252    4.00000    0.00000   100%   132 2185s
 136721 113716    1.00000  117  165    4.00000    0.00000   100%   132 2190s
 137505 114355    1.00000  209  199    4.00000    0.00000   100%   132 2197s
 138219 115192    1.00000  297  210    4.00000    0.00000   100%   132 2203s
 139083 115994    1.00000  457  261    4.00000    0.00000   100%   132 2209s
 139912 116710    3.00000  599  246    4.00000    0.00000   100%   132 2215s
 140643 117503    3.00000  716  276    4.00000    0.00000   100%   132 2221s
 141486 117990    3.00000  862  281    4.00000    0.00000   100%   132 2227s
 142085 118681    1.00000  104  185    4.00000    0.00000   100%   132 2233s
 142841 119589    3.00000  180  194    4.00000    0.00000   100%   132 2239s
 143773 120441    3.00000  297  229    4.00000    0.00000   100%   132 2245s
 144680 120506    3.00000  349  229    4.00000    0.00000   100%   132 2251s
 144769 121341    3.00000  350  233    4.00000    0.00000   100%   132 2257s
 145622 121834    1.00000  217  196    4.00000    0.00000   100%   132 2263s
 146143 122624    1.00000  290  253    4.00000    0.00000   100%   131 2269s
 147027 123287    1.00000  440  216    4.00000    0.00000   100%   131 2275s
 147837 124581    1.00000  116  162    4.00000    0.00000   100%   131 2290s
 149162 125094    3.00000  254  203    4.00000    0.00000   100%   131 2296s
 149799 125101    3.00000  340  191    4.00000    0.00000   100%   131 2303s
 149808 125153    3.00000  341  198    4.00000    0.00000   100%   131 2309s
 149860 125742    3.00000  342  194    4.00000    0.00000   100%   131 2319s
 150465 126373    3.00000  476  184    4.00000    0.00000   100%   131 2326s
 151096 127625    3.00000  547  236    4.00000    0.00000   100%   131 2334s
 152409 128508    3.00000  752  156    4.00000    0.00000   100%   131 2341s
 153294 129286    3.00000  887  144    4.00000    0.00000   100%   131 2348s
 154090 130265    3.00000  960  141    4.00000    0.00000   100%   131 2354s
 155144 131296    3.00000 1097  145    4.00000    0.00000   100%   131 2361s
 156197 131840    3.00000 1210  133    4.00000    0.00000   100%   130 2367s
 156800 132583    3.00000 1251  134    4.00000    0.00000   100%   130 2374s
 157697 133482    3.00000 1354  123    4.00000    0.00000   100%   130 2380s
 158612 133983 infeasible 1445         4.00000    0.00000   100%   130 2386s
 159175 134758    3.00000  159  172    4.00000    0.00000   100%   130 2392s
 160051 135342 infeasible  270         4.00000    0.00000   100%   130 2398s
 160724 136048    1.00000  104  200    4.00000    0.00000   100%   131 2405s
 161458 136531    3.00000  184  198    4.00000    0.00000   100%   131 2412s
 162025 137259    3.00000  244  236    4.00000    0.00000   100%   131 2418s
 162792 137266    3.00000  380  251    4.00000    0.00000   100%   131 2433s
 162801 140071    3.00000  381  250    4.00000    0.00000   100%   131 2485s
 165713 141311    3.00000  745  236    4.00000    0.00000   100%   131 2497s
 167001 142643    1.00000  159  195    4.00000    0.00000   100%   131 2508s
 168355 143687    3.00000  327  228    4.00000    0.00000   100%   131 2517s
 169499 144824    3.00000  508  229    4.00000    0.00000   100%   131 2526s
 170694 145543    3.00000  659  257    4.00000    0.00000   100%   131 2534s
 171566 146563    1.00000  140  172    4.00000    0.00000   100%   131 2543s
 172605 147695    1.00000  213  188    4.00000    0.00000   100%   131 2551s
 173772 148720    1.00000  295  205    4.00000    0.00000   100%   131 2558s
 174831 149786    1.00000  352  197    4.00000    0.00000   100%   131 2566s
 175934 150567    1.00000  411  182    4.00000    0.00000   100%   131 2574s
 176794 151438    1.00000  471  158    4.00000    0.00000   100%   131 2581s
 177815 152727    1.00000  527  119    4.00000    0.00000   100%   131 2596s
 179152 153468    1.00000  577  106    4.00000    0.00000   100%   131 2601s
 179944 154157    3.00000  164  184    4.00000    0.00000   100%   131 2607s
 180661 155014    3.00000  234  230    4.00000    0.00000   100%   131 2613s
 181574 155765 infeasible  303         4.00000    0.00000   100%   131 2618s
 182363 156326    3.00000  228  190    4.00000    0.00000   100%   131 2625s
 183049 156964    3.00000  309  196    4.00000    0.00000   100%   131 2630s
 183813 157627    3.00000  449  200    4.00000    0.00000   100%   131 2636s
 184556 158153    2.00000  147  202    4.00000    0.00000   100%   131 2641s
 185180 158813    2.00000  177  209    4.00000    0.00000   100%   131 2647s
 185915 159694    2.00000  254  193    4.00000    0.00000   100%   131 2653s
 186883 160521    2.00000  206  169    4.00000    0.00000   100%   131 2659s
 187784 161187    2.00000  343  214    4.00000    0.00000   100%   131 2665s
 188510 161945    2.00000  468  233    4.00000    0.00000   100%   131 2670s
 189361 161953    3.00000  621  226    4.00000    0.00000   100%   131 2677s
 189369 161980    3.00000  622  225    4.00000    0.00000   100%   131 2683s
 189396 162267    3.00000  623  225    4.00000    0.00000   100%   131 2690s
 189723 163007    3.00000  702  234    4.00000    0.00000   100%   131 2696s
 190483 163715    3.00000  843  242    4.00000    0.00000   100%   131 2702s
 191219 164606    3.00000  947  230    4.00000    0.00000   100%   131 2709s
 192122 165372    3.00000 1071  218    4.00000    0.00000   100%   131 2715s
 192995 166560 infeasible 1075         4.00000    0.00000   100%   131 2730s
 194234 167198    1.00000  249  173    4.00000    0.00000   100%   131 2736s
 194912 167840    2.00000  370  234    4.00000    0.00000   100%   131 2742s
 195622 168666    2.00000  445  238    4.00000    0.00000   100%   131 2748s
 196508 169460    3.00000  602  216    4.00000    0.00000   100%   131 2754s
 197334 170080    3.00000  744  253    4.00000    0.00000   100%   131 2761s
 198001 170918    3.00000  856  239    4.00000    0.00000   100%   131 2767s
 198894 171628    3.00000  971  248    4.00000    0.00000   100%   131 2774s
 199712 172362    3.00000 1067  227    4.00000    0.00000   100%   131 2781s
 200480 172615    3.00000 1085  207    4.00000    0.00000   100%   131 2788s
 200735 173318    3.00000 1086  206    4.00000    0.00000   100%   131 2795s
 201462 174015    3.00000 1176  203    4.00000    0.00000   100%   131 2802s
 202217 174732    3.00000 1273  219    4.00000    0.00000   100%   131 2808s
 203102 175596    3.00000 1380  157    4.00000    0.00000   100%   131 2814s
 204025 176549    3.00000 1451  181    4.00000    0.00000   100%   131 2821s
 205050 176557    1.00000  179  182    4.00000    0.00000   100%   131 2827s
 205058 176565    1.00000  180  181    4.00000    0.00000   100%   131 2835s
 205066 176648    1.00000  181  198    4.00000    0.00000   100%   131 2844s
 205149 177163    1.00000  182  200    4.00000    0.00000   100%   131 2852s
 205672 178169    1.00000  214  197    4.00000    0.00000   100%   131 2859s
 206681 179178    2.00000  348  226    4.00000    0.00000   100%   131 2866s
 207694 180518    2.00000  490  236    4.00000    0.00000   100%   131 2880s
 209059 180526    3.00000  686  235    4.00000    0.00000   100%   130 2891s
 209067 180534    3.00000  687  233    4.00000    0.00000   100%   130 2902s
 209075 180542    3.00000  688  233    4.00000    0.00000   100%   130 2915s
 209083 180550    3.00000  689  229    4.00000    0.00000   100%   130 2921s
 209091 180558    3.00000  690  229    4.00000    0.00000   100%   130 2927s
 209099 181117    3.00000  691  217    4.00000    0.00000   100%   131 2933s
 209662 181991    3.00000  818  200    4.00000    0.00000   100%   130 2940s
 210598 182661 infeasible  924         4.00000    0.00000   100%   130 2946s
 211312 183260    1.00000  190  176    4.00000    0.00000   100%   130 2953s
 211986 184046    2.00000  272  228    4.00000    0.00000   100%   130 2960s
 212834 184912    3.00000  433  252    4.00000    0.00000   100%   130 2966s
 213745 185875    1.00000  159  197    4.00000    0.00000   100%   130 2973s
 214711 186783    3.00000  311  195    4.00000    0.00000   100%   130 2979s
 215652 187749    3.00000  447  212    4.00000    0.00000   100%   130 2986s
 216722 188640    3.00000  633  219    4.00000    0.00000   100%   130 2992s
 217656 189398    1.00000  142  177    4.00000    0.00000   100%   130 2998s
 218486 190037    1.00000  190  177    4.00000    0.00000   100%   130 3005s
 219226 190762    1.00000  234  168    4.00000    0.00000   100%   130 3011s
 220009 191542    1.00000  283  191    4.00000    0.00000   100%   130 3017s
 220849 192233    2.00000  345  157    4.00000    0.00000   100%   130 3023s
 221682 192761    2.00000  408  122    4.00000    0.00000   100%   130 3030s
 222349 192766 infeasible  467         4.00000    0.00000   100%   130 3045s
 222360 195455 infeasible  467         4.00000    0.00000   100%   130 3086s
 225272 196604    2.00000  469  204    4.00000    0.00000   100%   130 3095s
 226456 197868    2.00000  607  215    4.00000    0.00000   100%   130 3104s
 227826 198886    2.00000  738  208    4.00000    0.00000   100%   130 3111s
 228924 199930    3.00000  189  169    4.00000    0.00000   100%   130 3118s
 230111 200602 infeasible  273         4.00000    0.00000   100%   130 3125s
 230825 201492    2.00000  193  226    4.00000    0.00000   100%   130 3132s
 231844 202204    2.00000  360  231    4.00000    0.00000   100%   130 3139s
 232656 202714    3.00000  511  222    4.00000    0.00000   100%   130 3147s
 233228 203441    3.00000  628  204    4.00000    0.00000   100%   130 3154s
 234011 204275    3.00000  733  215    4.00000    0.00000   100%   130 3160s
 234891 205370    3.00000  856  232    4.00000    0.00000   100%   130 3167s
 235992 206252    3.00000  985  168    4.00000    0.00000   100%   130 3174s
 236882 207464    3.00000 1097  183    4.00000    0.00000   100%   130 3187s
 238134 208015    3.00000 1210  174    4.00000    0.00000   100%   130 3194s
 238784 208782 infeasible 1226         4.00000    0.00000   100%   130 3200s
 239620 209683    3.00000  197  186    4.00000    0.00000   100%   130 3206s
 240595 210422    2.00000  195  199    4.00000    0.00000   100%   130 3212s
 241336 211196    2.00000  269  199    4.00000    0.00000   100%   130 3218s
 242156 211620 infeasible  352         4.00000    0.00000   100%   130 3224s
 242721 212301    3.00000  375  189    4.00000    0.00000   100%   130 3230s
 243507 212612    1.00000  171  188    4.00000    0.00000   100%   130 3238s
 243889 212783    1.00000  129  169    4.00000    0.00000   100%   130 3245s
 244094 212913    1.00000  130  167    4.00000    0.00000   100%   130 3253s
 244255 213091    1.00000  131  165    4.00000    0.00000   100%   130 3266s
 244445 213273    1.00000  132  162    4.00000    0.00000   100%   130 3276s
 244687 213594    1.00000  133  158    4.00000    0.00000   100%   130 3287s
 245015 214026    1.00000  134  157    4.00000    0.00000   100%   130 3296s
 245489 214960    1.00000  138  179    4.00000    0.00000   100%   130 3304s
 246488 215890    2.00000  274  168    4.00000    0.00000   100%   130 3312s
 247567 216904    2.00000  162  175    4.00000    0.00000   100%   130 3319s
 248677 217885    3.00000  333  198    4.00000    0.00000   100%   130 3326s
 249779 219059    3.00000  523  211    4.00000    0.00000   100%   130 3333s
 250955 219988    3.00000  665  186    4.00000    0.00000   100%   130 3340s
 251954 220977    3.00000  772  177    4.00000    0.00000   100%   130 3354s
 253027 221881    3.00000  915  151    4.00000    0.00000   100%   130 3361s
 254026 222576    3.00000 1035  142    4.00000    0.00000   100%   130 3368s
 254756 223268    3.00000 1099  128    4.00000    0.00000   100%   130 3374s
 255485 224049    3.00000 1167  116    4.00000    0.00000   100%   130 3380s
 256350 224807    3.00000 1231  168    4.00000    0.00000   100%   130 3386s
 257236 225625    3.00000 1287  141    4.00000    0.00000   100%   130 3392s
 258120 226396    3.00000 1335  120    4.00000    0.00000   100%   130 3398s
 258932 227279    3.00000 1388  142    4.00000    0.00000   100%   129 3404s
 259853 227795    3.00000 1444   95    4.00000    0.00000   100%   129 3410s
 260530 228500    3.00000  133  170    4.00000    0.00000   100%   129 3416s
 261333 229145    3.00000  206  219    4.00000    0.00000   100%   130 3422s
 262098 229846    3.00000  147  178    4.00000    0.00000   100%   130 3428s
 262831 230740    3.00000  170  193    4.00000    0.00000   100%   130 3434s
 263761 231398    3.00000  198  200    4.00000    0.00000   100%   130 3440s
 264508 232273    3.00000  213  174    4.00000    0.00000   100%   130 3446s
 265450 233055    3.00000  236  160    4.00000    0.00000   100%   130 3453s
 266322 233766    3.00000  254  118    4.00000    0.00000   100%   130 3459s
 267197 234779    2.00000  157  180    4.00000    0.00000   100%   130 3472s
 268278 235656    3.00000  293  156    4.00000    0.00000   100%   129 3478s
 269224 236378    3.00000  447  155    4.00000    0.00000   100%   129 3484s
 269998 237045    1.00000  150  154    4.00000    0.00000   100%   129 3490s
 270836 237854    1.00000  308  204    4.00000    0.00000   100%   129 3496s
 271685 238656    3.00000  439  202    4.00000    0.00000   100%   130 3503s
 272582 239364    1.00000  147  195    4.00000    0.00000   100%   130 3509s
 273401 240095    1.00000  266  193    4.00000    0.00000   100%   130 3515s
 274224 241018    1.00000  364  183    4.00000    0.00000   100%   130 3521s
 275232 241870    1.00000  187  194    4.00000    0.00000   100%   129 3527s
 276170 242722    2.00000  314  182    4.00000    0.00000   100%   129 3533s
 277062 242730    2.00000  418  196    4.00000    0.00000   100%   129 3540s
 277070 242738    2.00000  419  197    4.00000    0.00000   100%   129 3547s
 277078 242746    2.00000  420  198    4.00000    0.00000   100%   129 3554s
 277086 242754    2.00000  421  207    4.00000    0.00000   100%   129 3564s
 277094 242762    2.00000  422  205    4.00000    0.00000   100%   129 3572s
 277102 242770    2.00000  423  205    4.00000    0.00000   100%   129 3585s
 277110 242778    2.00000  424  204    4.00000    0.00000   100%   129 3594s
 277118 242815    2.00000  425  204    4.00000    0.00000   100%   129 3608s
 277157 242823    2.00000  426  204    4.00000    0.00000   100%   129 3624s
 277165 242925    2.00000  427  204    4.00000    0.00000   100%   129 3632s
 277267 243160    2.00000  428  213    4.00000    0.00000   100%   129 3640s
 277502 243378    2.00000  429  213    4.00000    0.00000   100%   129 3657s
 277734 243553    2.00000  430  219    4.00000    0.00000   100%   129 3675s
 277951 243761    2.00000  431  213    4.00000    0.00000   100%   129 3684s
 278183 243968    2.00000  432  219    4.00000    0.00000   100%   129 3692s
 278421 244252    2.00000  433  226    4.00000    0.00000   100%   129 3700s
 278709 244476    2.00000  434  216    4.00000    0.00000   100%   129 3708s
 278949 244663    2.00000  435  216    4.00000    0.00000   100%   129 3720s
 279169 244926    2.00000  436  216    4.00000    0.00000   100%   129 3739s
 279460 245200    2.00000  437  218    4.00000    0.00000   100%   129 3754s
 279734 245509    2.00000  438  214    4.00000    0.00000   100%   129 3765s
 280048 245785    2.00000  439  215    4.00000    0.00000   100%   129 3778s
 280324 246028    2.00000  440  214    4.00000    0.00000   100%   129 3787s
 280600 246274    2.00000  441  216    4.00000    0.00000   100%   129 3810s
 280903 246626    2.00000  442  214    4.00000    0.00000   100%   129 3841s
 281257 247047    2.00000  443  214    4.00000    0.00000   100%   129 3879s
 281680 247384    2.00000  444  215    4.00000    0.00000   100%   129 3930s
 282037 248755    2.00000  445  215    4.00000    0.00000   100%   129 3970s
 283473 250450    2.00000  446  213    4.00000    0.00000   100%   129 3990s
 285322 251988    2.00000  447  216    4.00000    0.00000   100%   129 4004s
 287027 253252    2.00000  632  248    4.00000    0.00000   100%   129 4014s
 288434 254761    3.00000  827  203    4.00000    0.00000   100%   128 4024s
 290000 255907    3.00000 1018  196    4.00000    0.00000   100%   128 4032s
 291181 256963    3.00000 1145  201    4.00000    0.00000   100%   128 4039s
 292326 257786    3.00000 1279  177    4.00000    0.00000   100%   128 4047s
 293276 258825    3.00000 1383  155    4.00000    0.00000   100%   128 4054s
 294381 259462    3.00000 1543  171    4.00000    0.00000   100%   128 4061s
 295171 260113    3.00000 1653  138    4.00000    0.00000   100%   128 4068s
 295940 260987    3.00000 1724  110    4.00000    0.00000   100%   128 4075s
 296838 262052    3.00000 1810   98    4.00000    0.00000   100%   128 4089s
 297957 262958    1.00000  132  172    4.00000    0.00000   100%   128 4096s
 298877 263856    3.00000  226  193    4.00000    0.00000   100%   128 4102s
 299825 264675    3.00000  323  218    4.00000    0.00000   100%   128 4107s
 300704 265524    3.00000  427  203    4.00000    0.00000   100%   128 4113s
 301566 266212    3.00000  550  220    4.00000    0.00000   100%   128 4119s
 302348 267113    3.00000  670  217    4.00000    0.00000   100%   128 4124s
 303343 267899    1.00000  131  210    4.00000    0.00000   100%   128 4130s
 304159 268476    3.00000  205  234    4.00000    0.00000   100%   128 4135s
 304830 268483 infeasible  294         4.00000    0.00000   100%   128 4141s
 304839 268488 infeasible  294         4.00000    0.00000   100%   128 4147s
 304850 268500    3.00000  291  200    4.00000    0.00000   100%   128 4153s
 304866 268702    3.00000  292  201    4.00000    0.00000   100%   128 4162s
 305098 269205    1.00000  120  183    4.00000    0.00000   100%   128 4169s
 305605 269809    3.00000  199  179    4.00000    0.00000   100%   128 4174s
 306310 270552    1.00000  132  221    4.00000    0.00000   100%   128 4180s
 307099 271481    3.00000  193  258    4.00000    0.00000   100%   128 4186s
 308042 272022    3.00000  294  198    4.00000    0.00000   100%   128 4192s
 308719 272823    3.00000  360  194    4.00000    0.00000   100%   128 4198s
 309588 273559    3.00000  473  180    4.00000    0.00000   100%   128 4204s
 310393 274356    3.00000  609  162    4.00000    0.00000   100%   128 4210s
 311260 275130    3.00000  738  135    4.00000    0.00000   100%   128 4217s
 312077 276488    3.00000  831  174    4.00000    0.00000   100%   128 4231s
 313518 276979    3.00000  994  127    4.00000    0.00000   100%   128 4236s
 314068 277765    3.00000 1060  143    4.00000    0.00000   100%   128 4241s
 314904 278494    3.00000 1124  154    4.00000    0.00000   100%   128 4246s
 315691 279250    3.00000 1205  159    4.00000    0.00000   100%   128 4252s
 316489 280041    3.00000 1262  165    4.00000    0.00000   100%   128 4257s
 317350 280533    2.00000  141  174    4.00000    0.00000   100%   128 4263s
 317927 281125    2.00000  156  180    4.00000    0.00000   100%   128 4268s
 318581 281857    2.00000  168  171    4.00000    0.00000   100%   128 4274s
 319368 282513    3.00000  191  173    4.00000    0.00000   100%   128 4281s
 320112 283100    3.00000  218  149    4.00000    0.00000   100%   128 4287s
 320868 283668    3.00000  243  150    4.00000    0.00000   100%   128 4292s
 321591 284379    1.00000  138  175    4.00000    0.00000   100%   128 4298s
 322426 284869 infeasible  248         4.00000    0.00000   100%   128 4305s
 322974 285556    1.00000  156  169    4.00000    0.00000   100%   128 4311s
 323721 286417    3.00000  257  184    4.00000    0.00000   100%   128 4317s
 324607 287305    3.00000  420  218    4.00000    0.00000   100%   128 4323s
 325576 288110    3.00000  521  206    4.00000    0.00000   100%   128 4329s
 326482 288963    2.00000  170  182    4.00000    0.00000   100%   128 4335s
 327451 288958    1.00000  186  171    4.00000    0.00000   100%   128 4350s
 327472 291697    1.00000  187  169    4.00000    0.00000   100%   128 4400s
 330384 292884    1.00000  336  171    4.00000    0.00000   100%   128 4412s
 331745 294238    1.00000  399  121    4.00000    0.00000   100%   128 4422s
 333243 295306    1.00000  481  129    4.00000    0.00000   100%   128 4431s
 334440 296354    1.00000  187  165    4.00000    0.00000   100%   128 4439s
 335592 297209    2.00000  321  191    4.00000    0.00000   100%   128 4447s
 336632 298017    1.00000  199  157    4.00000    0.00000   100%   128 4454s
 337572 298811    3.00000  185  176    4.00000    0.00000   100%   128 4462s
 338477 299454    1.00000  204  233    4.00000    0.00000   100%   128 4470s
 339175 300148    3.00000  295  227    4.00000    0.00000   100%   128 4477s
 339966 300879    1.00000  152  170    4.00000    0.00000   100%   128 4485s
 340805 301657    1.00000  148  151    4.00000    0.00000   100%   128 4493s
 341792 302475 infeasible  241         4.00000    0.00000   100%   128 4500s
 342722 303272    1.00000  146  167    4.00000    0.00000   100%   128 4514s
 343688 304013 infeasible  325         4.00000    0.00000   100%   128 4521s
 344633 304500    1.00000  213  224    4.00000    0.00000   100%   128 4528s
 345236 305307    1.00000  146  170    4.00000    0.00000   100%   128 4535s
 346168 305939    1.00000  244  202    4.00000    0.00000   100%   128 4542s
 346949 306507 infeasible  151         4.00000    0.00000   100%   129 4550s
 347579 307132 infeasible  161         4.00000    0.00000   100%   129 4557s
 348334 307714    3.00000  214  190    4.00000    0.00000   100%   129 4564s
 349151 308374    3.00000  204  219    4.00000    0.00000   100%   129 4571s
 349940 308381    1.00000  223  173    4.00000    0.00000   100%   129 4581s
 349949 308389    1.00000  224  173    4.00000    0.00000   100%   129 4590s
 349957 308437    1.00000  225  169    4.00000    0.00000   100%   129 4601s
 350007 308782    1.00000  254  199    4.00000    0.00000   100%   129 4609s
 350432 309483    3.00000  341  154    4.00000    0.00000   100%   129 4617s
 351330 310261    1.00000  188  182    4.00000    0.00000   100%   129 4624s
 352265 310995    1.50000  249  190    4.00000    0.00000   100%   129 4632s
 353162 311595    3.00000  181  182    4.00000    0.00000   100%   129 4639s
 353945 312322    2.00000  175  149    4.00000    0.00000   100%   129 4647s
 354802 313045    1.00000  147  165    4.00000    0.00000   100%   129 4655s
 355672 313755    1.00000  195  166    4.00000    0.00000   100%   129 4663s
 356489 314302    1.00000  169  181    4.00000    0.00000   100%   129 4671s
 357255 315171 infeasible  263         4.00000    0.00000   100%   130 4684s
 358239 315876    2.00000  230  192    4.00000    0.00000   100%   130 4692s
 359043 316664    1.00000  180  169    4.00000    0.00000   100%   130 4699s
 359896 317151    3.00000  232  142    4.00000    0.00000   100%   130 4706s
 360499 317893 infeasible  259         4.00000    0.00000   100%   130 4714s
 361456 318649 infeasible  263         4.00000    0.00000   100%   130 4722s
 362361 319502    3.00000  253  192    4.00000    0.00000   100%   130 4728s
 363309 320421    1.00000  199  168    4.00000    0.00000   100%   130 4735s
 364301 321258    1.00000  183  197    4.00000    0.00000   100%   130 4741s
 365306 322033    3.00000  304  200    4.00000    0.00000   100%   130 4748s
 366183 322549    3.00000  439  200    4.00000    0.00000   100%   130 4754s
 366829 323017    3.00000  544  200    4.00000    0.00000   100%   130 4761s
 367434 323798    1.00000  150  166    4.00000    0.00000   100%   130 4768s
 368235 324536    1.00000  242  160    4.00000    0.00000   100%   130 4774s
 369091 325277    2.00000  268  177    4.00000    0.00000   100%   130 4781s
 369943 325925    2.00000  312  150    4.00000    0.00000   100%   130 4788s
 370763 326594    2.00000  349  177    4.00000    0.00000   100%   130 4794s
 371547 326591    2.00000  389  175    4.00000    0.00000   100%   130 4803s
 371566 326597    2.00000  390  162    4.00000    0.00000   100%   130 4811s
 371576 326603    2.00000  391  171    4.00000    0.00000   100%   130 4829s
H371585 188350                       3.0000000    0.00000   100%   130 4829s
 371586 188903    2.00000  392  171    3.00000    0.00000   100%   130 4836s
 372419 189545    2.00000  418  165    3.00000    0.00000   100%   130 4852s
 373268 190144    2.00000  442  170    3.00000    0.00000   100%   131 4861s
 374043 191107    2.00000  197  160    3.00000    0.00000   100%   131 4869s
 375157 191766    2.00000  373  150    3.00000    0.00000   100%   131 4877s
 375961 192290 infeasible  493         3.00000    0.00000   100%   131 4884s
 376735 193082    1.00000  261  168    3.00000    0.00000   100%   131 4891s
 377678 193776 infeasible  185         3.00000    0.00000   100%   131 4899s
 378437 194468    1.00000  159  148    3.00000    0.00000   100%   131 4907s
 379298 195118    1.37500  197  159    3.00000    0.00000   100%   131 4914s
 380098 195732    2.00000  241  165    3.00000    0.00000   100%   131 4921s
 380860 196445    1.00000  179  190    3.00000    0.00000   100%   131 4928s
 381681 197328    1.00000  149  163    3.00000    0.00000   100%   131 4935s
 382693 198105    2.00000  286  223    3.00000    0.00000   100%   131 4943s
 383627 198995    2.00000  426  231    3.00000    0.00000   100%   131 4950s
 384617 199789    2.00000  547  225    3.00000    0.00000   100%   131 4956s
 385607 200513    1.00000  177  158    3.00000    0.00000   100%   131 4964s
 386489 201112    1.00000  217  158    3.00000    0.00000   100%   131 4971s
 387204 201718    2.00000  268  167    3.00000    0.00000   100%   131 4987s
 388053 202556    1.00000  172  155    3.00000    0.00000   100%   131 4995s
 389044 203198    2.00000  159  192    3.00000    0.00000   100%   131 5003s
 389765 203864    1.00000  173  164    3.00000    0.00000   100%   131 5010s
 390528 203861    1.00000  176  164    3.00000    0.00000   100%   131 5018s
 390547 203874    1.00000  177  160    3.00000    0.00000   100%   131 5027s
 390560 204089    1.00000  178  160    3.00000    0.00000   100%   131 5036s
 390801 204504    1.00000  179  161    3.00000    0.00000   100%   132 5044s
 391394 205268    1.00000  194  171    3.00000    0.00000   100%   132 5053s
 392423 205944    1.00000  169  159    3.00000    0.00000   100%   132 5061s
 393347 206619    2.00000  186  198    3.00000    0.00000   100%   132 5069s
 394248 207375 infeasible  166         3.00000    0.00000   100%   132 5078s
 395158 208007    2.00000  176  146    3.00000    0.00000   100%   132 5086s
 396015 208731 infeasible  204         3.00000    0.00000   100%   132 5094s
 397000 209383 infeasible  189         3.00000    0.00000   100%   132 5101s
 397843 210267    1.00000  170  175    3.00000    0.00000   100%   132 5109s
 398877 210819    2.00000  322  196    3.00000    0.00000   100%   132 5117s
 399633 211504    1.00000  164  175    3.00000    0.00000   100%   132 5125s
 400512 211934    1.00000  192  166    3.00000    0.00000   100%   132 5134s
 401169 212428    1.00000  200  161    3.00000    0.00000   100%   133 5142s
 401900 212969    1.40000  351  206    3.00000    0.00000   100%   133 5157s
 402737 213464 infeasible  181         3.00000    0.00000   100%   133 5165s
 403554 213950    1.00000  207  153    3.00000    0.00000   100%   133 5173s
 404380 214490    1.00000  165  145    3.00000    0.00000   100%   133 5181s
 405170 215227    1.00000  206  148    3.00000    0.00000   100%   133 5189s
 406139 216024    1.00000  148  190    3.00000    0.00000   100%   133 5197s
 407081 216795    1.00000  214  184    3.00000    0.00000   100%   133 5204s
 408016 216797    1.00000  162  172    3.00000    0.00000   100%   133 5214s
 408030 216805    1.00000  163  176    3.00000    0.00000   100%   133 5224s
 408040 216933    1.00000  164  170    3.00000    0.00000   100%   133 5234s
 408200 217592    1.00000  203  180    3.00000    0.00000   100%   133 5242s
 408997 217992    1.00000  183  169    3.00000    0.00000   100%   133 5250s
 409669 218433 infeasible  197         3.00000    0.00000   100%   134 5258s
 410418 219065    1.00000  188  153    3.00000    0.00000   100%   134 5266s
 411247 219732    2.00000  175  171    3.00000    0.00000   100%   134 5274s
 412052 220592    2.00000  286  174    3.00000    0.00000   100%   134 5282s
 413060 221000    2.00000  453  164    3.00000    0.00000   100%   134 5290s
 413801 221469    2.00000  532  178    3.00000    0.00000   100%   134 5299s
 414640 221864    0.00000  177  164    3.00000    0.00000   100%   134 5307s
 415386 222141 infeasible  220         3.00000    0.00000   100%   134 5315s
 416152 222489 infeasible  192         3.00000    0.00000   100%   134 5323s
 416898 222904    2.00000  166  190    3.00000    0.00000   100%   134 5339s
 417639 223242 infeasible  187         3.00000    0.00000   100%   135 5349s
 418492 223606 infeasible  183         3.00000    0.00000   100%   135 5358s
 419365 224292 infeasible  194         3.00000    0.00000   100%   135 5366s
 420342 224763 infeasible  180         3.00000    0.00000   100%   135 5375s
 421140 225193    1.00000  175  179    3.00000    0.00000   100%   135 5382s
 421901 225886 infeasible  200         3.00000    0.00000   100%   135 5391s
 422771 226460    0.00000  180  160    3.00000    0.00000   100%   135 5400s
 423633 226457 infeasible  184         3.00000    0.00000   100%   135 5409s
 423652 226463 infeasible  184         3.00000    0.00000   100%   135 5419s
 423662 226522    1.00000  183  169    3.00000    0.00000   100%   135 5428s
 423733 227020    1.00000  184  171    3.00000    0.00000   100%   135 5437s
 424486 227710    1.00000  193  221    3.00000    0.00000   100%   136 5445s
 425383 228179    0.00000  159  153    3.00000    0.00000   100%   136 5454s
 426246 228674    0.00000  162  170    3.00000    0.00000   100%   136 5463s
 427097 229355    1.00000  208  191    3.00000    0.00000   100%   136 5471s
 428039 229926    1.00000  383  230    3.00000    0.00000   100%   136 5479s
 428904 230560    1.00000  166  175    3.00000    0.00000   100%   136 5487s
 429835 231327 infeasible  184         3.00000    0.00000   100%   136 5496s
 430807 231989    2.00000  274  193    3.00000    0.00000   100%   136 5504s
 431714 232487    2.00000  467  161    3.00000    0.00000   100%   136 5519s
 432572 233047    1.00000  209  191    3.00000    0.00000   100%   136 5527s
 433467 233364    2.00000  229  180    3.00000    0.00000   100%   136 5535s
 434233 233666    1.00000  197  196    3.00000    0.00000   100%   137 5543s
 434918 234376 infeasible  186         3.00000    0.00000   100%   137 5552s
 435948 235071    1.00000  216  182    3.00000    0.00000   100%   137 5559s
 436895 235608    1.00000  290  209    3.00000    0.00000   100%   137 5567s
 437761 236091    1.00000  150  146    3.00000    0.00000   100%   137 5574s
 438584 236563    1.00000  197  167    3.00000    0.00000   100%   137 5582s
 439346 237151    1.00000  178  161    3.00000    0.00000   100%   137 5589s
 440199 237591    1.00000  211  149    3.00000    0.00000   100%   137 5596s
 440939 237985    1.00000  314  158    3.00000    0.00000   100%   137 5604s
 441656 238384    0.00000  167  165    3.00000    0.00000   100%   137 5611s
 442383 238387    1.00000  151  179    3.00000    0.00000   100%   137 5619s
 442396 238390    1.00000  152  175    3.00000    0.00000   100%   137 5627s
 442409 238573    1.00000  153  170    3.00000    0.00000   100%   137 5639s
 442678 239092    1.00000  207  174    3.00000    0.00000   100%   137 5647s
 443386 239691    2.00000  352  185    3.00000    0.00000   100%   137 5655s
 444282 240527 infeasible  160         3.00000    0.00000   100%   137 5663s
 445347 241035    2.00000  334  221    3.00000    0.00000   100%   138 5671s
 446155 241539    1.00000  202  137    3.00000    0.00000   100%   138 5687s
 447037 242088    1.00000  189  155    3.00000    0.00000   100%   138 5695s
 447802 242705    1.00000  223  195    3.00000    0.00000   100%   138 5703s
 448636 243270    1.00000  167  161    3.00000    0.00000   100%   138 5711s
 449309 243996    2.00000  184  160    3.00000    0.00000   100%   138 5719s
 450169 244712    1.00000  224  144    3.00000    0.00000   100%   138 5727s
 451116 245438    1.00000  298  154    3.00000    0.00000   100%   138 5734s
 452058 246167    1.00000  371  128    3.00000    0.00000   100%   138 5743s
 452960 246828 infeasible  406         3.00000    0.00000   100%   138 5751s
 453811 247333    2.00000  246  167    3.00000    0.00000   100%   138 5758s
 454582 247775    1.00000  185  146    3.00000    0.00000   100%   138 5766s
 455256 248367    1.00000  200  183    3.00000    0.00000   100%   138 5773s
 456095 248720    1.00000  206  166    3.00000    0.00000   100%   138 5782s
 456683 249417    1.00000  175  164    3.00000    0.00000   100%   139 5789s
 457555 250034    1.00000  189  165    3.00000    0.00000   100%   139 5797s
 458372 250490 infeasible  207         3.00000    0.00000   100%   139 5805s
 459118 250963    1.00000  181  170    3.00000    0.00000   100%   139 5813s
 459901 251116    1.00000  217  154    3.00000    0.00000   100%   139 5823s
 460187 251116 infeasible  182         3.00000    0.00000   100%   139 5834s
 460203 251188    1.00000  172  153    3.00000    0.00000   100%   139 5845s
 460342 251526    1.00000  205  174    3.00000    0.00000   100%   139 5854s
 460820 251836    1.00000  290  163    3.00000    0.00000   100%   139 5871s
 461438 252532    1.00000  187  174    3.00000    0.00000   100%   139 5883s
 462604 252906 infeasible  187         3.00000    0.00000   100%   139 5892s
 463392 253335 infeasible  202         3.00000    0.00000   100%   139 5901s
 464238 253901    1.00000  201  180    3.00000    0.00000   100%   139 5911s
 465290 254617    1.00000  274  142    3.00000    0.00000   100%   139 5919s
 466193 255335    1.00000  185  181    3.00000    0.00000   100%   140 5927s
 467144 255934 infeasible  221         3.00000    0.00000   100%   140 5936s
 467978 256448    2.00000  251  179    3.00000    0.00000   100%   140 5944s
 468791 256901 infeasible  195         3.00000    0.00000   100%   140 5952s
 469591 257441    1.00000  157  203    3.00000    0.00000   100%   140 5960s
 470421 258218 infeasible  301         3.00000    0.00000   100%   140 5968s
 471451 258911    1.00000  247  163    3.00000    0.00000   100%   140 5977s
 472369 259577    2.00000  378  182    3.00000    0.00000   100%   140 5985s
 473239 260219    2.00000  501  190    3.00000    0.00000   100%   140 5993s
 474021 260715    1.00000  160  165    3.00000    0.00000   100%   140 6001s
 474736 261346    1.00000  178  164    3.00000    0.00000   100%   140 6008s
 475565 261965    1.00000  224  176    3.00000    0.00000   100%   140 6024s
 476363 262543    2.00000  207  170    3.00000    0.00000   100%   140 6033s
 477199 263057    1.00000  169  162    3.00000    0.00000   100%   141 6041s
 478021 263482    2.00000  170  169    3.00000    0.00000   100%   141 6050s
 478753 263490    2.00000  250  177    3.00000    0.00000   100%   141 6059s
 478805 263493    2.00000  252  169    3.00000    0.00000   100%   141 6069s
 478818 263659    2.00000  253  168    3.00000    0.00000   100%   141 6078s
 479089 264276 infeasible  195         3.00000    0.00000   100%   141 6088s
 479897 264858    1.00000  171  187    3.00000    0.00000   100%   141 6098s
 480898 265535    2.00000  175  147    3.00000    0.00000   100%   141 6107s
 481808 266472 infeasible  211         3.00000    0.00000   100%   141 6117s
 482925 267252    2.00000  273  168    3.00000    0.00000   100%   141 6126s
 483848 267937    2.00000  443  159    3.00000    0.00000   100%   141 6135s
 484810 268520    2.00000  624  171    3.00000    0.00000   100%   141 6144s
 485695 269044    2.00000  771  164    3.00000    0.00000   100%   141 6153s
 486557 269515    2.00000  887  175    3.00000    0.00000   100%   141 6162s
 487426 269968    2.00000  970  134    3.00000    0.00000   100%   141 6171s
 488295 270431 infeasible 1047         3.00000    0.00000   100%   142 6180s
 489104 270833    1.00000  186  158    3.00000    0.00000   100%   142 6188s
 489797 271357    1.00000  208  164    3.00000    0.00000   100%   142 6197s
 490769 271925    1.00000  185  163    3.00000    0.00000   100%   142 6214s
 491711 272202    2.00000  180  153    3.00000    0.00000   100%   142 6222s
 492474 272573    1.00000  190  163    3.00000    0.00000   100%   142 6230s
 493157 273019 infeasible  192         3.00000    0.00000   100%   142 6238s
 493916 273438 infeasible  184         3.00000    0.00000   100%   142 6246s
 494736 273438 infeasible  185         3.00000    0.00000   100%   142 6256s
 494752 273444 infeasible  185         3.00000    0.00000   100%   142 6265s
 494762 273510 infeasible  186         3.00000    0.00000   100%   142 6274s
 494960 273865 infeasible  188         3.00000    0.00000   100%   142 6284s
 495714 274350    2.00000  250  199    3.00000    0.00000   100%   142 6293s
 496581 274778    1.00000  215  225    3.00000    0.00000   100%   143 6302s
 497436 275310 infeasible  184         3.00000    0.00000   100%   143 6311s
 498233 275891    2.00000  165  158    3.00000    0.00000   100%   143 6320s
 499114 276373    2.00000  187  180    3.00000    0.00000   100%   143 6329s
 499896 276937 infeasible  187         3.00000    0.00000   100%   143 6338s
 500706 277430    1.00000  190  170    3.00000    0.00000   100%   143 6347s
 501626 278073    1.00000  220  170    3.00000    0.00000   100%   143 6356s
 502524 278653    2.00000  324  192    3.00000    0.00000   100%   143 6364s
 503434 279121 infeasible  215         3.00000    0.00000   100%   143 6373s
 504178 279685    1.00000  202  172    3.00000    0.00000   100%   143 6382s
 505035 280373    1.00000  210  193    3.00000    0.00000   100%   143 6391s
 506004 280989 infeasible  278         3.00000    0.00000   100%   143 6407s
 506931 281507    1.00000  182  166    3.00000    0.00000   100%   143 6415s
 507670 281903    2.00000  173  162    3.00000    0.00000   100%   144 6423s
 508455 282291 infeasible  190         3.00000    0.00000   100%   144 6431s
 509141 282293    0.00000  184  160    3.00000    0.00000   100%   144 6440s
 509155 282301    0.00000  185  160    3.00000    0.00000   100%   144 6450s
 509163 282384    0.00000  186  161    3.00000    0.00000   100%   144 6461s
 509274 282810    0.00000  187  162    3.00000    0.00000   100%   144 6470s
 509855 283448    1.00000  241  198    3.00000    0.00000   100%   144 6479s
 510779 284093    1.00000  184  137    3.00000    0.00000   100%   144 6489s
 511722 284866    1.00000  188  155    3.00000    0.00000   100%   144 6500s
 512777 285443 infeasible  382         3.00000    0.00000   100%   144 6508s
 513677 285842    2.00000  216  185    3.00000    0.00000   100%   144 6517s
 514481 286476 infeasible  163         3.00000    0.00000   100%   144 6525s
 515443 287053    1.00000  194  168    3.00000    0.00000   100%   144 6534s
 516292 287445    2.00000  235  182    3.00000    0.00000   100%   144 6542s
 517105 287760    2.00000  155  176    3.00000    0.00000   100%   144 6551s
 517907 288096    1.00000  163  191    3.00000    0.00000   100%   145 6560s
 518631 288472    1.00000  171  156    3.00000    0.00000   100%   145 6569s
 519457 288867 infeasible  174         3.00000    0.00000   100%   145 6577s
 520189 289060    1.00000  196  158    3.00000    0.00000   100%   145 6585s
 520826 289450    1.00000  172  175    3.00000    0.00000   100%   145 6602s
 521586 290248    1.00000  194  153    3.00000    0.00000   100%   145 6611s
 522592 291020    2.00000  215  210    3.00000    0.00000   100%   145 6619s
 523556 291027 infeasible  244         3.00000    0.00000   100%   145 6644s
 523565 291034    2.00000  244  155    3.00000    0.00000   100%   145 6676s
 523574 291040 infeasible  245         3.00000    0.00000   100%   145 6709s
 523584 291046 infeasible  245         3.00000    0.00000   100%   145 6739s
 523594 291106 infeasible  243         3.00000    0.00000   100%   145 6748s
 523680 291260    1.00000  215  199    3.00000    0.00000   100%   145 6757s
 523977 291608    0.00000  161  157    3.00000    0.00000   100%   145 6767s
 524391 291793    2.00000  215  174    3.00000    0.00000   100%   145 6779s
 524702 292574    2.00000  216  172    3.00000    0.00000   100%   145 6791s
 525684 293357    1.00000  200  168    3.00000    0.00000   100%   146 6801s
 526680 294020 infeasible  212         3.00000    0.00000   100%   146 6812s
 527602 294698    1.00000  192  191    3.00000    0.00000   100%   146 6823s
 528659 294706    2.00000  182  176    3.00000    0.00000   100%   146 6833s
 528673 294783    2.00000  183  170    3.00000    0.00000   100%   146 6845s
 528896 295349    2.00000  184  160    3.00000    0.00000   100%   146 6855s
 529814 296103    2.00000  217  159    3.00000    0.00000   100%   146 6865s
 530912 296918    1.00000  200  189    3.00000    0.00000   100%   146 6876s
 532020 297656 infeasible  194         3.00000    0.00000   100%   146 6886s
 533106 298232 infeasible  321         3.00000    0.00000   100%   146 6895s
 533990 298768    1.00000  177  157    3.00000    0.00000   100%   146 6905s
 534912 299338    2.00000  200  189    3.00000    0.00000   100%   146 6914s
 535818 299928    1.00000  172  172    3.00000    0.00000   100%   146 6930s
 536670 300735    2.00000  228  157    3.00000    0.00000   100%   147 6938s
 537644 301225    2.00000  233  171    3.00000    0.00000   100%   147 6945s
 538400 301224    2.00000  382  163    3.00000    0.00000   100%   147 6954s
 538419 301311    2.00000  383  159    3.00000    0.00000   100%   147 6962s
 538580 301790    2.00000  384  164    3.00000    0.00000   100%   147 6971s
 539357 302442    2.00000  471  158    3.00000    0.00000   100%   147 6980s
 540187 302450    2.00000  588  166    3.00000    0.00000   100%   147 6990s
 540195 302453    2.00000  589  167    3.00000    0.00000   100%   147 7005s
 540208 302457    2.00000  590  168    3.00000    0.00000   100%   147 7022s
 540220 302499    2.00000  591  161    3.00000    0.00000   100%   147 7044s
 540290 302864    2.00000  592  158    3.00000    0.00000   100%   147 7066s
 540685 303466    2.00000  593  168    3.00000    0.00000   100%   147 7076s
 541499 304275    2.00000  642  159    3.00000    0.00000   100%   147 7086s
 542532 304947    2.00000  756  171    3.00000    0.00000   100%   147 7096s
 543505 305706    2.00000  887  172    3.00000    0.00000   100%   147 7105s
 544556 306123    2.00000  974  182    3.00000    0.00000   100%   147 7115s
 545308 306418    2.00000 1063  138    3.00000    0.00000   100%   147 7124s
 545966 306833    2.00000 1148  152    3.00000    0.00000   100%   147 7133s
 546752 307191    2.00000  245  171    3.00000    0.00000   100%   147 7143s
 547574 307544    0.00000  191  169    3.00000    0.00000   100%   147 7152s
 548315 307972    1.00000  207  156    3.00000    0.00000   100%   148 7162s
 549231 308230    1.00000  190  176    3.00000    0.00000   100%   148 7172s
 550021 308552 infeasible  195         3.00000    0.00000   100%   148 7181s
 550731 308960    2.00000  195  170    3.00000    0.00000   100%   148 7199s
 551556 309279    1.00000  181  153    3.00000    0.00000   100%   148 7207s
 552310 309577    1.00000  189  165    3.00000    0.00000   100%   148 7216s
 553036 310158 infeasible  199         3.00000    0.00000   100%   148 7225s
 553990 310788 infeasible  231         3.00000    0.00000   100%   148 7234s
 554942 311471    1.00000  243  205    3.00000    0.00000   100%   148 7243s
 555872 312033    2.00000  353  196    3.00000    0.00000   100%   149 7252s
 556739 312470    1.00000  190  137    3.00000    0.00000   100%   149 7261s
 557618 313078    2.00000  313  152    3.00000    0.00000   100%   149 7269s
 558351 313964    2.00000  465  175    3.00000    0.00000   100%   149 7277s
 559466 314512    2.00000  645  127    3.00000    0.00000   100%   149 7285s
 560306 314775    1.00000  206  173    3.00000    0.00000   100%   149 7294s
 560946 315092    2.00000  229  183    3.00000    0.00000   100%   149 7302s
 561861 315267    2.00000  275  185    3.00000    0.00000   100%   149 7311s
 562615 315610    2.00000  317  163    3.00000    0.00000   100%   149 7319s
 563439 316110    2.00000  346  146    3.00000    0.00000   100%   149 7327s
 564231 316383    2.00000  364  142    3.00000    0.00000   100%   149 7336s
 564886 316917    2.00000  377  149    3.00000    0.00000   100%   149 7344s
 565771 317431 infeasible  412         3.00000    0.00000   100%   149 7361s
 566595 318041    2.00000  187  182    3.00000    0.00000   100%   149 7369s
 567521 318515 infeasible  244         3.00000    0.00000   100%   149 7377s
 568227 319004    2.00000  252  187    3.00000    0.00000   100%   149 7386s
 569017 319630    1.00000  176  181    3.00000    0.00000   100%   149 7394s
 569940 320168    2.00000  212  168    3.00000    0.00000   100%   149 7403s
 570902 320654    2.00000  377  202    3.00000    0.00000   100%   149 7410s
 571633 321170 infeasible  390         3.00000    0.00000   100%   150 7418s
 572392 321890    1.00000  202  135    3.00000    0.00000   100%   150 7427s
 573270 322425 infeasible  203         3.00000    0.00000   100%   150 7435s
 573934 322433    1.00000  162  144    3.00000    0.00000   100%   150 7443s
 573942 322493    1.00000  163  144    3.00000    0.00000   100%   150 7452s
 574060 322913    1.00000  165  154    3.00000    0.00000   100%   150 7461s
 574677 323453    1.00000  211  170    3.00000    0.00000   100%   150 7469s
 575431 324255 infeasible  255         3.00000    0.00000   100%   150 7477s
 576357 324981    2.00000  267  160    3.00000    0.00000   100%   150 7486s
 577305 325635    1.00000  167  189    3.00000    0.00000   100%   150 7495s
 578153 326222    1.00000  145  182    3.00000    0.00000   100%   150 7503s
 578913 326669    1.00000  166  160    3.00000    0.00000   100%   150 7511s
 579615 327328 infeasible  178         3.00000    0.00000   100%   150 7521s
 580424 327984    2.00000  201  143    3.00000    0.00000   100%   150 7538s
 581260 328693    2.00000  212  169    3.00000    0.00000   100%   150 7546s
 582088 329301    1.00000  257  196    3.00000    0.00000   100%   150 7555s
 582887 329924    1.00000  164  187    3.00000    0.00000   100%   150 7564s
 583706 330547    2.00000  281  206    3.00000    0.00000   100%   150 7572s
 584619 331036 infeasible  192         3.00000    0.00000   100%   150 7581s
 585496 331040    2.00000  184  148    3.00000    0.00000   100%   150 7590s
 585508 331122    2.00000  185  157    3.00000    0.00000   100%   150 7602s
 585646 331439 infeasible  186         3.00000    0.00000   100%   150 7611s
 586283 331894    1.00000  163  155    3.00000    0.00000   100%   150 7620s
 587138 332410    1.00000  177  166    3.00000    0.00000   100%   151 7629s
 587899 333006 infeasible  185         3.00000    0.00000   100%   151 7638s
 588815 333569 infeasible  176         3.00000    0.00000   100%   151 7648s
 589669 334243    2.00000  213  156    3.00000    0.00000   100%   151 7656s
 590548 334746 infeasible  170         3.00000    0.00000   100%   151 7665s
 591388 335126    1.00000  200  159    3.00000    0.00000   100%   151 7674s
 592223 335461 infeasible  204         3.00000    0.00000   100%   151 7683s
 592991 335922    1.00000  212  166    3.00000    0.00000   100%   151 7691s
 593829 336459    1.00000  158  169    3.00000    0.00000   100%   151 7700s
 594701 337144    1.00000  198  153    3.00000    0.00000   100%   151 7709s
 595630 337713    1.00000  142  164    3.00000    0.00000   100%   151 7726s
 596559 338299    0.00000  122  158    3.00000    0.00000   100%   151 7734s
 597357 338822 infeasible  228         3.00000    0.00000   100%   151 7742s
 598206 338827    0.00000  114  165    3.00000    0.00000   100%   151 7750s
 598217 338889    0.00000  115  175    3.00000    0.00000   100%   151 7758s
 598311 339092 infeasible  132         3.00000    0.00000   100%   151 7767s
 598573 339655    1.00000  246  192    3.00000    0.00000   100%   151 7777s
 599354 340280    1.00000  263  174    3.00000    0.00000   100%   151 7786s
 600360 340875 infeasible  192         3.00000    0.00000   100%   151 7795s
 601259 341531    1.00000  156  166    3.00000    0.00000   100%   152 7805s
 602186 342171    1.00000  176  151    3.00000    0.00000   100%   152 7814s
 603060 343005    1.00000  172  152    3.00000    0.00000   100%   152 7823s
 604082 343760    1.00000  222  169    3.00000    0.00000   100%   152 7832s
 605009 344574    2.00000  193  177    3.00000    0.00000   100%   152 7840s
 605965 345163    1.00000  174  168    3.00000    0.00000   100%   152 7849s
 606839 345836    1.00000  218  145    3.00000    0.00000   100%   152 7858s
 607763 346496 infeasible  280         3.00000    0.00000   100%   152 7866s
 608672 347118    2.00000  202  147    3.00000    0.00000   100%   152 7874s
 609571 347732    2.00000  343  179    3.00000    0.00000   100%   152 7883s
 610438 348223    2.00000  534  156    3.00000    0.00000   100%   152 7900s
 611317 348773    2.00000  684  120    3.00000    0.00000   100%   152 7909s
 612082 348802    2.00000  785  111    3.00000    0.00000   100%   152 7919s
 612133 348810    2.00000  786  109    3.00000    0.00000   100%   152 7929s
 612141 348816    2.00000  787  108    3.00000    0.00000   100%   152 7947s
 612150 348992    2.00000  788  102    3.00000    0.00000   100%   152 7969s
 612386 349508    2.00000  789  100    3.00000    0.00000   100%   152 7984s
 613118 350270    2.00000  890  126    3.00000    0.00000   100%   152 7996s
 614140 350985    2.00000 1017   78    3.00000    0.00000   100%   152 8007s
 615112 351680    2.00000 1118  109    3.00000    0.00000   100%   152 8018s
 616072 352325    2.00000 1202  116    3.00000    0.00000   100%   152 8029s
 617039 352325 infeasible  208         3.00000    0.00000   100%   152 8051s
 617055 352331    1.00000  206  189    3.00000    0.00000   100%   152 8070s
 617065 352332 infeasible  207         3.00000    0.00000   100%   152 8102s
 617079 352363 infeasible  183         3.00000    0.00000   100%   152 8113s
 617121 352475    0.00000  182  159    3.00000    0.00000   100%   152 8131s
 617351 352923    1.00000  183  163    3.00000    0.00000   100%   152 8143s
 618177 353622    1.00000  160  168    3.00000    0.00000   100%   152 8154s
 619316 354376    1.00000  260  247    3.00000    0.00000   100%   152 8164s
 620415 355021    1.00000  158  187    3.00000    0.00000   100%   152 8174s
 621352 355987 infeasible  267         3.00000    0.00000   100%   153 8184s
 622515 357012    2.00000  331  174    3.00000    0.00000   100%   153 8194s
 623702 357671 infeasible  210         3.00000    0.00000   100%   153 8203s
 624656 358305 infeasible  229         3.00000    0.00000   100%   153 8213s
 625520 358874    1.00000  195  181    3.00000    0.00000   100%   153 8230s
 626326 359335    1.00000  183  154    3.00000    0.00000   100%   153 8239s
 627087 359827    1.00000  189  155    3.00000    0.00000   100%   153 8248s
 627919 360381    1.00000  199  164    3.00000    0.00000   100%   153 8258s
 628831 360788    1.00000  168  169    3.00000    0.00000   100%   153 8266s
 629600 361343    1.00000  185  165    3.00000    0.00000   100%   153 8275s
 630544 361937    1.00000  202  166    3.00000    0.00000   100%   153 8284s
 631486 362383    1.00000  300  213    3.00000    0.00000   100%   153 8292s
 632296 362965    2.00000  182  153    3.00000    0.00000   100%   153 8301s
 633167 363654    1.00000  165  177    3.00000    0.00000   100%   153 8309s
 634099 363656 infeasible  189         3.00000    0.00000   100%   153 8318s
 634113 364063    1.00000  158  138    3.00000    0.00000   100%   153 8327s
 634595 364987    2.00000  184  162    3.00000    0.00000   100%   153 8336s
 635673 365748    2.00000  381  214    3.00000    0.00000   100%   153 8344s
 636619 366431    1.00000  174  152    3.00000    0.00000   100%   153 8353s
 637526 367026    2.00000  207  182    3.00000    0.00000   100%   153 8361s
 638382 367693 infeasible  195         3.00000    0.00000   100%   153 8369s
 639289 368431 infeasible  257         3.00000    0.00000   100%   153 8377s
 640194 369136 infeasible  184         3.00000    0.00000   100%   153 8394s
 641146 369806 infeasible  183         3.00000    0.00000   100%   153 8401s
 641955 370437    2.00000  201  182    3.00000    0.00000   100%   153 8409s
 642740 371054    1.00000  176  152    3.00000    0.00000   100%   153 8417s
 643515 371058     cutoff  170         3.00000    0.00000   100%   153 8425s
 643527 371309    0.00000  173  152    3.00000    0.00000   100%   153 8434s
 643894 372035 infeasible  177         3.00000    0.00000   100%   153 8443s
 644823 372774    2.00000  172  158    3.00000    0.00000   100%   153 8451s
 645664 373454    2.00000  198  153    3.00000    0.00000   100%   153 8460s
 646442 374184    2.00000  213  161    3.00000    0.00000   100%   154 8469s
 647332 374987    2.00000  223  176    3.00000    0.00000   100%   154 8477s
 648268 375699    1.00000  177  158    3.00000    0.00000   100%   154 8486s
 649203 376437 infeasible  191         3.00000    0.00000   100%   154 8494s
 650112 377039 infeasible  212         3.00000    0.00000   100%   154 8503s
 650964 377483    1.00000  185  164    3.00000    0.00000   100%   154 8511s
 651625 377939    1.00000  174  175    3.00000    0.00000   100%   154 8519s
 652327 377943    1.00000  189  172    3.00000    0.00000   100%   154 8528s
 652339 377953    1.00000  190  172    3.00000    0.00000   100%   154 8536s
 652355 378006    1.00000  196  194    3.00000    0.00000   100%   154 8548s
 652466 378264 infeasible  183         3.00000    0.00000   100%   154 8564s
 652887 378739    1.00000  182  161    3.00000    0.00000   100%   154 8573s
 653614 379157    2.00000  194  169    3.00000    0.00000   100%   154 8582s
 654338 379574    1.00000  169  152    3.00000    0.00000   100%   154 8591s
 655155 380249 infeasible  187         3.00000    0.00000   100%   154 8609s
 656181 380606    2.00000  170  142    3.00000    0.00000   100%   154 8617s
 656781 381220    1.00000  198  167    3.00000    0.00000   100%   154 8625s
 657640 381759    2.00000  322  222    3.00000    0.00000   100%   154 8633s
 658558 382356 infeasible  238         3.00000    0.00000   100%   154 8641s
 659386 382946 infeasible  184         3.00000    0.00000   100%   154 8648s
 660169 383327    1.00000  193  161    3.00000    0.00000   100%   154 8656s
 660925 383678 infeasible  187         3.00000    0.00000   100%   154 8664s
 661670 384422    1.00000  156  165    3.00000    0.00000   100%   154 8672s
 662566 385076    2.00000  179  164    3.00000    0.00000   100%   154 8680s
 663371 385620 infeasible  228         3.00000    0.00000   100%   154 8688s
 664154 386294 infeasible  205         3.00000    0.00000   100%   154 8696s
 665024 387022    1.00000  156  164    3.00000    0.00000   100%   154 8704s
 665960 387474    2.00000  276  154    3.00000    0.00000   100%   154 8712s
 666622 388146    2.00000  378  142    3.00000    0.00000   100%   154 8720s
 667472 388978    2.00000  503  140    3.00000    0.00000   100%   154 8728s
 668405 389638    2.00000  643  158    3.00000    0.00000   100%   154 8735s
 669258 390018    2.00000  773  148    3.00000    0.00000   100%   154 8743s
 669933 390441    0.00000  176  157    3.00000    0.00000   100%   155 8759s
 670722 390688 infeasible  184         3.00000    0.00000   100%   155 8768s
 671537 390935    2.00000  197  163    3.00000    0.00000   100%   155 8777s
 672320 390945 infeasible  185         3.00000    0.00000   100%   155 8787s
 672350 391222 infeasible  186         3.00000    0.00000   100%   155 8797s
 672900 391710    2.00000  172  177    3.00000    0.00000   100%   155 8808s
 673863 392306    2.00000  159  175    3.00000    0.00000   100%   155 8818s
 674849 392968    1.00000  168  148    3.00000    0.00000   100%   155 8827s
 675733 393761    2.00000  220  168    3.00000    0.00000   100%   155 8837s
 676760 394599    2.00000  254  134    3.00000    0.00000   100%   155 8846s
 677771 395565    2.00000  188  161    3.00000    0.00000   100%   155 8855s
 678818 396193    1.00000  174  145    3.00000    0.00000   100%   155 8865s
 679674 396919    1.00000  174  162    3.00000    0.00000   100%   155 8874s
 680635 397564    2.00000  281  222    3.00000    0.00000   100%   155 8882s
 681497 397572    0.00000  186  174    3.00000    0.00000   100%   155 8891s
 681505 397579    0.00000  187  173    3.00000    0.00000   100%   155 8901s
 681514 397601 infeasible  188         3.00000    0.00000   100%   155 8910s
 681550 397804    0.00000  184  153    3.00000    0.00000   100%   155 8920s
 681792 398319    1.00000  188  158    3.00000    0.00000   100%   155 8928s
 682697 398813    0.00000  151  162    3.00000    0.00000   100%   155 8937s
 683468 399546    2.00000  198  175    3.00000    0.00000   100%   155 8946s
 684408 400327    2.00000  206  205    3.00000    0.00000   100%   155 8963s
 685344 401127 infeasible  183         3.00000    0.00000   100%   155 8971s
 686243 401809 infeasible  221         3.00000    0.00000   100%   155 8979s
 687035 402644    1.00000  194  170    3.00000    0.00000   100%   155 8986s
 687915 403463    2.00000  255  168    3.00000    0.00000   100%   155 8994s
 688762 404168    2.00000  372  217    3.00000    0.00000   100%   155 9001s
 689555 404773    2.00000  515  173    3.00000    0.00000   100%   155 9009s
 690232 405454    2.00000  522  159    3.00000    0.00000   100%   155 9016s
 691050 406081 infeasible  543         3.00000    0.00000   100%   155 9024s
 691851 406606 infeasible  548         3.00000    0.00000   100%   155 9032s
 692491 407053    1.00000  154  181    3.00000    0.00000   100%   155 9040s
 693125 407504    2.00000  226  174    3.00000    0.00000   100%   156 9049s
 693819 408044    2.00000  161  145    3.00000    0.00000   100%   156 9057s
 694520 408343    2.00000  177  183    3.00000    0.00000   100%   156 9064s
 695130 408833 infeasible  162         3.00000    0.00000   100%   156 9072s
 695800 409202    2.00000  167  176    3.00000    0.00000   100%   156 9081s
 696402 409775    2.00000  201  185    3.00000    0.00000   100%   156 9089s
 697214 410353    2.00000  217  171    3.00000    0.00000   100%   156 9098s
 698037 410865    2.00000  242  181    3.00000    0.00000   100%   156 9106s
 698839 411542    1.00000  175  158    3.00000    0.00000   100%   156 9123s
 699655 412287    2.00000  231  162    3.00000    0.00000   100%   156 9132s
 700588 412848    1.00000  181  162    3.00000    0.00000   100%   156 9141s
 701299 412853    1.00000  208  206    3.00000    0.00000   100%   156 9150s
 701324 413016    1.00000  209  216    3.00000    0.00000   100%   156 9175s
 701559 413104    2.00000  229  183    3.00000    0.00000   100%   156 9211s
 701696 413265    2.00000  230  183    3.00000    0.00000   100%   156 9233s
 701985 413684    2.00000  231  189    3.00000    0.00000   100%   156 9247s
 702602 414450 infeasible  198         3.00000    0.00000   100%   156 9260s
 703800 415116    1.00000  216  207    3.00000    0.00000   100%   156 9273s
 704711 415633    2.00000  165  169    3.00000    0.00000   100%   156 9286s
 705720 415643    1.00000  150  192    3.00000    0.00000   100%   157 9299s
 705762 416135    1.00000  151  193    3.00000    0.00000   100%   157 9312s
 706587 417193    2.00000  218  193    3.00000    0.00000   100%   157 9323s
 707875 417664 infeasible  169         3.00000    0.00000   100%   157 9335s
 708748 418040    1.00000  180  216    3.00000    0.00000   100%   157 9346s
 709642 418507    2.00000  176  130    3.00000    0.00000   100%   157 9357s
 710512 419135 infeasible  181         3.00000    0.00000   100%   157 9369s
 711533 419647    2.00000  174  147    3.00000    0.00000   100%   157 9380s
 712428 420096    1.00000  194  178    3.00000    0.00000   100%   157 9391s
 713342 420100    1.00000  160  157    3.00000    0.00000   100%   157 9409s
 713354 421358    1.00000  161  143    3.00000    0.00000   100%   157 9490s
 716266 422149    1.00000  179  196    3.00000    0.00000   100%   158 9508s
 717878 423210    1.00000  209  183    3.00000    0.00000   100%   158 9522s
 719325 423882    0.00000  168  168    3.00000    0.00000   100%   158 9535s
 720450 424480    1.00000  168  176    3.00000    0.00000   100%   158 9547s
 721526 424973    1.00000  184  148    3.00000    0.00000   100%   158 9558s
 722633 425351    2.00000  221  149    3.00000    0.00000   100%   158 9569s
 723652 425682 infeasible  187         3.00000    0.00000   100%   158 9580s
 724744 425834 infeasible  174         3.00000    0.00000   100%   159 9591s
 725795 425953    1.00000  181  163    3.00000    0.00000   100%   159 9602s
 726867 425959 infeasible  185         3.00000    0.00000   100%   159 9612s
 727868 426065    0.00000  182  161    3.00000    0.00000   100%   159 9630s
 728876 426167 infeasible  191         3.00000    0.00000   100%   159 9637s
 729652 426288    1.00000  177  165    3.00000    0.00000   100%   159 9645s
 730439 426356    1.00000  174  149    3.00000    0.00000   100%   159 9653s
 731224 426476 infeasible  191         3.00000    0.00000   100%   159 9661s
 732001 426476    0.00000  168  164    3.00000    0.00000   100%   159 9670s
 732086 426520    0.00000  169  166    3.00000    0.00000   100%   159 9679s
 732535 426606    1.00000  176  162    3.00000    0.00000   100%   159 9688s
 733389 426664    0.00000  172  162    3.00000    0.00000   100%   159 9696s
 734202 426767 infeasible  184         3.00000    0.00000   100%   159 9705s
 735005 426887    1.00000  171  161    3.00000    0.00000   100%   159 9714s
 735873 427011    0.00000  184  175    3.00000    0.00000   100%   159 9723s
 736688 427128    1.00000  179  166    3.00000    0.00000   100%   160 9732s
 737490 427246    1.00000  174  155    3.00000    0.00000   100%   160 9741s
 738338 427364 infeasible  184         3.00000    0.00000   100%   160 9750s
 739181 427359    1.00000  180  160    3.00000    0.00000   100%   160 9759s
 739202 427373    1.00000  181  160    3.00000    0.00000   100%   160 9768s
 739238 427564    1.00000  193  151    3.00000    0.00000   100%   160 9778s
 739780 427888    0.00000  174  182    3.00000    0.00000   100%   160 9787s
 740648 428240 infeasible  174         3.00000    0.00000   100%   160 9796s
 741433 428787    1.00000  190  161    3.00000    0.00000   100%   160 9805s
 742374 429320    0.00000  178  168    3.00000    0.00000   100%   160 9822s
 743328 429757 infeasible  206         3.00000    0.00000   100%   160 9830s
 744131 430101    2.00000  193  173    3.00000    0.00000   100%   160 9838s
 744853 430493    0.00000  181  160    3.00000    0.00000   100%   160 9847s
 745648 430773    1.00000  195  185    3.00000    0.00000   100%   160 9855s
 746335 431006 infeasible  207         3.00000    0.00000   100%   160 9864s
 747123 431399    0.00000  180  162    3.00000    0.00000   100%   160 9873s
 747924 431899    1.00000  165  145    3.00000    0.00000   100%   160 9881s
 748742 432106    1.00000  183  173    3.00000    0.00000   100%   160 9890s
 749515 432284    1.00000  178  152    3.00000    0.00000   100%   160 9899s
 750303 432682    0.00000  144  167    3.00000    0.00000   100%   160 9908s
 751174 433011    1.00000  167  178    3.00000    0.00000   100%   161 9917s
 752023 433015 infeasible  197         3.00000    0.00000   100%   161 9926s
 752035 433017 infeasible  198         3.00000    0.00000   100%   161 9951s
 752047 433112    1.00000  195  157    3.00000    0.00000   100%   161 9971s
 752298 433346 infeasible  196         3.00000    0.00000   100%   161 9990s
 752809 433640    2.00000  167  180    3.00000    0.00000   100%   161 10009s
 753322 434139    2.00000  168  184    3.00000    0.00000   100%   161 10022s
 753919 434752    2.00000  169  188    3.00000    0.00000   100%   161 10031s
 754896 435404 infeasible  180         3.00000    0.00000   100%   161 10041s
 756019 435949    1.00000  192  165    3.00000    0.00000   100%   161 10050s
 756980 436710    1.00000  149  171    3.00000    0.00000   100%   161 10067s
 757894 437142    2.00000  254  217    3.00000    0.00000   100%   161 10075s
 758683 437514 infeasible  167         3.00000    0.00000   100%   161 10083s
 759361 438038    2.00000  168  149    3.00000    0.00000   100%   161 10091s
 760116 438769 infeasible  261         3.00000    0.00000   100%   161 10100s
 761127 438774    2.00000  263  167    3.00000    0.00000   100%   161 10109s
 761138 438780    2.00000  264  161    3.00000    0.00000   100%   161 10118s
 761148 438788    2.00000  265  161    3.00000    0.00000   100%   161 10132s
 761156 438916    2.00000  266  160    3.00000    0.00000   100%   161 10146s
 761290 439435    2.00000  267  171    3.00000    0.00000   100%   161 10156s
 762045 440188    1.00000  200  183    3.00000    0.00000   100%   161 10165s
 763095 440615 infeasible  188         3.00000    0.00000   100%   161 10175s
 763966 441260    0.00000  138  160    3.00000    0.00000   100%   161 10184s
 764915 441981    2.00000  270  166    3.00000    0.00000   100%   161 10193s
 765950 442840    2.00000  482  166    3.00000    0.00000   100%   161 10201s
 766962 443410    2.00000  629  163    3.00000    0.00000   100%   161 10208s
 767801 444115    2.00000  739  184    3.00000    0.00000   100%   161 10216s
 768735 444730    2.00000  903  184    3.00000    0.00000   100%   161 10224s
 769591 445341    2.00000 1054  202    3.00000    0.00000   100%   161 10232s
 770436 445830    2.00000 1187  169    3.00000    0.00000   100%   161 10239s
 771235 446556    1.00000  139  186    3.00000    0.00000   100%   161 10247s
 772189 447159    1.00000  249  214    3.00000    0.00000   100%   161 10262s
 773047 447613    2.00000  177  151    3.00000    0.00000   100%   161 10270s
 773862 447979    1.00000  164  159    3.00000    0.00000   100%   161 10279s
 774626 448313 infeasible  180         3.00000    0.00000   100%   161 10287s
 775360 448537    1.00000  183  164    3.00000    0.00000   100%   161 10296s
 776218 448929    1.00000  179  176    3.00000    0.00000   100%   161 10304s
 777067 449058    1.00000  191  157    3.00000    0.00000   100%   162 10312s
 777794 449315    1.00000  190  178    3.00000    0.00000   100%   162 10321s
 778578 449492    1.00000  178  146    3.00000    0.00000   100%   162 10329s
 779295 449497    0.00000  185  154    3.00000    0.00000   100%   162 10339s
 779306 449667    0.00000  186  158    3.00000    0.00000   100%   162 10350s
 779674 449886    1.00000  189  151    3.00000    0.00000   100%   162 10359s
 780423 450094    1.00000  179  147    3.00000    0.00000   100%   162 10368s
 781183 450292    1.00000  179  166    3.00000    0.00000   100%   162 10377s
 782019 450680    1.00000  182  175    3.00000    0.00000   100%   162 10386s
 782913 450685    1.00000  196  160    3.00000    0.00000   100%   162 10396s
 782924 450690    2.00000  195  160    3.00000    0.00000   100%   162 10439s
 782935 450738    2.00000  196  161    3.00000    0.00000   100%   162 10488s
 783155 450791 infeasible  197         3.00000    0.00000   100%   162 10524s
 783362 450833 infeasible  198         3.00000    0.00000   100%   162 10569s
 783640 450953 infeasible  199         3.00000    0.00000   100%   162 10580s
 783923 451062    1.00000  180  154    3.00000    0.00000   100%   162 10590s
 784498 451067 infeasible  181         3.00000    0.00000   100%   162 10602s
 784509 451079    1.00000  182  155    3.00000    0.00000   100%   162 10617s
 784639 451350    1.00000  183  157    3.00000    0.00000   100%   162 10628s
 785604 451583 infeasible  194         3.00000    0.00000   100%   162 10639s
 786587 451779 infeasible  180         3.00000    0.00000   100%   163 10650s
 787591 451926    1.00000  213  184    3.00000    0.00000   100%   163 10667s
 788445 452104    0.00000  166  160    3.00000    0.00000   100%   163 10675s
 789292 452229    1.00000  170  173    3.00000    0.00000   100%   163 10684s
 790059 452393 infeasible  180         3.00000    0.00000   100%   163 10692s
 790967 452570 infeasible  184         3.00000    0.00000   100%   163 10701s
 791747 452707    0.00000  173  166    3.00000    0.00000   100%   163 10709s
 792495 452933    1.00000  183  152    3.00000    0.00000   100%   163 10717s
 793328 453147 infeasible  183         3.00000    0.00000   100%   163 10726s
 794098 453348    1.00000  186  150    3.00000    0.00000   100%   163 10734s
 794842 453525 infeasible  195         3.00000    0.00000   100%   163 10742s
 795575 453760 infeasible  195         3.00000    0.00000   100%   163 10750s
 796357 453755 infeasible  186         3.00000    0.00000   100%   163 10761s
 796378 453755 infeasible  189         3.00000    0.00000   100%   163 10772s
 796394 453759    1.00000  190  149    3.00000    0.00000   100%   163 10787s
 796406 453774    2.00000  191  155    3.00000    0.00000   100%   163 10800s
 796520 453905    2.00000  192  154    3.00000    0.00000   100%   163 10812s
 797027 454047    1.00000  189  157    3.00000    0.00000   100%   164 10821s
 797705 454219    1.00000  193  151    3.00000    0.00000   100%   164 10831s
 798571 454338 infeasible  207         3.00000    0.00000   100%   164 10840s
 799405 454417    1.00000  184  156    3.00000    0.00000   100%   164 10850s
 800324 454540 infeasible  196         3.00000    0.00000   100%   164 10859s
 801095 454800    1.00000  175  159    3.00000    0.00000   100%   164 10868s
 801976 454921    0.00000  166  159    3.00000    0.00000   100%   164 10878s
 802841 455074    0.00000  175  164    3.00000    0.00000   100%   164 10894s
 803694 455249 infeasible  184         3.00000    0.00000   100%   164 10902s
 804599 455398    2.00000  201  157    3.00000    0.00000   100%   164 10910s
 805333 455539    2.00000  235  144    3.00000    0.00000   100%   164 10919s
 806158 455643 infeasible  181         3.00000    0.00000   100%   164 10927s
 806961 455891    0.00000  189  157    3.00000    0.00000   100%   164 10935s
 807790 456088    1.00000  194  170    3.00000    0.00000   100%   165 10944s
 808642 456232 infeasible  188         3.00000    0.00000   100%   165 10952s
 809451 456339 infeasible  192         3.00000    0.00000   100%   165 10960s
 810293 456425 infeasible  195         3.00000    0.00000   100%   165 10968s
 811249 456541    2.00000  217  170    3.00000    0.00000   100%   165 10977s
 812176 456636     cutoff  199         3.00000    0.00000   100%   165 10985s
 812899 456700 infeasible  186         3.00000    0.00000   100%   165 10993s
 813767 456818 infeasible  195         3.00000    0.00000   100%   165 11001s
 814636 457043     cutoff  202         3.00000    0.00000   100%   165 11009s
 815486 457313    1.00000  179  159    3.00000    0.00000   100%   165 11018s
 816324 457612    1.00000  164  141    3.00000    0.00000   100%   165 11026s
 817187 458095 infeasible  210         3.00000    0.00000   100%   165 11034s
 818066 458693    2.00000  215  185    3.00000    0.00000   100%   165 11049s
 819096 459088    2.00000  413  158    3.00000    0.00000   100%   165 11056s
 819925 459591    2.00000  574  143    3.00000    0.00000   100%   165 11063s
 820715 460147    2.00000  688  123    3.00000    0.00000   100%   165 11070s
 821644 460497    2.00000  796  125    3.00000    0.00000   100%   165 11077s
 822389 460770    2.00000  890  116    3.00000    0.00000   100%   165 11084s
 823033 461190    2.00000  952  147    3.00000    0.00000   100%   165 11091s
 823683 461646    2.00000 1000  132    3.00000    0.00000   100%   165 11099s
 824450 461947    2.00000 1086  119    3.00000    0.00000   100%   165 11106s
 825072 461950    2.00000 1129  119    3.00000    0.00000   100%   165 11115s
 825085 461957    2.00000 1130  118    3.00000    0.00000   100%   165 11126s
 825094 461965    2.00000 1131  117    3.00000    0.00000   100%   165 11143s
 825102 462064    2.00000 1132  116    3.00000    0.00000   100%   165 11159s
 825207 462243    2.00000 1133  120    3.00000    0.00000   100%   165 11174s
 825493 462443    2.00000 1173  107    3.00000    0.00000   100%   165 11182s
 826075 462737    2.00000 1214  112    3.00000    0.00000   100%   165 11191s
 826788 463018    2.00000 1273  133    3.00000    0.00000   100%   165 11199s
 827604 463391    2.00000 1344  135    3.00000    0.00000   100%   166 11208s
 828410 463777    2.00000 1403  156    3.00000    0.00000   100%   166 11217s
 829216 464232    2.00000 1459  158    3.00000    0.00000   100%   166 11225s
 830133 464732    2.00000 1528  150    3.00000    0.00000   100%   166 11234s
 830952 465199    2.00000 1586  136    3.00000    0.00000   100%   166 11242s
 831860 465599    2.00000  226  171    3.00000    0.00000   100%   166 11251s
 832704 465986 infeasible  198         3.00000    0.00000   100%   166 11267s
 833558 466409    1.00000  185  165    3.00000    0.00000   100%   166 11276s
 834458 466807    0.00000  162  166    3.00000    0.00000   100%   166 11284s
 835198 467399 infeasible  176         3.00000    0.00000   100%   166 11292s
 836042 468079    1.00000  182  161    3.00000    0.00000   100%   166 11300s
 836935 468888    1.00000  180  161    3.00000    0.00000   100%   166 11308s
 837917 469741    2.00000  210  148    3.00000    0.00000   100%   166 11315s
 838921 470675    2.00000  219  226    3.00000    0.00000   100%   166 11323s
 840003 471470    1.00000  216  163    3.00000    0.00000   100%   166 11330s
 840933 472223    2.00000  251  159    3.00000    0.00000   100%   166 11337s
 841806 472696    2.00000  289  172    3.00000    0.00000   100%   166 11344s
 842557 473189 infeasible  148         3.00000    0.00000   100%   166 11351s
 843356 473618 infeasible  190         3.00000    0.00000   100%   166 11358s
 844151 473805 infeasible  185         3.00000    0.00000   100%   166 11365s
 844863 474035 infeasible  183         3.00000    0.00000   100%   166 11372s
 845598 474294    2.00000  193  152    3.00000    0.00000   100%   166 11379s
 846283 474595    1.00000  176  155    3.00000    0.00000   100%   166 11386s
 847037 474927    1.00000  173  166    3.00000    0.00000   100%   166 11393s
 847794 475212 infeasible  192         3.00000    0.00000   100%   166 11408s
 848589 475656    2.00000  189  164    3.00000    0.00000   100%   166 11417s
 849446 475967    1.00000  183  175    3.00000    0.00000   100%   166 11426s
 850366 476334    0.00000  189  154    3.00000    0.00000   100%   166 11435s
 851294 476782    1.00000  213  170    3.00000    0.00000   100%   166 11444s
 852241 477026 infeasible  182         3.00000    0.00000   100%   166 11452s
 852991 477580    1.00000  210  177    3.00000    0.00000   100%   166 11460s
 853972 477583 infeasible  220         3.00000    0.00000   100%   166 11469s
 853985 477588    1.00000  173  153    3.00000    0.00000   100%   166 11478s
 853996 477590 infeasible  174         3.00000    0.00000   100%   166 11491s
 854009 477597    1.00000  174  157    3.00000    0.00000   100%   166 11514s
 854018 477649    1.00000  174  159    3.00000    0.00000   100%   166 11530s
 854102 477926    1.00000  180  175    3.00000    0.00000   100%   167 11538s
 854718 478369 infeasible  185         3.00000    0.00000   100%   167 11547s
 855684 478693 infeasible  220         3.00000    0.00000   100%   167 11555s
 856370 478909    0.00000  177  161    3.00000    0.00000   100%   167 11563s
 857027 479092    2.00000  184  154    3.00000    0.00000   100%   167 11572s
 857758 479294    2.00000  170  161    3.00000    0.00000   100%   167 11580s
 858503 479366 infeasible  187         3.00000    0.00000   100%   167 11589s
 859245 479817    0.00000  182  173    3.00000    0.00000   100%   167 11599s
 860313 480091    1.00000  213  168    3.00000    0.00000   100%   167 11607s
 861147 480546 infeasible  187         3.00000    0.00000   100%   167 11616s
 862058 481190    1.00000  171  160    3.00000    0.00000   100%   167 11624s
 863046 481837 infeasible  193         3.00000    0.00000   100%   167 11639s
 864028 482193    2.00000  291  192    3.00000    0.00000   100%   167 11646s
 864772 482619    0.00000  184  157    3.00000    0.00000   100%   167 11654s
 865571 482872 infeasible  176         3.00000    0.00000   100%   167 11662s
 866276 482989 infeasible  182         3.00000    0.00000   100%   167 11669s
 867009 483242 infeasible  187         3.00000    0.00000   100%   167 11678s
 867883 483636 infeasible  188         3.00000    0.00000   100%   167 11686s
 868804 483818 infeasible  194         3.00000    0.00000   100%   167 11694s
 869577 483995    2.00000  180  164    3.00000    0.00000   100%   167 11701s
 870386 484156 infeasible  207         3.00000    0.00000   100%   167 11709s
 871081 484373 infeasible  191         3.00000    0.00000   100%   168 11717s
 871839 484594    1.28571  225  169    3.00000    0.00000   100%   168 11725s
 872583 484799 infeasible  159         3.00000    0.00000   100%   168 11733s
 873371 485131    0.00000  180  172    3.00000    0.00000   100%   168 11741s
 874054 485341    1.00000  208  213    3.00000    0.00000   100%   168 11749s
 874844 485658    1.00000  154  145    3.00000    0.00000   100%   168 11757s
 875707 486002 infeasible  178         3.00000    0.00000   100%   168 11765s
 876421 486238    1.00000  168  202    3.00000    0.00000   100%   168 11774s
 877155 486829    1.00000  169  173    3.00000    0.00000   100%   168 11782s
 878041 487659    1.00000  196  157    3.00000    0.00000   100%   168 11798s
 879044 488350    2.00000  224  194    3.00000    0.00000   100%   168 11805s
 879889 488804    2.00000  382  190    3.00000    0.00000   100%   168 11812s
 880628 489397 infeasible  177         3.00000    0.00000   100%   168 11819s
 881400 489886    1.00000  184  161    3.00000    0.00000   100%   168 11826s
 882130 490420    1.00000  161  161    3.00000    0.00000   100%   168 11834s
 882938 490844    2.00000  198  173    3.00000    0.00000   100%   168 11841s
 883624 491102 infeasible  190         3.00000    0.00000   100%   168 11849s
 884212 491289 infeasible  173         3.00000    0.00000   100%   168 11856s
 884793 491302    1.00000  160  162    3.00000    0.00000   100%   168 11865s
 884822 491335    1.00000  163  146    3.00000    0.00000   100%   168 11875s
 884906 491431    1.00000  167  161    3.00000    0.00000   100%   168 11887s
 885379 491620    0.00000  168  151    3.00000    0.00000   100%   168 11895s
 885958 491900    2.00000  191  158    3.00000    0.00000   100%   169 11904s
 886667 492254    2.00000  196  169    3.00000    0.00000   100%   169 11913s
 887444 492451 infeasible  184         3.00000    0.00000   100%   169 11921s
 888161 492579 infeasible  175         3.00000    0.00000   100%   169 11930s
 888778 492692    0.00000  174  152    3.00000    0.00000   100%   169 11939s
 889471 492808    2.00000  185  179    3.00000    0.00000   100%   169 11948s
 890098 492879    1.00000  172  152    3.00000    0.00000   100%   169 11957s
 890767 493028    2.00000  172  146    3.00000    0.00000   100%   169 11966s
 891508 493192 infeasible  175         3.00000    0.00000   100%   169 11975s
 892188 493195 infeasible  182         3.00000    0.00000   100%   170 11995s
 892201 493195    1.00000  181  175    3.00000    0.00000   100%   170 12014s
 892216 493199 infeasible  182         3.00000    0.00000   100%   170 12037s
 892228 493202 infeasible  182         3.00000    0.00000   100%   170 12047s
 892241 493232    1.00000  162  171    3.00000    0.00000   100%   170 12057s
 892393 493389    1.00000  158  166    3.00000    0.00000   100%   170 12068s
 892904 493458 infeasible  174         3.00000    0.00000   100%   170 12083s
 893381 493474 infeasible  177         3.00000    0.00000   100%   170 12100s
 893440 494037 infeasible  177         3.00000    0.00000   100%   170 12120s
 894987 494865    1.00000  192  171    3.00000    0.00000   100%   170 12132s
 896311 495366    1.00000  188  162    3.00000    0.00000   100%   170 12142s
 897341 495919    2.00000  255  190    3.00000    0.00000   100%   170 12152s
 898364 496639    1.00000  160  173    3.00000    0.00000   100%   170 12161s
 899413 497225    2.00000  202  172    3.00000    0.00000   100%   170 12170s
 900367 497229    0.00000  175  170    3.00000    0.00000   100%   170 12179s
 900379 497237    0.00000  176  174    3.00000    0.00000   100%   170 12188s
 900387 497245    0.00000  176  174    3.00000    0.00000   100%   170 12206s
 900395 497370    0.00000  177  168    3.00000    0.00000   100%   170 12219s
 900558 497800    0.00000  178  164    3.00000    0.00000   100%   170 12227s
 901269 498252    0.00000  179  167    3.00000    0.00000   100%   170 12236s
 902191 498542    0.00000  181  165    3.00000    0.00000   100%   170 12244s
 903006 498965    1.00000  174  154    3.00000    0.00000   100%   170 12252s
 903949 499332    1.00000  192  188    3.00000    0.00000   100%   170 12261s
 904925 499802    1.00000  162  174    3.00000    0.00000   100%   170 12269s
 905858 500193    1.00000  184  144    3.00000    0.00000   100%   170 12277s
 906837 500976    2.00000  308  193    3.00000    0.00000   100%   170 12285s
 907920 501715    2.00000  521  199    3.00000    0.00000   100%   170 12300s
 908982 502110    2.00000  716  171    3.00000    0.00000   100%   170 12306s
 909765 502622    2.00000  871  170    3.00000    0.00000   100%   170 12313s
 910565 503027    1.00000  189  221    3.00000    0.00000   100%   170 12319s
 911265 503424    2.00000  176  182    3.00000    0.00000   100%   170 12326s
 912056 503651 infeasible  184         3.00000    0.00000   100%   170 12333s
 912835 503808    0.00000  189  164    3.00000    0.00000   100%   170 12340s
 913558 504020    0.00000  181  145    3.00000    0.00000   100%   170 12346s
 914202 504183 infeasible  179         3.00000    0.00000   100%   170 12353s
 914860 504747    1.00000  186  156    3.00000    0.00000   100%   170 12360s
 915760 505274    2.00000  229  156    3.00000    0.00000   100%   171 12367s
 916720 505738    1.00000  188  171    3.00000    0.00000   100%   171 12374s
 917532 506130 infeasible  204         3.00000    0.00000   100%   171 12381s
 918393 506472    0.00000  165  156    3.00000    0.00000   100%   171 12388s
 919310 506568    2.00000  175  173    3.00000    0.00000   100%   171 12395s
 920121 506712    2.00000  175  156    3.00000    0.00000   100%   171 12402s
 920855 506787 infeasible  179         3.00000    0.00000   100%   171 12409s
 921450 506937 infeasible  183         3.00000    0.00000   100%   171 12416s
 922016 507222 infeasible  178         3.00000    0.00000   100%   171 12423s
 922785 507543 infeasible  213         3.00000    0.00000   100%   171 12438s
 923584 508308    1.00000  222  211    3.00000    0.00000   100%   171 12445s
 924643 508831    1.00000  142  158    3.00000    0.00000   100%   171 12453s
 925465 509218    1.00000  223  187    3.00000    0.00000   100%   171 12460s
 926297 509471 infeasible  196         3.00000    0.00000   100%   171 12467s
 927115 509627    1.00000  178  155    3.00000    0.00000   100%   171 12474s
 927880 509778 infeasible  183         3.00000    0.00000   100%   171 12481s
 928718 509928    0.00000  190  155    3.00000    0.00000   100%   171 12489s
 929507 509933    1.00000  191  157    3.00000    0.00000   100%   171 12496s
 929516 509936    2.00000  192  156    3.00000    0.00000   100%   171 12504s
 929528 509954 infeasible  193         3.00000    0.00000   100%   171 12516s
 929632 510082    2.00000  193  159    3.00000    0.00000   100%   171 12524s
 930031 510247 infeasible  191         3.00000    0.00000   100%   171 12531s
 930915 510374    0.00000  183  164    3.00000    0.00000   100%   171 12539s
 931729 510418 infeasible  174         3.00000    0.00000   100%   171 12547s
 932586 510555    0.00000  179  170    3.00000    0.00000   100%   171 12555s
 933323 510683 infeasible  181         3.00000    0.00000   100%   171 12563s
 934175 510770 infeasible  173         3.00000    0.00000   100%   172 12571s
 934882 510952    1.00000  189  188    3.00000    0.00000   100%   172 12578s
 935675 511102 infeasible  179         3.00000    0.00000   100%   172 12586s
 936600 511212    1.00000  177  174    3.00000    0.00000   100%   172 12594s
 937403 511403 infeasible  175         3.00000    0.00000   100%   172 12609s
 938321 511596 infeasible  187         3.00000    0.00000   100%   172 12616s
 939040 511793     cutoff  172         3.00000    0.00000   100%   172 12624s
 939942 511932    1.00000  172  145    3.00000    0.00000   100%   172 12631s
 940660 512064    1.00000  175  178    3.00000    0.00000   100%   172 12638s
 941392 512177 infeasible  184         3.00000    0.00000   100%   172 12646s
 942265 512333    0.00000  177  154    3.00000    0.00000   100%   172 12654s
 943255 512530    1.00000  168  144    3.00000    0.00000   100%   172 12662s
 944125 512532 infeasible  183         3.00000    0.00000   100%   172 12669s
 945002 512587 infeasible  181         3.00000    0.00000   100%   172 12677s
 945947 512680 infeasible  179         3.00000    0.00000   100%   172 12685s
 946725 512917    1.00000  184  172    3.00000    0.00000   100%   172 12692s
 947556 513175 infeasible  176         3.00000    0.00000   100%   172 12699s
 948439 513177    1.00000  180  160    3.00000    0.00000   100%   172 12707s
 948453 513266    1.00000  181  162    3.00000    0.00000   100%   172 12714s
 948818 513441    1.00000  189  157    3.00000    0.00000   100%   172 12722s
 949560 513560 infeasible  185         3.00000    0.00000   100%   173 12730s
 950329 513604 infeasible  180         3.00000    0.00000   100%   173 12737s
 951035 513689 infeasible  178         3.00000    0.00000   100%   173 12745s
 951780 513777 infeasible  175         3.00000    0.00000   100%   173 12753s
 952580 513839    1.00000  173  147    3.00000    0.00000   100%   173 12767s
 953455 513894 infeasible  180         3.00000    0.00000   100%   173 12775s
 954262 513952 infeasible  173         3.00000    0.00000   100%   173 12783s
 954926 514020    1.00000  179  147    3.00000    0.00000   100%   173 12791s
 955819 514062    0.00000  169  176    3.00000    0.00000   100%   173 12800s
 956685 514066    0.00000  170  167    3.00000    0.00000   100%   173 12808s
 956754 514303    0.00000  171  157    3.00000    0.00000   100%   173 12817s
 957243 514775 infeasible  185         3.00000    0.00000   100%   173 12826s
 958197 515088    1.00000  163  176    3.00000    0.00000   100%   173 12834s
 959289 515464    2.00000  343  186    3.00000    0.00000   100%   173 12842s
 960290 515842    2.00000  543  181    3.00000    0.00000   100%   173 12850s
 961163 516056    2.00000  723  183    3.00000    0.00000   100%   173 12858s
 961922 516394    1.00000  172  159    3.00000    0.00000   100%   173 12866s
 962816 517119    1.00000  188  152    3.00000    0.00000   100%   173 12874s
 963848 517830    2.00000  345  173    3.00000    0.00000   100%   173 12881s
 964877 517864    2.00000  535  165    3.00000    0.00000   100%   173 12889s
 964981 517870    2.00000  536  164    3.00000    0.00000   100%   173 12899s
 965025 517993    2.00000  537  166    3.00000    0.00000   100%   173 12909s
 965250 518372    2.00000  547  157    3.00000    0.00000   100%   173 12917s
 965981 518789 infeasible  560         3.00000    0.00000   100%   173 12925s
 966725 519183    2.00000  557  155    3.00000    0.00000   100%   173 12933s
 967541 519824 infeasible  602         3.00000    0.00000   100%   174 12948s
 968462 520188    2.00000  666  136    3.00000    0.00000   100%   174 12955s
 969272 520442 infeasible  729         3.00000    0.00000   100%   174 12962s
 969988 520710    2.00000  754  146    3.00000    0.00000   100%   174 12970s
 970734 520941    2.00000  790  132    3.00000    0.00000   100%   174 12978s
 971433 521209    2.00000  792  122    3.00000    0.00000   100%   174 12986s
 972233 521585 infeasible  176         3.00000    0.00000   100%   174 12993s
 973040 522056 infeasible  180         3.00000    0.00000   100%   174 13001s
 973832 522976    2.00000  185  152    3.00000    0.00000   100%   174 13009s
 974950 523642    1.00000  166  162    3.00000    0.00000   100%   174 13016s
 975820 524015    2.00000  199  154    3.00000    0.00000   100%   174 13024s
 976652 524239 infeasible  179         3.00000    0.00000   100%   174 13032s
 977398 524240 infeasible  181         3.00000    0.00000   100%   174 13051s
 977413 524245    1.00000  182  150    3.00000    0.00000   100%   174 13072s
 977424 524247 infeasible  183         3.00000    0.00000   100%   174 13086s
 977438 524253    1.00000  182  155    3.00000    0.00000   100%   174 13095s
 977448 524356 infeasible  183         3.00000    0.00000   100%   174 13103s
 977752 524358 infeasible  184         3.00000    0.00000   100%   174 13111s
 977766 524364    1.00000  177  169    3.00000    0.00000   100%   174 13120s
 977784 524471    1.00000  178  169    3.00000    0.00000   100%   174 13130s
 978022 524701 infeasible  179         3.00000    0.00000   100%   174 13138s
 978728 524863    1.00000  185  164    3.00000    0.00000   100%   174 13147s
 979530 525134 infeasible  182         3.00000    0.00000   100%   174 13155s
 980436 525429 infeasible  186         3.00000    0.00000   100%   174 13164s
 981218 525601    1.00000  177  191    3.00000    0.00000   100%   174 13172s
 982060 525790    1.00000  176  169    3.00000    0.00000   100%   174 13186s
 982812 525962 infeasible  177         3.00000    0.00000   100%   174 13195s
 983743 526324    1.00000  177  168    3.00000    0.00000   100%   175 13204s
 984594 526741    1.00000  196  173    3.00000    0.00000   100%   175 13211s
 985549 527005    2.00000  191  162    3.00000    0.00000   100%   175 13219s
 986420 527324    1.00000  165  179    3.00000    0.00000   100%   175 13227s
 987277 527680 infeasible  175         3.00000    0.00000   100%   175 13235s
 988046 528268    1.00000  181  172    3.00000    0.00000   100%   175 13242s
 989083 528833    0.00000  165  156    3.00000    0.00000   100%   175 13249s
 989990 529377 infeasible  191         3.00000    0.00000   100%   175 13257s
 990840 529824    0.00000  192  171    3.00000    0.00000   100%   175 13264s
 991783 530054 infeasible  179         3.00000    0.00000   100%   175 13271s
 992174 530291    1.00000  154  170    3.00000    0.00000   100%   175 13280s
 992453 530927    1.00000  153  165    3.00000    0.00000   100%   175 13288s
 993206 531663    1.00000  161  165    3.00000    0.00000   100%   175 13295s
 994215 532166    2.00000  176  161    3.00000    0.00000   100%   175 13302s
 995022 532462    2.00000  187  163    3.00000    0.00000   100%   175 13310s
 995852 532661 infeasible  183         3.00000    0.00000   100%   175 13318s
 996538 532925 infeasible  190         3.00000    0.00000   100%   175 13332s
 997227 533388    0.00000  160  170    3.00000    0.00000   100%   175 13342s
 998306 533726 infeasible  180         3.00000    0.00000   100%   175 13350s
 999148 533728 infeasible  212         3.00000    0.00000   100%   175 13358s
 999162 533809 infeasible  211         3.00000    0.00000   100%   175 13367s
 999627 533898    0.00000  182  168    3.00000    0.00000   100%   175 13376s
 1000590 533978    0.00000  189  151    3.00000    0.00000   100%   175 13385s
 1001500 533993 infeasible  186         3.00000    0.00000   100%   175 13393s
 1002510 534084 infeasible  196         3.00000    0.00000   100%   175 13402s
 1003458 534191 infeasible  185         3.00000    0.00000   100%   175 13410s
 1004385 534268    0.00000  158  163    3.00000    0.00000   100%   175 13418s
 1005258 534609    1.00000  215  175    3.00000    0.00000   100%   175 13426s
 1006193 534761 infeasible  191         3.00000    0.00000   100%   175 13434s
 1007037 534864 infeasible  185         3.00000    0.00000   100%   175 13441s
 1007822 534868 infeasible  175         3.00000    0.00000   100%   176 13449s
 1007834 534872    1.00000  175  173    3.00000    0.00000   100%   176 13459s
 1007846 534876 infeasible  176         3.00000    0.00000   100%   176 13471s
 1007904 534923    1.00000  173  169    3.00000    0.00000   100%   176 13479s
 1008302 535036     cutoff  196         3.00000    0.00000   100%   176 13487s
 1008981 535281 infeasible  172         3.00000    0.00000   100%   176 13496s
 1009821 535582    1.00000  170  148    3.00000    0.00000   100%   176 13504s
 1010624 535839 infeasible  204         3.00000    0.00000   100%   176 13513s
 1011517 536073    1.00000  179  165    3.00000    0.00000   100%   176 13527s
 1012433 536339    1.00000  178  161    3.00000    0.00000   100%   176 13534s
 1013213 536754    0.00000  177  177    3.00000    0.00000   100%   176 13542s
 1014022 536995    2.00000  217  198    3.00000    0.00000   100%   176 13549s
 1014824 537331 infeasible  187         3.00000    0.00000   100%   176 13556s
 1015649 537698    1.00000  186  170    3.00000    0.00000   100%   176 13563s
 1016522 538047 infeasible  186         3.00000    0.00000   100%   176 13571s
 1017308 538485 infeasible  192         3.00000    0.00000   100%   176 13578s
 1018212 538858    1.00000  151  175    3.00000    0.00000   100%   176 13585s
 1018973 539226    1.00000  170  184    3.00000    0.00000   100%   176 13592s
 1019718 539643    2.00000  187  160    3.00000    0.00000   100%   176 13600s
 1020577 540022    0.00000  181  171    3.00000    0.00000   100%   176 13607s
 1021339 540223    1.00000  169  170    3.00000    0.00000   100%   176 13614s
 1022045 540602    1.00000  186  166    3.00000    0.00000   100%   176 13622s
 1022893 540825    1.00000  181  172    3.00000    0.00000   100%   176 13629s
 1023635 541178 infeasible  184         3.00000    0.00000   100%   176 13637s
 1024433 541470 infeasible  179         3.00000    0.00000   100%   176 13644s
 1025210 541922 infeasible  184         3.00000    0.00000   100%   176 13651s
 1025982 541927 infeasible  206         3.00000    0.00000   100%   176 13666s
 1025993 543151 infeasible  205         3.00000    0.00000   100%   176 13708s
 1028905 543692    1.00000  187  165    3.00000    0.00000   100%   177 13718s
 1029967 544108    0.00000  176  173    3.00000    0.00000   100%   177 13727s
 1031002 544632    2.00000  280  202    3.00000    0.00000   100%   177 13735s
 1032017 544951    1.00000  168  176    3.00000    0.00000   100%   177 13744s
 1032766 545396    1.00000  173  157    3.00000    0.00000   100%   177 13753s
 1033678 545696    1.00000  189  175    3.00000    0.00000   100%   177 13761s
 1034503 546184    2.00000  181  172    3.00000    0.00000   100%   177 13769s
 1035391 546647 infeasible  182         3.00000    0.00000   100%   177 13777s
 1036287 547099    1.00000  177  153    3.00000    0.00000   100%   177 13785s
 1037207 547098    2.00000  242  173    3.00000    0.00000   100%   177 13793s
 1037224 547235    2.00000  243  179    3.00000    0.00000   100%   177 13802s
 1037644 547565    2.00000  244  184    3.00000    0.00000   100%   177 13810s
 1038513 548046    1.00000  186  172    3.00000    0.00000   100%   177 13818s
 1039493 548623    1.00000  178  164    3.00000    0.00000   100%   177 13825s
 1040421 548926 infeasible  193         3.00000    0.00000   100%   177 13840s
 1041239 549320 infeasible  192         3.00000    0.00000   100%   177 13848s
 1042124 549829 infeasible  194         3.00000    0.00000   100%   177 13856s
 1042976 550096    2.00000  207  197    3.00000    0.00000   100%   177 13863s
 1043686 550418 infeasible  185         3.00000    0.00000   100%   177 13871s
 1044457 550615    1.00000  170  165    3.00000    0.00000   100%   177 13879s
 1045210 550838    1.00000  155  200    3.00000    0.00000   100%   177 13887s
 1046078 550837    1.00000  268  209    3.00000    0.00000   100%   177 13896s
 1046095 550837    1.00000  269  207    3.00000    0.00000   100%   177 13929s
 1046111 550844    1.00000  270  211    3.00000    0.00000   100%   177 13962s
 1046120 550845    1.00000  271  209    3.00000    0.00000   100%   177 13998s
 1046135 550848    1.00000  272  209    3.00000    0.00000   100%   177 14022s
 1046148 550851    1.00000  273  211    3.00000    0.00000   100%   177 14037s
 1046161 550852    1.00000  274  209    3.00000    0.00000   100%   177 14045s
 1046210 551216    1.00000  275  207    3.00000    0.00000   100%   177 14054s
 1046914 551216    2.00000  371  221    3.00000    0.00000   100%   177 14064s
 1046930 551352    2.00000  372  222    3.00000    0.00000   100%   177 14073s
 1047158 552118    1.00000  166  157    3.00000    0.00000   100%   177 14082s
 1048224 552980 infeasible  198         3.00000    0.00000   100%   177 14091s
 1049400 553750    1.00000  173  167    3.00000    0.00000   100%   177 14099s
 1050399 554693    1.00000  168  181    3.00000    0.00000   100%   177 14107s
 1051450 555530    2.00000  312  228    3.00000    0.00000   100%   177 14115s
 1052565 556069    1.00000  185  175    3.00000    0.00000   100%   177 14123s
 1053618 556383 infeasible  201         3.00000    0.00000   100%   177 14130s
 1054546 556389    1.00000  224  194    3.00000    0.00000   100%   177 14139s
 1054599 556621    1.00000  225  192    3.00000    0.00000   100%   177 14147s
 1055204 557130    1.00000  184  155    3.00000    0.00000   100%   177 14161s
 1056130 557652    1.00000  194  165    3.00000    0.00000   100%   177 14168s
 1056986 558039    1.00000  171  186    3.00000    0.00000   100%   177 14176s
 1057893 558279    2.00000  231  183    3.00000    0.00000   100%   177 14183s
 1058687 558327 infeasible  284         3.00000    0.00000   100%   177 14190s
 1059424 558450    0.00000  183  167    3.00000    0.00000   100%   178 14197s
 1060093 558635 infeasible  188         3.00000    0.00000   100%   178 14204s
 1060789 558760    1.00000  181  158    3.00000    0.00000   100%   178 14211s
 1061539 558934    0.00000  173  172    3.00000    0.00000   100%   178 14219s
 1062225 558933    1.00000  177  170    3.00000    0.00000   100%   178 14227s
 1062242 558934    1.00000  178  170    3.00000    0.00000   100%   178 14237s
 1062257 558935    1.00000  179  169    3.00000    0.00000   100%   178 14247s
 1062272 558999 infeasible  180         3.00000    0.00000   100%   178 14260s
 1062689 559072 infeasible  175         3.00000    0.00000   100%   178 14269s
 1063179 559230    0.00000  164  179    3.00000    0.00000   100%   178 14282s
 1063687 559401    2.00000  176  166    3.00000    0.00000   100%   178 14290s
 1064177 559474 infeasible  190         3.00000    0.00000   100%   178 14300s
 1064746 559537    1.00000  190  162    3.00000    0.00000   100%   178 14310s
 1065357 559756 infeasible  179         3.00000    0.00000   100%   178 14319s
 1066054 559949    1.00000  173  164    3.00000    0.00000   100%   178 14328s
 1067025 560075 infeasible  189         3.00000    0.00000   100%   178 14337s
 1067929 560577 infeasible  182         3.00000    0.00000   100%   178 14346s
 1069032 561351 infeasible  189         3.00000    0.00000   100%   178 14354s
 1070232 562027    2.00000  170  161    3.00000    0.00000   100%   178 14369s
 1071433 562478 infeasible  173         3.00000    0.00000   100%   178 14375s
 1072202 562775    2.00000  185  179    3.00000    0.00000   100%   178 14381s
 1072883 563118 infeasible  177         3.00000    0.00000   100%   178 14387s
 1073688 563272     cutoff  195         3.00000    0.00000   100%   178 14393s
 1074383 563452    0.00000  185  167    3.00000    0.00000   100%   178 14400s
 1075137 563619     cutoff  188         3.00000    0.00000   100%   178 14407s
 1075952 563744 infeasible  176         3.00000    0.00000   100%   178 14414s
 1076755 563743 infeasible  188         3.00000    0.00000   100%   178 14420s
 1076772 563741    1.00000  182  144    3.00000    0.00000   100%   178 14427s
 1076789 563718 infeasible  183         3.00000    0.00000   100%   178 14435s
 1076996 563704 infeasible  183         3.00000    0.00000   100%   178 14442s
 1077601 564034 infeasible  185         3.00000    0.00000   100%   178 14450s
 1078475 564280    0.00000  189  163    3.00000    0.00000   100%   178 14457s
 1079210 564734    0.00000  165  152    3.00000    0.00000   100%   178 14464s
 1080015 565194 infeasible  209         3.00000    0.00000   100%   178 14470s
 1080789 565788    2.00000  198  156    3.00000    0.00000   100%   178 14477s
 1081673 566184    1.00000  165  172    3.00000    0.00000   100%   178 14484s
 1082309 566596    2.00000  186  174    3.00000    0.00000   100%   178 14491s
 1083039 566955 infeasible  208         3.00000    0.00000   100%   178 14498s
 1083736 567202 infeasible  221         3.00000    0.00000   100%   178 14505s
 1084464 567621    0.00000  190  175    3.00000    0.00000   100%   178 14513s
 1085209 568144    2.00000  187  162    3.00000    0.00000   100%   178 14527s
 1086186 568587    1.00000  163  158    3.00000    0.00000   100%   178 14535s
 1087021 568855    2.00000  190  170    3.00000    0.00000   100%   178 14542s
 1087686 568964    2.00000  187  176    3.00000    0.00000   100%   179 14549s
 1088282 569316    1.00000  189  160    3.00000    0.00000   100%   179 14557s
 1089103 569822 infeasible  189         3.00000    0.00000   100%   179 14565s
 1089954 570213 infeasible  191         3.00000    0.00000   100%   179 14573s
 1090883 570446 infeasible  179         3.00000    0.00000   100%   179 14581s
 1091734 570448 infeasible  197         3.00000    0.00000   100%   179 14589s
 1091748 570472 infeasible  194         3.00000    0.00000   100%   179 14598s
 1091792 570677 infeasible  195         3.00000    0.00000   100%   179 14606s
 1092248 570936 infeasible  178         3.00000    0.00000   100%   179 14614s
 1093017 571444 infeasible  180         3.00000    0.00000   100%   179 14622s
 1093908 571895    1.00000  201  176    3.00000    0.00000   100%   179 14630s
 1094758 572352    2.00000  181  181    3.00000    0.00000   100%   179 14638s
 1095586 572741    2.00000  308  172    3.00000    0.00000   100%   179 14646s
 1096456 573204    0.00000  165  170    3.00000    0.00000   100%   179 14654s
 1097279 573654    2.00000  198  184    3.00000    0.00000   100%   179 14662s
 1098176 574209    2.00000  159  168    3.00000    0.00000   100%   179 14670s
 1098985 574594    1.00000  184  179    3.00000    0.00000   100%   179 14677s
 1099878 575112    1.00000  173  159    3.00000    0.00000   100%   179 14692s
 1100866 575618 infeasible  185         3.00000    0.00000   100%   179 14699s
 1101585 576144    1.00000  142  170    3.00000    0.00000   100%   179 14706s
 1102386 576666    1.00000  251  207    3.00000    0.00000   100%   179 14713s
 1103285 577236    1.00000  201  156    3.00000    0.00000   100%   179 14720s
 1104124 577690    1.00000  161  169    3.00000    0.00000   100%   179 14727s
 1104945 577690 infeasible  174         3.00000    0.00000   100%   179 14734s
 1104961 577691    1.00000  172  172    3.00000    0.00000   100%   179 14744s
 1104987 578000 infeasible  172         3.00000    0.00000   100%   179 14751s
 1105443 578436    1.00000  173  183    3.00000    0.00000   100%   179 14759s
 1106305 578843    1.00000  197  198    3.00000    0.00000   100%   179 14767s
 1107107 579234    1.00000  185  190    3.00000    0.00000   100%   179 14774s
 1107938 579731 infeasible  183         3.00000    0.00000   100%   179 14782s
 1108799 580019    1.00000  145  166    3.00000    0.00000   100%   179 14789s
 1109732 580306    2.00000  291  204    3.00000    0.00000   100%   179 14797s
 1110394 580948    2.00000  337  180    3.00000    0.00000   100%   179 14804s
 1111401 581336    2.00000  533  151    3.00000    0.00000   100%   179 14812s
 1112326 581644 infeasible  175         3.00000    0.00000   100%   179 14818s
 1113088 582055 infeasible  205         3.00000    0.00000   100%   179 14825s
 1113863 582274    2.00000  234  189    3.00000    0.00000   100%   179 14832s
 1114592 582515 infeasible  183         3.00000    0.00000   100%   179 14847s
 1115407 582720 infeasible  177         3.00000    0.00000   100%   179 14855s
 1116202 583056    1.00000  166  163    3.00000    0.00000   100%   179 14864s
 1117072 583332 infeasible  188         3.00000    0.00000   100%   180 14872s
 1117836 583567 infeasible  181         3.00000    0.00000   100%   180 14880s
 1118603 583572    1.00000  164  180    3.00000    0.00000   100%   180 14890s
 1118614 583580    1.00000  165  171    3.00000    0.00000   100%   180 14900s
 1118678 583826    1.00000  166  193    3.00000    0.00000   100%   180 14909s
 1119418 583940    1.00000  201  142    3.00000    0.00000   100%   180 14918s
 1120313 584163 infeasible  193         3.00000    0.00000   100%   180 14927s
 1121183 584293    1.00000  189  151    3.00000    0.00000   100%   180 14936s
 1121992 584468    1.00000  197  145    3.00000    0.00000   100%   180 14945s
 1122797 584755 infeasible  187         3.00000    0.00000   100%   180 14954s
 1123638 585418 infeasible  189         3.00000    0.00000   100%   180 14963s
 1124674 585976    1.00000  213  151    3.00000    0.00000   100%   180 14972s
 1125714 586611    2.00000  201  220    3.00000    0.00000   100%   180 14981s
 1126832 587130    2.00000  190  165    3.00000    0.00000   100%   180 14989s
 1127780 587510    1.00000  191  159    3.00000    0.00000   100%   180 14997s
 1128721 587717 infeasible  199         3.00000    0.00000   100%   180 15005s
 1129540 587944    1.00000  207  152    3.00000    0.00000   100%   180 15020s
 1130258 588327 infeasible  176         3.00000    0.00000   100%   180 15030s
 1131185 588334    1.00000  199  142    3.00000    0.00000   100%   180 15041s
 1131194 588336    1.00000  200  142    3.00000    0.00000   100%   180 15052s
 1131232 588504    1.00000  201  149    3.00000    0.00000   100%   180 15061s
 1131882 588939    1.00000  196  155    3.00000    0.00000   100%   180 15071s
 1132863 589367    1.00000  168  160    3.00000    0.00000   100%   180 15081s
 1133787 589758 infeasible  196         3.00000    0.00000   100%   180 15090s
 1134749 590096    1.00000  169  166    3.00000    0.00000   100%   180 15099s
 1135650 590468 infeasible  188         3.00000    0.00000   100%   180 15108s
 1136501 590847 infeasible  196         3.00000    0.00000   100%   181 15118s
 1137366 591320    1.00000  199  174    3.00000    0.00000   100%   181 15127s
 1138351 591720    1.00000  176  162    3.00000    0.00000   100%   181 15136s
 1139253 592082 infeasible  175         3.00000    0.00000   100%   181 15144s
 1140093 592409 infeasible  191         3.00000    0.00000   100%   181 15153s
 1140982 592919    2.00000  186  135    3.00000    0.00000   100%   181 15161s
 1141965 593485    2.00000  400  174    3.00000    0.00000   100%   181 15170s
 1142973 593950    2.00000  170  178    3.00000    0.00000   100%   181 15178s
 1143838 594388    1.00000  205  179    3.00000    0.00000   100%   181 15186s
 1144767 594847 infeasible  211         3.00000    0.00000   100%   181 15201s
 1145717 594852    2.00000  196  174    3.00000    0.00000   100%   181 15209s
 1145728 594855 infeasible  197         3.00000    0.00000   100%   181 15217s
 1145741 594861 infeasible  194         3.00000    0.00000   100%   181 15233s
 1145751 594864    1.00000  167  138    3.00000    0.00000   100%   181 15244s
 1145764 594915    1.00000  168  147    3.00000    0.00000   100%   181 15254s
 1145895 595447 infeasible  183         3.00000    0.00000   100%   181 15265s
 1146765 596298    1.00000  177  161    3.00000    0.00000   100%   181 15276s
 1148127 597284    2.00000  364  162    3.00000    0.00000   100%   181 15284s
 1149361 598136    2.00000  610  176    3.00000    0.00000   100%   181 15292s
 1150415 598614    2.00000  794  138    3.00000    0.00000   100%   181 15299s
 1151240 599087    0.00000  163  171    3.00000    0.00000   100%   181 15306s
 1152093 599422    1.00000  244  185    3.00000    0.00000   100%   181 15313s
 1152892 599717    1.00000  159  156    3.00000    0.00000   100%   181 15321s
 1153714 599968    2.00000  189  158    3.00000    0.00000   100%   181 15328s
 1154517 600128    2.00000  177  171    3.00000    0.00000   100%   181 15336s
 1155093 600329    2.00000  146  179    3.00000    0.00000   100%   181 15344s
 1155883 600727 infeasible  185         3.00000    0.00000   100%   181 15352s
 1156694 600974    1.00000  144  169    3.00000    0.00000   100%   181 15360s
 1157376 601332    2.00000  177  160    3.00000    0.00000   100%   181 15367s
 1158166 601660    2.00000  202  158    3.00000    0.00000   100%   181 15375s
 1159024 601909    1.00000  173  169    3.00000    0.00000   100%   181 15383s
 1159775 602161    1.00000  192  175    3.00000    0.00000   100%   181 15398s
 1160637 602482 infeasible  197         3.00000    0.00000   100%   181 15407s
 1161418 602979    1.00000  161  173    3.00000    0.00000   100%   181 15415s
 1162239 603359    1.00000  177  155    3.00000    0.00000   100%   181 15423s
 1162991 603736    1.00000  196  189    3.00000    0.00000   100%   181 15432s
 1163854 604084    1.00000  188  159    3.00000    0.00000   100%   181 15440s
 1164786 604384    1.00000  193  148    3.00000    0.00000   100%   181 15448s
 1165647 604706    1.00000  177  179    3.00000    0.00000   100%   181 15456s
 1166449 605116 infeasible  200         3.00000    0.00000   100%   182 15465s
 1167243 605635    1.00000  188  169    3.00000    0.00000   100%   182 15473s
 1168099 606180 infeasible  188         3.00000    0.00000   100%   182 15481s
 1169066 606748    1.00000  212  193    3.00000    0.00000   100%   182 15489s
 1169965 607401    1.00000  180  161    3.00000    0.00000   100%   182 15497s
 1170914 607895    2.00000  186  155    3.00000    0.00000   100%   182 15506s
 1171771 608382 infeasible  152         3.00000    0.00000   100%   182 15513s
 1172600 608823    1.00000  156  152    3.00000    0.00000   100%   182 15521s
 1173419 609265    0.00000  170  168    3.00000    0.00000   100%   182 15529s
 1174252 609548    1.00000  156  147    3.00000    0.00000   100%   182 15544s
 1175202 609777 infeasible  194         3.00000    0.00000   100%   182 15551s
 1175972 609880 infeasible  174         3.00000    0.00000   100%   182 15559s
 1176812 610180 infeasible  188         3.00000    0.00000   100%   182 15568s
 1177468 610506 infeasible  199         3.00000    0.00000   100%   182 15576s
 1178361 610823 infeasible  193         3.00000    0.00000   100%   182 15584s
 1179144 610829    0.00000  186  182    3.00000    0.00000   100%   182 15594s
 1179154 610833    0.00000  187  193    3.00000    0.00000   100%   182 15602s
 1179166 610978    1.00000  188  178    3.00000    0.00000   100%   182 15611s
 1179443 611236 infeasible  189         3.00000    0.00000   100%   182 15620s
 1180078 611483 infeasible  194         3.00000    0.00000   100%   182 15628s
 1180895 611709 infeasible  182         3.00000    0.00000   100%   182 15637s
 1181618 611924    1.00000  181  159    3.00000    0.00000   100%   182 15645s
 1182358 612037    1.00000  179  147    3.00000    0.00000   100%   182 15654s
 1183143 612338    1.00000  170  164    3.00000    0.00000   100%   182 15663s
 1184082 612755    1.00000  187  161    3.00000    0.00000   100%   182 15672s
 1184919 613247 infeasible  258         3.00000    0.00000   100%   182 15680s
 1185842 613574    1.00000  212  173    3.00000    0.00000   100%   182 15688s
 1186626 613939 infeasible  180         3.00000    0.00000   100%   182 15697s
 1187507 614443    1.00000  194  182    3.00000    0.00000   100%   182 15706s
 1188470 615037    1.00000  304  201    3.00000    0.00000   100%   182 15714s
 1189473 615345 infeasible  183         3.00000    0.00000   100%   182 15729s
 1190377 615351 infeasible  186         3.00000    0.00000   100%   182 15742s
 1190387 615359    1.00000  124  168    3.00000    0.00000   100%   182 15754s
 1190395 615367    1.00000  125  168    3.00000    0.00000   100%   182 15765s
 1190403 615375    1.00000  126  175    3.00000    0.00000   100%   182 15787s
 1190411 615382    1.00000  127  171    3.00000    0.00000   100%   182 15831s
 1190420 615389    1.00000  128  171    3.00000    0.00000   100%   182 15860s
 1190429 615397    1.00000  129  165    3.00000    0.00000   100%   182 15895s
 1190437 615405    1.00000  130  173    3.00000    0.00000   100%   182 15912s
 1190445 615412    1.00000  131  172    3.00000    0.00000   100%   182 15926s
 1190454 615415    1.00000  132  168    3.00000    0.00000   100%   182 15948s
 1190467 615422    1.00000  133  158    3.00000    0.00000   100%   182 15965s
 1190500 615545    1.00000  134  163    3.00000    0.00000   100%   182 15997s
 1190741 615832    1.00000  135  161    3.00000    0.00000   100%   182 16022s
 1191210 615934    1.00000  136  158    3.00000    0.00000   100%   182 16065s
 1191551 616496    1.00000  137  160    3.00000    0.00000   100%   182 16100s
 1192285 616835    1.00000  138  159    3.00000    0.00000   100%   182 16137s
 1192913 617593    1.00000  139  156    3.00000    0.00000   100%   182 16164s
 1194116 618732    1.00000  140  153    3.00000    0.00000   100%   182 16189s
 1196281 618948    1.00000  194  170    3.00000    0.00000   100%   182 16209s
 1196687 619948 infeasible  216         3.00000    0.00000   100%   182 16229s
 1198737 619954    1.00000  173  163    3.00000    0.00000   100%   182 16248s
 1198747 620016    1.00000  174  161    3.00000    0.00000   100%   182 16268s
 1198837 620445 infeasible  175         3.00000    0.00000   100%   182 16285s
 1200020 621191    1.00000  172  183    3.00000    0.00000   100%   183 16301s
 1201566 622371 infeasible  199         3.00000    0.00000   100%   183 16315s
 1203173 623862    1.00000  263  190    3.00000    0.00000   100%   183 16328s
 1204861 624584    1.00000  285  149    3.00000    0.00000   100%   183 16343s
 1205806 625082 infeasible  186         3.00000    0.00000   100%   183 16350s
 1206672 625432    1.00000  187  173    3.00000    0.00000   100%   183 16357s
 1207563 625837    1.00000  186  171    3.00000    0.00000   100%   183 16364s
 1208453 626101    2.00000  313  205    3.00000    0.00000   100%   183 16372s
 1209281 626285 infeasible  180         3.00000    0.00000   100%   183 16379s
 1209909 626519    2.00000  191  183    3.00000    0.00000   100%   183 16386s
 1210613 627005    1.00000  170  183    3.00000    0.00000   100%   183 16394s
 1211400 627289    2.00000  243  201    3.00000    0.00000   100%   183 16401s
 1212208 627522    1.00000  179  166    3.00000    0.00000   100%   183 16408s
 1212864 627790    1.00000  160  149    3.00000    0.00000   100%   183 16416s
 1213633 627792 infeasible  192         3.00000    0.00000   100%   183 16424s
 1213646 627931 infeasible  192         3.00000    0.00000   100%   183 16434s
 1213901 628356    1.00000  193  164    3.00000    0.00000   100%   183 16442s
 1214599 628760 infeasible  190         3.00000    0.00000   100%   183 16450s
 1215421 629366    1.00000  166  186    3.00000    0.00000   100%   183 16458s
 1216399 629838 infeasible  162         3.00000    0.00000   100%   183 16465s
 1217257 630065    1.00000  170  172    3.00000    0.00000   100%   183 16473s
 1217910 630247 infeasible  199         3.00000    0.00000   100%   183 16481s
 1218674 630428    1.00000  162  169    3.00000    0.00000   100%   183 16489s
 1219380 630452 infeasible  163         3.00000    0.00000   100%   183 16504s
 1220060 630557 infeasible  179         3.00000    0.00000   100%   183 16514s
 1220985 630679 infeasible  177         3.00000    0.00000   100%   183 16525s
 1221909 630666    1.00000  171  162    3.00000    0.00000   100%   183 16534s
 1222725 630668 infeasible  178         3.00000    0.00000   100%   183 16544s
 1222775 630678    0.00000  177  167    3.00000    0.00000   100%   183 16554s
 1223205 630840     cutoff  166         3.00000    0.00000   100%   183 16565s
 1224054 631088    0.00000  163  155    3.00000    0.00000   100%   183 16575s
 1225034 631321 infeasible  172         3.00000    0.00000   100%   183 16585s
 1226073 631728 infeasible  175         3.00000    0.00000   100%   183 16595s
 1227038 632112    1.00000  175  185    3.00000    0.00000   100%   183 16604s
 1227995 632528    2.00000  183  169    3.00000    0.00000   100%   184 16613s
 1228906 632941    0.00000  178  166    3.00000    0.00000   100%   184 16623s
 1229947 633431 infeasible  185         3.00000    0.00000   100%   184 16631s
 1230930 634063    1.00000  206  167    3.00000    0.00000   100%   184 16640s
 1231857 634061    0.00000  154  176    3.00000    0.00000   100%   184 16649s
 1231875 634066    0.00000  155  168    3.00000    0.00000   100%   184 16661s
 1231886 634155    0.00000  156  155    3.00000    0.00000   100%   184 16673s
 1232007 634565    1.00000  157  167    3.00000    0.00000   100%   184 16683s
 1232607 635016    1.00000  179  152    3.00000    0.00000   100%   184 16692s
 1233474 635532 infeasible  363         3.00000    0.00000   100%   184 16701s
 1234451 636031 infeasible  181         3.00000    0.00000   100%   184 16716s
 1235467 636631 infeasible  200         3.00000    0.00000   100%   184 16723s
 1236320 637312    1.00000  165  178    3.00000    0.00000   100%   184 16729s
 1237154 637773    1.07143  239  213    3.00000    0.00000   100%   184 16736s
 1237942 638385 infeasible  166         3.00000    0.00000   100%   184 16743s
 1238830 638969    2.00000  213  176    3.00000    0.00000   100%   184 16750s
 1239719 639507    2.00000  176  150    3.00000    0.00000   100%   184 16757s
 1240498 639875    0.00000  175  164    3.00000    0.00000   100%   184 16763s
 1241230 640064 infeasible  184         3.00000    0.00000   100%   184 16770s
 1241817 640413    1.00000  197  169    3.00000    0.00000   100%   184 16777s
 1242612 640658 infeasible  171         3.00000    0.00000   100%   184 16785s
 1243128 640864    1.00000  186  163    3.00000    0.00000   100%   184 16792s
 1243795 641253 infeasible  182         3.00000    0.00000   100%   184 16800s
 1244590 641471    1.00000  176  161    3.00000    0.00000   100%   184 16807s
 1245341 641753    1.00000  180  147    3.00000    0.00000   100%   184 16814s
 1246031 642118    2.00000  161  179    3.00000    0.00000   100%   184 16821s
 1246757 642343 infeasible  174         3.00000    0.00000   100%   184 16828s
 1247453 642911    1.00000  141  168    3.00000    0.00000   100%   184 16835s
 1248319 643276    2.00000  176  170    3.00000    0.00000   100%   184 16843s
 1249097 643655 infeasible  196         3.00000    0.00000   100%   184 16858s
 1250005 644098    1.00000  150  175    3.00000    0.00000   100%   184 16865s
 1250772 644620    1.00000  241  215    3.00000    0.00000   100%   184 16873s
 1251711 645310 infeasible  186         3.00000    0.00000   100%   184 16880s
 1252639 645859    2.00000  283  191    3.00000    0.00000   100%   184 16887s
 1253452 646082    2.00000  187  162    3.00000    0.00000   100%   184 16894s
 1254181 646355    1.00000  183  188    3.00000    0.00000   100%   184 16902s
 1254851 646647    1.18750  248  198    3.00000    0.00000   100%   184 16909s
 1255571 646649 infeasible  176         3.00000    0.00000   100%   184 16917s
 1255585 646670    1.00000  159  163    3.00000    0.00000   100%   184 16925s
 1255716 646992 infeasible  160         3.00000    0.00000   100%   184 16933s
 1256336 647857    0.00000  120  178    3.00000    0.00000   100%   184 16941s
 1257338 648517    2.00000  222  196    3.00000    0.00000   100%   184 16949s
 1258280 649038 infeasible  186         3.00000    0.00000   100%   184 16957s
 1259073 649557    2.00000  314  150    3.00000    0.00000   100%   184 16964s
 1259862 649957    2.00000  440  152    3.00000    0.00000   100%   184 16972s
 1260715 650417    2.00000  588  150    3.00000    0.00000   100%   184 16980s
 1261511 651074    2.00000  632  150    3.00000    0.00000   100%   184 16988s
 1262469 651422    2.00000  783  116    3.00000    0.00000   100%   184 16995s
 1263248 651764    1.00000  152  180    3.00000    0.00000   100%   184 17003s
 1264034 652127    1.00000  186  162    3.00000    0.00000   100%   184 17018s
 1264951 652315 infeasible  186         3.00000    0.00000   100%   184 17026s
 1265606 652538    1.00000  187  167    3.00000    0.00000   100%   184 17034s
 1266543 652669 infeasible  192         3.00000    0.00000   100%   184 17042s
 1267318 652775 infeasible  171         3.00000    0.00000   100%   185 17050s
 1268086 652773    1.00000  178  176    3.00000    0.00000   100%   185 17059s
 1268104 652844 infeasible  179         3.00000    0.00000   100%   185 17067s
 1268393 653022 infeasible  182         3.00000    0.00000   100%   185 17076s
 1269262 653217    1.00000  181  168    3.00000    0.00000   100%   185 17084s
 1270130 653324 infeasible  193         3.00000    0.00000   100%   185 17093s
 1271059 653460 infeasible  185         3.00000    0.00000   100%   185 17102s
 1271975 653718 infeasible  181         3.00000    0.00000   100%   185 17110s
 1272922 654067    0.00000  165  164    3.00000    0.00000   100%   185 17118s
 1273816 654218    1.00000  195  159    3.00000    0.00000   100%   185 17126s
 1274589 654346    1.00000  212  175    3.00000    0.00000   100%   185 17134s
 1275352 654532    1.00000  178  161    3.00000    0.00000   100%   185 17142s
 1276243 654580 infeasible  189         3.00000    0.00000   100%   185 17151s
 1277086 654584    2.00000  194  153    3.00000    0.00000   100%   185 17159s
 1277102 654676 infeasible  195         3.00000    0.00000   100%   185 17168s
 1277543 654840    0.00000  171  182    3.00000    0.00000   100%   185 17177s
 1278393 655335 infeasible  195         3.00000    0.00000   100%   185 17186s
 1279410 655973    1.00000  146  162    3.00000    0.00000   100%   185 17201s
 1280465 656448    1.00000  169  196    3.00000    0.00000   100%   185 17208s
 1281314 656779    0.00000  178  167    3.00000    0.00000   100%   185 17214s
 1282073 657070    1.00000  173  178    3.00000    0.00000   100%   185 17221s
 1282758 657347    1.00000  183  164    3.00000    0.00000   100%   185 17228s
 1283457 657673 infeasible  174         3.00000    0.00000   100%   185 17235s
 1284222 658211 infeasible  186         3.00000    0.00000   100%   185 17242s
 1285115 658562 infeasible  204         3.00000    0.00000   100%   185 17249s
 1285828 658995 infeasible  173         3.00000    0.00000   100%   185 17256s
 1286607 659337    2.00000  181  157    3.00000    0.00000   100%   185 17263s
 1287409 659340    1.00000  173  171    3.00000    0.00000   100%   185 17271s
 1287422 659361 infeasible  174         3.00000    0.00000   100%   185 17280s
 1287542 659518    1.00000  175  162    3.00000    0.00000   100%   185 17288s
 1288137 659722    1.00000  192  172    3.00000    0.00000   100%   185 17296s
 1288976 659936    1.00000  198  176    3.00000    0.00000   100%   185 17303s
 1289781 660144 infeasible  178         3.00000    0.00000   100%   185 17311s
 1290616 660447 infeasible  167         3.00000    0.00000   100%   185 17318s
 1291463 660665 infeasible  181         3.00000    0.00000   100%   185 17326s
 1292225 661070    1.00000  182  175    3.00000    0.00000   100%   185 17334s
 1293223 661322    1.00000  257  163    3.00000    0.00000   100%   185 17341s
 1294014 661893 infeasible  181         3.00000    0.00000   100%   185 17356s
 1294903 662586    1.00000  212  180    3.00000    0.00000   100%   185 17364s
 1295941 663206    2.00000  330  195    3.00000    0.00000   100%   185 17371s
 1296815 663501    2.00000  389  216    3.00000    0.00000   100%   185 17378s
 1297528 663679    1.00000  185  189    3.00000    0.00000   100%   185 17385s
 1298291 663683    1.00000  169  159    3.00000    0.00000   100%   185 17393s
 1298303 663735    1.00000  170  160    3.00000    0.00000   100%   185 17400s
 1298385 663897    0.00000  186  149    3.00000    0.00000   100%   185 17408s
 1299180 664227    0.00000  176  168    3.00000    0.00000   100%   185 17415s
 1300178 664423    1.00000  193  161    3.00000    0.00000   100%   185 17422s
 1300969 664785    1.00000  194  180    3.00000    0.00000   100%   185 17429s
 1301804 665038    2.00000  168  150    3.00000    0.00000   100%   185 17437s
 1302605 665315    2.00000  338  203    3.00000    0.00000   100%   186 17444s
 1303367 665732    2.00000  445  229    3.00000    0.00000   100%   186 17451s
 1304150 666189    2.00000  565  227    3.00000    0.00000   100%   186 17459s
 1305050 666594    0.00000  181  161    3.00000    0.00000   100%   186 17467s
 1305930 666933    1.00000  183  164    3.00000    0.00000   100%   186 17474s
 1306834 667140 infeasible  159         3.00000    0.00000   100%   186 17481s
 1307647 667321 infeasible  191         3.00000    0.00000   100%   186 17488s
 1308425 667421    1.00000  195  164    3.00000    0.00000   100%   186 17496s
 1309097 667425    1.00000  177  171    3.00000    0.00000   100%   186 17511s
 1309109 668012 infeasible  178         3.00000    0.00000   100%   186 17576s
 1312021 668200    0.00000  178  160    3.00000    0.00000   100%   186 17591s
 1313728 668324    0.00000  182  156    3.00000    0.00000   100%   186 17604s
 1315236 668364    1.00000  171  173    3.00000    0.00000   100%   186 17614s
 1316461 668413 infeasible  181         3.00000    0.00000   100%   186 17624s
 1317587 668403    1.00000  176  156    3.00000    0.00000   100%   186 17633s
 1318644 668399    0.00000  193  172    3.00000    0.00000   100%   186 17643s
 1319661 668411    0.00000  190  162    3.00000    0.00000   100%   186 17652s
 1320563 668400    0.00000  195  174    3.00000    0.00000   100%   186 17661s
 1321556 668425    0.00000  188  171    3.00000    0.00000   100%   186 17669s
 1322541 668434    0.00000  189  157    3.00000    0.00000   100%   186 17678s
 1323575 668523    1.00000  186  166    3.00000    0.00000   100%   186 17693s
 1324452 668557 infeasible  201         3.00000    0.00000   100%   186 17702s
 1325377 668634 infeasible  176         3.00000    0.00000   100%   186 17709s
 1326212 668789    1.00000  187  161    3.00000    0.00000   100%   186 17717s
 1327051 668977 infeasible  186         3.00000    0.00000   100%   186 17725s
 1327935 669216    0.00000  187  180    3.00000    0.00000   100%   186 17733s
 1328714 669535 infeasible  182         3.00000    0.00000   100%   186 17740s
 1329585 669950 infeasible  163         3.00000    0.00000   100%   186 17748s
 1330401 670346    1.00000  154  169    3.00000    0.00000   100%   186 17755s
 1331237 671052    2.00000  260  155    3.00000    0.00000   100%   186 17763s
 1332117 671663    2.00000  472  163    3.00000    0.00000   100%   186 17770s
 1333078 672063    2.00000  637  152    3.00000    0.00000   100%   186 17777s
 1333901 672553    2.00000  804  123    3.00000    0.00000   100%   186 17784s
 1334722 673306    2.00000  944  105    3.00000    0.00000   100%   186 17791s
 1335621 673758    2.00000 1077   85    3.00000    0.00000   100%   186 17798s
 1336461 674144    2.00000 1178   93    3.00000    0.00000   100%   186 17805s
 1337228 674146    2.00000 1266   91    3.00000    0.00000   100%   186 17813s
 1337241 674158    2.00000 1267   82    3.00000    0.00000   100%   186 17820s
 1337305 674448    2.00000 1268   83    3.00000    0.00000   100%   186 17828s
 1337990 674848    2.00000 1310   84    3.00000    0.00000   100%   186 17835s
 1338827 674930    2.00000 1403   61    3.00000    0.00000   100%   186 17850s
 1339563 675125    1.00000  160  164    3.00000    0.00000   100%   186 17860s
 1340346 675376 infeasible  172         3.00000    0.00000   100%   186 17869s
 1341264 675527    1.00000  189  167    3.00000    0.00000   100%   186 17878s
 1342354 675564 infeasible  175         3.00000    0.00000   100%   187 17887s
 1343359 675595    1.00000  181  144    3.00000    0.00000   100%   187 17896s
 1344345 675668 infeasible  184         3.00000    0.00000   100%   187 17904s
 1345362 675679 infeasible  193         3.00000    0.00000   100%   187 17912s
 1346346 675755 infeasible  185         3.00000    0.00000   100%   187 17920s
 1347268 675924 infeasible  180         3.00000    0.00000   100%   187 17927s
 1348113 675922    2.00000  294  209    3.00000    0.00000   100%   187 17935s
 1348131 675940    2.00000  295  209    3.00000    0.00000   100%   187 17943s
 1348417 676100    2.00000  296  203    3.00000    0.00000   100%   187 17951s
 1349234 676249 infeasible  186         3.00000    0.00000   100%   187 17958s
 1350102 676430 infeasible  186         3.00000    0.00000   100%   187 17966s
 1350901 676711    1.00000  178  176    3.00000    0.00000   100%   187 17973s
 1351616 677017 infeasible  192         3.00000    0.00000   100%   187 17981s
 1352436 677171    1.00000  211  229    3.00000    0.00000   100%   187 17989s
 1353145 677338    1.00000  168  181    3.00000    0.00000   100%   187 17996s

Cutting planes:
  Learned: 1
  Gomory: 1
  Cover: 16
  Implied bound: 18
  Projected implied bound: 15
  MIR: 66
  Mixing: 5
  Flow cover: 241
  GUB cover: 7
  Zero half: 10
  RLT: 18
  Relax-and-lift: 14
  BQP: 2
  PSD: 1

Explored 1353912 nodes (252934358 simplex iterations) in 18000.03 seconds (48479.29 work units)
Thread count was 8 (of 192 available processors)

Solution count 7: 3 4 5 ... 10

Time limit reached
Best objective 3.000000000000e+00, best bound 0.000000000000e+00, gap 100.0000%

User-callback calls 3401466, time in user-callback 3.57 sec

Remaining value of each indicator
obj_rho = 650
obj_lambda = 3
obj_phi = 3
✅ Solution trouvée (status: TIME_LIMIT)
🎯 Objective global: 3.0
⏱️ Time used: 18000.04

✈️ Paths for each aircraft:
🛩️ Aircraft N121 path (28 nodes): s_(u=0.0, v=0.0, w=0.0) ➡️  N121_(u=5715.0, v=73.0, w=15.0) ➡️  ECN_ESB_26340_26405_(u=5780.0, v=74.0, w=15.0) ➡️  ESB_VAN_26470_26565_(u=5875.0, v=75.0, w=15.0) ➡️  VAN_ESB_26610_26715_(u=5980.0, v=76.0, w=15.0) ➡️  ESB_MLX_27280_27350_(u=70.0, v=1.0, w=1.0) ➡️  MLX_ESB_27780_27855_(u=145.0, v=2.0, w=2.0) ➡️  ESB_MSR_27930_28020_(u=235.0, v=3.0, w=2.0) ➡️  MSR_ESB_28055_28155_(u=335.0, v=4.0, w=2.0) ➡️  ESB_ERZ_29360_29445_(u=420.0, v=5.0, w=3.0) ➡️  ERZ_ESB_29480_29570_(u=510.0, v=6.0, w=3.0) ➡️  ESB_SAW_29625_29685_(u=570.0, v=7.0, w=3.0) ➡️  SAW_ERZ_29820_29920_(u=670.0, v=8.0, w=3.0) ➡️  ERZ_SAW_29955_30065_(u=780.0, v=9.0, w=3.0) ➡️  SAW_ESB_30720_30780_(u=840.0, v=10.0, w=4.0) ➡️  ESB_VAN_31045_31140_(u=935.0, v=11.0, w=4.0) ➡️  VAN_ESB_31230_31335_(u=1040.0, v=12.0, w=4.0) ➡️  ESB_AYT_32250_32320_(u=1110.0, v=13.0, w=5.0) ➡️  AYT_ESB_32370_32435_(u=1175.0, v=14.0, w=5.0) ➡️  ESB_VAN_32485_32580_(u=1270.0, v=15.0, w=5.0) ➡️  VAN_ESB_32670_32775_(u=1375.0, v=16.0, w=5.0) ➡️  ESB_ADA_32820_32880_(u=1435.0, v=17.0, w=5.0) ➡️  ADA_SAW_32940_33030_(u=1525.0, v=18.0, w=5.0) ➡️  SAW_TZX_33735_33835_(u=1625.0, v=19.0, w=6.0) ➡️  TZX_ESB_34090_34170_(u=1705.0, v=20.0, w=6.0) ➡️  ESB_ERZ_35120_35205_(u=1790.0, v=21.0, w=7.0) ➡️  ERZ_ESB_35240_35330_(u=1880.0, v=22.0, w=7.0) ➡️  ESB_AJI_35390_35485_(u=1975.0, v=23.0, w=7.0) ➡️  AJI_ESB_35530_35635_(u=2080.0, v=24.0, w=7.0) ➡️  ESB_ADB_35685_35765_(u=2160.0, v=25.0, w=7.0) ➡️  t_(u=0.0, v=0.0, w=0.0)

🛩️ Aircraft N122 path (35 nodes): s_(u=0.0, v=0.0, w=0.0) ➡️  N122_(u=5535.0, v=70.0, w=14.0) ➡️  ESB_SAW_26460_26520_(u=5595.0, v=71.0, w=14.0) ➡️  SAW_ESB_26580_26640_(u=5655.0, v=72.0, w=14.0) ➡️  ESB_MQM_26750_26845_(u=5750.0, v=73.0, w=14.0) ➡️  MQM_ESB_26880_26975_(u=5845.0, v=74.0, w=14.0) ➡️  ESB_SZF_27290_27350_(u=5905.0, v=75.0, w=14.0) ➡️  SZF_ESB_27780_27840_(u=5965.0, v=76.0, w=15.0) ➡️  ESB_DIY_28480_28560_(u=80.0, v=1.0, w=1.0) ➡️  DIY_ESB_28600_28685_(u=165.0, v=2.0, w=1.0) ➡️  ESB_MLX_28720_28790_(u=235.0, v=3.0, w=1.0) ➡️  MLX_ESB_29220_29295_(u=310.0, v=4.0, w=2.0) ➡️  ESB_BAL_29365_29455_(u=400.0, v=5.0, w=2.0) ➡️  BAL_ESB_29495_29590_(u=495.0, v=6.0, w=2.0) ➡️  ESB_VAN_30930_31025_(u=590.0, v=7.0, w=3.0) ➡️  VAN_ESB_31170_31275_(u=695.0, v=8.0, w=3.0) ➡️  ESB_ADB_31605_31685_(u=775.0, v=9.0, w=3.0) ➡️  ADB_ESB_32100_32175_(u=850.0, v=10.0, w=4.0) ➡️  ESB_DIY_32250_32330_(u=930.0, v=11.0, w=4.0) ➡️  DIY_ESB_32390_32475_(u=1015.0, v=12.0, w=4.0) ➡️  ESB_ECN_32520_32590_(u=1085.0, v=13.0, w=4.0) ➡️  ECN_ADA_32700_32755_(u=1140.0, v=14.0, w=4.0) ➡️  ADA_ECN_32805_32865_(u=1200.0, v=15.0, w=4.0) ➡️  ECN_ESB_32915_32980_(u=1265.0, v=16.0, w=4.0) ➡️  ESB_MLX_33040_33110_(u=1335.0, v=17.0, w=4.0) ➡️  MLX_ESB_33540_33615_(u=1410.0, v=18.0, w=5.0) ➡️  ESB_ERZ_33680_33765_(u=1495.0, v=19.0, w=5.0) ➡️  ERZ_ESB_33800_33890_(u=1585.0, v=20.0, w=5.0) ➡️  ESB_KSY_33945_34040_(u=1680.0, v=21.0, w=5.0) ➡️  KSY_ESB_34080_34185_(u=1785.0, v=22.0, w=5.0) ➡️  ESB_KSY_35110_35205_(u=1880.0, v=23.0, w=6.0) ➡️  KSY_ESB_35240_35345_(u=1985.0, v=24.0, w=6.0) ➡️  ESB_AYT_35400_35465_(u=2050.0, v=25.0, w=6.0) ➡️  AYT_ESB_35505_35570_(u=2115.0, v=26.0, w=6.0) ➡️  ESB_DIY_35680_35760_(u=2195.0, v=27.0, w=6.0) ➡️  DIY_ESB_35795_35880_(u=2280.0, v=28.0, w=6.0) ➡️  ESB_SZF_35930_35990_(u=2340.0, v=29.0, w=6.0) ➡️  t_(u=0.0, v=0.0, w=0.0)

🛩️ Aircraft N123 path (39 nodes): s_(u=0.0, v=0.0, w=0.0) ➡️  N123_(u=5435.0, v=69.0, w=14.0) ➡️  ESB_ADB_26385_26460_(u=5510.0, v=70.0, w=14.0) ➡️  ADB_ESB_26495_26570_(u=5585.0, v=71.0, w=14.0) ➡️  ESB_KSY_26745_26840_(u=5680.0, v=72.0, w=14.0) ➡️  KSY_ESB_26880_26985_(u=5785.0, v=73.0, w=14.0) ➡️  ESB_TZX_27285_27365_(u=5865.0, v=74.0, w=14.0) ➡️  TZX_ESB_27780_27860_(u=5945.0, v=75.0, w=15.0) ➡️  ESB_SAW_28395_28455_(u=60.0, v=0.0, w=1.0) ➡️  SAW_ADA_28500_28585_(u=145.0, v=1.0, w=1.0) ➡️  ADA_ESB_29235_29300_(u=210.0, v=2.0, w=2.0) ➡️  ESB_SAW_29340_29400_(u=270.0, v=3.0, w=2.0) ➡️  SAW_ESB_29460_29520_(u=330.0, v=4.0, w=2.0) ➡️  ESB_VAN_29605_29700_(u=425.0, v=5.0, w=2.0) ➡️  VAN_ESB_29790_29895_(u=530.0, v=6.0, w=2.0) ➡️  ESB_SAW_29955_30015_(u=590.0, v=7.0, w=2.0) ➡️  SAW_ASR_30135_30205_(u=660.0, v=8.0, w=2.0) ➡️  ASR_SAW_30660_30740_(u=740.0, v=9.0, w=3.0) ➡️  SAW_ESB_30900_30960_(u=800.0, v=10.0, w=3.0) ➡️  ESB_AJI_31090_31185_(u=895.0, v=11.0, w=3.0) ➡️  AJI_ESB_31225_31330_(u=1000.0, v=12.0, w=3.0) ➡️  ESB_ADA_31380_31440_(u=1060.0, v=13.0, w=3.0) ➡️  ADA_ESB_32115_32180_(u=1125.0, v=14.0, w=4.0) ➡️  ESB_KSY_32230_32325_(u=1220.0, v=15.0, w=4.0) ➡️  KSY_ESB_32365_32470_(u=1325.0, v=16.0, w=4.0) ➡️  ESB_AYT_32535_32605_(u=1395.0, v=17.0, w=4.0) ➡️  AYT_ESB_32670_32735_(u=1460.0, v=18.0, w=4.0) ➡️  ESB_ERZ_32795_32880_(u=1545.0, v=19.0, w=4.0) ➡️  ERZ_ESB_32915_33005_(u=1635.0, v=20.0, w=4.0) ➡️  ESB_EZS_33050_33125_(u=1710.0, v=21.0, w=4.0) ➡️  EZS_ESB_33540_33620_(u=1790.0, v=22.0, w=5.0) ➡️  ESB_TZX_33675_33755_(u=1870.0, v=23.0, w=5.0) ➡️  TZX_ESB_33805_33885_(u=1950.0, v=24.0, w=5.0) ➡️  ESB_DIY_34240_34320_(u=2030.0, v=25.0, w=5.0) ➡️  DIY_ESB_34360_34445_(u=2115.0, v=26.0, w=5.0) ➡️  ESB_TZX_34485_34565_(u=2195.0, v=27.0, w=5.0) ➡️  TZX_ESB_34980_35055_(u=2270.0, v=28.0, w=6.0) ➡️  ESB_ERC_35420_35500_(u=2350.0, v=29.0, w=6.0) ➡️  ERC_ESB_35535_35615_(u=2430.0, v=30.0, w=6.0) ➡️  ESB_ERZ_35675_35760_(u=2515.0, v=31.0, w=6.0) ➡️  ERZ_ESB_35795_35885_(u=2605.0, v=32.0, w=6.0) ➡️  t_(u=0.0, v=0.0, w=0.0)

🛩️ Aircraft N124 path (25 nodes): s_(u=0.0, v=0.0, w=0.0) ➡️  N124_(u=5115.0, v=65.0, w=13.0) ➡️  GZT_ESB_26340_26410_(u=5185.0, v=66.0, w=13.0) ➡️  ESB_ADB_26480_26560_(u=5265.0, v=67.0, w=13.0) ➡️  ADB_ESB_26625_26700_(u=5340.0, v=68.0, w=13.0) ➡️  ESB_GNY_27040_27115_(u=5415.0, v=69.0, w=13.0) ➡️  GNY_ESB_27150_27230_(u=5495.0, v=70.0, w=13.0) ➡️  ESB_SAW_27900_27960_(u=5555.0, v=71.0, w=14.0) ➡️  SAW_ESB_29280_29340_(u=5615.0, v=72.0, w=15.0) ➡️  ESB_AYT_29490_29560_(u=5685.0, v=73.0, w=15.0) ➡️  AYT_ESB_29610_29675_(u=5750.0, v=74.0, w=15.0) ➡️  ESB_ADB_30165_30245_(u=5830.0, v=75.0, w=15.0) ➡️  ADB_ESB_30660_30735_(u=5905.0, v=76.0, w=16.0) ➡️  ESB_TZX_31605_31685_(u=80.0, v=1.0, w=1.0) ➡️  TZX_ESB_32100_32180_(u=160.0, v=2.0, w=2.0) ➡️  ESB_SAW_32220_32280_(u=220.0, v=3.0, w=2.0) ➡️  SAW_ESB_32340_32400_(u=280.0, v=4.0, w=2.0) ➡️  ESB_SAW_32730_32785_(u=335.0, v=5.0, w=2.0) ➡️  SAW_ADA_32820_32905_(u=420.0, v=6.0, w=2.0) ➡️  ADA_ESB_33555_33620_(u=485.0, v=7.0, w=3.0) ➡️  ESB_VAN_33670_33765_(u=580.0, v=8.0, w=3.0) ➡️  VAN_ESB_33810_33915_(u=685.0, v=9.0, w=3.0) ➡️  ESB_AJI_33970_34065_(u=780.0, v=10.0, w=3.0) ➡️  AJI_ESB_34105_34210_(u=885.0, v=11.0, w=3.0) ➡️  ESB_AYT_34260_34330_(u=955.0, v=12.0, w=3.0) ➡️  AYT_ESB_34365_34430_(u=1020.0, v=13.0, w=3.0) ➡️  ESB_SAW_35090_35150_(u=1080.0, v=14.0, w=4.0) ➡️  t_(u=0.0, v=0.0, w=0.0)

🛩️ Aircraft N125 path (28 nodes): s_(u=0.0, v=0.0, w=0.0) ➡️  N125_(u=4915.0, v=63.0, w=13.0) ➡️  AYT_ESB_26340_26405_(u=4980.0, v=64.0, w=13.0) ➡️  ESB_AJI_26770_26865_(u=5075.0, v=65.0, w=13.0) ➡️  AJI_ESB_26905_27010_(u=5180.0, v=66.0, w=13.0) ➡️  ESB_TZX_27050_27130_(u=5260.0, v=67.0, w=13.0) ➡️  TZX_ESB_27165_27245_(u=5340.0, v=68.0, w=13.0) ➡️  ESB_ERZ_28475_28560_(u=5425.0, v=69.0, w=14.0) ➡️  ERZ_ESB_28595_28685_(u=5515.0, v=70.0, w=14.0) ➡️  ESB_ADB_29360_29440_(u=5595.0, v=71.0, w=15.0) ➡️  ADB_ESB_29505_29580_(u=5670.0, v=72.0, w=15.0) ➡️  ESB_ADB_29930_30010_(u=5750.0, v=73.0, w=15.0) ➡️  ADB_ESB_30045_30120_(u=5825.0, v=74.0, w=15.0) ➡️  ESB_SAW_31275_31335_(u=5885.0, v=75.0, w=16.0) ➡️  SAW_ADA_31380_31465_(u=5970.0, v=76.0, w=16.0) ➡️  ADA_SAW_32100_32190_(u=90.0, v=1.0, w=1.0) ➡️  SAW_AYT_32280_32345_(u=155.0, v=2.0, w=1.0) ➡️  AYT_SAW_32385_32450_(u=220.0, v=3.0, w=1.0) ➡️  SAW_ESB_32745_32805_(u=280.0, v=4.0, w=1.0) ➡️  ESB_SAW_32940_33000_(u=340.0, v=5.0, w=1.0) ➡️  SAW_ESB_33540_33600_(u=400.0, v=6.0, w=2.0) ➡️  ESB_ADA_33660_33720_(u=460.0, v=7.0, w=2.0) ➡️  ADA_ESB_34995_35060_(u=525.0, v=8.0, w=3.0) ➡️  ESB_AYT_35250_35315_(u=590.0, v=9.0, w=3.0) ➡️  AYT_ESB_35350_35415_(u=655.0, v=10.0, w=3.0) ➡️  ESB_ECN_35460_35530_(u=725.0, v=11.0, w=3.0) ➡️  ECN_ADA_35580_35635_(u=780.0, v=12.0, w=3.0) ➡️  ADA_ECN_35685_35745_(u=840.0, v=13.0, w=3.0) ➡️  ECN_ESB_35795_35860_(u=905.0, v=14.0, w=3.0) ➡️  ESB_GZT_35935_36005_(u=975.0, v=15.0, w=3.0) ➡️  t_(u=0.0, v=0.0, w=0.0)

🛩️ Aircraft N126 path (23 nodes): s_(u=0.0, v=0.0, w=0.0) ➡️  N126_(u=4690.0, v=60.0, w=12.0) ➡️  ESB_KSY_26470_26565_(u=4785.0, v=61.0, w=12.0) ➡️  KSY_ESB_26605_26710_(u=4890.0, v=62.0, w=12.0) ➡️  ESB_SAW_26745_26805_(u=4950.0, v=63.0, w=12.0) ➡️  SAW_ERZ_26940_27040_(u=5050.0, v=64.0, w=12.0) ➡️  ERZ_SAW_27075_27185_(u=5160.0, v=65.0, w=12.0) ➡️  SAW_ESB_27780_27840_(u=5220.0, v=66.0, w=13.0) ➡️  ESB_AYT_27930_28000_(u=5290.0, v=67.0, w=13.0) ➡️  AYT_ESB_28050_28115_(u=5355.0, v=68.0, w=13.0) ➡️  ESB_ADA_28735_28795_(u=5415.0, v=69.0, w=13.0) ➡️  ADA_ESB_30040_30105_(u=5480.0, v=70.0, w=14.0) ➡️  ESB_ADA_30175_30235_(u=5540.0, v=71.0, w=14.0) ➡️  ADA_ESB_31480_31545_(u=5605.0, v=72.0, w=15.0) ➡️  ESB_VAN_32370_32465_(u=5700.0, v=73.0, w=16.0) ➡️  VAN_ESB_32610_32715_(u=5805.0, v=74.0, w=16.0) ➡️  ESB_ADB_32760_32840_1_(u=5885.0, v=75.0, w=16.0) ➡️  ADB_ESB_33825_33900_(u=75.0, v=0.0, w=1.0) ➡️  ESB_TZX_34250_34330_(u=155.0, v=1.0, w=1.0) ➡️  TZX_ESB_34365_34445_(u=235.0, v=2.0, w=1.0) ➡️  ESB_MSR_35110_35205_(u=330.0, v=3.0, w=2.0) ➡️  MSR_ESB_35240_35340_(u=430.0, v=4.0, w=2.0) ➡️  ESB_SAW_35610_35670_(u=490.0, v=5.0, w=2.0) ➡️  SAW_ESB_35715_35775_(u=550.0, v=6.0, w=2.0) ➡️  ESB_AYT_35925_35985_(u=610.0, v=7.0, w=2.0) ➡️  t_(u=0.0, v=0.0, w=0.0)

🛩️ Aircraft N127 path (28 nodes): s_(u=0.0, v=0.0, w=0.0) ➡️  N127_(u=4095.0, v=52.0, w=11.0) ➡️  EZS_ESB_26340_26420_(u=4175.0, v=53.0, w=11.0) ➡️  ESB_VAN_26610_26705_(u=4270.0, v=54.0, w=11.0) ➡️  VAN_ESB_26850_26955_(u=4375.0, v=55.0, w=11.0) ➡️  ESB_ADA_27295_27355_(u=4435.0, v=56.0, w=11.0) ➡️  ADA_SAW_28620_28710_(u=4525.0, v=57.0, w=12.0) ➡️  SAW_AYT_29400_29465_(u=4590.0, v=58.0, w=13.0) ➡️  AYT_SAW_29505_29570_(u=4655.0, v=59.0, w=13.0) ➡️  SAW_ADB_29905_29965_(u=4715.0, v=60.0, w=13.0) ➡️  ADB_SAW_30000_30060_(u=4775.0, v=61.0, w=13.0) ➡️  SAW_ESB_30660_30720_(u=4835.0, v=62.0, w=14.0) ➡️  ESB_ERC_31060_31140_(u=4915.0, v=63.0, w=14.0) ➡️  ERC_ESB_31175_31255_(u=4995.0, v=64.0, w=14.0) ➡️  ESB_DIY_31360_31440_(u=5075.0, v=65.0, w=14.0) ➡️  DIY_ESB_31480_31565_(u=5160.0, v=66.0, w=14.0) ➡️  ESB_SAW_32505_32565_(u=5220.0, v=67.0, w=15.0) ➡️  SAW_ADB_32670_32730_(u=5280.0, v=68.0, w=15.0) ➡️  ADB_SAW_32770_32830_(u=5340.0, v=69.0, w=15.0) ➡️  SAW_ADB_32870_32930_(u=5400.0, v=70.0, w=15.0) ➡️  ADB_SAW_32965_33025_(u=5460.0, v=71.0, w=15.0) ➡️  SAW_ADB_33540_33600_(u=5520.0, v=72.0, w=16.0) ➡️  ADB_SAW_33635_33695_(u=5580.0, v=73.0, w=16.0) ➡️  SAW_ADB_34110_34170_(u=5640.0, v=74.0, w=16.0) ➡️  ADB_SAW_34405_34465_(u=5700.0, v=75.0, w=16.0) ➡️  SAW_TZX_35195_35295_(u=100.0, v=1.0, w=1.0) ➡️  TZX_ESB_35520_35600_(u=180.0, v=2.0, w=1.0) ➡️  ESB_AYT_35700_35770_(u=250.0, v=3.0, w=1.0) ➡️  AYT_ESB_35805_35870_(u=315.0, v=4.0, w=1.0) ➡️  ESB_EZS_35940_36015_(u=390.0, v=5.0, w=1.0) ➡️  t_(u=0.0, v=0.0, w=0.0)

🛩️ Aircraft N128 path (23 nodes): s_(u=0.0, v=0.0, w=0.0) ➡️  N128_(u=4035.0, v=51.0, w=10.0) ➡️  SAW_ADB_26340_26400_(u=4095.0, v=52.0, w=10.0) ➡️  ADB_SAW_26435_26495_(u=4155.0, v=53.0, w=10.0) ➡️  SAW_ADB_27780_27840_(u=4215.0, v=54.0, w=11.0) ➡️  ADB_SAW_27875_27935_(u=4275.0, v=55.0, w=11.0) ➡️  SAW_ESB_28020_28080_(u=4335.0, v=56.0, w=11.0) ➡️  ESB_SAW_28185_28245_(u=4395.0, v=57.0, w=11.0) ➡️  SAW_VAS_29640_29720_(u=4475.0, v=58.0, w=12.0) ➡️  VAS_SAW_29760_29840_(u=4555.0, v=59.0, w=12.0) ➡️  SAW_ESB_29960_30020_(u=4615.0, v=60.0, w=12.0) ➡️  ESB_BAL_30805_30895_(u=4705.0, v=61.0, w=13.0) ➡️  BAL_ESB_30935_31030_(u=4800.0, v=62.0, w=13.0) ➡️  ESB_SAW_31065_31125_(u=4860.0, v=63.0, w=13.0) ➡️  SAW_ERZ_31260_31360_(u=4960.0, v=64.0, w=13.0) ➡️  ERZ_SAW_31395_31505_(u=5070.0, v=65.0, w=13.0) ➡️  SAW_ERZ_32700_32800_(u=5170.0, v=66.0, w=14.0) ➡️  ERZ_SAW_32835_32945_(u=5280.0, v=67.0, w=14.0) ➡️  SAW_ADA_33030_33115_(u=5365.0, v=68.0, w=14.0) ➡️  ADA_ESB_33765_33830_(u=5430.0, v=69.0, w=15.0) ➡️  ESB_ECN_35100_35170_(u=5500.0, v=70.0, w=16.0) ➡️  ECN_ESB_35210_35275_(u=5565.0, v=71.0, w=16.0) ➡️  ESB_EZS_35415_35490_(u=5640.0, v=72.0, w=16.0) ➡️  EZS_ESB_35525_35605_(u=5720.0, v=73.0, w=16.0) ➡️  ESB_ECN_35935_36005_(u=5790.0, v=74.0, w=16.0) ➡️  t_(u=0.0, v=0.0, w=0.0)

🛩️ Aircraft N129 path (36 nodes): s_(u=0.0, v=0.0, w=0.0) ➡️  N129_(u=0.0, v=0.0, w=1.0) ➡️  ADA_SAW_26340_26430_(u=90.0, v=1.0, w=1.0) ➡️  SAW_TZX_26535_26635_(u=190.0, v=2.0, w=1.0) ➡️  TZX_SAW_26930_27040_(u=300.0, v=3.0, w=1.0) ➡️  SAW_ESB_27080_27140_(u=360.0, v=4.0, w=1.0) ➡️  ESB_VAN_28050_28145_(u=455.0, v=5.0, w=2.0) ➡️  VAN_ESB_28290_28395_(u=560.0, v=6.0, w=2.0) ➡️  ESB_ECN_28480_28550_(u=630.0, v=7.0, w=2.0) ➡️  ECN_ESB_28595_28660_(u=695.0, v=8.0, w=2.0) ➡️  ESB_VAN_29490_29585_(u=790.0, v=9.0, w=3.0) ➡️  VAN_ESB_29730_29835_(u=895.0, v=10.0, w=3.0) ➡️  ESB_AYT_29940_30010_(u=965.0, v=11.0, w=3.0) ➡️  AYT_ESB_30045_30110_(u=1030.0, v=12.0, w=3.0) ➡️  ESB_SZF_30170_30230_(u=1090.0, v=13.0, w=3.0) ➡️  SZF_ESB_30660_30720_(u=1150.0, v=14.0, w=4.0) ➡️  ESB_AYT_30810_30880_(u=1220.0, v=15.0, w=4.0) ➡️  AYT_ESB_30930_30995_(u=1285.0, v=16.0, w=4.0) ➡️  ESB_SAW_31500_31560_(u=1345.0, v=17.0, w=4.0) ➡️  SAW_ESB_32160_32220_(u=1405.0, v=18.0, w=5.0) ➡️  ESB_AYT_32370_32440_(u=1475.0, v=19.0, w=5.0) ➡️  AYT_ESB_32490_32555_(u=1540.0, v=20.0, w=5.0) ➡️  ESB_SAW_32640_32700_(u=1600.0, v=21.0, w=5.0) ➡️  SAW_AYT_32790_32855_(u=1665.0, v=22.0, w=5.0) ➡️  AYT_SAW_32890_32955_(u=1730.0, v=23.0, w=5.0) ➡️  SAW_ASR_33015_33085_(u=1800.0, v=24.0, w=5.0) ➡️  ASR_SAW_33540_33620_(u=1880.0, v=25.0, w=6.0) ➡️  SAW_AYT_33720_33785_(u=1945.0, v=26.0, w=6.0) ➡️  AYT_SAW_33825_33890_(u=2010.0, v=27.0, w=6.0) ➡️  SAW_VAS_33960_34040_(u=2090.0, v=28.0, w=6.0) ➡️  VAS_SAW_34080_34160_(u=2170.0, v=29.0, w=6.0) ➡️  SAW_ADA_34260_34345_(u=2255.0, v=30.0, w=6.0) ➡️  ADA_SAW_34380_34470_(u=2345.0, v=31.0, w=6.0) ➡️  SAW_VAS_34980_35060_(u=2425.0, v=32.0, w=7.0) ➡️  VAS_SAW_35095_35180_(u=2510.0, v=33.0, w=7.0) ➡️  SAW_ADB_35610_35670_(u=2570.0, v=34.0, w=7.0) ➡️  ADB_ESB_35805_35880_(u=2645.0, v=35.0, w=7.0) ➡️  ESB_ADA_35935_35995_(u=2705.0, v=36.0, w=7.0) ➡️  t_(u=0.0, v=0.0, w=0.0)

🛩️ Aircraft N130 path (37 nodes): s_(u=0.0, v=0.0, w=0.0) ➡️  N130_(u=0.0, v=0.0, w=1.0) ➡️  ASR_SAW_26340_26420_(u=80.0, v=1.0, w=1.0) ➡️  SAW_VAS_26760_26840_(u=160.0, v=2.0, w=1.0) ➡️  VAS_SAW_26880_26960_(u=240.0, v=3.0, w=1.0) ➡️  SAW_AYT_27030_27095_(u=305.0, v=4.0, w=1.0) ➡️  AYT_SAW_27130_27195_(u=370.0, v=5.0, w=1.0) ➡️  SAW_ESB_27840_27900_(u=430.0, v=6.0, w=2.0) ➡️  ESB_ADA_28500_28560_(u=490.0, v=7.0, w=2.0) ➡️  ADA_ESB_28600_28665_(u=555.0, v=8.0, w=2.0) ➡️  ESB_GZT_28735_28805_(u=625.0, v=9.0, w=2.0) ➡️  GZT_ESB_29220_29290_(u=695.0, v=10.0, w=3.0) ➡️  ESB_VAN_29350_29445_(u=790.0, v=11.0, w=3.0) ➡️  VAN_ESB_29490_29595_(u=895.0, v=12.0, w=3.0) ➡️  ESB_AJI_29650_29745_(u=990.0, v=13.0, w=3.0) ➡️  AJI_ESB_29785_29890_(u=1095.0, v=14.0, w=3.0) ➡️  ESB_TZX_29930_30010_(u=1175.0, v=15.0, w=3.0) ➡️  TZX_ESB_30045_30125_(u=1255.0, v=16.0, w=3.0) ➡️  ESB_MSR_30810_30900_(u=1345.0, v=17.0, w=4.0) ➡️  MSR_ESB_30935_31035_(u=1445.0, v=18.0, w=4.0) ➡️  ESB_EZS_31095_31170_(u=1520.0, v=19.0, w=4.0) ➡️  EZS_ESB_31205_31285_(u=1600.0, v=20.0, w=4.0) ➡️  ESB_AYT_31380_31450_(u=1670.0, v=21.0, w=4.0) ➡️  AYT_ESB_31485_31550_(u=1735.0, v=22.0, w=4.0) ➡️  ESB_ERZ_32240_32325_(u=1820.0, v=23.0, w=5.0) ➡️  ERZ_ESB_32360_32450_(u=1910.0, v=24.0, w=5.0) ➡️  ESB_MQM_32510_32605_(u=2005.0, v=25.0, w=5.0) ➡️  MQM_ESB_32640_32735_(u=2100.0, v=26.0, w=5.0) ➡️  ESB_GNY_32800_32875_(u=2175.0, v=27.0, w=5.0) ➡️  GNY_ESB_32910_32990_(u=2255.0, v=28.0, w=5.0) ➡️  ESB_BAL_33685_33775_(u=2345.0, v=29.0, w=6.0) ➡️  BAL_ESB_33815_33910_(u=2440.0, v=30.0, w=6.0) ➡️  ESB_SAW_34155_34215_(u=2500.0, v=31.0, w=6.0) ➡️  SAW_ESB_34280_34340_(u=2560.0, v=32.0, w=6.0) ➡️  ESB_SAW_34380_34440_(u=2620.0, v=33.0, w=6.0) ➡️  SAW_AYT_35490_35555_(u=2685.0, v=34.0, w=7.0) ➡️  AYT_SAW_35590_35655_(u=2750.0, v=35.0, w=7.0) ➡️  SAW_ERZ_35730_35830_(u=2850.0, v=36.0, w=7.0) ➡️  ERZ_SAW_35865_35975_(u=2960.0, v=37.0, w=7.0) ➡️  t_(u=0.0, v=0.0, w=0.0)

🛩️ Aircraft N131 path (36 nodes): s_(u=0.0, v=0.0, w=0.0) ➡️  N131_(u=0.0, v=0.0, w=1.0) ➡️  ESB_TZX_26475_26555_(u=80.0, v=1.0, w=1.0) ➡️  TZX_ESB_26605_26685_(u=160.0, v=2.0, w=1.0) ➡️  ESB_ERZ_26745_26830_(u=245.0, v=3.0, w=1.0) ➡️  ERZ_ESB_26865_26950_(u=330.0, v=4.0, w=1.0) ➡️  ESB_ERZ_27035_27120_(u=415.0, v=5.0, w=1.0) ➡️  ERZ_ESB_27155_27245_(u=505.0, v=6.0, w=1.0) ➡️  ESB_GZT_27295_27365_(u=575.0, v=7.0, w=1.0) ➡️  GZT_ESB_27780_27850_(u=645.0, v=8.0, w=2.0) ➡️  ESB_ERZ_27920_28005_(u=730.0, v=9.0, w=2.0) ➡️  ERZ_ESB_28040_28130_(u=820.0, v=10.0, w=2.0) ➡️  ESB_ADB_28185_28265_(u=900.0, v=11.0, w=2.0) ➡️  ADB_ESB_28350_28425_(u=975.0, v=12.0, w=2.0) ➡️  ESB_TZX_28490_28570_(u=1055.0, v=13.0, w=2.0) ➡️  TZX_ESB_28605_28685_(u=1135.0, v=14.0, w=2.0) ➡️  ESB_AYT_28725_28795_(u=1205.0, v=15.0, w=2.0) ➡️  AYT_ESB_29220_29285_(u=1270.0, v=16.0, w=3.0) ➡️  ESB_DIY_29610_29690_(u=1350.0, v=17.0, w=3.0) ➡️  DIY_ESB_29765_29850_(u=1435.0, v=18.0, w=3.0) ➡️  ESB_GNY_29920_29995_(u=1510.0, v=19.0, w=3.0) ➡️  GNY_ESB_30030_30110_(u=1590.0, v=20.0, w=3.0) ➡️  ESB_SAW_30780_30840_(u=1650.0, v=21.0, w=4.0) ➡️  SAW_VAS_31080_31160_(u=1730.0, v=22.0, w=4.0) ➡️  VAS_SAW_31200_31280_(u=1810.0, v=23.0, w=4.0) ➡️  SAW_ESB_32100_32160_(u=1870.0, v=24.0, w=5.0) ➡️  ESB_TZX_32235_32315_(u=1950.0, v=25.0, w=5.0) ➡️  TZX_ESB_32365_32445_(u=2030.0, v=26.0, w=5.0) ➡️  ESB_EZS_32535_32610_(u=2105.0, v=27.0, w=5.0) ➡️  EZS_ESB_32645_32725_(u=2185.0, v=28.0, w=5.0) ➡️  ESB_ADB_32760_32840_2_(u=2265.0, v=29.0, w=5.0) ➡️  ADB_ESB_32875_32950_(u=2340.0, v=30.0, w=5.0) ➡️  ESB_AYT_33690_33760_(u=2410.0, v=31.0, w=6.0) ➡️  AYT_ESB_33810_33875_(u=2475.0, v=32.0, w=6.0) ➡️  ESB_SAW_33945_34005_(u=2535.0, v=33.0, w=6.0) ➡️  SAW_ERZ_34140_34240_(u=2635.0, v=34.0, w=6.0) ➡️  ERZ_SAW_34275_34385_(u=2745.0, v=35.0, w=6.0) ➡️  SAW_ESB_35040_35100_(u=2805.0, v=36.0, w=7.0) ➡️  t_(u=0.0, v=0.0, w=0.0)

🛩️ Aircraft N132 path (28 nodes): s_(u=0.0, v=0.0, w=0.0) ➡️  N132_(u=0.0, v=0.0, w=1.0) ➡️  MLX_ESB_26340_26415_(u=75.0, v=1.0, w=1.0) ➡️  ESB_ERZ_26480_26565_(u=160.0, v=2.0, w=1.0) ➡️  ERZ_ESB_26600_26690_(u=250.0, v=3.0, w=1.0) ➡️  ESB_DIY_26730_26810_(u=330.0, v=4.0, w=1.0) ➡️  DIY_ESB_26885_26970_(u=415.0, v=5.0, w=1.0) ➡️  ESB_ADA_27060_27120_(u=475.0, v=6.0, w=1.0) ➡️  ADA_ESB_27795_27860_(u=540.0, v=7.0, w=2.0) ➡️  ESB_VAN_27910_28005_(u=635.0, v=8.0, w=2.0) ➡️  VAN_ESB_28050_28155_(u=740.0, v=9.0, w=2.0) ➡️  ESB_SAW_28515_28575_(u=800.0, v=10.0, w=2.0) ➡️  SAW_ESB_29220_29280_(u=860.0, v=11.0, w=3.0) ➡️  ESB_ECN_29640_29710_(u=930.0, v=12.0, w=3.0) ➡️  ECN_ESB_30035_30100_(u=995.0, v=13.0, w=3.0) ➡️  ESB_ECN_31080_31150_(u=1065.0, v=14.0, w=4.0) ➡️  ECN_ESB_31475_31540_(u=1130.0, v=15.0, w=4.0) ➡️  ESB_SZF_31610_31670_(u=1190.0, v=16.0, w=4.0) ➡️  SZF_ESB_32100_32160_(u=1250.0, v=17.0, w=5.0) ➡️  ESB_GZT_32535_32605_(u=1320.0, v=18.0, w=5.0) ➡️  GZT_ESB_32640_32710_(u=1390.0, v=19.0, w=5.0) ➡️  ESB_ECN_32820_32890_(u=1460.0, v=20.0, w=5.0) ➡️  ECN_ESB_33540_33605_(u=1525.0, v=21.0, w=6.0) ➡️  ESB_BJV_33705_33780_(u=1600.0, v=22.0, w=6.0) ➡️  BJV_ESB_33815_33890_(u=1675.0, v=23.0, w=6.0) ➡️  ESB_VAN_33925_34020_(u=1770.0, v=24.0, w=6.0) ➡️  VAN_ESB_34110_34215_(u=1875.0, v=25.0, w=6.0) ➡️  ESB_VAN_35100_35195_(u=1970.0, v=26.0, w=7.0) ➡️  VAN_ESB_35235_35340_(u=2075.0, v=27.0, w=7.0) ➡️  ESB_SAW_35820_35880_(u=2135.0, v=28.0, w=7.0) ➡️  t_(u=0.0, v=0.0, w=0.0)

🛩️ Aircraft N133 path (37 nodes): s_(u=0.0, v=0.0, w=0.0) ➡️  N133_(u=0.0, v=0.0, w=1.0) ➡️  TZX_ESB_26340_26420_(u=80.0, v=1.0, w=1.0) ➡️  ESB_AYT_26490_26560_(u=150.0, v=2.0, w=1.0) ➡️  AYT_ESB_26610_26675_(u=215.0, v=3.0, w=1.0) ➡️  ESB_ADB_26745_26825_(u=295.0, v=4.0, w=1.0) ➡️  ADB_ESB_26910_26985_(u=370.0, v=5.0, w=1.0) ➡️  ESB_SAW_27075_27135_(u=430.0, v=6.0, w=1.0) ➡️  SAW_TZX_27975_28075_(u=530.0, v=7.0, w=2.0) ➡️  TZX_SAW_28370_28480_(u=640.0, v=8.0, w=2.0) ➡️  SAW_ESB_28520_28580_(u=700.0, v=9.0, w=2.0) ➡️  ESB_ERC_29620_29700_(u=780.0, v=10.0, w=3.0) ➡️  ERC_ESB_29735_29815_(u=860.0, v=11.0, w=3.0) ➡️  ESB_SAW_29850_29905_(u=915.0, v=12.0, w=3.0) ➡️  SAW_ADA_29940_30025_(u=1000.0, v=13.0, w=3.0) ➡️  ADA_ESB_30675_30740_(u=1065.0, v=14.0, w=4.0) ➡️  ESB_ADB_30800_30880_(u=1145.0, v=15.0, w=4.0) ➡️  ADB_ESB_30945_31020_(u=1220.0, v=16.0, w=4.0) ➡️  ESB_MLX_31600_31670_(u=1290.0, v=17.0, w=4.0) ➡️  MLX_ESB_32100_32175_(u=1365.0, v=18.0, w=5.0) ➡️  ESB_MSR_32250_32340_(u=1455.0, v=19.0, w=5.0) ➡️  MSR_ESB_32375_32475_(u=1555.0, v=20.0, w=5.0) ➡️  ESB_DIY_32800_32880_(u=1635.0, v=21.0, w=5.0) ➡️  DIY_ESB_32920_33005_(u=1720.0, v=22.0, w=5.0) ➡️  ESB_AYT_33045_33115_(u=1790.0, v=23.0, w=5.0) ➡️  AYT_ESB_33540_33605_(u=1855.0, v=24.0, w=6.0) ➡️  ESB_AYT_33810_33880_(u=1925.0, v=25.0, w=6.0) ➡️  AYT_ESB_33930_33995_(u=1990.0, v=26.0, w=6.0) ➡️  ESB_ERZ_34235_34320_(u=2075.0, v=27.0, w=6.0) ➡️  ERZ_ESB_34355_34445_(u=2165.0, v=28.0, w=6.0) ➡️  ESB_DIY_34500_34580_(u=2245.0, v=29.0, w=6.0) ➡️  DIY_ESB_34950_35035_(u=2330.0, v=30.0, w=7.0) ➡️  ESB_ADA_35100_35165_(u=2395.0, v=31.0, w=7.0) ➡️  ADA_ESB_35200_35265_(u=2460.0, v=32.0, w=7.0) ➡️  ESB_VAN_35310_35400_(u=2550.0, v=33.0, w=7.0) ➡️  VAN_ESB_35445_35550_(u=2655.0, v=34.0, w=7.0) ➡️  ESB_ADA_35700_35765_(u=2720.0, v=35.0, w=7.0) ➡️  ADA_ESB_35800_35865_(u=2785.0, v=36.0, w=7.0) ➡️  ESB_DIY_35955_36035_(u=2865.0, v=37.0, w=7.0) ➡️  t_(u=0.0, v=0.0, w=0.0)

🛩️ Aircraft N134 path (37 nodes): s_(u=0.0, v=0.0, w=0.0) ➡️  N134_(u=0.0, v=0.0, w=1.0) ➡️  ADB_ESB_26340_26415_(u=75.0, v=1.0, w=1.0) ➡️  ESB_BJV_26505_26580_(u=150.0, v=2.0, w=1.0) ➡️  BJV_ESB_26615_26690_(u=225.0, v=3.0, w=1.0) ➡️  ESB_ECN_26760_26830_(u=295.0, v=4.0, w=1.0) ➡️  ECN_ESB_27155_27220_(u=360.0, v=5.0, w=1.0) ➡️  ESB_AJI_28210_28305_(u=455.0, v=6.0, w=2.0) ➡️  AJI_ESB_28345_28450_(u=560.0, v=7.0, w=2.0) ➡️  ESB_AYT_28500_28570_(u=630.0, v=8.0, w=2.0) ➡️  AYT_ESB_28605_28670_(u=695.0, v=9.0, w=2.0) ➡️  ESB_TZX_29655_29735_(u=775.0, v=10.0, w=3.0) ➡️  TZX_SAW_29810_29920_(u=885.0, v=11.0, w=3.0) ➡️  SAW_ADB_30660_30720_(u=945.0, v=12.0, w=4.0) ➡️  ADB_SAW_30755_30815_(u=1005.0, v=13.0, w=4.0) ➡️  SAW_TZX_30855_30955_(u=1105.0, v=14.0, w=4.0) ➡️  TZX_SAW_31250_31360_(u=1215.0, v=15.0, w=4.0) ➡️  SAW_ESB_31400_31460_(u=1275.0, v=16.0, w=4.0) ➡️  ESB_GZT_31615_31685_(u=1345.0, v=17.0, w=4.0) ➡️  GZT_ESB_32100_32170_(u=1415.0, v=18.0, w=5.0) ➡️  ESB_ADB_32240_32320_(u=1495.0, v=19.0, w=5.0) ➡️  ADB_ESB_32385_32460_(u=1570.0, v=20.0, w=5.0) ➡️  ESB_AJI_32530_32625_(u=1665.0, v=21.0, w=5.0) ➡️  AJI_ESB_32665_32770_(u=1770.0, v=22.0, w=5.0) ➡️  ESB_AYT_32820_32890_(u=1840.0, v=23.0, w=5.0) ➡️  AYT_ESB_32925_32990_(u=1905.0, v=24.0, w=5.0) ➡️  ESB_KSY_33670_33765_(u=2000.0, v=25.0, w=6.0) ➡️  KSY_ESB_33805_33910_(u=2105.0, v=26.0, w=6.0) ➡️  ESB_MQM_33950_34045_(u=2200.0, v=27.0, w=6.0) ➡️  MQM_ESB_34080_34175_(u=2295.0, v=28.0, w=6.0) ➡️  ESB_ADB_34250_34330_(u=2375.0, v=29.0, w=6.0) ➡️  ADB_ESB_34365_34440_(u=2450.0, v=30.0, w=6.0) ➡️  ESB_AYT_34485_34555_(u=2520.0, v=31.0, w=6.0) ➡️  AYT_ESB_34980_35045_(u=2585.0, v=32.0, w=7.0) ➡️  ESB_TZX_35125_35205_(u=2665.0, v=33.0, w=7.0) ➡️  TZX_ESB_35240_35320_(u=2745.0, v=34.0, w=7.0) ➡️  ESB_ADB_35385_35465_(u=2825.0, v=35.0, w=7.0) ➡️  ADB_SAW_35705_35765_(u=2885.0, v=36.0, w=7.0) ➡️  SAW_ESB_35805_35865_(u=2945.0, v=37.0, w=7.0) ➡️  t_(u=0.0, v=0.0, w=0.0)

🛩️ Aircraft N135 path (35 nodes): s_(u=0.0, v=0.0, w=0.0) ➡️  N135_(u=0.0, v=0.0, w=1.0) ➡️  SAW_ESB_26400_26460_(u=60.0, v=1.0, w=1.0) ➡️  ESB_ERC_26740_26820_(u=140.0, v=2.0, w=1.0) ➡️  ERC_ESB_26855_26935_(u=220.0, v=3.0, w=1.0) ➡️  ESB_SAW_26970_27025_(u=275.0, v=4.0, w=1.0) ➡️  SAW_ADA_27060_27145_(u=360.0, v=5.0, w=1.0) ➡️  ADA_SAW_27180_27270_(u=450.0, v=6.0, w=1.0) ➡️  SAW_AYT_27960_28025_(u=515.0, v=7.0, w=2.0) ➡️  AYT_SAW_28065_28130_(u=580.0, v=8.0, w=2.0) ➡️  SAW_ERZ_28380_28480_(u=680.0, v=9.0, w=2.0) ➡️  ERZ_SAW_28515_28625_(u=790.0, v=10.0, w=2.0) ➡️  SAW_ADB_29220_29280_(u=850.0, v=11.0, w=3.0) ➡️  ADB_SAW_29315_29375_(u=910.0, v=12.0, w=3.0) ➡️  SAW_TZX_29415_29515_(u=1010.0, v=13.0, w=3.0) ➡️  TZX_ESB_29770_29850_(u=1090.0, v=14.0, w=3.0) ➡️  ESB_GZT_30175_30245_(u=1160.0, v=15.0, w=3.0) ➡️  GZT_ESB_30660_30730_(u=1230.0, v=16.0, w=4.0) ➡️  ESB_VAN_30790_30885_(u=1325.0, v=17.0, w=4.0) ➡️  VAN_ESB_30930_31035_(u=1430.0, v=18.0, w=4.0) ➡️  ESB_AYT_31095_31165_(u=1500.0, v=19.0, w=4.0) ➡️  AYT_ESB_31230_31295_(u=1565.0, v=20.0, w=4.0) ➡️  ESB_ADB_31370_31450_(u=1645.0, v=21.0, w=4.0) ➡️  ADB_ESB_31485_31560_(u=1720.0, v=22.0, w=4.0) ➡️  ESB_ADA_31615_31675_(u=1780.0, v=23.0, w=4.0) ➡️  ADA_ESB_32325_32390_(u=1845.0, v=24.0, w=5.0) ➡️  ESB_DIY_32490_32570_(u=1925.0, v=25.0, w=5.0) ➡️  DIY_ESB_32645_32730_(u=2010.0, v=26.0, w=5.0) ➡️  ESB_DIY_33060_33140_(u=2090.0, v=27.0, w=5.0) ➡️  DIY_ESB_33510_33595_(u=2175.0, v=28.0, w=6.0) ➡️  ESB_VAN_33810_33905_(u=2270.0, v=29.0, w=6.0) ➡️  VAN_ESB_34050_34155_(u=2375.0, v=30.0, w=6.0) ➡️  ESB_ADB_35130_35210_(u=2455.0, v=31.0, w=7.0) ➡️  ADB_ESB_35250_35325_(u=2530.0, v=32.0, w=7.0) ➡️  ESB_GZT_35375_35445_(u=2600.0, v=33.0, w=7.0) ➡️  GZT_ESB_35480_35550_(u=2670.0, v=34.0, w=7.0) ➡️  ESB_MLX_35920_35995_(u=2745.0, v=35.0, w=7.0) ➡️  t_(u=0.0, v=0.0, w=0.0)

🛩️ Aircraft N136 path (39 nodes): s_(u=0.0, v=0.0, w=0.0) ➡️  N136_(u=0.0, v=0.0, w=1.0) ➡️  ADA_ESB_26355_26420_(u=65.0, v=1.0, w=1.0) ➡️  ESB_MSR_26490_26580_(u=155.0, v=2.0, w=1.0) ➡️  MSR_ESB_26615_26715_(u=255.0, v=3.0, w=1.0) ➡️  ESB_TZX_26775_26855_(u=335.0, v=4.0, w=1.0) ➡️  TZX_ESB_26890_26970_(u=415.0, v=5.0, w=1.0) ➡️  ESB_ADB_27050_27130_(u=495.0, v=6.0, w=1.0) ➡️  ADB_ESB_27165_27240_(u=570.0, v=7.0, w=1.0) ➡️  ESB_DIY_27930_28010_(u=650.0, v=8.0, w=2.0) ➡️  DIY_ESB_28070_28155_(u=735.0, v=9.0, w=2.0) ➡️  ESB_DIY_29370_29450_(u=815.0, v=10.0, w=3.0) ➡️  DIY_ESB_29510_29595_(u=900.0, v=11.0, w=3.0) ➡️  ESB_AYT_29655_29725_(u=970.0, v=12.0, w=3.0) ➡️  AYT_ESB_29790_29855_(u=1035.0, v=13.0, w=3.0) ➡️  ESB_ADA_29940_30000_(u=1095.0, v=14.0, w=3.0) ➡️  ADA_SAW_30060_30150_(u=1185.0, v=15.0, w=3.0) ➡️  SAW_ADB_31345_31405_(u=1245.0, v=16.0, w=4.0) ➡️  ADB_SAW_31440_31500_(u=1305.0, v=17.0, w=4.0) ➡️  SAW_ADB_32100_32160_(u=1365.0, v=18.0, w=5.0) ➡️  ADB_SAW_32195_32255_(u=1425.0, v=19.0, w=5.0) ➡️  SAW_TZX_32295_32395_(u=1525.0, v=20.0, w=5.0) ➡️  TZX_ESB_32650_32730_(u=1605.0, v=21.0, w=5.0) ➡️  ESB_ADB_32810_32890_(u=1685.0, v=22.0, w=5.0) ➡️  ADB_ESB_32925_33000_(u=1760.0, v=23.0, w=5.0) ➡️  ESB_GZT_33055_33125_(u=1830.0, v=24.0, w=5.0) ➡️  GZT_ESB_33540_33610_(u=1900.0, v=25.0, w=6.0) ➡️  ESB_ECN_33690_33760_(u=1970.0, v=26.0, w=6.0) ➡️  ECN_ESB_33800_33865_(u=2035.0, v=27.0, w=6.0) ➡️  ESB_ERC_33940_34020_(u=2115.0, v=28.0, w=6.0) ➡️  ERC_ESB_34055_34135_(u=2195.0, v=29.0, w=6.0) ➡️  ESB_ECN_34240_34310_(u=2265.0, v=30.0, w=6.0) ➡️  ECN_ESB_34355_34420_(u=2330.0, v=31.0, w=6.0) ➡️  ESB_SZF_34490_34550_(u=2390.0, v=32.0, w=6.0) ➡️  SZF_ESB_34980_35040_(u=2450.0, v=33.0, w=7.0) ➡️  ESB_DIY_35120_35200_(u=2530.0, v=34.0, w=7.0) ➡️  DIY_ESB_35235_35320_(u=2615.0, v=35.0, w=7.0) ➡️  ESB_TZX_35400_35480_(u=2695.0, v=36.0, w=7.0) ➡️  TZX_SAW_35580_35690_(u=2805.0, v=37.0, w=7.0) ➡️  SAW_ADA_35730_35815_(u=2890.0, v=38.0, w=7.0) ➡️  ADA_SAW_35850_35940_(u=2980.0, v=39.0, w=7.0) ➡️  t_(u=0.0, v=0.0, w=0.0)

🛩️ Aircraft N137 path (40 nodes): s_(u=0.0, v=0.0, w=0.0) ➡️  N137_(u=0.0, v=0.0, w=1.0) ➡️  SZF_ESB_26340_26400_(u=60.0, v=1.0, w=1.0) ➡️  ESB_BAL_26485_26575_(u=150.0, v=2.0, w=1.0) ➡️  BAL_ESB_26615_26710_(u=245.0, v=3.0, w=1.0) ➡️  ESB_EZS_26775_26850_(u=320.0, v=4.0, w=1.0) ➡️  EZS_ESB_26885_26965_(u=400.0, v=5.0, w=1.0) ➡️  ESB_DIY_27040_27120_(u=480.0, v=6.0, w=1.0) ➡️  DIY_ESB_27160_27245_(u=565.0, v=7.0, w=1.0) ➡️  ESB_TZX_27915_27995_(u=645.0, v=8.0, w=2.0) ➡️  TZX_ESB_28045_28125_(u=725.0, v=9.0, w=2.0) ➡️  ESB_VAN_28165_28260_(u=820.0, v=10.0, w=2.0) ➡️  VAN_ESB_28350_28455_(u=925.0, v=11.0, w=2.0) ➡️  ESB_KSY_29350_29445_(u=1020.0, v=12.0, w=3.0) ➡️  KSY_ESB_29485_29590_(u=1125.0, v=13.0, w=3.0) ➡️  ESB_KSY_29625_29720_(u=1220.0, v=14.0, w=3.0) ➡️  KSY_ESB_29760_29865_(u=1325.0, v=15.0, w=3.0) ➡️  ESB_ERZ_29915_30000_(u=1410.0, v=16.0, w=3.0) ➡️  ERZ_ESB_30035_30125_(u=1500.0, v=17.0, w=3.0) ➡️  ESB_DIY_30180_30260_(u=1580.0, v=18.0, w=3.0) ➡️  DIY_ESB_30630_30715_(u=1665.0, v=19.0, w=4.0) ➡️  ESB_DIY_30810_30890_(u=1745.0, v=20.0, w=4.0) ➡️  DIY_ESB_30950_31035_(u=1830.0, v=21.0, w=4.0) ➡️  ESB_ERZ_31355_31440_(u=1915.0, v=22.0, w=4.0) ➡️  ERZ_ESB_31475_31565_(u=2005.0, v=23.0, w=4.0) ➡️  ESB_VAN_32230_32325_(u=2100.0, v=24.0, w=5.0) ➡️  VAN_ESB_32370_32475_(u=2205.0, v=25.0, w=5.0) ➡️  ESB_TZX_32535_32615_(u=2285.0, v=26.0, w=5.0) ➡️  TZX_SAW_32690_32800_(u=2395.0, v=27.0, w=5.0) ➡️  SAW_ESB_32840_32900_(u=2455.0, v=28.0, w=5.0) ➡️  ESB_SZF_33050_33110_(u=2515.0, v=29.0, w=5.0) ➡️  SZF_ESB_33540_33600_(u=2575.0, v=30.0, w=6.0) ➡️  ESB_MSR_33690_33780_(u=2665.0, v=31.0, w=6.0) ➡️  MSR_ESB_33815_33915_(u=2765.0, v=32.0, w=6.0) ➡️  ESB_AYT_33975_34045_(u=2835.0, v=33.0, w=6.0) ➡️  AYT_ESB_34110_34175_(u=2900.0, v=34.0, w=6.0) ➡️  ESB_ADB_34485_34565_(u=2980.0, v=35.0, w=6.0) ➡️  ADB_ESB_34980_35055_(u=3055.0, v=36.0, w=7.0) ➡️  ESB_AYT_35140_35205_(u=3120.0, v=37.0, w=7.0) ➡️  AYT_ESB_35260_35325_(u=3185.0, v=38.0, w=7.0) ➡️  ESB_DIY_35410_35490_(u=3265.0, v=39.0, w=7.0) ➡️  DIY_ESB_35525_35615_(u=3355.0, v=40.0, w=7.0) ➡️  t_(u=0.0, v=0.0, w=0.0)

🛩️ Aircraft N138 path (33 nodes): s_(u=0.0, v=0.0, w=0.0) ➡️  N138_(u=0.0, v=0.0, w=1.0) ➡️  DIY_ESB_26310_26395_(u=85.0, v=1.0, w=1.0) ➡️  ESB_ECN_26490_26560_(u=155.0, v=2.0, w=1.0) ➡️  ECN_ESB_26600_26665_(u=220.0, v=3.0, w=1.0) ➡️  ESB_VAN_26725_26820_(u=315.0, v=4.0, w=1.0) ➡️  VAN_ESB_26910_27015_(u=420.0, v=5.0, w=1.0) ➡️  ESB_BAL_27925_28015_(u=510.0, v=6.0, w=2.0) ➡️  BAL_ESB_28055_28150_(u=605.0, v=7.0, w=2.0) ➡️  ESB_AYT_29370_29440_(u=675.0, v=8.0, w=3.0) ➡️  AYT_ESB_29490_29555_(u=740.0, v=9.0, w=3.0) ➡️  ESB_MQM_29630_29725_(u=835.0, v=10.0, w=3.0) ➡️  MQM_ESB_29760_29855_(u=930.0, v=11.0, w=3.0) ➡️  ESB_DIY_29920_30000_(u=1010.0, v=12.0, w=3.0) ➡️  DIY_ESB_30040_30125_(u=1095.0, v=13.0, w=3.0) ➡️  ESB_KSY_30790_30885_(u=1190.0, v=14.0, w=4.0) ➡️  KSY_ESB_30925_31030_(u=1295.0, v=15.0, w=4.0) ➡️  ESB_TZX_31370_31450_(u=1375.0, v=16.0, w=4.0) ➡️  TZX_ESB_31485_31565_(u=1455.0, v=17.0, w=4.0) ➡️  ESB_DIY_31620_31700_(u=1535.0, v=18.0, w=4.0) ➡️  DIY_ESB_32070_32155_(u=1620.0, v=19.0, w=5.0) ➡️  ESB_ADA_32220_32280_(u=1680.0, v=20.0, w=5.0) ➡️  ADA_ESB_32920_32985_(u=1745.0, v=21.0, w=5.0) ➡️  ESB_ADB_33045_33125_(u=1825.0, v=22.0, w=5.0) ➡️  ADB_ESB_33540_33615_(u=1900.0, v=23.0, w=6.0) ➡️  ESB_ADB_33680_33760_(u=1980.0, v=24.0, w=6.0) ➡️  ADB_SAW_34210_34270_(u=2040.0, v=25.0, w=6.0) ➡️  SAW_ESB_34980_35040_(u=2100.0, v=26.0, w=7.0) ➡️  ESB_BAL_35115_35205_(u=2190.0, v=27.0, w=7.0) ➡️  BAL_ESB_35240_35335_(u=2285.0, v=28.0, w=7.0) ➡️  ESB_VAN_35380_35475_(u=2380.0, v=29.0, w=7.0) ➡️  VAN_ESB_35520_35625_(u=2485.0, v=30.0, w=7.0) ➡️  ESB_GNY_35670_35745_(u=2560.0, v=31.0, w=7.0) ➡️  GNY_ESB_35780_35860_(u=2640.0, v=32.0, w=7.0) ➡️  ESB_ADB_35925_36005_(u=2720.0, v=33.0, w=7.0) ➡️  t_(u=0.0, v=0.0, w=0.0)

🛩️ Aircraft N139 path (46 nodes): s_(u=0.0, v=0.0, w=0.0) ➡️  N139_(u=0.0, v=0.0, w=1.0) ➡️  SAW_ESB_26340_26400_(u=60.0, v=1.0, w=1.0) ➡️  ESB_DIY_26490_26570_(u=140.0, v=2.0, w=1.0) ➡️  DIY_ESB_26630_26715_(u=225.0, v=3.0, w=1.0) ➡️  ESB_AYT_26775_26845_(u=295.0, v=4.0, w=1.0) ➡️  AYT_ESB_26910_26975_(u=360.0, v=5.0, w=1.0) ➡️  ESB_AYT_27060_27130_(u=430.0, v=6.0, w=1.0) ➡️  AYT_ESB_27165_27230_(u=495.0, v=7.0, w=1.0) ➡️  ESB_AYT_27285_27355_(u=565.0, v=8.0, w=1.0) ➡️  AYT_ESB_27780_27845_(u=630.0, v=9.0, w=2.0) ➡️  ESB_ADB_27920_28000_(u=710.0, v=10.0, w=2.0) ➡️  ADB_ESB_28065_28140_(u=785.0, v=11.0, w=2.0) ➡️  ESB_ERC_28180_28260_(u=865.0, v=12.0, w=2.0) ➡️  ERC_ESB_28295_28375_(u=945.0, v=13.0, w=2.0) ➡️  ESB_DIY_28740_28820_(u=1025.0, v=14.0, w=2.0) ➡️  DIY_ESB_29190_29275_(u=1110.0, v=15.0, w=3.0) ➡️  ESB_ADB_29625_29705_(u=1190.0, v=16.0, w=3.0) ➡️  ADB_ESB_29790_29865_(u=1265.0, v=17.0, w=3.0) ➡️  ESB_TZX_30165_30245_(u=1345.0, v=18.0, w=3.0) ➡️  TZX_ESB_30660_30740_(u=1425.0, v=19.0, w=4.0) ➡️  ESB_TZX_30795_30875_(u=1505.0, v=20.0, w=4.0) ➡️  TZX_ESB_30925_31005_(u=1585.0, v=21.0, w=4.0) ➡️  ESB_GNY_31360_31435_(u=1660.0, v=22.0, w=4.0) ➡️  GNY_ESB_31470_31550_(u=1740.0, v=23.0, w=4.0) ➡️  ESB_AYT_31605_31675_(u=1810.0, v=24.0, w=4.0) ➡️  AYT_ESB_32100_32165_(u=1875.0, v=25.0, w=5.0) ➡️  ESB_BAL_32245_32335_(u=1965.0, v=26.0, w=5.0) ➡️  BAL_ESB_32375_32470_(u=2060.0, v=27.0, w=5.0) ➡️  ESB_ADB_32505_32585_(u=2140.0, v=28.0, w=5.0) ➡️  ADB_ESB_32670_32745_(u=2215.0, v=29.0, w=5.0) ➡️  ESB_TZX_32810_32890_(u=2295.0, v=30.0, w=5.0) ➡️  TZX_ESB_32925_33005_(u=2375.0, v=31.0, w=5.0) ➡️  ESB_ADA_33055_33115_(u=2435.0, v=32.0, w=5.0) ➡️  ADA_SAW_33540_33630_(u=2525.0, v=33.0, w=6.0) ➡️  SAW_ESB_33780_33840_(u=2585.0, v=34.0, w=6.0) ➡️  ESB_ADB_33945_34025_(u=2665.0, v=35.0, w=6.0) ➡️  ADB_ESB_34110_34185_(u=2740.0, v=36.0, w=6.0) ➡️  ESB_ADA_34260_34320_(u=2800.0, v=37.0, w=6.0) ➡️  ADA_ESB_34360_34425_(u=2865.0, v=38.0, w=6.0) ➡️  ESB_GZT_34495_34565_(u=2935.0, v=39.0, w=6.0) ➡️  GZT_ESB_34980_35050_(u=3005.0, v=40.0, w=7.0) ➡️  ESB_MQM_35115_35205_(u=3095.0, v=41.0, w=7.0) ➡️  MQM_ESB_35240_35335_(u=3190.0, v=42.0, w=7.0) ➡️  ESB_ERZ_35385_35470_(u=3275.0, v=43.0, w=7.0) ➡️  ERZ_ESB_35505_35590_(u=3360.0, v=44.0, w=7.0) ➡️  ESB_SAW_35685_35745_(u=3420.0, v=45.0, w=7.0) ➡️  SAW_AYT_35785_35850_(u=3485.0, v=46.0, w=7.0) ➡️  t_(u=0.0, v=0.0, w=0.0)

🛩️ Aircraft N140 path (34 nodes): s_(u=0.0, v=0.0, w=0.0) ➡️  N140_(u=0.0, v=0.0, w=1.0) ➡️  ADA_ESB_27160_27225_(u=65.0, v=1.0, w=1.0) ➡️  ESB_DIY_27300_27380_(u=145.0, v=2.0, w=1.0) ➡️  DIY_ESB_27750_27835_(u=230.0, v=3.0, w=2.0) ➡️  ESB_KSY_27910_28005_(u=325.0, v=4.0, w=2.0) ➡️  KSY_ESB_28045_28150_(u=430.0, v=5.0, w=2.0) ➡️  ESB_AYT_28215_28285_(u=500.0, v=6.0, w=2.0) ➡️  AYT_ESB_28350_28415_(u=565.0, v=7.0, w=2.0) ➡️  ESB_ADB_28490_28570_(u=645.0, v=8.0, w=2.0) ➡️  ADB_ESB_29220_29295_(u=720.0, v=9.0, w=3.0) ➡️  ESB_MSR_29370_29460_(u=810.0, v=10.0, w=3.0) ➡️  MSR_ESB_29495_29595_(u=910.0, v=11.0, w=3.0) ➡️  ESB_EZS_29655_29730_(u=985.0, v=12.0, w=3.0) ➡️  EZS_ESB_29765_29845_(u=1065.0, v=13.0, w=3.0) ➡️  ESB_ERZ_30800_30885_(u=1150.0, v=14.0, w=4.0) ➡️  ERZ_ESB_30920_31010_(u=1240.0, v=15.0, w=4.0) ➡️  ESB_ERZ_31065_31150_(u=1325.0, v=16.0, w=4.0) ➡️  ERZ_ESB_31185_31270_(u=1410.0, v=17.0, w=4.0) ➡️  ESB_SAW_31395_31455_(u=1470.0, v=18.0, w=4.0) ➡️  SAW_ESB_31500_31560_(u=1530.0, v=19.0, w=4.0) ➡️  ESB_ECN_32250_32320_(u=1600.0, v=20.0, w=5.0) ➡️  ECN_ESB_32360_32425_(u=1665.0, v=21.0, w=5.0) ➡️  ESB_ERC_32500_32580_(u=1745.0, v=22.0, w=5.0) ➡️  ERC_ESB_32615_32695_(u=1825.0, v=23.0, w=5.0) ➡️  ESB_SAW_32835_32895_(u=1885.0, v=24.0, w=5.0) ➡️  SAW_ESB_32940_33000_(u=1945.0, v=25.0, w=5.0) ➡️  ESB_DIY_33690_33770_(u=2025.0, v=26.0, w=6.0) ➡️  DIY_ESB_33830_33915_(u=2110.0, v=27.0, w=6.0) ➡️  ESB_TZX_33975_34055_(u=2190.0, v=28.0, w=6.0) ➡️  TZX_SAW_34130_34240_(u=2300.0, v=29.0, w=6.0) ➡️  SAW_ADB_34310_34370_(u=2360.0, v=30.0, w=6.0) ➡️  ADB_ESB_35505_35580_(u=2435.0, v=31.0, w=7.0) ➡️  ESB_TZX_35690_35770_(u=2515.0, v=32.0, w=7.0) ➡️  TZX_ESB_35805_35885_(u=2595.0, v=33.0, w=7.0) ➡️  ESB_TZX_35925_36005_(u=2675.0, v=34.0, w=7.0) ➡️  t_(u=0.0, v=0.0, w=0.0)


🛠️ Maintenance at node ESB_MLX_27280_27350 by aircraft N121 | ρ=20.0; λ=0.0; φ=1.0

🛠️ Maintenance at node ESB_SAW_28395_28455 by aircraft N123 | ρ=55.0; λ=1.0; φ=1.0

🛠️ Maintenance at node SAW_TZX_35195_35295 by aircraft N127 | ρ=300.0; λ=1.0; φ=0.0

🛠️ Maintenance at node ESB_DIY_28480_28560 by aircraft N122 | ρ=35.0; λ=0.0; φ=1.0

🛠️ Maintenance at node ESB_TZX_31605_31685 by aircraft N124 | ρ=95.0; λ=0.0; φ=0.0

🛠️ Maintenance at node ADB_ESB_33825_33900 by aircraft N126 | ρ=115.0; λ=1.0; φ=0.0

🛠️ Maintenance at node ADA_SAW_32100_32190 by aircraft N125 | ρ=30.0; λ=0.0; φ=0.0
CSV Summary saved to: RESULTS/A_MTN_8/summary_667FL_20A_3_MILP.csv