

GRAPH REDUCING : false
-----------------------INSTANCE 667FL_20A_2--------------------------
Gurobi 13.0.0 (linux64) logging started Thu Mar 26 10:24:10 2026

Set parameter LogFile to value "RESULTS/A_MTN_8/result_667FL_20A_2_MILP.txt"

Gurobi 13.0.0 (linux64) logging started Thu Mar 26 10:24:14 2026

Set parameter LogFile to value "RESULTS/A_MTN_8/result_667FL_20A_2_MILP.txt"
Gurobi Optimizer version 13.0.0 build v13.0.0rc1 (linux64 - "AlmaLinux 9.6 (Sage Margay)")

CPU model: Intel(R) Xeon(R) 6972P, instruction set [SSE2|AVX|AVX2|AVX512]
Thread count: 192 physical cores, 192 logical processors, using up to 8 threads

Non-default parameters:
TimeLimit  18000
Threads  8

Optimize a model with 97718 rows, 16171 columns and 374280 nonzeros (Min)
Model fingerprint: 0x1ea82e4e
Model has 426 linear objective coefficients
Variable types: 2528 continuous, 13643 integer (12791 binary)
Coefficient statistics:
  Matrix range     [1e+00, 6e+03]
  Objective range  [1e+00, 1e+00]
  Bounds range     [2e+01, 6e+03]
  RHS range        [1e+00, 6e+03]
Presolve removed 23035 rows and 2727 columns
Presolve time: 1.70s
Presolved: 74683 rows, 13444 columns, 397164 nonzeros
Variable types: 1237 continuous, 12207 integer (11840 binary)

Deterministic concurrent LP optimizer: primal and dual simplex (primal and dual model)
Showing primal log only...

Root relaxation presolved: 74680 rows, 13446 columns, 397145 nonzeros

Concurrent spin time: 0.01s

Solved with dual simplex

Root relaxation: objective 0.000000e+00, 3972 iterations, 0.74 seconds (0.75 work units)

    Nodes    |    Current Node    |     Objective Bounds      |     Work
 Expl Unexpl |  Obj  Depth IntInf | Incumbent    BestBd   Gap | It/Node Time

     0     0    0.00000    0  187          -    0.00000      -     -    6s
     0     0    0.00000    0  333          -    0.00000      -     -   10s
     0     0    0.00000    0  310          -    0.00000      -     -   11s
     0     0    0.00000    0  417          -    0.00000      -     -   14s
     0     0    0.00000    0  417          -    0.00000      -     -   22s
     0     0    0.00000    0  382          -    0.00000      -     -   26s
H    0     0                    5505.0000000    0.00000   100%     -   26s
     0     0    0.00000    0  437 5505.00000    0.00000   100%     -   29s
     0     0    0.00000    0  437 5505.00000    0.00000   100%     -   38s
H    0     0                      24.0000000    0.00000   100%     -   38s
     0     0    0.00000    0  411   24.00000    0.00000   100%     -   40s
     0     0    0.00000    0  389   24.00000    0.00000   100%     -   42s
     0     0    0.00000    0  396   24.00000    0.00000   100%     -   43s
     0     0    0.00000    0  401   24.00000    0.00000   100%     -   45s
H    0     0                      21.0000000    0.00000   100%     -   45s
     0     0    0.00000    0  406   21.00000    0.00000   100%     -   46s
     0     0    0.00000    0  417   21.00000    0.00000   100%     -   49s
     0     0    0.00000    0  417   21.00000    0.00000   100%     -   49s
H    0     0                      15.0000000    0.00000   100%     -   55s
     0     2    0.00000    0  417   15.00000    0.00000   100%     -   59s
     3     8    0.00000    2  337   15.00000    0.00000   100%   299   60s
    31    61    0.00000    6  334   15.00000    0.00000   100%   895   68s
H   50    61                      11.0000000    0.00000   100%   620   68s
H   60    70                       9.0000000    0.00000   100%   550   76s
    69   373    0.00000    7  318    9.00000    0.00000   100%   527   84s
   372  1232    0.00000   41  319    9.00000    0.00000   100%   232   95s
  1231  1408    0.00000  117  379    9.00000    0.00000   100%   187  103s
H 1268  1408                       6.0000000    0.00000   100%   186  103s
  1407  2964    0.00000  141  427    6.00000    0.00000   100%   179  112s
  2965  3913    0.00000  258  448    6.00000    0.00000   100%   142  117s
  3916  5062    0.00000  323  437    6.00000    0.00000   100%   124  121s
  5968  6800    0.00000  593  368    6.00000    0.00000   100%   107  127s
  6843  7332    0.00000  697  332    6.00000    0.00000   100%   101  130s
  7400  7333    0.00000   51  417    6.00000    0.00000   100%   100  137s
  7402  7334    0.00000    8  207    6.00000    0.00000   100%   100  147s
  7403  7335    0.00000  585  257    6.00000    0.00000   100%   100  161s
  7404  7336    0.00000  173  242    6.00000    0.00000   100%   100  165s
  7405  7336    0.00000   53  329    6.00000    0.00000   100%   100  180s
  7407  7338    0.00000  146  335    6.00000    0.00000   100%   100  187s
  7409  7339    0.00000  154  373    6.00000    0.00000   100%   100  194s
  7410  7340    0.00000  264  335    6.00000    0.00000   100%   100  196s
  7412  7341    0.00000   88  351    6.00000    0.00000   100%   100  201s
  7413  7342    0.00000  137  376    6.00000    0.00000   100%   100  211s
H 7413  6974                       5.0000000    0.00000   100%   100  212s
  7414  6974    0.00000  100  359    5.00000    0.00000   100%   100  218s
  7415  6975    0.00000  575  413    5.00000    0.00000   100%   100  222s
  7417  6976    0.00000  242  411    5.00000    0.00000   100%   100  229s
  7418  6977    0.00000  179  410    5.00000    0.00000   100%   100  231s
  7419  6978    0.00000  142  419    5.00000    0.00000   100%   100  235s
  7421  6979    0.00000  353  437    5.00000    0.00000   100%   100  242s
  7422  6980    0.00000  194  437    5.00000    0.00000   100%   100  246s
  7423  6980    0.00000  337  437    5.00000    0.00000   100%   100  259s
  7424  6984    0.00000   16  432    5.00000    0.00000   100%   107  260s
  7446  7017    0.00000   20  393    5.00000    0.00000   100%   107  266s
  7485  7033    0.00000   22  371    5.00000    0.00000   100%   109  271s
  7505  7059    0.00000   23  307    5.00000    0.00000   100%   109  278s
  7528  7103    0.00000   25  296    5.00000    0.00000   100%   110  284s
  7580  7094    0.00000   28  295    5.00000    0.00000   100%   111  299s
  7588  7099    0.00000   28  302    5.00000    0.00000   100%   111  316s
  7596  7190    0.00000   29  298    5.00000    0.00000   100%   111  334s
  7689  7625    0.00000   39  296    5.00000    0.00000   100%   113  360s
  8158  8212    0.00000   71  271    5.00000    0.00000   100%   122  397s
  8902  9442    0.00000  105  240    5.00000    0.00000   100%   134  424s
 10384 10402    0.00000  196  242    5.00000    0.00000   100%   141  439s
 11843 10993    1.00000  282  253    5.00000    0.00000   100%   140  449s
 12971 11525    3.00000  352  217    5.00000    0.00000   100%   138  457s
 14009 12069    0.00000  299  181    5.00000    0.00000   100%   136  464s
 15074 11718    0.00000  342  133    5.00000    0.00000   100%   134  489s
 15086 13189    0.00000  341  140    5.00000    0.00000   100%   134  545s
 17086 12671    1.00000  440   27    5.00000    0.00000   100%   135  555s
 17616 12610    2.00000  399  120    5.00000    0.00000   100%   135  566s
H17690 12192                       4.0000000    0.00000   100%   135  566s
 17811 12930    1.00000  407  111    4.00000    0.00000   100%   135  578s
H19213 11882                       3.0000000    0.00000   100%   137  587s
 20041 12091     cutoff  389         3.00000    0.00000   100%   138  595s
 21225 12182 infeasible  355         3.00000    0.00000   100%   139  603s
 22127 12464    0.00000  358  135    3.00000    0.00000   100%   139  610s
 23092 12529    1.00000  366  130    3.00000    0.00000   100%   141  617s
 24008 12228    0.00000  368  131    3.00000    0.00000   100%   143  625s
 24020 12227    0.00000  369  128    3.00000    0.00000   100%   143  636s
 24033 12231    0.00000  370  123    3.00000    0.00000   100%   143  647s
 24041 12238    0.00000  371  123    3.00000    0.00000   100%   143  657s
 24103 12338    2.00000  372  128    3.00000    0.00000   100%   143  664s
 24535 12380 infeasible  373         3.00000    0.00000   100%   144  678s
 25011 12272    1.00000  373  135    3.00000    0.00000   100%   145  690s
 25181 12286    2.00000  388  100    3.00000    0.00000   100%   145  704s
 25312 12268    2.00000  462   74    3.00000    0.00000   100%   145  714s
 25470 12539 infeasible  379         3.00000    0.00000   100%   145  724s
 26311 12698 infeasible  360         3.00000    0.00000   100%   146  733s
 27438 13149 infeasible  375         3.00000    0.00000   100%   149  742s
 28816 13425    0.00000  364  137    3.00000    0.00000   100%   151  753s
 30205 13637 infeasible  376         3.00000    0.00000   100%   153  901s
 31929 13772    1.00000  364  155    3.00000    0.00000   100%   158  908s
 32899 13808    2.00000  372  115    3.00000    0.00000   100%   160  916s
 33043 14065 infeasible  375         3.00000    0.00000   100%   160  924s
 33957 14218    1.00000  382  106    3.00000    0.00000   100%   160  932s
 34656 14738 infeasible  371         3.00000    0.00000   100%   161  940s
 35824 14975 infeasible  381         3.00000    0.00000   100%   161  948s
 36587 15070    1.00000  359  136    3.00000    0.00000   100%   162  955s
 37370 15226    1.00000  386  137    3.00000    0.00000   100%   163  963s
 38275 15469    1.00000  373  133    3.00000    0.00000   100%   164  970s
 39205 15648 infeasible  390         3.00000    0.00000   100%   165  976s
 40003 15741 infeasible  383         3.00000    0.00000   100%   167  984s
 40629 15980    2.00000  351  126    3.00000    0.00000   100%   169  992s
 41508 16175    2.00000  373  149    3.00000    0.00000   100%   170  999s
 42432 16462    1.00000  366  137    3.00000    0.00000   100%   170 1007s
 43555 16684    1.00000  372  128    3.00000    0.00000   100%   170 1015s
 44523 16858    1.48276  365  141    3.00000    0.00000   100%   171 1022s
 45207 17276    1.00000  372  121    3.00000    0.00000   100%   172 1043s
 46928 17268 infeasible  374         3.00000    0.00000   100%   173 1050s
 47056 17381    2.00000  371  128    3.00000    0.00000   100%   173 1057s
 47811 17521    2.00000  388  151    3.00000    0.00000   100%   174 1064s
 48397 17770    1.00000  357  152    3.00000    0.00000   100%   175 1072s
 49299 18182    2.00000  405  108    3.00000    0.00000   100%   175 1079s
 50266 18392    2.00000  442  114    3.00000    0.00000   100%   175 1087s
 51171 18376 infeasible  458         3.00000    0.00000   100%   175 1094s
 51203 18379    2.00000  367  123    3.00000    0.00000   100%   175 1102s
 51216 18394    2.00000  368  123    3.00000    0.00000   100%   175 1109s
 51321 18418    2.00000  369  141    3.00000    0.00000   100%   175 1115s
 51445 18621 infeasible  370         3.00000    0.00000   100%   176 1123s
 52306 18728    1.00000  370  141    3.00000    0.00000   100%   176 1129s
 53076 19096    2.00000  370  145    3.00000    0.00000   100%   177 1136s
 54036 19274    1.00000  473  151    3.00000    0.00000   100%   177 1143s
 54904 19449    1.00000  361  163    3.00000    0.00000   100%   178 1151s
 55869 19600 infeasible  365         3.00000    0.00000   100%   178 1158s
 56589 19834    0.00000  355  145    3.00000    0.00000   100%   179 1166s
 57548 20102    1.00000  362  133    3.00000    0.00000   100%   180 1173s
 58500 20270 infeasible  372         3.00000    0.00000   100%   180 1181s
 59428 20495 infeasible  373         3.00000    0.00000   100%   180 1188s
 60322 20703 infeasible  375         3.00000    0.00000   100%   181 1209s
 61516 20944    1.00000  376  157    3.00000    0.00000   100%   182 1217s
 62565 21137    1.00000  376  149    3.00000    0.00000   100%   183 1224s
 63129 21337    0.00000  356  143    3.00000    0.00000   100%   183 1231s
 64231 21553 infeasible  367         3.00000    0.00000   100%   183 1238s
 65085 21580 infeasible  374         3.00000    0.00000   100%   183 1245s
 65848 21626    0.00000  366  162    3.00000    0.00000   100%   184 1252s
 66709 21699 infeasible  379         3.00000    0.00000   100%   184 1259s
 67402 21881    0.00000  360  148    3.00000    0.00000   100%   185 1266s
 68335 22041 infeasible  371         3.00000    0.00000   100%   185 1274s
 69370 22203    1.00000  357  145    3.00000    0.00000   100%   185 1281s
 70166 22382    0.00000  362  158    3.00000    0.00000   100%   185 1288s
 70869 22619    1.00000  352  155    3.00000    0.00000   100%   185 1294s
 71770 22940    1.00000  382  166    3.00000    0.00000   100%   186 1300s
 72735 23061 infeasible  361         3.00000    0.00000   100%   185 1307s
 73668 23063    2.00000  375  113    3.00000    0.00000   100%   185 1315s
 73682 23064    2.00000  376  112    3.00000    0.00000   100%   185 1322s
 73697 23060 infeasible  377         3.00000    0.00000   100%   185 1328s
 73717 23064 infeasible  378         3.00000    0.00000   100%   185 1336s
 73737 23153    0.00000  353  148    3.00000    0.00000   100%   185 1342s
 74097 23419 infeasible  364         3.00000    0.00000   100%   186 1350s
 75039 23550 infeasible  396         3.00000    0.00000   100%   186 1369s
 76365 23674 infeasible  378         3.00000    0.00000   100%   186 1376s
 76968 23956    0.00000  358  151    3.00000    0.00000   100%   187 1384s
 77967 23996    2.00000  369  132    3.00000    0.00000   100%   187 1391s
 78867 24000    0.00000  378  125    3.00000    0.00000   100%   187 1400s
 78879 24000    1.00000  379  120    3.00000    0.00000   100%   187 1407s
 78895 23998 infeasible  380         3.00000    0.00000   100%   187 1424s
 78913 24002    1.00000  379  124    3.00000    0.00000   100%   187 1437s
 78925 24004 infeasible  380         3.00000    0.00000   100%   187 1446s
 78995 24019    1.00000  358  142    3.00000    0.00000   100%   187 1455s
 79198 24148    1.00000  362  153    3.00000    0.00000   100%   187 1466s
 79727 24518 infeasible  364         3.00000    0.00000   100%   187 1475s
 80713 24696 infeasible  369         3.00000    0.00000   100%   187 1484s
 81732 24785 infeasible  376         3.00000    0.00000   100%   188 1492s
 82444 24881    1.00000  374  140    3.00000    0.00000   100%   188 1501s
 83495 24941 infeasible  390         3.00000    0.00000   100%   188 1512s
 84195 25024    0.00000  353  140    3.00000    0.00000   100%   188 1521s
 84843 25086    0.00000  354  140    3.00000    0.00000   100%   188 1534s
 85580 25150    0.00000  355  144    3.00000    0.00000   100%   189 1542s
 86411 25263    0.00000  356  148    3.00000    0.00000   100%   189 1551s
 87414 25517 infeasible  375         3.00000    0.00000   100%   189 1559s
 88529 25586 infeasible  367         3.00000    0.00000   100%   189 1567s
 89352 25589    1.00000  373  133    3.00000    0.00000   100%   189 1577s
 89365 25588 infeasible  374         3.00000    0.00000   100%   189 1586s
 89381 25583 infeasible  375         3.00000    0.00000   100%   189 1596s
 89401 25578 infeasible  374         3.00000    0.00000   100%   189 1614s
 89422 25578    2.00000  375  137    3.00000    0.00000   100%   189 1635s
 89438 25581    2.00000  376  130    3.00000    0.00000   100%   189 1656s
 89473 25605 infeasible  377         3.00000    0.00000   100%   189 1676s
 89741 25931    0.00000  373  142    3.00000    0.00000   100%   189 1708s
 92597 26038    1.00000  373  143    3.00000    0.00000   100%   190 1716s
 93685 26149    2.00000  368  140    3.00000    0.00000   100%   190 1724s
 94738 26281    2.00000  368  141    3.00000    0.00000   100%   190 1731s
 95714 26341 infeasible  382         3.00000    0.00000   100%   190 1738s
 96581 26522 infeasible  378         3.00000    0.00000   100%   190 1745s
 97525 26625    0.00000  368  159    3.00000    0.00000   100%   190 1752s
 98384 26691    0.00000  369  146    3.00000    0.00000   100%   190 1760s
 99193 26779 infeasible  374         3.00000    0.00000   100%   191 1768s
 99954 26843    2.00000  392  132    3.00000    0.00000   100%   191 1776s
 100542 26998 infeasible  371         3.00000    0.00000   100%   191 1784s
 101252 27026    1.00000  370  142    3.00000    0.00000   100%   192 1795s
 101548 27168    2.00000  371  156    3.00000    0.00000   100%   192 1804s
 101999 27263    2.00000  371  140    3.00000    0.00000   100%   192 1814s
 102584 27318    1.00000  372  146    3.00000    0.00000   100%   192 1823s
 103158 27367    1.00000  371  143    3.00000    0.00000   100%   192 1855s
 103680 27412     cutoff  369         3.00000    0.00000   100%   192 1865s
 104375 27467    2.00000  372  155    3.00000    0.00000   100%   192 1885s
 105274 27512 infeasible  373         3.00000    0.00000   100%   192 1907s
 106050 27618    1.00000  371  133    3.00000    0.00000   100%   192 1930s
 106801 27733 infeasible  373         3.00000    0.00000   100%   192 1944s
 107924 27955    0.00000  357  139    3.00000    0.00000   100%   193 1957s
 109244 28143 infeasible  352         3.00000    0.00000   100%   193 1968s
 110356 28207    1.00000  370  147    3.00000    0.00000   100%   194 1979s
 111582 28427    0.00000  372  147    3.00000    0.00000   100%   194 1989s
 112836 28560 infeasible  364         3.00000    0.00000   100%   194 1998s
 113861 28717    1.00000  363  143    3.00000    0.00000   100%   194 2008s
 114924 28758 infeasible  380         3.00000    0.00000   100%   195 2017s
 115857 28903 infeasible  373         3.00000    0.00000   100%   195 2026s
 117005 29104    2.00000  366  149    3.00000    0.00000   100%   195 2035s
 118116 29150 infeasible  398         3.00000    0.00000   100%   195 2043s
 119051 29345    0.00000  372  155    3.00000    0.00000   100%   195 2062s
 120488 29487    1.00000  370  148    3.00000    0.00000   100%   195 2068s
 121103 29752    2.00000  374  145    3.00000    0.00000   100%   195 2075s
 122028 29912 infeasible  369         3.00000    0.00000   100%   195 2081s
 122814 29992 infeasible  367         3.00000    0.00000   100%   195 2088s
 123546 30174 infeasible  357         3.00000    0.00000   100%   195 2095s
 124351 30355    1.00000  372  133    3.00000    0.00000   100%   195 2102s
 125025 30453    2.00000  384  129    3.00000    0.00000   100%   195 2109s
 125699 30729    1.00000  375  158    3.00000    0.00000   100%   196 2116s
 126615 31073    2.00000  377  188    3.00000    0.00000   100%   195 2123s
 127780 31199    1.00000  335  162    3.00000    0.00000   100%   195 2130s
 128516 31509    1.00000  361  146    3.00000    0.00000   100%   195 2137s
 129442 31728 infeasible  414         3.00000    0.00000   100%   195 2143s
 130216 31907 infeasible  370         3.00000    0.00000   100%   195 2150s
 131090 32181    2.00000  373  145    3.00000    0.00000   100%   195 2157s
 132125 32163    1.00000  362  156    3.00000    0.00000   100%   195 2164s
 132159 32168    1.00000  363  147    3.00000    0.00000   100%   195 2171s
 132170 32168    1.00000  364  153    3.00000    0.00000   100%   195 2178s
 132186 32185 infeasible  365         3.00000    0.00000   100%   195 2189s
 132391 32279    2.00000  367  141    3.00000    0.00000   100%   195 2195s
 133102 32304 infeasible  361         3.00000    0.00000   100%   195 2202s
 133913 32442 infeasible  371         3.00000    0.00000   100%   195 2221s
 134974 32574    1.00000  360  156    3.00000    0.00000   100%   195 2230s
 135788 32701 infeasible  434         3.00000    0.00000   100%   195 2238s
 136774 32850 infeasible  396         3.00000    0.00000   100%   195 2246s
 137713 32859 infeasible  370         3.00000    0.00000   100%   195 2255s
 138580 32981    2.00000  370  150    3.00000    0.00000   100%   195 2263s
 139462 33091    0.00000  363  153    3.00000    0.00000   100%   195 2270s
 140269 33189    0.00000  362  154    3.00000    0.00000   100%   196 2278s
 141144 33276 infeasible  381         3.00000    0.00000   100%   196 2285s
 141954 33275    0.00000  357  159    3.00000    0.00000   100%   196 2292s
 141971 33279    1.00000  358  159    3.00000    0.00000   100%   196 2299s
 141983 33284 infeasible  359         3.00000    0.00000   100%   196 2309s
 142046 33327    1.00000  370  147    3.00000    0.00000   100%   196 2316s
 142506 33432 infeasible  355         3.00000    0.00000   100%   196 2323s
 143383 33425    1.00000  349  163    3.00000    0.00000   100%   196 2338s
 143406 33426    1.00000  350  165    3.00000    0.00000   100%   196 2347s
 143421 33429    1.00000  351  164    3.00000    0.00000   100%   196 2359s
 143434 33429    1.00000  352  164    3.00000    0.00000   100%   196 2375s
 143580 33448    1.00000  353  159    3.00000    0.00000   100%   196 2383s
 143821 33505 infeasible  363         3.00000    0.00000   100%   196 2391s
 144385 33502 infeasible  355         3.00000    0.00000   100%   196 2399s
 144404 33495 infeasible  354         3.00000    0.00000   100%   196 2408s
 144427 33490 infeasible  357         3.00000    0.00000   100%   196 2419s
 144448 33504 infeasible  358         3.00000    0.00000   100%   196 2429s
 144582 33670    2.00000  364  152    3.00000    0.00000   100%   196 2438s
 145440 33807 infeasible  386         3.00000    0.00000   100%   196 2447s
 146365 33952    1.00000  376  147    3.00000    0.00000   100%   196 2456s
 147394 34083    2.00000  388  150    3.00000    0.00000   100%   196 2464s
 148437 34222 infeasible  361         3.00000    0.00000   100%   196 2482s
 149604 34378 infeasible  368         3.00000    0.00000   100%   197 2489s
 150602 34503 infeasible  399         3.00000    0.00000   100%   197 2496s
 151323 34685 infeasible  384         3.00000    0.00000   100%   197 2503s
 152116 34863    2.00000  375  148    3.00000    0.00000   100%   197 2510s
 153022 34973 infeasible  369         3.00000    0.00000   100%   197 2517s
 153828 35198    2.00000  379  151    3.00000    0.00000   100%   197 2524s
 154747 35238    0.00000  367  175    3.00000    0.00000   100%   197 2531s
 155597 35236    1.00000  363  148    3.00000    0.00000   100%   197 2537s
 156385 35395    0.00000  372  150    3.00000    0.00000   100%   197 2543s
 157272 35474    1.00000  367  135    3.00000    0.00000   100%   197 2549s
 158160 35516 infeasible  358         3.00000    0.00000   100%   197 2556s
 158886 35703 infeasible  366         3.00000    0.00000   100%   197 2563s
 159785 35809 infeasible  359         3.00000    0.00000   100%   197 2570s
 160543 36034    2.00000  379  124    3.00000    0.00000   100%   198 2578s
 161397 36179    1.00000  378  152    3.00000    0.00000   100%   198 2585s
 162300 36326    2.00000  371  157    3.00000    0.00000   100%   198 2592s
 163081 36383    0.00000  369  150    3.00000    0.00000   100%   198 2611s
 164272 36462 infeasible  368         3.00000    0.00000   100%   198 2619s
 164954 36698    1.00000  364  134    3.00000    0.00000   100%   198 2627s
 165950 36871    1.00000  362  158    3.00000    0.00000   100%   198 2634s
 166760 37131    2.00000  365  139    3.00000    0.00000   100%   198 2642s
 167691 37167 infeasible  371         3.00000    0.00000   100%   198 2649s
 168427 37309    1.00000  371  156    3.00000    0.00000   100%   198 2657s
 169240 37400 infeasible  363         3.00000    0.00000   100%   198 2664s
 170008 37467    1.00000  351  170    3.00000    0.00000   100%   198 2671s
 170562 37473    1.00000  365  165    3.00000    0.00000   100%   198 2680s
 170572 37470 infeasible  366         3.00000    0.00000   100%   198 2689s
 170591 37476    0.00000  363  170    3.00000    0.00000   100%   198 2698s
 170601 37483    1.00000  364  154    3.00000    0.00000   100%   198 2709s
 170610 37486 infeasible  365         3.00000    0.00000   100%   198 2720s
 170623 37501 infeasible  366         3.00000    0.00000   100%   198 2736s
 170682 37501 infeasible  365         3.00000    0.00000   100%   198 2745s
 170799 37509 infeasible  366         3.00000    0.00000   100%   198 2757s
 170909 37539    1.00000  364  169    3.00000    0.00000   100%   198 2766s
 171186 37695 infeasible  365         3.00000    0.00000   100%   198 2779s
 171884 37795 infeasible  379         3.00000    0.00000   100%   198 2788s
 172856 37862 infeasible  356         3.00000    0.00000   100%   198 2797s
 173704 37941 infeasible  365         3.00000    0.00000   100%   198 2805s
 174757 38024    1.00000  360  158    3.00000    0.00000   100%   199 2814s
 175695 38134 infeasible  370         3.00000    0.00000   100%   199 2822s
 176451 38240    1.00000  360  156    3.00000    0.00000   100%   199 2830s
 177345 38507    0.00000  358  158    3.00000    0.00000   100%   199 2839s
 178163 38846 infeasible  364         3.00000    0.00000   100%   199 2858s
 179466 38935 infeasible  388         3.00000    0.00000   100%   199 2864s
 180210 39337    1.00000  350  147    3.00000    0.00000   100%   199 2870s
 181104 39530    2.00000  353  160    3.00000    0.00000   100%   199 2876s
 181742 39765 infeasible  365         3.00000    0.00000   100%   199 2883s
 182601 40038    1.00000  367  188    3.00000    0.00000   100%   199 2890s
 183482 40155    2.00000  375  134    3.00000    0.00000   100%   199 2897s
 184285 40227 infeasible  372         3.00000    0.00000   100%   199 2903s
 185123 40249 infeasible  364         3.00000    0.00000   100%   199 2910s
 185850 40292    1.00000  364  141    3.00000    0.00000   100%   199 2918s
 186747 40501 infeasible  364         3.00000    0.00000   100%   199 2925s
 187684 40779 infeasible  380         3.00000    0.00000   100%   199 2932s
 188426 41050    0.00000  359  175    3.00000    0.00000   100%   199 2938s
 189201 41154    0.00000  302  183    3.00000    0.00000   100%   199 2945s
 189856 41516    1.00000  352  148    3.00000    0.00000   100%   199 2952s
 190723 41800    2.00000  443  173    3.00000    0.00000   100%   199 2959s
 191397 42304    0.00000  331  153    3.00000    0.00000   100%   199 2966s
 192414 42452    1.00000  345  158    3.00000    0.00000   100%   199 2973s
 193186 42640 infeasible  359         3.00000    0.00000   100%   199 2992s
 194431 42803    0.00000  329  169    3.00000    0.00000   100%   199 2999s
 195116 42937    1.00000  345  150    3.00000    0.00000   100%   199 3006s
 195878 43202    1.00000  402  130    3.00000    0.00000   100%   199 3013s
 196621 43320 infeasible  419         3.00000    0.00000   100%   199 3020s
 197276 43434 infeasible  363         3.00000    0.00000   100%   199 3028s
 198052 43546    1.00000  378  159    3.00000    0.00000   100%   200 3036s
 198878 43722    1.00000  349  169    3.00000    0.00000   100%   200 3044s
 199753 43911    2.00000  387  151    3.00000    0.00000   100%   200 3053s
 200659 43999 infeasible  398         3.00000    0.00000   100%   200 3060s
 201424 44268    0.00000  370  157    3.00000    0.00000   100%   200 3067s
 202362 44381    0.00000  359  159    3.00000    0.00000   100%   200 3075s
 203103 44684    0.00000  328  155    3.00000    0.00000   100%   200 3082s
 203999 44782 infeasible  345         3.00000    0.00000   100%   200 3090s
 204831 45014 infeasible  357         3.00000    0.00000   100%   200 3098s
 205792 45124 infeasible  400         3.00000    0.00000   100%   200 3105s
 206569 45351 infeasible  323         3.00000    0.00000   100%   200 3113s
 207362 45349    1.00000  361  146    3.00000    0.00000   100%   200 3133s
 207380 45354 infeasible  360         3.00000    0.00000   100%   200 3160s
 207391 45353    1.00000  359  155    3.00000    0.00000   100%   200 3180s
 207408 45358 infeasible  362         3.00000    0.00000   100%   200 3193s
 207419 45362 infeasible  362         3.00000    0.00000   100%   200 3201s
 207431 45401    1.00000  361  152    3.00000    0.00000   100%   200 3209s
 207785 45537    1.00000  368  164    3.00000    0.00000   100%   200 3229s
 209013 45602 infeasible  373         3.00000    0.00000   100%   200 3235s
 209666 45712    1.00000  364  162    3.00000    0.00000   100%   201 3243s
 210436 45892    0.00000  366  152    3.00000    0.00000   100%   201 3251s
 211215 46117 infeasible  372         3.00000    0.00000   100%   201 3260s
 212153 46167 infeasible  347         3.00000    0.00000   100%   201 3267s
 212800 46309    1.00000  344  174    3.00000    0.00000   100%   201 3275s
 213558 46435 infeasible  346         3.00000    0.00000   100%   201 3288s
 214196 46514 infeasible  346         3.00000    0.00000   100%   201 3297s
 214739 46611    2.00000  369  156    3.00000    0.00000   100%   201 3305s
 215513 46899 infeasible  359         3.00000    0.00000   100%   201 3313s
 216525 47085    2.00000  361  145    3.00000    0.00000   100%   201 3321s
 217475 47358 infeasible  389         3.00000    0.00000   100%   201 3329s
 218407 47597 infeasible  379         3.00000    0.00000   100%   201 3337s
 219458 47599    0.00000  366  159    3.00000    0.00000   100%   201 3345s
 219472 47597    1.00000  367  153    3.00000    0.00000   100%   201 3354s
 219490 47603 infeasible  368         3.00000    0.00000   100%   201 3364s
 219516 47620 infeasible  368         3.00000    0.00000   100%   201 3372s
 219739 47703 infeasible  366         3.00000    0.00000   100%   201 3383s
 220197 47726 infeasible  376         3.00000    0.00000   100%   201 3394s
 220412 47743 infeasible  376         3.00000    0.00000   100%   201 3404s
 220731 47789 infeasible  369         3.00000    0.00000   100%   201 3414s
 221160 47868    0.00000  369  158    3.00000    0.00000   100%   201 3427s
 221658 47905    0.00000  370  162    3.00000    0.00000   100%   201 3440s
 222043 48026    1.00000  371  156    3.00000    0.00000   100%   201 3456s
 222478 48188 infeasible  372         3.00000    0.00000   100%   201 3483s
 222904 48419 infeasible  372         3.00000    0.00000   100%   201 3510s
 223849 48581 infeasible  373         3.00000    0.00000   100%   201 3540s
 224982 49110    0.00000  293  158    3.00000    0.00000   100%   201 3558s
 227140 49258    0.00000  322  173    3.00000    0.00000   100%   201 3570s
 228539 49563 infeasible  372         3.00000    0.00000   100%   201 3580s
 230055 49685 infeasible  378         3.00000    0.00000   100%   201 3590s
 231182 49914 infeasible  381         3.00000    0.00000   100%   201 3599s
 232302 50016 infeasible  374         3.00000    0.00000   100%   201 3609s
 233322 50216    2.00000  354  180    3.00000    0.00000   100%   202 3618s
 234594 50360    0.00000  345  173    3.00000    0.00000   100%   201 3627s
 235503 50645 infeasible  370         3.00000    0.00000   100%   202 3636s
 236608 50756    2.00000  388  150    3.00000    0.00000   100%   202 3644s
 237503 51034 infeasible  357         3.00000    0.00000   100%   202 3662s
 238824 51034    1.00000  402  155    3.00000    0.00000   100%   202 3669s
 238840 51033    1.00000  403  157    3.00000    0.00000   100%   202 3677s
 238857 51040    1.00000  404  158    3.00000    0.00000   100%   202 3685s
 238866 51058    1.00000  405  157    3.00000    0.00000   100%   202 3695s
 238904 51191    1.00000  412  169    3.00000    0.00000   100%   202 3703s
 239363 51300    1.00000  322  157    3.00000    0.00000   100%   202 3712s
 240320 51375 infeasible  390         3.00000    0.00000   100%   202 3721s
 241223 51518    1.00000  339  160    3.00000    0.00000   100%   202 3729s
 242193 51683    0.00000  322  169    3.00000    0.00000   100%   202 3737s
 243163 51897 infeasible  347         3.00000    0.00000   100%   202 3745s
 244069 52177    0.00000  369  159    3.00000    0.00000   100%   202 3753s
 244876 52407 infeasible  362         3.00000    0.00000   100%   202 3761s
 245696 52659    1.00000  347  162    3.00000    0.00000   100%   202 3769s
 246617 52866    2.00000  353  158    3.00000    0.00000   100%   202 3777s
 247509 52951    2.00000  369  155    3.00000    0.00000   100%   202 3784s
 248308 53131    0.00000  342  172    3.00000    0.00000   100%   202 3792s
 249295 53278    1.00000  374  173    3.00000    0.00000   100%   202 3799s
 250148 53449    1.00000  333  165    3.00000    0.00000   100%   202 3805s
 251056 53741 infeasible  339         3.00000    0.00000   100%   202 3812s
 252118 53942 infeasible  377         3.00000    0.00000   100%   202 3829s
 253268 54032    1.00000  371  145    3.00000    0.00000   100%   202 3836s
 254113 54147 infeasible  379         3.00000    0.00000   100%   202 3844s
 254958 54280    2.00000  379  121    3.00000    0.00000   100%   203 3851s
 255798 54367    1.00000  355  160    3.00000    0.00000   100%   203 3858s
 256562 54513    1.00000  356  170    3.00000    0.00000   100%   203 3865s
 257282 54711    2.00000  366  155    3.00000    0.00000   100%   203 3873s
 258109 54856    0.00000  364  143    3.00000    0.00000   100%   203 3879s
 259088 55095    1.00000  354  164    3.00000    0.00000   100%   203 3887s
 260180 55252    0.00000  370  161    3.00000    0.00000   100%   203 3894s
 260906 55559    1.00000  374  151    3.00000    0.00000   100%   203 3900s
 261667 55796 infeasible  381         3.00000    0.00000   100%   203 3907s
 262210 55882    1.00000  336  164    3.00000    0.00000   100%   203 3914s
 262412 55889    2.00000  338  160    3.00000    0.00000   100%   203 3922s
 262421 55894    1.00000  340  159    3.00000    0.00000   100%   203 3932s
 262432 55902    1.00000  341  163    3.00000    0.00000   100%   203 3942s
 262446 55990    1.00000  339  154    3.00000    0.00000   100%   203 3950s
 262734 56226    1.00000  343  157    3.00000    0.00000   100%   203 3958s
 263328 56606    2.00000  363  167    3.00000    0.00000   100%   203 3966s
 264142 56944 infeasible  356         3.00000    0.00000   100%   203 3973s
 264832 57160    2.00000  335  176    3.00000    0.00000   100%   204 3979s
 265474 57406 infeasible  361         3.00000    0.00000   100%   204 3986s
 266242 57508    0.00000  323  162    3.00000    0.00000   100%   204 3994s
 266880 57878    1.00000  338  170    3.00000    0.00000   100%   204 4014s
 268176 57956 infeasible  364         3.00000    0.00000   100%   204 4021s
 268826 58046    1.00000  363  150    3.00000    0.00000   100%   204 4028s
 269577 58229 infeasible  373         3.00000    0.00000   100%   205 4034s
 270266 58452    1.00000  343  174    3.00000    0.00000   100%   205 4041s
 271124 58724    1.00000  343  161    3.00000    0.00000   100%   205 4048s
 271823 59024    0.00000  316  174    3.00000    0.00000   100%   205 4054s
 272659 59199    1.00000  364  164    3.00000    0.00000   100%   205 4062s
 273411 59464 infeasible  359         3.00000    0.00000   100%   205 4070s
 274201 59589    1.00000  327  196    3.00000    0.00000   100%   205 4077s
 275046 59666 infeasible  354         3.00000    0.00000   100%   205 4085s
 275835 59709    1.00000  342  162    3.00000    0.00000   100%   205 4093s
 276549 59791 infeasible  373         3.00000    0.00000   100%   205 4100s
 277347 59938    0.00000  354  154    3.00000    0.00000   100%   205 4108s
 278144 60026    2.00000  371  136    3.00000    0.00000   100%   206 4116s
 279042 60198    1.66327  341  173    3.00000    0.00000   100%   206 4123s
 279943 60288 infeasible  372         3.00000    0.00000   100%   206 4131s
 280729 60470 infeasible  337         3.00000    0.00000   100%   206 4138s
 281640 60762    0.00000  328  160    3.00000    0.00000   100%   206 4158s
 282666 60983    1.00000  360  175    3.00000    0.00000   100%   206 4166s
 283413 61067    1.00000  358  186    3.00000    0.00000   100%   206 4174s
 284293 61168    1.00000  327  159    3.00000    0.00000   100%   206 4182s
 285117 61176    1.00000  337  161    3.00000    0.00000   100%   206 4191s
 285125 61172    1.00000  338  162    3.00000    0.00000   100%   206 4199s
 285145 61171    1.00000  339  168    3.00000    0.00000   100%   206 4211s
 285162 61172    1.00000  340  163    3.00000    0.00000   100%   206 4220s
 285177 61169    1.00000  341  157    3.00000    0.00000   100%   206 4239s
 285196 61169    1.00000  342  162    3.00000    0.00000   100%   206 4265s
 285212 61182    1.00000  343  154    3.00000    0.00000   100%   206 4280s
 285294 61202    2.00000  359  145    3.00000    0.00000   100%   206 4301s
 285493 61213    1.00000  341  179    3.00000    0.00000   100%   206 4318s
 285656 61260    1.00000  342  182    3.00000    0.00000   100%   206 4342s
 285953 61332 infeasible  343         3.00000    0.00000   100%   206 4357s
 286530 61661    1.00000  350  171    3.00000    0.00000   100%   206 4422s
 287901 61821 infeasible  339         3.00000    0.00000   100%   206 4436s
 288966 62051 infeasible  369         3.00000    0.00000   100%   206 4450s
 290325 62245 infeasible  356         3.00000    0.00000   100%   206 4462s
 291506 62408 infeasible  349         3.00000    0.00000   100%   206 4473s
 292470 62515    0.00000  337  180    3.00000    0.00000   100%   206 4484s
 293433 62669    2.00000  343  183    3.00000    0.00000   100%   207 4496s
 294480 62768    0.00000  374  159    3.00000    0.00000   100%   207 4521s
 295615 62859    1.00000  342  178    3.00000    0.00000   100%   207 4532s
 296391 62998 infeasible  386         3.00000    0.00000   100%   207 4552s
 297504 63113 infeasible  327         3.00000    0.00000   100%   207 4562s
 298267 63254 infeasible  330         3.00000    0.00000   100%   207 4570s
 298973 63404    2.00000  353  157    3.00000    0.00000   100%   207 4581s
 299796 63562 infeasible  368         3.00000    0.00000   100%   207 4590s
 300675 63760 infeasible  343         3.00000    0.00000   100%   207 4599s
 301287 64051    1.00000  349  172    3.00000    0.00000   100%   207 4608s
 302122 64249    2.00000  346  177    3.00000    0.00000   100%   207 4619s
 302745 64472    2.00000  387  167    3.00000    0.00000   100%   207 4629s
 303684 64612    2.00000  344  181    3.00000    0.00000   100%   207 4639s
 304578 64712 infeasible  365         3.00000    0.00000   100%   207 4650s
 305347 64835 infeasible  367         3.00000    0.00000   100%   207 4669s
 306240 65076 infeasible  360         3.00000    0.00000   100%   207 4680s
 306987 65269 infeasible  387         3.00000    0.00000   100%   207 4692s
 307776 65441 infeasible  344         3.00000    0.00000   100%   208 4702s
 308699 65559    0.00000  355  165    3.00000    0.00000   100%   208 4714s
 309612 65763 infeasible  370         3.00000    0.00000   100%   208 4724s
 310393 65873    1.00000  303  188    3.00000    0.00000   100%   208 4732s
 311161 66048 infeasible  345         3.00000    0.00000   100%   208 4753s
 312045 66305 infeasible  379         3.00000    0.00000   100%   208 4764s
 312929 66363    0.00000  348  179    3.00000    0.00000   100%   208 4773s
 313638 66609 infeasible  352         3.00000    0.00000   100%   208 4787s
 314724 66705 infeasible  361         3.00000    0.00000   100%   208 4798s
 315617 66812 infeasible  355         3.00000    0.00000   100%   208 4809s
 316330 67009 infeasible  358         3.00000    0.00000   100%   208 4820s
 317236 67145 infeasible  369         3.00000    0.00000   100%   209 4831s
 318070 67315    2.00000  373  156    3.00000    0.00000   100%   209 4843s
 318835 67428 infeasible  371         3.00000    0.00000   100%   209 4855s
 319679 67716    0.00000  350  155    3.00000    0.00000   100%   209 4874s
 320589 67845    1.00000  374  157    3.00000    0.00000   100%   209 4887s
 321500 67928 infeasible  337         3.00000    0.00000   100%   209 4897s
 322538 68111    0.00000  329  169    3.00000    0.00000   100%   209 4908s
 323449 68111 infeasible  335         3.00000    0.00000   100%   209 4948s
 323465 68112 infeasible  337         3.00000    0.00000   100%   209 4970s
 323480 68126 infeasible  332         3.00000    0.00000   100%   209 4991s
 323776 68223    1.00000  346  172    3.00000    0.00000   100%   209 5012s
 324516 68247 infeasible  342         3.00000    0.00000   100%   209 5022s
 325340 68482 infeasible  327         3.00000    0.00000   100%   209 5031s
 326306 68561    2.00000  356  186    3.00000    0.00000   100%   209 5057s
 327114 68830 infeasible  345         3.00000    0.00000   100%   209 5069s
 328317 68875 infeasible  341         3.00000    0.00000   100%   209 5078s
 329140 68990 infeasible  357         3.00000    0.00000   100%   209 5087s
 330108 69207 infeasible  350         3.00000    0.00000   100%   209 5096s
 330923 69406 infeasible  365         3.00000    0.00000   100%   210 5106s
 331904 69540    1.00000  374  174    3.00000    0.00000   100%   210 5114s
 332817 69742    1.00000  358  166    3.00000    0.00000   100%   210 5122s
 333768 69878 infeasible  344         3.00000    0.00000   100%   210 5131s
 334635 70038    1.00000  319  166    3.00000    0.00000   100%   210 5139s
 335562 70318    1.00000  354  162    3.00000    0.00000   100%   210 5147s
 336265 70646 infeasible  326         3.00000    0.00000   100%   210 5154s
 337260 70849 infeasible  374         3.00000    0.00000   100%   210 5161s
 338046 70856    2.00000  382  132    3.00000    0.00000   100%   210 5171s
 338055 70853 infeasible  383         3.00000    0.00000   100%   210 5180s
 338074 70871 infeasible  383         3.00000    0.00000   100%   210 5190s
 338198 71154    2.00000  329  198    3.00000    0.00000   100%   210 5199s
 338773 71582    2.00000  354  137    3.00000    0.00000   100%   210 5207s
 339772 71799 infeasible  366         3.00000    0.00000   100%   210 5214s
 340436 72099    1.00000  336  176    3.00000    0.00000   100%   210 5222s
 341497 72374 infeasible  341         3.00000    0.00000   100%   210 5241s
 342376 72602    1.00000  334  168    3.00000    0.00000   100%   210 5250s
 343364 72917    0.00000  338  165    3.00000    0.00000   100%   210 5259s
 344223 73213    0.00000  341  173    3.00000    0.00000   100%   210 5267s
 345198 73384    2.00000  353  156    3.00000    0.00000   100%   210 5275s
 345866 73620    2.00000  358  158    3.00000    0.00000   100%   211 5284s
 346870 73776    1.00000  358  176    3.00000    0.00000   100%   211 5293s
 347536 73999    2.00000  376  135    3.00000    0.00000   100%   211 5304s
 348269 74164 infeasible  349         3.00000    0.00000   100%   211 5313s
 349042 74191    2.00000  384  132    3.00000    0.00000   100%   211 5320s
 349709 74430    1.00000  341  161    3.00000    0.00000   100%   211 5335s
 350540 74663    0.00000  341  162    3.00000    0.00000   100%   211 5344s
 351391 75011    0.00000  346  183    3.00000    0.00000   100%   211 5353s
 352459 75153 infeasible  338         3.00000    0.00000   100%   211 5361s
 353341 75329    2.00000  364  139    3.00000    0.00000   100%   211 5370s
 354440 75696 infeasible  341         3.00000    0.00000   100%   211 5378s
 355361 75869 infeasible  324         3.00000    0.00000   100%   211 5387s
 356209 75853    2.00000  366  150    3.00000    0.00000   100%   211 5405s
 356241 76423    2.00000  367  148    3.00000    0.00000   100%   211 5458s
H356957 49444                       2.0000000    0.00000   100%   211 5458s
 359097 49433    1.00000  370  160    2.00000    0.00000   100%   211 5473s
 360354 49738    1.00000  353  171    2.00000    0.00000   100%   211 5486s
 361753 49764    1.00000  361  164    2.00000    0.00000   100%   211 5503s
 361882 49784 infeasible  362         2.00000    0.00000   100%   211 5521s
 362058 49844 infeasible  359         2.00000    0.00000   100%   211 5534s
 362864 49961    1.00000  341  170    2.00000    0.00000   100%   211 5546s
 364204 50076 infeasible  365         2.00000    0.00000   100%   211 5557s
 365243 50306 infeasible  372         2.00000    0.00000   100%   211 5568s
 366503 50458    1.00000  342  185    2.00000    0.00000   100%   211 5579s
 367645 50542 infeasible  374         2.00000    0.00000   100%   211 5587s
 368438 50835    1.00000  352  178    2.00000    0.00000   100%   212 5597s
 369551 51026    1.00000  371  168    2.00000    0.00000   100%   212 5607s
 370606 51110    0.00000  344  152    2.00000    0.00000   100%   212 5616s
 371390 51314    1.00000  351  148    2.00000    0.00000   100%   212 5635s
 372426 51356 infeasible  371         2.00000    0.00000   100%   212 5643s
 373076 51586    1.00000  339  168    2.00000    0.00000   100%   212 5651s
 374066 51592    1.00000  376  161    2.00000    0.00000   100%   212 5660s
 374076 51590 infeasible  377         2.00000    0.00000   100%   212 5669s
 374094 51578 infeasible  378         2.00000    0.00000   100%   212 5679s
 374122 51605 infeasible  379         2.00000    0.00000   100%   212 5688s
 374451 51875    1.00000  343  167    2.00000    0.00000   100%   212 5698s
 375557 51995 infeasible  360         2.00000    0.00000   100%   212 5707s
 376367 52126    1.00000  329  175    2.00000    0.00000   100%   212 5714s
 377214 52426    1.00000  354  169    2.00000    0.00000   100%   212 5722s
 378174 52572    1.00000  338  147    2.00000    0.00000   100%   212 5731s
 378972 52849    1.00000  361  157    2.00000    0.00000   100%   212 5740s
 380037 52981 infeasible  365         2.00000    0.00000   100%   212 5748s
 380771 53082    1.00000  360  149    2.00000    0.00000   100%   213 5757s
 381573 53371    1.00000  342  153    2.00000    0.00000   100%   213 5766s
 382495 53380    0.00000  364  157    2.00000    0.00000   100%   213 5774s
 383278 53653 infeasible  365         2.00000    0.00000   100%   213 5783s
 384278 53820    1.00000  327  178    2.00000    0.00000   100%   213 5792s
 384959 54075    1.00000  348  169    2.00000    0.00000   100%   213 5800s
 385864 54307    1.00000  327  185    2.00000    0.00000   100%   213 5820s
 386976 54413 infeasible  328         2.00000    0.00000   100%   213 5827s
 387564 54760    1.00000  308  180    2.00000    0.00000   100%   213 5835s
 388568 55022 infeasible  331         2.00000    0.00000   100%   213 5843s
 389454 55127 infeasible  319         2.00000    0.00000   100%   213 5850s
 390053 55284    1.00000  363  167    2.00000    0.00000   100%   213 5857s
 390805 55436 infeasible  353         2.00000    0.00000   100%   213 5865s
 391595 55535 infeasible  348         2.00000    0.00000   100%   213 5873s
 392198 55755    1.00000  352  175    2.00000    0.00000   100%   214 5880s
 392998 55999    1.00000  349  169    2.00000    0.00000   100%   214 5888s
 393894 56099 infeasible  361         2.00000    0.00000   100%   214 5895s
 394556 56266    1.00000  351  173    2.00000    0.00000   100%   214 5902s
 395315 56261 infeasible  354         2.00000    0.00000   100%   214 5911s
 395336 56267    0.00000  355  164    2.00000    0.00000   100%   214 5919s
 395346 56266    1.00000  356  161    2.00000    0.00000   100%   214 5930s
 395465 56433 infeasible  357         2.00000    0.00000   100%   214 5939s
 396038 56573 infeasible  356         2.00000    0.00000   100%   214 5949s
 396844 56778    1.00000  338  175    2.00000    0.00000   100%   214 5957s
 397839 56851    0.00000  342  165    2.00000    0.00000   100%   214 5966s
 398558 57083    1.00000  360  160    2.00000    0.00000   100%   214 5975s
 399533 57139    1.00000  357  174    2.00000    0.00000   100%   214 5984s
 400311 57413    0.00000  345  174    2.00000    0.00000   100%   214 6003s
 401496 57516 infeasible  352         2.00000    0.00000   100%   214 6010s
 402127 57575    1.00000  354  171    2.00000    0.00000   100%   214 6018s
 402788 57668    0.00000  350  172    2.00000    0.00000   100%   215 6026s
 403429 57803    0.00000  348  154    2.00000    0.00000   100%   215 6034s
 404365 57822 infeasible  376         2.00000    0.00000   100%   215 6042s
 404986 57972    1.00000  356  176    2.00000    0.00000   100%   215 6051s
 405712 58159    1.00000  354  169    2.00000    0.00000   100%   215 6060s
 406613 58362 infeasible  328         2.00000    0.00000   100%   215 6069s
 407394 58713 infeasible  342         2.00000    0.00000   100%   215 6078s
 408479 58819 infeasible  338         2.00000    0.00000   100%   215 6086s
 409150 59029    1.00000  305  182    2.00000    0.00000   100%   215 6095s
 410009 59228 infeasible  356         2.00000    0.00000   100%   215 6103s
 410960 59336    1.00000  368  162    2.00000    0.00000   100%   215 6112s
 411756 59605 infeasible  350         2.00000    0.00000   100%   215 6120s
 412840 59872    1.00000  350  168    2.00000    0.00000   100%   215 6128s
 413842 59970    1.00000  348  151    2.00000    0.00000   100%   215 6136s
 414468 59974    0.00000  327  164    2.00000    0.00000   100%   215 6145s
 414480 59979    0.00000  328  160    2.00000    0.00000   100%   215 6154s
 414491 59981    0.00000  329  167    2.00000    0.00000   100%   215 6164s
 414505 60124    0.00000  330  174    2.00000    0.00000   100%   215 6172s
 414874 60287 infeasible  340         2.00000    0.00000   100%   215 6188s
 415663 60465 infeasible  337         2.00000    0.00000   100%   215 6197s
 416775 60567 infeasible  356         2.00000    0.00000   100%   215 6209s
 417217 60679 infeasible  358         2.00000    0.00000   100%   215 6221s
 417581 60775    1.00000  359  169    2.00000    0.00000   100%   215 6240s
 418003 60900 infeasible  360         2.00000    0.00000   100%   215 6254s
 418766 61043    1.00000  307  185    2.00000    0.00000   100%   216 6267s
 419813 61156    1.00000  376  166    2.00000    0.00000   100%   216 6278s
 421250 61435    1.00000  336  152    2.00000    0.00000   100%   216 6289s
 422378 61679    1.00000  344  161    2.00000    0.00000   100%   216 6300s
 423374 61736    1.00000  342  170    2.00000    0.00000   100%   216 6310s
 424125 62012    1.00000  349  165    2.00000    0.00000   100%   216 6321s
 425257 62386 infeasible  332         2.00000    0.00000   100%   216 6331s
 426367 62476 infeasible  332         2.00000    0.00000   100%   216 6341s
 427209 62763    1.00000  368  134    2.00000    0.00000   100%   216 6351s
 428294 62952 infeasible  351         2.00000    0.00000   100%   216 6360s
 429125 63301    1.00000  349  180    2.00000    0.00000   100%   217 6370s
 430229 63436 infeasible  354         2.00000    0.00000   100%   217 6388s
 431102 63682 infeasible  346         2.00000    0.00000   100%   217 6397s
 432150 63908    1.00000  331  163    2.00000    0.00000   100%   217 6406s
 432982 64077    1.00000  349  175    2.00000    0.00000   100%   217 6414s
 433741 64076    1.00000  329  199    2.00000    0.00000   100%   217 6424s
 433758 64080    1.00000  330  199    2.00000    0.00000   100%   217 6434s
 433770 64122    1.00000  331  193    2.00000    0.00000   100%   217 6445s
 433940 64207    1.00000  332  193    2.00000    0.00000   100%   217 6454s
 434544 64377    1.00000  347  169    2.00000    0.00000   100%   217 6464s
 435506 64554 infeasible  348         2.00000    0.00000   100%   217 6473s
 436562 64742 infeasible  361         2.00000    0.00000   100%   217 6482s
 437334 64938    1.00000  322  175    2.00000    0.00000   100%   217 6491s
 438308 65177 infeasible  367         2.00000    0.00000   100%   217 6500s
 439155 65334    1.00000  333  193    2.00000    0.00000   100%   217 6509s
 439964 65558    1.00000  354  170    2.00000    0.00000   100%   217 6518s
 440926 65762    1.00000  341  164    2.00000    0.00000   100%   217 6526s
 441846 65866 infeasible  345         2.00000    0.00000   100%   217 6534s
 442530 66220 infeasible  360         2.00000    0.00000   100%   217 6542s
 443538 66436    1.00000  366  168    2.00000    0.00000   100%   217 6550s
 444380 66441    0.00000  370  163    2.00000    0.00000   100%   217 6565s
 444391 66446 infeasible  371         2.00000    0.00000   100%   217 6584s
 444402 66445 infeasible  333         2.00000    0.00000   100%   217 6606s
 444419 66450    0.00000  335  165    2.00000    0.00000   100%   217 6615s
 444430 66508    0.00000  336  164    2.00000    0.00000   100%   217 6625s
 444631 66625    1.00000  350  161    2.00000    0.00000   100%   217 6634s
 445390 66719    1.00000  351  169    2.00000    0.00000   100%   217 6653s
 446244 67084    1.00000  381  163    2.00000    0.00000   100%   218 6662s
 447320 67066    1.00000  339  181    2.00000    0.00000   100%   218 6670s
 447354 67069 infeasible  340         2.00000    0.00000   100%   218 6679s
 447367 67113    1.00000  341  169    2.00000    0.00000   100%   218 6690s
 447479 67247 infeasible  342         2.00000    0.00000   100%   218 6701s
 447969 67651 infeasible  340         2.00000    0.00000   100%   218 6713s
 449272 67855    0.00000  331  184    2.00000    0.00000   100%   218 6722s
 450118 68082    0.00000  328  172    2.00000    0.00000   100%   218 6731s
 451135 68162 infeasible  353         2.00000    0.00000   100%   218 6740s
 451887 68319 infeasible  335         2.00000    0.00000   100%   218 6750s
 452800 68472    1.00000  352  163    2.00000    0.00000   100%   218 6758s
 453547 68822 infeasible  361         2.00000    0.00000   100%   218 6768s
 454615 69007    1.00000  339  169    2.00000    0.00000   100%   218 6777s
 455494 69243    1.00000  350  137    2.00000    0.00000   100%   218 6786s
 456304 69546    0.00000  319  170    2.00000    0.00000   100%   218 6795s
 457304 69881    1.00000  352  181    2.00000    0.00000   100%   218 6803s
 458149 70137    1.00000  407  179    2.00000    0.00000   100%   218 6812s
 459167 70487    1.00000  342  172    2.00000    0.00000   100%   218 6821s
 460229 70608    1.00000  353  186    2.00000    0.00000   100%   218 6840s
 461094 71042    1.00000  332  171    2.00000    0.00000   100%   218 6849s
 462322 71193    1.00000  342  180    2.00000    0.00000   100%   218 6857s
 463108 71303 infeasible  338         2.00000    0.00000   100%   218 6865s
 463842 71540    1.00000  356  159    2.00000    0.00000   100%   218 6874s
 464751 71662    0.00000  335  171    2.00000    0.00000   100%   218 6885s
 465373 71849    1.00000  343  152    2.00000    0.00000   100%   218 6894s
 466130 71918    1.00000  336  167    2.00000    0.00000   100%   218 6902s
 466707 72205    1.00000  339  171    2.00000    0.00000   100%   218 6910s
 467518 72208 infeasible  342         2.00000    0.00000   100%   218 6921s
 467531 72212    1.00000  342  187    2.00000    0.00000   100%   218 6953s
 467543 72216 infeasible  345         2.00000    0.00000   100%   218 6963s
 467555 72260 infeasible  343         2.00000    0.00000   100%   218 6973s
 467627 72331 infeasible  343         2.00000    0.00000   100%   218 6982s
 468116 72433    0.00000  356  167    2.00000    0.00000   100%   218 6990s
 468824 72740    1.00000  338  191    2.00000    0.00000   100%   219 6999s
 469713 72874    0.00000  303  193    2.00000    0.00000   100%   219 7014s
 470349 73229 infeasible  325         2.00000    0.00000   100%   219 7023s
 471282 73324    1.00000  355  168    2.00000    0.00000   100%   219 7047s
 471957 73488 infeasible  299         2.00000    0.00000   100%   219 7056s
 472834 73647    1.00000  356  186    2.00000    0.00000   100%   219 7065s
 473731 73760    1.00000  340  178    2.00000    0.00000   100%   219 7074s
 474450 74022    1.00000  343  168    2.00000    0.00000   100%   219 7084s
 475492 74248    1.00000  328  165    2.00000    0.00000   100%   219 7101s
 476394 74478    1.00000  338  171    2.00000    0.00000   100%   219 7110s
 477382 74648    1.00000  343  171    2.00000    0.00000   100%   219 7119s
 478244 74796 infeasible  350         2.00000    0.00000   100%   219 7128s
 478922 74989 infeasible  348         2.00000    0.00000   100%   219 7136s
 479672 75335    1.00000  327  211    2.00000    0.00000   100%   219 7145s
 480530 75484 infeasible  336         2.00000    0.00000   100%   219 7154s
 481269 75704    1.00000  349  173    2.00000    0.00000   100%   219 7163s
 482271 75940 infeasible  334         2.00000    0.00000   100%   219 7171s
 483368 76106    1.00000  355  160    2.00000    0.00000   100%   219 7179s
 484058 76430    1.00000  302  176    2.00000    0.00000   100%   219 7187s
 485078 76638 infeasible  347         2.00000    0.00000   100%   219 7195s
 485812 76933 infeasible  361         2.00000    0.00000   100%   219 7203s
 486725 76934 infeasible  335         2.00000    0.00000   100%   219 7211s
 486740 76939    1.00000  333  179    2.00000    0.00000   100%   219 7223s
 486751 76963 infeasible  334         2.00000    0.00000   100%   219 7235s
 486859 77081    1.00000  334  191    2.00000    0.00000   100%   219 7245s
 487286 77163 infeasible  335         2.00000    0.00000   100%   219 7253s
 487844 77434    1.00000  367  154    2.00000    0.00000   100%   219 7262s
 488989 77573 infeasible  352         2.00000    0.00000   100%   219 7270s
 489698 77698    1.00000  358  168    2.00000    0.00000   100%   220 7278s
 490491 77926    1.00000  361  172    2.00000    0.00000   100%   220 7296s
 491650 78073    1.00000  358  181    2.00000    0.00000   100%   220 7303s
 492173 78191    1.00000  328  171    2.00000    0.00000   100%   220 7311s
 492815 78418    1.00000  332  186    2.00000    0.00000   100%   220 7320s
 493666 78669 infeasible  343         2.00000    0.00000   100%   220 7327s
 494646 78822 infeasible  374         2.00000    0.00000   100%   220 7336s
 495427 79108    1.00000  364  168    2.00000    0.00000   100%   220 7344s
 496483 79270 infeasible  363         2.00000    0.00000   100%   220 7352s
 497423 79442    1.00000  347  186    2.00000    0.00000   100%   220 7359s
 498153 79705 infeasible  312         2.00000    0.00000   100%   220 7368s
 499065 79934    1.00000  366  165    2.00000    0.00000   100%   220 7376s
 499976 80045    1.00000  333  159    2.00000    0.00000   100%   220 7384s
 500695 80201 infeasible  346         2.00000    0.00000   100%   220 7391s
 501389 80515    0.00000  328  179    2.00000    0.00000   100%   220 7399s
 502299 80754    1.00000  336  178    2.00000    0.00000   100%   220 7406s
 503182 80879 infeasible  355         2.00000    0.00000   100%   220 7413s
 503883 81075 infeasible  336         2.00000    0.00000   100%   220 7420s
 504715 81214    1.00000  345  171    2.00000    0.00000   100%   220 7428s
 505390 81509    1.00000  346  173    2.00000    0.00000   100%   220 7447s
 506423 81740    1.00000  365  162    2.00000    0.00000   100%   220 7455s
 507320 81892    0.00000  352  183    2.00000    0.00000   100%   220 7462s
 508036 81885    1.00000  362  164    2.00000    0.00000   100%   220 7470s
 508059 81893    1.00000  363  170    2.00000    0.00000   100%   220 7479s
 508067 81901    1.00000  364  169    2.00000    0.00000   100%   220 7486s
 508075 81982 infeasible  365         2.00000    0.00000   100%   220 7496s
 508296 82189 infeasible  367         2.00000    0.00000   100%   220 7507s
 508915 82413 infeasible  362         2.00000    0.00000   100%   220 7517s
 509753 82977    1.00000  330  178    2.00000    0.00000   100%   220 7527s
 510869 83073    1.00000  341  190    2.00000    0.00000   100%   220 7536s
 511577 83319    1.00000  350  156    2.00000    0.00000   100%   220 7545s
 512679 83574    1.00000  345  174    2.00000    0.00000   100%   220 7554s
 513664 83620    1.00000  350  172    2.00000    0.00000   100%   220 7563s
 514312 83910    1.00000  349  176    2.00000    0.00000   100%   221 7572s
 515328 84197 infeasible  359         2.00000    0.00000   100%   221 7581s
 516087 84523    1.00000  350  174    2.00000    0.00000   100%   221 7590s
 517043 84703    1.00000  347  184    2.00000    0.00000   100%   221 7599s
 517579 84861    1.00000  358  177    2.00000    0.00000   100%   221 7609s
 518107 84918 infeasible  349         2.00000    0.00000   100%   221 7623s
 518634 85200    1.00000  337  186    2.00000    0.00000   100%   221 7633s
 519357 85208 infeasible  334         2.00000    0.00000   100%   221 7646s
 519427 85215    1.00000  333  184    2.00000    0.00000   100%   221 7667s
 519436 85223    1.00000  334  185    2.00000    0.00000   100%   221 7689s
 519444 85225 infeasible  335         2.00000    0.00000   100%   221 7711s
 519458 85229    1.00000  335  189    2.00000    0.00000   100%   221 7732s
 519470 85237    1.00000  336  189    2.00000    0.00000   100%   221 7752s
 519478 85245    1.00000  337  186    2.00000    0.00000   100%   221 7774s
 519486 85253    1.00000  338  178    2.00000    0.00000   100%   221 7825s
 519494 85261    1.00000  339  179    2.00000    0.00000   100%   221 7859s
 519502 85263    1.00000  340  176    2.00000    0.00000   100%   221 7880s
 519516 85269    1.00000  341  175    2.00000    0.00000   100%   221 7901s
 519526 85275    1.00000  342  174    2.00000    0.00000   100%   221 7920s
 519536 85283    1.00000  343  171    2.00000    0.00000   100%   221 8057s
 519544 85289    1.00000  344  167    2.00000    0.00000   100%   221 8079s
 519554 85294 infeasible  345         2.00000    0.00000   100%   221 8102s
 519565 85292    1.00000  346  166    2.00000    0.00000   100%   221 8124s
 519583 85297 infeasible  347         2.00000    0.00000   100%   221 8148s
 519594 85300 infeasible  348         2.00000    0.00000   100%   221 8177s
 519607 85303 infeasible  347         2.00000    0.00000   100%   221 8201s
 519620 85308    0.00000  325  178    2.00000    0.00000   100%   221 8227s
 519631 85315    0.00000  326  178    2.00000    0.00000   100%   221 8256s
 519640 85315    1.00000  327  194    2.00000    0.00000   100%   221 8298s
 519656 85320    1.00000  325  174    2.00000    0.00000   100%   221 8356s
 519667 85326    1.00000  326  183    2.00000    0.00000   100%   221 8382s
 519677 85328    1.00000  327  191    2.00000    0.00000   100%   221 8403s
 519691 85335    1.00000  328  177    2.00000    0.00000   100%   221 8441s
 519700 85339    1.00000  329  175    2.00000    0.00000   100%   221 8466s
 519712 85358    1.00000  330  175    2.00000    0.00000   100%   221 8501s
 519739 85355    1.00000  331  176    2.00000    0.00000   100%   221 8523s
 519884 85417    1.00000  332  174    2.00000    0.00000   100%   221 8561s
 520062 85764 infeasible  357         2.00000    0.00000   100%   221 8690s
 521139 85835 infeasible  340         2.00000    0.00000   100%   221 8781s
 522596 86389    1.00000  331  159    2.00000    0.00000   100%   221 8852s
 524742 86888    1.00000  331  168    2.00000    0.00000   100%   221 8895s
 526766 86917    1.00000  342  170    2.00000    0.00000   100%   221 8923s
 526827 87026 infeasible  343         2.00000    0.00000   100%   221 8956s
 527208 87155    1.00000  348  184    2.00000    0.00000   100%   221 8982s
 527625 87402    1.00000  349  182    2.00000    0.00000   100%   221 9012s
 528838 87447 infeasible  319         2.00000    0.00000   100%   221 9042s
 529169 87890    1.00000  329  182    2.00000    0.00000   100%   221 9068s
 530456 87997 infeasible  337         2.00000    0.00000   100%   221 9093s
 530850 88348 infeasible  319         2.00000    0.00000   100%   221 9119s
 532763 88505    1.00000  359  186    2.00000    0.00000   100%   221 9143s
 533298 88512    1.00000  354  173    2.00000    0.00000   100%   221 9168s
 533307 88571    1.00000  355  172    2.00000    0.00000   100%   221 9192s
 533606 89138    1.00000  356  170    2.00000    0.00000   100%   221 9216s
 535674 89406    1.00000  343  180    2.00000    0.00000   100%   221 9236s
 536894 89538    1.00000  331  172    2.00000    0.00000   100%   221 9244s
 537560 89884 infeasible  362         2.00000    0.00000   100%   221 9252s
 538478 90015    1.00000  335  173    2.00000    0.00000   100%   221 9260s
 539165 90319    1.00000  305  186    2.00000    0.00000   100%   221 9268s
 540175 90538    1.00000  320  159    2.00000    0.00000   100%   221 9275s
 541050 90767 infeasible  342         2.00000    0.00000   100%   221 9283s
 541789 90994    1.00000  339  175    2.00000    0.00000   100%   221 9290s
 542635 91123 infeasible  366         2.00000    0.00000   100%   221 9298s
 543348 91413 infeasible  347         2.00000    0.00000   100%   222 9306s
 544316 91597    1.00000  351  164    2.00000    0.00000   100%   221 9314s
 545152 91680    1.00000  354  175    2.00000    0.00000   100%   222 9322s
 545871 91964 infeasible  340         2.00000    0.00000   100%   222 9330s
 546765 92081    1.00000  347  162    2.00000    0.00000   100%   222 9338s
 547406 92337 infeasible  371         2.00000    0.00000   100%   222 9346s
 548265 92537    1.00000  356  178    2.00000    0.00000   100%   222 9354s
 549173 92666 infeasible  356         2.00000    0.00000   100%   222 9363s
 549826 92931    1.00000  347  172    2.00000    0.00000   100%   222 9371s
 550745 92964 infeasible  348         2.00000    0.00000   100%   222 9391s
 550842 93580    1.00000  342  177    2.00000    0.00000   100%   222 9437s
 553698 93958 infeasible  344         2.00000    0.00000   100%   222 9449s
 555137 94362    1.00000  342  177    2.00000    0.00000   100%   222 9460s
 556379 94434 infeasible  370         2.00000    0.00000   100%   222 9469s
 556707 94535 infeasible  339         2.00000    0.00000   100%   222 9479s
 557068 94591    1.00000  337  167    2.00000    0.00000   100%   222 9494s
 557336 94750    1.00000  323  174    2.00000    0.00000   100%   222 9504s
 557789 95005    1.00000  311  178    2.00000    0.00000   100%   222 9516s
 558732 95297    1.00000  319  175    2.00000    0.00000   100%   222 9526s
 559838 95655 infeasible  389         2.00000    0.00000   100%   222 9537s
 560938 96008    0.00000  348  183    2.00000    0.00000   100%   222 9547s
 562136 96015 infeasible  351         2.00000    0.00000   100%   222 9556s
 562145 96085 infeasible  351         2.00000    0.00000   100%   222 9566s
 562317 96256    1.00000  350  178    2.00000    0.00000   100%   222 9578s
 562840 96609 infeasible  351         2.00000    0.00000   100%   222 9588s
 564045 96900    1.00000  351  175    2.00000    0.00000   100%   222 9597s
 564968 97250    1.00000  317  192    2.00000    0.00000   100%   222 9607s
 566062 97729    1.00000  379  154    2.00000    0.00000   100%   222 9628s
 567385 97861    1.00000  331  172    2.00000    0.00000   100%   222 9635s
 568019 98124    1.00000  343  194    2.00000    0.00000   100%   222 9643s
 568962 98383    1.00000  364  162    2.00000    0.00000   100%   222 9651s
 569828 98654 infeasible  347         2.00000    0.00000   100%   222 9658s
 570575 99040 infeasible  348         2.00000    0.00000   100%   222 9665s
 571583 99250    1.00000  344  176    2.00000    0.00000   100%   222 9672s
 572353 99375 infeasible  351         2.00000    0.00000   100%   222 9678s
 572988 99623    1.00000  313  171    2.00000    0.00000   100%   222 9685s
 573892 99948 infeasible  334         2.00000    0.00000   100%   222 9692s
 574722 100138 infeasible  348         2.00000    0.00000   100%   222 9699s
 575384 100143 infeasible  356         2.00000    0.00000   100%   222 9707s
 575407 100150    1.00000  354  161    2.00000    0.00000   100%   222 9714s
 575416 100158    1.00000  355  159    2.00000    0.00000   100%   222 9723s
 575424 100297    1.00000  356  172    2.00000    0.00000   100%   222 9732s
 575759 100491 infeasible  343         2.00000    0.00000   100%   222 9740s
 576522 100701 infeasible  361         2.00000    0.00000   100%   222 9748s
 577368 100841    1.00000  351  153    2.00000    0.00000   100%   222 9756s
 578022 101131    1.00000  314  190    2.00000    0.00000   100%   222 9764s
 578894 101182 infeasible  352         2.00000    0.00000   100%   222 9771s
 579491 101388    1.00000  347  186    2.00000    0.00000   100%   222 9779s
 580304 101676    1.00000  360  181    2.00000    0.00000   100%   222 9787s
 581219 101926 infeasible  375         2.00000    0.00000   100%   222 9807s
 582245 102275 infeasible  345         2.00000    0.00000   100%   222 9816s
 583202 102517    1.00000  331  177    2.00000    0.00000   100%   222 9825s
 584207 102696    1.00000  343  175    2.00000    0.00000   100%   222 9833s
 584961 103025    1.00000  311  194    2.00000    0.00000   100%   222 9841s
 585947 103211 infeasible  347         2.00000    0.00000   100%   222 9848s
 586605 103570    1.00000  310  176    2.00000    0.00000   100%   222 9854s
 587546 103787 infeasible  344         2.00000    0.00000   100%   222 9862s
 588440 103880 infeasible  347         2.00000    0.00000   100%   222 9869s
 589115 104203    1.00000  351  179    2.00000    0.00000   100%   222 9877s
 590090 104520    1.00000  331  185    2.00000    0.00000   100%   222 9884s
 591103 104683    0.00000  330  187    2.00000    0.00000   100%   222 9891s
 591814 104945 infeasible  340         2.00000    0.00000   100%   222 9899s
 592705 105206    1.00000  327  185    2.00000    0.00000   100%   222 9906s
 593432 105512    1.00000  339  182    2.00000    0.00000   100%   222 9914s
 594430 105746    1.00000  357  176    2.00000    0.00000   100%   222 9921s
 595102 105765 infeasible  350         2.00000    0.00000   100%   222 9929s
 595211 105801 infeasible  351         2.00000    0.00000   100%   222 9938s
 595313 105856    1.00000  349  191    2.00000    0.00000   100%   222 9952s
 595416 105877 infeasible  350         2.00000    0.00000   100%   222 9965s
 595559 105961    1.00000  315  183    2.00000    0.00000   100%   222 9980s
 595795 106058    1.00000  316  182    2.00000    0.00000   100%   222 10019s
 596172 106783    1.00000  317  181    2.00000    0.00000   100%   222 10049s
 598006 107310    1.00000  318  180    2.00000    0.00000   100%   222 10065s
 599372 107970 infeasible  338         2.00000    0.00000   100%   222 10077s
 600856 108330 infeasible  367         2.00000    0.00000   100%   222 10088s
 601854 108796    1.00000  355  175    2.00000    0.00000   100%   222 10098s
 603066 109052 infeasible  355         2.00000    0.00000   100%   222 10107s
 603992 109361    1.00000  328  206    2.00000    0.00000   100%   222 10117s
 604955 109631    1.00000  336  205    2.00000    0.00000   100%   222 10126s
 605851 109947    1.00000  337  199    2.00000    0.00000   100%   222 10135s
 606909 110284    1.00000  304  179    2.00000    0.00000   100%   222 10144s
 607954 110566    1.00000  356  178    2.00000    0.00000   100%   222 10153s
 608766 110938    1.00000  342  194    2.00000    0.00000   100%   222 10162s
 609858 111236    1.00000  338  173    2.00000    0.00000   100%   222 10170s
 610732 111697    1.00000  345  174    2.00000    0.00000   100%   222 10187s
 612059 111857 infeasible  339         2.00000    0.00000   100%   222 10194s
 612689 112152 infeasible  352         2.00000    0.00000   100%   222 10201s
 613506 112426    1.00000  362  177    2.00000    0.00000   100%   222 10208s
 614311 112567 infeasible  350         2.00000    0.00000   100%   222 10216s
 614884 112866    1.00000  327  184    2.00000    0.00000   100%   222 10224s
 615690 113362    1.00000  341  189    2.00000    0.00000   100%   222 10232s
 616716 113612    1.00000  362  163    2.00000    0.00000   100%   222 10240s
 617410 113894    1.00000  334  175    2.00000    0.00000   100%   222 10248s
 618307 113960    1.00000  328  173    2.00000    0.00000   100%   222 10259s
 618547 114034    1.00000  338  172    2.00000    0.00000   100%   222 10268s
 618729 114064    1.00000  339  175    2.00000    0.00000   100%   222 10278s
 618929 114097    1.00000  340  169    2.00000    0.00000   100%   222 10288s
 619152 114138    1.00000  341  155    2.00000    0.00000   100%   222 10299s
 619341 114225    1.00000  342  157    2.00000    0.00000   100%   222 10322s
 619638 114295 infeasible  343         2.00000    0.00000   100%   222 10331s
 619918 114378    1.00000  344  167    2.00000    0.00000   100%   222 10345s
 620199 114424    1.00000  345  166    2.00000    0.00000   100%   222 10366s
 620439 114548    1.00000  346  167    2.00000    0.00000   100%   222 10387s
 620749 114605    1.00000  347  166    2.00000    0.00000   100%   222 10398s
 621044 114865    1.00000  348  171    2.00000    0.00000   100%   222 10411s
 622025 115225    1.00000  345  181    2.00000    0.00000   100%   222 10423s
 623121 115754 infeasible  354         2.00000    0.00000   100%   222 10434s
 624500 115760    1.00000  350  191    2.00000    0.00000   100%   222 10445s
 624510 115768    1.00000  351  188    2.00000    0.00000   100%   222 10455s
 624518 115838    1.00000  352  180    2.00000    0.00000   100%   222 10467s
 624746 115868 infeasible  353         2.00000    0.00000   100%   222 10478s
 624918 116037 infeasible  351         2.00000    0.00000   100%   222 10489s
 625677 116262 infeasible  354         2.00000    0.00000   100%   222 10509s
 626582 116617    1.00000  337  170    2.00000    0.00000   100%   222 10519s
 627787 116920    0.00000  336  190    2.00000    0.00000   100%   222 10528s
 628643 117190 infeasible  333         2.00000    0.00000   100%   222 10535s
 629401 117468    1.00000  306  181    2.00000    0.00000   100%   222 10542s
 630271 117665 infeasible  367         2.00000    0.00000   100%   222 10550s
 631068 117995    1.00000  344  171    2.00000    0.00000   100%   222 10557s
 631970 118113    1.00000  352  174    2.00000    0.00000   100%   222 10564s
 632624 118118    1.00000  342  177    2.00000    0.00000   100%   222 10572s
 632635 118126    1.00000  343  176    2.00000    0.00000   100%   222 10581s
 632643 118152 infeasible  344         2.00000    0.00000   100%   222 10592s
 632718 118199 infeasible  344         2.00000    0.00000   100%   222 10601s
 633041 118416 infeasible  343         2.00000    0.00000   100%   222 10610s
 633746 118541 infeasible  341         2.00000    0.00000   100%   222 10619s
 634495 118879    1.00000  352  171    2.00000    0.00000   100%   222 10628s
 635515 119238    1.00000  343  175    2.00000    0.00000   100%   222 10637s
 636494 119457 infeasible  399         2.00000    0.00000   100%   222 10645s
 637297 119792 infeasible  342         2.00000    0.00000   100%   222 10654s
 638318 120017 infeasible  351         2.00000    0.00000   100%   222 10663s
 639193 120286    1.00000  322  179    2.00000    0.00000   100%   222 10671s
 640026 120824    1.00000  317  195    2.00000    0.00000   100%   222 10680s
 641076 121083 infeasible  355         2.00000    0.00000   100%   222 10700s
 642129 121585    1.00000  355  189    2.00000    0.00000   100%   222 10708s
 643283 121813 infeasible  350         2.00000    0.00000   100%   222 10716s
 644053 122065    1.00000  366  190    2.00000    0.00000   100%   222 10723s
 644799 122314    1.00000  355  181    2.00000    0.00000   100%   222 10731s
 645586 122440 infeasible  347         2.00000    0.00000   100%   222 10738s
 646250 122767 infeasible  327         2.00000    0.00000   100%   222 10746s
 647101 122985    1.00000  330  170    2.00000    0.00000   100%   222 10754s
 647783 123502 infeasible  325         2.00000    0.00000   100%   222 10762s
 648910 123767 infeasible  335         2.00000    0.00000   100%   222 10770s
 649739 124014 infeasible  334         2.00000    0.00000   100%   222 10777s
 650418 124328    1.00000  319  187    2.00000    0.00000   100%   222 10785s
 651270 124581 infeasible  360         2.00000    0.00000   100%   222 10792s
 652000 124988    1.00000  347  168    2.00000    0.00000   100%   222 10800s
 653058 125220    1.00000  328  185    2.00000    0.00000   100%   222 10808s
 653770 125476    0.00000  335  195    2.00000    0.00000   100%   222 10815s
 654644 125731    1.00000  332  194    2.00000    0.00000   100%   222 10821s
 655477 125907    1.00000  343  178    2.00000    0.00000   100%   222 10828s
 656159 125913 infeasible  330         2.00000    0.00000   100%   222 10850s
 656169 126811    1.00000  336  179    2.00000    0.00000   100%   222 10904s
 659025 127246    1.00000  341  173    2.00000    0.00000   100%   222 10918s
 660337 127704    0.00000  308  181    2.00000    0.00000   100%   222 10930s
 661763 127973    1.00000  333  164    2.00000    0.00000   100%   222 10939s
 662734 128560    1.00000  316  169    2.00000    0.00000   100%   222 10949s
 663911 128837    1.00000  333  205    2.00000    0.00000   100%   222 10959s
 664858 129121    1.00000  341  194    2.00000    0.00000   100%   222 10968s
 665958 129484    1.00000  327  183    2.00000    0.00000   100%   222 10977s
 667008 129788    1.00000  348  162    2.00000    0.00000   100%   222 10986s
 667872 130190    1.00000  341  198    2.00000    0.00000   100%   222 10996s
 669016 130285    1.00000  347  176    2.00000    0.00000   100%   222 11004s
 669755 130572    1.00000  307  176    2.00000    0.00000   100%   222 11013s
 670676 131069 infeasible  344         2.00000    0.00000   100%   222 11033s
 672116 131226    1.00000  352  171    2.00000    0.00000   100%   222 11039s
 672633 131464    1.00000  390  166    2.00000    0.00000   100%   222 11047s
 673441 131592    1.00000  399  158    2.00000    0.00000   100%   222 11054s
 674025 131901    1.00000  350  192    2.00000    0.00000   100%   222 11062s
 674943 132134    1.00000  348  169    2.00000    0.00000   100%   222 11069s
 675660 132343 infeasible  364         2.00000    0.00000   100%   222 11077s
 676489 132637    1.00000  352  176    2.00000    0.00000   100%   222 11084s
 677300 132920 infeasible  350         2.00000    0.00000   100%   222 11092s
 678357 133173    1.00000  333  196    2.00000    0.00000   100%   222 11099s
 679100 133473    1.00000  353  192    2.00000    0.00000   100%   222 11107s
 680002 133700 infeasible  358         2.00000    0.00000   100%   222 11114s
 680719 133964    0.00000  339  186    2.00000    0.00000   100%   222 11121s
 681531 133968 infeasible  353         2.00000    0.00000   100%   222 11129s
 681543 133976    1.00000  354  186    2.00000    0.00000   100%   222 11141s
 681551 133982    1.00000  355  183    2.00000    0.00000   100%   222 11150s
 681561 133987    1.00000  356  186    2.00000    0.00000   100%   222 11160s
 681572 134046    1.00000  357  180    2.00000    0.00000   100%   222 11169s
 681859 134118 infeasible  358         2.00000    0.00000   100%   222 11177s
 682403 134381    1.00000  311  182    2.00000    0.00000   100%   222 11185s
 683266 134704    1.00000  334  196    2.00000    0.00000   100%   222 11193s
 684170 134934 infeasible  356         2.00000    0.00000   100%   222 11201s
 684808 135247    1.00000  343  198    2.00000    0.00000   100%   222 11209s
 685715 135593    1.00000  334  189    2.00000    0.00000   100%   222 11229s
 686747 136075    1.00000  372  164    2.00000    0.00000   100%   222 11238s
 687786 136393    1.00000  283  214    2.00000    0.00000   100%   222 11245s
 688666 136779    1.00000  340  177    2.00000    0.00000   100%   222 11253s
 689562 136945 infeasible  362         2.00000    0.00000   100%   222 11259s
 690184 137276    1.00000  344  174    2.00000    0.00000   100%   222 11266s
 691270 137558    1.00000  342  179    2.00000    0.00000   100%   222 11274s
 692127 137760    1.00000  317  174    2.00000    0.00000   100%   222 11281s
 692801 138021 infeasible  337         2.00000    0.00000   100%   222 11289s
 693696 138382 infeasible  340         2.00000    0.00000   100%   222 11296s
 694601 138650    1.00000  353  187    2.00000    0.00000   100%   222 11303s
 695265 138971 infeasible  358         2.00000    0.00000   100%   222 11311s
 696160 139366    1.00000  343  182    2.00000    0.00000   100%   222 11319s
 696915 139633 infeasible  353         2.00000    0.00000   100%   222 11326s
 697660 139853    1.00000  355  204    2.00000    0.00000   100%   222 11334s
 698436 140068    1.00000  344  187    2.00000    0.00000   100%   222 11341s
 699105 140444    1.00000  342  174    2.00000    0.00000   100%   222 11349s
 700053 140667    1.00000  334  197    2.00000    0.00000   100%   222 11356s
 700841 141058    1.00000  341  180    2.00000    0.00000   100%   222 11374s
 701886 141494    1.00000  356  170    2.00000    0.00000   100%   222 11383s
 702886 141875    1.00000  324  202    2.00000    0.00000   100%   222 11391s
 703793 142029    1.00000  311  188    2.00000    0.00000   100%   222 11399s
 704445 142235    1.00000  321  190    2.00000    0.00000   100%   222 11407s
 705215 142624    1.00000  333  192    2.00000    0.00000   100%   222 11415s
 706108 142808 infeasible  327         2.00000    0.00000   100%   222 11422s
 706824 143144 infeasible  337         2.00000    0.00000   100%   222 11430s
 707805 143522    1.00000  349  195    2.00000    0.00000   100%   222 11438s
 708710 143520    1.00000  309  200    2.00000    0.00000   100%   222 11445s
 708728 143523    1.00000  310  197    2.00000    0.00000   100%   222 11457s
 708741 143531    1.00000  311  200    2.00000    0.00000   100%   222 11468s
 708749 143590    1.00000  312  195    2.00000    0.00000   100%   222 11480s
 708880 143764    1.00000  339  215    2.00000    0.00000   100%   222 11487s
 709498 144052    1.00000  320  182    2.00000    0.00000   100%   222 11495s
 710340 144287    1.00000  340  186    2.00000    0.00000   100%   222 11504s
 711215 144528 infeasible  328         2.00000    0.00000   100%   222 11511s
 712102 144772    1.00000  325  185    2.00000    0.00000   100%   222 11518s
 713004 144955 infeasible  339         2.00000    0.00000   100%   222 11525s
 713934 145248    1.00000  335  200    2.00000    0.00000   100%   222 11531s
 714699 145617    1.00000  315  176    2.00000    0.00000   100%   222 11538s
 715650 146103 infeasible  380         2.00000    0.00000   100%   222 11557s
 717032 146314    1.00000  323  177    2.00000    0.00000   100%   222 11563s
 717603 146541    1.00000  343  183    2.00000    0.00000   100%   222 11570s
 718470 146817 infeasible  349         2.00000    0.00000   100%   222 11577s
 719159 147110 infeasible  336         2.00000    0.00000   100%   222 11585s
 720068 147296    1.00000  326  196    2.00000    0.00000   100%   222 11592s
 720750 147603    1.00000  323  200    2.00000    0.00000   100%   222 11599s
 721583 147783    1.00000  335  188    2.00000    0.00000   100%   222 11606s
 722189 148245    1.00000  317  200    2.00000    0.00000   100%   222 11613s
 723139 148504 infeasible  357         2.00000    0.00000   100%   222 11621s
 723998 148654    1.00000  341  182    2.00000    0.00000   100%   222 11628s
 724626 149012    1.00000  327  183    2.00000    0.00000   100%   222 11636s
 725495 149379    1.00000  349  212    2.00000    0.00000   100%   222 11643s
 726436 149625 infeasible  371         2.00000    0.00000   100%   222 11650s
 727162 149829    1.00000  356  177    2.00000    0.00000   100%   222 11657s
 727920 150056    1.00000  333  194    2.00000    0.00000   100%   222 11665s
 728587 150415    1.00000  332  181    2.00000    0.00000   100%   222 11672s
 729510 150863    1.00000  334  188    2.00000    0.00000   100%   222 11680s
 730576 151221 infeasible  364         2.00000    0.00000   100%   222 11699s
 731682 151377    1.00000  313  185    2.00000    0.00000   100%   222 11707s
 732477 151759 infeasible  375         2.00000    0.00000   100%   222 11715s
 733432 152024    1.00000  333  160    2.00000    0.00000   100%   222 11723s
 734123 152030    1.00000  322  173    2.00000    0.00000   100%   222 11733s
 734133 152036    1.00000  323  172    2.00000    0.00000   100%   222 11742s
 734143 152039    1.00000  324  165    2.00000    0.00000   100%   222 11754s
 734162 152213    1.00000  325  170    2.00000    0.00000   100%   222 11762s
 734606 152382 infeasible  365         2.00000    0.00000   100%   222 11771s
 735283 152728    1.00000  331  182    2.00000    0.00000   100%   222 11780s
 736377 152971    1.00000  348  184    2.00000    0.00000   100%   222 11789s
 737289 153241    1.00000  338  192    2.00000    0.00000   100%   222 11797s
 738081 153807    1.00000  365  152    2.00000    0.00000   100%   222 11806s
 739267 154056    1.00000  356  171    2.00000    0.00000   100%   222 11814s
 740022 154382    1.00000  357  197    2.00000    0.00000   100%   222 11822s
 740988 154587    1.00000  377  185    2.00000    0.00000   100%   222 11830s
 741719 154813    1.00000  340  184    2.00000    0.00000   100%   222 11838s
 742577 155049 infeasible  364         2.00000    0.00000   100%   222 11846s
 743347 155364    1.00000  338  174    2.00000    0.00000   100%   222 11854s
 744344 155770    1.00000  332  185    2.00000    0.00000   100%   222 11862s
 745407 156191    1.00000  355  186    2.00000    0.00000   100%   222 11881s
 746518 156553 infeasible  344         2.00000    0.00000   100%   222 11889s
 747596 156878    1.00000  344  174    2.00000    0.00000   100%   222 11896s
 748551 157180    1.00000  273  209    2.00000    0.00000   100%   222 11903s
 749273 157423    1.00000  293  196    2.00000    0.00000   100%   222 11910s
 749902 157793    1.00000  349  178    2.00000    0.00000   100%   222 11917s
 750830 157959    1.00000  321  169    2.00000    0.00000   100%   222 11924s
 751448 158365    1.00000  339  183    2.00000    0.00000   100%   222 11931s
 752350 158652 infeasible  341         2.00000    0.00000   100%   222 11938s
 753079 158845    0.00000  330  188    2.00000    0.00000   100%   222 11946s
 753750 159197    1.00000  362  156    2.00000    0.00000   100%   222 11953s
 754672 159383 infeasible  357         2.00000    0.00000   100%   222 11961s
 755388 159708    1.00000  356  195    2.00000    0.00000   100%   222 11968s
 756223 159921    1.00000  346  185    2.00000    0.00000   100%   222 11975s
 756970 159929    1.00000  303  196    2.00000    0.00000   100%   222 11983s
 756978 159935    1.00000  301  208    2.00000    0.00000   100%   222 11990s
 756988 159942    1.00000  304  199    2.00000    0.00000   100%   222 11999s
 756997 159967 infeasible  305         2.00000    0.00000   100%   222 12007s
 757056 160192    1.00000  306  199    2.00000    0.00000   100%   222 12015s
 757663 160431    1.00000  307  201    2.00000    0.00000   100%   222 12022s
 758570 160667    1.00000  337  192    2.00000    0.00000   100%   222 12030s
 759256 161080    1.00000  321  178    2.00000    0.00000   100%   222 12038s
 760083 161449    1.00000  325  217    2.00000    0.00000   100%   222 12058s
 761373 161642    1.00000  346  195    2.00000    0.00000   100%   222 12065s
 762022 161954 infeasible  382         2.00000    0.00000   100%   222 12072s
 762768 162259 infeasible  340         2.00000    0.00000   100%   222 12079s
 763609 162482    1.00000  305  201    2.00000    0.00000   100%   222 12085s
 764390 162737    1.00000  346  175    2.00000    0.00000   100%   222 12092s
 765085 163052    1.00000  340  196    2.00000    0.00000   100%   222 12099s
 765968 163251    1.00000  310  191    2.00000    0.00000   100%   222 12105s
 766619 163559    1.00000  322  187    2.00000    0.00000   100%   222 12113s
 767490 163815    1.00000  283  192    2.00000    0.00000   100%   222 12121s
 768364 164022    1.00000  341  198    2.00000    0.00000   100%   222 12129s
 769099 164273    1.00000  336  187    2.00000    0.00000   100%   222 12137s
 769914 164680 infeasible  343         2.00000    0.00000   100%   222 12145s
 770861 164968    1.00000  319  191    2.00000    0.00000   100%   222 12152s
 771614 165342    1.00000  372  156    2.00000    0.00000   100%   222 12160s
 772606 165606 infeasible  367         2.00000    0.00000   100%   222 12168s
 773342 165991    1.00000  331  184    2.00000    0.00000   100%   222 12176s
 774275 166278    1.00000  333  173    2.00000    0.00000   100%   222 12184s
 775044 166757    1.00000  328  185    2.00000    0.00000   100%   222 12205s
 776423 167085 infeasible  269         2.00000    0.00000   100%   222 12211s
 777175 167384    1.00000  281  217    2.00000    0.00000   100%   222 12218s
 777882 167854    1.00000  285  205    2.00000    0.00000   100%   222 12225s
 778762 168001    1.00000  336  187    2.00000    0.00000   100%   222 12231s
 779305 168005 infeasible  346         2.00000    0.00000   100%   222 12239s
 779317 168008 infeasible  269         2.00000    0.00000   100%   222 12247s
 779330 168016    1.00000  270  202    2.00000    0.00000   100%   222 12255s
 779338 168019    1.00000  271  203    2.00000    0.00000   100%   222 12264s
 779355 168243    1.00000  272  214    2.00000    0.00000   100%   222 12273s
 779791 168449    1.00000  273  217    2.00000    0.00000   100%   222 12281s
 780419 168802    1.00000  274  236    2.00000    0.00000   100%   222 12289s
 781442 169002    1.00000  323  196    2.00000    0.00000   100%   222 12297s
 782160 169280 infeasible  336         2.00000    0.00000   100%   222 12304s
 783042 169577    1.00000  359  176    2.00000    0.00000   100%   222 12312s
 783903 169822 infeasible  334         2.00000    0.00000   100%   222 12319s
 784686 170063    1.00000  342  187    2.00000    0.00000   100%   222 12327s
 785539 170291 infeasible  316         2.00000    0.00000   100%   222 12334s
 786097 170663 infeasible  322         2.00000    0.00000   100%   222 12341s
 787045 170985 infeasible  328         2.00000    0.00000   100%   222 12348s
 787885 171165    1.00000  307  186    2.00000    0.00000   100%   222 12355s
 788529 171522    1.00000  321  179    2.00000    0.00000   100%   222 12361s
 789384 171987    1.00000  304  187    2.00000    0.00000   100%   222 12368s
 790260 172306 infeasible  363         2.00000    0.00000   100%   222 12386s
 791153 172784    1.00000  320  176    2.00000    0.00000   100%   222 12396s
 792271 173136 infeasible  333         2.00000    0.00000   100%   222 12404s
 793221 173303 infeasible  360         2.00000    0.00000   100%   222 12412s
 793866 173536 infeasible  325         2.00000    0.00000   100%   222 12420s
 794653 173922 infeasible  337         2.00000    0.00000   100%   222 12427s
 795730 174303    1.00000  332  167    2.00000    0.00000   100%   222 12434s
 796656 174625    1.00000  332  187    2.00000    0.00000   100%   222 12441s
 797440 174949    1.00000  334  178    2.00000    0.00000   100%   222 12447s
 798314 175411    1.00000  342  189    2.00000    0.00000   100%   222 12454s
 799336 175574    1.00000  332  228    2.00000    0.00000   100%   222 12462s
 799975 175869    1.00000  344  198    2.00000    0.00000   100%   222 12469s
 800919 176250 infeasible  348         2.00000    0.00000   100%   222 12476s
 801812 176506    1.00000  334  171    2.00000    0.00000   100%   221 12483s
 802580 177005    1.00000  308  187    2.00000    0.00000   100%   221 12491s
 803571 177309 infeasible  354         2.00000    0.00000   100%   221 12498s
 804343 177501    1.00000  331  190    2.00000    0.00000   100%   221 12505s
 804837 177630    1.00000  345  169    2.00000    0.00000   100%   221 12522s
 805190 178299    1.00000  317  173    2.00000    0.00000   100%   221 12546s
 807259 178661    1.00000  330  180    2.00000    0.00000   100%   221 12556s
 808077 179173 infeasible  373         2.00000    0.00000   100%   221 12566s
 809413 179346    1.00000  322  180    2.00000    0.00000   100%   221 12576s
 810160 179712    1.00000  330  185    2.00000    0.00000   100%   221 12585s
 811153 180109 infeasible  360         2.00000    0.00000   100%   221 12594s
 811998 180103    1.00000  308  194    2.00000    0.00000   100%   221 12602s
 812020 180116    1.00000  309  197    2.00000    0.00000   100%   221 12612s
 812033 180219    1.00000  310  202    2.00000    0.00000   100%   221 12621s
 812330 180591 infeasible  344         2.00000    0.00000   100%   221 12630s
 813175 180897 infeasible  367         2.00000    0.00000   100%   221 12640s
 813905 181044    1.00000  338  158    2.00000    0.00000   100%   221 12650s
 814264 181106    1.00000  359  181    2.00000    0.00000   100%   221 12664s
 814432 181171    1.00000  330  190    2.00000    0.00000   100%   221 12680s
 814619 181297    1.00000  362  180    2.00000    0.00000   100%   221 12691s
 814863 181618    1.00000  338  190    2.00000    0.00000   100%   221 12701s
 815568 182151 infeasible  342         2.00000    0.00000   100%   221 12711s
 816703 182471 infeasible  324         2.00000    0.00000   100%   221 12720s
 817519 182931    1.00000  311  200    2.00000    0.00000   100%   221 12731s
 818723 183411    1.00000  346  176    2.00000    0.00000   100%   221 12741s
 819921 183940    1.00000  308  212    2.00000    0.00000   100%   221 12760s
 820983 184247 infeasible  310         2.00000    0.00000   100%   221 12768s
 821796 184624 infeasible  349         2.00000    0.00000   100%   221 12777s
 822603 184900    1.00000  329  184    2.00000    0.00000   100%   221 12785s
 823161 184908    1.00000  324  181    2.00000    0.00000   100%   221 12794s
 823169 184924    1.00000  325  183    2.00000    0.00000   100%   221 12802s
 823185 185049    1.00000  326  181    2.00000    0.00000   100%   221 12812s
 823394 185336    1.00000  327  182    2.00000    0.00000   100%   221 12822s
 824037 185771    1.00000  334  193    2.00000    0.00000   100%   221 12832s
 825052 186100    1.00000  334  191    2.00000    0.00000   100%   221 12841s
 825866 186541    1.00000  323  196    2.00000    0.00000   100%   221 12851s
 826984 186903    1.00000  340  188    2.00000    0.00000   100%   221 12860s
 827854 187333    1.00000  319  169    2.00000    0.00000   100%   221 12869s
 828942 187645 infeasible  364         2.00000    0.00000   100%   221 12878s
 829826 188005    1.00000  321  195    2.00000    0.00000   100%   221 12886s
 830616 188458    1.00000  293  200    2.00000    0.00000   100%   221 12894s
 831509 188889    1.00000  338  196    2.00000    0.00000   100%   221 12902s
 832324 189265    1.00000  362  173    2.00000    0.00000   100%   221 12910s
 833028 189606    0.00000   95  277    2.00000    0.00000   100%   221 12919s
 833759 189937    0.00000  121  312    2.00000    0.00000   100%   221 12928s
 834444 190342    1.00000  142  329    2.00000    0.00000   100%   221 12947s
 835403 190646    1.00000  171  309    2.00000    0.00000   100%   221 12956s
 836095 190973    1.00000  194  326    2.00000    0.00000   100%   221 12966s
 836868 190979    1.00000  219  311    2.00000    0.00000   100%   221 12976s
 836878 190994    1.00000  220  312    2.00000    0.00000   100%   221 12987s
 836903 191149    1.00000  221  311    2.00000    0.00000   100%   221 12996s
 837370 191678    1.00000  236  322    2.00000    0.00000   100%   221 13006s
 838509 192044    1.00000  272  319    2.00000    0.00000   100%   221 13015s
 839333 192511    1.00000  301  318    2.00000    0.00000   100%   221 13024s
 840426 192879    1.00000  324  329    2.00000    0.00000   100%   221 13034s
 841318 193207    1.00000  364  338    2.00000    0.00000   100%   221 13043s
 842175 193651    1.00000  401  320    2.00000    0.00000   100%   221 13051s
 843163 194197    1.00000  438  320    2.00000    0.00000   100%   221 13060s
 844294 194552    1.00000  481  313    2.00000    0.00000   100%   221 13069s
 845117 195003    1.00000  525  307    2.00000    0.00000   100%   221 13078s
 846073 195288    1.00000  563  278    2.00000    0.00000   100%   221 13087s
 846836 195691    1.00000  606  273    2.00000    0.00000   100%   221 13095s
 847721 196177    1.00000  339  220    2.00000    0.00000   100%   221 13102s
 848753 196614    1.00000  335  196    2.00000    0.00000   100%   221 13110s
 849658 197054    1.00000  381  178    2.00000    0.00000   100%   221 13127s
 850705 197265 infeasible  350         2.00000    0.00000   100%   221 13134s
 851272 197728    1.00000  297  210    2.00000    0.00000   100%   221 13143s
 852113 197733    1.00000  358  230    2.00000    0.00000   100%   221 13152s
 852124 197770    1.00000  359  232    2.00000    0.00000   100%   221 13163s
 852197 198161    1.00000  341  191    2.00000    0.00000   100%   221 13173s
 852850 198912 infeasible  377         2.00000    0.00000   100%   221 13183s
 854077 199317    1.00000  356  210    2.00000    0.00000   100%   221 13193s
 854886 199813    1.00000  328  180    2.00000    0.00000   100%   221 13202s
 855926 200115    1.00000  297  214    2.00000    0.00000   100%   221 13212s
 856698 200593    1.00000  341  206    2.00000    0.00000   100%   221 13221s
 857633 201038    1.00000  347  183    2.00000    0.00000   100%   221 13229s
 858575 201330    1.00000  365  172    2.00000    0.00000   100%   221 13238s
 859189 201513    1.00000  315  188    2.00000    0.00000   100%   221 13247s
 859790 201914 infeasible  329         2.00000    0.00000   100%   221 13256s
 860599 202271 infeasible  318         2.00000    0.00000   100%   221 13264s
 861385 202540    1.00000  320  195    2.00000    0.00000   100%   221 13273s
 861942 202939 infeasible  332         2.00000    0.00000   100%   221 13283s
 862657 203192    1.00000  352  174    2.00000    0.00000   100%   220 13292s
 863198 203521    0.00000  335  212    2.00000    0.00000   100%   220 13302s
 863757 203623    1.00000  299  249    2.00000    0.00000   100%   220 13312s
 863965 203667    1.00000  313  225    2.00000    0.00000   100%   220 13322s
 864033 203778 infeasible  314         2.00000    0.00000   100%   221 13350s
 864226 203850 infeasible  314         2.00000    0.00000   100%   221 13371s
 864394 205011    1.00000  312  248    2.00000    0.00000   100%   221 13419s
 866902 205567 infeasible  361         2.00000    0.00000   100%   221 13433s
 867844 206061    1.00000  100  244    2.00000    0.00000   100%   221 13446s
 868680 206527    1.00000  149  262    2.00000    0.00000   100%   221 13460s
 869584 207027 infeasible  189         2.00000    0.00000   100%   221 13474s
 870740 207435 infeasible  347         2.00000    0.00000   100%   221 13486s
 871668 208042 infeasible  323         2.00000    0.00000   100%   221 13499s
 872750 208671 infeasible   77         2.00000    0.00000   100%   221 13511s
 873523 209262    1.00000  202  273    2.00000    0.00000   100%   221 13523s
 874501 209780    1.00000  286  249    2.00000    0.00000   100%   220 13536s
 875516 209788    1.00000  332  183    2.00000    0.00000   100%   220 13548s
 875524 209794    1.00000  333  177    2.00000    0.00000   100%   220 13560s
 875534 209943 infeasible  334         2.00000    0.00000   100%   220 13574s
 875819 210488 infeasible  342         2.00000    0.00000   100%   220 13586s
 876792 211079 infeasible  322         2.00000    0.00000   100%   220 13598s
 878091 211608    1.00000  335  198    2.00000    0.00000   100%   220 13609s
 879298 212181 infeasible  329         2.00000    0.00000   100%   220 13629s
 880501 212610    1.00000  333  203    2.00000    0.00000   100%   220 13636s
 881444 212917    1.00000  374  186    2.00000    0.00000   100%   220 13643s
 882111 213360 infeasible  323         2.00000    0.00000   100%   220 13650s
 883018 213540    0.00000  317  203    2.00000    0.00000   100%   220 13657s
 883718 213578    1.00000  162  271    2.00000    0.00000   100%   220 13668s
 883790 213586    1.00000  171  296    2.00000    0.00000   100%   220 13679s
 883798 213589    1.00000  172  311    2.00000    0.00000   100%   220 13686s
 883811 213593    1.00000  173  309    2.00000    0.00000   100%   220 13696s
 883823 213601    1.00000  174  307    2.00000    0.00000   100%   220 13703s
 883831 213763    1.00000  175  314    2.00000    0.00000   100%   220 13711s
 884175 214208    1.00000  192  287    2.00000    0.00000   100%   220 13720s
 885084 214727    1.00000  290  259    2.00000    0.00000   100%   220 13728s
 885979 215284    1.00000  365  263    2.00000    0.00000   100%   220 13736s
 886933 215668 infeasible  431         2.00000    0.00000   100%   220 13744s
 887713 216136    1.00000  330  192    2.00000    0.00000   100%   220 13752s
 888653 216427    1.00000  301  235    2.00000    0.00000   100%   220 13759s
 889452 216775    1.00000  289  226    2.00000    0.00000   100%   220 13767s
 890346 217141 infeasible  329         2.00000    0.00000   100%   220 13775s
 891112 217652 infeasible  275         2.00000    0.00000   100%   220 13783s
 891969 218181    1.00000  278  212    2.00000    0.00000   100%   220 13790s
 892884 218484    1.00000  308  201    2.00000    0.00000   100%   220 13798s
 893531 218888 infeasible  306         2.00000    0.00000   100%   220 13804s
 894345 219670    1.00000  315  209    2.00000    0.00000   100%   220 13821s
 895495 219678    1.00000  362  200    2.00000    0.00000   100%   220 13829s
 895503 219676 infeasible  363         2.00000    0.00000   100%   220 13836s
 895521 219682    1.00000  314  188    2.00000    0.00000   100%   220 13847s
 895531 219791    1.00000  315  183    2.00000    0.00000   100%   220 13858s
 895668 219971    1.00000  316  198    2.00000    0.00000   100%   220 13868s
 896274 220504    1.00000  299  202    2.00000    0.00000   100%   220 13879s
 897327 221053    1.00000   94  274    2.00000    0.00000   100%   220 13890s
 898241 221623    1.00000  138  307    2.00000    0.00000   100%   220 13899s
 898899 222124 infeasible  150         2.00000    0.00000   100%   220 13909s
 899550 222805    1.00000  292  211    2.00000    0.00000   100%   220 13920s
 900731 223225 infeasible  338         2.00000    0.00000   100%   220 13930s
 901549 223661    1.00000  363  193    2.00000    0.00000   100%   220 13940s
 902239 224028    1.00000  162  267    2.00000    0.00000   100%   220 13950s
 902814 224689    1.00000  212  317    2.00000    0.00000   100%   220 13960s
 903678 225145    1.00000  315  317    2.00000    0.00000   100%   220 13970s
 904306 225641    1.00000  421  342    2.00000    0.00000   100%   220 13980s
 904942 226237    1.00000  235  278    2.00000    0.00000   100%   220 13990s
 905702 226905    1.00000  264  289    2.00000    0.00000   100%   220 14001s
 906472 227376    1.00000  321  256    2.00000    0.00000   100%   220 14011s
 907045 228094    1.00000  104  259    2.00000    0.00000   100%   220 14022s
 907945 228666    1.00000  125  257    2.00000    0.00000   100%   220 14031s
 908623 229225 infeasible  142         2.00000    0.00000   100%   220 14040s
 909516 229705    1.00000  143  246    2.00000    0.00000   100%   220 14059s
 910284 230208    1.00000  155  254    2.00000    0.00000   100%   220 14068s
 911011 230877 infeasible  168         2.00000    0.00000   100%   220 14080s
 911972 231625    1.00000  179  260    2.00000    0.00000   100%   220 14090s
 913084 232253    1.00000  312  200    2.00000    0.00000   100%   220 14100s
 913931 232261    1.00000  184  328    2.00000    0.00000   100%   220 14111s
 913939 232269    1.00000  185  324    2.00000    0.00000   100%   220 14120s
 913947 232368    1.00000  186  332    2.00000    0.00000   100%   220 14130s
 914066 232832    1.00000  187  335    2.00000    0.00000   100%   220 14140s
 914638 233635    1.00000  208  318    2.00000    0.00000   100%   220 14151s
 915605 234169    1.00000  288  199    2.00000    0.00000   100%   220 14162s
 916341 234550 infeasible  356         2.00000    0.00000   100%   220 14172s
 916975 235175    1.00000  111  239    2.00000    0.00000   100%   220 14184s
 917842 235647    1.00000  163  268    2.00000    0.00000   100%   220 14195s
 918664 236077    1.00000  227  235    2.00000    0.00000   100%   220 14206s
 919492 236749    1.00000  255  260    2.00000    0.00000   100%   220 14217s
 920556 237515    1.00000  258  214    2.00000    0.00000   100%   220 14227s
 921636 238131    1.00000  322  206    2.00000    0.00000   100%   220 14238s
 922562 238767    1.00000  335  203    2.00000    0.00000   100%   220 14248s
 923554 239258    0.00000  111  327    2.00000    0.00000   100%   220 14257s
 924257 239782 infeasible  175         2.00000    0.00000   100%   220 14275s
 925056 240225    1.00000  174  313    2.00000    0.00000   100%   220 14285s
 925825 240888 infeasible  189         2.00000    0.00000   100%   220 14295s
 926756 241354    1.00000  190  308    2.00000    0.00000   100%   220 14304s
 927594 241841    1.00000  128  268    2.00000    0.00000   100%   220 14315s
 928287 242494    1.00000  205  292    2.00000    0.00000   100%   220 14325s
 929390 243039 infeasible  331         2.00000    0.00000   100%   220 14334s
 930223 243047    1.00000  363  179    2.00000    0.00000   100%   220 14344s
 930231 243053    1.00000  364  173    2.00000    0.00000   100%   220 14354s
 930241 243145    1.00000  365  178    2.00000    0.00000   100%   220 14365s
 930407 243401    1.00000  366  175    2.00000    0.00000   100%   220 14377s
 930855 243992    1.00000  367  170    2.00000    0.00000   100%   220 14388s
 931704 244668    1.00000  263  234    2.00000    0.00000   100%   220 14399s
 932580 245326    1.00000  301  197    2.00000    0.00000   100%   220 14409s
 933392 245953    1.00000  226  319    2.00000    0.00000   100%   220 14420s
 934119 246507    1.00000  171  258    2.00000    0.00000   100%   220 14430s
 934832 246875    1.00000  220  281    2.00000    0.00000   100%   220 14441s
 935370 247452 infeasible  284         2.00000    0.00000   100%   220 14452s
 936106 248172    1.00000  226  318    2.00000    0.00000   100%   220 14462s
 936944 248939    1.00000  258  297    2.00000    0.00000   100%   220 14473s
 937831 249556    1.00000  132  245    2.00000    0.00000   100%   220 14484s
 938634 249959    1.00000  182  295    2.00000    0.00000   100%   220 14495s
 939245 250153    1.00000  144  250    2.00000    0.00000   100%   220 14511s
 939661 250947    0.00000   95  217    2.00000    0.00000   100%   221 14529s
 940773 251926    1.00000  187  308    2.00000    0.00000   100%   221 14545s
 941984 252706 infeasible  169         2.00000    0.00000   100%   221 14557s
 943032 253390 infeasible  203         2.00000    0.00000   100%   221 14568s
 943912 253913    1.00000  209  264    2.00000    0.00000   100%   221 14578s
 944659 254471    1.00000  260  301    2.00000    0.00000   100%   221 14589s
 945371 254651    1.00000  135  218    2.00000    0.00000   100%   221 14603s
 945615 254673    1.00000  164  254    2.00000    0.00000   100%   221 14621s
 945645 255018    1.00000  181  267    2.00000    0.00000   100%   221 14634s
 946114 255898    1.00000  209  256    2.00000    0.00000   100%   221 14648s
 947264 257045    1.00000  185  244    2.00000    0.00000   100%   221 14662s
 948697 257902    1.00000  296  207    2.00000    0.00000   100%   221 14674s
 949692 258771    1.00000  368  198    2.00000    0.00000   100%   221 14686s
 950693 259866    1.00000  432  133    2.00000    0.00000   100%   221 14698s
 951867 260715    1.00000  499   90    2.00000    0.00000   100%   221 14709s
 952827 261201 infeasible  552         2.00000    0.00000   100%   221 14720s
 953585 261685    1.00000  159  252    2.00000    0.00000   100%   221 14731s
 954341 262158    0.00000   96  221    2.00000    0.00000   100%   221 14749s
 955035 262866    1.00000  224  294    2.00000    0.00000   100%   222 14761s
 955883 263464    1.00000  337  320    2.00000    0.00000   100%   222 14773s
 956595 264201 infeasible  365         2.00000    0.00000   100%   222 14783s
 957520 265098    1.00000  166  258    2.00000    0.00000   100%   222 14794s
 958579 266022    1.00000  221  256    2.00000    0.00000   100%   222 14803s
 959669 267121 infeasible  238         2.00000    0.00000   100%   222 14813s
 960921 267800    1.00000  236  296    2.00000    0.00000   100%   222 14821s
 961750 268391    1.00000  148  254    2.00000    0.00000   100%   222 14829s
 962511 268398    1.00000  130  254    2.00000    0.00000   100%   222 14841s
 962520 268400    1.00000  131  254    2.00000    0.00000   100%   222 14851s
 962534 268520    1.00000  132  252    2.00000    0.00000   100%   222 14862s
 962678 269017    1.00000  133  261    2.00000    0.00000   100%   222 14873s
 963295 269432 infeasible  186         2.00000    0.00000   100%   222 14883s
 963852 270053    1.00000  142  216    2.00000    0.00000   100%   222 14893s
 964563 270995    1.00000  265  267    2.00000    0.00000   100%   222 14903s
 965644 271804    1.00000  486  278    2.00000    0.00000   100%   222 14913s
 966588 272390    1.00000  169  283    2.00000    0.00000   100%   222 14923s
 967328 272873    1.00000  284  296    2.00000    0.00000   100%   222 14934s
 967975 273640    1.00000  290  298    2.00000    0.00000   100%   222 14943s
 968888 274353 infeasible  536         2.00000    0.00000   100%   222 14960s
 969709 275311    1.00000  246  273    2.00000    0.00000   100%   222 14969s
 970729 275999    1.00000  426  271    2.00000    0.00000   100%   222 14978s
 971539 276846    1.00000  153  255    2.00000    0.00000   100%   222 14987s
 972530 277519 infeasible  256         2.00000    0.00000   100%   222 14996s
 973333 278150    1.00000  264  281    2.00000    0.00000   100%   222 15004s
 974067 278479    1.00000  281  289    2.00000    0.00000   100%   222 15013s
 974526 279083    1.00000  121  210    2.00000    0.00000   100%   222 15021s
 975243 279616    1.00000  151  246    2.00000    0.00000   100%   222 15030s
 975891 280032    1.00000  187  271    2.00000    0.00000   100%   222 15039s
 976550 280556    1.00000  169  291    2.00000    0.00000   100%   222 15048s
 977208 281173    1.00000  303  273    2.00000    0.00000   100%   222 15057s
 977979 281844    1.00000  463  269    2.00000    0.00000   100%   222 15067s
 978726 282424    1.00000  592  252    2.00000    0.00000   100%   222 15076s
 979462 282429    1.00000  183  257    2.00000    0.00000   100%   222 15088s
 979473 282437    1.00000  184  264    2.00000    0.00000   100%   222 15105s
 979481 282438    1.00000  185  261    2.00000    0.00000   100%   222 15116s
 979496 282444    1.00000  186  264    2.00000    0.00000   100%   222 15128s
 979506 282448    1.00000  187  269    2.00000    0.00000   100%   222 15146s
 979518 282487    1.00000  188  266    2.00000    0.00000   100%   222 15164s
 979569 282617    1.00000  189  255    2.00000    0.00000   100%   222 15180s
 979727 282917    1.00000  190  253    2.00000    0.00000   100%   222 15196s
 980099 283316    1.00000  191  253    2.00000    0.00000   100%   222 15207s
 980604 283731    1.00000  227  273    2.00000    0.00000   100%   222 15217s
 981213 284173    1.00000  242  275    2.00000    0.00000   100%   222 15228s
 981829 284758    1.00000  280  268    2.00000    0.00000   100%   222 15239s
 982576 285408 infeasible  380         2.00000    0.00000   100%   222 15250s
 983356 286285    1.00000  137  272    2.00000    0.00000   100%   223 15269s
 984299 286926    1.00000  182  245    2.00000    0.00000   100%   223 15277s
 985056 287317    1.00000  210  257    2.00000    0.00000   100%   223 15286s
 985545 287923 infeasible  231         2.00000    0.00000   100%   223 15295s
 986245 288639    1.00000  213  294    2.00000    0.00000   100%   223 15304s
 987072 289395    1.00000  292  289    2.00000    0.00000   100%   223 15315s
 987974 289704    1.00000  232  271    2.00000    0.00000   100%   223 15326s
 988497 290522    1.00000  192  244    2.00000    0.00000   100%   223 15337s
 989467 291102 infeasible  230         2.00000    0.00000   100%   223 15347s
 990267 291414 infeasible  233         2.00000    0.00000   100%   223 15356s
 990815 292101    1.00000  139  261    2.00000    0.00000   100%   223 15367s
 991682 292563    1.00000  169  296    2.00000    0.00000   100%   223 15378s
 992350 292965    1.00000  188  288    2.00000    0.00000   100%   223 15389s
 992959 293433    1.00000  124  248    2.00000    0.00000   100%   223 15400s
 993601 293963    1.00000  174  267    2.00000    0.00000   100%   223 15411s
 994387 294391    1.00000  209  278    2.00000    0.00000   100%   223 15423s
 994967 295179    1.00000  236  295    2.00000    0.00000   100%   224 15434s
 995905 295891    1.00000  279  271    2.00000    0.00000   100%   224 15446s
 996847 296752    1.00000  349  221    2.00000    0.00000   100%   224 15457s
 997824 297524    1.00000  390  210    2.00000    0.00000   100%   224 15475s
 998766 298321    1.00000  417  196    2.00000    0.00000   100%   224 15484s
 999723 298815    1.00000  466  140    2.00000    0.00000   100%   224 15492s
 1000412 299341 infeasible  147         2.00000    0.00000   100%   224 15500s
 1001090 299724    1.00000  283  232    2.00000    0.00000   100%   224 15509s
 1001723 300211    1.00000  150  230    2.00000    0.00000   100%   224 15517s
 1002474 300745    0.00000   91  222    2.00000    0.00000   100%   224 15525s
 1003152 301083    1.00000  196  270    2.00000    0.00000   100%   224 15535s
 1003658 301450    1.00000  222  268    2.00000    0.00000   100%   224 15545s
 1004273 302041 infeasible  226         2.00000    0.00000   100%   224 15556s
 1005136 302532 infeasible  200         2.00000    0.00000   100%   224 15565s
 1005767 303104    1.00000  363  197    2.00000    0.00000   100%   224 15574s
 1006493 303617 infeasible  191         2.00000    0.00000   100%   224 15585s
 1007286 304149    1.00000  228  259    2.00000    0.00000   100%   224 15595s
 1008021 304450    1.00000  131  223    2.00000    0.00000   100%   224 15606s
 1008554 304867    1.00000  189  272    2.00000    0.00000   100%   224 15617s
 1009303 305378    1.00000  197  277    2.00000    0.00000   100%   225 15627s
 1010068 305971    1.00000  227  288    2.00000    0.00000   100%   225 15638s
 1010883 306512    1.00000  126  238    2.00000    0.00000   100%   225 15649s
 1011626 307000    1.00000  147  281    2.00000    0.00000   100%   225 15659s
 1012264 307453    1.00000  155  278    2.00000    0.00000   100%   225 15676s
 1012945 307963    1.00000  166  256    2.00000    0.00000   100%   225 15689s
 1013763 308541    1.00000  169  265    2.00000    0.00000   100%   225 15701s
 1014599 309302    1.00000  169  261    2.00000    0.00000   100%   225 15712s
 1015644 309975    1.00000  189  270    2.00000    0.00000   100%   225 15721s
 1016564 310798    1.00000  211  252    2.00000    0.00000   100%   225 15731s
 1017577 310803    1.00000  169  243    2.00000    0.00000   100%   225 15741s
 1017588 310810 infeasible  168         2.00000    0.00000   100%   225 15759s
 1017597 310816    1.00000  171  245    2.00000    0.00000   100%   225 15770s
 1017607 310822    1.00000  172  251    2.00000    0.00000   100%   225 15799s
 1017617 310844 infeasible  172         2.00000    0.00000   100%   225 15821s
 1017663 310925    1.00000  179  260    2.00000    0.00000   100%   225 15839s
 1017896 311330    1.00000  184  260    2.00000    0.00000   100%   225 15851s
 1018497 312085    1.00000  211  254    2.00000    0.00000   100%   225 15863s
 1019428 312831 infeasible  233         2.00000    0.00000   100%   225 15875s
 1020458 313371    1.00000  168  273    2.00000    0.00000   100%   225 15886s
 1021222 313845 infeasible  184         2.00000    0.00000   100%   225 15899s
 1021956 314383    1.00000  165  282    2.00000    0.00000   100%   225 15909s
 1022694 314758    1.00000  171  290    2.00000    0.00000   100%   226 15919s
 1023289 315294    1.00000  163  250    2.00000    0.00000   100%   226 15930s
 1024027 315725    1.00000  225  287    2.00000    0.00000   100%   226 15941s
 1024674 316196    1.00000  238  281    2.00000    0.00000   100%   226 15952s
 1025309 316744    1.00000  133  252    2.00000    0.00000   100%   226 15964s
 1026003 317181 infeasible  157         2.00000    0.00000   100%   226 15976s
 1026684 317906    1.00000  182  258    2.00000    0.00000   100%   226 15989s
 1027571 318271    1.00000  233  303    2.00000    0.00000   100%   226 16007s
 1028130 318872 infeasible  279         2.00000    0.00000   100%   226 16020s
 1029051 319173    1.00000  161  275    2.00000    0.00000   100%   227 16033s
 1029568 319672    1.00000  208  306    2.00000    0.00000   100%   227 16048s
 1030263 320294 infeasible  220         2.00000    0.00000   100%   227 16063s
 1031085 321114    1.00000  215  321    2.00000    0.00000   100%   227 16079s
 1032109 321766    1.00000  301  304    2.00000    0.00000   100%   227 16094s
 1033082 322367    1.00000  206  327    2.00000    0.00000   100%   227 16110s
 1034021 322878    1.00000  145  261    2.00000    0.00000   100%   227 16124s
 1034848 323376 infeasible  161         2.00000    0.00000   100%   228 16139s
 1035624 323817    1.00000  151  260    2.00000    0.00000   100%   228 16153s
 1036391 324451    0.00000  102  221    2.00000    0.00000   100%   228 16166s
 1037309 325186    1.00000  279  275    2.00000    0.00000   100%   228 16180s
 1038264 325640    1.00000  513  277    2.00000    0.00000   100%   228 16194s
 1038986 326192 infeasible  312         2.00000    0.00000   100%   228 16209s
 1039888 326693    1.00000  112  237    2.00000    0.00000   100%   228 16222s
 1040643 327253    1.00000  185  271    2.00000    0.00000   100%   228 16236s
 1041425 327589    1.00000  153  250    2.00000    0.00000   100%   229 16251s
 1042147 328087    1.00000  211  296    2.00000    0.00000   100%   229 16271s
 1042903 328720 infeasible  241         2.00000    0.00000   100%   229 16282s
 1043794 329003    1.00000  163  258    2.00000    0.00000   100%   229 16294s
 1044232 329700    1.00000  291  225    2.00000    0.00000   100%   229 16306s
 1045219 330233    1.00000  185  284    2.00000    0.00000   100%   229 16317s
 1046040 330240    1.00000  278  293    2.00000    0.00000   100%   229 16332s
 1046049 330301 infeasible  279         2.00000    0.00000   100%   229 16349s
 1046152 330883    1.00000  278  299    2.00000    0.00000   100%   229 16362s
 1046974 331505    1.00000  278  311    2.00000    0.00000   100%   229 16374s
 1047866 332279 infeasible  160         2.00000    0.00000   100%   229 16387s
 1048892 333029    1.00000  292  279    2.00000    0.00000   100%   229 16399s
 1049784 333608 infeasible  337         2.00000    0.00000   100%   229 16410s
 1050479 334089    1.00000  198  262    2.00000    0.00000   100%   229 16422s
 1051174 334689    1.00000  238  218    2.00000    0.00000   100%   230 16433s
 1052080 335348    1.00000  268  235    2.00000    0.00000   100%   230 16444s
 1053019 336100    1.00000  293  227    2.00000    0.00000   100%   230 16455s
 1054119 336834    1.00000  242  215    2.00000    0.00000   100%   230 16466s
 1054985 337205    1.00000  311  201    2.00000    0.00000   100%   230 16477s
 1055716 337699    1.00000  110  251    2.00000    0.00000   100%   230 16488s
 1056412 338436    1.00000  244  251    2.00000    0.00000   100%   230 16500s
 1057441 338742    1.00000  171  293    2.00000    0.00000   100%   230 16516s
 1057929 339415    1.00000  200  299    2.00000    0.00000   100%   230 16533s
 1058924 339412    1.00000  277  276    2.00000    0.00000   100%   230 16551s
 1058943 339570    1.00000  278  273    2.00000    0.00000   100%   230 16566s
 1059151 340210    1.00000  279  282    2.00000    0.00000   100%   230 16584s
 1060049 341149    1.00000  188  324    2.00000    0.00000   100%   230 16601s
 1061240 341544 infeasible  299         2.00000    0.00000   100%   230 16615s
 1061971 342154    1.00000  140  257    2.00000    0.00000   100%   231 16629s
 1062927 342522 infeasible  179         2.00000    0.00000   100%   231 16641s
 1063627 343372    1.00000  178  292    2.00000    0.00000   100%   231 16653s
 1064857 343893    1.00000  236  259    2.00000    0.00000   100%   231 16664s
 1065678 344261    1.00000  166  298    2.00000    0.00000   100%   231 16677s
 1066354 345097    1.00000  256  294    2.00000    0.00000   100%   231 16690s
 1067546 345867    1.00000  223  286    2.00000    0.00000   100%   231 16702s
 1068594 346338    1.00000  159  230    2.00000    0.00000   100%   231 16713s
 1069349 346341    1.00000  173  227    2.00000    0.00000   100%   231 16728s
 1069362 346368 infeasible  174         2.00000    0.00000   100%   231 16742s
 1069401 346783 infeasible  173         2.00000    0.00000   100%   232 16755s
 1070034 347202    1.00000  192  291    2.00000    0.00000   100%   232 16768s
 1070717 347575    1.00000  251  260    2.00000    0.00000   100%   232 16780s
 1071336 348084    1.00000  112  236    2.00000    0.00000   100%   232 16793s
 1072075 348374 infeasible  229         2.00000    0.00000   100%   232 16809s
 1072539 348878    1.00000  123  229    2.00000    0.00000   100%   232 16825s
 1073375 349567    1.00000  148  248    2.00000    0.00000   100%   232 16840s
 1074386 350091    1.00000  159  287    2.00000    0.00000   100%   233 16855s
 1075196 350649    1.00000  146  245    2.00000    0.00000   100%   233 16869s
 1076032 351060 infeasible  169         2.00000    0.00000   100%   233 16883s
 1076745 351586    1.00000  167  276    2.00000    0.00000   100%   233 16897s
 1077483 351967    1.00000  210  271    2.00000    0.00000   100%   233 16911s
 1078142 352426    1.00000  171  270    2.00000    0.00000   100%   233 16926s
 1078873 352434    1.00000  167  282    2.00000    0.00000   100%   234 16945s
 1078891 352684    1.00000  168  280    2.00000    0.00000   100%   234 16961s
 1079393 353274    1.00000  151  242    2.00000    0.00000   100%   234 16976s
 1080389 353853    1.00000  179  290    2.00000    0.00000   100%   234 16991s
 1081280 354338    1.00000  205  286    2.00000    0.00000   100%   234 17006s
 1082031 354907    1.00000  157  270    2.00000    0.00000   100%   234 17019s
 1082900 355323    1.00000  173  258    2.00000    0.00000   100%   235 17035s
 1083686 355676    1.00000  207  314    2.00000    0.00000   100%   235 17050s
 1084377 356460    1.00000  191  302    2.00000    0.00000   100%   235 17065s
 1085463 356878 infeasible  214         2.00000    0.00000   100%   235 17078s
 1086205 356883    1.00000  125  245    2.00000    0.00000   100%   235 17094s
 1086216 357175    1.00000  127  261    2.00000    0.00000   100%   235 17110s
 1086626 357530    1.00000  144  264    2.00000    0.00000   100%   235 17127s
 1087191 358024    1.00000  175  234    2.00000    0.00000   100%   236 17142s
 1088019 358425    1.00000  253  287    2.00000    0.00000   100%   236 17155s
 1088748 358855    1.00000  127  252    2.00000    0.00000   100%   236 17168s
 1089452 359527    1.00000  203  285    2.00000    0.00000   100%   236 17181s
 1090396 360031    1.00000  160  216    2.00000    0.00000   100%   236 17193s
 1091210 360652    1.00000  150  239    2.00000    0.00000   100%   236 17205s
 1092139 361277    1.00000  158  254    2.00000    0.00000   100%   237 17218s
 1093042 361713    1.00000  164  255    2.00000    0.00000   100%   237 17232s
 1093834 362212 infeasible  175         2.00000    0.00000   100%   237 17246s
 1094669 362218    1.00000  177  263    2.00000    0.00000   100%   237 17261s
 1094679 362352    1.00000  178  262    2.00000    0.00000   100%   237 17275s
 1094935 362936    1.00000  179  270    2.00000    0.00000   100%   237 17289s
 1095813 363464 infeasible  211         2.00000    0.00000   100%   237 17303s
 1096661 363910    1.00000  123  227    2.00000    0.00000   100%   237 17317s
 1097465 364497    1.00000  163  264    2.00000    0.00000   100%   237 17331s
 1098374 365085 infeasible  154         2.00000    0.00000   100%   238 17344s
 1099284 365568    1.00000  171  278    2.00000    0.00000   100%   238 17356s
 1100093 366051    1.00000  160  237    2.00000    0.00000   100%   238 17370s
 1100903 366547    1.00000  155  273    2.00000    0.00000   100%   238 17384s
 1101697 366807    1.00000  145  287    2.00000    0.00000   100%   238 17400s
 1102157 366811    1.00000  158  264    2.00000    0.00000   100%   238 17425s
 1102169 366813    1.00000  159  259    2.00000    0.00000   100%   238 17449s
 1102185 367226    1.00000  160  261    2.00000    0.00000   100%   238 17471s
 1102784 368157    1.00000  161  258    2.00000    0.00000   100%   238 17495s
 1104287 368784 infeasible  159         2.00000    0.00000   100%   239 17512s
 1105252 369248    1.00000  164  264    2.00000    0.00000   100%   239 17528s
 1106104 369799    1.00000  133  223    2.00000    0.00000   100%   239 17543s
 1106993 370239 infeasible  173         2.00000    0.00000   100%   239 17557s
 1107873 370628    1.00000  156  268    2.00000    0.00000   100%   239 17570s
 1108606 371045    1.00000  180  228    2.00000    0.00000   100%   240 17584s
 1109313 371608    1.00000  140  265    2.00000    0.00000   100%   240 17598s
 1110164 372355 infeasible  161         2.00000    0.00000   100%   240 17613s
 1111225 373064    1.00000  253  265    2.00000    0.00000   100%   240 17628s
 1112256 373460    1.00000  193  280    2.00000    0.00000   100%   240 17643s
 1113002 373916    1.00000  113  240    2.00000    0.00000   100%   241 17658s
 1113818 374588    0.00000   95  229    2.00000    0.00000   100%   241 17674s
 1114732 374961    1.00000  151  284    2.00000    0.00000   100%   241 17688s
 1115425 375514    1.00000  203  285    2.00000    0.00000   100%   241 17703s
 1116322 375764    1.00000  123  224    2.00000    0.00000   100%   241 17720s
 1116734 376334    1.00000  196  293    2.00000    0.00000   100%   242 17737s
 1117680 376850 infeasible  154         2.00000    0.00000   100%   242 17752s
 1118596 377144 infeasible  151         2.00000    0.00000   100%   242 17768s
 1119312 377595    1.00000  173  276    2.00000    0.00000   100%   242 17784s
 1120123 378065 infeasible  181         2.00000    0.00000   100%   242 17800s
 1120921 378633    1.00000  189  281    2.00000    0.00000   100%   243 17818s
 1121953 378645    1.00000  171  301    2.00000    0.00000   100%   243 17836s
 1121965 378960 infeasible  172         2.00000    0.00000   100%   243 17853s
 1122556 379310 infeasible  189         2.00000    0.00000   100%   243 17869s
 1123248 379818 infeasible  154         2.00000    0.00000   100%   243 17886s
 1124152 380629    1.00000  248  215    2.00000    0.00000   100%   243 17902s
 1125291 381065    1.00000  199  275    2.00000    0.00000   100%   244 17917s
 1126127 381741    1.00000  146  233    2.00000    0.00000   100%   244 17933s
 1127229 382275    1.00000  140  242    2.00000    0.00000   100%   244 17948s
 1128097 382863 infeasible  212         2.00000    0.00000   100%   244 17962s
 1128937 383496    1.00000  236  289    2.00000    0.00000   100%   244 17976s
 1129776 383501    1.00000  124  249    2.00000    0.00000   100%   244 17992s
 1129787 383549    1.00000  124  229    2.00000    0.00000   100%   244 18000s

Cutting planes:
  Learned: 11
  Gomory: 10
  Cover: 12
  Implied bound: 38
  Projected implied bound: 9
  Clique: 1
  MIR: 62
  Mixing: 7
  Knapsack: 2
  Flow cover: 361
  GUB cover: 2
  Zero half: 1
  RLT: 21
  Relax-and-lift: 17
  PSD: 1

Explored 1129859 nodes (276302101 simplex iterations) in 18000.05 seconds (42050.29 work units)
Thread count was 8 (of 192 available processors)

Solution count 10: 2 3 4 ... 24

Time limit reached
Best objective 2.000000000000e+00, best bound 0.000000000000e+00, gap 100.0000%

User-callback calls 4217737, time in user-callback 5.85 sec

Remaining value of each indicator
obj_rho = 345
obj_lambda = 2
obj_phi = 2
✅ Solution trouvée (status: TIME_LIMIT)
🎯 Objective global: 2.0
⏱️ Time used: 18000.05

✈️ Paths for each aircraft:
🛩️ Aircraft N121 path (33 nodes): s_(u=0.0, v=0.0, w=0.0) ➡️  N121_(u=5715.0, v=73.0, w=15.0) ➡️  MLX_ESB_26340_26415_(u=5790.0, v=74.0, w=15.0) ➡️  ESB_KSY_26745_26840_(u=5885.0, v=75.0, w=15.0) ➡️  KSY_ESB_26880_26985_(u=5990.0, v=76.0, w=15.0) ➡️  ESB_KSY_27910_28005_(u=95.0, v=1.0, w=1.0) ➡️  KSY_ESB_28045_28150_(u=200.0, v=2.0, w=1.0) ➡️  ESB_GZT_28735_28805_(u=270.0, v=3.0, w=1.0) ➡️  GZT_ESB_29220_29290_(u=340.0, v=4.0, w=2.0) ➡️  ESB_VAN_29605_29700_(u=435.0, v=5.0, w=2.0) ➡️  VAN_ESB_29790_29895_(u=540.0, v=6.0, w=2.0) ➡️  ESB_AYT_29940_30010_(u=610.0, v=7.0, w=2.0) ➡️  AYT_ESB_30045_30110_(u=675.0, v=8.0, w=2.0) ➡️  ESB_EZS_31095_31170_(u=750.0, v=9.0, w=3.0) ➡️  EZS_ESB_31205_31285_(u=830.0, v=10.0, w=3.0) ➡️  ESB_DIY_31360_31440_(u=910.0, v=11.0, w=3.0) ➡️  DIY_ESB_31480_31565_(u=995.0, v=12.0, w=3.0) ➡️  ESB_ADB_31605_31685_(u=1075.0, v=13.0, w=3.0) ➡️  ADB_ESB_32100_32175_(u=1150.0, v=14.0, w=4.0) ➡️  ESB_ECN_32250_32320_(u=1220.0, v=15.0, w=4.0) ➡️  ECN_ESB_32360_32425_(u=1285.0, v=16.0, w=4.0) ➡️  ESB_AJI_32530_32625_(u=1380.0, v=17.0, w=4.0) ➡️  AJI_ESB_32665_32770_(u=1485.0, v=18.0, w=4.0) ➡️  ESB_AYT_32820_32890_(u=1555.0, v=19.0, w=4.0) ➡️  AYT_ESB_32925_32990_(u=1620.0, v=20.0, w=4.0) ➡️  ESB_MLX_33040_33110_(u=1690.0, v=21.0, w=4.0) ➡️  MLX_ESB_33540_33615_(u=1765.0, v=22.0, w=5.0) ➡️  ESB_ADA_33660_33720_(u=1825.0, v=23.0, w=5.0) ➡️  ADA_SAW_34380_34470_(u=1915.0, v=24.0, w=5.0) ➡️  SAW_ESB_35040_35100_(u=1975.0, v=25.0, w=6.0) ➡️  ESB_AYT_35140_35205_(u=2040.0, v=26.0, w=6.0) ➡️  AYT_ESB_35260_35325_(u=2105.0, v=27.0, w=6.0) ➡️  ESB_AYT_35400_35465_(u=2170.0, v=28.0, w=6.0) ➡️  AYT_ESB_35505_35570_(u=2235.0, v=29.0, w=6.0) ➡️  ESB_TZX_35925_36005_(u=2315.0, v=30.0, w=6.0) ➡️  t_(u=0.0, v=0.0, w=0.0)

🛩️ Aircraft N122 path (26 nodes): s_(u=0.0, v=0.0, w=0.0) ➡️  N122_(u=5565.0, v=71.0, w=14.0) ➡️  GZT_ESB_26340_26410_(u=5635.0, v=72.0, w=14.0) ➡️  ESB_MLX_27280_27350_(u=5705.0, v=73.0, w=14.0) ➡️  MLX_ESB_27780_27855_(u=5780.0, v=74.0, w=15.0) ➡️  ESB_MSR_27930_28020_(u=5870.0, v=75.0, w=15.0) ➡️  MSR_ESB_28055_28155_(u=5970.0, v=76.0, w=15.0) ➡️  ESB_DIY_28740_28820_(u=80.0, v=1.0, w=1.0) ➡️  DIY_ESB_29190_29275_(u=165.0, v=2.0, w=2.0) ➡️  ESB_AJI_29650_29745_(u=260.0, v=3.0, w=2.0) ➡️  AJI_ESB_29785_29890_(u=365.0, v=4.0, w=2.0) ➡️  ESB_KSY_30790_30885_(u=460.0, v=5.0, w=3.0) ➡️  KSY_ESB_30925_31030_(u=565.0, v=6.0, w=3.0) ➡️  ESB_ADA_31380_31440_(u=625.0, v=7.0, w=3.0) ➡️  ADA_SAW_32100_32190_(u=715.0, v=8.0, w=4.0) ➡️  SAW_AYT_32280_32345_(u=780.0, v=9.0, w=4.0) ➡️  AYT_SAW_32385_32450_(u=845.0, v=10.0, w=4.0) ➡️  SAW_ADB_32670_32730_(u=905.0, v=11.0, w=4.0) ➡️  ADB_SAW_32770_32830_(u=965.0, v=12.0, w=4.0) ➡️  SAW_ADB_32870_32930_(u=1025.0, v=13.0, w=4.0) ➡️  ADB_SAW_32965_33025_(u=1085.0, v=14.0, w=4.0) ➡️  SAW_ADB_33540_33600_(u=1145.0, v=15.0, w=5.0) ➡️  ADB_SAW_33635_33695_(u=1205.0, v=16.0, w=5.0) ➡️  SAW_VAS_33960_34040_(u=1285.0, v=17.0, w=5.0) ➡️  VAS_SAW_34080_34160_(u=1365.0, v=18.0, w=5.0) ➡️  SAW_ADB_34310_34370_(u=1425.0, v=19.0, w=5.0) ➡️  ADB_ESB_35805_35880_(u=1500.0, v=20.0, w=6.0) ➡️  ESB_SZF_35930_35990_(u=1560.0, v=21.0, w=6.0) ➡️  t_(u=0.0, v=0.0, w=0.0)

🛩️ Aircraft N123 path (30 nodes): s_(u=0.0, v=0.0, w=0.0) ➡️  N123_(u=5470.0, v=70.0, w=14.0) ➡️  ADA_ESB_27160_27225_(u=5535.0, v=71.0, w=14.0) ➡️  ESB_SAW_28185_28245_(u=5595.0, v=72.0, w=15.0) ➡️  SAW_ERZ_28380_28480_(u=5695.0, v=73.0, w=15.0) ➡️  ERZ_SAW_28515_28625_(u=5805.0, v=74.0, w=15.0) ➡️  SAW_ADB_29905_29965_(u=5865.0, v=75.0, w=16.0) ➡️  ADB_SAW_30000_30060_(u=5925.0, v=76.0, w=16.0) ➡️  SAW_ESB_30660_30720_(u=60.0, v=1.0, w=1.0) ➡️  ESB_VAN_30790_30885_(u=155.0, v=2.0, w=1.0) ➡️  VAN_ESB_30930_31035_(u=260.0, v=3.0, w=1.0) ➡️  ESB_SAW_31395_31455_(u=320.0, v=4.0, w=1.0) ➡️  SAW_ESB_31500_31560_(u=380.0, v=5.0, w=1.0) ➡️  ESB_MLX_31600_31670_(u=450.0, v=6.0, w=1.0) ➡️  MLX_ESB_32100_32175_(u=525.0, v=7.0, w=2.0) ➡️  ESB_KSY_32230_32325_(u=620.0, v=8.0, w=2.0) ➡️  KSY_ESB_32365_32470_(u=725.0, v=9.0, w=2.0) ➡️  ESB_TZX_32535_32615_(u=805.0, v=10.0, w=2.0) ➡️  TZX_SAW_32690_32800_(u=915.0, v=11.0, w=2.0) ➡️  SAW_ESB_32840_32900_(u=975.0, v=12.0, w=2.0) ➡️  ESB_DIY_33060_33140_(u=1055.0, v=13.0, w=2.0) ➡️  DIY_ESB_33510_33595_(u=1140.0, v=14.0, w=3.0) ➡️  ESB_VAN_33670_33765_(u=1235.0, v=15.0, w=3.0) ➡️  VAN_ESB_33810_33915_(u=1340.0, v=16.0, w=3.0) ➡️  ESB_MQM_33950_34045_(u=1435.0, v=17.0, w=3.0) ➡️  MQM_ESB_34080_34175_(u=1530.0, v=18.0, w=3.0) ➡️  ESB_DIY_34240_34320_(u=1610.0, v=19.0, w=3.0) ➡️  DIY_ESB_34360_34445_(u=1695.0, v=20.0, w=3.0) ➡️  ESB_MQM_35115_35205_(u=1785.0, v=21.0, w=4.0) ➡️  MQM_ESB_35240_35335_(u=1880.0, v=22.0, w=4.0) ➡️  ESB_ADB_35385_35465_(u=1960.0, v=23.0, w=4.0) ➡️  ADB_ESB_35505_35580_(u=2035.0, v=24.0, w=4.0) ➡️  t_(u=0.0, v=0.0, w=0.0)

🛩️ Aircraft N124 path (28 nodes): s_(u=0.0, v=0.0, w=0.0) ➡️  N124_(u=5435.0, v=69.0, w=14.0) ➡️  SAW_ESB_26400_26460_(u=5495.0, v=70.0, w=14.0) ➡️  ESB_VAN_26610_26705_(u=5590.0, v=71.0, w=14.0) ➡️  VAN_ESB_26850_26955_(u=5695.0, v=72.0, w=14.0) ➡️  ESB_SAW_28395_28455_(u=5755.0, v=73.0, w=15.0) ➡️  SAW_ESB_29280_29340_(u=5815.0, v=74.0, w=16.0) ➡️  ESB_ECN_29640_29710_(u=5885.0, v=75.0, w=16.0) ➡️  ECN_ESB_30035_30100_(u=5950.0, v=76.0, w=16.0) ➡️  ESB_MSR_30810_30900_(u=90.0, v=1.0, w=1.0) ➡️  MSR_ESB_30935_31035_(u=190.0, v=2.0, w=1.0) ➡️  ESB_ADA_31615_31675_(u=250.0, v=3.0, w=1.0) ➡️  ADA_ESB_32115_32180_(u=315.0, v=4.0, w=2.0) ➡️  ESB_MSR_32250_32340_(u=405.0, v=5.0, w=2.0) ➡️  MSR_ESB_32375_32475_(u=505.0, v=6.0, w=2.0) ➡️  ESB_EZS_32535_32610_(u=580.0, v=7.0, w=2.0) ➡️  EZS_ESB_32645_32725_(u=660.0, v=8.0, w=2.0) ➡️  ESB_ADB_32760_32840_1_(u=740.0, v=9.0, w=2.0) ➡️  ADB_ESB_32925_33000_(u=815.0, v=10.0, w=2.0) ➡️  ESB_ADA_33055_33115_(u=875.0, v=11.0, w=2.0) ➡️  ADA_SAW_33540_33630_(u=965.0, v=12.0, w=3.0) ➡️  SAW_AYT_33720_33785_(u=1030.0, v=13.0, w=3.0) ➡️  AYT_SAW_33825_33890_(u=1095.0, v=14.0, w=3.0) ➡️  SAW_ADB_34110_34170_(u=1155.0, v=15.0, w=3.0) ➡️  ADB_SAW_34210_34270_(u=1215.0, v=16.0, w=3.0) ➡️  SAW_VAS_34980_35060_(u=1295.0, v=17.0, w=4.0) ➡️  VAS_SAW_35095_35180_(u=1380.0, v=18.0, w=4.0) ➡️  SAW_ADB_35610_35670_(u=1440.0, v=19.0, w=4.0) ➡️  ADB_SAW_35705_35765_(u=1500.0, v=20.0, w=4.0) ➡️  SAW_ESB_35805_35865_(u=1560.0, v=21.0, w=4.0) ➡️  t_(u=0.0, v=0.0, w=0.0)

🛩️ Aircraft N125 path (29 nodes): s_(u=0.0, v=0.0, w=0.0) ➡️  N125_(u=4885.0, v=62.0, w=13.0) ➡️  DIY_ESB_26310_26395_(u=4970.0, v=63.0, w=13.0) ➡️  ESB_ERZ_26480_26565_(u=5055.0, v=64.0, w=13.0) ➡️  ERZ_ESB_26600_26690_(u=5145.0, v=65.0, w=13.0) ➡️  ESB_ERZ_26745_26830_(u=5230.0, v=66.0, w=13.0) ➡️  ERZ_ESB_26865_26950_(u=5315.0, v=67.0, w=13.0) ➡️  ESB_GNY_27040_27115_(u=5390.0, v=68.0, w=13.0) ➡️  GNY_ESB_27150_27230_(u=5470.0, v=69.0, w=13.0) ➡️  ESB_AYT_27930_28000_(u=5540.0, v=70.0, w=14.0) ➡️  AYT_ESB_28050_28115_(u=5605.0, v=71.0, w=14.0) ➡️  ESB_SAW_29340_29400_(u=5665.0, v=72.0, w=15.0) ➡️  SAW_ESB_29460_29520_(u=5725.0, v=73.0, w=15.0) ➡️  ESB_VAN_30930_31025_(u=5820.0, v=74.0, w=16.0) ➡️  VAN_ESB_31170_31275_(u=5925.0, v=75.0, w=16.0) ➡️  ESB_VAN_32230_32325_(u=95.0, v=1.0, w=1.0) ➡️  VAN_ESB_32370_32475_(u=200.0, v=2.0, w=1.0) ➡️  ESB_AYT_32535_32605_(u=270.0, v=3.0, w=1.0) ➡️  AYT_ESB_32670_32735_(u=335.0, v=4.0, w=1.0) ➡️  ESB_GNY_32800_32875_(u=410.0, v=5.0, w=1.0) ➡️  GNY_ESB_32910_32990_(u=490.0, v=6.0, w=1.0) ➡️  ESB_GZT_33055_33125_(u=560.0, v=7.0, w=1.0) ➡️  GZT_ESB_33540_33610_(u=630.0, v=8.0, w=2.0) ➡️  ESB_ERZ_33680_33765_(u=715.0, v=9.0, w=2.0) ➡️  ERZ_ESB_33800_33890_(u=805.0, v=10.0, w=2.0) ➡️  ESB_AYT_33975_34045_(u=875.0, v=11.0, w=2.0) ➡️  AYT_ESB_34110_34175_(u=940.0, v=12.0, w=2.0) ➡️  ESB_AYT_34260_34330_(u=1010.0, v=13.0, w=2.0) ➡️  AYT_ESB_34365_34430_(u=1075.0, v=14.0, w=2.0) ➡️  ESB_DIY_34500_34580_(u=1155.0, v=15.0, w=2.0) ➡️  DIY_ESB_34950_35035_(u=1240.0, v=16.0, w=3.0) ➡️  t_(u=0.0, v=0.0, w=0.0)

🛩️ Aircraft N126 path (26 nodes): s_(u=0.0, v=0.0, w=0.0) ➡️  N126_(u=4560.0, v=58.0, w=12.0) ➡️  SZF_ESB_26340_26400_(u=4620.0, v=59.0, w=12.0) ➡️  ESB_BAL_26485_26575_(u=4710.0, v=60.0, w=12.0) ➡️  BAL_ESB_26615_26710_(u=4805.0, v=61.0, w=12.0) ➡️  ESB_AJI_26770_26865_(u=4900.0, v=62.0, w=12.0) ➡️  AJI_ESB_26905_27010_(u=5005.0, v=63.0, w=12.0) ➡️  ESB_ERC_28180_28260_(u=5085.0, v=64.0, w=13.0) ➡️  ERC_ESB_28295_28375_(u=5165.0, v=65.0, w=13.0) ➡️  ESB_TZX_29655_29735_(u=5245.0, v=66.0, w=14.0) ➡️  TZX_ESB_29770_29850_(u=5325.0, v=67.0, w=14.0) ➡️  ESB_DIY_30810_30890_(u=5405.0, v=68.0, w=15.0) ➡️  DIY_ESB_30950_31035_(u=5490.0, v=69.0, w=15.0) ➡️  ESB_SAW_31275_31335_(u=5550.0, v=70.0, w=15.0) ➡️  SAW_ESB_32160_32220_(u=5610.0, v=71.0, w=16.0) ➡️  ESB_VAN_32370_32465_(u=5705.0, v=72.0, w=16.0) ➡️  VAN_ESB_32610_32715_(u=5810.0, v=73.0, w=16.0) ➡️  ESB_DIY_32800_32880_(u=5890.0, v=74.0, w=16.0) ➡️  DIY_ESB_32920_33005_(u=5975.0, v=75.0, w=16.0) ➡️  ESB_AYT_33810_33880_(u=70.0, v=0.0, w=1.0) ➡️  AYT_ESB_33930_33995_(u=135.0, v=1.0, w=1.0) ➡️  ESB_TZX_34485_34565_(u=215.0, v=2.0, w=1.0) ➡️  TZX_ESB_34980_35055_(u=290.0, v=3.0, w=2.0) ➡️  ESB_ADB_35130_35210_(u=370.0, v=4.0, w=2.0) ➡️  ADB_ESB_35250_35325_(u=445.0, v=5.0, w=2.0) ➡️  ESB_GZT_35375_35445_(u=515.0, v=6.0, w=2.0) ➡️  GZT_ESB_35480_35550_(u=585.0, v=7.0, w=2.0) ➡️  ESB_ADA_35935_35995_(u=645.0, v=8.0, w=2.0) ➡️  t_(u=0.0, v=0.0, w=0.0)

🛩️ Aircraft N127 path (27 nodes): s_(u=0.0, v=0.0, w=0.0) ➡️  N127_(u=4175.0, v=53.0, w=11.0) ➡️  EZS_ESB_26340_26420_(u=4255.0, v=54.0, w=11.0) ➡️  ESB_TZX_26475_26555_(u=4335.0, v=55.0, w=11.0) ➡️  TZX_ESB_26605_26685_(u=4415.0, v=56.0, w=11.0) ➡️  ESB_VAN_26725_26820_(u=4510.0, v=57.0, w=11.0) ➡️  VAN_ESB_26910_27015_(u=4615.0, v=58.0, w=11.0) ➡️  ESB_ADA_27060_27120_(u=4675.0, v=59.0, w=11.0) ➡️  ADA_ESB_27795_27860_(u=4740.0, v=60.0, w=12.0) ➡️  ESB_TZX_28490_28570_(u=4820.0, v=61.0, w=12.0) ➡️  TZX_ESB_28605_28685_(u=4900.0, v=62.0, w=12.0) ➡️  ESB_AYT_29490_29560_(u=4970.0, v=63.0, w=13.0) ➡️  AYT_ESB_29610_29675_(u=5035.0, v=64.0, w=13.0) ➡️  ESB_SAW_29850_29905_(u=5090.0, v=65.0, w=13.0) ➡️  SAW_ADB_31345_31405_(u=5150.0, v=66.0, w=14.0) ➡️  ADB_SAW_31440_31500_(u=5210.0, v=67.0, w=14.0) ➡️  SAW_ESB_32100_32160_(u=5270.0, v=68.0, w=15.0) ➡️  ESB_ERZ_32240_32325_(u=5355.0, v=69.0, w=15.0) ➡️  ERZ_ESB_32360_32450_(u=5445.0, v=70.0, w=15.0) ➡️  ESB_SAW_32730_32785_(u=5500.0, v=71.0, w=15.0) ➡️  SAW_ADA_32820_32905_(u=5585.0, v=72.0, w=15.0) ➡️  ADA_ESB_33765_33830_(u=5650.0, v=73.0, w=16.0) ➡️  ESB_SAW_33945_34005_(u=5710.0, v=74.0, w=16.0) ➡️  SAW_ERZ_34140_34240_(u=5810.0, v=75.0, w=16.0) ➡️  ERZ_SAW_34275_34385_(u=5920.0, v=76.0, w=16.0) ➡️  SAW_TZX_35195_35295_(u=100.0, v=1.0, w=1.0) ➡️  TZX_ESB_35520_35600_(u=180.0, v=2.0, w=1.0) ➡️  ESB_SAW_35685_35745_(u=240.0, v=3.0, w=1.0) ➡️  SAW_AYT_35785_35850_(u=305.0, v=4.0, w=1.0) ➡️  t_(u=0.0, v=0.0, w=0.0)

🛩️ Aircraft N128 path (25 nodes): s_(u=0.0, v=0.0, w=0.0) ➡️  N128_(u=4025.0, v=51.0, w=10.0) ➡️  ADA_SAW_26340_26430_(u=4115.0, v=52.0, w=10.0) ➡️  SAW_ESB_26580_26640_(u=4175.0, v=53.0, w=10.0) ➡️  ESB_SAW_26745_26805_(u=4235.0, v=54.0, w=10.0) ➡️  SAW_ERZ_26940_27040_(u=4335.0, v=55.0, w=10.0) ➡️  ERZ_SAW_27075_27185_(u=4445.0, v=56.0, w=10.0) ➡️  SAW_ESB_27840_27900_(u=4505.0, v=57.0, w=11.0) ➡️  ESB_VAN_28050_28145_(u=4600.0, v=58.0, w=11.0) ➡️  VAN_ESB_28290_28395_(u=4705.0, v=59.0, w=11.0) ➡️  ESB_ADB_29360_29440_(u=4785.0, v=60.0, w=12.0) ➡️  ADB_ESB_29505_29580_(u=4860.0, v=61.0, w=12.0) ➡️  ESB_ADB_29625_29705_(u=4940.0, v=62.0, w=12.0) ➡️  ADB_ESB_29790_29865_(u=5015.0, v=63.0, w=12.0) ➡️  ESB_ADB_30165_30245_(u=5095.0, v=64.0, w=12.0) ➡️  ADB_ESB_30660_30735_(u=5170.0, v=65.0, w=13.0) ➡️  ESB_SAW_30780_30840_(u=5230.0, v=66.0, w=13.0) ➡️  SAW_ESB_30900_30960_(u=5290.0, v=67.0, w=13.0) ➡️  ESB_GNY_31360_31435_(u=5365.0, v=68.0, w=13.0) ➡️  GNY_ESB_31470_31550_(u=5445.0, v=69.0, w=13.0) ➡️  ESB_SAW_32940_33000_(u=5505.0, v=70.0, w=14.0) ➡️  SAW_ESB_33540_33600_(u=5565.0, v=71.0, w=15.0) ➡️  ESB_ADB_33680_33760_(u=5645.0, v=72.0, w=15.0) ➡️  ADB_ESB_34110_34185_(u=5720.0, v=73.0, w=15.0) ➡️  ESB_ECN_34240_34310_(u=5790.0, v=74.0, w=15.0) ➡️  ECN_ESB_34355_34420_(u=5855.0, v=75.0, w=15.0) ➡️  ESB_SAW_35090_35150_(u=5915.0, v=76.0, w=16.0) ➡️  t_(u=0.0, v=0.0, w=0.0)

🛩️ Aircraft N129 path (39 nodes): s_(u=0.0, v=0.0, w=0.0) ➡️  N129_(u=0.0, v=0.0, w=1.0) ➡️  SAW_ESB_26340_26400_(u=60.0, v=1.0, w=1.0) ➡️  ESB_BJV_26505_26580_(u=135.0, v=2.0, w=1.0) ➡️  BJV_ESB_26615_26690_(u=210.0, v=3.0, w=1.0) ➡️  ESB_DIY_27040_27120_(u=290.0, v=4.0, w=1.0) ➡️  DIY_ESB_27160_27245_(u=375.0, v=5.0, w=1.0) ➡️  ESB_AYT_27285_27355_(u=445.0, v=6.0, w=1.0) ➡️  AYT_ESB_27780_27845_(u=510.0, v=7.0, w=2.0) ➡️  ESB_ADA_28500_28560_(u=570.0, v=8.0, w=2.0) ➡️  ADA_ESB_28600_28665_(u=635.0, v=9.0, w=2.0) ➡️  ESB_AYT_29370_29440_(u=705.0, v=10.0, w=3.0) ➡️  AYT_ESB_29490_29555_(u=770.0, v=11.0, w=3.0) ➡️  ESB_MQM_29630_29725_(u=865.0, v=12.0, w=3.0) ➡️  MQM_ESB_29760_29855_(u=960.0, v=13.0, w=3.0) ➡️  ESB_GNY_29920_29995_(u=1035.0, v=14.0, w=3.0) ➡️  GNY_ESB_30030_30110_(u=1115.0, v=15.0, w=3.0) ➡️  ESB_ERZ_30800_30885_(u=1200.0, v=16.0, w=4.0) ➡️  ERZ_ESB_30920_31010_(u=1290.0, v=17.0, w=4.0) ➡️  ESB_ERZ_31065_31150_(u=1375.0, v=18.0, w=4.0) ➡️  ERZ_ESB_31185_31270_(u=1460.0, v=19.0, w=4.0) ➡️  ESB_AYT_31605_31675_(u=1530.0, v=20.0, w=4.0) ➡️  AYT_ESB_32100_32165_(u=1595.0, v=21.0, w=5.0) ➡️  ESB_AYT_32250_32320_(u=1665.0, v=22.0, w=5.0) ➡️  AYT_ESB_32370_32435_(u=1730.0, v=23.0, w=5.0) ➡️  ESB_ERC_32500_32580_(u=1810.0, v=24.0, w=5.0) ➡️  ERC_ESB_32615_32695_(u=1890.0, v=25.0, w=5.0) ➡️  ESB_ADB_32760_32840_2_(u=1970.0, v=26.0, w=5.0) ➡️  ADB_ESB_32875_32950_(u=2045.0, v=27.0, w=5.0) ➡️  ESB_EZS_33050_33125_(u=2120.0, v=28.0, w=5.0) ➡️  EZS_ESB_33540_33620_(u=2200.0, v=29.0, w=6.0) ➡️  ESB_DIY_33690_33770_(u=2280.0, v=30.0, w=6.0) ➡️  DIY_ESB_33830_33915_(u=2365.0, v=31.0, w=6.0) ➡️  ESB_TZX_33975_34055_(u=2445.0, v=32.0, w=6.0) ➡️  TZX_SAW_34130_34240_(u=2555.0, v=33.0, w=6.0) ➡️  SAW_ESB_34280_34340_(u=2615.0, v=34.0, w=6.0) ➡️  ESB_SAW_34380_34440_(u=2675.0, v=35.0, w=6.0) ➡️  SAW_AYT_35490_35555_(u=2740.0, v=36.0, w=7.0) ➡️  AYT_SAW_35590_35655_(u=2805.0, v=37.0, w=7.0) ➡️  SAW_ESB_35715_35775_(u=2865.0, v=38.0, w=7.0) ➡️  ESB_SAW_35820_35880_(u=2925.0, v=39.0, w=7.0) ➡️  t_(u=0.0, v=0.0, w=0.0)

🛩️ Aircraft N130 path (33 nodes): s_(u=0.0, v=0.0, w=0.0) ➡️  N130_(u=0.0, v=0.0, w=1.0) ➡️  ESB_ADB_26385_26460_(u=75.0, v=1.0, w=1.0) ➡️  ADB_ESB_26495_26570_(u=150.0, v=2.0, w=1.0) ➡️  ESB_TZX_26775_26855_(u=230.0, v=3.0, w=1.0) ➡️  TZX_ESB_26890_26970_(u=310.0, v=4.0, w=1.0) ➡️  ESB_SAW_27075_27135_(u=370.0, v=5.0, w=1.0) ➡️  SAW_ESB_27780_27840_(u=430.0, v=6.0, w=2.0) ➡️  ESB_SAW_27900_27960_(u=490.0, v=7.0, w=2.0) ➡️  SAW_ADA_28500_28585_(u=575.0, v=8.0, w=2.0) ➡️  ADA_ESB_29235_29300_(u=640.0, v=9.0, w=3.0) ➡️  ESB_BAL_29365_29455_(u=730.0, v=10.0, w=3.0) ➡️  BAL_ESB_29495_29590_(u=825.0, v=11.0, w=3.0) ➡️  ESB_SAW_29625_29685_(u=885.0, v=12.0, w=3.0) ➡️  SAW_ERZ_29820_29920_(u=985.0, v=13.0, w=3.0) ➡️  ERZ_SAW_29955_30065_(u=1095.0, v=14.0, w=3.0) ➡️  SAW_ASR_30135_30205_(u=1165.0, v=15.0, w=3.0) ➡️  ASR_SAW_30660_30740_(u=1245.0, v=16.0, w=4.0) ➡️  SAW_TZX_30855_30955_(u=1345.0, v=17.0, w=4.0) ➡️  TZX_SAW_31250_31360_(u=1455.0, v=18.0, w=4.0) ➡️  SAW_ESB_31400_31460_(u=1515.0, v=19.0, w=4.0) ➡️  ESB_SZF_31610_31670_(u=1575.0, v=20.0, w=4.0) ➡️  SZF_ESB_32100_32160_(u=1635.0, v=21.0, w=5.0) ➡️  ESB_VAN_32485_32580_(u=1730.0, v=22.0, w=5.0) ➡️  VAN_ESB_32670_32775_(u=1835.0, v=23.0, w=5.0) ➡️  ESB_ADB_32810_32890_(u=1915.0, v=24.0, w=5.0) ➡️  ADB_ESB_33825_33900_(u=1990.0, v=25.0, w=6.0) ➡️  ESB_ERC_33940_34020_(u=2070.0, v=26.0, w=6.0) ➡️  ERC_ESB_34055_34135_(u=2150.0, v=27.0, w=6.0) ➡️  ESB_KSY_35110_35205_(u=2245.0, v=28.0, w=7.0) ➡️  KSY_ESB_35240_35345_(u=2350.0, v=29.0, w=7.0) ➡️  ESB_TZX_35400_35480_(u=2430.0, v=30.0, w=7.0) ➡️  TZX_SAW_35580_35690_(u=2540.0, v=31.0, w=7.0) ➡️  SAW_ADA_35730_35815_(u=2625.0, v=32.0, w=7.0) ➡️  ADA_SAW_35850_35940_(u=2715.0, v=33.0, w=7.0) ➡️  t_(u=0.0, v=0.0, w=0.0)

🛩️ Aircraft N131 path (33 nodes): s_(u=0.0, v=0.0, w=0.0) ➡️  N131_(u=0.0, v=0.0, w=1.0) ➡️  ESB_DIY_26490_26570_(u=80.0, v=1.0, w=1.0) ➡️  DIY_ESB_26630_26715_(u=165.0, v=2.0, w=1.0) ➡️  ESB_MQM_26750_26845_(u=260.0, v=3.0, w=1.0) ➡️  MQM_ESB_26880_26975_(u=355.0, v=4.0, w=1.0) ➡️  ESB_ADA_27295_27355_(u=415.0, v=5.0, w=1.0) ➡️  ADA_SAW_28620_28710_(u=505.0, v=6.0, w=2.0) ➡️  SAW_ESB_29220_29280_(u=565.0, v=7.0, w=3.0) ➡️  ESB_ERZ_29360_29445_(u=650.0, v=8.0, w=3.0) ➡️  ERZ_ESB_29480_29570_(u=740.0, v=9.0, w=3.0) ➡️  ESB_DIY_29610_29690_(u=820.0, v=10.0, w=3.0) ➡️  DIY_ESB_29765_29850_(u=905.0, v=11.0, w=3.0) ➡️  ESB_SAW_29955_30015_(u=965.0, v=12.0, w=3.0) ➡️  SAW_ESB_30720_30780_(u=1025.0, v=13.0, w=4.0) ➡️  ESB_AJI_31090_31185_(u=1120.0, v=14.0, w=4.0) ➡️  AJI_ESB_31225_31330_(u=1225.0, v=15.0, w=4.0) ➡️  ESB_ADB_31370_31450_(u=1305.0, v=16.0, w=4.0) ➡️  ADB_ESB_31485_31560_(u=1380.0, v=17.0, w=4.0) ➡️  ESB_GZT_31615_31685_(u=1450.0, v=18.0, w=4.0) ➡️  GZT_ESB_32100_32170_(u=1520.0, v=19.0, w=5.0) ➡️  ESB_TZX_32235_32315_(u=1600.0, v=20.0, w=5.0) ➡️  TZX_ESB_32365_32445_(u=1680.0, v=21.0, w=5.0) ➡️  ESB_ECN_32520_32590_(u=1750.0, v=22.0, w=5.0) ➡️  ECN_ADA_32700_32755_(u=1805.0, v=23.0, w=5.0) ➡️  ADA_ECN_32805_32865_(u=1865.0, v=24.0, w=5.0) ➡️  ECN_ESB_32915_32980_(u=1930.0, v=25.0, w=5.0) ➡️  ESB_BAL_33685_33775_(u=2020.0, v=26.0, w=6.0) ➡️  BAL_ESB_33815_33910_(u=2115.0, v=27.0, w=6.0) ➡️  ESB_ADA_34260_34320_(u=2175.0, v=28.0, w=6.0) ➡️  ADA_ESB_34360_34425_(u=2240.0, v=29.0, w=6.0) ➡️  ESB_DIY_35410_35490_(u=2320.0, v=30.0, w=7.0) ➡️  DIY_ESB_35525_35615_(u=2410.0, v=31.0, w=7.0) ➡️  ESB_GNY_35670_35745_(u=2485.0, v=32.0, w=7.0) ➡️  GNY_ESB_35780_35860_(u=2565.0, v=33.0, w=7.0) ➡️  t_(u=0.0, v=0.0, w=0.0)

🛩️ Aircraft N132 path (37 nodes): s_(u=0.0, v=0.0, w=0.0) ➡️  N132_(u=0.0, v=0.0, w=1.0) ➡️  AYT_ESB_26340_26405_(u=65.0, v=1.0, w=1.0) ➡️  ESB_ECN_26490_26560_(u=135.0, v=2.0, w=1.0) ➡️  ECN_ESB_26600_26665_(u=200.0, v=3.0, w=1.0) ➡️  ESB_ERC_26740_26820_(u=280.0, v=4.0, w=1.0) ➡️  ERC_ESB_26855_26935_(u=360.0, v=5.0, w=1.0) ➡️  ESB_SAW_26970_27025_(u=415.0, v=6.0, w=1.0) ➡️  SAW_ADB_27780_27840_(u=475.0, v=7.0, w=2.0) ➡️  ADB_SAW_27875_27935_(u=535.0, v=8.0, w=2.0) ➡️  SAW_TZX_27975_28075_(u=635.0, v=9.0, w=2.0) ➡️  TZX_SAW_28370_28480_(u=745.0, v=10.0, w=2.0) ➡️  SAW_ADB_29220_29280_(u=805.0, v=11.0, w=3.0) ➡️  ADB_SAW_29315_29375_(u=865.0, v=12.0, w=3.0) ➡️  SAW_TZX_29415_29515_(u=965.0, v=13.0, w=3.0) ➡️  TZX_SAW_29810_29920_(u=1075.0, v=14.0, w=3.0) ➡️  SAW_ESB_29960_30020_(u=1135.0, v=15.0, w=3.0) ➡️  ESB_GZT_30175_30245_(u=1205.0, v=16.0, w=3.0) ➡️  GZT_ESB_30660_30730_(u=1275.0, v=17.0, w=4.0) ➡️  ESB_AYT_31095_31165_(u=1345.0, v=18.0, w=4.0) ➡️  AYT_ESB_31230_31295_(u=1410.0, v=19.0, w=4.0) ➡️  ESB_ERZ_31355_31440_(u=1495.0, v=20.0, w=4.0) ➡️  ERZ_ESB_31475_31565_(u=1585.0, v=21.0, w=4.0) ➡️  ESB_TZX_31605_31685_(u=1665.0, v=22.0, w=4.0) ➡️  TZX_ESB_32100_32180_(u=1745.0, v=23.0, w=5.0) ➡️  ESB_ADA_32220_32280_(u=1805.0, v=24.0, w=5.0) ➡️  ADA_SAW_32940_33030_(u=1895.0, v=25.0, w=5.0) ➡️  SAW_ESB_33780_33840_(u=1955.0, v=26.0, w=6.0) ➡️  ESB_AJI_33970_34065_(u=2050.0, v=27.0, w=6.0) ➡️  AJI_ESB_34105_34210_(u=2155.0, v=28.0, w=6.0) ➡️  ESB_SZF_34490_34550_(u=2215.0, v=29.0, w=6.0) ➡️  SZF_ESB_34980_35040_(u=2275.0, v=30.0, w=7.0) ➡️  ESB_VAN_35100_35195_(u=2370.0, v=31.0, w=7.0) ➡️  VAN_ESB_35235_35340_(u=2475.0, v=32.0, w=7.0) ➡️  ESB_VAN_35380_35475_(u=2570.0, v=33.0, w=7.0) ➡️  VAN_ESB_35520_35625_(u=2675.0, v=34.0, w=7.0) ➡️  ESB_DIY_35680_35760_(u=2755.0, v=35.0, w=7.0) ➡️  DIY_ESB_35795_35880_(u=2840.0, v=36.0, w=7.0) ➡️  ESB_DIY_35955_36035_(u=2920.0, v=37.0, w=7.0) ➡️  t_(u=0.0, v=0.0, w=0.0)

🛩️ Aircraft N133 path (32 nodes): s_(u=0.0, v=0.0, w=0.0) ➡️  N133_(u=0.0, v=0.0, w=1.0) ➡️  ASR_SAW_26340_26420_(u=80.0, v=1.0, w=1.0) ➡️  SAW_TZX_26535_26635_(u=180.0, v=2.0, w=1.0) ➡️  TZX_SAW_26930_27040_(u=290.0, v=3.0, w=1.0) ➡️  SAW_ESB_27080_27140_(u=350.0, v=4.0, w=1.0) ➡️  ESB_ERZ_27920_28005_(u=435.0, v=5.0, w=2.0) ➡️  ERZ_ESB_28040_28130_(u=525.0, v=6.0, w=2.0) ➡️  ESB_VAN_28165_28260_(u=620.0, v=7.0, w=2.0) ➡️  VAN_ESB_28350_28455_(u=725.0, v=8.0, w=2.0) ➡️  ESB_ADB_28490_28570_(u=805.0, v=9.0, w=2.0) ➡️  ADB_ESB_29220_29295_(u=880.0, v=10.0, w=3.0) ➡️  ESB_ERC_29620_29700_(u=960.0, v=11.0, w=3.0) ➡️  ERC_ESB_29735_29815_(u=1040.0, v=12.0, w=3.0) ➡️  ESB_DIY_30180_30260_(u=1120.0, v=13.0, w=3.0) ➡️  DIY_ESB_30630_30715_(u=1205.0, v=14.0, w=4.0) ➡️  ESB_ERC_31060_31140_(u=1285.0, v=15.0, w=4.0) ➡️  ERC_ESB_31175_31255_(u=1365.0, v=16.0, w=4.0) ➡️  ESB_SAW_31500_31560_(u=1425.0, v=17.0, w=4.0) ➡️  SAW_TZX_32295_32395_(u=1525.0, v=18.0, w=5.0) ➡️  TZX_ESB_32650_32730_(u=1605.0, v=19.0, w=5.0) ➡️  ESB_TZX_32810_32890_(u=1685.0, v=20.0, w=5.0) ➡️  TZX_ESB_32925_33005_(u=1765.0, v=21.0, w=5.0) ➡️  ESB_BJV_33705_33780_(u=1840.0, v=22.0, w=6.0) ➡️  BJV_ESB_33815_33890_(u=1915.0, v=23.0, w=6.0) ➡️  ESB_ADB_33945_34025_(u=1995.0, v=24.0, w=6.0) ➡️  ADB_ESB_34365_34440_(u=2070.0, v=25.0, w=6.0) ➡️  ESB_BAL_35115_35205_(u=2160.0, v=26.0, w=7.0) ➡️  BAL_ESB_35240_35335_(u=2255.0, v=27.0, w=7.0) ➡️  ESB_EZS_35415_35490_(u=2330.0, v=28.0, w=7.0) ➡️  EZS_ESB_35525_35605_(u=2410.0, v=29.0, w=7.0) ➡️  ESB_AYT_35700_35770_(u=2480.0, v=30.0, w=7.0) ➡️  AYT_ESB_35805_35870_(u=2545.0, v=31.0, w=7.0) ➡️  ESB_GZT_35935_36005_(u=2615.0, v=32.0, w=7.0) ➡️  t_(u=0.0, v=0.0, w=0.0)

🛩️ Aircraft N134 path (35 nodes): s_(u=0.0, v=0.0, w=0.0) ➡️  N134_(u=0.0, v=0.0, w=1.0) ➡️  ESB_MSR_26490_26580_(u=90.0, v=1.0, w=1.0) ➡️  MSR_ESB_26615_26715_(u=190.0, v=2.0, w=1.0) ➡️  ESB_ECN_26760_26830_(u=260.0, v=3.0, w=1.0) ➡️  ECN_ESB_27155_27220_(u=325.0, v=4.0, w=1.0) ➡️  ESB_DIY_27300_27380_(u=405.0, v=5.0, w=1.0) ➡️  DIY_ESB_27750_27835_(u=490.0, v=6.0, w=2.0) ➡️  ESB_DIY_27930_28010_(u=570.0, v=7.0, w=2.0) ➡️  DIY_ESB_28070_28155_(u=655.0, v=8.0, w=2.0) ➡️  ESB_AYT_28215_28285_(u=725.0, v=9.0, w=2.0) ➡️  AYT_ESB_28350_28415_(u=790.0, v=10.0, w=2.0) ➡️  ESB_DIY_28480_28560_(u=870.0, v=11.0, w=2.0) ➡️  DIY_ESB_28600_28685_(u=955.0, v=12.0, w=2.0) ➡️  ESB_ADA_28735_28795_(u=1015.0, v=13.0, w=2.0) ➡️  ADA_SAW_30060_30150_(u=1105.0, v=14.0, w=3.0) ➡️  SAW_ADB_30660_30720_(u=1165.0, v=15.0, w=4.0) ➡️  ADB_SAW_30755_30815_(u=1225.0, v=16.0, w=4.0) ➡️  SAW_VAS_31080_31160_(u=1305.0, v=17.0, w=4.0) ➡️  VAS_SAW_31200_31280_(u=1385.0, v=18.0, w=4.0) ➡️  SAW_ADA_31380_31465_(u=1470.0, v=19.0, w=4.0) ➡️  ADA_ESB_32325_32390_(u=1535.0, v=20.0, w=5.0) ➡️  ESB_DIY_32490_32570_(u=1615.0, v=21.0, w=5.0) ➡️  DIY_ESB_32645_32730_(u=1700.0, v=22.0, w=5.0) ➡️  ESB_ADA_32820_32880_(u=1760.0, v=23.0, w=5.0) ➡️  ADA_ESB_32920_32985_(u=1825.0, v=24.0, w=5.0) ➡️  ESB_ADB_33045_33125_(u=1905.0, v=25.0, w=5.0) ➡️  ADB_ESB_33540_33615_(u=1980.0, v=26.0, w=6.0) ➡️  ESB_AYT_33690_33760_(u=2050.0, v=27.0, w=6.0) ➡️  AYT_ESB_33810_33875_(u=2115.0, v=28.0, w=6.0) ➡️  ESB_ECN_35100_35170_(u=2185.0, v=29.0, w=7.0) ➡️  ECN_ESB_35210_35275_(u=2250.0, v=30.0, w=7.0) ➡️  ESB_VAN_35310_35400_(u=2340.0, v=31.0, w=7.0) ➡️  VAN_ESB_35445_35550_(u=2445.0, v=32.0, w=7.0) ➡️  ESB_ERZ_35675_35760_(u=2530.0, v=33.0, w=7.0) ➡️  ERZ_ESB_35795_35885_(u=2620.0, v=34.0, w=7.0) ➡️  ESB_ECN_35935_36005_(u=2690.0, v=35.0, w=7.0) ➡️  t_(u=0.0, v=0.0, w=0.0)

🛩️ Aircraft N135 path (41 nodes): s_(u=0.0, v=0.0, w=0.0) ➡️  N135_(u=0.0, v=0.0, w=1.0) ➡️  TZX_ESB_26340_26420_(u=80.0, v=1.0, w=1.0) ➡️  ESB_VAN_26470_26565_(u=175.0, v=2.0, w=1.0) ➡️  VAN_ESB_26610_26715_(u=280.0, v=3.0, w=1.0) ➡️  ESB_AYT_26775_26845_(u=350.0, v=4.0, w=1.0) ➡️  AYT_ESB_26910_26975_(u=415.0, v=5.0, w=1.0) ➡️  ESB_AYT_27060_27130_(u=485.0, v=6.0, w=1.0) ➡️  AYT_ESB_27165_27230_(u=550.0, v=7.0, w=1.0) ➡️  ESB_GZT_27295_27365_(u=620.0, v=8.0, w=1.0) ➡️  GZT_ESB_27780_27850_(u=690.0, v=9.0, w=2.0) ➡️  ESB_BAL_27925_28015_(u=780.0, v=10.0, w=2.0) ➡️  BAL_ESB_28055_28150_(u=875.0, v=11.0, w=2.0) ➡️  ESB_AYT_28725_28795_(u=945.0, v=12.0, w=2.0) ➡️  AYT_ESB_29220_29285_(u=1010.0, v=13.0, w=3.0) ➡️  ESB_MSR_29370_29460_(u=1100.0, v=14.0, w=3.0) ➡️  MSR_ESB_29495_29595_(u=1200.0, v=15.0, w=3.0) ➡️  ESB_EZS_29655_29730_(u=1275.0, v=16.0, w=3.0) ➡️  EZS_ESB_29765_29845_(u=1355.0, v=17.0, w=3.0) ➡️  ESB_ADB_29930_30010_(u=1435.0, v=18.0, w=3.0) ➡️  ADB_ESB_30045_30120_(u=1510.0, v=19.0, w=3.0) ➡️  ESB_VAN_31045_31140_(u=1605.0, v=20.0, w=4.0) ➡️  VAN_ESB_31230_31335_(u=1710.0, v=21.0, w=4.0) ➡️  ESB_BAL_32245_32335_(u=1800.0, v=22.0, w=5.0) ➡️  BAL_ESB_32375_32470_(u=1895.0, v=23.0, w=5.0) ➡️  ESB_SAW_32505_32565_(u=1955.0, v=24.0, w=5.0) ➡️  SAW_AYT_32790_32855_(u=2020.0, v=25.0, w=5.0) ➡️  AYT_SAW_32890_32955_(u=2085.0, v=26.0, w=5.0) ➡️  SAW_ADA_33030_33115_(u=2170.0, v=27.0, w=5.0) ➡️  ADA_ESB_33555_33620_(u=2235.0, v=28.0, w=6.0) ➡️  ESB_TZX_33675_33755_(u=2315.0, v=29.0, w=6.0) ➡️  TZX_ESB_33805_33885_(u=2395.0, v=30.0, w=6.0) ➡️  ESB_VAN_33925_34020_(u=2490.0, v=31.0, w=6.0) ➡️  VAN_ESB_34110_34215_(u=2595.0, v=32.0, w=6.0) ➡️  ESB_AYT_34485_34555_(u=2665.0, v=33.0, w=6.0) ➡️  AYT_ESB_34980_35045_(u=2730.0, v=34.0, w=7.0) ➡️  ESB_AYT_35250_35315_(u=2795.0, v=35.0, w=7.0) ➡️  AYT_ESB_35350_35415_(u=2860.0, v=36.0, w=7.0) ➡️  ESB_ECN_35460_35530_(u=2930.0, v=37.0, w=7.0) ➡️  ECN_ADA_35580_35635_(u=2985.0, v=38.0, w=7.0) ➡️  ADA_ECN_35685_35745_(u=3045.0, v=39.0, w=7.0) ➡️  ECN_ESB_35795_35860_(u=3110.0, v=40.0, w=7.0) ➡️  ESB_EZS_35940_36015_(u=3185.0, v=41.0, w=7.0) ➡️  t_(u=0.0, v=0.0, w=0.0)

🛩️ Aircraft N136 path (34 nodes): s_(u=0.0, v=0.0, w=0.0) ➡️  N136_(u=0.0, v=0.0, w=1.0) ➡️  ADA_ESB_26355_26420_(u=65.0, v=1.0, w=1.0) ➡️  ESB_AYT_26490_26560_(u=135.0, v=2.0, w=1.0) ➡️  AYT_ESB_26610_26675_(u=200.0, v=3.0, w=1.0) ➡️  ESB_DIY_26730_26810_(u=280.0, v=4.0, w=1.0) ➡️  DIY_ESB_26885_26970_(u=365.0, v=5.0, w=1.0) ➡️  ESB_ADB_27050_27130_(u=445.0, v=6.0, w=1.0) ➡️  ADB_ESB_27165_27240_(u=520.0, v=7.0, w=1.0) ➡️  ESB_SZF_27290_27350_(u=580.0, v=8.0, w=1.0) ➡️  SZF_ESB_27780_27840_(u=640.0, v=9.0, w=2.0) ➡️  ESB_ADB_27920_28000_(u=720.0, v=10.0, w=2.0) ➡️  ADB_ESB_28065_28140_(u=795.0, v=11.0, w=2.0) ➡️  ESB_ERZ_28475_28560_(u=880.0, v=12.0, w=2.0) ➡️  ERZ_ESB_28595_28685_(u=970.0, v=13.0, w=2.0) ➡️  ESB_DIY_29370_29450_(u=1050.0, v=14.0, w=3.0) ➡️  DIY_ESB_29510_29595_(u=1135.0, v=15.0, w=3.0) ➡️  ESB_ADA_29940_30000_(u=1195.0, v=16.0, w=3.0) ➡️  ADA_ESB_30040_30105_(u=1260.0, v=17.0, w=3.0) ➡️  ESB_ADB_30800_30880_(u=1340.0, v=18.0, w=4.0) ➡️  ADB_ESB_30945_31020_(u=1415.0, v=19.0, w=4.0) ➡️  ESB_ECN_31080_31150_(u=1485.0, v=20.0, w=4.0) ➡️  ECN_ESB_31475_31540_(u=1550.0, v=21.0, w=4.0) ➡️  ESB_DIY_32250_32330_(u=1630.0, v=22.0, w=5.0) ➡️  DIY_ESB_32390_32475_(u=1715.0, v=23.0, w=5.0) ➡️  ESB_MQM_32510_32605_(u=1810.0, v=24.0, w=5.0) ➡️  MQM_ESB_32640_32735_(u=1905.0, v=25.0, w=5.0) ➡️  ESB_ECN_32820_32890_(u=1975.0, v=26.0, w=5.0) ➡️  ECN_ESB_33540_33605_(u=2040.0, v=27.0, w=6.0) ➡️  ESB_KSY_33670_33765_(u=2135.0, v=28.0, w=6.0) ➡️  KSY_ESB_33805_33910_(u=2240.0, v=29.0, w=6.0) ➡️  ESB_ERZ_35120_35205_(u=2325.0, v=30.0, w=7.0) ➡️  ERZ_ESB_35240_35330_(u=2415.0, v=31.0, w=7.0) ➡️  ESB_SAW_35610_35670_(u=2475.0, v=32.0, w=7.0) ➡️  SAW_ERZ_35730_35830_(u=2575.0, v=33.0, w=7.0) ➡️  ERZ_SAW_35865_35975_(u=2685.0, v=34.0, w=7.0) ➡️  t_(u=0.0, v=0.0, w=0.0)

🛩️ Aircraft N137 path (37 nodes): s_(u=0.0, v=0.0, w=0.0) ➡️  N137_(u=0.0, v=0.0, w=1.0) ➡️  SAW_ADB_26340_26400_(u=60.0, v=1.0, w=1.0) ➡️  ADB_SAW_26435_26495_(u=120.0, v=2.0, w=1.0) ➡️  SAW_VAS_26760_26840_(u=200.0, v=3.0, w=1.0) ➡️  VAS_SAW_26880_26960_(u=280.0, v=4.0, w=1.0) ➡️  SAW_ADA_27060_27145_(u=365.0, v=5.0, w=1.0) ➡️  ADA_SAW_27180_27270_(u=455.0, v=6.0, w=1.0) ➡️  SAW_AYT_27960_28025_(u=520.0, v=7.0, w=2.0) ➡️  AYT_SAW_28065_28130_(u=585.0, v=8.0, w=2.0) ➡️  SAW_ESB_28520_28580_(u=645.0, v=9.0, w=2.0) ➡️  ESB_KSY_29350_29445_(u=740.0, v=10.0, w=3.0) ➡️  KSY_ESB_29485_29590_(u=845.0, v=11.0, w=3.0) ➡️  ESB_KSY_29625_29720_(u=940.0, v=12.0, w=3.0) ➡️  KSY_ESB_29760_29865_(u=1045.0, v=13.0, w=3.0) ➡️  ESB_ERZ_29915_30000_(u=1130.0, v=14.0, w=3.0) ➡️  ERZ_ESB_30035_30125_(u=1220.0, v=15.0, w=3.0) ➡️  ESB_ADA_30175_30235_(u=1280.0, v=16.0, w=3.0) ➡️  ADA_ESB_31480_31545_(u=1345.0, v=17.0, w=4.0) ➡️  ESB_ADB_32240_32320_(u=1425.0, v=18.0, w=5.0) ➡️  ADB_ESB_32385_32460_(u=1500.0, v=19.0, w=5.0) ➡️  ESB_ADB_32505_32585_(u=1580.0, v=20.0, w=5.0) ➡️  ADB_ESB_32670_32745_(u=1655.0, v=21.0, w=5.0) ➡️  ESB_ERZ_32795_32880_(u=1740.0, v=22.0, w=5.0) ➡️  ERZ_ESB_32915_33005_(u=1830.0, v=23.0, w=5.0) ➡️  ESB_AYT_33045_33115_(u=1900.0, v=24.0, w=5.0) ➡️  AYT_ESB_33540_33605_(u=1965.0, v=25.0, w=6.0) ➡️  ESB_ECN_33690_33760_(u=2035.0, v=26.0, w=6.0) ➡️  ECN_ESB_33800_33865_(u=2100.0, v=27.0, w=6.0) ➡️  ESB_KSY_33945_34040_(u=2195.0, v=28.0, w=6.0) ➡️  KSY_ESB_34080_34185_(u=2300.0, v=29.0, w=6.0) ➡️  ESB_ADB_34250_34330_(u=2380.0, v=30.0, w=6.0) ➡️  ADB_SAW_34405_34465_(u=2440.0, v=31.0, w=6.0) ➡️  SAW_ESB_34980_35040_(u=2500.0, v=32.0, w=7.0) ➡️  ESB_ADA_35100_35165_(u=2565.0, v=33.0, w=7.0) ➡️  ADA_ESB_35200_35265_(u=2630.0, v=34.0, w=7.0) ➡️  ESB_ERZ_35385_35470_(u=2715.0, v=35.0, w=7.0) ➡️  ERZ_ESB_35505_35590_(u=2800.0, v=36.0, w=7.0) ➡️  ESB_MLX_35920_35995_(u=2875.0, v=37.0, w=7.0) ➡️  t_(u=0.0, v=0.0, w=0.0)

🛩️ Aircraft N138 path (41 nodes): s_(u=0.0, v=0.0, w=0.0) ➡️  N138_(u=0.0, v=0.0, w=1.0) ➡️  ECN_ESB_26340_26405_(u=65.0, v=1.0, w=1.0) ➡️  ESB_SAW_26460_26520_(u=125.0, v=2.0, w=1.0) ➡️  SAW_AYT_27030_27095_(u=190.0, v=3.0, w=1.0) ➡️  AYT_SAW_27130_27195_(u=255.0, v=4.0, w=1.0) ➡️  SAW_ESB_28020_28080_(u=315.0, v=5.0, w=2.0) ➡️  ESB_AJI_28210_28305_(u=410.0, v=6.0, w=2.0) ➡️  AJI_ESB_28345_28450_(u=515.0, v=7.0, w=2.0) ➡️  ESB_AYT_28500_28570_(u=585.0, v=8.0, w=2.0) ➡️  AYT_ESB_28605_28670_(u=650.0, v=9.0, w=2.0) ➡️  ESB_MLX_28720_28790_(u=720.0, v=10.0, w=2.0) ➡️  MLX_ESB_29220_29295_(u=795.0, v=11.0, w=3.0) ➡️  ESB_VAN_29350_29445_(u=890.0, v=12.0, w=3.0) ➡️  VAN_ESB_29490_29595_(u=995.0, v=13.0, w=3.0) ➡️  ESB_AYT_29655_29725_(u=1065.0, v=14.0, w=3.0) ➡️  AYT_ESB_29790_29855_(u=1130.0, v=15.0, w=3.0) ➡️  ESB_TZX_29930_30010_(u=1210.0, v=16.0, w=3.0) ➡️  TZX_ESB_30045_30125_(u=1290.0, v=17.0, w=3.0) ➡️  ESB_TZX_30165_30245_(u=1370.0, v=18.0, w=3.0) ➡️  TZX_ESB_30660_30740_(u=1450.0, v=19.0, w=4.0) ➡️  ESB_BAL_30805_30895_(u=1540.0, v=20.0, w=4.0) ➡️  BAL_ESB_30935_31030_(u=1635.0, v=21.0, w=4.0) ➡️  ESB_TZX_31370_31450_(u=1715.0, v=22.0, w=4.0) ➡️  TZX_ESB_31485_31565_(u=1795.0, v=23.0, w=4.0) ➡️  ESB_SAW_32220_32280_(u=1855.0, v=24.0, w=5.0) ➡️  SAW_ERZ_32700_32800_(u=1955.0, v=25.0, w=5.0) ➡️  ERZ_SAW_32835_32945_(u=2065.0, v=26.0, w=5.0) ➡️  SAW_ASR_33015_33085_(u=2135.0, v=27.0, w=5.0) ➡️  ASR_SAW_33540_33620_(u=2215.0, v=28.0, w=6.0) ➡️  SAW_TZX_33735_33835_(u=2315.0, v=29.0, w=6.0) ➡️  TZX_ESB_34090_34170_(u=2395.0, v=30.0, w=6.0) ➡️  ESB_ERZ_34235_34320_(u=2480.0, v=31.0, w=6.0) ➡️  ERZ_ESB_34355_34445_(u=2570.0, v=32.0, w=6.0) ➡️  ESB_GZT_34495_34565_(u=2640.0, v=33.0, w=6.0) ➡️  GZT_ESB_34980_35050_(u=2710.0, v=34.0, w=7.0) ➡️  ESB_MSR_35110_35205_(u=2805.0, v=35.0, w=7.0) ➡️  MSR_ESB_35240_35340_(u=2905.0, v=36.0, w=7.0) ➡️  ESB_AJI_35390_35485_(u=3000.0, v=37.0, w=7.0) ➡️  AJI_ESB_35530_35635_(u=3105.0, v=38.0, w=7.0) ➡️  ESB_ADA_35700_35765_(u=3170.0, v=39.0, w=7.0) ➡️  ADA_ESB_35800_35865_(u=3235.0, v=40.0, w=7.0) ➡️  ESB_AYT_35925_35985_(u=3295.0, v=41.0, w=7.0) ➡️  t_(u=0.0, v=0.0, w=0.0)

🛩️ Aircraft N139 path (42 nodes): s_(u=0.0, v=0.0, w=0.0) ➡️  N139_(u=0.0, v=0.0, w=1.0) ➡️  ESB_KSY_26470_26565_(u=95.0, v=1.0, w=1.0) ➡️  KSY_ESB_26605_26710_(u=200.0, v=2.0, w=1.0) ➡️  ESB_EZS_26775_26850_(u=275.0, v=3.0, w=1.0) ➡️  EZS_ESB_26885_26965_(u=355.0, v=4.0, w=1.0) ➡️  ESB_ERZ_27035_27120_(u=440.0, v=5.0, w=1.0) ➡️  ERZ_ESB_27155_27245_(u=530.0, v=6.0, w=1.0) ➡️  ESB_TZX_27915_27995_(u=610.0, v=7.0, w=2.0) ➡️  TZX_ESB_28045_28125_(u=690.0, v=8.0, w=2.0) ➡️  ESB_ADB_28185_28265_(u=770.0, v=9.0, w=2.0) ➡️  ADB_ESB_28350_28425_(u=845.0, v=10.0, w=2.0) ➡️  ESB_ECN_28480_28550_(u=915.0, v=11.0, w=2.0) ➡️  ECN_ESB_28595_28660_(u=980.0, v=12.0, w=2.0) ➡️  ESB_VAN_29490_29585_(u=1075.0, v=13.0, w=3.0) ➡️  VAN_ESB_29730_29835_(u=1180.0, v=14.0, w=3.0) ➡️  ESB_DIY_29920_30000_(u=1260.0, v=15.0, w=3.0) ➡️  DIY_ESB_30040_30125_(u=1345.0, v=16.0, w=3.0) ➡️  ESB_SZF_30170_30230_(u=1405.0, v=17.0, w=3.0) ➡️  SZF_ESB_30660_30720_(u=1465.0, v=18.0, w=4.0) ➡️  ESB_TZX_30795_30875_(u=1545.0, v=19.0, w=4.0) ➡️  TZX_ESB_30925_31005_(u=1625.0, v=20.0, w=4.0) ➡️  ESB_AYT_31380_31450_(u=1695.0, v=21.0, w=4.0) ➡️  AYT_ESB_31485_31550_(u=1760.0, v=22.0, w=4.0) ➡️  ESB_DIY_31620_31700_(u=1840.0, v=23.0, w=4.0) ➡️  DIY_ESB_32070_32155_(u=1925.0, v=24.0, w=5.0) ➡️  ESB_AYT_32370_32440_(u=1995.0, v=25.0, w=5.0) ➡️  AYT_ESB_32490_32555_(u=2060.0, v=26.0, w=5.0) ➡️  ESB_SAW_32640_32700_(u=2120.0, v=27.0, w=5.0) ➡️  SAW_ESB_32745_32805_(u=2180.0, v=28.0, w=5.0) ➡️  ESB_SZF_33050_33110_(u=2240.0, v=29.0, w=5.0) ➡️  SZF_ESB_33540_33600_(u=2300.0, v=30.0, w=6.0) ➡️  ESB_MSR_33690_33780_(u=2390.0, v=31.0, w=6.0) ➡️  MSR_ESB_33815_33915_(u=2490.0, v=32.0, w=6.0) ➡️  ESB_SAW_34155_34215_(u=2550.0, v=33.0, w=6.0) ➡️  SAW_ADA_34260_34345_(u=2635.0, v=34.0, w=6.0) ➡️  ADA_ESB_34995_35060_(u=2700.0, v=35.0, w=7.0) ➡️  ESB_TZX_35125_35205_(u=2780.0, v=36.0, w=7.0) ➡️  TZX_ESB_35240_35320_(u=2860.0, v=37.0, w=7.0) ➡️  ESB_ERC_35420_35500_(u=2940.0, v=38.0, w=7.0) ➡️  ERC_ESB_35535_35615_(u=3020.0, v=39.0, w=7.0) ➡️  ESB_TZX_35690_35770_(u=3100.0, v=40.0, w=7.0) ➡️  TZX_ESB_35805_35885_(u=3180.0, v=41.0, w=7.0) ➡️  ESB_ADB_35925_36005_(u=3260.0, v=42.0, w=7.0) ➡️  t_(u=0.0, v=0.0, w=0.0)

🛩️ Aircraft N140 path (39 nodes): s_(u=0.0, v=0.0, w=0.0) ➡️  N140_(u=0.0, v=0.0, w=1.0) ➡️  ADB_ESB_26340_26415_(u=75.0, v=1.0, w=1.0) ➡️  ESB_ADB_26480_26560_(u=155.0, v=2.0, w=1.0) ➡️  ADB_ESB_26625_26700_(u=230.0, v=3.0, w=1.0) ➡️  ESB_ADB_26745_26825_(u=310.0, v=4.0, w=1.0) ➡️  ADB_ESB_26910_26985_(u=385.0, v=5.0, w=1.0) ➡️  ESB_TZX_27050_27130_(u=465.0, v=6.0, w=1.0) ➡️  TZX_ESB_27165_27245_(u=545.0, v=7.0, w=1.0) ➡️  ESB_TZX_27285_27365_(u=625.0, v=8.0, w=1.0) ➡️  TZX_ESB_27780_27860_(u=705.0, v=9.0, w=2.0) ➡️  ESB_VAN_27910_28005_(u=800.0, v=10.0, w=2.0) ➡️  VAN_ESB_28050_28155_(u=905.0, v=11.0, w=2.0) ➡️  ESB_SAW_28515_28575_(u=965.0, v=12.0, w=2.0) ➡️  SAW_AYT_29400_29465_(u=1030.0, v=13.0, w=3.0) ➡️  AYT_SAW_29505_29570_(u=1095.0, v=14.0, w=3.0) ➡️  SAW_VAS_29640_29720_(u=1175.0, v=15.0, w=3.0) ➡️  VAS_SAW_29760_29840_(u=1255.0, v=16.0, w=3.0) ➡️  SAW_ADA_29940_30025_(u=1340.0, v=17.0, w=3.0) ➡️  ADA_ESB_30675_30740_(u=1405.0, v=18.0, w=4.0) ➡️  ESB_AYT_30810_30880_(u=1475.0, v=19.0, w=4.0) ➡️  AYT_ESB_30930_30995_(u=1540.0, v=20.0, w=4.0) ➡️  ESB_SAW_31065_31125_(u=1600.0, v=21.0, w=4.0) ➡️  SAW_ERZ_31260_31360_(u=1700.0, v=22.0, w=4.0) ➡️  ERZ_SAW_31395_31505_(u=1810.0, v=23.0, w=4.0) ➡️  SAW_ADB_32100_32160_(u=1870.0, v=24.0, w=5.0) ➡️  ADB_SAW_32195_32255_(u=1930.0, v=25.0, w=5.0) ➡️  SAW_ESB_32340_32400_(u=1990.0, v=26.0, w=5.0) ➡️  ESB_GZT_32535_32605_(u=2060.0, v=27.0, w=5.0) ➡️  GZT_ESB_32640_32710_(u=2130.0, v=28.0, w=5.0) ➡️  ESB_SAW_32835_32895_(u=2190.0, v=29.0, w=5.0) ➡️  SAW_ESB_32940_33000_(u=2250.0, v=30.0, w=5.0) ➡️  ESB_VAN_33810_33905_(u=2345.0, v=31.0, w=6.0) ➡️  VAN_ESB_34050_34155_(u=2450.0, v=32.0, w=6.0) ➡️  ESB_TZX_34250_34330_(u=2530.0, v=33.0, w=6.0) ➡️  TZX_ESB_34365_34445_(u=2610.0, v=34.0, w=6.0) ➡️  ESB_ADB_34485_34565_(u=2690.0, v=35.0, w=6.0) ➡️  ADB_ESB_34980_35055_(u=2765.0, v=36.0, w=7.0) ➡️  ESB_DIY_35120_35200_(u=2845.0, v=37.0, w=7.0) ➡️  DIY_ESB_35235_35320_(u=2930.0, v=38.0, w=7.0) ➡️  ESB_ADB_35685_35765_(u=3010.0, v=39.0, w=7.0) ➡️  t_(u=0.0, v=0.0, w=0.0)


🛠️ Maintenance at node ESB_MSR_30810_30900 by aircraft N124 | ρ=50.0; λ=0.0; φ=0.0

🛠️ Maintenance at node ESB_AYT_33810_33880 by aircraft N126 | ρ=25.0; λ=1.0; φ=0.0

🛠️ Maintenance at node ESB_VAN_32230_32325 by aircraft N125 | ρ=75.0; λ=1.0; φ=0.0

🛠️ Maintenance at node ESB_KSY_27910_28005 by aircraft N121 | ρ=10.0; λ=0.0; φ=1.0

🛠️ Maintenance at node SAW_TZX_35195_35295 by aircraft N127 | ρ=80.0; λ=0.0; φ=0.0

🛠️ Maintenance at node ESB_DIY_28740_28820 by aircraft N122 | ρ=30.0; λ=0.0; φ=1.0

🛠️ Maintenance at node SAW_ESB_30660_30720 by aircraft N123 | ρ=75.0; λ=0.0; φ=0.0
CSV Summary saved to: RESULTS/A_MTN_8/summary_667FL_20A_2_MILP.csv