

GRAPH REDUCING : false
-----------------------INSTANCE 354FL_8A_9--------------------------
Gurobi 13.0.0 (linux64) logging started Wed Mar 25 04:53:52 2026

Set parameter LogFile to value "RESULTS/A_MTN_1/result_354FL_8A_9_MILP.txt"

Gurobi 13.0.0 (linux64) logging started Wed Mar 25 04:53:54 2026

Set parameter LogFile to value "RESULTS/A_MTN_1/result_354FL_8A_9_MILP.txt"
Gurobi Optimizer version 13.0.0 build v13.0.0rc1 (linux64 - "AlmaLinux 9.6 (Sage Margay)")

CPU model: Intel(R) Xeon(R) 6972P, instruction set [SSE2|AVX|AVX2|AVX512]
Thread count: 192 physical cores, 192 logical processors, using up to 8 threads

Non-default parameters:
TimeLimit  18000
Threads  8

Optimize a model with 24486 rows, 4915 columns and 90883 nonzeros (Min)
Model fingerprint: 0x5a34e592
Model has 199 linear objective coefficients
Variable types: 1326 continuous, 3589 integer (3191 binary)
Coefficient statistics:
  Matrix range     [1e+00, 6e+03]
  Objective range  [1e+00, 1e+00]
  Bounds range     [1e+01, 6e+03]
  RHS range        [1e+00, 6e+03]
Presolve removed 6524 rows and 1305 columns
Presolve time: 0.25s
Presolved: 17962 rows, 3610 columns, 103624 nonzeros
Variable types: 734 continuous, 2876 integer (2874 binary)

Root relaxation: objective 0.000000e+00, 1908 iterations, 0.07 seconds (0.11 work units)

    Nodes    |    Current Node    |     Objective Bounds      |     Work
 Expl Unexpl |  Obj  Depth IntInf | Incumbent    BestBd   Gap | It/Node Time

     0     0    0.00000    0   48          -    0.00000      -     -    0s
H    0     0                      80.0000000    0.00000   100%     -    0s
     0     0    0.00000    0   51   80.00000    0.00000   100%     -    0s
     0     0    0.00000    0   51   80.00000    0.00000   100%     -    0s
     0     0    0.00000    0   51   80.00000    0.00000   100%     -    1s
     0     0    0.00000    0   12   80.00000    0.00000   100%     -    1s
H    0     0                      25.0000000    0.00000   100%     -    1s
     0     0    0.00000    0   16   25.00000    0.00000   100%     -    1s
     0     0    0.00000    0    5   25.00000    0.00000   100%     -    1s
     0     0    0.00000    0   34   25.00000    0.00000   100%     -    1s
     0     0    0.00000    0    5   25.00000    0.00000   100%     -    1s
     0     0    0.00000    0    9   25.00000    0.00000   100%     -    2s
     0     0    0.00000    0    9   25.00000    0.00000   100%     -    2s
     0     0    0.00000    0    9   25.00000    0.00000   100%     -    2s
     0     0    0.00000    0    9   25.00000    0.00000   100%     -    2s
     0     0    0.00000    0    9   25.00000    0.00000   100%     -    2s
     0     0    0.00000    0    9   25.00000    0.00000   100%     -    2s
     0     0    0.00000    0    9   25.00000    0.00000   100%     -    2s
     0     2    0.00000    0    9   25.00000    0.00000   100%     -    2s
H   14    16                      20.0000000    0.00000   100%   106    3s
H  120   210                      20.0000000    0.00000   100%   113    3s
H  152   210                      15.0000000    0.00000   100%   108    3s
   688   613    0.00000   40  107   15.00000    0.00000   100%  80.0    5s
  1254  1464 infeasible   92        15.00000    0.00000   100%  88.9   10s
  2313  1473    0.00000   38   13   15.00000    0.00000   100%  82.3   15s
  2442  1558    0.00000   23    8   15.00000    0.00000   100%  89.8   20s
  2589  1998    0.00000   25   23   15.00000    0.00000   100%  91.3   25s
H 3099  1935                      15.0000000    0.00000   100%  97.1   28s
  3375  2394    0.00000   60   44   15.00000    0.00000   100%   103   31s
  5016  2214    0.00000   49   59   15.00000    0.00000   100%   131   35s
  6716  2274 infeasible   70        15.00000    0.00000   100%   156   41s
  7515  2370 infeasible   70        15.00000    0.00000   100%   163   45s
  9714  2851 infeasible   60        15.00000    0.00000   100%   179   51s
 11149  3229    0.00000   77   53   15.00000    0.00000   100%   184   56s
 12183  3343    0.00000   77   38   15.00000    0.00000   100%   195   61s
 13347  3479    0.00000   99   48   15.00000    0.00000   100%   199   66s
 13766  3577 infeasible   61        15.00000    0.00000   100%   203   70s
 14604  3662    0.00000   78    6   15.00000    0.00000   100%   206   75s
 14717  3811    0.00000   32  133   15.00000    0.00000   100%   206   80s
 15811  4604    0.00000   97   68   15.00000    0.00000   100%   202   86s
 16859  4704    0.00000   96   99   15.00000    0.00000   100%   197   91s
 18432  4428    0.00000   90  159   15.00000    0.00000   100%   193   96s
 20421  4143 infeasible   77        15.00000    0.00000   100%   192  100s
 24286  3502 infeasible   79        15.00000    0.00000   100%   187  105s
 26801  3290     cutoff  120        15.00000    0.00000   100%   186  111s
 28746  3427    0.00000   83   44   15.00000    0.00000   100%   184  115s
 31406  3734 infeasible   69        15.00000    0.00000   100%   185  120s
 33521  3968    0.00000   79  179   15.00000    0.00000   100%   185  126s
 36625  4221 infeasible   82        15.00000    0.00000   100%   182  130s
 39124  4384    0.00000   77  127   15.00000    0.00000   100%   180  136s
 42035  4644 infeasible   68        15.00000    0.00000   100%   177  140s
 43742  4753    0.00000   85  167   15.00000    0.00000   100%   177  145s
 44226  4849    0.00000   97  175   15.00000    0.00000   100%   177  161s
 46800  5032 infeasible   99        15.00000    0.00000   100%   176  165s
 48883  5142    0.00000   72   85   15.00000    0.00000   100%   176  170s
 51849  5362 infeasible  102        15.00000    0.00000   100%   176  176s
 54276  5458 infeasible  110        15.00000    0.00000   100%   176  180s
 57029  5553 infeasible   98        15.00000    0.00000   100%   175  185s
 59744  5574    0.00000   57   16   15.00000    0.00000   100%   175  190s
 59760  5585    0.00000   65    6   15.00000    0.00000   100%   175  195s
 60851  6257    0.00000   54  159   15.00000    0.00000   100%   174  202s
 61762  6262    0.00000   86   76   15.00000    0.00000   100%   174  205s
 62935  6073 infeasible   78        15.00000    0.00000   100%   174  210s
 64445  5862 infeasible   88        15.00000    0.00000   100%   174  215s
 65766  5621    0.00000   77  152   15.00000    0.00000   100%   174  221s
 67509  5500    0.00000   50   40   15.00000    0.00000   100%   175  225s
 69888  4950 infeasible   73        15.00000    0.00000   100%   175  230s
 72855  4198 infeasible   68        15.00000    0.00000   100%   176  235s
 75443  3394 infeasible   97        15.00000    0.00000   100%   176  240s
 76935  3150    0.00000   66  102   15.00000    0.00000   100%   176  246s
 78946  3339    0.00000  102  110   15.00000    0.00000   100%   177  250s
 82062  3435    0.00000   81   70   15.00000    0.00000   100%   178  255s
 84424  3477    0.00000   90  154   15.00000    0.00000   100%   178  260s
 88139  3563 infeasible   93        15.00000    0.00000   100%   178  266s
 90160  3578    0.00000   98   10   15.00000    0.00000   100%   178  270s
 93404  3574 infeasible  118        15.00000    0.00000   100%   177  275s
 96615  3735    0.00000   66   71   15.00000    0.00000   100%   176  280s
 99931  3848 infeasible   68        15.00000    0.00000   100%   176  286s
 102902  3907 infeasible   67        15.00000    0.00000   100%   175  290s
 105654  4067 infeasible   95        15.00000    0.00000   100%   175  295s
 108708  4042 infeasible   98        15.00000    0.00000   100%   174  300s
 110371  4022 infeasible   95        15.00000    0.00000   100%   174  305s
 113259  3920    0.00000  118   28   15.00000    0.00000   100%   173  311s
 116515  3895 infeasible   88        15.00000    0.00000   100%   173  316s
 118961  3978 infeasible   91        15.00000    0.00000   100%   173  320s
 123259  4010     cutoff   88        15.00000    0.00000   100%   171  325s
 125688  4030    0.00000   95   58   15.00000    0.00000   100%   171  331s
 129660  4040 infeasible   82        15.00000    0.00000   100%   169  335s
 134606  3892 infeasible   87        15.00000    0.00000   100%   167  340s
 138097  3805    0.00000   69   68   15.00000    0.00000   100%   166  345s
 139268  3800 infeasible  100        15.00000    0.00000   100%   165  350s
 142871  3647     cutoff  108        15.00000    0.00000   100%   165  355s
 146710  3639 infeasible   78        15.00000    0.00000   100%   164  360s
 150327  3632 infeasible  122        15.00000    0.00000   100%   163  366s
 154575  3654    0.00000   80   31   15.00000    0.00000   100%   162  370s
 157433  3594     cutoff   94        15.00000    0.00000   100%   161  375s
 160605  3524    0.00000  123  120   15.00000    0.00000   100%   161  380s
 162326  3526 infeasible   76        15.00000    0.00000   100%   161  385s
 162382  3365 infeasible   82        15.00000    0.00000   100%   161  398s
 171138  3354 infeasible   91        15.00000    0.00000   100%   162  401s
 173305  3238    0.00000   98  108   15.00000    0.00000   100%   162  405s
 176923  3237    0.00000   78   12   15.00000    0.00000   100%   162  410s
 179437  3235    0.00000   89  122   15.00000    0.00000   100%   162  415s
 181181  3241    0.00000  104   64   15.00000    0.00000   100%   162  420s
 182731  3238    0.00000  141  148   15.00000    0.00000   100%   162  425s
 186577  3183    0.00000   73  128   15.00000    0.00000   100%   162  430s
 189860  3167    0.00000   68   28   15.00000    0.00000   100%   162  435s
 192050  3149 infeasible   66        15.00000    0.00000   100%   162  440s
 194781  3109 infeasible   79        15.00000    0.00000   100%   162  446s
 195113  3080 infeasible   87        15.00000    0.00000   100%   162  450s
 200125  3044 infeasible   89        15.00000    0.00000   100%   163  456s
 202693  3082    0.00000   88   57   15.00000    0.00000   100%   163  460s
 204869  3104    0.00000   86   87   15.00000    0.00000   100%   164  465s
 207533  3238 infeasible  104        15.00000    0.00000   100%   164  471s
 209902  3285    0.00000   87   73   15.00000    0.00000   100%   165  476s
 212600  3201    0.00000   98    9   15.00000    0.00000   100%   165  480s
 214057  3210 infeasible  105        15.00000    0.00000   100%   165  485s
 216166  3277 infeasible   90        15.00000    0.00000   100%   166  490s
 218121  3290 infeasible   92        15.00000    0.00000   100%   167  495s
 220941  3290 infeasible   85        15.00000    0.00000   100%   167  500s
 223403  3376    0.00000   86  108   15.00000    0.00000   100%   168  505s
 226195  3473    0.00000  124   77   15.00000    0.00000   100%   169  511s
 228253  3453    0.00000   97   83   15.00000    0.00000   100%   169  515s
 229519  3412 infeasible  101        15.00000    0.00000   100%   169  521s
 232249  3418 infeasible  128        15.00000    0.00000   100%   169  526s
 235586  3396    0.00000  114   41   15.00000    0.00000   100%   169  530s
 238849  3389    0.00000   88   32   15.00000    0.00000   100%   169  536s
 242301  3490     cutoff  108        15.00000    0.00000   100%   168  541s
 244860  3480     cutoff  128        15.00000    0.00000   100%   167  545s
 250142  3532 infeasible  110        15.00000    0.00000   100%   166  550s
 254810  3460     cutoff  128        15.00000    0.00000   100%   165  555s
 258375  3451     cutoff  120        15.00000    0.00000   100%   164  560s
 262694  3372     cutoff  128        15.00000    0.00000   100%   163  565s
 266763  3325    0.00000  118   18   15.00000    0.00000   100%   162  570s
 267226  3333    0.00000  118   71   15.00000    0.00000   100%   162  575s
 269817  3320     cutoff   98        15.00000    0.00000   100%   161  580s
 273179  3311    0.00000   91   95   15.00000    0.00000   100%   161  585s
 277427  3297    0.00000  118   82   15.00000    0.00000   100%   160  590s
 283284  3445     cutoff  102        15.00000    0.00000   100%   158  595s
 286348  3495    0.00000  106  131   15.00000    0.00000   100%   158  600s
 292206  3512     cutoff  108        15.00000    0.00000   100%   156  605s
 296834  3545    0.00000  119  135   15.00000    0.00000   100%   155  610s
 302432  3434    0.00000   97  119   15.00000    0.00000   100%   154  615s
 307798  3377    0.00000  101  110   15.00000    0.00000   100%   153  620s
 312389  3375    0.00000   94  149   15.00000    0.00000   100%   152  626s
 317417  3384     cutoff  118        15.00000    0.00000   100%   151  630s
 323220  3511     cutoff   98        15.00000    0.00000   100%   149  635s
 327084  3547     cutoff  115        15.00000    0.00000   100%   148  640s
 334766  3606    0.00000   80  135   15.00000    0.00000   100%   147  645s
 336869  3640    0.00000  101  150   15.00000    0.00000   100%   146  650s
 337399  3667    0.00000  101  153   15.00000    0.00000   100%   146  655s
 341875  3633    0.00000   82   95   15.00000    0.00000   100%   145  660s
 349242  3634    0.00000   66  100   15.00000    0.00000   100%   144  665s
 353658  3686     cutoff   94        15.00000    0.00000   100%   143  670s
 360245  3583    0.00000   79   45   15.00000    0.00000   100%   141  675s
 366214  3529     cutoff  104        15.00000    0.00000   100%   140  680s
 371109  3451     cutoff  107        15.00000    0.00000   100%   139  685s
 376789  3526     cutoff   98        15.00000    0.00000   100%   138  690s
 383254  3520    0.00000   58   61   15.00000    0.00000   100%   137  695s
 388308  3529    0.00000   77  135   15.00000    0.00000   100%   136  700s
 394694  3476    0.00000   75  148   15.00000    0.00000   100%   135  705s
 399779  3357     cutoff   87        15.00000    0.00000   100%   134  710s
 403535  3227     cutoff   78        15.00000    0.00000   100%   134  715s
 407006  3119    0.00000  102  128   15.00000    0.00000   100%   134  720s
 410996  3102    0.00000   85   86   15.00000    0.00000   100%   134  725s
 413166  3010     cutoff   91        15.00000    0.00000   100%   134  731s
 415182  3009     cutoff   90        15.00000    0.00000   100%   134  735s
 415627  3009     cutoff   90        15.00000    0.00000   100%   134  740s
 418601  3010 infeasible   82        15.00000    0.00000   100%   135  746s
 421009  2950     cutoff   78        15.00000    0.00000   100%   135  750s
 425156  3007    0.00000   78   38   15.00000    0.00000   100%   135  756s
 427784  3006     cutoff   88        15.00000    0.00000   100%   135  760s
 431323  2947 infeasible   78        15.00000    0.00000   100%   135  766s
 433053  2942     cutoff   72        15.00000    0.00000   100%   135  770s
 436723  2950 infeasible  100        15.00000    0.00000   100%   135  776s
 439009  2976    0.00000   69   32   15.00000    0.00000   100%   136  780s
 441861  2994 infeasible   98        15.00000    0.00000   100%   136  785s
 444532  3075 infeasible   68        15.00000    0.00000   100%   136  791s
 447173  3005    0.00000   95  121   15.00000    0.00000   100%   137  796s
 449040  3029    0.00000   87   60   15.00000    0.00000   100%   137  800s
 451749  3036    0.00000   68    8   15.00000    0.00000   100%   137  805s
 452767  3050    0.00000   78   46   15.00000    0.00000   100%   137  811s
 454309  3084 infeasible   98        15.00000    0.00000   100%   137  815s
 457046  3117 infeasible   95        15.00000    0.00000   100%   138  820s
 460511  3082 infeasible   98        15.00000    0.00000   100%   138  825s
 463653  3053    0.00000   98  154   15.00000    0.00000   100%   138  831s
 465290  3126    0.00000   97  120   15.00000    0.00000   100%   139  835s
 468498  3099 infeasible   78        15.00000    0.00000   100%   139  841s
 470938  3051 infeasible   73        15.00000    0.00000   100%   139  846s
 473130  3017 infeasible   91        15.00000    0.00000   100%   139  850s
 477453  2988 infeasible   68        15.00000    0.00000   100%   140  855s
 480957  2962 infeasible   72        15.00000    0.00000   100%   140  860s
H481398  2966                      15.0000000    0.00000   100%   140  861s
 483039  2987 infeasible   83        15.00000    0.00000   100%   140  865s
 485473  3007    0.00000   87   90   15.00000    0.00000   100%   140  870s
 486330  3012 infeasible   89        15.00000    0.00000   100%   140  875s
 488425  3093    0.00000   90   57   15.00000    0.00000   100%   141  880s
 490970  3255 infeasible   70        15.00000    0.00000   100%   141  885s
 493538  3233 infeasible   68        15.00000    0.00000   100%   141  890s
 495838  3309    0.00000   93   95   15.00000    0.00000   100%   142  895s
 499425  3398     cutoff   92        15.00000    0.00000   100%   142  900s
 501193  3463 infeasible   79        15.00000    0.00000   100%   142  905s
 504682  3577    0.00000   57   12   15.00000    0.00000   100%   142  910s
 506542  3602 infeasible   74        15.00000    0.00000   100%   142  915s
 510092  3559    0.00000   81  127   15.00000    0.00000   100%   143  921s
 510409  3589    0.00000   82  137   15.00000    0.00000   100%   143  925s
 511646  3622    0.00000   81   64   15.00000    0.00000   100%   143  931s
 513480  3659    0.00000   70   91   15.00000    0.00000   100%   143  935s
 516182  3744    0.00000   78   12   15.00000    0.00000   100%   143  941s
 519848  3851 infeasible   86        15.00000    0.00000   100%   143  946s
 522209  3852 infeasible   84        15.00000    0.00000   100%   144  951s
 524220  3958    0.00000   81  138   15.00000    0.00000   100%   144  955s
 527400  3960    0.00000   81   84   15.00000    0.00000   100%   144  960s
 530900  4000    0.00000   91  130   15.00000    0.00000   100%   144  965s
 533185  4090    0.00000  100  168   15.00000    0.00000   100%   144  970s
 536534  4130    0.00000   81  133   15.00000    0.00000   100%   144  975s
 538172  4170    0.00000   82   77   15.00000    0.00000   100%   144  980s
 541227  4238    0.00000   99   58   15.00000    0.00000   100%   145  985s
 541574  4253    0.00000   93  133   15.00000    0.00000   100%   145  990s
 544397  4332    0.00000   96  101   15.00000    0.00000   100%   145  995s
 546558  4343    0.00000   80   66   15.00000    0.00000   100%   145 1000s
 549088  4339    0.00000   76   54   15.00000    0.00000   100%   145 1005s
 551524  4355 infeasible   98        15.00000    0.00000   100%   145 1010s
 553642  4460 infeasible   88        15.00000    0.00000   100%   145 1015s
 557379  4550 infeasible   78        15.00000    0.00000   100%   146 1021s
 559171  4665 infeasible   98        15.00000    0.00000   100%   146 1025s
 561742  4757    0.00000   80   40   15.00000    0.00000   100%   146 1030s
 564050  4937    0.00000   66   74   15.00000    0.00000   100%   146 1035s
 565947  5163    0.00000   68   13   15.00000    0.00000   100%   147 1040s
 568553  5282 infeasible   78        15.00000    0.00000   100%   147 1045s
 572008  5428 infeasible   77        15.00000    0.00000   100%   147 1051s
 572713  5439    0.00000   88   12   15.00000    0.00000   100%   147 1055s
 573574  5570    0.00000   75   82   15.00000    0.00000   100%   147 1060s
 576462  5656    0.00000   88   10   15.00000    0.00000   100%   148 1066s
 579430  5780    0.00000   73  140   15.00000    0.00000   100%   148 1070s
 581910  5904 infeasible   78        15.00000    0.00000   100%   148 1075s
 584859  6074 infeasible   78        15.00000    0.00000   100%   148 1081s
 587645  6151    0.00000   82   99   15.00000    0.00000   100%   148 1085s
 589774  6303    0.00000   78   46   15.00000    0.00000   100%   148 1090s
 592345  6382 infeasible   95        15.00000    0.00000   100%   148 1095s
 595806  6495 infeasible   78        15.00000    0.00000   100%   148 1101s
 597655  6563 infeasible   68        15.00000    0.00000   100%   148 1105s
 600687  6582 infeasible   79        15.00000    0.00000   100%   148 1111s
 602466  6605    0.00000   94  122   15.00000    0.00000   100%   149 1116s
 605107  6684 infeasible   74        15.00000    0.00000   100%   149 1121s
 607090  6756 infeasible   83        15.00000    0.00000   100%   149 1125s
 611563  6785     cutoff   78        15.00000    0.00000   100%   149 1131s
 614364  6788 infeasible   92        15.00000    0.00000   100%   149 1136s
 615246  6783 infeasible  101        15.00000    0.00000   100%   149 1141s
 616807  6892 infeasible   88        15.00000    0.00000   100%   149 1146s
 619551  7006    0.00000   97    8   15.00000    0.00000   100%   149 1151s
 621812  7096    0.00000   82  157   15.00000    0.00000   100%   149 1155s
 625051  7281    0.00000   77    5   15.00000    0.00000   100%   149 1161s
 627052  7434 infeasible  107        15.00000    0.00000   100%   149 1166s
 629603  7536 infeasible   97        15.00000    0.00000   100%   150 1170s
 633297  7657    0.00000   87    8   15.00000    0.00000   100%   150 1176s
 634376  7732 infeasible  103        15.00000    0.00000   100%   150 1185s
 641620  7890    0.00000   87  163   15.00000    0.00000   100%   150 1191s
 642892  7920 infeasible   85        15.00000    0.00000   100%   150 1195s
 645379  8094 infeasible  107        15.00000    0.00000   100%   151 1200s
 648811  8286 infeasible  109        15.00000    0.00000   100%   151 1206s
 650745  8345 infeasible  102        15.00000    0.00000   100%   151 1210s
 652817  8524    0.00000  118    1   15.00000    0.00000   100%   151 1215s
 654909  8574    0.00000   98  172   15.00000    0.00000   100%   151 1220s
 654931  8601 infeasible  100        15.00000    0.00000   100%   151 1225s
 655778  8687    0.00000   88  157   15.00000    0.00000   100%   151 1230s
 659835  8802 infeasible   61        15.00000    0.00000   100%   152 1236s
 662774  8862 infeasible  118        15.00000    0.00000   100%   152 1240s
 664695  8886    0.00000  107  159   15.00000    0.00000   100%   152 1246s
 667706  9011 infeasible  104        15.00000    0.00000   100%   152 1251s
 670102  9052 infeasible  122        15.00000    0.00000   100%   152 1256s
 673063  9188    0.00000  105  148   15.00000    0.00000   100%   152 1261s
 675223  9302    0.00000   87    4   15.00000    0.00000   100%   152 1265s
 678331  9411    0.00000  105  146   15.00000    0.00000   100%   153 1270s
 681614  9511 infeasible  101        15.00000    0.00000   100%   153 1275s
 683981  9528 infeasible   69        15.00000    0.00000   100%   153 1280s
 686904  9609 infeasible  105        15.00000    0.00000   100%   153 1286s
 690028  9740 infeasible   62        15.00000    0.00000   100%   153 1290s
 692344  9742 infeasible   94        15.00000    0.00000   100%   153 1295s
 692870  9871    0.00000   56   79   15.00000    0.00000   100%   153 1309s
 700424  9871    0.00000   58   33   15.00000    0.00000   100%   153 1310s
 700704  9918    0.00000   61   32   15.00000    0.00000   100%   153 1315s
 702355  9937    0.00000  108    4   15.00000    0.00000   100%   153 1320s
 705458 10026 infeasible   78        15.00000    0.00000   100%   153 1325s
 708104 10072 infeasible   68        15.00000    0.00000   100%   153 1330s
 710500 10122 infeasible   88        15.00000    0.00000   100%   154 1336s
 713374 10178 infeasible   74        15.00000    0.00000   100%   154 1340s
 716046 10191 infeasible   88        15.00000    0.00000   100%   154 1345s
 718202 10247 infeasible   86        15.00000    0.00000   100%   154 1350s
 721186 10314    0.00000   68   74   15.00000    0.00000   100%   154 1356s
 723436 10332    0.00000   61   42   15.00000    0.00000   100%   154 1361s
 724850 10361 infeasible  108        15.00000    0.00000   100%   154 1367s
 725175 10379    0.00000   73   50   15.00000    0.00000   100%   154 1371s
 726333 10433 infeasible   89        15.00000    0.00000   100%   154 1376s
 728793 10448 infeasible   95        15.00000    0.00000   100%   154 1380s
 731738 10465 infeasible   81        15.00000    0.00000   100%   154 1386s
 734500 10491    0.00000  102  150   15.00000    0.00000   100%   155 1391s
 736882 10598 infeasible  111        15.00000    0.00000   100%   155 1396s
 738604 10685 infeasible   96        15.00000    0.00000   100%   155 1400s
 741391 10777 infeasible  100        15.00000    0.00000   100%   155 1406s
 743490 10835    0.00000  104   72   15.00000    0.00000   100%   155 1411s
 746406 10883 infeasible  114        15.00000    0.00000   100%   155 1416s
 748838 10954 infeasible   98        15.00000    0.00000   100%   156 1421s
 751633 11068 infeasible  125        15.00000    0.00000   100%   156 1425s
 752981 11103 infeasible  109        15.00000    0.00000   100%   156 1430s
 756503 11179 infeasible  108        15.00000    0.00000   100%   156 1435s
 759234 11227 infeasible   92        15.00000    0.00000   100%   156 1440s
 761484 11272    0.00000   96   42   15.00000    0.00000   100%   156 1446s
 764239 11321 infeasible  118        15.00000    0.00000   100%   157 1450s
 765289 11323    0.00000  113   72   15.00000    0.00000   100%   157 1455s
 766063 11371    0.00000  109   70   15.00000    0.00000   100%   157 1460s
 770107 11443    0.00000  122  132   15.00000    0.00000   100%   157 1466s
 773425 11451 infeasible  109        15.00000    0.00000   100%   157 1471s
 776169 11469    0.00000   90  106   15.00000    0.00000   100%   157 1475s
 779448 11497 infeasible  128        15.00000    0.00000   100%   157 1480s
 782464 11531    0.00000   95  155   15.00000    0.00000   100%   157 1485s
 785272 11525 infeasible  110        15.00000    0.00000   100%   157 1490s
 788950 11487 infeasible  115        15.00000    0.00000   100%   157 1496s
 791407 11493 infeasible  121        15.00000    0.00000   100%   157 1500s
 795331 11510 infeasible  122        15.00000    0.00000   100%   157 1505s
 799538 11570 infeasible  118        15.00000    0.00000   100%   157 1511s
 802351 11598 infeasible  114        15.00000    0.00000   100%   157 1515s
 807369 11566 infeasible  102        15.00000    0.00000   100%   157 1520s
 809851 11516 infeasible  105        15.00000    0.00000   100%   157 1525s
 814189 11420 infeasible  109        15.00000    0.00000   100%   157 1530s
 815772 11385 infeasible  111        15.00000    0.00000   100%   157 1535s
 818560 11293    0.00000  119    8   15.00000    0.00000   100%   157 1541s
 821276 11204 infeasible  118        15.00000    0.00000   100%   157 1545s
 824700 11137 infeasible  120        15.00000    0.00000   100%   157 1551s
 827350 11114 infeasible  108        15.00000    0.00000   100%   157 1555s
 829478 11038    0.00000  114  129   15.00000    0.00000   100%   157 1560s
 833290 11045 infeasible  118        15.00000    0.00000   100%   158 1565s
 834392 11052 infeasible  110        15.00000    0.00000   100%   157 1570s
 835270 11049    0.00000  115  156   15.00000    0.00000   100%   158 1576s
 839503 10958 infeasible   90        15.00000    0.00000   100%   157 1580s
 841439 11010    0.00000   73   44   15.00000    0.00000   100%   158 1585s
 846722 10978 infeasible  108        15.00000    0.00000   100%   157 1590s
 851344 11012    0.00000  110   76   15.00000    0.00000   100%   157 1595s
 854832 11023 infeasible  110        15.00000    0.00000   100%   157 1600s
 859655 10950    0.00000  128    4   15.00000    0.00000   100%   157 1605s
 864230 10847    0.00000   88   75   15.00000    0.00000   100%   157 1610s
 867309 10826 infeasible  105        15.00000    0.00000   100%   157 1615s
 870081 10865 infeasible   88        15.00000    0.00000   100%   157 1620s
 873727 10843    0.00000  100  140   15.00000    0.00000   100%   157 1625s
 877840 10818    0.00000   78  151   15.00000    0.00000   100%   157 1630s
 880025 10851 infeasible   88        15.00000    0.00000   100%   157 1635s
 880276 10857    0.00000   74  129   15.00000    0.00000   100%   157 1640s
 882588 10870    0.00000   78   11   15.00000    0.00000   100%   157 1645s
 885798 10817 infeasible   65        15.00000    0.00000   100%   157 1650s
 889518 10774    0.00000   99   81   15.00000    0.00000   100%   157 1655s
 891979 10777    0.00000   84   48   15.00000    0.00000   100%   157 1661s
 896079 10736    0.00000  109  141   15.00000    0.00000   100%   157 1665s
 898262 10741 infeasible  107        15.00000    0.00000   100%   157 1670s
 901355 10753    0.00000   80  117   15.00000    0.00000   100%   157 1676s
 904349 10755 infeasible  118        15.00000    0.00000   100%   157 1680s
 907128 10729 infeasible   78        15.00000    0.00000   100%   158 1685s
 909915 10728    0.00000  106   74   15.00000    0.00000   100%   158 1690s
 910488 10735    0.00000  109   87   15.00000    0.00000   100%   158 1695s
 910763 10747    0.00000  107  115   15.00000    0.00000   100%   158 1700s
 914136 10663 infeasible   78        15.00000    0.00000   100%   158 1706s
 916678 10649 infeasible  114        15.00000    0.00000   100%   158 1710s
 918163 10656    0.00000   81  112   15.00000    0.00000   100%   158 1715s
 921576 10609    0.00000  107    4   15.00000    0.00000   100%   158 1720s
 924533 10587    0.00000  102  101   15.00000    0.00000   100%   158 1725s
 926642 10588    0.00000  103   67   15.00000    0.00000   100%   158 1730s
 929146 10584    0.00000  108   91   15.00000    0.00000   100%   159 1735s
 931635 10568 infeasible  128        15.00000    0.00000   100%   159 1740s
 934935 10693 infeasible   88        15.00000    0.00000   100%   159 1746s
 938339 10804 infeasible   89        15.00000    0.00000   100%   159 1751s
 940435 10869 infeasible  118        15.00000    0.00000   100%   159 1755s
 944840 10952    0.00000  112   83   15.00000    0.00000   100%   159 1761s
 947030 10968    0.00000   94  148   15.00000    0.00000   100%   159 1765s
 950918 10998    0.00000   99   82   15.00000    0.00000   100%   159 1770s
 954073 11063 infeasible   78        15.00000    0.00000   100%   159 1775s
 956707 11130 infeasible  117        15.00000    0.00000   100%   159 1782s
 957293 11195 infeasible  115        15.00000    0.00000   100%   159 1786s
 960900 11193 infeasible  117        15.00000    0.00000   100%   159 1790s
 964434 11240 infeasible   76        15.00000    0.00000   100%   159 1796s
 967261 11319    0.00000  118  117   15.00000    0.00000   100%   159 1800s
 970688 11330    0.00000   88   32   15.00000    0.00000   100%   159 1805s
 975281 11408 infeasible  113        15.00000    0.00000   100%   159 1810s
 977241 11435    0.00000   68   57   15.00000    0.00000   100%   159 1815s
 981941 11434    0.00000  115  136   15.00000    0.00000   100%   159 1820s
 985082 11468    0.00000  114   73   15.00000    0.00000   100%   159 1825s
H985103 11468                      15.0000000    0.00000   100%   159 1825s
 987675 11470 infeasible  111        15.00000    0.00000   100%   159 1830s
 992293 11477 infeasible  115        15.00000    0.00000   100%   159 1835s
 995277 11428 infeasible  115        15.00000    0.00000   100%   159 1840s
 998334 11393    0.00000  127   82   15.00000    0.00000   100%   159 1845s
 1002393 11359    0.00000  112   55   15.00000    0.00000   100%   158 1850s
 1002436 11342    0.00000  115   60   15.00000    0.00000   100%   158 1855s
 1004632 11235    0.00000  111   90   15.00000    0.00000   100%   158 1860s
 1008885 11146    0.00000  115  139   15.00000    0.00000   100%   158 1865s
 1012528 11110    0.00000  126   90   15.00000    0.00000   100%   158 1870s
 1015916 11025 infeasible  111        15.00000    0.00000   100%   158 1876s
 1019462 10986    0.00000  123  126   15.00000    0.00000   100%   158 1880s
 1022664 10937    0.00000  119  120   15.00000    0.00000   100%   158 1885s
 1025433 10948 infeasible  117        15.00000    0.00000   100%   158 1890s
 1028646 10880    0.00000  118  134   15.00000    0.00000   100%   158 1895s
 1031284 10857 infeasible  118        15.00000    0.00000   100%   158 1900s
 1033994 10788 infeasible   78        15.00000    0.00000   100%   159 1905s
 1036731 10751 infeasible   88        15.00000    0.00000   100%   159 1910s
 1040374 10730 infeasible  128        15.00000    0.00000   100%   159 1915s
 1043530 10675 infeasible  122        15.00000    0.00000   100%   159 1920s
 1045502 10681    0.00000  124   88   15.00000    0.00000   100%   159 1925s
 1048451 10636    0.00000  112  126   15.00000    0.00000   100%   159 1930s
 1049490 10610 infeasible  124        15.00000    0.00000   100%   159 1936s
 1050814 10552 infeasible  118        15.00000    0.00000   100%   159 1940s
 1053652 10524    0.00000   88   88   15.00000    0.00000   100%   159 1945s
 1056164 10526    0.00000   97   99   15.00000    0.00000   100%   159 1950s
 1058811 10465 infeasible   91        15.00000    0.00000   100%   159 1956s
 1061772 10437    0.00000  102  159   15.00000    0.00000   100%   159 1961s
 1064293 10403 infeasible   82        15.00000    0.00000   100%   159 1965s
 1067416 10424 infeasible   91        15.00000    0.00000   100%   159 1970s
 1070245 10470 infeasible  109        15.00000    0.00000   100%   159 1976s
 1073476 10548     cutoff   61        15.00000    0.00000   100%   159 1980s
 1076949 10661    0.00000  125   94   15.00000    0.00000   100%   159 1986s
 1080652 10812    0.00000   71   67   15.00000    0.00000   100%   159 1990s
 1084203 10883    0.00000   95  182   15.00000    0.00000   100%   159 1995s
 1088152 11015 infeasible   91        15.00000    0.00000   100%   159 2000s
 1090918 11190 infeasible   66        15.00000    0.00000   100%   159 2005s
 1093510 11233    0.00000   92  182   15.00000    0.00000   100%   159 2011s
 1093544 11254    0.00000   94  174   15.00000    0.00000   100%   159 2015s
 1095009 11325 infeasible   84        15.00000    0.00000   100%   159 2021s
 1097986 11364 infeasible   78        15.00000    0.00000   100%   159 2025s
 1100705 11380 infeasible   79        15.00000    0.00000   100%   159 2030s
 1103832 11391 infeasible   84        15.00000    0.00000   100%   159 2036s
 1106213 11395 infeasible   83        15.00000    0.00000   100%   159 2041s
 1108439 11392    0.00000   77    4   15.00000    0.00000   100%   159 2045s
 1112540 11445    0.00000   97  166   15.00000    0.00000   100%   159 2051s
 1114147 11475 infeasible   88        15.00000    0.00000   100%   159 2055s
 1117318 11504 infeasible   82        15.00000    0.00000   100%   159 2060s
 1119705 11570    0.00000   84  141   15.00000    0.00000   100%   159 2065s
 1122312 11572 infeasible   88        15.00000    0.00000   100%   159 2070s
 1125121 11609    0.00000   92  127   15.00000    0.00000   100%   160 2076s
 1126600 11648    0.00000   82  132   15.00000    0.00000   100%   160 2081s
 1129296 11643    0.00000   88   17   15.00000    0.00000   100%   160 2086s
 1132289 11667    0.00000   78    8   15.00000    0.00000   100%   160 2091s
 1133305 11663    0.00000   69  129   15.00000    0.00000   100%   160 2096s
 1133382 11669    0.00000   84  131   15.00000    0.00000   100%   160 2101s
 1134137 11656 infeasible   92        15.00000    0.00000   100%   160 2105s
 1136181 11643 infeasible   98        15.00000    0.00000   100%   160 2110s
 1139023 11648 infeasible   88        15.00000    0.00000   100%   160 2115s
 1141292 11696    0.00000   68  158   15.00000    0.00000   100%   160 2121s
 1143691 11734 infeasible   89        15.00000    0.00000   100%   160 2125s
 1146619 11723 infeasible   82        15.00000    0.00000   100%   160 2130s
 1149915 11725    0.00000  100  177   15.00000    0.00000   100%   160 2135s
 1153022 11792    0.00000   86  123   15.00000    0.00000   100%   160 2141s
 1156534 11809 infeasible   88        15.00000    0.00000   100%   160 2146s
 1159125 11858    0.00000  103  123   15.00000    0.00000   100%   160 2150s
 1162991 11869 infeasible  104        15.00000    0.00000   100%   160 2155s
 1165773 11925 infeasible  100        15.00000    0.00000   100%   160 2160s
 1167314 11944    0.00000   79   13   15.00000    0.00000   100%   160 2173s
 1171320 11976 infeasible  101        15.00000    0.00000   100%   161 2175s
 1173818 12003 infeasible   79        15.00000    0.00000   100%   161 2181s
 1176088 12015    0.00000   78   14   15.00000    0.00000   100%   161 2185s
 1176779 12043    0.00000   95  136   15.00000    0.00000   100%   161 2190s
 1178812 12072    0.00000   78  103   15.00000    0.00000   100%   161 2196s
 1180791 12134    0.00000  112   43   15.00000    0.00000   100%   161 2200s
 1183279 12157 infeasible  108        15.00000    0.00000   100%   161 2206s
 1185066 12207    0.00000  109   19   15.00000    0.00000   100%   161 2211s
 1187524 12267    0.00000   80   74   15.00000    0.00000   100%   161 2216s
 1189153 12248    0.00000   86   56   15.00000    0.00000   100%   162 2220s
 1190719 12229 infeasible  108        15.00000    0.00000   100%   162 2225s
 1193039 12276 infeasible   90        15.00000    0.00000   100%   162 2231s
 1193946 12286 infeasible   91        15.00000    0.00000   100%   162 2235s
 1194710 12326 infeasible   99        15.00000    0.00000   100%   162 2241s
 1196399 12316 infeasible   97        15.00000    0.00000   100%   162 2245s
 1198457 12325    0.00000   79   75   15.00000    0.00000   100%   162 2250s
 1200790 12389    0.00000   99   50   15.00000    0.00000   100%   162 2256s
 1202313 12475    0.00000  101  165   15.00000    0.00000   100%   162 2260s
 1204698 12512    0.00000   90  122   15.00000    0.00000   100%   163 2265s
 1206850 12495    0.00000   89   20   15.00000    0.00000   100%   163 2271s
 1208760 12496 infeasible   79        15.00000    0.00000   100%   163 2275s
 1211743 12519    0.00000   98   14   15.00000    0.00000   100%   163 2280s
 1213559 12568    0.00000   82   72   15.00000    0.00000   100%   163 2285s
 1216289 12569 infeasible   84        15.00000    0.00000   100%   163 2291s
 1216840 12598    0.00000   88   26   15.00000    0.00000   100%   163 2295s
 1219539 12631 infeasible   97        15.00000    0.00000   100%   163 2301s
 1222481 12616 infeasible   88        15.00000    0.00000   100%   164 2305s
 1224185 12608    0.00000   88   46   15.00000    0.00000   100%   164 2312s
 1224832 12597    0.00000   90   51   15.00000    0.00000   100%   164 2316s
 1226434 12596 infeasible   89        15.00000    0.00000   100%   164 2320s
 1228449 12586    0.00000  104   77   15.00000    0.00000   100%   164 2325s
 1231033 12515 infeasible   88        15.00000    0.00000   100%   164 2331s
 1233547 12482 infeasible   88        15.00000    0.00000   100%   164 2336s
 1234348 12465 infeasible   88        15.00000    0.00000   100%   164 2340s
 1236687 12477 infeasible   88        15.00000    0.00000   100%   164 2345s
 1239533 12439    0.00000   98   72   15.00000    0.00000   100%   164 2351s
 1239571 12439    0.00000   97    4   15.00000    0.00000   100%   164 2357s
 1239808 12456    0.00000   86  119   15.00000    0.00000   100%   164 2361s
 1240372 12471 infeasible   93        15.00000    0.00000   100%   164 2365s
 1243302 12436    0.00000   92   78   15.00000    0.00000   100%   164 2370s
 1245231 12397    0.00000   94   62   15.00000    0.00000   100%   165 2376s
 1248153 12362    0.00000   88   36   15.00000    0.00000   100%   165 2381s
 1250091 12368    0.00000   86   77   15.00000    0.00000   100%   165 2386s
 1252086 12315    0.00000   93   98   15.00000    0.00000   100%   165 2390s
 1254507 12321    0.00000   96   83   15.00000    0.00000   100%   165 2395s
 1256648 12314    0.00000   90   54   15.00000    0.00000   100%   165 2401s
 1258717 12304 infeasible   91        15.00000    0.00000   100%   165 2405s
 1261203 12313 infeasible   88        15.00000    0.00000   100%   165 2411s
 1262578 12324 infeasible   90        15.00000    0.00000   100%   165 2415s
 1265633 12324 infeasible   92        15.00000    0.00000   100%   165 2420s
 1268022 12267 infeasible  110        15.00000    0.00000   100%   165 2426s
 1270013 12189 infeasible   99        15.00000    0.00000   100%   165 2440s
 1277460 12195 infeasible   92        15.00000    0.00000   100%   165 2445s
 1277654 12198 infeasible  101        15.00000    0.00000   100%   165 2450s
 1279036 12216    0.00000   83   91   15.00000    0.00000   100%   165 2455s
 1281796 12136    0.00000  108   78   15.00000    0.00000   100%   166 2461s
 1284511 12125 infeasible   91        15.00000    0.00000   100%   166 2466s
 1284843 12111    0.00000   91   85   15.00000    0.00000   100%   166 2470s
 1288641 12019 infeasible   88        15.00000    0.00000   100%   166 2475s
 1291088 11980 infeasible   79        15.00000    0.00000   100%   166 2480s
 1293301 11955 infeasible   90        15.00000    0.00000   100%   166 2486s
 1295854 11968    0.00000   82   79   15.00000    0.00000   100%   166 2491s
 1297983 11959 infeasible   91        15.00000    0.00000   100%   166 2495s
 1300122 11991    0.00000   87    4   15.00000    0.00000   100%   166 2500s
 1303143 11948 infeasible   74        15.00000    0.00000   100%   166 2506s
 1304207 11969    0.00000   86  109   15.00000    0.00000   100%   166 2510s
 1306794 11990 infeasible   88        15.00000    0.00000   100%   166 2516s
 1308561 12006 infeasible   86        15.00000    0.00000   100%   167 2520s
 1310000 12043    0.00000   73   63   15.00000    0.00000   100%   167 2526s
 1310851 12056    0.00000   78   74   15.00000    0.00000   100%   167 2532s
 1311721 12080 infeasible   86        15.00000    0.00000   100%   167 2536s
 1313139 12107 infeasible   84        15.00000    0.00000   100%   167 2540s
 1315486 12133    0.00000   88  100   15.00000    0.00000   100%   167 2546s
 1316473 12140    0.00000   85   92   15.00000    0.00000   100%   167 2551s
 1318564 12148    0.00000   91  115   15.00000    0.00000   100%   167 2556s
 1320629 12166    0.00000   89   84   15.00000    0.00000   100%   167 2560s
 1322204 12171 infeasible   91        15.00000    0.00000   100%   167 2566s
 1324051 12164 infeasible   88        15.00000    0.00000   100%   168 2571s
 1325478 12163    0.00000   87    4   15.00000    0.00000   100%   168 2575s
 1326792 12146 infeasible   87        15.00000    0.00000   100%   168 2580s
 1329190 12134    0.00000   84   76   15.00000    0.00000   100%   168 2589s
 1331002 12146    0.00000   76   75   15.00000    0.00000   100%   168 2591s
 1332498 12146    0.00000   78   21   15.00000    0.00000   100%   168 2596s
 1333942 12122 infeasible   98        15.00000    0.00000   100%   168 2601s
 1336163 12124    0.00000   88   14   15.00000    0.00000   100%   168 2606s
 1337791 12129 infeasible   86        15.00000    0.00000   100%   169 2610s
 1338847 12146    0.00000   77   99   15.00000    0.00000   100%   169 2615s
 1339163 12153    0.00000   78   97   15.00000    0.00000   100%   169 2620s
H1339871 12153                      14.9999401    0.00000   100%   169 2620s
 1341192 12119 infeasible   95        14.99994    0.00000   100%   169 2625s
 1343386 12102    0.00000  106   85   14.99994    0.00000   100%   169 2631s
 1345082 12089 infeasible   90        14.99994    0.00000   100%   169 2635s
 1346160 12087    0.00000   89   54   14.99994    0.00000   100%   169 2642s
 1349139 12033 infeasible   95        14.99994    0.00000   100%   169 2647s
 1350931 12003    0.00000   86   78   14.99994    0.00000   100%   169 2651s
 1352105 11991    0.00000   86   64   14.99994    0.00000   100%   169 2655s
 1354341 11972 infeasible   91        14.99994    0.00000   100%   170 2661s
 1356379 11919    0.00000   91   79   14.99994    0.00000   100%   170 2665s
 1359025 11895    0.00000   88   95   14.99994    0.00000   100%   170 2671s
 1360540 11876    0.00000   86   97   14.99994    0.00000   100%   170 2675s
 1360570 11901    0.00000   88   59   14.99994    0.00000   100%   170 2680s
 1360802 11881 infeasible   88        14.99994    0.00000   100%   170 2692s
 1366996 11862 infeasible  108        14.99994    0.00000   100%   170 2696s
 1368861 11856    0.00000   86   59   14.99994    0.00000   100%   170 2701s
 1371212 11870 infeasible   80        14.99994    0.00000   100%   170 2706s
 1373006 11882    0.00000   81   87   14.99994    0.00000   100%   170 2710s
 1375032 11846    0.00000   93   77   14.99994    0.00000   100%   170 2715s
 1377365 11855 infeasible   93        14.99994    0.00000   100%   170 2721s
 1377611 11872    0.00000   92   72   14.99994    0.00000   100%   170 2726s
 1381949 11942 infeasible   93        14.99994    0.00000   100%   171 2731s
 1384138 11935 infeasible   88        14.99994    0.00000   100%   171 2736s
 1385596 11892 infeasible   86        14.99994    0.00000   100%   171 2740s
 1387720 11956    0.00000   87    5   14.99994    0.00000   100%   171 2745s
 1390188 11974    0.00000   86  137   14.99994    0.00000   100%   171 2751s
 1392084 11965 infeasible   93        14.99994    0.00000   100%   171 2755s
 1394100 12037    0.00000   90  121   14.99994    0.00000   100%   171 2761s
 1395904 12025 infeasible   93        14.99994    0.00000   100%   171 2765s
 1396466 12023    0.00000   91   95   14.99994    0.00000   100%   171 2771s
 1397252 12036 infeasible   98        14.99994    0.00000   100%   171 2775s
 1398048 12051    0.00000   78   63   14.99994    0.00000   100%   171 2780s
 1400021 12098    0.00000   85   92   14.99994    0.00000   100%   171 2785s
 1401784 12060    0.00000   85   65   14.99994    0.00000   100%   172 2790s
 1403343 12046 infeasible   83        14.99994    0.00000   100%   172 2795s
 1405153 12031    0.00000   78   42   14.99994    0.00000   100%   172 2800s
 1406654 12024    0.00000   93  129   14.99994    0.00000   100%   172 2805s
 1408825 12025 infeasible   78        14.99994    0.00000   100%   172 2810s
 1411508 11972 infeasible  110        14.99994    0.00000   100%   172 2816s
 1413723 11968 infeasible   99        14.99994    0.00000   100%   172 2821s
 1415428 11999 infeasible   85        14.99994    0.00000   100%   172 2825s
 1417919 11985 infeasible   87        14.99994    0.00000   100%   172 2831s
 1419593 11948    0.00000   92   82   14.99994    0.00000   100%   172 2835s
 1420962 11925 infeasible   88        14.99994    0.00000   100%   173 2840s
 1422244 11914    0.00000   90   86   14.99994    0.00000   100%   173 2846s
 1422807 11928    0.00000   84   59   14.99994    0.00000   100%   173 2850s
 1425737 11885 infeasible   89        14.99994    0.00000   100%   173 2856s
 1427312 11823 infeasible   91        14.99994    0.00000   100%   173 2860s
 1429779 11811    0.00000   89  140   14.99994    0.00000   100%   173 2866s
 1432274 11779 infeasible   98        14.99994    0.00000   100%   173 2871s
 1433980 11767    0.00000   84   64   14.99994    0.00000   100%   173 2876s
 1435873 11729 infeasible   99        14.99994    0.00000   100%   173 2880s
 1438587 11673 infeasible   98        14.99994    0.00000   100%   173 2885s
 1440499 11656    0.00000   89  151   14.99994    0.00000   100%   173 2890s
 1443266 11608    0.00000   82   65   14.99994    0.00000   100%   173 2895s
 1445547 11568 infeasible   96        14.99994    0.00000   100%   173 2901s
 1448079 11578 infeasible  101        14.99994    0.00000   100%   173 2906s
 1450335 11557    0.00000   90   86   14.99994    0.00000   100%   173 2911s
 1453233 11524 infeasible   99        14.99994    0.00000   100%   173 2916s
 1455142 11519 infeasible   78        14.99994    0.00000   100%   173 2920s
 1458872 11522 infeasible   85        14.99994    0.00000   100%   173 2926s
 1459278 11521 infeasible   86        14.99994    0.00000   100%   173 2931s
 1460267 11501 infeasible   77        14.99994    0.00000   100%   173 2936s
 1461756 11419 infeasible   79        14.99994    0.00000   100%   173 2940s
 1463964 11409    0.00000   98   41   14.99994    0.00000   100%   173 2947s
 1466584 11383    0.00000   63   88   14.99994    0.00000   100%   173 2950s
 1468509 11395    0.00000   89  149   14.99994    0.00000   100%   173 2955s
 1471434 11391 infeasible   92        14.99994    0.00000   100%   173 2960s
 1472801 11398 infeasible   77        14.99994    0.00000   100%   174 2965s
 1475085 11418 infeasible   74        14.99994    0.00000   100%   174 2970s
 1477444 11357    0.00000   97  175   14.99994    0.00000   100%   174 2975s
 1479116 11333    0.00000  101  137   14.99994    0.00000   100%   174 2981s
 1481615 11307    0.00000   72  107   14.99994    0.00000   100%   174 2986s
 1484193 11297    0.00000   77   11   14.99994    0.00000   100%   174 2990s
 1487157 11300    0.00000  102  137   14.99994    0.00000   100%   174 2996s
 1488841 11283 infeasible   70        14.99994    0.00000   100%   174 3000s
 1490928 11263 infeasible   86        14.99994    0.00000   100%   174 3005s
 1493739 11279    0.00000   76   96   14.99994    0.00000   100%   174 3010s
 1494950 11174 infeasible   68        14.99994    0.00000   100%   174 3017s
 1497239 11181    0.00000   86  121   14.99994    0.00000   100%   174 3022s
 1497470 11181    0.00000   83  135   14.99994    0.00000   100%   174 3026s
 1499773 11106    0.00000   94  174   14.99994    0.00000   100%   174 3030s
 1502690 11128 infeasible   98        14.99994    0.00000   100%   174 3036s
 1504616 11146    0.00000   93  146   14.99994    0.00000   100%   174 3040s
 1507636 11160 infeasible   84        14.99994    0.00000   100%   174 3045s
 1509954 11191 infeasible   67        14.99994    0.00000   100%   174 3050s
 1512845 11210 infeasible   83        14.99994    0.00000   100%   174 3055s
 1516044 11264    0.00000   81  140   14.99994    0.00000   100%   174 3060s
 1518580 11222 infeasible   85        14.99994    0.00000   100%   174 3065s
 1521828 11262    0.00000   70  103   14.99994    0.00000   100%   174 3070s
 1525006 11281    0.00000   88  140   14.99994    0.00000   100%   174 3077s
 1527962 11191    0.00000   89  139   14.99994    0.00000   100%   174 3080s
 1529754 11185 infeasible   88        14.99994    0.00000   100%   174 3085s
 1532638 11164    0.00000   85  112   14.99994    0.00000   100%   174 3090s
 1535037 11145    0.00000   82  126   14.99994    0.00000   100%   174 3096s
 1537797 11145    0.00000   96  178   14.99994    0.00000   100%   174 3101s
 1539308 11111    0.00000   76  155   14.99994    0.00000   100%   174 3106s
 1540698 11082 infeasible   79        14.99994    0.00000   100%   174 3111s
 1540803 11081    0.00000   90  145   14.99994    0.00000   100%   174 3115s
 1542742 11072    0.00000   78   19   14.99994    0.00000   100%   174 3120s
 1544898 11099    0.00000   67   15   14.99994    0.00000   100%   175 3126s
 1546294 11080    0.00000   76   89   14.99994    0.00000   100%   175 3130s
 1547674 11072 infeasible   91        14.99994    0.00000   100%   175 3135s
 1549281 11093 infeasible   88        14.99994    0.00000   100%   175 3140s
 1552120 11119    0.00000   86  118   14.99994    0.00000   100%   175 3146s
 1554371 11140 infeasible   76        14.99994    0.00000   100%   175 3151s
 1556128 11169 infeasible   88        14.99994    0.00000   100%   175 3155s
 1558042 11145    0.00000   68   13   14.99994    0.00000   100%   175 3162s
 1559760 11133 infeasible   98        14.99994    0.00000   100%   175 3166s
 1561266 11121    0.00000   71   74   14.99994    0.00000   100%   175 3170s
 1563418 11091    0.00000   76  110   14.99994    0.00000   100%   175 3176s
 1565229 11081 infeasible   75        14.99994    0.00000   100%   175 3181s
 1565571 11070    0.00000   73  187   14.99994    0.00000   100%   175 3185s
 1569073 11088 infeasible   86        14.99994    0.00000   100%   176 3191s
 1570491 11161 infeasible   78        14.99994    0.00000   100%   176 3195s
 1572497 11101 infeasible   87        14.99994    0.00000   100%   176 3200s
 1574805 11132 infeasible   77        14.99994    0.00000   100%   176 3205s
 1575833 11138 infeasible   92        14.99994    0.00000   100%   176 3212s
 1576363 11191    0.00000   93  134   14.99994    0.00000   100%   176 3216s
 1578498 11236 infeasible   95        14.99994    0.00000   100%   176 3220s
 1582789 11196 infeasible  104        14.99994    0.00000   100%   175 3225s
 1585809 11227 infeasible  107        14.99994    0.00000   100%   175 3230s
 1588920 11259 infeasible   91        14.99994    0.00000   100%   175 3236s
 1592780 11315 infeasible   92        14.99994    0.00000   100%   175 3241s
 1595700 11333    0.00000   79   22   14.99994    0.00000   100%   175 3245s
 1599142 11385 infeasible  100        14.99994    0.00000   100%   175 3250s
 1603700 11313    0.00000   99  195   14.99994    0.00000   100%   175 3255s
 1607875 11333 infeasible   98        14.99994    0.00000   100%   175 3260s
 1612190 11286 infeasible   93        14.99994    0.00000   100%   175 3265s
 1616659 11250    0.00000   85  175   14.99994    0.00000   100%   174 3270s
 1621426 11257 infeasible   98        14.99994    0.00000   100%   174 3275s
 1625502 11199 infeasible   98        14.99994    0.00000   100%   174 3280s
 1628485 11247 infeasible   99        14.99994    0.00000   100%   174 3285s
 1633724 11205    0.00000   87  192   14.99994    0.00000   100%   174 3290s
 1636506 11207    0.00000   97    4   14.99994    0.00000   100%   174 3295s
 1640609 11126    0.00000   92  175   14.99994    0.00000   100%   173 3300s
 1643337 11099    0.00000   95  155   14.99994    0.00000   100%   173 3305s
 1647928 11014    0.00000   78  163   14.99994    0.00000   100%   173 3310s
 1651020 10969    0.00000   84   96   14.99994    0.00000   100%   173 3315s
 1652305 10941    0.00000   93  182   14.99994    0.00000   100%   173 3320s
 1655484 10947 infeasible  101        14.99994    0.00000   100%   173 3325s
 1659231 10953 infeasible   88        14.99994    0.00000   100%   173 3331s
 1661320 10947    0.00000   96  177   14.99994    0.00000   100%   173 3335s
 1661889 10942 infeasible  100        14.99994    0.00000   100%   173 3341s
 1663633 11035    0.00000   66  180   14.99994    0.00000   100%   173 3346s
 1667879 11093    0.00000  100  174   14.99994    0.00000   100%   173 3351s
 1671474 11101    0.00000   68   12   14.99994    0.00000   100%   173 3355s
 1675065 11068 infeasible   98        14.99994    0.00000   100%   173 3361s
 1677996 11045 infeasible   76        14.99994    0.00000   100%   173 3365s
 1682682 11150    0.00000   67  130   14.99994    0.00000   100%   172 3370s
 1686972 11120    0.00000   68   55   14.99994    0.00000   100%   172 3375s
 1689493 11115 infeasible   78        14.99994    0.00000   100%   172 3381s
 1692833 11114 infeasible   95        14.99994    0.00000   100%   172 3385s
 1697089 11118    0.00000   78   13   14.99994    0.00000   100%   172 3390s
 1699483 11172    0.00000   68    8   14.99994    0.00000   100%   172 3395s
 1703093 11271    0.00000   99  169   14.99994    0.00000   100%   172 3400s
 1705434 11368 infeasible   78        14.99994    0.00000   100%   172 3405s
 1707357 11413 infeasible   80        14.99994    0.00000   100%   172 3410s
 1710173 11538 infeasible   78        14.99994    0.00000   100%   172 3416s
 1712941 11608 infeasible   58        14.99994    0.00000   100%   172 3421s
 1714575 11716    0.00000   83  135   14.99994    0.00000   100%   172 3425s
 1716165 11721 infeasible   80        14.99994    0.00000   100%   172 3430s
 1716325 11759 infeasible   82        14.99994    0.00000   100%   172 3435s
 1718359 11830 infeasible   78        14.99994    0.00000   100%   172 3441s
 1720688 11904    0.00000   64   43   14.99994    0.00000   100%   172 3446s
 1723536 12032    0.00000   74  140   14.99994    0.00000   100%   172 3451s
 1726075 12067 infeasible   97        14.99994    0.00000   100%   172 3455s
 1728470 12071 infeasible   66        14.99994    0.00000   100%   172 3461s
 1731386 12108 infeasible  100        14.99994    0.00000   100%   172 3465s
 1734518 12140    0.00000   95  135   14.99994    0.00000   100%   172 3470s
 1736792 12153 infeasible   98        14.99994    0.00000   100%   172 3475s
 1739749 12179 infeasible   97        14.99994    0.00000   100%   172 3480s
 1743072 12170 infeasible   68        14.99994    0.00000   100%   172 3485s
 1745961 12152 infeasible   68        14.99994    0.00000   100%   172 3491s
 1748883 12196 infeasible   93        14.99994    0.00000   100%   172 3495s
 1752266 12201 infeasible   63        14.99994    0.00000   100%   172 3500s
 1754127 12219 infeasible   69        14.99994    0.00000   100%   172 3505s
 1758045 12202 infeasible   71        14.99994    0.00000   100%   172 3510s
 1761093 12260    0.00000   91  144   14.99994    0.00000   100%   172 3515s
 1763512 12209    0.00000   96  140   14.99994    0.00000   100%   172 3520s
 1765969 12153 infeasible   69        14.99994    0.00000   100%   171 3525s
 1766017 12158    0.00000   65   72   14.99994    0.00000   100%   171 3530s
 1766270 12169    0.00000   67   68   14.99994    0.00000   100%   171 3535s
 1768347 12140 infeasible   92        14.99994    0.00000   100%   171 3540s
 1771963 12073 infeasible   98        14.99994    0.00000   100%   171 3545s
 1774540 11975 infeasible   88        14.99994    0.00000   100%   171 3550s
 1777421 11946    0.00000   60  111   14.99994    0.00000   100%   171 3556s
 1779419 11920 infeasible   72        14.99994    0.00000   100%   171 3560s
 1782688 11878 infeasible   96        14.99994    0.00000   100%   171 3565s
 1784763 11892 infeasible   88        14.99994    0.00000   100%   171 3571s
 1787694 11935 infeasible   64        14.99994    0.00000   100%   171 3576s
 1790848 12032 infeasible   98        14.99994    0.00000   100%   171 3580s
 1792933 12045 infeasible   88        14.99994    0.00000   100%   171 3585s
 1795899 12080 infeasible   99        14.99994    0.00000   100%   171 3590s
 1799320 12058    0.00000   78   25   14.99994    0.00000   100%   171 3596s
 1802142 12013    0.00000   78   10   14.99994    0.00000   100%   171 3600s
 1805339 12006 infeasible   76        14.99994    0.00000   100%   171 3605s
 1807743 12046 infeasible   83        14.99994    0.00000   100%   171 3611s
 1810216 11987 infeasible   84        14.99994    0.00000   100%   171 3615s
 1813172 12013    0.00000   78   12   14.99994    0.00000   100%   171 3621s
 1814892 11989 infeasible   62        14.99994    0.00000   100%   171 3625s
 1818244 12032 infeasible   80        14.99994    0.00000   100%   171 3630s
 1820414 12031    0.00000   95   99   14.99994    0.00000   100%   171 3635s
 1823756 11967    0.00000   78   21   14.99994    0.00000   100%   171 3640s
 1824713 11940 infeasible   88        14.99994    0.00000   100%   171 3646s
 1827632 11908    0.00000   70   86   14.99994    0.00000   100%   171 3650s
 1830645 11960 infeasible   68        14.99994    0.00000   100%   170 3656s
 1832939 11955 infeasible   89        14.99994    0.00000   100%   170 3661s
 1832983 11939    0.00000   89   95   14.99994    0.00000   100%   170 3665s
 1836303 11953    0.00000   93   97   14.99994    0.00000   100%   170 3671s
 1837792 11917    0.00000   75  138   14.99994    0.00000   100%   170 3675s
 1841202 11907 infeasible   81        14.99994    0.00000   100%   170 3681s
 1842881 11887 infeasible   98        14.99994    0.00000   100%   170 3685s
 1847053 11830 infeasible   77        14.99994    0.00000   100%   170 3691s
 1848818 11795 infeasible   68        14.99994    0.00000   100%   170 3695s
 1851466 11853 infeasible   88        14.99994    0.00000   100%   170 3702s
 1854177 11882 infeasible   88        14.99994    0.00000   100%   170 3706s
 1856389 11767 infeasible   88        14.99994    0.00000   100%   170 3710s
 1859727 11736 infeasible   81        14.99994    0.00000   100%   170 3716s
 1861674 11708    0.00000   64  174   14.99994    0.00000   100%   170 3721s
 1864527 11703    0.00000   68  120   14.99994    0.00000   100%   170 3725s
 1865991 11711 infeasible   64        14.99994    0.00000   100%   170 3730s
 1868576 11665 infeasible   60        14.99994    0.00000   100%   170 3735s
 1868618 11680 infeasible   74        14.99994    0.00000   100%   170 3740s
 1869921 11832    0.00000   70  148   14.99994    0.00000   100%   170 3746s
 1873264 11868    0.00000   56  112   14.99994    0.00000   100%   170 3751s
 1875222 11935    0.00000   75  137   14.99994    0.00000   100%   170 3756s
 1877759 11956 infeasible   71        14.99994    0.00000   100%   170 3761s
 1880712 11955 infeasible   64        14.99994    0.00000   100%   170 3765s
 1881621 11956    0.00000   79  156   14.99994    0.00000   100%   170 3771s
 1885314 11984    0.00000   73   43   14.99994    0.00000   100%   170 3776s
 1888186 11987    0.00000   69  127   14.99994    0.00000   100%   170 3781s
 1890557 12016    0.00000   72  145   14.99994    0.00000   100%   170 3785s
 1892177 12102    0.00000   71  116   14.99994    0.00000   100%   170 3790s
 1894742 12123 infeasible   78        14.99994    0.00000   100%   170 3796s
 1897241 12171 infeasible   74        14.99994    0.00000   100%   170 3801s
 1898869 12164    0.00000   78  143   14.99994    0.00000   100%   170 3805s
 1900950 12200    0.00000   62  128   14.99994    0.00000   100%   170 3810s
 1903887 12181 infeasible   88        14.99994    0.00000   100%   170 3815s
 1906138 12213 infeasible   78        14.99994    0.00000   100%   170 3820s
 1909130 12257    0.00000   82  160   14.99994    0.00000   100%   170 3825s
 1910398 12251 infeasible   71        14.99994    0.00000   100%   170 3830s
 1910731 12257    0.00000   95   88   14.99994    0.00000   100%   170 3836s
 1911238 12298 infeasible   88        14.99994    0.00000   100%   171 3856s
 1919780 12316 infeasible   84        14.99994    0.00000   100%   171 3860s
 1921758 12333    0.00000   88   67   14.99994    0.00000   100%   171 3865s
 1924804 12301 infeasible   97        14.99994    0.00000   100%   171 3870s
 1926971 12315    0.00000   66  119   14.99994    0.00000   100%   171 3877s
 1930259 12313    0.00000   81  174   14.99994    0.00000   100%   171 3880s
 1933148 12284 infeasible   92        14.99994    0.00000   100%   171 3886s
 1934817 12238 infeasible   84        14.99994    0.00000   100%   171 3891s
 1937311 12200 infeasible   92        14.99994    0.00000   100%   171 3896s
 1940302 12224 infeasible   88        14.99994    0.00000   100%   171 3901s
 1941148 12076 infeasible   66        14.99994    0.00000   100%   171 3915s
 1948371 12139 infeasible   87        14.99994    0.00000   100%   171 3920s
 1951527 12117    0.00000   78  132   14.99994    0.00000   100%   171 3926s
 1951941 12110    0.00000   81  141   14.99994    0.00000   100%   171 3930s
 1954277 12097 infeasible   68        14.99994    0.00000   100%   171 3936s
 1956935 12141 infeasible   88        14.99994    0.00000   100%   171 3942s
 1959384 12130    0.00000   82  114   14.99994    0.00000   100%   171 3945s
 1961601 12138    0.00000   78   13   14.99994    0.00000   100%   171 3950s
 1963747 12158    0.00000   87    4   14.99994    0.00000   100%   171 3955s
 1966483 12185    0.00000   88  126   14.99994    0.00000   100%   171 3960s
 1968957 12208 infeasible   88        14.99994    0.00000   100%   171 3966s
 1971434 12183    0.00000   98    4   14.99994    0.00000   100%   171 3971s
 1973134 12175 infeasible   92        14.99994    0.00000   100%   171 3976s
 1973240 12171 infeasible   88        14.99994    0.00000   100%   171 3980s
 1973919 12151 infeasible   76        14.99994    0.00000   100%   171 3985s
 1977234 12132 infeasible   70        14.99994    0.00000   100%   172 3991s
 1978485 12089    0.00000   86  131   14.99994    0.00000   100%   172 3995s
 1981343 12100    0.00000   76  132   14.99994    0.00000   100%   172 4001s
 1984083 12123 infeasible   89        14.99994    0.00000   100%   172 4006s
 1985138 12102 infeasible   88        14.99994    0.00000   100%   172 4010s
 1988059 12088    0.00000   83  114   14.99994    0.00000   100%   172 4015s
 1989933 12077 infeasible   89        14.99994    0.00000   100%   172 4020s
 1992607 12099    0.00000  104   73   14.99994    0.00000   100%   172 4026s
 1995503 12058    0.00000   98   21   14.99994    0.00000   100%   172 4031s
 1997804 12079 infeasible   98        14.99994    0.00000   100%   172 4035s
 1999730 12072    0.00000  100  117   14.99994    0.00000   100%   172 4040s
 2002472 12183 infeasible   95        14.99994    0.00000   100%   172 4045s
 2004086 12208 infeasible   89        14.99994    0.00000   100%   172 4050s
 2006448 12294 infeasible   69        14.99994    0.00000   100%   172 4056s
 2007894 12324 infeasible  112        14.99994    0.00000   100%   172 4060s
 2009670 12404    0.00000  101  150   14.99994    0.00000   100%   172 4066s
 2011120 12423    0.00000  107    5   14.99994    0.00000   100%   172 4070s
 2011955 12456 infeasible  113        14.99994    0.00000   100%   172 4077s
 2012223 12484 infeasible   78        14.99994    0.00000   100%   172 4080s
 2014067 12516    0.00000   88   24   14.99994    0.00000   100%   173 4086s
 2015363 12584 infeasible   96        14.99994    0.00000   100%   173 4090s
 2016546 12598    0.00000  105  107   14.99994    0.00000   100%   173 4095s
 2019150 12636 infeasible  100        14.99994    0.00000   100%   173 4101s
 2021132 12666 infeasible   98        14.99994    0.00000   100%   173 4106s
 2024139 12735    0.00000  111  142   14.99994    0.00000   100%   173 4111s
 2025458 12744 infeasible  104        14.99994    0.00000   100%   173 4116s
 2026692 12748 infeasible  111        14.99994    0.00000   100%   173 4120s
 2029482 12827 infeasible  113        14.99994    0.00000   100%   173 4126s
 2030760 12845 infeasible  108        14.99994    0.00000   100%   173 4131s
 2032317 12894    0.00000  112  148   14.99994    0.00000   100%   173 4135s
 2035176 12951 infeasible   79        14.99994    0.00000   100%   174 4140s
 2037268 12950 infeasible  104        14.99994    0.00000   100%   174 4146s
 2038783 12965    0.00000  105  154   14.99994    0.00000   100%   174 4150s
 2040834 12971    0.00000  113  151   14.99994    0.00000   100%   174 4156s
 2042448 12975    0.00000   83  121   14.99994    0.00000   100%   174 4160s
 2042476 12983    0.00000   85  117   14.99994    0.00000   100%   174 4165s
 2043757 13013 infeasible  107        14.99994    0.00000   100%   174 4171s
 2045014 13050    0.00000  109   46   14.99994    0.00000   100%   174 4176s
 2046945 13079    0.00000  110  125   14.99994    0.00000   100%   174 4180s
 2048694 13086 infeasible  100        14.99994    0.00000   100%   174 4186s
 2050063 13114 infeasible  115        14.99994    0.00000   100%   174 4190s
 2052127 13102    0.00000  108  139   14.99994    0.00000   100%   174 4197s
 2053886 13105 infeasible  109        14.99994    0.00000   100%   174 4201s
 2055860 13096 infeasible  115        14.99994    0.00000   100%   174 4206s
 2057060 13097 infeasible  121        14.99994    0.00000   100%   174 4211s
 2058861 13062    0.00000  114  147   14.99994    0.00000   100%   175 4215s
 2060885 13023    0.00000  106  136   14.99994    0.00000   100%   175 4220s
 2063140 12983 infeasible   98        14.99994    0.00000   100%   175 4226s
 2064712 13039 infeasible  109        14.99994    0.00000   100%   175 4230s
 2066886 13083 infeasible  105        14.99994    0.00000   100%   175 4236s
 2068536 13071    0.00000   98  176   14.99994    0.00000   100%   175 4240s
 2069783 13049 infeasible   94        14.99994    0.00000   100%   175 4245s
 2072681 13068    0.00000  107    4   14.99994    0.00000   100%   175 4251s
 2074472 13016 infeasible  118        14.99994    0.00000   100%   175 4255s
 2076080 13034 infeasible  108        14.99994    0.00000   100%   175 4261s
 2076101 13032    0.00000   89  153   14.99994    0.00000   100%   175 4265s
 2076388 13043 infeasible   91        14.99994    0.00000   100%   175 4271s
 2078096 13049 infeasible  118        14.99994    0.00000   100%   175 4276s
 2079665 13026 infeasible  112        14.99994    0.00000   100%   175 4280s
 2082248 13023 infeasible  108        14.99994    0.00000   100%   176 4286s
 2083265 13000 infeasible  113        14.99994    0.00000   100%   176 4290s
 2084979 12995 infeasible  118        14.99994    0.00000   100%   176 4295s
 2087588 12971    0.00000   93  120   14.99994    0.00000   100%   176 4301s
 2088609 12985    0.00000  117    5   14.99994    0.00000   100%   176 4305s
 2090883 13000    0.00000  107  159   14.99994    0.00000   100%   176 4311s
 2092551 12950    0.00000   99  167   14.99994    0.00000   100%   176 4315s
 2095368 12913    0.00000  110   76   14.99994    0.00000   100%   176 4321s
 2097237 12908    0.00000  112  159   14.99994    0.00000   100%   176 4325s
 2099319 12874    0.00000  108  145   14.99994    0.00000   100%   176 4331s
 2100328 12859 infeasible  109        14.99994    0.00000   100%   176 4337s
 2102415 12844 infeasible  113        14.99994    0.00000   100%   176 4341s
 2104262 12822 infeasible  108        14.99994    0.00000   100%   176 4346s
 2106053 12796 infeasible  105        14.99994    0.00000   100%   176 4350s
H2106290 12796                      14.9999344    0.00000   100%   176 4350s
 2107529 12828    0.00000  116  136   14.99993    0.00000   100%   176 4356s
 2109255 12829 infeasible  116        14.99993    0.00000   100%   177 4360s
 2111312 12811 infeasible  108        14.99993    0.00000   100%   177 4366s
 2113283 12752    0.00000  114  149   14.99993    0.00000   100%   177 4370s
 2115617 12758 infeasible  113        14.99993    0.00000   100%   177 4376s
 2115627 12762    0.00000  117  143   14.99993    0.00000   100%   177 4380s
 2116148 12732 infeasible  120        14.99993    0.00000   100%   177 4387s
 2117661 12731    0.00000  116  121   14.99993    0.00000   100%   177 4390s
 2119763 12741 infeasible  112        14.99993    0.00000   100%   177 4395s
 2121925 12678 infeasible  103        14.99993    0.00000   100%   177 4402s
 2123904 12649 infeasible  105        14.99993    0.00000   100%   177 4406s
 2125228 12668    0.00000  104  122   14.99993    0.00000   100%   177 4412s
 2126915 12655    0.00000   88  196   14.99993    0.00000   100%   177 4417s
 2128027 12703    0.00000  100  112   14.99993    0.00000   100%   178 4421s
 2130018 12738 infeasible  110        14.99993    0.00000   100%   178 4425s
 2130985 12724    0.00000  113  107   14.99993    0.00000   100%   178 4430s
 2133026 12750    0.00000  115  105   14.99993    0.00000   100%   178 4435s
 2134173 12768 infeasible   99        14.99993    0.00000   100%   178 4440s
 2136681 12753 infeasible  107        14.99993    0.00000   100%   178 4447s
 2138303 12735    0.00000  110   40   14.99993    0.00000   100%   178 4452s
 2139779 12718 infeasible   99        14.99993    0.00000   100%   178 4457s
 2141493 12652    0.00000   97    5   14.99993    0.00000   100%   178 4462s
 2142518 12653    0.00000   98   12   14.99993    0.00000   100%   179 4467s
 2142618 12652 infeasible  101        14.99993    0.00000   100%   179 4472s
 2144223 12679 infeasible  108        14.99993    0.00000   100%   179 4477s
 2145632 12674 infeasible  111        14.99993    0.00000   100%   179 4481s
 2146613 12687 infeasible  108        14.99993    0.00000   100%   179 4486s
 2148676 12631 infeasible  109        14.99993    0.00000   100%   179 4491s
 2149966 12650    0.00000   95   42   14.99993    0.00000   100%   179 4496s
 2151929 12653 infeasible  120        14.99993    0.00000   100%   179 4501s
 2153688 12677    0.00000  103  104   14.99993    0.00000   100%   179 4505s
 2154912 12641 infeasible  108        14.99993    0.00000   100%   179 4510s
 2156611 12633 infeasible  105        14.99993    0.00000   100%   180 4515s
 2158734 12682 infeasible  102        14.99993    0.00000   100%   180 4522s
 2159799 12691    0.00000  109   63   14.99993    0.00000   100%   180 4533s
 2162919 12705 infeasible  108        14.99993    0.00000   100%   180 4535s
 2164144 12718    0.00000   96   95   14.99993    0.00000   100%   180 4540s
 2164403 12750 infeasible   98        14.99993    0.00000   100%   180 4546s
 2165947 12776    0.00000  108   30   14.99993    0.00000   100%   180 4551s
 2167276 12760 infeasible  107        14.99993    0.00000   100%   180 4557s
 2169387 12759    0.00000  109  136   14.99993    0.00000   100%   180 4562s
 2169960 12771 infeasible  113        14.99993    0.00000   100%   181 4565s
 2171915 12792 infeasible  110        14.99993    0.00000   100%   181 4570s
 2173487 12788    0.00000  105   96   14.99993    0.00000   100%   181 4575s
 2174769 12846 infeasible   99        14.99993    0.00000   100%   181 4580s
 2175850 12816    0.00000  101   86   14.99993    0.00000   100%   181 4585s
 2177187 12806    0.00000   97    4   14.99993    0.00000   100%   181 4591s
 2179045 12813 infeasible   98        14.99993    0.00000   100%   181 4597s
 2179786 12800 infeasible  101        14.99993    0.00000   100%   181 4600s
 2181467 12798    0.00000  108   48   14.99993    0.00000   100%   182 4606s
 2181795 12802 infeasible  101        14.99993    0.00000   100%   182 4610s
 2182126 12807    0.00000  111  118   14.99993    0.00000   100%   182 4616s
 2183993 12815    0.00000   91   95   14.99993    0.00000   100%   182 4622s
 2184663 12774 infeasible   98        14.99993    0.00000   100%   182 4625s
 2186077 12768 infeasible  100        14.99993    0.00000   100%   182 4631s
 2188018 12751 infeasible  107        14.99993    0.00000   100%   182 4637s
 2188599 12754 infeasible   98        14.99993    0.00000   100%   182 4640s
 2190149 12767 infeasible  108        14.99993    0.00000   100%   182 4645s
 2190774 12762 infeasible   98        14.99993    0.00000   100%   183 4650s
 2192284 12779    0.00000  110  107   14.99993    0.00000   100%   183 4656s
 2193682 12827    0.00000  107    4   14.99993    0.00000   100%   183 4662s
 2194791 12834 infeasible  107        14.99993    0.00000   100%   183 4665s
 2196573 12810    0.00000  108   20   14.99993    0.00000   100%   183 4672s
 2196848 12807 infeasible  101        14.99993    0.00000   100%   183 4675s
 2199083 12795    0.00000   99  103   14.99993    0.00000   100%   183 4682s
 2199929 12808 infeasible  104        14.99993    0.00000   100%   183 4685s
 2201399 12806 infeasible  108        14.99993    0.00000   100%   184 4691s
 2201410 12823    0.00000  109   15   14.99993    0.00000   100%   184 4696s
 2201688 12844 infeasible  110        14.99993    0.00000   100%   184 4700s
 2203177 12868 infeasible   98        14.99993    0.00000   100%   184 4706s
 2203930 12831    0.00000  104   95   14.99993    0.00000   100%   184 4710s
 2205666 12856    0.00000   96   88   14.99993    0.00000   100%   184 4715s
 2207174 12837    0.00000  108   24   14.99993    0.00000   100%   184 4721s
 2208377 12853 infeasible  108        14.99993    0.00000   100%   184 4726s
 2210208 12843 infeasible  108        14.99993    0.00000   100%   184 4732s
 2211111 12831 infeasible  105        14.99993    0.00000   100%   184 4735s
 2212492 12791    0.00000  118   38   14.99993    0.00000   100%   184 4740s
 2214422 12795    0.00000  102  126   14.99993    0.00000   100%   184 4746s
 2215783 12782    0.00000   97    6   14.99993    0.00000   100%   185 4752s
 2216578 12777    0.00000  102  110   14.99993    0.00000   100%   185 4755s
 2218417 12761 infeasible  109        14.99993    0.00000   100%   185 4760s
 2219743 12718    0.00000  104  108   14.99993    0.00000   100%   185 4766s
 2221601 12707    0.00000  103   99   14.99993    0.00000   100%   185 4771s
 2222828 12747    0.00000   95  118   14.99993    0.00000   100%   185 4776s
 2224598 12733    0.00000   96  137   14.99993    0.00000   100%   185 4782s
 2224611 12781    0.00000   97  136   14.99993    0.00000   100%   185 4786s
 2225649 12750    0.00000  105   97   14.99993    0.00000   100%   185 4791s
 2227251 12750 infeasible  114        14.99993    0.00000   100%   185 4796s
 2229561 12804    0.00000   98    6   14.99993    0.00000   100%   185 4802s
 2229786 12768 infeasible  114        14.99993    0.00000   100%   185 4805s
 2231663 12755 infeasible  111        14.99993    0.00000   100%   186 4811s
 2233612 12785 infeasible  118        14.99993    0.00000   100%   186 4817s
 2234197 12821    0.00000   98   16   14.99993    0.00000   100%   186 4820s
 2235723 12844    0.00000  106   85   14.99993    0.00000   100%   186 4825s
 2237379 12862 infeasible  109        14.99993    0.00000   100%   186 4831s
 2238855 12882 infeasible  109        14.99993    0.00000   100%   186 4837s
 2239246 12893    0.00000  113  118   14.99993    0.00000   100%   186 4841s
 2241056 12847 infeasible  101        14.99993    0.00000   100%   186 4848s
 2242431 12869    0.00000  118   49   14.99993    0.00000   100%   186 4851s
 2243999 12879 infeasible  125        14.99993    0.00000   100%   186 4857s
 2244130 12871 infeasible  124        14.99993    0.00000   100%   186 4860s
 2245392 12905 infeasible  113        14.99993    0.00000   100%   186 4867s
 2246730 12914    0.00000  107    4   14.99993    0.00000   100%   186 4870s
 2248367 12968    0.00000   97    7   14.99993    0.00000   100%   186 4877s
 2249459 12932 infeasible  121        14.99993    0.00000   100%   187 4880s
 2251447 12973    0.00000  118    8   14.99993    0.00000   100%   187 4886s
 2253471 12980    0.00000  116   82   14.99993    0.00000   100%   187 4891s
 2253607 12962 infeasible  118        14.99993    0.00000   100%   187 4900s
 2258310 13004    0.00000  111   91   14.99993    0.00000   100%   187 4905s
 2261280 13024 infeasible  112        14.99993    0.00000   100%   187 4910s
 2263723 13079 infeasible  118        14.99993    0.00000   100%   187 4916s
 2265494 13130 infeasible  107        14.99993    0.00000   100%   187 4921s
 2267570 13122 infeasible  107        14.99993    0.00000   100%   187 4925s
 2269710 13152    0.00000  107  126   14.99993    0.00000   100%   187 4933s
 2271262 13150 infeasible  121        14.99993    0.00000   100%   187 4936s
 2271301 13160    0.00000  115  118   14.99993    0.00000   100%   187 4942s
 2271743 13159 infeasible  107        14.99993    0.00000   100%   187 4945s
 2273239 13116    0.00000  108   24   14.99993    0.00000   100%   187 4950s
 2275777 13109    0.00000  112   92   14.99993    0.00000   100%   187 4955s
 2278583 13111 infeasible  120        14.99993    0.00000   100%   187 4962s
 2279821 13124 infeasible  115        14.99993    0.00000   100%   187 4966s
 2281979 13113    0.00000  114   66   14.99993    0.00000   100%   187 4970s
 2284612 13113 infeasible  108        14.99993    0.00000   100%   187 4976s
 2286058 13131    0.00000  118   61   14.99993    0.00000   100%   188 4980s
 2288461 13191    0.00000  108   80   14.99993    0.00000   100%   188 4986s
 2289618 13186    0.00000  108   23   14.99993    0.00000   100%   188 4990s
 2292499 13146 infeasible  115        14.99993    0.00000   100%   188 4996s
 2294028 13168    0.00000  102   69   14.99993    0.00000   100%   188 5000s
 2295883 13154 infeasible  108        14.99993    0.00000   100%   188 5005s
 2298311 13153 infeasible  117        14.99993    0.00000   100%   188 5010s
 2301626 13062 infeasible  118        14.99993    0.00000   100%   188 5016s
 2302510 13068 infeasible  118        14.99993    0.00000   100%   188 5022s
 2302537 13098    0.00000  110  108   14.99993    0.00000   100%   188 5025s
 2304694 13087 infeasible  123        14.99993    0.00000   100%   188 5031s
 2307214 13058    0.00000  122  112   14.99993    0.00000   100%   188 5035s
 2309498 13045    0.00000  111  101   14.99993    0.00000   100%   188 5040s
 2311388 13055    0.00000  107   80   14.99993    0.00000   100%   188 5046s
 2314517 13034 infeasible  128        14.99993    0.00000   100%   188 5051s
 2316736 13082    0.00000  127    4   14.99993    0.00000   100%   188 5055s
 2320101 13031    0.00000  128   10   14.99993    0.00000   100%   188 5060s
 2322746 13043 infeasible  118        14.99993    0.00000   100%   188 5066s
 2325158 12989    0.00000  123   42   14.99993    0.00000   100%   188 5070s
 2327657 12956 infeasible  116        14.99993    0.00000   100%   188 5075s
 2330123 13018 infeasible  127        14.99993    0.00000   100%   188 5081s
 2331931 13031 infeasible  107        14.99993    0.00000   100%   188 5085s
 2334226 12996    0.00000  113   80   14.99993    0.00000   100%   188 5090s
 2336279 12993    0.00000  120   59   14.99993    0.00000   100%   188 5096s
 2338333 12958 infeasible  119        14.99993    0.00000   100%   188 5101s
 2338568 12969    0.00000  106  118   14.99993    0.00000   100%   188 5105s
 2340144 12984 infeasible  118        14.99993    0.00000   100%   188 5111s
 2342369 12957    0.00000  108   18   14.99993    0.00000   100%   188 5115s
 2344602 12940 infeasible  108        14.99993    0.00000   100%   188 5121s
 2346284 13000    0.00000  101   48   14.99993    0.00000   100%   188 5125s
 2348216 13007 infeasible  112        14.99993    0.00000   100%   188 5130s
 2351126 13005    0.00000  111   23   14.99993    0.00000   100%   188 5136s
 2353730 13005 infeasible  112        14.99993    0.00000   100%   188 5141s
 2355765 13023 infeasible  132        14.99993    0.00000   100%   188 5146s
 2357627 12967 infeasible  128        14.99993    0.00000   100%   188 5150s
 2360037 12978 infeasible  123        14.99993    0.00000   100%   188 5155s
 2361613 12981    0.00000  123  121   14.99993    0.00000   100%   188 5160s
 2364782 12969 infeasible  127        14.99993    0.00000   100%   188 5165s
 2367839 12954    0.00000  117  118   14.99993    0.00000   100%   188 5170s
 2370988 12974    0.00000  120  148   14.99993    0.00000   100%   188 5176s
 2372397 12952    0.00000  120   22   14.99993    0.00000   100%   188 5180s
 2375841 12955 infeasible  125        14.99993    0.00000   100%   188 5186s
 2378270 12907 infeasible  120        14.99993    0.00000   100%   188 5190s
 2379759 12935    0.00000  121  166   14.99993    0.00000   100%   188 5196s
 2380040 12929 infeasible  122        14.99993    0.00000   100%   188 5201s
 2381979 12983 infeasible  118        14.99993    0.00000   100%   188 5206s
 2384673 12980    0.00000  117    4   14.99993    0.00000   100%   188 5210s
 2387249 13023    0.00000  127    4   14.99993    0.00000   100%   188 5215s
 2390102 13025    0.00000  124  130   14.99993    0.00000   100%   188 5220s
 2392938 13029 infeasible  118        14.99993    0.00000   100%   188 5225s
 2396193 13025 infeasible  127        14.99993    0.00000   100%   188 5231s
 2397740 13020 infeasible  135        14.99993    0.00000   100%   188 5235s
 2400654 13030    0.00000  128   20   14.99993    0.00000   100%   188 5240s
 2404338 12966    0.00000  131  124   14.99993    0.00000   100%   188 5245s
 2406020 12929    0.00000  120  100   14.99993    0.00000   100%   188 5250s
 2409374 12889    0.00000  120   99   14.99993    0.00000   100%   188 5256s
 2411905 12867    0.00000  133  145   14.99993    0.00000   100%   188 5260s
 2413799 12831 infeasible  105        14.99993    0.00000   100%   188 5265s
 2415149 12845    0.00000  120   91   14.99993    0.00000   100%   188 5270s
 2417997 12879 infeasible  118        14.99993    0.00000   100%   188 5275s
 2420717 12902 infeasible  116        14.99993    0.00000   100%   188 5280s
 2423108 12903 infeasible  126        14.99993    0.00000   100%   188 5285s
 2425374 12898    0.00000   98   65   14.99993    0.00000   100%   188 5290s
 2425592 12898    0.00000  109   83   14.99993    0.00000   100%   188 5296s
 2426213 12899 infeasible  108        14.99993    0.00000   100%   188 5301s
 2428073 12909 infeasible  121        14.99993    0.00000   100%   188 5305s
 2429718 12902 infeasible  132        14.99993    0.00000   100%   188 5310s
 2432420 12873 infeasible  101        14.99993    0.00000   100%   188 5316s
 2433994 12883    0.00000  120  139   14.99993    0.00000   100%   188 5320s
 2435676 12834 infeasible   98        14.99993    0.00000   100%   188 5326s
 2437683 12801 infeasible  123        14.99993    0.00000   100%   188 5330s
 2439996 12802 infeasible  128        14.99993    0.00000   100%   188 5336s
 2441697 12777 infeasible  120        14.99993    0.00000   100%   188 5340s
 2442812 12794    0.00000  102   72   14.99993    0.00000   100%   188 5345s
 2445643 12809 infeasible   98        14.99993    0.00000   100%   188 5351s
 2447137 12821 infeasible  119        14.99993    0.00000   100%   188 5355s
 2449075 12795 infeasible  102        14.99993    0.00000   100%   188 5361s
 2450789 12803    0.00000  115   88   14.99993    0.00000   100%   188 5365s
 2454444 12765    0.00000  118   50   14.99993    0.00000   100%   188 5371s
 2456627 12747    0.00000  108   16   14.99993    0.00000   100%   189 5375s
 2457931 12737    0.00000  119  106   14.99993    0.00000   100%   189 5380s
 2460108 12724 infeasible  126        14.99993    0.00000   100%   189 5385s
 2460161 12737    0.00000  118   10   14.99993    0.00000   100%   189 5390s
 2461468 12736    0.00000  111   41   14.99993    0.00000   100%   189 5395s
 2465263 12771    0.00000  120  130   14.99993    0.00000   100%   189 5401s
 2467184 12785 infeasible  127        14.99993    0.00000   100%   189 5405s
 2469033 12740 infeasible  117        14.99993    0.00000   100%   189 5410s
 2471775 12727 infeasible  128        14.99993    0.00000   100%   189 5415s
 2474299 12703    0.00000  118   36   14.99993    0.00000   100%   189 5420s
 2476085 12694    0.00000   97  118   14.99993    0.00000   100%   189 5425s
 2478511 12615 infeasible  121        14.99993    0.00000   100%   189 5432s
 2480330 12606    0.00000  102  109   14.99993    0.00000   100%   189 5436s
 2481917 12626 infeasible  123        14.99993    0.00000   100%   189 5440s
 2483880 12653 infeasible  116        14.99993    0.00000   100%   189 5446s
 2485501 12628    0.00000  112  147   14.99993    0.00000   100%   189 5450s
 2488572 12607 infeasible  116        14.99993    0.00000   100%   189 5456s
 2490180 12608 infeasible  128        14.99993    0.00000   100%   189 5460s
 2491526 12589    0.00000   76  149   14.99993    0.00000   100%   189 5467s
 2491757 12598 infeasible   77        14.99993    0.00000   100%   189 5476s
 2496351 12600    0.00000  110   19   14.99993    0.00000   100%   189 5481s
 2498271 12654 infeasible   99        14.99993    0.00000   100%   189 5485s
 2501183 12578 infeasible  121        14.99993    0.00000   100%   189 5491s
 2502361 12565    0.00000  116  141   14.99993    0.00000   100%   189 5496s
 2504379 12547 infeasible  130        14.99993    0.00000   100%   189 5500s
 2506812 12568 infeasible  108        14.99993    0.00000   100%   189 5506s
 2507010 12566 infeasible  109        14.99993    0.00000   100%   189 5513s
 2510346 12564 infeasible  104        14.99993    0.00000   100%   189 5515s
 2512539 12525    0.00000  113  135   14.99993    0.00000   100%   189 5520s
 2514804 12530 infeasible  108        14.99993    0.00000   100%   190 5526s
 2515623 12566    0.00000  110   99   14.99993    0.00000   100%   190 5531s
 2517883 12568 infeasible  120        14.99993    0.00000   100%   190 5535s
 2520846 12614 infeasible  105        14.99993    0.00000   100%   190 5540s
 2521968 12553    0.00000  119  152   14.99993    0.00000   100%   190 5558s
 2527072 12609    0.00000   98    6   14.99993    0.00000   100%   190 5560s
 2528010 12632    0.00000  114  132   14.99993    0.00000   100%   190 5566s
 2530071 12625 infeasible  125        14.99993    0.00000   100%   190 5571s
 2531376 12677 infeasible  118        14.99993    0.00000   100%   190 5575s
 2533583 12653    0.00000  127  173   14.99993    0.00000   100%   190 5580s
 2535853 12608 infeasible  118        14.99993    0.00000   100%   190 5585s
 2538090 12636 infeasible  106        14.99993    0.00000   100%   190 5591s
 2540543 12629 infeasible  104        14.99993    0.00000   100%   190 5596s
 2542525 12619    0.00000  107    4   14.99993    0.00000   100%   190 5601s
 2545007 12608    0.00000  100  142   14.99993    0.00000   100%   190 5606s
 2546231 12597    0.00000  110   86   14.99993    0.00000   100%   190 5610s
 2546993 12610    0.00000  112   74   14.99993    0.00000   100%   190 5616s
 2548339 12616    0.00000  112  152   14.99993    0.00000   100%   190 5621s
 2550163 12637 infeasible  121        14.99993    0.00000   100%   190 5625s
 2552393 12633    0.00000  115  149   14.99993    0.00000   100%   190 5631s
 2554797 12674 infeasible  114        14.99993    0.00000   100%   190 5635s
 2557608 12748    0.00000  123  148   14.99993    0.00000   100%   191 5641s
 2560016 12755    0.00000  123  145   14.99993    0.00000   100%   191 5646s
 2561522 12719 infeasible  112        14.99993    0.00000   100%   191 5651s
 2564170 12724 infeasible  111        14.99993    0.00000   100%   191 5655s
 2567294 12723    0.00000  129   41   14.99993    0.00000   100%   191 5660s
 2570759 12705 infeasible  120        14.99993    0.00000   100%   191 5665s
 2573122 12705    0.00000  121  146   14.99993    0.00000   100%   191 5671s
 2575523 12727    0.00000  117  143   14.99993    0.00000   100%   191 5676s
 2578172 12700    0.00000  118   23   14.99993    0.00000   100%   191 5681s
 2580529 12655 infeasible  118        14.99993    0.00000   100%   191 5685s
 2583720 12623 infeasible  120        14.99993    0.00000   100%   191 5690s
 2585035 12586 infeasible  126        14.99993    0.00000   100%   191 5695s
 2588370 12553 infeasible  113        14.99993    0.00000   100%   191 5701s
 2589756 12536 infeasible  109        14.99993    0.00000   100%   191 5706s
 2590239 12538 infeasible  117        14.99993    0.00000   100%   191 5710s
 2592167 12491 infeasible  108        14.99993    0.00000   100%   191 5715s
 2594089 12479 infeasible   84        14.99993    0.00000   100%   191 5721s
 2595902 12449 infeasible  128        14.99993    0.00000   100%   191 5725s
 2598980 12497    0.00000   98    5   14.99993    0.00000   100%   191 5731s
 2599537 12557    0.00000  108  193   14.99993    0.00000   100%   191 5737s
 2601421 12594 infeasible  118        14.99993    0.00000   100%   191 5740s
 2603911 12638    0.00000  123   99   14.99993    0.00000   100%   191 5745s
 2606194 12600    0.00000  118   10   14.99993    0.00000   100%   191 5750s
 2607893 12601    0.00000  121  144   14.99993    0.00000   100%   191 5756s
 2609984 12652 infeasible  120        14.99993    0.00000   100%   191 5761s
 2611973 12646    0.00000   94  148   14.99993    0.00000   100%   191 5765s
 2614008 12739 infeasible  109        14.99993    0.00000   100%   191 5771s
 2616939 12750 infeasible  129        14.99993    0.00000   100%   191 5776s
 2618736 12795 infeasible  118        14.99993    0.00000   100%   191 5780s
 2620986 12776 infeasible  115        14.99993    0.00000   100%   191 5785s
 2623502 12778    0.00000  112  138   14.99993    0.00000   100%   191 5790s
 2624240 12781    0.00000  112  139   14.99993    0.00000   100%   191 5795s
 2625264 12834 infeasible  117        14.99993    0.00000   100%   191 5801s
 2628246 12819 infeasible  114        14.99993    0.00000   100%   191 5806s
 2629904 12812    0.00000  103  151   14.99993    0.00000   100%   191 5810s
 2631718 12810 infeasible  118        14.99993    0.00000   100%   191 5816s
 2633465 12780    0.00000  112  202   14.99993    0.00000   100%   191 5820s
 2635423 12767 infeasible  114        14.99993    0.00000   100%   191 5826s
 2637375 12798 infeasible  113        14.99993    0.00000   100%   191 5830s
 2640162 12808    0.00000  115  156   14.99993    0.00000   100%   191 5836s
 2641302 12799 infeasible  109        14.99993    0.00000   100%   191 5840s
 2643647 12800    0.00000  118   14   14.99993    0.00000   100%   192 5846s
 2646348 12837 infeasible  113        14.99993    0.00000   100%   192 5852s
 2648180 12853 infeasible  126        14.99993    0.00000   100%   192 5855s
 2649685 12906 infeasible  101        14.99993    0.00000   100%   192 5861s
 2651640 12900    0.00000  115  155   14.99993    0.00000   100%   192 5865s
 2652573 12908 infeasible  129        14.99993    0.00000   100%   192 5871s
 2652936 12875 infeasible  107        14.99993    0.00000   100%   192 5875s
 2654711 12850    0.00000  121  124   14.99993    0.00000   100%   192 5881s
 2656525 12847    0.00000  104  129   14.99993    0.00000   100%   192 5885s
 2658710 12884 infeasible  123        14.99993    0.00000   100%   192 5891s
 2660587 12853    0.00000  118    8   14.99993    0.00000   100%   192 5895s
 2662455 12889 infeasible  115        14.99993    0.00000   100%   192 5902s
 2664221 12885 infeasible  127        14.99993    0.00000   100%   192 5905s
 2666811 12952    0.00000  114  136   14.99993    0.00000   100%   192 5910s
 2669171 12928 infeasible  111        14.99993    0.00000   100%   192 5915s
 2670652 12917 infeasible  108        14.99993    0.00000   100%   192 5920s
 2673307 12914 infeasible  114        14.99993    0.00000   100%   192 5925s
 2676160 12957    0.00000  118  118   14.99993    0.00000   100%   192 5930s
 2677671 12975 infeasible  128        14.99993    0.00000   100%   192 5936s
 2681466 12988    0.00000  112  158   14.99993    0.00000   100%   192 5941s
 2684321 12969 infeasible  127        14.99993    0.00000   100%   192 5946s
 2686139 12962    0.00000  120  118   14.99993    0.00000   100%   192 5950s
 2688526 12962    0.00000  120   64   14.99993    0.00000   100%   192 5955s
 2692530 12962 infeasible  131        14.99993    0.00000   100%   192 5962s
 2693955 12946 infeasible   98        14.99993    0.00000   100%   192 5965s
 2693993 12974    0.00000  116  142   14.99993    0.00000   100%   192 5970s
 2694801 12902 infeasible  122        14.99993    0.00000   100%   192 5975s
 2698051 12931 infeasible  130        14.99993    0.00000   100%   192 5981s
 2700276 12855 infeasible  111        14.99993    0.00000   100%   192 5985s
 2703393 12851 infeasible  128        14.99993    0.00000   100%   192 5990s
 2705628 12876 infeasible  128        14.99993    0.00000   100%   192 5995s
 2708910 12909 infeasible  124        14.99993    0.00000   100%   192 6001s
 2711131 12937 infeasible  119        14.99993    0.00000   100%   192 6005s
 2713911 12874 infeasible  125        14.99993    0.00000   100%   192 6010s
 2716715 12839    0.00000  107    4   14.99993    0.00000   100%   192 6015s
 2719432 12774    0.00000  109  148   14.99993    0.00000   100%   192 6020s
 2722501 12797    0.00000  128  133   14.99993    0.00000   100%   192 6026s
 2725950 12798 infeasible  118        14.99993    0.00000   100%   192 6031s
 2727711 12777 infeasible  126        14.99993    0.00000   100%   192 6035s
 2731106 12770    0.00000  127  158   14.99993    0.00000   100%   192 6040s
 2733707 12789    0.00000  122  147   14.99993    0.00000   100%   192 6045s
 2736537 12740 infeasible  118        14.99993    0.00000   100%   192 6050s
 2739345 12722 infeasible  132        14.99993    0.00000   100%   192 6057s
 2740677 12735    0.00000  121   67   14.99993    0.00000   100%   192 6060s
 2743520 12736    0.00000  128   36   14.99993    0.00000   100%   192 6065s
 2745350 12746 infeasible  108        14.99993    0.00000   100%   192 6070s
 2747407 12724    0.00000  114  126   14.99993    0.00000   100%   192 6075s
 2747436 12720    0.00000  116  122   14.99993    0.00000   100%   192 6080s
 2748940 12676    0.00000  124  126   14.99993    0.00000   100%   192 6085s
 2751513 12643 infeasible  128        14.99993    0.00000   100%   192 6090s
 2754763 12671    0.00000  126  138   14.99993    0.00000   100%   192 6095s
 2757620 12651    0.00000  121   57   14.99993    0.00000   100%   192 6101s
 2759437 12672    0.00000  108   12   14.99993    0.00000   100%   192 6105s
 2761334 12702 infeasible  129        14.99993    0.00000   100%   192 6110s
 2764150 12769 infeasible  138        14.99993    0.00000   100%   192 6115s
 2767015 12770 infeasible  111        14.99993    0.00000   100%   192 6120s
 2770070 12801    0.00000  106  150   14.99993    0.00000   100%   192 6126s
 2772064 12883 infeasible  128        14.99993    0.00000   100%   192 6131s
 2775097 12926    0.00000  116   44   14.99993    0.00000   100%   192 6136s
 2776771 12949 infeasible  128        14.99993    0.00000   100%   192 6140s
 2779486 12878    0.00000  119   27   14.99993    0.00000   100%   192 6146s
 2782148 12888    0.00000  128  112   14.99993    0.00000   100%   192 6151s
 2783978 12904    0.00000  123  146   14.99993    0.00000   100%   192 6155s
 2786229 12930 infeasible  121        14.99993    0.00000   100%   192 6160s
 2788890 12912    0.00000  108   27   14.99993    0.00000   100%   192 6165s
 2789093 12911 infeasible  108        14.99993    0.00000   100%   192 6170s
 2790575 12890 infeasible  128        14.99993    0.00000   100%   192 6176s
 2792812 12842 infeasible  118        14.99993    0.00000   100%   192 6180s
 2795014 12763    0.00000  119   11   14.99993    0.00000   100%   192 6186s
 2798402 12751 infeasible  116        14.99993    0.00000   100%   192 6191s
 2800111 12786 infeasible  117        14.99993    0.00000   100%   192 6195s
 2801743 12780    0.00000  125  126   14.99993    0.00000   100%   192 6200s
 2804268 12717    0.00000  115   94   14.99993    0.00000   100%   192 6206s
 2807041 12632 infeasible  118        14.99993    0.00000   100%   192 6211s
 2809675 12640 infeasible  110        14.99993    0.00000   100%   192 6216s
 2811729 12635 infeasible  113        14.99993    0.00000   100%   192 6220s
 2814235 12619    0.00000  112   87   14.99993    0.00000   100%   192 6225s
 2814763 12619    0.00000  113   83   14.99993    0.00000   100%   192 6232s
 2814945 12612    0.00000  115   87   14.99993    0.00000   100%   192 6236s
 2816055 12559 infeasible  128        14.99993    0.00000   100%   192 6240s
 2818855 12539    0.00000  123   87   14.99993    0.00000   100%   192 6246s
 2820234 12581 infeasible  116        14.99993    0.00000   100%   192 6250s
 2822137 12541    0.00000  118   34   14.99993    0.00000   100%   192 6255s
 2823949 12562 infeasible  118        14.99993    0.00000   100%   192 6261s
 2825834 12580    0.00000  112  140   14.99993    0.00000   100%   192 6265s
 2828616 12547 infeasible  118        14.99993    0.00000   100%   192 6270s
 2831123 12510    0.00000  116  136   14.99993    0.00000   100%   192 6276s
 2832826 12515 infeasible  114        14.99993    0.00000   100%   192 6280s
 2834961 12523    0.00000  108  152   14.99993    0.00000   100%   192 6286s
 2835305 12514 infeasible  109        14.99993    0.00000   100%   192 6290s
 2839332 12598 infeasible  102        14.99993    0.00000   100%   192 6296s
 2841005 12635 infeasible  113        14.99993    0.00000   100%   192 6301s
 2842811 12625 infeasible  128        14.99993    0.00000   100%   192 6305s
 2846019 12596    0.00000  128   29   14.99993    0.00000   100%   192 6311s
 2848597 12594    0.00000  102  149   14.99993    0.00000   100%   192 6316s
 2849504 12625    0.00000  116  105   14.99993    0.00000   100%   192 6320s
 2852070 12627 infeasible  106        14.99993    0.00000   100%   192 6325s
 2855042 12634    0.00000  126  146   14.99993    0.00000   100%   192 6330s
 2857681 12630    0.00000  111  146   14.99993    0.00000   100%   192 6335s
 2860406 12623 infeasible  129        14.99993    0.00000   100%   192 6343s
 2860429 12625    0.00000  133  129   14.99993    0.00000   100%   192 6346s
 2860977 12655    0.00000  121   94   14.99993    0.00000   100%   192 6351s
 2863236 12590    0.00000  107    4   14.99993    0.00000   100%   192 6356s
 2865919 12553    0.00000  126   91   14.99993    0.00000   100%   192 6361s
 2867294 12568 infeasible  135        14.99993    0.00000   100%   192 6365s
 2869372 12574 infeasible  108        14.99993    0.00000   100%   192 6370s
 2873240 12536 infeasible  103        14.99993    0.00000   100%   192 6376s
 2875369 12580 infeasible  118        14.99993    0.00000   100%   192 6380s
 2877654 12522 infeasible  108        14.99993    0.00000   100%   192 6386s
 2880235 12492 infeasible  124        14.99993    0.00000   100%   193 6391s
 2882828 12429 infeasible  126        14.99993    0.00000   100%   193 6396s
 2885017 12414 infeasible  138        14.99993    0.00000   100%   193 6401s
 2886505 12385 infeasible  106        14.99993    0.00000   100%   193 6405s
 2888657 12369    0.00000  117    4   14.99993    0.00000   100%   193 6410s
 2891004 12343    0.00000  108  123   14.99993    0.00000   100%   193 6416s
 2891343 12306    0.00000  105  154   14.99993    0.00000   100%   193 6420s
 2895164 12362    0.00000  107  153   14.99993    0.00000   100%   193 6426s
 2896963 12391    0.00000  126  119   14.99993    0.00000   100%   193 6430s
 2898825 12422    0.00000  102   51   14.99993    0.00000   100%   193 6437s
 2900733 12444 infeasible  106        14.99993    0.00000   100%   193 6441s
 2901503 12455    0.00000  124  112   14.99993    0.00000   100%   193 6447s
 2901749 12432    0.00000  126  111   14.99993    0.00000   100%   193 6451s
 2902792 12434    0.00000  132  128   14.99993    0.00000   100%   193 6455s
 2904477 12407 infeasible  104        14.99993    0.00000   100%   193 6460s
 2907195 12379 infeasible  113        14.99993    0.00000   100%   193 6466s
 2908107 12374 infeasible  129        14.99993    0.00000   100%   193 6470s
 2909892 12454 infeasible  113        14.99993    0.00000   100%   193 6475s
 2912047 12450    0.00000  108    6   14.99993    0.00000   100%   193 6481s
 2913932 12446 infeasible  116        14.99993    0.00000   100%   193 6485s
 2915760 12431    0.00000   96   80   14.99993    0.00000   100%   193 6491s
 2916934 12439    0.00000  113  128   14.99993    0.00000   100%   193 6495s
 2918234 12474    0.00000  108  112   14.99993    0.00000   100%   193 6500s
 2921122 12430    0.00000  103  120   14.99993    0.00000   100%   193 6506s
 2922997 12407 infeasible  108        14.99993    0.00000   100%   193 6510s
 2924870 12334 infeasible  126        14.99993    0.00000   100%   194 6516s
 2926504 12291 infeasible  110        14.99993    0.00000   100%   194 6521s
 2927597 12284    0.00000  100  114   14.99993    0.00000   100%   194 6525s
 2928428 12288    0.00000  115   41   14.99993    0.00000   100%   194 6531s
 2928674 12228 infeasible  120        14.99993    0.00000   100%   194 6537s
 2931988 12261 infeasible  122        14.99993    0.00000   100%   194 6541s
 2933250 12267    0.00000   98   39   14.99993    0.00000   100%   194 6546s
 2935363 12300    0.00000  102  215   14.99993    0.00000   100%   194 6550s
 2937294 12263    0.00000  105   88   14.99993    0.00000   100%   194 6556s
 2939070 12304 infeasible  114        14.99993    0.00000   100%   194 6560s
 2941311 12374 infeasible  115        14.99993    0.00000   100%   194 6566s
 2943063 12399 infeasible  102        14.99993    0.00000   100%   194 6570s
 2944959 12401 infeasible  114        14.99993    0.00000   100%   194 6576s
 2946808 12405    0.00000  107    4   14.99993    0.00000   100%   194 6581s
 2949202 12492 infeasible   98        14.99993    0.00000   100%   194 6586s
 2950597 12516 infeasible  104        14.99993    0.00000   100%   194 6591s
 2952073 12508 infeasible   96        14.99993    0.00000   100%   194 6595s
 2952897 12532    0.00000  115  166   14.99993    0.00000   100%   194 6600s
 2955259 12562 infeasible  109        14.99993    0.00000   100%   194 6606s
 2956716 12535    0.00000  124  113   14.99993    0.00000   100%   195 6610s
 2957759 12543 infeasible  105        14.99993    0.00000   100%   195 6615s
 2957776 12508 infeasible  105        14.99993    0.00000   100%   195 6643s
 2965776 12548 infeasible   97        14.99993    0.00000   100%   195 6645s
 2966334 12555    0.00000   96  170   14.99993    0.00000   100%   195 6650s
 2967429 12585    0.00000   88   58   14.99993    0.00000   100%   195 6656s
 2969592 12617    0.00000  105  145   14.99993    0.00000   100%   195 6662s
 2970330 12616 infeasible   98        14.99993    0.00000   100%   195 6665s
 2971485 12581 infeasible  106        14.99993    0.00000   100%   195 6671s
 2973676 12608 infeasible  107        14.99993    0.00000   100%   195 6677s
 2975587 12595    0.00000  118   17   14.99993    0.00000   100%   195 6681s
 2976639 12627    0.00000  100   40   14.99993    0.00000   100%   195 6685s
 2979049 12685    0.00000  100   97   14.99993    0.00000   100%   196 6691s
 2980396 12648 infeasible   97        14.99993    0.00000   100%   196 6696s
 2981765 12656    0.00000  107   11   14.99993    0.00000   100%   196 6701s
 2982798 12691    0.00000   93  143   14.99993    0.00000   100%   196 6706s
 2983273 12676    0.00000   98  135   14.99993    0.00000   100%   196 6712s
 2983587 12678 infeasible   99        14.99993    0.00000   100%   196 6715s
 2985774 12726    0.00000  118   55   14.99993    0.00000   100%   196 6720s
 2987680 12721 infeasible  110        14.99993    0.00000   100%   196 6725s
 2988871 12711 infeasible  101        14.99993    0.00000   100%   196 6730s
 2990998 12697 infeasible  105        14.99993    0.00000   100%   196 6735s
 2993067 12694 infeasible   94        14.99993    0.00000   100%   196 6740s
 2994916 12649 infeasible  109        14.99993    0.00000   100%   196 6755s
 3000257 12689 infeasible  108        14.99993    0.00000   100%   196 6762s
 3002191 12673 infeasible  108        14.99993    0.00000   100%   196 6766s
 3003561 12642 infeasible   98        14.99993    0.00000   100%   196 6770s
 3005459 12651 infeasible  107        14.99993    0.00000   100%   197 6775s
 3008454 12618 infeasible  110        14.99993    0.00000   100%   197 6781s
 3009351 12591 infeasible  123        14.99993    0.00000   100%   197 6786s
 3011099 12577 infeasible  109        14.99993    0.00000   100%   197 6790s
 3011215 12563    0.00000  109  128   14.99993    0.00000   100%   197 6795s
 3012344 12551    0.00000   91  162   14.99993    0.00000   100%   197 6800s
 3014543 12540 infeasible  100        14.99993    0.00000   100%   197 6807s
 3016537 12507 infeasible  103        14.99993    0.00000   100%   197 6812s
 3017945 12482 infeasible  118        14.99993    0.00000   100%   197 6816s
 3019017 12471    0.00000   95  195   14.99993    0.00000   100%   197 6820s
 3020614 12455 infeasible   98        14.99993    0.00000   100%   197 6825s
 3023368 12452 infeasible  108        14.99993    0.00000   100%   197 6831s
 3025105 12437    0.00000  104  130   14.99993    0.00000   100%   197 6835s
 3027202 12396    0.00000  110  143   14.99993    0.00000   100%   197 6842s
 3028970 12349 infeasible  100        14.99993    0.00000   100%   197 6846s
 3030026 12352 infeasible  104        14.99993    0.00000   100%   197 6850s
 3032693 12357    0.00000  107  112   14.99993    0.00000   100%   197 6856s
 3034112 12318    0.00000  100   96   14.99993    0.00000   100%   197 6860s
 3036251 12313    0.00000   81   74   14.99993    0.00000   100%   197 6866s
 3037879 12322 infeasible  104        14.99993    0.00000   100%   197 6870s
 3040091 12296    0.00000   96  168   14.99993    0.00000   100%   197 6876s
 3040123 12299    0.00000   98  168   14.99993    0.00000   100%   197 6881s
 3041066 12275 infeasible  108        14.99993    0.00000   100%   198 6886s
 3042969 12297 infeasible  109        14.99993    0.00000   100%   198 6891s
 3044451 12299    0.00000  104  142   14.99993    0.00000   100%   198 6895s
 3047398 12229 infeasible  103        14.99993    0.00000   100%   198 6901s
 3048896 12215 infeasible  121        14.99993    0.00000   100%   198 6906s
 3050378 12202 infeasible   93        14.99993    0.00000   100%   198 6910s
 3052331 12206    0.00000  100  176   14.99993    0.00000   100%   198 6915s
 3055393 12188    0.00000  128   10   14.99993    0.00000   100%   198 6920s
 3057004 12183    0.00000  123  120   14.99993    0.00000   100%   198 6925s
 3059116 12192    0.00000  105   81   14.99993    0.00000   100%   198 6930s
 3061550 12215 infeasible  125        14.99993    0.00000   100%   198 6935s
 3063705 12233 infeasible  115        14.99993    0.00000   100%   198 6941s
 3065121 12233    0.00000  103  146   14.99993    0.00000   100%   198 6945s
 3067110 12253 infeasible  104        14.99993    0.00000   100%   198 6951s
 3068122 12256    0.00000   88    4   14.99993    0.00000   100%   198 6955s
 3069245 12267    0.00000  111  140   14.99993    0.00000   100%   198 6962s
 3069294 12262    0.00000  113  147   14.99993    0.00000   100%   198 6965s
 3070267 12277 infeasible   98        14.99993    0.00000   100%   198 6971s
 3073074 12267    0.00000  106   79   14.99993    0.00000   100%   198 6976s
 3075145 12311 infeasible  100        14.99993    0.00000   100%   198 6981s
 3077195 12344    0.00000  107  126   14.99993    0.00000   100%   198 6986s
 3079150 12334    0.00000  118    6   14.99993    0.00000   100%   198 6990s
 3080048 12312    0.00000  103  151   14.99993    0.00000   100%   198 6995s
 3081473 12379    0.00000  118   11   14.99993    0.00000   100%   198 7000s
 3083368 12364 infeasible  123        14.99993    0.00000   100%   198 7005s
 3085995 12414    0.00000  103  144   14.99993    0.00000   100%   198 7010s
 3087827 12402    0.00000  109   12   14.99993    0.00000   100%   198 7016s
 3089984 12486 infeasible  119        14.99993    0.00000   100%   198 7020s
 3092498 12565    0.00000  121   93   14.99993    0.00000   100%   198 7025s
 3094419 12556 infeasible  119        14.99993    0.00000   100%   198 7030s
 3096858 12621 infeasible   99        14.99993    0.00000   100%   198 7036s
 3099752 12631 infeasible  121        14.99993    0.00000   100%   198 7042s
 3100791 12620 infeasible  118        14.99993    0.00000   100%   198 7045s
 3101022 12615    0.00000  120   76   14.99993    0.00000   100%   198 7050s
 3102165 12627    0.00000  101   38   14.99993    0.00000   100%   198 7055s
 3104477 12687 infeasible  110        14.99993    0.00000   100%   198 7060s
 3106998 12733 infeasible  103        14.99993    0.00000   100%   198 7066s
 3108941 12733 infeasible   98        14.99993    0.00000   100%   198 7070s
 3111873 12711    0.00000  107  132   14.99993    0.00000   100%   198 7076s
 3113758 12717 infeasible  110        14.99993    0.00000   100%   198 7080s
 3115959 12729    0.00000  104   57   14.99993    0.00000   100%   198 7085s
 3119437 12736    0.00000   91   93   14.99993    0.00000   100%   198 7091s
 3122238 12738    0.00000  111  178   14.99993    0.00000   100%   198 7095s
 3124524 12727    0.00000  121  164   14.99993    0.00000   100%   198 7100s
 3126863 12699    0.00000  108  119   14.99993    0.00000   100%   198 7106s
 3129471 12694 infeasible  108        14.99993    0.00000   100%   198 7110s
 3131934 12741    0.00000  117  173   14.99993    0.00000   100%   198 7115s
 3134439 12806    0.00000  132  191   14.99993    0.00000   100%   198 7120s
 3137454 12816    0.00000  109  144   14.99993    0.00000   100%   198 7126s
 3137561 12803    0.00000  110  149   14.99993    0.00000   100%   198 7131s
 3138478 12829 infeasible  102        14.99993    0.00000   100%   198 7135s
 3141328 12792 infeasible  108        14.99993    0.00000   100%   198 7140s
 3144371 12785 infeasible  118        14.99993    0.00000   100%   198 7145s
 3147285 12759 infeasible  129        14.99993    0.00000   100%   198 7151s
 3150058 12781    0.00000  101   81   14.99993    0.00000   100%   198 7155s
 3152719 12790 infeasible  118        14.99993    0.00000   100%   198 7160s
 3154229 12794    0.00000  138   33   14.99993    0.00000   100%   198 7165s
 3157595 12760    0.00000  102   90   14.99993    0.00000   100%   198 7171s
 3160394 12723 infeasible  108        14.99993    0.00000   100%   198 7175s
 3163456 12661    0.00000  128   12   14.99993    0.00000   100%   198 7180s
 3166502 12618    0.00000  108   12   14.99993    0.00000   100%   198 7185s
 3169578 12639 infeasible  119        14.99993    0.00000   100%   198 7192s
 3171744 12605    0.00000  124  181   14.99993    0.00000   100%   198 7195s
 3175148 12620    0.00000  108   18   14.99993    0.00000   100%   198 7200s
 3177344 12583 infeasible  122        14.99993    0.00000   100%   198 7205s
 3180291 12588    0.00000  128  153   14.99993    0.00000   100%   198 7210s
 3183648 12570 infeasible  121        14.99993    0.00000   100%   198 7215s
 3185318 12539    0.00000  125  184   14.99993    0.00000   100%   198 7221s
 3185342 12557    0.00000  127   14   14.99993    0.00000   100%   198 7225s
 3186195 12555 infeasible  124        14.99993    0.00000   100%   198 7230s
 3190073 12527    0.00000  117  117   14.99993    0.00000   100%   198 7236s
 3192776 12471 infeasible  107        14.99993    0.00000   100%   198 7240s
 3196455 12467 infeasible  116        14.99993    0.00000   100%   198 7246s
 3199192 12500 infeasible  134        14.99993    0.00000   100%   198 7250s
 3202621 12511 infeasible  116        14.99993    0.00000   100%   198 7256s
 3203970 12609 infeasible  120        14.99993    0.00000   100%   198 7261s
 3206647 12695    0.00000  108  169   14.99993    0.00000   100%   198 7265s
 3210399 12855 infeasible  108        14.99993    0.00000   100%   198 7271s
 3212086 12874    0.00000  122  152   14.99993    0.00000   100%   198 7275s
 3215485 12912    0.00000  108   10   14.99993    0.00000   100%   198 7280s
 3219243 12961    0.00000  129  164   14.99993    0.00000   100%   198 7285s
 3222356 12989    0.00000  125  161   14.99993    0.00000   100%   198 7290s
 3223922 13008    0.00000  122  165   14.99993    0.00000   100%   198 7295s
 3227476 12925    0.00000  128   28   14.99993    0.00000   100%   198 7300s
 3230683 12932    0.00000  118    4   14.99993    0.00000   100%   198 7305s
 3234839 12892 infeasible  128        14.99993    0.00000   100%   198 7310s
 3236214 12898    0.00000  121  176   14.99993    0.00000   100%   198 7315s
 3239019 12871 infeasible  131        14.99993    0.00000   100%   198 7320s
 3239055 12867 infeasible  131        14.99993    0.00000   100%   198 7325s
 3240558 12835 infeasible  108        14.99993    0.00000   100%   198 7330s
 3243663 12855    0.00000  126  171   14.99993    0.00000   100%   197 7335s
 3246398 12819 infeasible  126        14.99993    0.00000   100%   197 7340s
 3250373 12801 infeasible  135        14.99993    0.00000   100%   197 7346s
 3253870 12807    0.00000  120   49   14.99993    0.00000   100%   197 7350s
 3257439 12824 infeasible  129        14.99993    0.00000   100%   197 7355s
 3261020 12803 infeasible  128        14.99993    0.00000   100%   197 7360s
 3262966 12778    0.00000  121  142   14.99993    0.00000   100%   197 7365s
 3266806 12714 infeasible  127        14.99993    0.00000   100%   197 7370s
 3270737 12751    0.00000  120  154   14.99993    0.00000   100%   197 7375s
 3273295 12732    0.00000  119  136   14.99993    0.00000   100%   197 7380s
 3276507 12767 infeasible  122        14.99993    0.00000   100%   197 7385s
 3280702 12721    0.00000  121  165   14.99993    0.00000   100%   197 7390s
 3283133 12702    0.00000  128   58   14.99993    0.00000   100%   197 7395s
 3287170 12700 infeasible  141        14.99993    0.00000   100%   197 7400s
 3288534 12690 infeasible  120        14.99993    0.00000   100%   197 7405s
 3290933 12666 infeasible  128        14.99993    0.00000   100%   197 7410s
 3295096 12609 infeasible  125        14.99993    0.00000   100%   197 7415s
 3299765 12635 infeasible  123        14.99993    0.00000   100%   197 7420s
 3303473 12647    0.00000  121  157   14.99993    0.00000   100%   196 7425s
 3303993 12670 infeasible  125        14.99993    0.00000   100%   196 7432s
 3304509 12673    0.00000  122  126   14.99993    0.00000   100%   196 7435s
 3306373 12714    0.00000  125  190   14.99993    0.00000   100%   196 7441s
 3311086 12705 infeasible  135        14.99993    0.00000   100%   196 7445s
 3314770 12661 infeasible  128        14.99993    0.00000   100%   196 7450s
 3316818 12651    0.00000  112  176   14.99993    0.00000   100%   196 7455s
 3320740 12603 infeasible  128        14.99993    0.00000   100%   196 7460s
 3324919 12544 infeasible  128        14.99993    0.00000   100%   196 7465s
 3328209 12510    0.00000  123  171   14.99993    0.00000   100%   196 7470s
 3333242 12482    0.00000  126  161   14.99993    0.00000   100%   196 7475s
 3334534 12437    0.00000  125  172   14.99993    0.00000   100%   196 7480s
 3338055 12449    0.00000  105  166   14.99993    0.00000   100%   196 7485s
 3342222 12420 infeasible  126        14.99993    0.00000   100%   196 7491s
 3344856 12396 infeasible  116        14.99993    0.00000   100%   196 7495s
 3347322 12376 infeasible  109        14.99993    0.00000   100%   196 7500s
 3350287 12367    0.00000  116  185   14.99993    0.00000   100%   196 7505s
 3352266 12351 infeasible  121        14.99993    0.00000   100%   196 7510s
 3355050 12346    0.00000  118   17   14.99993    0.00000   100%   196 7515s
 3357095 12350 infeasible  124        14.99993    0.00000   100%   196 7520s
 3359552 12333    0.00000  117  153   14.99993    0.00000   100%   196 7525s
 3360485 12329 infeasible  121        14.99993    0.00000   100%   196 7530s
 3360901 12336    0.00000  123  159   14.99993    0.00000   100%   196 7535s
 3362574 12306 infeasible  127        14.99993    0.00000   100%   196 7540s
 3365786 12371 infeasible  122        14.99993    0.00000   100%   196 7545s
 3368290 12418 infeasible  132        14.99993    0.00000   100%   196 7550s
 3371329 12366 infeasible  128        14.99993    0.00000   100%   196 7555s
 3373060 12317    0.00000   98   34   14.99993    0.00000   100%   196 7560s
 3375463 12275    0.00000  104  144   14.99993    0.00000   100%   196 7565s
 3377088 12247    0.00000  123  157   14.99993    0.00000   100%   196 7570s
 3379283 12184 infeasible   91        14.99993    0.00000   100%   196 7575s
 3382172 12197 infeasible   97        14.99993    0.00000   100%   196 7581s
 3384410 12177    0.00000  106   80   14.99993    0.00000   100%   196 7586s
 3386225 12155    0.00000  109   66   14.99993    0.00000   100%   196 7590s
 3387943 12155 infeasible   98        14.99993    0.00000   100%   196 7595s
 3391031 12231    0.00000  111  111   14.99993    0.00000   100%   196 7600s
 3393983 12198 infeasible  110        14.99993    0.00000   100%   196 7605s
 3395981 12205 infeasible  122        14.99993    0.00000   100%   196 7610s
 3396120 12136 infeasible  121        14.99993    0.00000   100%   196 7621s
 3403721 12161 infeasible  113        14.99993    0.00000   100%   196 7625s
 3406097 12163    0.00000  108  100   14.99993    0.00000   100%   196 7630s
 3406141 12171    0.00000  111   91   14.99993    0.00000   100%   196 7635s
 3406882 12151 infeasible  118        14.99993    0.00000   100%   196 7640s
 3409836 12129    0.00000  111  155   14.99993    0.00000   100%   196 7645s
 3412785 12100    0.00000  120  166   14.99993    0.00000   100%   196 7651s
 3415076 12071 infeasible   98        14.99993    0.00000   100%   196 7656s
 3416850 12068 infeasible  108        14.99993    0.00000   100%   196 7660s
 3420279 12105    0.00000   98   34   14.99993    0.00000   100%   196 7666s
 3422711 12184    0.00000  126  107   14.99993    0.00000   100%   196 7670s
 3425596 12308    0.00000  112  133   14.99993    0.00000   100%   196 7675s
 3427936 12411 infeasible  124        14.99993    0.00000   100%   196 7681s
 3431160 12391    0.00000  115   88   14.99993    0.00000   100%   196 7685s
 3434483 12460    0.00000  116  109   14.99993    0.00000   100%   195 7690s
 3438152 12512    0.00000  128   29   14.99993    0.00000   100%   195 7696s
 3441029 12525 infeasible  124        14.99993    0.00000   100%   195 7701s
 3443790 12507 infeasible  126        14.99993    0.00000   100%   195 7705s
 3445246 12461    0.00000  124  101   14.99993    0.00000   100%   195 7710s
 3448733 12368    0.00000  102  155   14.99993    0.00000   100%   195 7715s
 3452281 12188 infeasible  113        14.99993    0.00000   100%   195 7720s
 3455675 12112    0.00000  114   83   14.99993    0.00000   100%   195 7725s
 3456763 12054    0.00000  131  110   14.99993    0.00000   100%   195 7730s
 3459224 12024 infeasible  105        14.99993    0.00000   100%   195 7735s
 3462321 11953    0.00000  119  156   14.99993    0.00000   100%   195 7740s
 3465370 11948 infeasible   68        14.99993    0.00000   100%   195 7746s
 3467104 11902    0.00000  109   97   14.99993    0.00000   100%   195 7750s
 3469027 11929 infeasible   78        14.99993    0.00000   100%   195 7755s
 3469135 11944    0.00000   75  142   14.99993    0.00000   100%   195 7761s
 3471226 11954 infeasible   64        14.99993    0.00000   100%   195 7765s
 3474488 11939    0.00000   67  136   14.99993    0.00000   100%   195 7770s
 3477752 11915    0.00000   68   39   14.99993    0.00000   100%   195 7776s
 3480339 11905 infeasible   97        14.99993    0.00000   100%   195 7781s
 3483235 11892 infeasible   69        14.99993    0.00000   100%   195 7785s
 3486478 11901    0.00000  102  172   14.99993    0.00000   100%   195 7790s
 3489485 11865 infeasible  113        14.99993    0.00000   100%   195 7795s
 3491629 11857    0.00000   68    8   14.99993    0.00000   100%   195 7801s
 3494120 11870    0.00000  121   50   14.99993    0.00000   100%   195 7805s
 3498058 11796 infeasible   88        14.99993    0.00000   100%   195 7810s
 3501117 11780 infeasible   87        14.99993    0.00000   100%   195 7815s
 3503591 11766    0.00000   72  156   14.99993    0.00000   100%   195 7820s
 3506551 11796    0.00000   70  142   14.99993    0.00000   100%   195 7825s
 3509900 11761 infeasible   97        14.99993    0.00000   100%   195 7830s
 3512471 11709    0.00000   90  105   14.99993    0.00000   100%   195 7837s
 3514464 11712 infeasible  108        14.99993    0.00000   100%   195 7840s
 3515312 11711    0.00000   90  143   14.99993    0.00000   100%   195 7845s
 3516461 11673 infeasible   93        14.99993    0.00000   100%   195 7850s
 3519394 11658 infeasible   68        14.99993    0.00000   100%   195 7855s
 3522391 11647    0.00000   61   40   14.99993    0.00000   100%   195 7860s
 3524201 11605 infeasible   74        14.99993    0.00000   100%   195 7866s
 3526920 11598    0.00000   68   22   14.99993    0.00000   100%   195 7871s
 3529300 11591 infeasible   75        14.99993    0.00000   100%   195 7877s
 3530899 11579    0.00000   68    8   14.99993    0.00000   100%   195 7880s
 3532472 11580 infeasible   64        14.99993    0.00000   100%   195 7885s
 3535241 11542 infeasible   68        14.99993    0.00000   100%   195 7890s
 3536891 11521 infeasible   80        14.99993    0.00000   100%   195 7895s
 3538832 11514    0.00000   78   11   14.99993    0.00000   100%   195 7900s
 3539341 11505 infeasible   99        14.99993    0.00000   100%   195 7905s
 3541246 11531    0.00000   68   87   14.99993    0.00000   100%   195 7910s
 3543632 11494    0.00000   98   87   14.99993    0.00000   100%   195 7915s
 3545420 11529    0.00000   58   17   14.99993    0.00000   100%   195 7920s
 3548491 11539    0.00000   68    9   14.99993    0.00000   100%   195 7925s
 3550095 11536    0.00000   62  129   14.99993    0.00000   100%   195 7930s
 3552203 11546 infeasible   89        14.99993    0.00000   100%   195 7935s
 3555169 11603    0.00000   58    9   14.99993    0.00000   100%   195 7940s
 3557743 11723 infeasible   78        14.99993    0.00000   100%   195 7945s
 3560463 11753    0.00000   77  121   14.99993    0.00000   100%   194 7951s
 3562344 11773 infeasible   85        14.99993    0.00000   100%   194 7955s
 3566222 11861 infeasible   98        14.99993    0.00000   100%   194 7960s
 3568532 11903 infeasible   82        14.99993    0.00000   100%   194 7965s
 3572458 11960 infeasible   76        14.99993    0.00000   100%   194 7970s
 3575540 11985 infeasible   84        14.99993    0.00000   100%   194 7975s
 3578852 11924    0.00000   73  144   14.99993    0.00000   100%   194 7980s
 3582442 12007    0.00000   68  113   14.99993    0.00000   100%   194 7985s
 3585589 12007 infeasible   88        14.99993    0.00000   100%   194 7991s
 3587530 12053 infeasible   75        14.99993    0.00000   100%   194 7995s
 3587762 12063 infeasible   71        14.99993    0.00000   100%   194 8000s
 3591445 12088 infeasible   78        14.99993    0.00000   100%   194 8006s
 3593178 12093 infeasible   98        14.99993    0.00000   100%   194 8010s
 3597527 12039 infeasible   73        14.99993    0.00000   100%   194 8015s
 3601235 11987 infeasible   78        14.99993    0.00000   100%   194 8020s
 3604621 11889 infeasible   71        14.99993    0.00000   100%   194 8025s
 3607301 11910    0.00000   73  116   14.99993    0.00000   100%   194 8030s
 3610696 11883 infeasible  120        14.99993    0.00000   100%   194 8035s
 3614673 11861    0.00000   97  125   14.99993    0.00000   100%   194 8040s
 3617161 11826 infeasible   79        14.99993    0.00000   100%   194 8045s
 3620144 11784 infeasible   88        14.99993    0.00000   100%   193 8050s
 3622757 11784 infeasible   93        14.99993    0.00000   100%   193 8055s
 3627586 11774 infeasible   77        14.99993    0.00000   100%   193 8060s
 3630697 11796    0.00000   84  150   14.99993    0.00000   100%   193 8065s
 3634043 11759    0.00000   79  141   14.99993    0.00000   100%   193 8070s
 3637999 11701    0.00000   83  147   14.99993    0.00000   100%   193 8075s
 3640865 11755 infeasible   88        14.99993    0.00000   100%   193 8080s
 3643722 11739 infeasible   81        14.99993    0.00000   100%   193 8085s
 3646502 11679 infeasible   63        14.99993    0.00000   100%   193 8091s
 3647236 11691    0.00000   68    6   14.99993    0.00000   100%   193 8096s
 3649081 11691 infeasible   69        14.99993    0.00000   100%   193 8101s
 3651554 11626 infeasible   74        14.99993    0.00000   100%   193 8105s
 3654102 11595 infeasible   68        14.99993    0.00000   100%   193 8110s
 3657059 11598 infeasible   58        14.99993    0.00000   100%   193 8116s
 3659772 11561    0.00000   75   91   14.99993    0.00000   100%   193 8120s
 3661845 11617 infeasible   77        14.99993    0.00000   100%   193 8125s
 3665704 11623    0.00000   78  106   14.99993    0.00000   100%   193 8131s
 3667705 11647    0.00000   76  147   14.99993    0.00000   100%   193 8135s
 3669774 11675 infeasible   76        14.99993    0.00000   100%   193 8140s
 3672000 11764 infeasible   78        14.99993    0.00000   100%   193 8146s
 3673854 11820    0.00000   67  124   14.99993    0.00000   100%   193 8150s
 3676555 11889 infeasible   68        14.99993    0.00000   100%   193 8155s
 3679786 11909    0.00000   60   23   14.99993    0.00000   100%   193 8161s
 3680863 11947 infeasible   63        14.99993    0.00000   100%   193 8166s
 3683441 11983 infeasible   87        14.99993    0.00000   100%   193 8171s
 3684854 12010 infeasible   77        14.99993    0.00000   100%   193 8175s
 3687078 12107 infeasible   80        14.99993    0.00000   100%   193 8180s
 3688453 12125 infeasible   65        14.99993    0.00000   100%   193 8186s
 3689492 12176 infeasible   98        14.99993    0.00000   100%   193 8191s
 3692221 12197 infeasible   77        14.99993    0.00000   100%   193 8196s
 3695059 12204    0.00000   82  151   14.99993    0.00000   100%   193 8200s
 3697317 12199    0.00000   63  140   14.99993    0.00000   100%   193 8205s
 3701318 12220    0.00000   97   99   14.99993    0.00000   100%   193 8211s
 3701966 12274 infeasible   75        14.99993    0.00000   100%   193 8215s
 3705666 12273    0.00000  104  141   14.99993    0.00000   100%   193 8220s
 3708222 12263 infeasible   76        14.99993    0.00000   100%   193 8225s
 3710727 12341 infeasible   98        14.99993    0.00000   100%   193 8231s
 3712906 12320 infeasible   91        14.99993    0.00000   100%   193 8235s
 3715851 12366 infeasible   79        14.99993    0.00000   100%   193 8241s
 3717559 12385    0.00000   69  181   14.99993    0.00000   100%   193 8245s
 3719998 12492    0.00000   74  134   14.99993    0.00000   100%   193 8250s
 3722606 12496 infeasible  102        14.99993    0.00000   100%   193 8255s
 3725404 12496    0.00000  104  159   14.99993    0.00000   100%   193 8261s
 3727896 12459    0.00000   62  181   14.99993    0.00000   100%   193 8266s
 3729922 12449 infeasible   78        14.99993    0.00000   100%   193 8271s
 3731762 12457    0.00000   95  126   14.99993    0.00000   100%   193 8276s
 3731799 12480    0.00000   97  124   14.99993    0.00000   100%   193 8280s
 3732345 12447    0.00000   79   30   14.99993    0.00000   100%   193 8290s
 3736318 12488 infeasible   91        14.99993    0.00000   100%   193 8295s
 3738722 12499 infeasible   72        14.99993    0.00000   100%   193 8301s
 3740672 12460 infeasible   98        14.99993    0.00000   100%   193 8306s
 3742739 12505 infeasible   81        14.99993    0.00000   100%   193 8310s
 3744575 12580    0.00000   66   93   14.99993    0.00000   100%   193 8315s
 3746866 12573 infeasible   85        14.99993    0.00000   100%   193 8320s
 3749303 12570 infeasible   75        14.99993    0.00000   100%   193 8325s
 3751893 12690    0.00000   75  198   14.99993    0.00000   100%   193 8330s
 3754300 12740 infeasible   72        14.99993    0.00000   100%   193 8335s
 3756368 12716    0.00000   65  106   14.99993    0.00000   100%   193 8340s
 3758185 12711    0.00000   71   21   14.99993    0.00000   100%   193 8346s
 3760597 12737 infeasible   84        14.99993    0.00000   100%   193 8351s
 3761748 12732    0.00000   67    4   14.99993    0.00000   100%   193 8355s
 3763350 12676 infeasible   98        14.99993    0.00000   100%   193 8360s
 3763391 12683    0.00000   74  139   14.99993    0.00000   100%   193 8365s
 3764777 12665 infeasible   78        14.99993    0.00000   100%   193 8371s
 3766183 12643 infeasible   77        14.99993    0.00000   100%   193 8377s
 3768833 12627 infeasible   75        14.99993    0.00000   100%   193 8381s
 3770035 12605 infeasible   96        14.99993    0.00000   100%   193 8385s
 3772974 12613 infeasible   91        14.99993    0.00000   100%   193 8390s
 3775081 12710    0.00000   76  198   14.99993    0.00000   100%   193 8396s
 3777097 12703 infeasible   88        14.99993    0.00000   100%   193 8400s
 3779112 12647 infeasible   97        14.99993    0.00000   100%   193 8406s
 3781633 12602    0.00000   84  146   14.99993    0.00000   100%   193 8411s
 3783270 12583 infeasible   77        14.99993    0.00000   100%   193 8415s
 3785609 12578 infeasible   79        14.99993    0.00000   100%   193 8420s
 3788428 12543    0.00000   70   36   14.99993    0.00000   100%   193 8425s
 3790768 12556    0.00000   87    6   14.99993    0.00000   100%   193 8431s
 3792313 12567    0.00000   80  153   14.99993    0.00000   100%   193 8435s
 3795108 12528 infeasible  100        14.99993    0.00000   100%   193 8441s
 3797672 12502    0.00000   71   49   14.99993    0.00000   100%   193 8446s
 3798466 12444 infeasible   78        14.99993    0.00000   100%   193 8450s
 3801296 12489 infeasible  100        14.99993    0.00000   100%   193 8455s
 3803513 12470 infeasible   85        14.99993    0.00000   100%   193 8460s
 3805393 12517 infeasible   90        14.99993    0.00000   100%   193 8466s
 3805717 12541    0.00000   93  182   14.99993    0.00000   100%   193 8471s
 3807298 12544    0.00000   78   13   14.99993    0.00000   100%   193 8475s
 3810574 12534 infeasible   75        14.99993    0.00000   100%   193 8480s
 3812970 12543 infeasible   88        14.99993    0.00000   100%   193 8485s
 3814576 12543 infeasible   95        14.99993    0.00000   100%   193 8490s
 3817004 12553    0.00000   97   67   14.99993    0.00000   100%   193 8495s
 3820803 12541    0.00000   89  103   14.99993    0.00000   100%   193 8501s
 3823225 12479    0.00000   88    6   14.99993    0.00000   100%   193 8505s
 3825787 12484 infeasible   88        14.99993    0.00000   100%   193 8510s
 3827945 12436    0.00000   82  132   14.99993    0.00000   100%   193 8515s
 3830764 12415 infeasible   88        14.99993    0.00000   100%   193 8521s
 3833206 12368 infeasible   98        14.99993    0.00000   100%   193 8526s
 3835801 12365    0.00000   97    5   14.99993    0.00000   100%   193 8531s
 3837497 12389    0.00000   86  158   14.99993    0.00000   100%   193 8535s
 3840372 12434 infeasible   78        14.99993    0.00000   100%   193 8540s
 3842355 12420 infeasible   95        14.99993    0.00000   100%   193 8545s
 3844701 12400    0.00000   75   96   14.99993    0.00000   100%   193 8550s
 3846342 12383    0.00000   81   97   14.99993    0.00000   100%   193 8555s
 3846485 12375 infeasible   83        14.99993    0.00000   100%   193 8561s
 3847819 12358 infeasible   84        14.99993    0.00000   100%   193 8565s
 3849826 12332 infeasible   91        14.99993    0.00000   100%   193 8571s
 3851730 12340 infeasible   84        14.99993    0.00000   100%   193 8577s
 3853284 12364 infeasible   87        14.99993    0.00000   100%   194 8580s
 3855347 12348 infeasible   78        14.99993    0.00000   100%   194 8586s
 3857321 12352    0.00000   87    8   14.99993    0.00000   100%   194 8590s
 3859977 12388    0.00000   67   14   14.99993    0.00000   100%   194 8596s
 3861737 12406 infeasible   88        14.99993    0.00000   100%   194 8601s
 3862467 12406    0.00000   79  148   14.99993    0.00000   100%   194 8605s
 3864964 12412    0.00000   78   35   14.99993    0.00000   100%   194 8611s
 3867441 12421 infeasible   86        14.99993    0.00000   100%   194 8616s
 3868824 12434 infeasible   88        14.99993    0.00000   100%   194 8620s
 3870781 12473    0.00000   75   31   14.99993    0.00000   100%   194 8626s
 3872460 12490    0.00000   81  117   14.99993    0.00000   100%   194 8630s
 3875201 12477 infeasible   88        14.99993    0.00000   100%   194 8635s
 3876291 12493 infeasible   79        14.99993    0.00000   100%   194 8642s
 3876354 12508 infeasible   78        14.99993    0.00000   100%   194 8646s
 3877871 12481    0.00000   86  133   14.99993    0.00000   100%   194 8650s
 3879448 12443 infeasible   99        14.99993    0.00000   100%   194 8656s
 3881373 12435 infeasible  105        14.99993    0.00000   100%   194 8661s
 3883090 12395 infeasible   96        14.99993    0.00000   100%   194 8665s
 3884784 12376 infeasible   98        14.99993    0.00000   100%   194 8671s
 3886750 12384 infeasible   82        14.99993    0.00000   100%   194 8675s
 3889862 12364    0.00000   76  111   14.99993    0.00000   100%   194 8680s
 3893361 12334    0.00000   73  164   14.99993    0.00000   100%   194 8685s
 3895921 12278 infeasible  112        14.99993    0.00000   100%   194 8690s
 3897445 12286 infeasible   91        14.99993    0.00000   100%   194 8695s
 3899882 12261    0.00000  111  167   14.99993    0.00000   100%   194 8701s
 3901440 12247 infeasible   79        14.99993    0.00000   100%   194 8705s
 3903679 12212 infeasible   98        14.99993    0.00000   100%   194 8710s
 3905740 12208    0.00000   78   25   14.99993    0.00000   100%   194 8716s
 3907771 12197 infeasible   73        14.99993    0.00000   100%   194 8720s
 3908069 12205    0.00000   78   95   14.99993    0.00000   100%   194 8726s
 3909254 12226 infeasible   80        14.99993    0.00000   100%   194 8730s
 3911718 12295 infeasible   80        14.99993    0.00000   100%   194 8736s
 3913577 12330    0.00000  100  121   14.99993    0.00000   100%   194 8741s
 3915632 12360    0.00000   75  111   14.99993    0.00000   100%   194 8745s
 3918450 12452    0.00000   97  138   14.99993    0.00000   100%   194 8750s
 3920862 12459 infeasible   88        14.99993    0.00000   100%   194 8755s
 3923815 12522 infeasible   98        14.99993    0.00000   100%   194 8760s
 3927045 12634    0.00000   93  112   14.99993    0.00000   100%   194 8765s
 3929215 12650    0.00000   77   78   14.99993    0.00000   100%   194 8770s
 3932940 12629 infeasible   69        14.99993    0.00000   100%   194 8775s
 3936836 12562    0.00000   88   13   14.99993    0.00000   100%   194 8780s
 3940131 12560    0.00000   92  122   14.99993    0.00000   100%   194 8786s
 3942799 12551 infeasible   78        14.99993    0.00000   100%   194 8790s
 3945173 12518    0.00000   79  117   14.99993    0.00000   100%   194 8795s
 3947840 12463 infeasible   80        14.99993    0.00000   100%   194 8801s
 3949043 12390 infeasible   98        14.99993    0.00000   100%   194 8805s
 3950399 12404 infeasible   79        14.99993    0.00000   100%   194 8811s
 3950724 12398    0.00000   84   88   14.99993    0.00000   100%   194 8815s
 3953418 12417    0.00000   84  109   14.99993    0.00000   100%   194 8821s
 3955554 12416    0.00000   98   44   14.99993    0.00000   100%   194 8825s
 3958381 12430    0.00000   97    9   14.99993    0.00000   100%   194 8830s
 3961500 12407 infeasible   88        14.99993    0.00000   100%   194 8835s
 3964720 12316 infeasible   98        14.99993    0.00000   100%   194 8840s
 3967346 12291 infeasible   97        14.99993    0.00000   100%   194 8845s
 3970217 12308     cutoff  118        14.99993    0.00000   100%   194 8850s
 3973750 12305    0.00000   98    4   14.99993    0.00000   100%   194 8855s
 3977373 12255    0.00000   61  149   14.99993    0.00000   100%   194 8860s
 3978881 12260    0.00000   72  107   14.99993    0.00000   100%   194 8866s
 3982036 12275    0.00000   99  195   14.99993    0.00000   100%   194 8870s
 3985490 12197    0.00000   87  186   14.99993    0.00000   100%   194 8875s
 3988006 12194 infeasible  115        14.99993    0.00000   100%   194 8880s
 3990645 12167    0.00000   79   24   14.99993    0.00000   100%   194 8885s
 3993817 12183    0.00000   79   50   14.99993    0.00000   100%   194 8891s
 3995047 12170    0.00000   97   87   14.99993    0.00000   100%   194 8895s
 3995412 12165 infeasible   98        14.99993    0.00000   100%   194 8901s
 3998233 12218    0.00000   78    4   14.99993    0.00000   100%   194 8905s
 4000135 12280    0.00000   73   85   14.99993    0.00000   100%   194 8910s
 4002444 12281 infeasible   72        14.99993    0.00000   100%   194 8915s
 4005436 12260 infeasible   81        14.99993    0.00000   100%   194 8921s
 4008022 12269    0.00000   77  109   14.99993    0.00000   100%   194 8926s
 4009716 12266 infeasible   83        14.99993    0.00000   100%   194 8930s
 4011963 12252    0.00000   87  109   14.99993    0.00000   100%   194 8936s
 4013886 12278 infeasible   81        14.99993    0.00000   100%   194 8940s
 4016588 12313 infeasible   84        14.99993    0.00000   100%   194 8945s
 4018998 12332 infeasible  101        14.99993    0.00000   100%   194 8951s
 4021203 12339 infeasible   88        14.99993    0.00000   100%   194 8956s
 4022087 12341 infeasible   78        14.99993    0.00000   100%   194 8960s
 4025297 12342    0.00000   78   40   14.99993    0.00000   100%   194 8965s
 4026896 12348    0.00000   79   16   14.99993    0.00000   100%   194 8971s
 4027261 12342    0.00000   77  137   14.99993    0.00000   100%   194 8975s
 4029039 12341 infeasible   81        14.99993    0.00000   100%   194 8980s
 4031879 12324 infeasible   80        14.99993    0.00000   100%   194 8987s
 4033552 12311    0.00000   78   41   14.99993    0.00000   100%   194 8991s
 4035610 12320 infeasible   94        14.99993    0.00000   100%   194 8995s
 4037680 12309    0.00000   86  100   14.99993    0.00000   100%   194 9001s
 4039653 12300    0.00000   77  106   14.99993    0.00000   100%   194 9005s
 4041280 12286    0.00000   85  122   14.99993    0.00000   100%   194 9010s
 4043091 12254    0.00000   77   96   14.99993    0.00000   100%   194 9016s
 4044967 12223 infeasible   83        14.99993    0.00000   100%   195 9020s
 4047675 12217 infeasible   88        14.99993    0.00000   100%   195 9026s
 4048911 12196 infeasible   68        14.99993    0.00000   100%   195 9030s
 4051707 12141    0.00000   67    5   14.99993    0.00000   100%   195 9036s
 4053514 12148    0.00000   79  102   14.99993    0.00000   100%   195 9041s
 4053627 12149    0.00000   80  108   14.99993    0.00000   100%   195 9045s
 4055139 12137    0.00000   77    4   14.99993    0.00000   100%   195 9051s
 4056450 12157    0.00000   78   86   14.99993    0.00000   100%   195 9055s
 4059025 12122    0.00000   71  109   14.99993    0.00000   100%   195 9060s
 4061499 12175    0.00000   77   92   14.99993    0.00000   100%   195 9065s
 4063034 12178 infeasible   84        14.99993    0.00000   100%   195 9070s
 4065270 12159 infeasible   74        14.99993    0.00000   100%   195 9076s
 4067967 12148    0.00000   80  133   14.99993    0.00000   100%   195 9081s
 4070602 12096 infeasible   82        14.99993    0.00000   100%   195 9086s
 4072276 12061 infeasible  115        14.99993    0.00000   100%   195 9091s
 4074367 12055    0.00000   89  151   14.99993    0.00000   100%   195 9095s
 4075946 12056 infeasible   98        14.99993    0.00000   100%   195 9100s
 4077843 12045    0.00000   78  112   14.99993    0.00000   100%   195 9106s
 4080151 12038 infeasible   85        14.99993    0.00000   100%   195 9111s
 4081045 12034 infeasible   81        14.99993    0.00000   100%   195 9115s
 4081319 12050    0.00000   75  131   14.99993    0.00000   100%   195 9120s
 4083587 12009 infeasible   86        14.99993    0.00000   100%   195 9126s
 4085376 12046 infeasible   79        14.99993    0.00000   100%   195 9130s
 4087445 11975    0.00000   85  130   14.99993    0.00000   100%   195 9136s
 4089298 11964    0.00000   68   97   14.99993    0.00000   100%   195 9141s
 4090626 11972 infeasible   81        14.99993    0.00000   100%   195 9145s
 4093647 11938 infeasible   78        14.99993    0.00000   100%   195 9150s
 4096048 11920 infeasible   81        14.99993    0.00000   100%   195 9155s
 4097342 11898    0.00000   77  104   14.99993    0.00000   100%   195 9160s
 4099749 11884 infeasible   75        14.99993    0.00000   100%   195 9165s
 4102324 11822    0.00000   63  104   14.99993    0.00000   100%   195 9170s
 4105001 11856 infeasible   83        14.99993    0.00000   100%   195 9176s
 4106533 11879    0.00000   78   64   14.99993    0.00000   100%   195 9180s
 4108248 11893    0.00000   69  106   14.99993    0.00000   100%   195 9185s
 4109971 11914    0.00000   91   63   14.99993    0.00000   100%   195 9190s
 4110371 11901 infeasible   86        14.99993    0.00000   100%   195 9196s
 4111550 11853 infeasible   85        14.99993    0.00000   100%   195 9201s
 4113487 11873    0.00000   88  130   14.99993    0.00000   100%   195 9205s
 4115876 11838    0.00000   82   78   14.99993    0.00000   100%   195 9211s
 4117862 11822    0.00000   71  136   14.99993    0.00000   100%   195 9215s
 4120623 11808    0.00000   88  121   14.99993    0.00000   100%   195 9220s
 4121448 11812 infeasible   79        14.99993    0.00000   100%   195 9225s
 4124389 11811 infeasible   86        14.99993    0.00000   100%   195 9231s
 4126604 11783 infeasible   88        14.99993    0.00000   100%   195 9236s
 4127479 11748    0.00000   78   48   14.99993    0.00000   100%   195 9240s
 4130180 11748    0.00000   68   19   14.99993    0.00000   100%   195 9245s
 4132504 11758 infeasible   74        14.99993    0.00000   100%   195 9250s
 4134146 11806 infeasible   79        14.99993    0.00000   100%   195 9256s
 4135903 11828    0.00000   92   74   14.99993    0.00000   100%   195 9260s
 4138295 11869    0.00000   65  169   14.99993    0.00000   100%   195 9265s
 4140131 11843 infeasible   86        14.99993    0.00000   100%   195 9270s
 4142488 11865    0.00000   77   80   14.99993    0.00000   100%   195 9275s
 4142538 11882    0.00000   79   90   14.99993    0.00000   100%   195 9280s
 4143309 11957 infeasible   80        14.99993    0.00000   100%   195 9285s
 4145687 12032    0.00000   78   30   14.99993    0.00000   100%   195 9291s
 4147132 12078 infeasible   81        14.99993    0.00000   100%   196 9296s
 4148995 12180    0.00000   77  102   14.99993    0.00000   100%   196 9300s
 4150630 12261 infeasible   82        14.99993    0.00000   100%   196 9305s
 4152259 12390 infeasible   80        14.99993    0.00000   100%   196 9312s
 4153544 12406    0.00000   75   79   14.99993    0.00000   100%   196 9315s
 4156719 12493    0.00000   72   74   14.99993    0.00000   100%   196 9321s
 4158194 12521 infeasible   74        14.99993    0.00000   100%   196 9326s
 4159880 12575    0.00000   70   34   14.99993    0.00000   100%   196 9330s
 4161792 12602    0.00000   89   18   14.99993    0.00000   100%   196 9336s
 4163511 12638 infeasible   87        14.99993    0.00000   100%   196 9340s
 4166079 12674    0.00000   84  150   14.99993    0.00000   100%   196 9346s
 4167762 12704 infeasible   74        14.99993    0.00000   100%   196 9350s
 4169936 12734 infeasible   84        14.99993    0.00000   100%   196 9356s
 4171527 12760 infeasible   79        14.99993    0.00000   100%   196 9360s
 4171613 12753 infeasible   79        14.99993    0.00000   100%   196 9365s
 4172775 12790 infeasible   97        14.99993    0.00000   100%   196 9371s
 4175075 12827    0.00000   70  145   14.99993    0.00000   100%   196 9375s
 4177001 12841    0.00000   71  175   14.99993    0.00000   100%   196 9381s
 4179055 12826    0.00000   79   28   14.99993    0.00000   100%   196 9385s
 4181843 12814    0.00000   78   20   14.99993    0.00000   100%   196 9391s
 4182092 12824 infeasible   69        14.99993    0.00000   100%   196 9396s
 4185864 12785 infeasible   70        14.99993    0.00000   100%   196 9400s
 4187445 12755 infeasible   79        14.99993    0.00000   100%   196 9405s
 4190034 12797 infeasible   84        14.99993    0.00000   100%   196 9410s
 4192710 12810 infeasible   86        14.99993    0.00000   100%   196 9415s
 4194872 12745    0.00000   81  118   14.99993    0.00000   100%   196 9420s
 4197542 12688 infeasible   96        14.99993    0.00000   100%   196 9426s
 4199466 12628    0.00000   77   81   14.99993    0.00000   100%   196 9431s
 4201396 12635 infeasible   76        14.99993    0.00000   100%   196 9435s
 4201610 12652    0.00000   66   83   14.99993    0.00000   100%   196 9441s
 4203459 12638 infeasible   90        14.99993    0.00000   100%   196 9446s
 4205220 12625 infeasible   76        14.99993    0.00000   100%   196 9450s
 4207402 12617 infeasible   98        14.99993    0.00000   100%   196 9455s
 4209799 12587 infeasible   93        14.99993    0.00000   100%   196 9461s
 4211824 12600 infeasible   84        14.99993    0.00000   100%   196 9465s
 4214671 12610    0.00000   81   82   14.99993    0.00000   100%   196 9470s
 4216890 12667    0.00000   77  109   14.99993    0.00000   100%   196 9476s
 4219648 12749 infeasible   84        14.99993    0.00000   100%   196 9480s
 4221035 12780 infeasible   91        14.99993    0.00000   100%   196 9485s
 4223903 12878    0.00000   75   84   14.99993    0.00000   100%   196 9490s
 4227571 12933 infeasible   98        14.99993    0.00000   100%   196 9496s
 4229692 12978 infeasible   80        14.99993    0.00000   100%   196 9500s
 4232760 12991    0.00000   88  135   14.99993    0.00000   100%   196 9505s
 4236196 13075    0.00000   82  142   14.99993    0.00000   100%   196 9510s
 4238217 13085 infeasible   84        14.99993    0.00000   100%   196 9515s
 4238669 13154    0.00000   86   79   14.99993    0.00000   100%   196 9520s
 4242461 13223    0.00000   94  128   14.99993    0.00000   100%   196 9525s
 4245743 13273 infeasible   82        14.99993    0.00000   100%   196 9530s
 4249546 13291    0.00000   96  159   14.99993    0.00000   100%   196 9535s
 4252960 13382    0.00000   80  162   14.99993    0.00000   100%   196 9540s
 4256873 13436 infeasible   93        14.99993    0.00000   100%   196 9545s
 4259938 13443 infeasible   93        14.99993    0.00000   100%   196 9550s
 4263948 13499    0.00000  107  112   14.99993    0.00000   100%   196 9555s
 4266680 13479    0.00000   98  115   14.99993    0.00000   100%   196 9560s
 4270476 13410 infeasible   99        14.99993    0.00000   100%   196 9565s
 4275265 13446    0.00000   97  120   14.99993    0.00000   100%   196 9570s
 4277842 13408 infeasible  104        14.99993    0.00000   100%   196 9575s
 4280216 13362 infeasible   88        14.99993    0.00000   100%   196 9581s
 4283409 13316 infeasible   98        14.99993    0.00000   100%   196 9586s
 4285997 13313 infeasible   91        14.99993    0.00000   100%   196 9590s
 4289132 13324 infeasible   86        14.99993    0.00000   100%   196 9595s
 4292460 13287 infeasible   98        14.99993    0.00000   100%   196 9600s
 4294097 13258 infeasible   91        14.99993    0.00000   100%   196 9605s
 4298198 13182 infeasible   90        14.99993    0.00000   100%   196 9610s
 4299966 13170    0.00000   86  109   14.99993    0.00000   100%   196 9615s
 4300019 13177    0.00000   89  100   14.99993    0.00000   100%   196 9621s
 4301157 13130 infeasible   92        14.99993    0.00000   100%   196 9626s
 4303222 13120 infeasible   91        14.99993    0.00000   100%   196 9630s
 4306530 13069    0.00000   81  121   14.99993    0.00000   100%   195 9635s
 4309606 13030 infeasible   75        14.99993    0.00000   100%   195 9640s
 4313013 13009 infeasible   83        14.99993    0.00000   100%   195 9645s
 4315555 12963    0.00000  101  137   14.99993    0.00000   100%   195 9650s
 4318836 12965    0.00000   87    4   14.99993    0.00000   100%   195 9655s
 4321032 12930 infeasible  100        14.99993    0.00000   100%   195 9660s
 4323844 12859 infeasible   76        14.99993    0.00000   100%   195 9665s
 4326113 12873 infeasible  108        14.99993    0.00000   100%   195 9670s
 4328966 12788 infeasible   88        14.99993    0.00000   100%   195 9675s
 4331705 12732 infeasible   78        14.99993    0.00000   100%   195 9680s
 4333341 12771 infeasible   96        14.99993    0.00000   100%   195 9685s
 4335919 12695 infeasible   92        14.99993    0.00000   100%   195 9690s
 4338425 12691 infeasible   82        14.99993    0.00000   100%   195 9695s
 4340811 12651 infeasible   98        14.99993    0.00000   100%   195 9701s
 4343442 12661 infeasible   84        14.99993    0.00000   100%   195 9706s
 4346386 12680    0.00000   87   65   14.99993    0.00000   100%   195 9710s
 4349502 12754 infeasible   99        14.99993    0.00000   100%   195 9715s
 4352057 12726 infeasible   98        14.99993    0.00000   100%   195 9720s
 4355250 12773    0.00000   91  138   14.99993    0.00000   100%   195 9725s
 4356581 12792    0.00000  102   77   14.99993    0.00000   100%   195 9731s
 4357152 12804    0.00000  100  121   14.99993    0.00000   100%   195 9736s
 4358859 12888 infeasible   88        14.99993    0.00000   100%   195 9740s
 4362154 12957 infeasible   98        14.99993    0.00000   100%   195 9746s
 4364865 12927 infeasible   86        14.99993    0.00000   100%   195 9751s
 4366956 12942    0.00000   92  150   14.99993    0.00000   100%   195 9756s
 4369722 12955 infeasible   85        14.99993    0.00000   100%   195 9760s
 4371616 13000    0.00000  101  118   14.99993    0.00000   100%   195 9765s
 4374207 12949    0.00000   92   41   14.99993    0.00000   100%   195 9770s
 4377850 12946 infeasible  103        14.99993    0.00000   100%   195 9776s
 4379748 12956 infeasible   98        14.99993    0.00000   100%   195 9781s
 4382571 12947    0.00000   88    8   14.99993    0.00000   100%   195 9785s
 4384803 12936    0.00000   98   18   14.99993    0.00000   100%   195 9791s
 4387344 12955    0.00000   95  160   14.99993    0.00000   100%   195 9796s
 4389352 12968    0.00000   95  112   14.99993    0.00000   100%   195 9800s
 4392098 12947    0.00000   88   20   14.99993    0.00000   100%   195 9805s
 4393912 12939 infeasible  100        14.99993    0.00000   100%   195 9810s
 4396824 12952    0.00000  110  139   14.99993    0.00000   100%   195 9816s
 4398560 12957    0.00000  102  130   14.99993    0.00000   100%   195 9821s
 4400481 12953 infeasible   89        14.99993    0.00000   100%   195 9825s
 4403601 12974 infeasible  105        14.99993    0.00000   100%   195 9831s
 4405662 12971    0.00000   84   79   14.99993    0.00000   100%   195 9835s
 4407514 12954    0.00000   97   95   14.99993    0.00000   100%   195 9841s
 4408072 12969 infeasible   99        14.99993    0.00000   100%   195 9845s
 4410597 12911 infeasible   97        14.99993    0.00000   100%   195 9851s
 4412228 12871 infeasible  102        14.99993    0.00000   100%   195 9855s
 4414949 12848    0.00000   91  173   14.99993    0.00000   100%   195 9861s
 4417715 12778 infeasible   88        14.99993    0.00000   100%   195 9865s
 4420682 12673    0.00000   76   94   14.99993    0.00000   100%   195 9870s
 4423508 12642    0.00000  103  118   14.99993    0.00000   100%   195 9876s
 4426077 12669    0.00000   78  162   14.99993    0.00000   100%   195 9880s
 4429083 12659    0.00000   82   59   14.99993    0.00000   100%   195 9886s
 4431074 12653 infeasible   98        14.99993    0.00000   100%   195 9890s
 4433522 12647 infeasible   79        14.99993    0.00000   100%   195 9896s
 4434930 12686 infeasible   92        14.99993    0.00000   100%   195 9900s
 4439970 12725 infeasible   86        14.99993    0.00000   100%   195 9905s
 4444043 12793 infeasible   98        14.99993    0.00000   100%   195 9910s
 4448215 12896    0.00000  100  123   14.99993    0.00000   100%   195 9915s
 4450549 12909    0.00000  104  130   14.99993    0.00000   100%   195 9920s
 4451865 12892    0.00000   89  131   14.99993    0.00000   100%   195 9925s
 4453927 12955 infeasible   98        14.99993    0.00000   100%   195 9930s
 4458182 13015 infeasible   81        14.99993    0.00000   100%   194 9936s
 4461390 13059 infeasible   98        14.99993    0.00000   100%   194 9940s
 4464509 13048 infeasible   99        14.99993    0.00000   100%   194 9945s
 4469929 13140 infeasible  101        14.99993    0.00000   100%   194 9950s
 4474859 13144 infeasible   98        14.99993    0.00000   100%   194 9955s
 4478207 13109 infeasible  107        14.99993    0.00000   100%   194 9960s
 4483596 13167 infeasible  101        14.99993    0.00000   100%   194 9965s
 4487689 13160 infeasible   99        14.99993    0.00000   100%   194 9970s
 4491098 13196 infeasible   98        14.99993    0.00000   100%   194 9975s
 4494637 13224 infeasible   99        14.99993    0.00000   100%   194 9980s
 4498316 13284    0.00000   97  113   14.99993    0.00000   100%   194 9985s
 4501602 13350 infeasible   95        14.99993    0.00000   100%   194 9990s
 4505040 13384    0.00000   94  135   14.99993    0.00000   100%   194 9995s
 4506032 13384    0.00000   97    4   14.99993    0.00000   100%   194 10000s
 4506062 13386 infeasible   93        14.99993    0.00000   100%   194 10005s
 4506609 13411    0.00000  100   31   14.99993    0.00000   100%   194 10010s
 4508807 13398 infeasible   98        14.99993    0.00000   100%   193 10015s
 4513416 13345 infeasible   96        14.99993    0.00000   100%   193 10020s
 4518387 13302    0.00000   86  124   14.99993    0.00000   100%   193 10025s
 4522017 13263    0.00000   97    4   14.99993    0.00000   100%   193 10030s
 4525881 13171    0.00000   94  140   14.99993    0.00000   100%   193 10035s
 4528852 13135    0.00000  104  104   14.99993    0.00000   100%   193 10040s
 4533016 13075 infeasible   98        14.99993    0.00000   100%   193 10045s
 4537960 13022 infeasible  111        14.99993    0.00000   100%   193 10050s
 4542075 13014 infeasible  106        14.99993    0.00000   100%   193 10055s
 4544885 12978    0.00000   85  105   14.99993    0.00000   100%   193 10060s
 4548147 12985    0.00000   90  128   14.99993    0.00000   100%   193 10065s
 4551881 12987 infeasible  105        14.99993    0.00000   100%   193 10070s
 4557399 12948 infeasible   98        14.99993    0.00000   100%   193 10075s
 4560734 12894 infeasible   94        14.99993    0.00000   100%   193 10081s
 4564731 12873 infeasible   88        14.99993    0.00000   100%   192 10085s
 4568570 12822    0.00000   90  117   14.99993    0.00000   100%   192 10090s
 4571900 12773 infeasible   98        14.99993    0.00000   100%   192 10095s
 4575232 12750    0.00000   96  123   14.99993    0.00000   100%   192 10101s
 4578290 12776 infeasible   98        14.99993    0.00000   100%   192 10105s
 4584205 12721 infeasible  100        14.99993    0.00000   100%   192 10110s
 4587086 12739    0.00000   87    5   14.99993    0.00000   100%   192 10115s
 4591754 12734 infeasible   84        14.99993    0.00000   100%   192 10120s
 4596871 12647 infeasible   92        14.99993    0.00000   100%   192 10125s
 4599483 12633 infeasible   85        14.99993    0.00000   100%   192 10130s
 4603698 12675    0.00000   90  103   14.99993    0.00000   100%   192 10135s
 4607287 12634    0.00000   90  137   14.99993    0.00000   100%   192 10140s
 4610553 12634 infeasible   89        14.99993    0.00000   100%   192 10145s
 4613839 12519 infeasible   88        14.99993    0.00000   100%   192 10151s
 4615187 12539 infeasible   78        14.99993    0.00000   100%   192 10155s
 4615306 12541 infeasible   78        14.99993    0.00000   100%   192 10160s
 4616470 12520 infeasible   83        14.99993    0.00000   100%   192 10166s
 4619812 12495    0.00000   95  114   14.99993    0.00000   100%   192 10171s
 4622403 12466    0.00000   80  104   14.99993    0.00000   100%   192 10175s
 4623886 12476    0.00000   73  136   14.99993    0.00000   100%   192 10180s
 4627335 12436 infeasible   80        14.99993    0.00000   100%   192 10185s
 4629561 12445 infeasible   88        14.99993    0.00000   100%   192 10190s
 4632795 12426 infeasible   86        14.99993    0.00000   100%   192 10195s
 4634970 12392 infeasible   69        14.99993    0.00000   100%   192 10200s
 4637633 12441 infeasible   74        14.99993    0.00000   100%   192 10206s
 4639804 12433    0.00000   77  120   14.99993    0.00000   100%   192 10211s
 4640964 12446    0.00000   67   93   14.99993    0.00000   100%   192 10215s
 4643832 12508 infeasible   77        14.99993    0.00000   100%   192 10221s
 4645526 12480 infeasible   79        14.99993    0.00000   100%   192 10226s
 4647069 12530    0.00000   84  116   14.99993    0.00000   100%   192 10230s
 4649686 12515    0.00000   77  149   14.99993    0.00000   100%   192 10235s
 4651321 12512 infeasible   94        14.99993    0.00000   100%   192 10240s
 4654269 12546 infeasible   98        14.99993    0.00000   100%   192 10246s
 4656370 12552    0.00000   82  128   14.99993    0.00000   100%   192 10251s
 4659094 12539 infeasible   78        14.99993    0.00000   100%   192 10256s
 4661130 12581 infeasible   85        14.99993    0.00000   100%   192 10260s
 4661612 12564 infeasible   84        14.99993    0.00000   100%   192 10267s
 4661923 12632 infeasible   81        14.99993    0.00000   100%   192 10272s
 4665301 12675    0.00000  101  120   14.99993    0.00000   100%   192 10276s
 4668299 12712 infeasible   78        14.99993    0.00000   100%   192 10280s
 4670877 12747 infeasible   78        14.99993    0.00000   100%   192 10285s
 4672691 12788    0.00000   76  143   14.99993    0.00000   100%   192 10290s
 4675757 12743 infeasible   87        14.99993    0.00000   100%   192 10295s
 4678928 12756 infeasible   98        14.99993    0.00000   100%   192 10300s
 4681695 12732 infeasible   88        14.99993    0.00000   100%   192 10305s
 4684261 12744    0.00000   79   69   14.99993    0.00000   100%   192 10310s
 4688179 12749 infeasible  102        14.99993    0.00000   100%   192 10316s
 4691561 12692 infeasible   75        14.99993    0.00000   100%   192 10320s
 4693770 12633    0.00000   70  127   14.99993    0.00000   100%   192 10325s
 4698077 12653 infeasible   98        14.99993    0.00000   100%   192 10331s
 4701905 12649    0.00000   85  151   14.99993    0.00000   100%   192 10335s
 4704499 12614 infeasible   84        14.99993    0.00000   100%   192 10340s
 4707213 12652 infeasible   91        14.99993    0.00000   100%   192 10345s
 4707225 12640 infeasible   92        14.99993    0.00000   100%   192 10362s
 4715818 12684 infeasible   96        14.99993    0.00000   100%   191 10365s
 4719588 12624    0.00000  112  131   14.99993    0.00000   100%   191 10371s
 4722079 12596    0.00000  102  139   14.99993    0.00000   100%   191 10376s
 4724961 12557    0.00000  106  136   14.99993    0.00000   100%   191 10380s
 4728546 12542 infeasible  111        14.99993    0.00000   100%   191 10385s
 4731540 12547    0.00000   97  166   14.99993    0.00000   100%   191 10390s
 4733716 12522    0.00000   78   92   14.99993    0.00000   100%   191 10396s
 4736388 12508    0.00000  104  120   14.99993    0.00000   100%   191 10400s
 4739400 12453 infeasible   98        14.99993    0.00000   100%   191 10405s
 4742344 12419 infeasible  108        14.99993    0.00000   100%   191 10410s
 4745086 12412 infeasible   89        14.99993    0.00000   100%   191 10415s
 4747535 12372 infeasible   98        14.99993    0.00000   100%   191 10421s
 4750073 12368 infeasible   78        14.99993    0.00000   100%   191 10425s
 4751846 12389    0.00000  104  145   14.99993    0.00000   100%   191 10430s
 4751878 12405    0.00000  106  146   14.99993    0.00000   100%   191 10435s
 4753072 12382 infeasible   84        14.99993    0.00000   100%   191 10441s
 4754594 12381    0.00000   88  114   14.99993    0.00000   100%   191 10445s
 4757166 12375    0.00000   87  148   14.99993    0.00000   100%   191 10450s
 4759958 12320 infeasible   85        14.99993    0.00000   100%   191 10456s
 4761672 12306 infeasible   93        14.99993    0.00000   100%   191 10460s
 4763652 12312 infeasible   82        14.99993    0.00000   100%   191 10466s
 4766611 12337 infeasible  100        14.99993    0.00000   100%   191 10471s
 4768188 12296 infeasible   92        14.99993    0.00000   100%   191 10475s
 4768946 12267    0.00000   98   41   14.99993    0.00000   100%   191 10481s
 4770667 12250 infeasible   95        14.99993    0.00000   100%   191 10485s
 4773685 12251    0.00000   83  126   14.99993    0.00000   100%   191 10491s
 4775326 12199    0.00000   92  136   14.99993    0.00000   100%   191 10496s
 4776972 12237 infeasible   76        14.99993    0.00000   100%   191 10501s
 4779049 12229    0.00000   92  169   14.99993    0.00000   100%   191 10507s
 4780931 12201 infeasible   82        14.99993    0.00000   100%   191 10510s
 4783053 12178 infeasible   68        14.99993    0.00000   100%   191 10516s
 4784544 12167    0.00000   66  161   14.99993    0.00000   100%   191 10520s
 4786623 12187    0.00000   77  187   14.99993    0.00000   100%   191 10526s
 4787436 12192 infeasible   77        14.99993    0.00000   100%   191 10530s
 4787865 12215    0.00000   85   99   14.99993    0.00000   100%   191 10536s
 4789871 12229    0.00000   75  133   14.99993    0.00000   100%   191 10540s
 4792467 12266    0.00000   68  144   14.99993    0.00000   100%   191 10546s
 4793689 12221    0.00000   75  120   14.99993    0.00000   100%   191 10550s
 4796717 12192 infeasible   85        14.99993    0.00000   100%   192 10556s
 4797649 12202 infeasible   82        14.99993    0.00000   100%   192 10560s
 4800479 12228    0.00000   74  129   14.99993    0.00000   100%   192 10566s
 4802209 12215 infeasible   82        14.99993    0.00000   100%   192 10571s
 4803814 12239    0.00000   85  201   14.99993    0.00000   100%   192 10575s
 4806292 12329 infeasible   98        14.99993    0.00000   100%   192 10581s
 4806942 12327 infeasible   81        14.99993    0.00000   100%   192 10587s
 4809427 12320    0.00000   93  127   14.99993    0.00000   100%   192 10591s
 4811096 12339    0.00000   78   21   14.99993    0.00000   100%   192 10596s
 4813136 12404    0.00000   83  142   14.99993    0.00000   100%   192 10600s
 4815129 12429 infeasible   78        14.99993    0.00000   100%   192 10606s
 4816745 12433 infeasible   88        14.99993    0.00000   100%   192 10611s
 4818368 12457    0.00000   78   14   14.99993    0.00000   100%   192 10615s
 4819356 12455    0.00000   79  124   14.99993    0.00000   100%   192 10620s
 4820091 12490 infeasible   82        14.99993    0.00000   100%   192 10626s
 4821888 12472 infeasible   79        14.99993    0.00000   100%   192 10630s
 4824286 12509 infeasible   91        14.99993    0.00000   100%   192 10636s
 4826739 12492    0.00000   78   14   14.99993    0.00000   100%   192 10641s
 4828081 12474    0.00000   76   88   14.99993    0.00000   100%   192 10645s
 4830882 12529    0.00000   88   73   14.99993    0.00000   100%   192 10650s
 4832616 12498 infeasible   78        14.99993    0.00000   100%   192 10656s
 4834344 12496    0.00000   93   70   14.99993    0.00000   100%   192 10660s
 4836493 12466 infeasible   80        14.99993    0.00000   100%   192 10667s
 4838354 12397 infeasible   79        14.99993    0.00000   100%   192 10672s
 4840479 12397    0.00000   91   67   14.99993    0.00000   100%   192 10676s
 4841922 12436    0.00000   90  124   14.99993    0.00000   100%   192 10681s
 4843839 12434    0.00000   93  132   14.99993    0.00000   100%   192 10685s
 4846301 12398 infeasible   82        14.99993    0.00000   100%   192 10691s
 4847575 12370    0.00000   86   73   14.99993    0.00000   100%   192 10696s
 4849280 12388    0.00000   89   25   14.99993    0.00000   100%   192 10700s
 4851536 12374    0.00000   91   58   14.99993    0.00000   100%   192 10705s
 4851569 12395    0.00000   93   85   14.99993    0.00000   100%   192 10711s
 4852209 12386    0.00000   95  129   14.99993    0.00000   100%   192 10716s
 4854094 12342 infeasible   95        14.99993    0.00000   100%   192 10721s
 4855625 12359 infeasible   94        14.99993    0.00000   100%   192 10726s
 4857849 12327    0.00000   80   21   14.99993    0.00000   100%   192 10731s
 4859736 12342 infeasible  104        14.99993    0.00000   100%   192 10736s
 4861770 12350 infeasible   91        14.99993    0.00000   100%   192 10740s
 4864358 12360 infeasible   80        14.99993    0.00000   100%   192 10746s
 4865949 12371 infeasible   92        14.99993    0.00000   100%   192 10751s
 4868074 12334 infeasible   91        14.99993    0.00000   100%   192 10755s
 4870745 12330    0.00000   71  103   14.99993    0.00000   100%   192 10761s
 4872028 12311 infeasible   94        14.99993    0.00000   100%   192 10765s
 4874488 12319    0.00000   89  126   14.99993    0.00000   100%   192 10771s
 4877162 12289 infeasible   95        14.99993    0.00000   100%   192 10776s
 4879832 12259    0.00000   90  121   14.99993    0.00000   100%   192 10780s
 4882186 12191 infeasible   88        14.99993    0.00000   100%   192 10785s
 4884542 12166    0.00000  104  104   14.99993    0.00000   100%   192 10791s
 4887082 12146 infeasible   77        14.99993    0.00000   100%   192 10796s
 4888751 12151    0.00000   78   34   14.99993    0.00000   100%   192 10800s
 4891348 12123    0.00000  100  142   14.99993    0.00000   100%   192 10806s
 4892276 12127    0.00000   89   53   14.99993    0.00000   100%   192 10810s
 4892341 12122    0.00000   91   54   14.99993    0.00000   100%   192 10815s
 4894116 12172    0.00000   85  135   14.99993    0.00000   100%   192 10821s
 4895328 12197 infeasible   83        14.99993    0.00000   100%   192 10825s
 4897428 12184 infeasible   79        14.99993    0.00000   100%   192 10832s
 4899538 12171 infeasible   93        14.99993    0.00000   100%   192 10836s
 4901527 12187 infeasible   84        14.99993    0.00000   100%   192 10840s
 4903664 12248 infeasible   89        14.99993    0.00000   100%   192 10845s
 4906369 12201    0.00000   94  113   14.99993    0.00000   100%   192 10851s
 4908504 12193    0.00000   88   37   14.99993    0.00000   100%   192 10855s
 4911062 12227 infeasible   97        14.99993    0.00000   100%   192 10861s
 4913468 12255    0.00000   72   75   14.99993    0.00000   100%   192 10866s
 4916018 12234 infeasible  104        14.99993    0.00000   100%   192 10870s
 4918356 12280 infeasible   79        14.99993    0.00000   100%   192 10876s
 4920096 12273 infeasible  102        14.99993    0.00000   100%   192 10881s
 4922035 12295 infeasible   88        14.99993    0.00000   100%   192 10885s
 4924423 12328    0.00000  100  172   14.99993    0.00000   100%   192 10891s
 4926654 12307    0.00000   99   95   14.99993    0.00000   100%   192 10895s
 4929251 12294 infeasible   83        14.99993    0.00000   100%   192 10900s
 4930590 12305    0.00000  101  163   14.99993    0.00000   100%   192 10905s
 4932049 12295    0.00000   75   58   14.99993    0.00000   100%   192 10910s
 4934863 12348    0.00000  100  130   14.99993    0.00000   100%   192 10916s
 4936729 12325    0.00000  104  121   14.99993    0.00000   100%   192 10921s
 4938994 12383 infeasible   76        14.99993    0.00000   100%   192 10926s
 4940574 12365 infeasible   92        14.99993    0.00000   100%   192 10930s
 4943470 12411    0.00000   99  107   14.99993    0.00000   100%   192 10936s
 4945724 12391 infeasible   98        14.99993    0.00000   100%   192 10941s
 4947226 12346 infeasible   88        14.99993    0.00000   100%   192 10945s
 4948927 12334    0.00000   89  175   14.99993    0.00000   100%   192 10950s
 4949082 12342    0.00000   91  161   14.99993    0.00000   100%   192 10955s
 4951686 12287    0.00000  104  155   14.99993    0.00000   100%   192 10960s
 4954168 12253 infeasible   75        14.99993    0.00000   100%   192 10965s
 4958345 12306 infeasible   97        14.99993    0.00000   100%   192 10971s
 4960098 12312 infeasible   98        14.99993    0.00000   100%   192 10975s
 4963934 12348    0.00000   98  132   14.99993    0.00000   100%   192 10981s
 4966187 12280    0.00000  115  156   14.99993    0.00000   100%   192 10985s
 4970933 12280 infeasible  104        14.99993    0.00000   100%   192 10990s
 4973468 12269    0.00000   91   79   14.99993    0.00000   100%   192 10995s
 4977132 12335    0.00000  107  176   14.99993    0.00000   100%   192 11001s
 4980928 12385 infeasible  108        14.99993    0.00000   100%   192 11005s
 4984360 12279 infeasible   96        14.99993    0.00000   100%   192 11010s
 4988909 12253    0.00000  104  161   14.99993    0.00000   100%   192 11015s
 4990912 12224    0.00000  114   95   14.99993    0.00000   100%   192 11020s
 4995620 12204 infeasible   90        14.99993    0.00000   100%   192 11025s
 4997233 12160    0.00000  111  172   14.99993    0.00000   100%   192 11030s
 5000263 12158    0.00000  112  110   14.99993    0.00000   100%   192 11037s
 5003759 12133    0.00000  119  172   14.99993    0.00000   100%   192 11041s
 5004668 12141 infeasible  110        14.99993    0.00000   100%   192 11046s
 5004794 12119 infeasible  113        14.99993    0.00000   100%   192 11050s
 5006673 12110    0.00000   72   48   14.99993    0.00000   100%   192 11056s
 5008797 12060 infeasible  114        14.99993    0.00000   100%   192 11060s
 5011416 12112 infeasible   73        14.99993    0.00000   100%   192 11066s
 5012850 12111    0.00000   78   45   14.99993    0.00000   100%   192 11071s
 5014523 12091    0.00000   84  111   14.99993    0.00000   100%   192 11075s
 5017412 12076    0.00000   88  102   14.99993    0.00000   100%   192 11081s
 5019118 12113 infeasible   88        14.99993    0.00000   100%   192 11086s
 5021970 12160 infeasible   81        14.99993    0.00000   100%   192 11091s
 5024098 12153 infeasible   98        14.99993    0.00000   100%   192 11096s
 5025732 12215    0.00000   91  148   14.99993    0.00000   100%   192 11100s
 5028227 12246 infeasible   98        14.99993    0.00000   100%   192 11105s
 5031229 12257    0.00000   91   83   14.99993    0.00000   100%   192 11111s
 5033343 12251    0.00000   79   49   14.99993    0.00000   100%   192 11116s
 5035265 12251    0.00000   75  139   14.99993    0.00000   100%   192 11121s
 5036561 12243 infeasible   85        14.99993    0.00000   100%   192 11126s
 5038785 12253    0.00000   73   99   14.99993    0.00000   100%   192 11130s
 5041526 12233    0.00000   74  118   14.99993    0.00000   100%   192 11135s
 5042952 12241    0.00000   82   96   14.99993    0.00000   100%   192 11140s
 5045812 12218 infeasible   75        14.99993    0.00000   100%   192 11145s
 5048388 12258    0.00000   73   82   14.99993    0.00000   100%   192 11150s
 5049277 12186    0.00000   90    7   14.99993    0.00000   100%   192 11156s
 5051715 12139    0.00000  112  171   14.99993    0.00000   100%   192 11161s
 5052678 12144    0.00000   84  108   14.99993    0.00000   100%   192 11165s
 5053164 12182 infeasible   82        14.99993    0.00000   100%   192 11171s
 5055354 12194 infeasible   81        14.99993    0.00000   100%   192 11176s
 5057538 12213 infeasible   85        14.99993    0.00000   100%   192 11180s
 5059683 12207    0.00000   82  132   14.99993    0.00000   100%   192 11186s
 5061586 12166    0.00000  101  162   14.99993    0.00000   100%   192 11190s
 5064636 12182 infeasible   84        14.99993    0.00000   100%   192 11196s
 5065450 12114    0.00000   96  135   14.99993    0.00000   100%   192 11200s
 5067367 12161 infeasible   82        14.99993    0.00000   100%   192 11205s
 5069981 12137 infeasible   98        14.99993    0.00000   100%   192 11211s
 5071717 12110    0.00000   95  107   14.99993    0.00000   100%   192 11216s
 5073427 12123    0.00000   75   70   14.99993    0.00000   100%   192 11220s
 5076262 12085 infeasible   87        14.99993    0.00000   100%   192 11226s
 5078950 12100 infeasible   70        14.99993    0.00000   100%   192 11231s
 5081394 12133    0.00000   84   55   14.99993    0.00000   100%   192 11236s
 5083415 12161 infeasible   95        14.99993    0.00000   100%   192 11241s
 5085660 12161    0.00000  100   67   14.99993    0.00000   100%   192 11245s
 5086448 12167    0.00000   79  120   14.99993    0.00000   100%   192 11250s
 5087536 12117    0.00000   88   42   14.99993    0.00000   100%   192 11256s
 5088948 12133    0.00000   92  168   14.99993    0.00000   100%   192 11260s
 5092100 12132 infeasible   84        14.99993    0.00000   100%   192 11266s
 5094728 12077    0.00000   82  115   14.99993    0.00000   100%   192 11271s
 5097574 12089    0.00000  100  181   14.99993    0.00000   100%   192 11276s
 5099333 12072 infeasible  105        14.99993    0.00000   100%   192 11280s
 5101342 12097 infeasible   95        14.99993    0.00000   100%   192 11286s
 5103420 12101    0.00000  108    8   14.99993    0.00000   100%   192 11290s
 5106308 12170    0.00000   96  117   14.99993    0.00000   100%   192 11295s
 5108541 12190 infeasible   92        14.99993    0.00000   100%   192 11300s
 5111178 12180 infeasible   98        14.99993    0.00000   100%   192 11305s
 5113043 12222    0.00000   98   44   14.99993    0.00000   100%   192 11310s
 5115813 12233 infeasible   87        14.99993    0.00000   100%   192 11315s
 5118064 12254 infeasible   87        14.99993    0.00000   100%   192 11321s
 5119647 12278 infeasible   96        14.99993    0.00000   100%   192 11326s
 5122161 12299 infeasible   99        14.99993    0.00000   100%   192 11330s
 5123240 12307    0.00000   80  151   14.99993    0.00000   100%   192 11336s
 5123558 12325    0.00000   82  147   14.99993    0.00000   100%   192 11340s
 5125346 12342 infeasible  100        14.99993    0.00000   100%   192 11345s
 5128357 12343 infeasible   87        14.99993    0.00000   100%   192 11350s
 5129876 12340    0.00000   93  121   14.99993    0.00000   100%   192 11355s
 5132132 12300 infeasible   96        14.99993    0.00000   100%   192 11360s
 5134917 12337 infeasible  100        14.99993    0.00000   100%   192 11366s
 5137190 12260 infeasible   94        14.99993    0.00000   100%   192 11370s
 5140055 12238    0.00000   81  139   14.99993    0.00000   100%   192 11377s
 5141826 12223 infeasible   92        14.99993    0.00000   100%   192 11380s
 5143668 12254    0.00000  103   84   14.99993    0.00000   100%   192 11385s
 5146382 12225 infeasible   83        14.99993    0.00000   100%   192 11390s
 5148811 12200    0.00000   98  139   14.99993    0.00000   100%   192 11395s
 5151104 12217 infeasible   99        14.99993    0.00000   100%   192 11401s
 5153777 12222 infeasible   96        14.99993    0.00000   100%   192 11406s
 5157147 12216    0.00000  100  154   14.99993    0.00000   100%   192 11411s
 5159801 12249    0.00000   97  128   14.99993    0.00000   100%   192 11416s
 5162287 12266    0.00000   88   12   14.99993    0.00000   100%   192 11420s
 5163964 12323 infeasible  102        14.99993    0.00000   100%   192 11425s
 5167028 12433 infeasible  107        14.99993    0.00000   100%   192 11430s
 5171338 12362    0.00000   93  103   14.99993    0.00000   100%   192 11436s
 5172189 12361 infeasible   91        14.99993    0.00000   100%   192 11441s
 5172279 12405    0.00000   97  107   14.99993    0.00000   100%   192 11445s
 5174642 12416    0.00000   92  109   14.99993    0.00000   100%   192 11451s
 5177254 12429 infeasible  107        14.99993    0.00000   100%   192 11455s
 5180614 12456    0.00000  101  146   14.99993    0.00000   100%   192 11461s
 5182651 12476    0.00000   87  115   14.99993    0.00000   100%   192 11465s
 5184090 12493 infeasible  109        14.99993    0.00000   100%   192 11470s
 5187944 12473    0.00000   95  142   14.99993    0.00000   100%   192 11476s
 5189866 12454    0.00000   95  119   14.99993    0.00000   100%   192 11480s
 5193050 12521    0.00000  101   90   14.99993    0.00000   100%   192 11486s
 5194232 12528    0.00000   96   55   14.99993    0.00000   100%   192 11490s
 5196754 12461 infeasible   92        14.99993    0.00000   100%   192 11495s
 5200454 12441 infeasible   98        14.99993    0.00000   100%   192 11501s
 5202778 12420 infeasible  108        14.99993    0.00000   100%   192 11506s
 5204700 12393 infeasible   94        14.99993    0.00000   100%   192 11514s
 5207269 12382 infeasible  108        14.99993    0.00000   100%   192 11515s
 5210201 12380    0.00000   86  124   14.99993    0.00000   100%   192 11520s
 5211813 12381    0.00000  107    5   14.99993    0.00000   100%   192 11525s
 5214732 12357 infeasible   99        14.99993    0.00000   100%   192 11531s
 5215061 12354 infeasible   91        14.99993    0.00000   100%   192 11535s
 5216548 12322 infeasible   96        14.99993    0.00000   100%   192 11541s
 5219040 12307 infeasible  108        14.99993    0.00000   100%   192 11545s
 5223110 12285 infeasible  102        14.99993    0.00000   100%   192 11551s
 5225826 12269    0.00000   97   95   14.99993    0.00000   100%   192 11556s
 5227536 12234    0.00000   93  118   14.99993    0.00000   100%   192 11560s
 5230437 12240    0.00000  103  102   14.99993    0.00000   100%   192 11566s
 5233083 12207 infeasible   98        14.99993    0.00000   100%   192 11570s
 5235926 12208    0.00000  109  136   14.99993    0.00000   100%   192 11575s
 5238334 12208 infeasible  109        14.99993    0.00000   100%   192 11581s
 5239927 12195    0.00000  102  104   14.99993    0.00000   100%   192 11586s
 5242757 12163 infeasible   95        14.99993    0.00000   100%   192 11590s
 5245103 12135    0.00000   77   95   14.99993    0.00000   100%   192 11595s
 5247730 12126 infeasible  105        14.99993    0.00000   100%   192 11601s
 5250750 12079    0.00000  107    4   14.99993    0.00000   100%   192 11605s
 5253183 12078    0.00000   98   27   14.99993    0.00000   100%   192 11610s
 5254297 12012 infeasible  103        14.99993    0.00000   100%   192 11619s
 5258339 12055 infeasible  108        14.99993    0.00000   100%   192 11621s
 5260830 12124    0.00000   96  131   14.99993    0.00000   100%   192 11626s
 5262447 12123 infeasible  108        14.99993    0.00000   100%   192 11631s
 5263167 12136    0.00000   82  181   14.99993    0.00000   100%   192 11636s
 5264146 12153 infeasible  107        14.99993    0.00000   100%   192 11641s
 5265251 12149 infeasible   96        14.99993    0.00000   100%   192 11645s
 5267823 12221    0.00000   83  117   14.99993    0.00000   100%   192 11651s
 5270640 12293 infeasible   88        14.99993    0.00000   100%   192 11656s
 5272276 12314 infeasible   94        14.99993    0.00000   100%   192 11660s
 5274668 12323 infeasible   93        14.99993    0.00000   100%   192 11666s
 5277264 12374 infeasible   91        14.99993    0.00000   100%   192 11671s
 5278776 12351    0.00000  103  113   14.99993    0.00000   100%   192 11675s
 5280417 12367    0.00000  107    4   14.99993    0.00000   100%   192 11680s
 5283132 12366 infeasible   98        14.99993    0.00000   100%   192 11686s
 5285124 12370    0.00000   81  106   14.99993    0.00000   100%   192 11690s
 5287810 12400    0.00000   78   75   14.99993    0.00000   100%   192 11695s
 5289320 12427 infeasible  111        14.99993    0.00000   100%   192 11701s
 5290927 12430 infeasible   95        14.99993    0.00000   100%   192 11705s
 5293677 12449    0.00000   92  109   14.99993    0.00000   100%   192 11711s
 5295404 12420 infeasible   88        14.99993    0.00000   100%   192 11715s
 5297925 12415    0.00000   80  120   14.99993    0.00000   100%   192 11720s
 5300043 12374 infeasible   99        14.99993    0.00000   100%   192 11725s
 5301921 12329    0.00000  108    6   14.99993    0.00000   100%   192 11731s
 5303734 12307    0.00000  112  117   14.99993    0.00000   100%   192 11735s
 5305558 12299 infeasible   94        14.99993    0.00000   100%   192 11741s
 5305752 12296    0.00000   86  102   14.99993    0.00000   100%   192 11746s
 5306261 12291    0.00000   95  118   14.99993    0.00000   100%   192 11750s
 5309074 12191    0.00000   94   83   14.99993    0.00000   100%   192 11756s
 5311106 12195    0.00000   86  129   14.99993    0.00000   100%   192 11761s
 5313665 12172 infeasible   81        14.99993    0.00000   100%   192 11766s
 5315259 12142 infeasible   82        14.99993    0.00000   100%   192 11770s
 5317580 12094    0.00000   85  120   14.99993    0.00000   100%   192 11776s
 5319354 12100 infeasible   86        14.99993    0.00000   100%   192 11780s
 5321510 12095    0.00000   92   67   14.99993    0.00000   100%   192 11786s
 5323789 12009 infeasible  103        14.99993    0.00000   100%   192 11791s
 5325474 12008    0.00000  102   97   14.99993    0.00000   100%   192 11795s
 5327217 11991    0.00000   98  139   14.99993    0.00000   100%   192 11800s
 5329698 11989    0.00000   84   97   14.99993    0.00000   100%   192 11805s
 5331660 11960 infeasible   86        14.99993    0.00000   100%   192 11811s
 5333107 11977    0.00000   85  150   14.99993    0.00000   100%   192 11816s
 5334884 11984    0.00000   85  140   14.99993    0.00000   100%   192 11821s
 5336430 12037 infeasible   88        14.99993    0.00000   100%   192 11825s
 5337905 12043    0.00000   78  111   14.99993    0.00000   100%   192 11830s
 5340272 12018 infeasible   89        14.99993    0.00000   100%   192 11836s
 5341778 11982 infeasible   72        14.99993    0.00000   100%   192 11842s
 5341810 11981 infeasible   73        14.99993    0.00000   100%   192 11848s
 5341827 11997    0.00000   98  104   14.99993    0.00000   100%   192 11851s
 5342488 11988    0.00000  100  101   14.99993    0.00000   100%   192 11857s
 5343326 11975    0.00000   83   89   14.99993    0.00000   100%   192 11860s
 5345323 11935 infeasible   70        14.99993    0.00000   100%   192 11866s
 5347463 11934 infeasible   78        14.99993    0.00000   100%   192 11871s
 5348909 11883    0.00000   75  172   14.99993    0.00000   100%   192 11876s
 5350232 11898 infeasible   83        14.99993    0.00000   100%   192 11880s
 5352023 11921    0.00000   78   82   14.99993    0.00000   100%   192 11885s
 5353118 11965 infeasible   76        14.99993    0.00000   100%   192 11894s
 5355675 12001    0.00000   68  178   14.99993    0.00000   100%   192 11896s
 5357081 11981 infeasible  114        14.99993    0.00000   100%   192 11900s
 5358845 12013    0.00000   76  172   14.99993    0.00000   100%   192 11905s
 5361066 12061    0.00000   89   96   14.99993    0.00000   100%   192 11912s
 5363264 12085 infeasible   76        14.99993    0.00000   100%   192 11916s
 5364667 12114 infeasible   78        14.99993    0.00000   100%   192 11921s
 5366461 12128 infeasible   83        14.99993    0.00000   100%   192 11925s
 5368451 12187    0.00000   88   30   14.99993    0.00000   100%   192 11932s
 5370218 12183 infeasible  107        14.99993    0.00000   100%   192 11936s
 5371978 12241    0.00000   82  108   14.99993    0.00000   100%   192 11940s
 5374277 12258 infeasible   78        14.99993    0.00000   100%   192 11947s
 5376011 12271    0.00000   87   13   14.99993    0.00000   100%   192 11952s
 5377211 12288 infeasible   96        14.99993    0.00000   100%   192 11956s
 5378749 12276 infeasible   76        14.99993    0.00000   100%   192 11961s
 5378789 12297    0.00000   81  111   14.99993    0.00000   100%   192 11966s
 5379405 12298    0.00000   77   98   14.99993    0.00000   100%   192 11971s
 5381087 12309    0.00000   82  142   14.99993    0.00000   100%   192 11976s
 5382928 12324 infeasible   78        14.99993    0.00000   100%   192 11980s
 5384256 12358 infeasible   99        14.99993    0.00000   100%   192 11985s
 5386137 12329 infeasible   98        14.99993    0.00000   100%   192 11992s
 5388022 12296 infeasible   88        14.99993    0.00000   100%   192 11996s
 5389986 12310 infeasible   84        14.99993    0.00000   100%   192 12000s
 5391845 12345 infeasible  102        14.99993    0.00000   100%   192 12007s
 5393613 12316    0.00000   88  120   14.99993    0.00000   100%   192 12011s
 5395278 12298    0.00000   96   49   14.99993    0.00000   100%   192 12015s
 5397844 12319 infeasible   82        14.99993    0.00000   100%   192 12022s
 5399183 12338    0.00000   85  152   14.99993    0.00000   100%   192 12027s
 5400647 12343    0.00000   80  135   14.99993    0.00000   100%   192 12032s
 5402488 12291 infeasible  101        14.99993    0.00000   100%   192 12037s
 5404473 12316    0.00000   76   67   14.99993    0.00000   100%   193 12041s
 5406243 12362    0.00000   98  132   14.99993    0.00000   100%   193 12045s
 5408347 12384    0.00000   74  115   14.99993    0.00000   100%   193 12051s
 5408886 12399 infeasible   81        14.99993    0.00000   100%   193 12056s
 5411333 12406 infeasible  108        14.99993    0.00000   100%   192 12060s
 5413758 12344    0.00000   78   41   14.99993    0.00000   100%   192 12066s
 5416645 12335    0.00000   83  131   14.99993    0.00000   100%   192 12071s
 5418331 12271 infeasible  121        14.99993    0.00000   100%   192 12075s
 5419441 12234    0.00000   78   18   14.99993    0.00000   100%   192 12080s
 5422576 12239 infeasible   86        14.99993    0.00000   100%   193 12086s
 5423954 12232 infeasible   78        14.99993    0.00000   100%   193 12090s
 5426906 12228 infeasible   78        14.99993    0.00000   100%   193 12097s
 5428691 12226    0.00000   98   12   14.99993    0.00000   100%   193 12100s
 5430646 12205    0.00000   86  125   14.99993    0.00000   100%   193 12106s
 5432377 12171    0.00000  103  153   14.99993    0.00000   100%   193 12110s
 5435255 12106 infeasible   98        14.99993    0.00000   100%   193 12116s
 5436701 12165 infeasible   87        14.99993    0.00000   100%   193 12120s
 5439181 12152 infeasible   98        14.99993    0.00000   100%   193 12126s
 5440212 12153    0.00000   91  133   14.99993    0.00000   100%   193 12131s
 5440391 12134    0.00000   98  138   14.99993    0.00000   100%   193 12136s
 5442257 12204    0.00000   81  115   14.99993    0.00000   100%   193 12140s
 5443943 12191    0.00000   98  109   14.99993    0.00000   100%   193 12146s
 5446108 12206    0.00000   85  127   14.99993    0.00000   100%   193 12150s
 5448804 12213    0.00000   80  104   14.99993    0.00000   100%   193 12156s
 5450227 12263    0.00000   84   85   14.99993    0.00000   100%   193 12161s
 5451772 12228 infeasible   88        14.99993    0.00000   100%   193 12166s
 5453533 12195    0.00000   97  123   14.99993    0.00000   100%   193 12171s
 5455349 12161 infeasible   90        14.99993    0.00000   100%   193 12175s
 5457453 12144 infeasible   78        14.99993    0.00000   100%   193 12181s
 5459300 12172    0.00000   83  104   14.99993    0.00000   100%   193 12185s
 5461696 12152    0.00000   93  123   14.99993    0.00000   100%   193 12191s
 5463703 12128    0.00000   78  126   14.99993    0.00000   100%   193 12196s
 5465260 12134    0.00000   94   88   14.99993    0.00000   100%   193 12200s
 5467097 12086    0.00000   87  152   14.99993    0.00000   100%   193 12205s
 5468792 12079 infeasible   77        14.99993    0.00000   100%   193 12212s
 5469901 12101    0.00000   86  120   14.99993    0.00000   100%   193 12216s
 5471940 12073 infeasible   92        14.99993    0.00000   100%   193 12221s
 5473765 12075    0.00000   59   54   14.99993    0.00000   100%   193 12226s
 5475307 12058    0.00000   84  131   14.99993    0.00000   100%   193 12231s
 5477003 12029    0.00000   82   69   14.99993    0.00000   100%   193 12235s
 5479668 12010 infeasible   91        14.99993    0.00000   100%   193 12242s
 5481320 12057    0.00000   68    8   14.99993    0.00000   100%   193 12247s
 5482533 12049    0.00000   79  100   14.99993    0.00000   100%   193 12251s
 5484457 12049    0.00000   77   97   14.99993    0.00000   100%   193 12256s
 5484526 12054    0.00000   79   89   14.99993    0.00000   100%   193 12262s
 5486263 12076 infeasible   97        14.99993    0.00000   100%   193 12267s
 5487579 12077 infeasible   74        14.99993    0.00000   100%   193 12272s
 5488496 12103 infeasible   84        14.99993    0.00000   100%   193 12275s
 5490463 12064 infeasible   98        14.99993    0.00000   100%   193 12280s
 5492743 12076    0.00000  114  102   14.99993    0.00000   100%   193 12287s
 5493691 12074    0.00000   98   35   14.99993    0.00000   100%   193 12290s
 5496290 12149 infeasible   88        14.99993    0.00000   100%   193 12297s
 5498060 12161    0.00000  114  138   14.99993    0.00000   100%   193 12301s
 5499085 12190 infeasible   91        14.99993    0.00000   100%   193 12307s
 5499984 12194    0.00000   78  163   14.99993    0.00000   100%   193 12310s
 5501927 12256 infeasible   98        14.99993    0.00000   100%   193 12316s
 5503858 12297 infeasible   99        14.99993    0.00000   100%   193 12321s
 5505673 12335 infeasible   64        14.99993    0.00000   100%   193 12326s
 5507294 12344    0.00000   76  152   14.99993    0.00000   100%   193 12330s
 5509822 12409 infeasible   78        14.99993    0.00000   100%   193 12336s
 5511742 12448 infeasible  101        14.99993    0.00000   100%   193 12340s
 5512093 12493 infeasible   53        14.99993    0.00000   100%   193 12345s
 5516157 12560    0.00000  118  166   14.99993    0.00000   100%   193 12351s
 5518094 12586    0.00000   91   38   14.99993    0.00000   100%   193 12356s
 5518117 12608 infeasible   93        14.99993    0.00000   100%   193 12361s
 5519830 12689 infeasible  118        14.99993    0.00000   100%   193 12365s
 5523538 12789 infeasible  105        14.99993    0.00000   100%   193 12370s
 5527080 12802 infeasible   98        14.99993    0.00000   100%   193 12375s
 5530869 12830    0.00000  111  128   14.99993    0.00000   100%   193 12380s
 5534657 12944 infeasible  138        14.99993    0.00000   100%   193 12385s
 5539342 13034 infeasible  108        14.99993    0.00000   100%   193 12390s
 5542482 13075    0.00000   99   95   14.99993    0.00000   100%   193 12397s
 5545728 13082 infeasible  113        14.99993    0.00000   100%   193 12400s
 5549399 12991    0.00000  132  176   14.99993    0.00000   100%   193 12405s
 5553296 12958    0.00000  117  167   14.99993    0.00000   100%   193 12411s
 5554764 12918    0.00000  133  159   14.99993    0.00000   100%   192 12415s
 5558409 12883 infeasible  106        14.99993    0.00000   100%   192 12420s
 5561438 12919    0.00000   95  114   14.99993    0.00000   100%   192 12425s
 5565872 12966    0.00000   78   30   14.99993    0.00000   100%   192 12430s
 5568316 12973 infeasible  108        14.99993    0.00000   100%   192 12435s
 5572017 12937    0.00000   67   14   14.99993    0.00000   100%   192 12440s
 5574553 12939 infeasible  108        14.99993    0.00000   100%   192 12445s
 5577541 12883    0.00000   98   44   14.99993    0.00000   100%   192 12450s
 5581254 12851 infeasible   97        14.99993    0.00000   100%   192 12455s
 5582363 12843    0.00000   99  110   14.99993    0.00000   100%   192 12461s
 5583082 12831    0.00000  102  111   14.99993    0.00000   100%   192 12465s
 5584561 12827    0.00000  122   77   14.99993    0.00000   100%   192 12471s
 5588663 12789    0.00000  108  140   14.99993    0.00000   100%   192 12476s
 5591520 12766    0.00000  118  169   14.99993    0.00000   100%   192 12480s
 5595414 12742 infeasible  103        14.99993    0.00000   100%   192 12486s
 5599572 12834    0.00000  129  175   14.99993    0.00000   100%   192 12490s
 5603486 12855 infeasible  104        14.99993    0.00000   100%   192 12495s
 5607331 12845 infeasible  126        14.99993    0.00000   100%   192 12500s
 5612218 12857    0.00000  130  174   14.99993    0.00000   100%   192 12505s
 5617306 12773 infeasible   88        14.99993    0.00000   100%   191 12510s
 5620902 12759 infeasible  119        14.99993    0.00000   100%   191 12515s
 5624958 12838    0.00000  117  180   14.99993    0.00000   100%   191 12521s
 5629019 12805    0.00000   96  128   14.99993    0.00000   100%   191 12525s
 5633244 12671 infeasible  118        14.99993    0.00000   100%   191 12530s
 5635332 12657    0.00000  109   73   14.99993    0.00000   100%   191 12535s
 5638263 12612    0.00000   63   77   14.99993    0.00000   100%   191 12540s
 5642408 12622    0.00000  117  163   14.99993    0.00000   100%   191 12547s
 5645316 12546    0.00000  103  144   14.99993    0.00000   100%   191 12551s
 5646837 12551    0.00000   97    4   14.99993    0.00000   100%   191 12555s
 5650082 12591    0.00000  104  162   14.99993    0.00000   100%   191 12560s
 5653940 12560    0.00000  109   81   14.99993    0.00000   100%   191 12566s
 5656371 12566    0.00000  127    9   14.99993    0.00000   100%   191 12570s
 5657443 12513    0.00000  108   14   14.99993    0.00000   100%   191 12581s
 5662920 12520    0.00000   90  116   14.99993    0.00000   100%   191 12587s
 5662930 12545    0.00000   91  124   14.99993    0.00000   100%   191 12590s
 5665031 12578    0.00000   77    4   14.99993    0.00000   100%   191 12596s
 5666544 12604 infeasible   98        14.99993    0.00000   100%   191 12601s
 5669299 12656    0.00000  125  110   14.99993    0.00000   100%   191 12605s
 5672240 12645 infeasible  110        14.99993    0.00000   100%   191 12610s
 5675072 12680 infeasible  118        14.99993    0.00000   100%   191 12615s
 5678007 12724    0.00000  115  102   14.99993    0.00000   100%   191 12621s
 5680950 12759    0.00000  126  103   14.99993    0.00000   100%   191 12625s
 5682748 12763 infeasible  126        14.99993    0.00000   100%   191 12630s
 5686347 12818 infeasible  112        14.99993    0.00000   100%   191 12636s
 5688070 12852 infeasible  118        14.99993    0.00000   100%   191 12640s
 5691610 12897    0.00000  125  114   14.99993    0.00000   100%   190 12645s
 5694471 12874    0.00000  129  107   14.99993    0.00000   100%   190 12651s
 5697198 12869 infeasible  126        14.99993    0.00000   100%   190 12655s
 5700227 12942 infeasible  127        14.99993    0.00000   100%   190 12661s
 5702994 12978    0.00000  128   49   14.99993    0.00000   100%   190 12666s
 5704280 12970    0.00000  122  137   14.99993    0.00000   100%   190 12670s
 5707416 13008    0.00000  121  122   14.99993    0.00000   100%   190 12675s
 5710159 12986 infeasible  128        14.99993    0.00000   100%   190 12680s
 5710194 12984    0.00000  128   38   14.99993    0.00000   100%   190 12685s
 5710406 13014    0.00000  118   21   14.99993    0.00000   100%   190 12691s
 5713208 13000 infeasible  128        14.99993    0.00000   100%   190 12696s
 5715452 12975 infeasible  125        14.99993    0.00000   100%   190 12701s
 5717965 13006    0.00000  128   26   14.99993    0.00000   100%   190 12706s
 5720837 12909 infeasible  124        14.99993    0.00000   100%   190 12711s
 5723360 12948    0.00000  122   50   14.99993    0.00000   100%   190 12715s
 5726016 12918 infeasible  128        14.99993    0.00000   100%   190 12721s
 5728956 12866 infeasible  131        14.99993    0.00000   100%   190 12725s
 5731494 12858 infeasible  124        14.99993    0.00000   100%   190 12730s
 5734348 12784 infeasible  130        14.99993    0.00000   100%   190 12735s
 5737709 12748 infeasible  127        14.99993    0.00000   100%   190 12740s
 5738970 12678 infeasible  112        14.99993    0.00000   100%   190 12746s
 5742206 12656 infeasible  126        14.99993    0.00000   100%   190 12750s
 5746323 12585    0.00000  116  121   14.99993    0.00000   100%   190 12755s
 5748736 12614    0.00000  126  113   14.99993    0.00000   100%   190 12760s
 5752304 12549    0.00000  128  146   14.99993    0.00000   100%   190 12766s
 5754282 12519 infeasible  124        14.99993    0.00000   100%   190 12770s
 5758472 12578    0.00000  118  114   14.99993    0.00000   100%   190 12775s
 5761477 12569 infeasible  128        14.99993    0.00000   100%   190 12780s
 5765026 12552    0.00000  132  129   14.99993    0.00000   100%   190 12785s
 5768677 12583    0.00000  130  119   14.99993    0.00000   100%   190 12790s
 5769927 12591    0.00000   92  148   14.99993    0.00000   100%   190 12796s
 5769936 12442    0.00000   93  145   14.99993    0.00000   100%   190 12818s
 5777936 12457    0.00000  122  117   14.99993    0.00000   100%   189 12820s
 5779413 12433 infeasible  128        14.99993    0.00000   100%   189 12825s
 5782875 12412    0.00000   99  167   14.99993    0.00000   100%   189 12830s
 5786055 12413    0.00000   90  168   14.99993    0.00000   100%   189 12836s
 5788133 12401 infeasible  129        14.99993    0.00000   100%   189 12840s
 5791524 12321 infeasible  134        14.99993    0.00000   100%   189 12846s
 5793717 12265    0.00000  129  107   14.99993    0.00000   100%   189 12850s
 5795469 12253    0.00000  128   78   14.99993    0.00000   100%   189 12855s
 5798025 12249 infeasible  104        14.99993    0.00000   100%   189 12860s
 5800779 12279    0.00000  106  101   14.99993    0.00000   100%   189 12867s
 5803508 12243 infeasible  130        14.99993    0.00000   100%   189 12871s
 5805096 12269    0.00000   66   92   14.99993    0.00000   100%   189 12876s
 5807495 12209    0.00000   87   69   14.99993    0.00000   100%   189 12881s
 5809964 12199 infeasible   96        14.99993    0.00000   100%   189 12885s
 5811989 12136 infeasible   89        14.99993    0.00000   100%   189 12891s
 5813804 12126 infeasible  125        14.99993    0.00000   100%   189 12895s
 5817074 12098 infeasible   96        14.99993    0.00000   100%   189 12902s
 5819134 12072 infeasible   93        14.99993    0.00000   100%   189 12906s
 5819487 12071    0.00000   57    8   14.99993    0.00000   100%   189 12910s
 5819547 12067    0.00000   59  125   14.99993    0.00000   100%   189 12915s
 5822364 12065 infeasible   88        14.99993    0.00000   100%   189 12921s
 5824041 12056    0.00000   96  120   14.99993    0.00000   100%   189 12925s
 5826547 12077 infeasible   98        14.99993    0.00000   100%   189 12930s
 5829493 12113 infeasible   69        14.99993    0.00000   100%   189 12936s
 5831791 12081 infeasible   88        14.99993    0.00000   100%   189 12941s
 5833189 12040    0.00000   72  133   14.99993    0.00000   100%   189 12947s
 5834836 12051    0.00000   88   96   14.99993    0.00000   100%   189 12950s
 5838773 12021 infeasible   98        14.99993    0.00000   100%   189 12956s
 5840614 11992 infeasible  123        14.99993    0.00000   100%   189 12960s
 5842684 12009 infeasible  121        14.99993    0.00000   100%   189 12965s
 5844722 11996 infeasible   61        14.99993    0.00000   100%   189 12971s
 5846176 11980 infeasible   99        14.99993    0.00000   100%   189 12975s
 5848200 11973    0.00000   76  178   14.99993    0.00000   100%   189 12981s
 5849307 11999 infeasible   83        14.99993    0.00000   100%   189 12985s
 5850973 12013 infeasible   88        14.99993    0.00000   100%   189 12990s
 5851005 12048    0.00000   72   88   14.99993    0.00000   100%   189 12995s
 5852391 12043    0.00000   72   95   14.99993    0.00000   100%   189 13001s
 5853486 12028    0.00000   65   83   14.99993    0.00000   100%   189 13006s
 5855423 12051    0.00000   79  137   14.99993    0.00000   100%   189 13011s
 5857643 12070    0.00000   78   15   14.99993    0.00000   100%   189 13015s
 5860229 12140    0.00000  116  120   14.99993    0.00000   100%   189 13022s
 5861423 12138 infeasible   98        14.99993    0.00000   100%   189 13026s
 5863220 12189 infeasible  106        14.99993    0.00000   100%   189 13031s
 5864469 12188 infeasible   85        14.99993    0.00000   100%   189 13039s
 5866695 12172 infeasible   95        14.99993    0.00000   100%   189 13041s
 5868234 12203 infeasible  113        14.99993    0.00000   100%   189 13046s
 5870522 12198    0.00000  115  138   14.99993    0.00000   100%   189 13050s
 5872672 12165 infeasible   79        14.99993    0.00000   100%   189 13056s
 5874292 12185    0.00000   93  118   14.99993    0.00000   100%   189 13060s
 5875570 12191 infeasible  108        14.99993    0.00000   100%   189 13065s
 5878126 12190 infeasible  101        14.99993    0.00000   100%   189 13071s
 5879748 12204    0.00000   77  100   14.99993    0.00000   100%   189 13076s
 5880904 12206    0.00000   90   78   14.99993    0.00000   100%   189 13080s
 5883099 12186    0.00000   99  105   14.99993    0.00000   100%   190 13085s
 5883126 12191    0.00000  101  103   14.99993    0.00000   100%   190 13090s
 5884136 12187    0.00000   92  141   14.99993    0.00000   100%   190 13095s
 5886228 12178    0.00000  117  119   14.99993    0.00000   100%   190 13100s
 5888525 12203 infeasible  109        14.99993    0.00000   100%   190 13107s
 5890352 12205    0.00000   88   14   14.99993    0.00000   100%   190 13112s
 5892417 12233    0.00000   94   86   14.99993    0.00000   100%   190 13116s
 5894074 12203 infeasible   79        14.99993    0.00000   100%   190 13120s
 5895862 12214 infeasible  119        14.99993    0.00000   100%   190 13125s
 5897733 12236    0.00000   98   59   14.99993    0.00000   100%   190 13130s
 5900077 12163 infeasible   86        14.99993    0.00000   100%   190 13136s
 5901868 12156 infeasible  118        14.99993    0.00000   100%   190 13141s
 5904763 12116 infeasible   90        14.99993    0.00000   100%   190 13146s
 5906140 12109    0.00000   77  121   14.99993    0.00000   100%   190 13150s
 5909028 12110 infeasible   90        14.99993    0.00000   100%   190 13155s
 5911005 12133    0.00000  127  115   14.99993    0.00000   100%   190 13162s
 5912779 12146    0.00000  104   98   14.99993    0.00000   100%   190 13165s
 5915085 12188 infeasible   98        14.99993    0.00000   100%   190 13170s
 5916845 12195 infeasible   80        14.99993    0.00000   100%   190 13176s
 5918661 12195 infeasible   79        14.99993    0.00000   100%   190 13180s
 5918686 12204 infeasible   92        14.99993    0.00000   100%   190 13185s
 5919644 12191    0.00000   77  126   14.99993    0.00000   100%   190 13191s
 5922572 12159    0.00000  120   83   14.99993    0.00000   100%   190 13196s
 5923457 12127    0.00000   76  119   14.99993    0.00000   100%   190 13200s
 5926206 12091    0.00000  111  178   14.99993    0.00000   100%   190 13205s
 5929258 12086 infeasible  111        14.99993    0.00000   100%   190 13211s
 5930836 12057    0.00000   75  135   14.99993    0.00000   100%   190 13216s
 5933824 12037 infeasible  120        14.99993    0.00000   100%   189 13221s
 5936126 12024    0.00000  115  121   14.99993    0.00000   100%   189 13225s
 5938123 12054 infeasible   76        14.99993    0.00000   100%   189 13230s
 5939598 12052 infeasible   87        14.99993    0.00000   100%   189 13235s
 5941634 12017 infeasible  120        14.99993    0.00000   100%   189 13240s
 5944227 12012 infeasible  118        14.99993    0.00000   100%   189 13245s
 5946806 11944    0.00000   91  119   14.99993    0.00000   100%   189 13250s
 5948701 11964    0.00000   77    8   14.99993    0.00000   100%   189 13255s
 5951160 11947 infeasible  119        14.99993    0.00000   100%   189 13261s
 5952432 11921 infeasible   95        14.99993    0.00000   100%   189 13265s
 5955189 11931 infeasible  118        14.99993    0.00000   100%   189 13271s
 5956323 11933    0.00000   76   83   14.99993    0.00000   100%   189 13275s
 5956827 11955    0.00000  121  112   14.99993    0.00000   100%   189 13282s
 5958286 11962    0.00000   88   69   14.99993    0.00000   100%   190 13286s
 5959402 11957    0.00000   81  100   14.99993    0.00000   100%   190 13290s
 5961673 11938    0.00000  121  133   14.99993    0.00000   100%   190 13296s
 5963259 11933    0.00000  106  143   14.99993    0.00000   100%   190 13300s
 5965261 11858 infeasible   84        14.99993    0.00000   100%   190 13305s
 5967503 11826 infeasible   79        14.99993    0.00000   100%   190 13311s
 5969249 11809    0.00000   83  108   14.99993    0.00000   100%   190 13315s
 5971640 11818    0.00000   60   40   14.99993    0.00000   100%   190 13321s
 5972913 11870    0.00000  114  128   14.99993    0.00000   100%   190 13326s
 5974463 11923    0.00000   75  105   14.99993    0.00000   100%   190 13330s
 5976128 11918 infeasible   83        14.99993    0.00000   100%   190 13335s
 5978414 11984 infeasible   84        14.99993    0.00000   100%   190 13341s
 5979555 12015    0.00000   70  172   14.99993    0.00000   100%   190 13345s
 5980846 12079 infeasible   85        14.99993    0.00000   100%   190 13350s
 5983111 12094    0.00000  111  154   14.99993    0.00000   100%   190 13355s
 5985946 12144    0.00000   83  163   14.99993    0.00000   100%   190 13361s
 5988213 12156    0.00000   76  119   14.99993    0.00000   100%   190 13365s
 5990485 12165    0.00000   82   96   14.99993    0.00000   100%   190 13370s
 5990528 12167 infeasible   84        14.99993    0.00000   100%   190 13376s
 5990805 12194    0.00000   67    5   14.99993    0.00000   100%   190 13380s
 5992882 12268    0.00000   79  116   14.99993    0.00000   100%   190 13386s
 5994423 12306 infeasible   75        14.99993    0.00000   100%   190 13391s
 5995812 12348    0.00000   77  176   14.99993    0.00000   100%   190 13395s
 5997667 12378    0.00000   66   75   14.99993    0.00000   100%   190 13400s
 6000307 12388    0.00000   71  151   14.99993    0.00000   100%   190 13406s
 6002159 12360    0.00000  122  114   14.99993    0.00000   100%   190 13410s
 6004467 12342 infeasible   78        14.99993    0.00000   100%   190 13415s
 6006938 12371    0.00000   96  162   14.99993    0.00000   100%   190 13421s
 6009044 12429    0.00000   80  140   14.99993    0.00000   100%   190 13426s
 6010178 12383    0.00000   81   75   14.99993    0.00000   100%   190 13430s
 6011765 12374    0.00000   78   31   14.99993    0.00000   100%   190 13435s
 6014393 12310 infeasible   95        14.99993    0.00000   100%   190 13441s
 6016036 12303    0.00000   82   94   14.99993    0.00000   100%   190 13446s
 6018154 12297 infeasible   84        14.99993    0.00000   100%   190 13450s
 6020366 12300 infeasible   75        14.99993    0.00000   100%   190 13456s
 6021516 12274    0.00000   77   82   14.99993    0.00000   100%   190 13460s
 6022735 12273 infeasible   69        14.99993    0.00000   100%   190 13465s
 6023086 12282    0.00000  106  151   14.99993    0.00000   100%   190 13471s
 6025757 12332 infeasible  100        14.99993    0.00000   100%   190 13475s
 6027538 12328 infeasible   84        14.99993    0.00000   100%   190 13480s
 6030678 12309 infeasible   98        14.99993    0.00000   100%   190 13486s
 6033586 12291 infeasible   93        14.99993    0.00000   100%   190 13490s
 6035238 12256    0.00000   81  121   14.99993    0.00000   100%   190 13495s
 6037907 12206 infeasible   87        14.99993    0.00000   100%   190 13500s
 6039988 12189    0.00000   77  105   14.99993    0.00000   100%   190 13505s
 6043017 12160    0.00000   81  114   14.99993    0.00000   100%   190 13511s
 6044319 12185    0.00000   77  156   14.99993    0.00000   100%   190 13515s
 6047291 12155 infeasible   76        14.99993    0.00000   100%   190 13520s
 6049186 12132    0.00000   88  132   14.99993    0.00000   100%   190 13525s
 6051285 12141    0.00000   88  131   14.99993    0.00000   100%   190 13530s
 6053808 12107    0.00000   87  169   14.99993    0.00000   100%   190 13535s
 6056341 12123 infeasible   88        14.99993    0.00000   100%   190 13541s
 6058607 12131 infeasible   71        14.99993    0.00000   100%   190 13546s
 6060330 12111 infeasible   77        14.99993    0.00000   100%   190 13550s
 6061670 12090 infeasible   77        14.99993    0.00000   100%   190 13555s
 6064280 12135 infeasible   75        14.99993    0.00000   100%   190 13561s
 6065380 12110 infeasible   84        14.99993    0.00000   100%   190 13565s
 6065408 12127    0.00000   79   76   14.99993    0.00000   100%   190 13570s
 6065918 12139    0.00000   68   18   14.99993    0.00000   100%   190 13575s
 6068380 12112 infeasible   79        14.99993    0.00000   100%   190 13582s
 6070171 12107 infeasible   86        14.99993    0.00000   100%   190 13586s
 6071813 12080    0.00000   68  108   14.99993    0.00000   100%   190 13591s
 6073082 12068    0.00000   74  149   14.99993    0.00000   100%   190 13596s
 6075002 12105 infeasible   84        14.99993    0.00000   100%   190 13600s
 6075153 12009    0.00000   83  166   14.99993    0.00000   100%   190 13610s
 6079775 12013    0.00000   77   99   14.99993    0.00000   100%   190 13615s
 6081500 11981    0.00000   91  146   14.99993    0.00000   100%   190 13622s
 6083526 11982 infeasible   90        14.99993    0.00000   100%   190 13627s
 6085584 11983 infeasible   85        14.99993    0.00000   100%   190 13631s
 6087208 11972    0.00000   78   16   14.99993    0.00000   100%   190 13636s
 6088252 11952 infeasible   75        14.99993    0.00000   100%   190 13641s
 6090569 11981    0.00000   97  141   14.99993    0.00000   100%   190 13645s
 6093087 11986 infeasible   77        14.99993    0.00000   100%   190 13650s
 6095072 11960    0.00000   78   59   14.99993    0.00000   100%   190 13656s
 6096433 11967    0.00000   72  122   14.99993    0.00000   100%   190 13660s
 6098183 11977 infeasible  105        14.99993    0.00000   100%   190 13666s
 6100193 12036    0.00000   79   16   14.99993    0.00000   100%   190 13672s
 6100313 12058    0.00000   81   17   14.99993    0.00000   100%   190 13677s
 6101377 12079 infeasible   80        14.99993    0.00000   100%   190 13681s
 6102531 12076    0.00000   78    8   14.99993    0.00000   100%   190 13685s
 6105673 12120 infeasible   75        14.99993    0.00000   100%   190 13691s
 6105801 12109    0.00000   73   63   14.99993    0.00000   100%   190 13704s
 6110978 12154    0.00000   82  133   14.99993    0.00000   100%   190 13706s
 6112217 12165    0.00000   68   33   14.99993    0.00000   100%   190 13711s
 6114787 12211 infeasible  126        14.99993    0.00000   100%   190 13715s
 6119198 12184 infeasible   88        14.99993    0.00000   100%   190 13720s
 6121271 12215    0.00000   86   66   14.99993    0.00000   100%   190 13725s
 6123902 12185 infeasible  109        14.99993    0.00000   100%   190 13730s
 6125588 12188    0.00000   75   58   14.99993    0.00000   100%   190 13735s
 6129787 12197 infeasible  107        14.99993    0.00000   100%   190 13740s
 6131549 12207    0.00000   98   32   14.99993    0.00000   100%   190 13745s
 6133915 12166 infeasible   76        14.99993    0.00000   100%   190 13751s
 6136157 12257 infeasible  118        14.99993    0.00000   100%   190 13755s
 6139449 12290    0.00000  104  173   14.99993    0.00000   100%   190 13760s
 6141775 12309    0.00000  101  191   14.99993    0.00000   100%   190 13766s
 6145090 12396    0.00000   78   14   14.99993    0.00000   100%   190 13770s
 6147281 12434 infeasible  101        14.99993    0.00000   100%   190 13775s
 6148038 12481    0.00000   75   94   14.99993    0.00000   100%   190 13780s
 6149352 12517    0.00000  113   49   14.99993    0.00000   100%   190 13785s
 6152163 12596 infeasible  109        14.99993    0.00000   100%   190 13790s
 6155548 12637 infeasible  111        14.99993    0.00000   100%   190 13795s
 6158041 12715    0.00000  110  108   14.99993    0.00000   100%   190 13800s
 6161208 12733 infeasible  104        14.99993    0.00000   100%   190 13805s
 6163332 12759 infeasible  122        14.99993    0.00000   100%   190 13810s
 6166866 12791 infeasible  118        14.99993    0.00000   100%   190 13815s
 6168604 12847    0.00000  119   27   14.99993    0.00000   100%   190 13820s
 6173017 12931 infeasible  128        14.99993    0.00000   100%   190 13826s
 6176346 12941    0.00000  109  173   14.99993    0.00000   100%   190 13830s
 6178212 12948 infeasible  128        14.99993    0.00000   100%   190 13835s
 6181818 12999 infeasible  128        14.99993    0.00000   100%   190 13840s
 6186440 12999    0.00000  121  117   14.99993    0.00000   100%   190 13845s
 6189657 13017 infeasible  131        14.99993    0.00000   100%   190 13850s
 6192062 13060    0.00000  114   91   14.99993    0.00000   100%   190 13855s
 6194946 13052    0.00000  120  105   14.99993    0.00000   100%   190 13860s
 6200232 13039    0.00000  128   55   14.99993    0.00000   100%   189 13865s
 6203068 13006 infeasible   99        14.99993    0.00000   100%   189 13870s
 6203312 12997 infeasible  106        14.99993    0.00000   100%   189 13876s
 6204538 12980 infeasible  135        14.99993    0.00000   100%   189 13881s
 6207143 12948    0.00000  121  135   14.99993    0.00000   100%   189 13885s
 6209698 12933    0.00000  129  128   14.99993    0.00000   100%   189 13891s
 6213947 12939    0.00000  128  149   14.99993    0.00000   100%   189 13895s
 6218862 12932    0.00000   97  199   14.99993    0.00000   100%   189 13900s
 6222839 12860 infeasible  109        14.99993    0.00000   100%   189 13905s
 6225845 12879    0.00000  129   40   14.99993    0.00000   100%   189 13910s
 6231928 12902    0.00000  118   53   14.99993    0.00000   100%   189 13915s
 6235757 12836    0.00000  129   26   14.99993    0.00000   100%   189 13920s
 6240515 12835 infeasible  128        14.99993    0.00000   100%   189 13926s
 6244342 12801    0.00000  127    5   14.99993    0.00000   100%   189 13930s
 6248825 12797 infeasible  129        14.99993    0.00000   100%   189 13935s
 6251418 12809 infeasible  127        14.99993    0.00000   100%   189 13940s
 6255666 12851    0.00000  125  131   14.99993    0.00000   100%   189 13946s
 6259906 12837    0.00000  118  122   14.99993    0.00000   100%   189 13950s
 6264621 12998    0.00000  115  186   14.99993    0.00000   100%   189 13955s
 6268739 13060 infeasible  124        14.99993    0.00000   100%   189 13960s
 6271016 13117    0.00000  117    4   14.99993    0.00000   100%   189 13966s
 6275161 13162 infeasible  113        14.99993    0.00000   100%   189 13970s
 6279029 13159    0.00000  125  119   14.99993    0.00000   100%   189 13975s
 6282840 13188    0.00000  121  116   14.99993    0.00000   100%   188 13980s
 6285376 13205 infeasible  117        14.99993    0.00000   100%   188 13985s
 6287978 13241 infeasible  133        14.99993    0.00000   100%   188 13990s
 6289688 13223    0.00000  119  122   14.99993    0.00000   100%   188 13996s
 6291600 13211 infeasible  122        14.99993    0.00000   100%   188 14001s
 6295171 13204 infeasible  122        14.99993    0.00000   100%   188 14005s
 6298133 13222 infeasible  131        14.99993    0.00000   100%   188 14010s
 6302253 13193    0.00000  113  120   14.99993    0.00000   100%   188 14016s
 6306584 13238 infeasible  127        14.99993    0.00000   100%   188 14020s
 6310674 13187 infeasible  119        14.99993    0.00000   100%   188 14025s
 6313309 13147 infeasible  126        14.99993    0.00000   100%   188 14030s
 6317742 13136    0.00000  126  128   14.99993    0.00000   100%   188 14035s
 6321984 13125 infeasible  123        14.99993    0.00000   100%   188 14040s
 6325083 13045    0.00000  121  145   14.99993    0.00000   100%   188 14045s
 6329320 13079    0.00000  124  114   14.99993    0.00000   100%   188 14050s
 6332541 13024 infeasible  130        14.99993    0.00000   100%   188 14055s
 6335783 12981 infeasible   99        14.99993    0.00000   100%   188 14060s
 6340509 12945    0.00000  109  113   14.99993    0.00000   100%   188 14065s
 6344541 12901    0.00000  136  149   14.99993    0.00000   100%   188 14070s
 6346174 12915    0.00000  126  129   14.99993    0.00000   100%   188 14076s
 6346215 12906    0.00000  115  123   14.99993    0.00000   100%   188 14082s
 6346991 12914    0.00000  120  124   14.99993    0.00000   100%   188 14085s
 6349339 12881    0.00000  118  107   14.99993    0.00000   100%   188 14090s
 6352296 12868    0.00000  128   61   14.99993    0.00000   100%   188 14095s
 6356219 12824    0.00000  125   75   14.99993    0.00000   100%   188 14100s
 6359915 12822    0.00000  128   12   14.99993    0.00000   100%   188 14105s
 6364164 12802 infeasible  128        14.99993    0.00000   100%   188 14110s
 6367602 12719 infeasible  122        14.99993    0.00000   100%   188 14115s
 6370020 12745 infeasible  122        14.99993    0.00000   100%   188 14121s
 6373208 12737    0.00000  121  130   14.99993    0.00000   100%   188 14125s
 6377343 12733    0.00000  107    4   14.99993    0.00000   100%   187 14130s
 6381992 12691 infeasible  127        14.99993    0.00000   100%   187 14135s
 6385157 12670 infeasible  122        14.99993    0.00000   100%   187 14140s
 6388928 12622    0.00000  130  149   14.99993    0.00000   100%   187 14145s
 6393105 12667    0.00000  113   95   14.99993    0.00000   100%   187 14150s
 6397076 12672 infeasible  127        14.99993    0.00000   100%   187 14155s
 6400119 12710 infeasible  124        14.99993    0.00000   100%   187 14160s
 6404428 12758    0.00000  128  113   14.99993    0.00000   100%   187 14165s
 6409260 12834    0.00000  114  137   14.99993    0.00000   100%   187 14170s
 6412423 12793 infeasible  122        14.99993    0.00000   100%   187 14175s
 6415997 12769    0.00000  127  143   14.99993    0.00000   100%   187 14180s
 6421454 12766 infeasible  127        14.99993    0.00000   100%   187 14185s
 6425677 12724    0.00000  114  135   14.99993    0.00000   100%   187 14190s
 6429619 12754    0.00000  129  129   14.99993    0.00000   100%   187 14195s
 6433180 12670 infeasible  121        14.99993    0.00000   100%   187 14200s
 6436325 12631    0.00000  125  134   14.99993    0.00000   100%   187 14205s
 6436370 12635    0.00000  128   26   14.99993    0.00000   100%   187 14210s
 6436654 12662 infeasible  105        14.99993    0.00000   100%   187 14215s
 6439690 12617 infeasible  135        14.99993    0.00000   100%   187 14221s
 6442132 12585    0.00000  122  109   14.99993    0.00000   100%   187 14225s
 6446431 12560    0.00000  117  141   14.99993    0.00000   100%   187 14231s
 6450681 12594 infeasible  125        14.99993    0.00000   100%   187 14235s
 6454892 12623 infeasible  109        14.99993    0.00000   100%   187 14240s
 6458232 12666 infeasible  123        14.99993    0.00000   100%   187 14246s
 6461434 12667    0.00000  108   38   14.99993    0.00000   100%   187 14251s
 6464670 12625 infeasible  118        14.99993    0.00000   100%   187 14255s
 6467504 12653    0.00000  126  129   14.99993    0.00000   100%   187 14260s
 6470495 12616 infeasible  128        14.99993    0.00000   100%   187 14265s
 6475869 12563 infeasible   68        14.99993    0.00000   100%   187 14270s
 6479001 12596    0.00000   68   17   14.99993    0.00000   100%   186 14276s
 6481841 12598 infeasible  128        14.99993    0.00000   100%   186 14280s
 6484120 12675 infeasible  128        14.99993    0.00000   100%   186 14286s
 6487034 12740 infeasible   68        14.99993    0.00000   100%   186 14290s
 6489966 12887 infeasible   65        14.99993    0.00000   100%   186 14295s
 6492292 12901 infeasible   68        14.99993    0.00000   100%   186 14300s
 6494099 12929 infeasible   73        14.99993    0.00000   100%   186 14308s
 6496027 12963 infeasible   75        14.99993    0.00000   100%   186 14310s
 6498034 12995 infeasible   74        14.99993    0.00000   100%   186 14316s
 6499818 13045 infeasible   75        14.99993    0.00000   100%   186 14321s
 6500952 13066 infeasible  129        14.99993    0.00000   100%   186 14326s
 6502902 13166 infeasible   71        14.99993    0.00000   100%   186 14330s
 6505153 13233 infeasible  107        14.99993    0.00000   100%   187 14337s
 6506444 13226 infeasible   78        14.99993    0.00000   100%   187 14341s
 6507880 13238    0.00000   89   37   14.99993    0.00000   100%   187 14346s
 6509077 13258 infeasible   72        14.99993    0.00000   100%   187 14352s
 6510521 13259    0.00000   61   88   14.99993    0.00000   100%   187 14355s
 6510612 13316    0.00000   64  122   14.99993    0.00000   100%   187 14361s
 6512128 13336    0.00000   72  154   14.99993    0.00000   100%   187 14367s
 6513679 13350    0.00000   67    7   14.99993    0.00000   100%   187 14370s
 6515266 13358 infeasible   67        14.99993    0.00000   100%   187 14375s
 6517898 13410    0.00000  112  101   14.99993    0.00000   100%   187 14380s
 6519716 13474 infeasible   83        14.99993    0.00000   100%   187 14385s
 6521162 13473 infeasible   68        14.99993    0.00000   100%   187 14390s
 6522931 13502 infeasible   82        14.99993    0.00000   100%   187 14395s
 6524808 13534    0.00000   86   71   14.99993    0.00000   100%   187 14402s
 6526889 13526 infeasible   85        14.99993    0.00000   100%   187 14407s
 6528852 13518    0.00000   74  162   14.99993    0.00000   100%   187 14411s
 6529829 13482 infeasible   78        14.99993    0.00000   100%   187 14416s
 6531960 13507 infeasible   82        14.99993    0.00000   100%   187 14420s
 6533714 13543    0.00000   74   82   14.99993    0.00000   100%   187 14425s
 6535958 13534 infeasible   76        14.99993    0.00000   100%   187 14431s
 6537713 13550 infeasible   70        14.99993    0.00000   100%   187 14435s
 6538028 13581    0.00000   77    4   14.99993    0.00000   100%   187 14440s
 6540102 13623    0.00000   70  119   14.99993    0.00000   100%   187 14447s
 6540903 13609 infeasible   79        14.99993    0.00000   100%   187 14452s
 6542440 13639 infeasible   80        14.99993    0.00000   100%   187 14457s
 6544339 13682    0.00000   68   38   14.99993    0.00000   100%   187 14462s
 6546273 13652    0.00000   76  153   14.99993    0.00000   100%   187 14467s
 6548095 13649    0.00000   90  109   14.99993    0.00000   100%   187 14471s
 6548987 13634 infeasible  127        14.99993    0.00000   100%   187 14476s
 6551344 13594    0.00000   80   48   14.99993    0.00000   100%   187 14480s
 6554419 13560 infeasible   80        14.99993    0.00000   100%   187 14486s
 6554458 13565    0.00000   76  149   14.99993    0.00000   100%   187 14492s
 6555040 13555    0.00000   87    4   14.99993    0.00000   100%   187 14497s
 6555370 13540 infeasible   78        14.99993    0.00000   100%   187 14501s
 6558087 13533    0.00000   75  124   14.99993    0.00000   100%   187 14506s
 6559353 13539 infeasible   68        14.99993    0.00000   100%   187 14511s
 6561359 13583 infeasible   64        14.99993    0.00000   100%   187 14515s
 6563375 13578 infeasible   80        14.99993    0.00000   100%   187 14522s
 6565297 13595    0.00000   76  149   14.99993    0.00000   100%   187 14526s
 6567159 13614    0.00000   81  167   14.99993    0.00000   100%   187 14531s
 6568503 13586 infeasible   85        14.99993    0.00000   100%   187 14535s
 6571142 13524 infeasible   78        14.99993    0.00000   100%   187 14541s
 6572645 13513    0.00000   83  168   14.99993    0.00000   100%   187 14546s
 6574944 13504    0.00000   81  180   14.99993    0.00000   100%   187 14550s
 6576849 13473 infeasible   81        14.99993    0.00000   100%   187 14556s
 6578830 13420    0.00000   69   60   14.99993    0.00000   100%   187 14560s
 6580996 13478 infeasible   78        14.99993    0.00000   100%   187 14566s
 6582971 13444 infeasible   78        14.99993    0.00000   100%   187 14570s
 6585270 13465 infeasible   88        14.99993    0.00000   100%   187 14576s
 6587064 13490    0.00000   75  187   14.99993    0.00000   100%   187 14581s
 6588899 13515 infeasible   78        14.99993    0.00000   100%   187 14585s
 6589689 13518    0.00000   64  134   14.99993    0.00000   100%   187 14590s
 6590092 13536 infeasible   77        14.99993    0.00000   100%   187 14596s
 6591430 13521 infeasible   78        14.99993    0.00000   100%   187 14600s
 6593553 13532    0.00000   87   29   14.99993    0.00000   100%   187 14605s
 6596134 13563    0.00000   90  166   14.99993    0.00000   100%   187 14611s
 6597694 13549    0.00000   88   43   14.99993    0.00000   100%   187 14615s
 6600192 13499    0.00000   68   24   14.99993    0.00000   100%   187 14620s
 6602242 13477 infeasible   72        14.99993    0.00000   100%   187 14627s
 6604061 13503 infeasible   88        14.99993    0.00000   100%   187 14631s
 6605305 13541    0.00000   97  122   14.99993    0.00000   100%   187 14635s
 6607873 13547 infeasible   75        14.99993    0.00000   100%   188 14641s
 6608969 13529    0.00000   74   99   14.99993    0.00000   100%   188 14645s
 6610978 13482    0.00000   69   42   14.99993    0.00000   100%   188 14652s
 6612373 13485 infeasible   73        14.99993    0.00000   100%   188 14656s
 6613689 13433 infeasible   68        14.99993    0.00000   100%   188 14661s
 6615439 13455 infeasible   80        14.99993    0.00000   100%   188 14665s
 6616772 13420 infeasible   71        14.99993    0.00000   100%   188 14670s
 6618696 13415    0.00000   80  182   14.99993    0.00000   100%   188 14677s
 6619105 13422 infeasible   73        14.99993    0.00000   100%   188 14682s
 6619329 13412    0.00000   73  120   14.99993    0.00000   100%   188 14687s
 6623027 13417    0.00000   75  107   14.99993    0.00000   100%   188 14691s
 6624868 13390    0.00000   91   49   14.99993    0.00000   100%   188 14696s
 6626007 13350 infeasible   78        14.99993    0.00000   100%   188 14700s
 6628629 13368    0.00000   74  175   14.99993    0.00000   100%   188 14706s
 6629207 13409 infeasible   84        14.99993    0.00000   100%   188 14710s
 6631229 13414 infeasible   73        14.99993    0.00000   100%   188 14715s
 6633419 13415 infeasible   74        14.99993    0.00000   100%   188 14720s
 6636010 13419 infeasible   93        14.99993    0.00000   100%   188 14726s
 6637128 13411 infeasible   82        14.99993    0.00000   100%   188 14730s
 6638457 13369 infeasible   71        14.99993    0.00000   100%   188 14735s
 6640347 13371 infeasible   77        14.99993    0.00000   100%   188 14740s
 6641704 13371 infeasible   72        14.99993    0.00000   100%   188 14745s
 6644280 13334 infeasible   72        14.99993    0.00000   100%   188 14752s
 6645935 13364    0.00000   68   40   14.99993    0.00000   100%   188 14756s
 6646870 13355 infeasible   81        14.99993    0.00000   100%   188 14761s
 6646891 13411    0.00000   83   67   14.99993    0.00000   100%   188 14766s
 6648074 13366    0.00000   74  166   14.99993    0.00000   100%   188 14770s
 6649940 13351 infeasible   68        14.99993    0.00000   100%   188 14775s
 6652214 13357 infeasible   98        14.99993    0.00000   100%   188 14783s
 6653730 13369    0.00000   90  162   14.99993    0.00000   100%   188 14785s
 6654991 13348 infeasible   77        14.99993    0.00000   100%   188 14790s
 6657747 13334    0.00000   79  125   14.99993    0.00000   100%   188 14796s
 6659254 13344    0.00000   98    8   14.99993    0.00000   100%   188 14800s
 6661328 13322 infeasible   72        14.99993    0.00000   100%   188 14805s
 6663205 13290    0.00000   78   31   14.99993    0.00000   100%   188 14811s
 6664979 13300 infeasible   84        14.99993    0.00000   100%   188 14815s
 6667181 13349 infeasible  102        14.99993    0.00000   100%   188 14822s
 6668530 13337 infeasible   88        14.99993    0.00000   100%   188 14826s
 6670096 13350 infeasible   70        14.99993    0.00000   100%   188 14830s
 6672120 13360    0.00000   97   10   14.99993    0.00000   100%   188 14835s
 6672946 13356 infeasible   80        14.99993    0.00000   100%   188 14840s
 6674879 13346 infeasible   79        14.99993    0.00000   100%   188 14845s
 6676182 13353    0.00000   88   94   14.99993    0.00000   100%   188 14851s
 6676567 13322    0.00000   90  100   14.99993    0.00000   100%   188 14856s
 6678327 13340    0.00000   98   52   14.99993    0.00000   100%   188 14861s
 6680819 13339    0.00000   80  154   14.99993    0.00000   100%   188 14865s
 6681846 13295 infeasible   88        14.99993    0.00000   100%   188 14870s
 6684707 13364    0.00000   82  166   14.99993    0.00000   100%   188 14876s
 6687420 13327    0.00000   78   12   14.99993    0.00000   100%   188 14881s
 6688758 13349    0.00000   77  156   14.99993    0.00000   100%   188 14885s
 6690873 13286 infeasible   89        14.99993    0.00000   100%   188 14890s
 6692941 13241    0.00000   82   92   14.99993    0.00000   100%   188 14895s
 6695097 13237    0.00000   64  144   14.99993    0.00000   100%   188 14901s
 6697119 13238    0.00000   73   75   14.99993    0.00000   100%   188 14905s
 6698018 13227 infeasible   78        14.99993    0.00000   100%   188 14910s
 6701194 13190    0.00000   98   16   14.99993    0.00000   100%   188 14915s
 6703623 13243 infeasible   78        14.99993    0.00000   100%   188 14920s
 6705751 13279 infeasible  106        14.99993    0.00000   100%   188 14926s
 6709208 13239 infeasible   98        14.99993    0.00000   100%   188 14930s
 6711429 13177    0.00000   64  171   14.99993    0.00000   100%   188 14935s
 6713001 13211    0.00000   71   80   14.99993    0.00000   100%   188 14941s
 6714709 13226    0.00000   74  165   14.99993    0.00000   100%   188 14945s
 6715480 13237    0.00000   75  153   14.99993    0.00000   100%   188 14952s
 6716582 13172    0.00000   76   91   14.99993    0.00000   100%   188 14957s
 6717872 13137 infeasible   83        14.99993    0.00000   100%   188 14962s
 6719784 13135    0.00000  111  121   14.99993    0.00000   100%   188 14967s
 6721456 13131 infeasible   77        14.99993    0.00000   100%   188 14972s
 6723218 13144 infeasible   68        14.99993    0.00000   100%   188 14977s
 6725343 13132    0.00000   77    4   14.99993    0.00000   100%   188 14982s
 6726393 13147    0.00000   71  104   14.99993    0.00000   100%   188 14986s
 6727469 13134    0.00000   81   59   14.99993    0.00000   100%   188 14991s
 6729226 13113 infeasible   97        14.99993    0.00000   100%   188 14995s
 6730629 13145 infeasible   78        14.99993    0.00000   100%   188 15000s
 6732334 13186    0.00000   73   86   14.99993    0.00000   100%   188 15006s
 6734475 13194 infeasible   76        14.99993    0.00000   100%   188 15011s
 6736573 13210 infeasible   79        14.99993    0.00000   100%   188 15016s
 6738041 13229 infeasible   76        14.99993    0.00000   100%   189 15021s
 6739210 13250 infeasible   86        14.99993    0.00000   100%   189 15025s
 6741083 13245 infeasible   78        14.99993    0.00000   100%   189 15031s
 6742300 13229    0.00000   66  149   14.99993    0.00000   100%   189 15042s
 6745951 13229    0.00000   91   86   14.99993    0.00000   100%   189 15047s
 6745963 13270 infeasible   92        14.99993    0.00000   100%   189 15050s
 6746474 13310 infeasible   79        14.99993    0.00000   100%   189 15056s
 6748478 13359 infeasible   88        14.99993    0.00000   100%   189 15061s
 6750410 13422    0.00000   88   29   14.99993    0.00000   100%   189 15066s
 6752021 13418    0.00000   77   64   14.99993    0.00000   100%   189 15070s
 6753826 13460    0.00000   97   94   14.99993    0.00000   100%   189 15076s
 6755166 13471    0.00000   74  137   14.99993    0.00000   100%   189 15081s
 6757275 13544 infeasible   98        14.99993    0.00000   100%   189 15085s
 6759571 13580 infeasible   99        14.99993    0.00000   100%   189 15090s
 6761749 13595    0.00000   75  153   14.99993    0.00000   100%   189 15096s
 6763604 13606 infeasible   78        14.99993    0.00000   100%   189 15101s
 6765037 13633    0.00000   87    8   14.99993    0.00000   100%   189 15105s
 6767514 13669 infeasible   98        14.99993    0.00000   100%   189 15111s
 6768731 13658    0.00000   88   81   14.99993    0.00000   100%   189 15115s
 6771310 13653 infeasible   97        14.99993    0.00000   100%   189 15121s
 6773412 13604 infeasible   98        14.99993    0.00000   100%   189 15125s
 6776348 13583    0.00000   97    4   14.99993    0.00000   100%   189 15131s
 6777241 13546    0.00000   89   53   14.99993    0.00000   100%   189 15141s
 6780374 13554    0.00000   95  137   14.99993    0.00000   100%   189 15146s
 6780634 13526    0.00000   97    6   14.99993    0.00000   100%   189 15151s
 6782285 13495    0.00000   88   44   14.99993    0.00000   100%   189 15156s
 6784337 13509    0.00000   98   40   14.99993    0.00000   100%   189 15160s
 6786949 13484    0.00000   86  166   14.99993    0.00000   100%   189 15166s
 6788504 13484 infeasible   81        14.99993    0.00000   100%   189 15170s
 6791141 13467    0.00000   97    8   14.99993    0.00000   100%   189 15176s
 6792842 13474 infeasible   92        14.99993    0.00000   100%   189 15180s
 6794704 13428    0.00000   93  103   14.99993    0.00000   100%   189 15186s
 6796712 13389    0.00000   93  151   14.99993    0.00000   100%   189 15191s
 6799093 13337 infeasible   98        14.99993    0.00000   100%   189 15195s
 6801297 13366    0.00000   98   39   14.99993    0.00000   100%   189 15200s
 6803556 13343    0.00000   97    9   14.99993    0.00000   100%   189 15206s
 6806452 13367    0.00000  103   43   14.99993    0.00000   100%   189 15211s
 6807792 13297 infeasible   98        14.99993    0.00000   100%   189 15220s
 6813252 13279 infeasible  120        14.99993    0.00000   100%   189 15226s
 6814567 13278    0.00000   85   68   14.99993    0.00000   100%   189 15230s
 6814684 13286 infeasible   87        14.99993    0.00000   100%   189 15236s
 6815515 13309 infeasible   98        14.99993    0.00000   100%   189 15240s
 6817619 13272 infeasible   89        14.99993    0.00000   100%   189 15246s
 6819675 13313 infeasible   78        14.99993    0.00000   100%   189 15251s
 6820895 13307    0.00000   79   30   14.99993    0.00000   100%   189 15255s
 6823845 13326 infeasible   88        14.99993    0.00000   100%   189 15261s
 6825165 13327 infeasible  100        14.99993    0.00000   100%   189 15265s
 6827787 13335 infeasible  107        14.99993    0.00000   100%   189 15271s
 6828726 13413    0.00000  107  185   14.99993    0.00000   100%   189 15275s
 6831497 13428 infeasible  111        14.99993    0.00000   100%   189 15282s
 6832975 13375 infeasible   95        14.99993    0.00000   100%   189 15286s
 6835028 13360 infeasible   78        14.99993    0.00000   100%   189 15290s
 6837805 13411    0.00000   88   14   14.99993    0.00000   100%   189 15296s
 6838944 13406    0.00000  108  103   14.99993    0.00000   100%   189 15300s
 6841673 13411 infeasible   78        14.99993    0.00000   100%   189 15306s
 6843152 13460 infeasible  103        14.99993    0.00000   100%   189 15310s
 6845430 13420    0.00000   98   64   14.99993    0.00000   100%   189 15315s
 6848020 13424 infeasible  105        14.99993    0.00000   100%   189 15321s
 6850941 13396    0.00000  131   65   14.99993    0.00000   100%   189 15326s
 6852317 13385    0.00000   97   10   14.99993    0.00000   100%   189 15330s
 6853147 13310    0.00000   70  110   14.99993    0.00000   100%   189 15353s
 6861147 13362    0.00000  107    8   14.99993    0.00000   100%   189 15355s
 6862062 13377    0.00000  118   48   14.99993    0.00000   100%   189 15360s
 6864936 13407    0.00000  115  101   14.99993    0.00000   100%   189 15367s
 6865918 13434 infeasible  127        14.99993    0.00000   100%   189 15371s
 6868091 13432 infeasible  127        14.99993    0.00000   100%   189 15375s
 6871498 13516 infeasible  108        14.99993    0.00000   100%   189 15380s
 6873684 13521 infeasible   96        14.99993    0.00000   100%   189 15385s
 6875341 13570    0.00000  129   16   14.99993    0.00000   100%   189 15390s
 6878124 13627    0.00000  118   17   14.99993    0.00000   100%   189 15395s
 6881124 13693 infeasible  103        14.99993    0.00000   100%   189 15400s
 6883849 13661 infeasible  107        14.99993    0.00000   100%   189 15406s
 6886211 13659 infeasible  128        14.99993    0.00000   100%   189 15411s
 6886293 13560    0.00000  126   93   14.99993    0.00000   100%   189 15425s
 6894367 13573    0.00000  108  184   14.99993    0.00000   100%   189 15431s
 6895300 13651    0.00000  114  150   14.99993    0.00000   100%   189 15436s
 6898351 13599    0.00000  108   13   14.99993    0.00000   100%   189 15441s
 6900656 13580    0.00000  110   95   14.99993    0.00000   100%   189 15446s
 6903546 13591 infeasible  117        14.99993    0.00000   100%   189 15451s
 6906106 13595 infeasible  128        14.99993    0.00000   100%   189 15455s
 6908199 13553    0.00000  124   70   14.99993    0.00000   100%   189 15461s
 6910705 13503    0.00000  118   14   14.99993    0.00000   100%   189 15465s
 6913549 13431    0.00000  117  175   14.99993    0.00000   100%   189 15471s
 6915434 13399 infeasible  108        14.99993    0.00000   100%   189 15475s
 6918347 13429 infeasible  122        14.99993    0.00000   100%   189 15480s
 6922159 13396    0.00000  130  128   14.99993    0.00000   100%   189 15486s
 6924507 13388 infeasible   95        14.99993    0.00000   100%   189 15490s
 6926330 13356    0.00000  118  114   14.99993    0.00000   100%   189 15495s
 6928982 13313 infeasible  130        14.99993    0.00000   100%   189 15500s
 6931144 13330 infeasible  120        14.99993    0.00000   100%   189 15507s
 6931277 13251 infeasible  130        14.99993    0.00000   100%   189 15518s
 6935993 13260 infeasible  118        14.99993    0.00000   100%   189 15520s
 6937110 13217 infeasible  115        14.99993    0.00000   100%   189 15525s
 6940776 13164    0.00000   88   18   14.99993    0.00000   100%   189 15531s
 6942042 13187 infeasible   72        14.99993    0.00000   100%   189 15535s
 6944282 13140    0.00000  118  106   14.99993    0.00000   100%   189 15541s
 6946184 13095    0.00000  125   94   14.99993    0.00000   100%   189 15545s
 6948881 13080    0.00000   68    8   14.99993    0.00000   100%   189 15552s
 6950649 13043    0.00000   70  163   14.99993    0.00000   100%   189 15556s
 6951944 13063 infeasible   71        14.99993    0.00000   100%   189 15561s
 6953770 13040 infeasible  108        14.99993    0.00000   100%   189 15566s
 6955267 12985 infeasible  123        14.99993    0.00000   100%   189 15570s
 6956238 12984 infeasible  108        14.99993    0.00000   100%   189 15575s
 6957098 13037    0.00000   69   31   14.99993    0.00000   100%   189 15582s
 6958868 13066 infeasible   75        14.99993    0.00000   100%   189 15587s
 6959770 13048    0.00000   58   26   14.99993    0.00000   100%   189 15590s
 6961357 13037    0.00000   87   99   14.99993    0.00000   100%   189 15595s
 6962598 13055 infeasible   78        14.99993    0.00000   100%   189 15600s
 6963779 13012    0.00000   70  107   14.99993    0.00000   100%   189 15607s
 6966293 13015 infeasible   88        14.99993    0.00000   100%   189 15611s
 6967942 12999 infeasible   82        14.99993    0.00000   100%   189 15616s
 6969560 12960 infeasible  118        14.99993    0.00000   100%   189 15621s
 6970543 12955 infeasible   89        14.99993    0.00000   100%   189 15626s
 6972264 12975 infeasible   98        14.99993    0.00000   100%   189 15631s
 6974152 13046 infeasible  124        14.99993    0.00000   100%   189 15636s
 6975871 13025 infeasible   68        14.99993    0.00000   100%   189 15641s
 6977160 13011    0.00000   78   18   14.99993    0.00000   100%   189 15645s
 6978546 13027    0.00000  125   97   14.99993    0.00000   100%   189 15650s
 6980313 13078 infeasible   81        14.99993    0.00000   100%   189 15658s
 6980514 13102    0.00000   80   19   14.99993    0.00000   100%   189 15662s
 6981513 13124 infeasible   71        14.99993    0.00000   100%   189 15666s
 6983442 13176 infeasible   78        14.99993    0.00000   100%   189 15673s
 6984502 13210    0.00000   79  174   14.99993    0.00000   100%   189 15676s
 6986176 13162 infeasible   84        14.99993    0.00000   100%   189 15682s
 6988172 13170 infeasible   66        14.99993    0.00000   100%   189 15687s
 6989119 13221    0.00000   78   41   14.99993    0.00000   100%   189 15691s
 6990563 13202    0.00000   68   19   14.99993    0.00000   100%   189 15697s
 6992490 13218 infeasible   76        14.99993    0.00000   100%   189 15703s
 6993593 13224    0.00000   63  142   14.99993    0.00000   100%   189 15705s
 6994507 13226    0.00000   74  155   14.99993    0.00000   100%   190 15711s
 6996268 13249 infeasible   74        14.99993    0.00000   100%   190 15715s
 6998494 13237    0.00000   74  111   14.99993    0.00000   100%   190 15720s
 6999214 13245 infeasible   75        14.99993    0.00000   100%   190 15727s
 6999471 13246 infeasible   74        14.99993    0.00000   100%   190 15730s
 7000428 13259 infeasible   81        14.99993    0.00000   100%   190 15735s
 7003018 13286 infeasible   73        14.99993    0.00000   100%   190 15742s
 7004867 13307    0.00000   65  159   14.99993    0.00000   100%   190 15746s
 7006119 13320    0.00000   97    6   14.99993    0.00000   100%   190 15751s
 7008119 13376    0.00000   73  127   14.99993    0.00000   100%   190 15756s
 7009404 13377 infeasible   76        14.99993    0.00000   100%   190 15762s
 7010640 13386    0.00000   70  107   14.99993    0.00000   100%   190 15765s
 7011867 13376 infeasible   77        14.99993    0.00000   100%   190 15771s
 7014030 13366 infeasible   78        14.99993    0.00000   100%   190 15776s
 7015957 13344    0.00000   82  117   14.99993    0.00000   100%   190 15780s
 7017016 13304    0.00000   83  158   14.99993    0.00000   100%   190 15786s
 7019097 13267 infeasible   76        14.99993    0.00000   100%   190 15791s
 7021043 13256 infeasible   80        14.99993    0.00000   100%   190 15796s
 7022519 13233 infeasible   89        14.99993    0.00000   100%   190 15801s
 7023944 13243 infeasible   86        14.99993    0.00000   100%   190 15806s
 7023965 13099 infeasible   88        14.99993    0.00000   100%   190 15839s
 7031222 13189    0.00000   85  139   14.99993    0.00000   100%   190 15841s
 7032123 13182    0.00000   72   76   14.99993    0.00000   100%   190 15847s
 7032725 13146    0.00000   82  124   14.99993    0.00000   100%   190 15850s
 7034920 13092    0.00000   82   61   14.99993    0.00000   100%   190 15856s
 7036567 13080 infeasible   80        14.99993    0.00000   100%   190 15861s
 7038689 13033    0.00000  121  105   14.99993    0.00000   100%   190 15866s
 7040456 13007 infeasible   79        14.99993    0.00000   100%   190 15872s
 7042752 12970 infeasible   70        14.99993    0.00000   100%   190 15877s
 7044692 12986 infeasible   70        14.99993    0.00000   100%   190 15882s
 7045688 12960    0.00000   69   74   14.99993    0.00000   100%   190 15887s
 7047118 12955    0.00000   73  159   14.99993    0.00000   100%   190 15892s
 7048457 12958    0.00000   63  105   14.99993    0.00000   100%   190 15896s
 7050276 12915 infeasible   81        14.99993    0.00000   100%   190 15901s
 7051958 12984 infeasible   68        14.99993    0.00000   100%   190 15905s
 7053560 12967    0.00000   68   21   14.99993    0.00000   100%   190 15910s
 7055891 12939 infeasible   77        14.99993    0.00000   100%   190 15916s
 7056808 12942    0.00000   84  161   14.99993    0.00000   100%   190 15922s
 7057150 12957    0.00000   75   45   14.99993    0.00000   100%   190 15926s
 7057756 12951    0.00000   76  125   14.99993    0.00000   100%   190 15931s
 7059751 13000    0.00000   78   49   14.99993    0.00000   100%   190 15935s
 7062108 13027    0.00000   68   15   14.99993    0.00000   100%   190 15941s
 7064422 13065    0.00000   80   97   14.99993    0.00000   100%   190 15946s
 7065980 13061 infeasible   86        14.99993    0.00000   100%   190 15950s
 7067683 13084    0.00000   77  151   14.99993    0.00000   100%   190 15956s
 7069290 13066    0.00000   71   38   14.99993    0.00000   100%   190 15961s
 7071100 13054 infeasible   83        14.99993    0.00000   100%   190 15965s
 7072736 13038    0.00000   63  128   14.99993    0.00000   100%   190 15970s
 7074879 13023 infeasible   78        14.99993    0.00000   100%   190 15976s
 7076729 13049    0.00000   70   93   14.99993    0.00000   100%   190 15980s
 7078801 12951 infeasible   78        14.99993    0.00000   100%   190 15987s
 7080087 12945    0.00000   66  143   14.99993    0.00000   100%   191 15991s
 7081833 12967 infeasible   76        14.99993    0.00000   100%   191 15996s
 7083825 12993 infeasible   78        14.99993    0.00000   100%   191 16001s
 7084325 13000    0.00000   85  197   14.99993    0.00000   100%   191 16006s
 7084542 13090    0.00000   87  199   14.99993    0.00000   100%   191 16010s
 7086390 13157 infeasible   63        14.99993    0.00000   100%   191 16015s
 7089313 13412    0.00000   80   69   14.99993    0.00000   100%   191 16022s
 7091376 13659 infeasible  111        14.99993    0.00000   100%   191 16026s
 7093339 13789 infeasible   76        14.99993    0.00000   100%   191 16030s
 7095865 13976 infeasible   79        14.99993    0.00000   100%   191 16036s
 7098011 14145    0.00000   68   18   14.99993    0.00000   100%   191 16041s
 7101107 14295 infeasible   98        14.99993    0.00000   100%   191 16046s
 7103041 14449    0.00000   73   72   14.99993    0.00000   100%   191 16051s
 7105122 14516    0.00000   72   92   14.99993    0.00000   100%   190 16055s
 7108462 14638 infeasible   88        14.99993    0.00000   100%   190 16061s
 7109877 14715    0.00000   93  118   14.99993    0.00000   100%   190 16065s
 7111914 14742 infeasible   94        14.99993    0.00000   100%   190 16070s
 7114932 14827    0.00000   70   83   14.99993    0.00000   100%   190 16075s
 7118131 14933    0.00000  105  102   14.99993    0.00000   100%   190 16080s
 7120044 15020    0.00000   78   16   14.99993    0.00000   100%   190 16086s
 7122105 15086    0.00000   87   76   14.99993    0.00000   100%   190 16091s
 7123555 15129 infeasible   98        14.99993    0.00000   100%   190 16095s
 7123590 15145 infeasible  101        14.99993    0.00000   100%   190 16102s
 7124574 15191 infeasible  108        14.99993    0.00000   100%   190 16107s
 7126477 15173    0.00000   88   31   14.99993    0.00000   100%   190 16111s
 7128257 15242 infeasible  108        14.99993    0.00000   100%   190 16115s
 7131585 15313    0.00000  105  116   14.99993    0.00000   100%   190 16121s
 7132968 15344 infeasible  108        14.99993    0.00000   100%   190 16125s
 7136380 15380 infeasible   88        14.99993    0.00000   100%   190 16130s
 7139012 15431 infeasible   88        14.99993    0.00000   100%   190 16135s
 7141321 15460 infeasible   98        14.99993    0.00000   100%   190 16140s
 7144268 15486    0.00000   85   78   14.99993    0.00000   100%   190 16145s
 7147855 15478    0.00000   79   97   14.99993    0.00000   100%   190 16150s
 7148104 15505 infeasible   98        14.99993    0.00000   100%   190 16155s
 7151142 15542    0.00000   99  128   14.99993    0.00000   100%   190 16160s
 7154495 15551    0.00000   96  123   14.99993    0.00000   100%   190 16166s
 7156113 15571    0.00000  110   80   14.99993    0.00000   100%   190 16170s
 7158765 15583 infeasible   98        14.99993    0.00000   100%   190 16175s
 7161998 15556 infeasible  111        14.99993    0.00000   100%   190 16180s
 7164192 15560 infeasible  109        14.99993    0.00000   100%   190 16185s
 7166792 15430    0.00000   91  102   14.99993    0.00000   100%   190 16191s
 7169336 15414 infeasible   98        14.99993    0.00000   100%   190 16195s
 7170950 15402    0.00000   94  112   14.99993    0.00000   100%   190 16200s
 7172216 15391 infeasible   88        14.99993    0.00000   100%   190 16205s
 7172327 15376    0.00000  100  167   14.99993    0.00000   100%   190 16211s
 7173393 15329    0.00000   96  127   14.99993    0.00000   100%   190 16215s
 7177158 15298 infeasible   97        14.99993    0.00000   100%   190 16221s
 7179611 15287    0.00000  107  147   14.99993    0.00000   100%   190 16226s
 7182848 15281 infeasible   84        14.99993    0.00000   100%   190 16231s
 7184874 15318 infeasible   78        14.99993    0.00000   100%   190 16236s
 7187067 15308 infeasible   88        14.99993    0.00000   100%   190 16240s
 7190015 15250 infeasible   88        14.99993    0.00000   100%   190 16245s
 7191616 15312 infeasible   98        14.99993    0.00000   100%   190 16250s
 7194356 15299 infeasible   72        14.99993    0.00000   100%   190 16255s
 7196592 15256 infeasible   98        14.99993    0.00000   100%   190 16260s
 7198298 15255 infeasible   88        14.99993    0.00000   100%   190 16265s
 7201135 15258    0.00000   90  141   14.99993    0.00000   100%   190 16270s
 7204219 15199 infeasible   97        14.99993    0.00000   100%   190 16275s
 7205843 15212 infeasible   90        14.99993    0.00000   100%   190 16280s
 7208588 15206 infeasible   98        14.99993    0.00000   100%   190 16285s
 7210885 15176 infeasible   98        14.99993    0.00000   100%   190 16290s
 7212879 15207 infeasible   99        14.99993    0.00000   100%   190 16295s
 7215311 15197 infeasible   98        14.99993    0.00000   100%   190 16300s
 7218262 15143 infeasible   98        14.99993    0.00000   100%   190 16306s
 7221183 15128 infeasible   94        14.99993    0.00000   100%   190 16311s
 7221880 15133 infeasible   94        14.99993    0.00000   100%   190 16316s
 7223123 15098    0.00000  100   70   14.99993    0.00000   100%   190 16322s
 7224492 15119 infeasible   88        14.99993    0.00000   100%   190 16327s
 7227013 15131 infeasible   88        14.99993    0.00000   100%   190 16331s
 7228649 15122    0.00000   98    4   14.99993    0.00000   100%   190 16335s
 7232308 15129    0.00000   88   18   14.99993    0.00000   100%   190 16341s
 7233778 15138 infeasible   98        14.99993    0.00000   100%   190 16345s
 7236840 15098 infeasible   89        14.99993    0.00000   100%   190 16350s
 7239147 15063    0.00000   81  111   14.99993    0.00000   100%   190 16356s
 7241959 15023 infeasible   98        14.99993    0.00000   100%   190 16360s
 7243873 15052 infeasible   78        14.99993    0.00000   100%   190 16365s
 7245663 15051    0.00000   94  147   14.99993    0.00000   100%   190 16370s
 7248659 15047    0.00000   88   96   14.99993    0.00000   100%   190 16376s
 7251273 15056 infeasible   90        14.99993    0.00000   100%   190 16381s
 7253987 15038 infeasible   88        14.99993    0.00000   100%   190 16386s
 7255724 15039 infeasible   88        14.99993    0.00000   100%   190 16390s
 7258461 15011    0.00000   83  126   14.99993    0.00000   100%   190 16396s
 7259642 15031 infeasible   98        14.99993    0.00000   100%   190 16402s
 7261201 15034 infeasible   98        14.99993    0.00000   100%   190 16406s
 7263798 15013 infeasible   78        14.99993    0.00000   100%   190 16411s
 7265634 14984    0.00000   88   19   14.99993    0.00000   100%   190 16415s
 7268749 15008    0.00000   92  103   14.99993    0.00000   100%   190 16421s
 7270658 14931 infeasible   88        14.99993    0.00000   100%   190 16425s
 7272986 14912 infeasible   98        14.99993    0.00000   100%   190 16430s
 7274890 14890 infeasible   98        14.99993    0.00000   100%   190 16435s
 7276150 14880    0.00000  109   99   14.99993    0.00000   100%   190 16440s
 7276633 14922 infeasible   86        14.99993    0.00000   100%   190 16445s
 7278336 14904 infeasible  107        14.99993    0.00000   100%   190 16450s
 7281650 14855 infeasible   98        14.99993    0.00000   100%   190 16455s
 7284327 14830    0.00000  100  132   14.99993    0.00000   100%   190 16460s
 7286429 14818 infeasible  110        14.99993    0.00000   100%   190 16465s
 7289207 14826 infeasible   88        14.99993    0.00000   100%   190 16471s
 7289542 14791 infeasible   78        14.99993    0.00000   100%   190 16475s
 7294709 14780 infeasible   98        14.99993    0.00000   100%   190 16480s
 7296639 14796    0.00000   96  144   14.99993    0.00000   100%   190 16485s
 7299996 14732 infeasible   98        14.99993    0.00000   100%   190 16491s
 7301635 14712 infeasible   88        14.99993    0.00000   100%   190 16496s
 7304506 14713    0.00000   86  101   14.99993    0.00000   100%   190 16501s
 7307610 14695    0.00000   97   97   14.99993    0.00000   100%   190 16506s
 7309072 14674    0.00000   99  134   14.99993    0.00000   100%   190 16510s
 7311615 14676 infeasible   98        14.99993    0.00000   100%   190 16515s
 7313230 14647 infeasible   86        14.99993    0.00000   100%   190 16520s
 7313763 14653    0.00000   87    6   14.99993    0.00000   100%   190 16525s
 7316143 14630 infeasible   98        14.99993    0.00000   100%   190 16530s
 7318749 14654 infeasible   94        14.99993    0.00000   100%   190 16535s
 7322086 14698 infeasible   83        14.99993    0.00000   100%   190 16541s
 7324046 14719 infeasible  108        14.99993    0.00000   100%   190 16545s
 7326914 14707    0.00000   77  107   14.99993    0.00000   100%   190 16551s
 7328532 14688    0.00000  102  119   14.99993    0.00000   100%   190 16555s
 7332642 14665 infeasible   88        14.99993    0.00000   100%   190 16560s
 7334877 14651    0.00000   85  113   14.99993    0.00000   100%   190 16565s
 7337660 14598 infeasible   88        14.99993    0.00000   100%   190 16570s
 7340050 14586 infeasible   98        14.99993    0.00000   100%   190 16575s
 7342782 14559 infeasible  102        14.99993    0.00000   100%   190 16580s
 7343927 14552 infeasible   93        14.99993    0.00000   100%   190 16586s
 7345939 14517 infeasible  109        14.99993    0.00000   100%   190 16590s
 7345998 14491    0.00000   97  118   14.99993    0.00000   100%   190 16596s
 7346687 14490    0.00000   85  126   14.99993    0.00000   100%   190 16601s
 7349497 14479    0.00000   97    4   14.99993    0.00000   100%   190 16605s
 7352399 14425 infeasible   88        14.99993    0.00000   100%   190 16610s
 7354557 14450 infeasible   96        14.99993    0.00000   100%   190 16616s
 7356759 14467    0.00000   78   17   14.99993    0.00000   100%   190 16620s
 7357904 14489 infeasible   87        14.99993    0.00000   100%   190 16625s
 7361766 14477 infeasible   76        14.99993    0.00000   100%   190 16630s
 7363544 14509 infeasible   88        14.99993    0.00000   100%   190 16636s
 7365527 14526 infeasible   89        14.99993    0.00000   100%   190 16640s
 7367758 14474 infeasible   96        14.99993    0.00000   100%   190 16646s
 7370875 14479 infeasible   98        14.99993    0.00000   100%   190 16651s
 7373316 14463 infeasible   86        14.99993    0.00000   100%   190 16655s
 7376007 14459 infeasible   96        14.99993    0.00000   100%   190 16661s
 7378695 14454    0.00000   96  104   14.99993    0.00000   100%   190 16665s
 7380867 14434 infeasible   78        14.99993    0.00000   100%   190 16670s
 7383275 14405    0.00000   83  199   14.99993    0.00000   100%   190 16675s
 7385994 14402 infeasible   78        14.99993    0.00000   100%   190 16680s
 7388524 14365 infeasible   78        14.99993    0.00000   100%   190 16685s
 7388789 14387 infeasible   88        14.99993    0.00000   100%   190 16692s
 7389043 14438 infeasible   89        14.99993    0.00000   100%   190 16695s
 7392392 14422 infeasible   99        14.99993    0.00000   100%   190 16701s
 7393735 14395 infeasible   98        14.99993    0.00000   100%   190 16706s
 7395891 14417    0.00000   98   20   14.99993    0.00000   100%   190 16710s
 7398422 14401    0.00000   99  107   14.99993    0.00000   100%   190 16716s
 7400122 14413    0.00000   84  103   14.99993    0.00000   100%   190 16721s
 7402202 14350 infeasible  103        14.99993    0.00000   100%   190 16725s
 7405071 14329 infeasible   88        14.99993    0.00000   100%   190 16731s
 7406922 14329 infeasible   98        14.99993    0.00000   100%   190 16735s
 7409043 14274 infeasible   91        14.99993    0.00000   100%   190 16740s
 7411363 14259    0.00000   98   21   14.99993    0.00000   100%   190 16745s
 7413913 14269    0.00000   86  125   14.99993    0.00000   100%   190 16750s
 7416501 14309 infeasible   98        14.99993    0.00000   100%   190 16755s
 7419074 14335 infeasible   98        14.99993    0.00000   100%   190 16760s
 7421147 14330 infeasible   81        14.99993    0.00000   100%   190 16765s
 7424461 14442    0.00000   97    4   14.99993    0.00000   100%   190 16770s
 7426464 14453 infeasible   88        14.99993    0.00000   100%   190 16775s
 7427432 14449    0.00000  108  100   14.99993    0.00000   100%   190 16781s
 7428613 14455 infeasible   78        14.99993    0.00000   100%   190 16786s
 7431313 14468 infeasible   88        14.99993    0.00000   100%   190 16791s
 7432511 14482 infeasible   98        14.99993    0.00000   100%   190 16795s
 7434782 14497 infeasible   83        14.99993    0.00000   100%   190 16800s
 7436746 14502 infeasible   78        14.99993    0.00000   100%   190 16805s
 7439290 14478 infeasible   95        14.99993    0.00000   100%   190 16811s
 7440819 14457 infeasible   97        14.99993    0.00000   100%   190 16815s
 7443371 14486 infeasible   75        14.99993    0.00000   100%   190 16820s
 7445638 14465    0.00000   99   12   14.99993    0.00000   100%   190 16825s
 7448280 14429 infeasible  101        14.99993    0.00000   100%   190 16830s
 7450187 14403    0.00000   87   14   14.99993    0.00000   100%   190 16836s
 7452180 14407    0.00000   98    9   14.99993    0.00000   100%   190 16840s
 7455522 14376    0.00000   94  123   14.99993    0.00000   100%   190 16846s
 7457255 14361    0.00000   88    7   14.99993    0.00000   100%   190 16851s
 7459072 14360 infeasible  105        14.99993    0.00000   100%   190 16855s
 7460655 14348 infeasible   87        14.99993    0.00000   100%   190 16860s
 7461021 14368 infeasible  101        14.99993    0.00000   100%   190 16866s
 7462410 14339 infeasible   85        14.99993    0.00000   100%   190 16870s
 7465250 14322    0.00000  101  107   14.99993    0.00000   100%   190 16876s
 7466755 14306    0.00000   92  104   14.99993    0.00000   100%   190 16881s
 7468955 14309    0.00000   87   12   14.99993    0.00000   100%   190 16885s
 7472209 14263    0.00000   97    7   14.99993    0.00000   100%   190 16891s
 7474537 14243 infeasible   88        14.99993    0.00000   100%   189 16896s
 7476299 14236 infeasible   78        14.99993    0.00000   100%   189 16900s
 7479197 14287 infeasible   95        14.99993    0.00000   100%   189 16905s
 7481592 14322 infeasible   90        14.99993    0.00000   100%   189 16910s
 7484796 14440 infeasible   90        14.99993    0.00000   100%   189 16916s
 7486522 14538    0.00000   78    4   14.99993    0.00000   100%   189 16920s
 7489716 14587 infeasible  108        14.99993    0.00000   100%   189 16926s
 7491461 14661    0.00000   97  108   14.99993    0.00000   100%   189 16930s
 7494353 14663    0.00000   85   67   14.99993    0.00000   100%   189 16935s
 7496613 14792 infeasible  102        14.99993    0.00000   100%   189 16943s
 7499256 14785    0.00000  107   92   14.99993    0.00000   100%   189 16946s
 7499395 14781    0.00000  108   99   14.99993    0.00000   100%   189 16950s
 7501213 14818    0.00000  116   92   14.99993    0.00000   100%   189 16956s
 7504118 14836 infeasible  104        14.99993    0.00000   100%   189 16961s
 7505789 14870    0.00000   95  129   14.99993    0.00000   100%   189 16966s
 7508398 14890    0.00000  102  142   14.99993    0.00000   100%   189 16971s
 7511260 14889 infeasible  108        14.99993    0.00000   100%   189 16976s
 7513141 14941 infeasible   98        14.99993    0.00000   100%   189 16980s
 7515476 14953 infeasible  108        14.99993    0.00000   100%   189 16985s
 7518324 14945    0.00000  107  130   14.99993    0.00000   100%   189 16991s
 7520762 14956 infeasible  108        14.99993    0.00000   100%   189 16996s
 7522612 14983 infeasible  108        14.99993    0.00000   100%   189 17000s
 7525414 15028 infeasible   88        14.99993    0.00000   100%   189 17005s
 7527489 15046    0.00000   95  135   14.99993    0.00000   100%   189 17010s
 7529424 15106    0.00000  114   81   14.99993    0.00000   100%   189 17015s
 7532462 15075    0.00000   93  117   14.99993    0.00000   100%   189 17020s
 7535250 15068 infeasible   94        14.99993    0.00000   100%   189 17025s
 7538481 15072 infeasible   88        14.99993    0.00000   100%   189 17031s
 7538532 15086    0.00000   90   88   14.99993    0.00000   100%   189 17036s
 7539360 15080 infeasible   88        14.99993    0.00000   100%   189 17040s
 7541953 15051    0.00000  108   93   14.99993    0.00000   100%   189 17045s
 7544756 15003 infeasible   98        14.99993    0.00000   100%   189 17050s
 7547880 14956 infeasible   97        14.99993    0.00000   100%   189 17055s
 7549971 14965 infeasible   98        14.99993    0.00000   100%   189 17060s
 7552741 14989 infeasible   94        14.99993    0.00000   100%   189 17065s
 7555749 15003    0.00000   98   24   14.99993    0.00000   100%   189 17071s
 7558446 14971    0.00000   92   83   14.99993    0.00000   100%   189 17075s
 7560461 15000 infeasible   86        14.99993    0.00000   100%   189 17081s
 7563308 14968    0.00000   79  129   14.99993    0.00000   100%   189 17086s
 7566308 14992 infeasible  108        14.99993    0.00000   100%   189 17090s
 7568519 14996 infeasible  108        14.99993    0.00000   100%   189 17096s
 7570433 14991 infeasible  108        14.99993    0.00000   100%   189 17100s
 7572419 14982    0.00000   89  154   14.99993    0.00000   100%   189 17105s
 7575584 14964 infeasible  108        14.99993    0.00000   100%   189 17111s
 7578421 14922    0.00000   88  118   14.99993    0.00000   100%   189 17116s
 7580640 14891 infeasible  100        14.99993    0.00000   100%   189 17121s
 7581329 14887 infeasible  105        14.99993    0.00000   100%   189 17126s
 7581595 14889    0.00000  107  100   14.99993    0.00000   100%   189 17130s
 7584054 14812 infeasible  118        14.99993    0.00000   100%   189 17135s
 7586219 14801 infeasible  109        14.99993    0.00000   100%   189 17140s
 7589007 14790 infeasible   98        14.99993    0.00000   100%   189 17145s
 7590720 14765 infeasible   98        14.99993    0.00000   100%   189 17151s
 7593896 14704 infeasible  109        14.99993    0.00000   100%   189 17156s
 7596577 14674 infeasible   88        14.99993    0.00000   100%   189 17160s
 7597931 14670    0.00000   98   16   14.99993    0.00000   100%   189 17165s
 7600722 14706 infeasible  108        14.99993    0.00000   100%   189 17171s
 7602491 14686    0.00000   94  160   14.99993    0.00000   100%   189 17175s
 7604826 14614 infeasible   89        14.99993    0.00000   100%   189 17180s
 7607028 14632 infeasible   89        14.99993    0.00000   100%   189 17186s
 7609641 14603 infeasible   93        14.99993    0.00000   100%   189 17191s
 7611370 14597 infeasible   98        14.99993    0.00000   100%   189 17195s
 7614593 14583    0.00000   89  100   14.99993    0.00000   100%   189 17201s
 7617076 14582 infeasible   80        14.99993    0.00000   100%   189 17206s
 7617342 14565    0.00000   98  116   14.99993    0.00000   100%   189 17210s
 7619816 14589    0.00000   77    8   14.99993    0.00000   100%   189 17216s
 7622667 14575    0.00000   86  134   14.99993    0.00000   100%   189 17221s
 7624440 14516 infeasible   98        14.99993    0.00000   100%   189 17226s
 7627792 14531 infeasible   89        14.99993    0.00000   100%   189 17231s
 7630431 14525    0.00000   98   95   14.99993    0.00000   100%   189 17236s
 7632832 14654    0.00000  102  170   14.99993    0.00000   100%   189 17241s
 7635174 14611 infeasible   87        14.99993    0.00000   100%   189 17245s
 7636460 14615    0.00000  100   73   14.99993    0.00000   100%   189 17250s
 7636586 14603 infeasible  103        14.99993    0.00000   100%   189 17255s
 7639446 14610    0.00000   92  151   14.99993    0.00000   100%   189 17261s
 7641352 14581 infeasible   98        14.99993    0.00000   100%   189 17266s
 7643650 14542    0.00000   93  119   14.99993    0.00000   100%   189 17271s
 7646203 14496 infeasible  108        14.99993    0.00000   100%   189 17276s
 7649027 14466 infeasible  108        14.99993    0.00000   100%   189 17281s
 7651453 14454 infeasible   99        14.99993    0.00000   100%   189 17285s
 7653310 14477 infeasible  108        14.99993    0.00000   100%   189 17290s
 7656066 14457    0.00000   88   41   14.99993    0.00000   100%   189 17295s
 7657793 14487 infeasible   90        14.99993    0.00000   100%   189 17300s
 7660819 14461    0.00000  100   93   14.99993    0.00000   100%   189 17306s
 7663357 14435    0.00000   83  118   14.99993    0.00000   100%   189 17310s
 7666149 14419 infeasible   91        14.99993    0.00000   100%   189 17316s
 7669040 14493    0.00000   98   24   14.99993    0.00000   100%   189 17320s
 7671207 14527 infeasible   97        14.99993    0.00000   100%   189 17325s
 7673990 14557    0.00000   89   16   14.99993    0.00000   100%   189 17331s
 7675733 14541    0.00000   97  137   14.99993    0.00000   100%   189 17336s
 7675920 14435    0.00000   99  133   14.99993    0.00000   100%   189 17346s
 7680528 14440    0.00000   85  138   14.99993    0.00000   100%   189 17350s
 7683670 14403    0.00000   91   90   14.99993    0.00000   100%   189 17356s
 7685003 14484    0.00000   97   14   14.99993    0.00000   100%   189 17360s
 7688095 14419    0.00000   95   94   14.99993    0.00000   100%   189 17365s
 7690739 14360 infeasible   98        14.99993    0.00000   100%   189 17371s
 7692534 14353 infeasible   77        14.99993    0.00000   100%   189 17376s
 7694417 14305 infeasible   84        14.99993    0.00000   100%   189 17380s
 7697192 14290    0.00000   72  132   14.99993    0.00000   100%   189 17385s
 7700161 14263    0.00000   94  148   14.99993    0.00000   100%   189 17390s
 7702684 14263 infeasible   92        14.99993    0.00000   100%   189 17395s
 7704714 14286    0.00000   80   43   14.99993    0.00000   100%   189 17401s
 7707714 14290    0.00000   78  128   14.99993    0.00000   100%   189 17406s
 7709979 14217    0.00000   88    8   14.99993    0.00000   100%   189 17410s
 7713007 14222    0.00000   95   86   14.99993    0.00000   100%   189 17415s
 7714645 14196 infeasible   88        14.99993    0.00000   100%   189 17420s
 7715536 14241    0.00000   88    4   14.99993    0.00000   100%   189 17425s
 7717821 14175 infeasible   91        14.99993    0.00000   100%   189 17430s
 7720422 14189 infeasible  106        14.99993    0.00000   100%   189 17435s
 7723244 14271    0.00000   97  124   14.99993    0.00000   100%   189 17441s
 7725438 14250 infeasible  102        14.99993    0.00000   100%   189 17445s
 7727286 14253 infeasible   92        14.99993    0.00000   100%   189 17450s
 7730602 14258 infeasible   98        14.99993    0.00000   100%   189 17456s
 7732766 14240 infeasible   98        14.99993    0.00000   100%   189 17461s
 7735477 14263 infeasible   95        14.99993    0.00000   100%   189 17465s
 7737658 14277 infeasible   89        14.99993    0.00000   100%   189 17471s
 7739595 14290    0.00000   86  101   14.99993    0.00000   100%   189 17475s
 7741653 14287    0.00000   89   16   14.99993    0.00000   100%   189 17480s
 7741686 14323    0.00000   90  106   14.99993    0.00000   100%   189 17485s
 7743570 14381    0.00000   85   70   14.99993    0.00000   100%   189 17491s
 7746670 14333 infeasible   80        14.99993    0.00000   100%   189 17496s
 7748096 14316    0.00000   99  114   14.99993    0.00000   100%   189 17500s
 7750306 14316 infeasible   90        14.99993    0.00000   100%   189 17505s
 7752782 14265    0.00000   78   23   14.99993    0.00000   100%   189 17511s
 7754951 14248 infeasible   85        14.99993    0.00000   100%   189 17516s
 7755739 14217 infeasible   88        14.99993    0.00000   100%   189 17520s
 7758866 14147    0.00000   91   95   14.99993    0.00000   100%   189 17525s
 7761928 14147 infeasible   79        14.99993    0.00000   100%   189 17531s
 7764123 14229 infeasible   88        14.99993    0.00000   100%   189 17536s
 7767204 14322    0.00000   81   34   14.99993    0.00000   100%   189 17541s
 7768569 14403 infeasible   88        14.99993    0.00000   100%   189 17545s
 7771871 14503    0.00000   93  129   14.99993    0.00000   100%   189 17550s
 7774956 14647 infeasible   98        14.99993    0.00000   100%   189 17556s
 7777902 14708 infeasible   78        14.99993    0.00000   100%   189 17561s
 7779682 14741    0.00000   78   24   14.99993    0.00000   100%   189 17565s
 7781031 14860    0.00000   84   69   14.99993    0.00000   100%   189 17585s
 7789436 14925    0.00000   82  175   14.99993    0.00000   100%   189 17590s
 7792332 15047 infeasible   78        14.99993    0.00000   100%   189 17596s
 7794556 15109    0.00000   91   94   14.99993    0.00000   100%   189 17600s
 7795982 15159 infeasible   90        14.99993    0.00000   100%   189 17606s
 7800497 15181 infeasible   90        14.99993    0.00000   100%   189 17610s
 7803214 15138 infeasible   88        14.99993    0.00000   100%   189 17615s
 7805382 15126    0.00000  103  161   14.99993    0.00000   100%   189 17621s
 7808280 15192    0.00000   90   53   14.99993    0.00000   100%   189 17625s
 7810490 15214 infeasible   97        14.99993    0.00000   100%   189 17630s
 7813580 15203    0.00000   73  150   14.99993    0.00000   100%   189 17636s
 7815917 15177 infeasible   88        14.99993    0.00000   100%   189 17641s
 7818842 15137 infeasible   88        14.99993    0.00000   100%   189 17646s
 7821202 15106 infeasible  108        14.99993    0.00000   100%   189 17650s
 7823601 15121 infeasible   98        14.99993    0.00000   100%   189 17655s
 7825302 15125    0.00000   90  104   14.99993    0.00000   100%   189 17661s
 7825331 15142    0.00000   92  105   14.99993    0.00000   100%   189 17666s
 7826453 15115    0.00000   95  100   14.99993    0.00000   100%   189 17671s
 7828095 15068 infeasible   88        14.99993    0.00000   100%   189 17675s
 7831124 15043    0.00000  108   70   14.99993    0.00000   100%   189 17680s
 7831254 14885 infeasible  109        14.99993    0.00000   100%   189 17689s
 7836904 14897    0.00000  100   40   14.99993    0.00000   100%   189 17691s
 7838941 14977    0.00000   91  130   14.99993    0.00000   100%   189 17696s
 7841474 15020    0.00000   89  122   14.99993    0.00000   100%   189 17701s
 7844502 15058 infeasible   98        14.99993    0.00000   100%   189 17706s
 7846189 15096 infeasible   84        14.99993    0.00000   100%   189 17711s
 7848933 15160 infeasible  101        14.99993    0.00000   100%   189 17716s
 7852283 15167    0.00000   98   19   14.99993    0.00000   100%   189 17721s
 7853810 15185    0.00000   99  154   14.99993    0.00000   100%   189 17725s
 7857475 15160    0.00000   88    6   14.99993    0.00000   100%   189 17731s
 7859569 15149    0.00000  100  102   14.99993    0.00000   100%   189 17735s
 7862082 15092    0.00000   85  147   14.99993    0.00000   100%   189 17740s
 7862945 15093    0.00000  101   16   14.99993    0.00000   100%   189 17745s
 7863398 15112 infeasible  106        14.99993    0.00000   100%   189 17751s
 7865513 15102    0.00000   98   38   14.99993    0.00000   100%   189 17756s
 7867587 15059 infeasible   88        14.99993    0.00000   100%   189 17760s
 7869879 15122 infeasible  103        14.99993    0.00000   100%   189 17765s
 7873654 15126 infeasible   86        14.99993    0.00000   100%   189 17771s
 7875734 15141 infeasible   96        14.99993    0.00000   100%   189 17775s
 7878556 15200 infeasible   88        14.99993    0.00000   100%   189 17780s
 7881109 15218 infeasible   97        14.99993    0.00000   100%   189 17786s
 7883270 15236 infeasible  108        14.99993    0.00000   100%   189 17790s
 7885803 15198    0.00000   92  125   14.99993    0.00000   100%   189 17796s
 7886934 15213    0.00000  107  102   14.99993    0.00000   100%   189 17800s
 7888767 15271 infeasible   98        14.99993    0.00000   100%   189 17805s
 7891677 15278 infeasible   98        14.99993    0.00000   100%   189 17811s
 7894655 15291 infeasible   98        14.99993    0.00000   100%   189 17816s
 7895427 15320    0.00000   97   69   14.99993    0.00000   100%   189 17820s
 7898788 15308    0.00000   98   19   14.99993    0.00000   100%   189 17825s
 7901598 15299 infeasible   98        14.99993    0.00000   100%   189 17831s
 7903248 15269    0.00000   89   27   14.99993    0.00000   100%   189 17836s
 7903273 15277 infeasible   89        14.99993    0.00000   100%   189 17840s
 7903821 15257    0.00000   99   50   14.99993    0.00000   100%   189 17845s
 7906074 15252    0.00000  100   73   14.99993    0.00000   100%   189 17850s
 7908539 15171 infeasible   86        14.99993    0.00000   100%   189 17856s
 7909526 15154    0.00000  112   78   14.99993    0.00000   100%   189 17860s
 7912268 15114    0.00000  103   89   14.99993    0.00000   100%   189 17865s
 7914509 15081    0.00000   78   25   14.99993    0.00000   100%   189 17870s
 7916426 15093    0.00000   95   54   14.99993    0.00000   100%   189 17875s
 7919162 15027 infeasible   98        14.99993    0.00000   100%   189 17881s
 7921210 15032 infeasible   98        14.99993    0.00000   100%   189 17886s
 7923703 15101 infeasible   78        14.99993    0.00000   100%   189 17891s
 7925622 15083 infeasible  105        14.99993    0.00000   100%   189 17895s
 7927577 15048 infeasible   91        14.99993    0.00000   100%   189 17900s
 7929880 15035 infeasible   98        14.99993    0.00000   100%   189 17905s
 7932499 14986    0.00000   95  107   14.99993    0.00000   100%   189 17910s
 7934608 14972 infeasible  105        14.99993    0.00000   100%   189 17915s
 7937437 14948 infeasible  108        14.99993    0.00000   100%   189 17921s
 7939419 14921    0.00000   93   77   14.99993    0.00000   100%   189 17927s
 7939854 14929    0.00000   95   72   14.99993    0.00000   100%   189 17931s
 7941345 14909    0.00000   88  100   14.99993    0.00000   100%   189 17936s
 7943474 14903    0.00000   88  165   14.99993    0.00000   100%   189 17942s
 7945706 14861    0.00000   88   32   14.99993    0.00000   100%   189 17946s
 7948555 14854 infeasible  100        14.99993    0.00000   100%   189 17951s
 7951178 14864 infeasible   98        14.99993    0.00000   100%   189 17956s
 7953562 14808    0.00000  101   34   14.99993    0.00000   100%   189 17961s
 7955370 14831    0.00000  103   58   14.99993    0.00000   100%   189 17965s
 7958541 14887 infeasible  110        14.99993    0.00000   100%   189 17971s
 7960084 14923 infeasible   82        14.99993    0.00000   100%   189 17975s
 7963268 14930 infeasible  109        14.99993    0.00000   100%   189 17980s
 7964742 14946 infeasible  108        14.99993    0.00000   100%   189 17985s
 7967513 14981 infeasible  108        14.99993    0.00000   100%   189 17990s
 7967619 15001 infeasible   91        14.99993    0.00000   100%   189 17995s
 7969399 14992 infeasible  110        14.99993    0.00000   100%   189 18000s

Cutting planes:
  Implied bound: 2
  Projected implied bound: 1
  MIR: 2
  Flow cover: 4
  GUB cover: 1
  Zero half: 1
  RLT: 1
  Relax-and-lift: 1

Explored 7969719 nodes (1503941314 simplex iterations) in 18000.02 seconds (38976.48 work units)
Thread count was 8 (of 192 available processors)

Solution count 10: 14.9999 14.9999 14.9999 ... 25

Time limit reached
Best objective 1.499993285316e+01, best bound 0.000000000000e+00, gap 100.0000%

User-callback calls 5002677, time in user-callback 3.76 sec

Remaining value of each indicator
obj_rho = 15
obj_lambda = 0
obj_phi = 0
✅ Solution trouvée (status: TIME_LIMIT)
🎯 Objective global: 14.999932853155906
⏱️ Time used: 18000.03

✈️ Paths for each aircraft:
🛩️ Aircraft N121 path (36 nodes): s_(u=0.0, v=0.0, w=0.0) ➡️  N121_(u=5480.0, v=72.0, w=11.0) ➡️  SAW_TZX_32145_32245_(u=5580.0, v=73.0, w=11.0) ➡️  TZX_SAW_32280_32385_(u=5685.0, v=74.0, w=11.0) ➡️  SAW_KYA_32670_32740_(u=5755.0, v=75.0, w=11.0) ➡️  KYA_SAW_32775_32845_(u=5825.0, v=76.0, w=11.0) ➡️  SAW_VAS_33810_33890_(u=5905.0, v=77.0, w=12.0) ➡️  VAS_SAW_33925_34005_(u=5985.0, v=78.0, w=12.0) ➡️  SAW_ESB_34860_34920_(u=60.0, v=1.0, w=1.0) ➡️  ESB_VAN_35005_35100_(u=155.0, v=2.0, w=1.0) ➡️  VAN_ESB_35135_35240_(u=260.0, v=3.0, w=1.0) ➡️  ESB_SAW_35280_35340_(u=320.0, v=4.0, w=1.0) ➡️  SAW_ASR_35535_35620_(u=405.0, v=5.0, w=1.0) ➡️  ASR_SAW_35655_35745_(u=495.0, v=6.0, w=1.0) ➡️  SAW_ESB_36300_36360_(u=555.0, v=7.0, w=2.0) ➡️  ESB_SAW_36600_36660_(u=615.0, v=8.0, w=2.0) ➡️  SAW_AYT_36705_36770_(u=680.0, v=9.0, w=2.0) ➡️  AYT_SAW_36810_36875_(u=745.0, v=10.0, w=2.0) ➡️  SAW_KYA_36990_37060_(u=815.0, v=11.0, w=2.0) ➡️  KYA_SAW_37095_37165_(u=885.0, v=12.0, w=2.0) ➡️  SAW_ADB_37680_37740_(u=945.0, v=13.0, w=3.0) ➡️  ADB_SAW_37775_37835_(u=1005.0, v=14.0, w=3.0) ➡️  SAW_ESB_37920_37980_(u=1065.0, v=15.0, w=3.0) ➡️  ESB_ERC_38130_38210_(u=1145.0, v=16.0, w=3.0) ➡️  ERC_ESB_38245_38325_(u=1225.0, v=17.0, w=3.0) ➡️  ESB_SZF_38420_38480_(u=1285.0, v=18.0, w=3.0) ➡️  SZF_ESB_38515_38575_(u=1345.0, v=19.0, w=3.0) ➡️  ESB_SAW_39600_39660_(u=1405.0, v=20.0, w=4.0) ➡️  SAW_ADB_39810_39870_(u=1465.0, v=21.0, w=4.0) ➡️  ADB_SAW_39905_39965_(u=1525.0, v=22.0, w=4.0) ➡️  SAW_ADB_40560_40620_(u=1585.0, v=23.0, w=5.0) ➡️  ADB_SAW_40655_40715_(u=1645.0, v=24.0, w=5.0) ➡️  SAW_ESB_40800_40860_(u=1705.0, v=25.0, w=5.0) ➡️  ESB_ERC_41010_41090_(u=1785.0, v=26.0, w=5.0) ➡️  ERC_ESB_41125_41205_(u=1865.0, v=27.0, w=5.0) ➡️  ESB_GNY_41260_41335_(u=1940.0, v=28.0, w=5.0) ➡️  GNY_ESB_41370_41450_(u=2020.0, v=29.0, w=5.0) ➡️  ESB_MLX_41500_41575_(u=2095.0, v=30.0, w=5.0) ➡️  t_(u=0.0, v=0.0, w=0.0)

🛩️ Aircraft N122 path (48 nodes): s_(u=0.0, v=0.0, w=0.0) ➡️  N122_(u=0.0, v=0.0, w=1.0) ➡️  HTY_ESB_31920_31995_(u=75.0, v=1.0, w=1.0) ➡️  ESB_VAN_32125_32220_(u=170.0, v=2.0, w=1.0) ➡️  VAN_ESB_32255_32360_(u=275.0, v=3.0, w=1.0) ➡️  ESB_SAW_32400_32460_(u=335.0, v=4.0, w=1.0) ➡️  SAW_ESB_32520_32580_(u=395.0, v=5.0, w=1.0) ➡️  ESB_GNY_32620_32695_(u=470.0, v=6.0, w=1.0) ➡️  GNY_ESB_32730_32810_(u=550.0, v=7.0, w=1.0) ➡️  ESB_ECN_32865_32935_(u=620.0, v=8.0, w=1.0) ➡️  ECN_ESB_33360_33430_(u=690.0, v=9.0, w=2.0) ➡️  ESB_SAW_33840_33900_(u=750.0, v=10.0, w=2.0) ➡️  SAW_ASR_34095_34180_(u=835.0, v=11.0, w=2.0) ➡️  ASR_SAW_34215_34305_(u=925.0, v=12.0, w=2.0) ➡️  SAW_ADB_34800_34860_(u=985.0, v=13.0, w=3.0) ➡️  ADB_SAW_34895_34955_(u=1045.0, v=14.0, w=3.0) ➡️  SAW_TZX_35025_35125_(u=1145.0, v=15.0, w=3.0) ➡️  TZX_SAW_35160_35265_(u=1250.0, v=16.0, w=3.0) ➡️  SAW_ESB_35400_35460_(u=1310.0, v=17.0, w=3.0) ➡️  ESB_SZF_35540_35600_(u=1370.0, v=18.0, w=3.0) ➡️  SZF_ESB_35635_35695_(u=1430.0, v=19.0, w=3.0) ➡️  ESB_HTY_35750_35830_(u=1510.0, v=20.0, w=3.0) ➡️  HTY_ESB_36240_36315_(u=1585.0, v=21.0, w=4.0) ➡️  ESB_TZX_36360_36440_(u=1665.0, v=22.0, w=4.0) ➡️  TZX_ESB_36475_36555_(u=1745.0, v=23.0, w=4.0) ➡️  ESB_MQM_36650_36745_(u=1840.0, v=24.0, w=4.0) ➡️  MQM_ESB_36780_36875_(u=1935.0, v=25.0, w=4.0) ➡️  ESB_SZF_36980_37040_(u=1995.0, v=26.0, w=4.0) ➡️  SZF_ESB_37075_37135_(u=2055.0, v=27.0, w=4.0) ➡️  ESB_MLX_37180_37255_(u=2130.0, v=28.0, w=4.0) ➡️  MLX_ESB_37680_37755_(u=2205.0, v=29.0, w=5.0) ➡️  ESB_BAL_37825_37915_(u=2295.0, v=30.0, w=5.0) ➡️  BAL_ESB_37950_38045_(u=2390.0, v=31.0, w=5.0) ➡️  ESB_MQM_38090_38185_(u=2485.0, v=32.0, w=5.0) ➡️  MQM_ESB_38220_38315_(u=2580.0, v=33.0, w=5.0) ➡️  ESB_GNY_38380_38455_(u=2655.0, v=34.0, w=5.0) ➡️  GNY_ESB_38490_38570_(u=2735.0, v=35.0, w=5.0) ➡️  ESB_YEI_38635_38695_(u=2795.0, v=36.0, w=5.0) ➡️  YEI_ESB_39120_39180_(u=2855.0, v=37.0, w=6.0) ➡️  ESB_BAL_39265_39355_(u=2945.0, v=38.0, w=6.0) ➡️  BAL_ESB_39390_39485_(u=3040.0, v=39.0, w=6.0) ➡️  ESB_EZS_39555_39630_(u=3115.0, v=40.0, w=6.0) ➡️  EZS_ESB_39665_39745_(u=3195.0, v=41.0, w=6.0) ➡️  ESB_MLX_40060_40135_(u=3270.0, v=42.0, w=6.0) ➡️  MLX_ESB_40560_40635_(u=3345.0, v=43.0, w=7.0) ➡️  ESB_AYT_40860_40925_(u=3410.0, v=44.0, w=7.0) ➡️  AYT_ESB_40960_41025_(u=3475.0, v=45.0, w=7.0) ➡️  ESB_ADB_41130_41210_(u=3555.0, v=46.0, w=7.0) ➡️  ADB_ESB_41245_41320_(u=3630.0, v=47.0, w=7.0) ➡️  ESB_ECN_41505_41575_(u=3700.0, v=48.0, w=7.0) ➡️  t_(u=0.0, v=0.0, w=0.0)

🛩️ Aircraft N123 path (38 nodes): s_(u=0.0, v=0.0, w=0.0) ➡️  N123_(u=0.0, v=0.0, w=1.0) ➡️  MLX_ESB_31920_31995_(u=75.0, v=1.0, w=1.0) ➡️  ESB_SAW_32040_32100_(u=135.0, v=2.0, w=1.0) ➡️  SAW_ESB_32160_32220_(u=195.0, v=3.0, w=1.0) ➡️  ESB_ADB_32490_32570_(u=275.0, v=4.0, w=1.0) ➡️  ADB_ESB_32605_32680_(u=350.0, v=5.0, w=1.0) ➡️  ESB_MLX_32860_32935_(u=425.0, v=6.0, w=1.0) ➡️  MLX_ESB_33360_33435_(u=500.0, v=7.0, w=2.0) ➡️  ESB_BAL_33505_33595_(u=590.0, v=8.0, w=2.0) ➡️  BAL_ESB_33630_33725_(u=685.0, v=9.0, w=2.0) ➡️  ESB_ADB_33930_34010_(u=765.0, v=10.0, w=2.0) ➡️  ADB_ESB_34045_34120_(u=840.0, v=11.0, w=2.0) ➡️  ESB_AYT_35100_35165_(u=905.0, v=12.0, w=3.0) ➡️  AYT_ESB_35200_35265_(u=970.0, v=13.0, w=3.0) ➡️  ESB_ADB_35370_35450_(u=1050.0, v=14.0, w=3.0) ➡️  ADB_ESB_35485_35560_(u=1125.0, v=15.0, w=3.0) ➡️  ESB_ECN_35745_35815_(u=1195.0, v=16.0, w=3.0) ➡️  ECN_ESB_36240_36310_(u=1265.0, v=17.0, w=4.0) ➡️  ESB_BAL_36385_36475_(u=1355.0, v=18.0, w=4.0) ➡️  BAL_ESB_36510_36605_(u=1450.0, v=19.0, w=4.0) ➡️  ESB_ADB_36810_36890_(u=1530.0, v=20.0, w=4.0) ➡️  ADB_ESB_36925_37000_(u=1605.0, v=21.0, w=4.0) ➡️  ESB_AJI_37810_37905_(u=1700.0, v=22.0, w=5.0) ➡️  AJI_ESB_37940_38045_(u=1805.0, v=23.0, w=5.0) ➡️  ESB_ECN_38100_38170_(u=1875.0, v=24.0, w=5.0) ➡️  ECN_HTY_38280_38345_(u=1940.0, v=25.0, w=5.0) ➡️  HTY_ECN_38385_38450_(u=2005.0, v=26.0, w=5.0) ➡️  ECN_ESB_38495_38565_(u=2075.0, v=27.0, w=5.0) ➡️  ESB_MLX_38620_38695_(u=2150.0, v=28.0, w=5.0) ➡️  MLX_ESB_39120_39195_(u=2225.0, v=29.0, w=6.0) ➡️  ESB_TZX_39240_39320_(u=2305.0, v=30.0, w=6.0) ➡️  TZX_ESB_39355_39435_(u=2385.0, v=31.0, w=6.0) ➡️  ESB_SAW_39480_39540_(u=2445.0, v=32.0, w=6.0) ➡️  SAW_AYT_39585_39650_(u=2510.0, v=33.0, w=6.0) ➡️  AYT_SAW_39690_39755_(u=2575.0, v=34.0, w=6.0) ➡️  SAW_VAS_41010_41090_(u=2655.0, v=35.0, w=7.0) ➡️  VAS_SAW_41125_41205_(u=2735.0, v=36.0, w=7.0) ➡️  SAW_ADB_41250_41310_(u=2795.0, v=37.0, w=7.0) ➡️  ADB_SAW_41345_41405_(u=2855.0, v=38.0, w=7.0) ➡️  t_(u=0.0, v=0.0, w=0.0)

🛩️ Aircraft N124 path (39 nodes): s_(u=0.0, v=0.0, w=0.0) ➡️  N124_(u=0.0, v=0.0, w=1.0) ➡️  ESB_AJI_32050_32145_(u=95.0, v=1.0, w=1.0) ➡️  AJI_ESB_32180_32285_(u=200.0, v=2.0, w=1.0) ➡️  ESB_ERC_32370_32450_(u=280.0, v=3.0, w=1.0) ➡️  ERC_ESB_32485_32565_(u=360.0, v=4.0, w=1.0) ➡️  ESB_SZF_32660_32720_(u=420.0, v=5.0, w=1.0) ➡️  SZF_ESB_32755_32815_(u=480.0, v=6.0, w=1.0) ➡️  ESB_TZX_33480_33560_(u=560.0, v=7.0, w=2.0) ➡️  TZX_ESB_33595_33675_(u=640.0, v=8.0, w=2.0) ➡️  ESB_SAW_33720_33780_(u=700.0, v=9.0, w=2.0) ➡️  SAW_AYT_33825_33890_(u=765.0, v=10.0, w=2.0) ➡️  AYT_SAW_33930_33995_(u=830.0, v=11.0, w=2.0) ➡️  SAW_ADB_34050_34110_(u=890.0, v=12.0, w=2.0) ➡️  ADB_SAW_34145_34205_(u=950.0, v=13.0, w=2.0) ➡️  SAW_ESB_35040_35100_(u=1010.0, v=14.0, w=3.0) ➡️  ESB_ERC_35250_35330_(u=1090.0, v=15.0, w=3.0) ➡️  ERC_ESB_35365_35445_(u=1170.0, v=16.0, w=3.0) ➡️  ESB_GNY_35500_35575_(u=1245.0, v=17.0, w=3.0) ➡️  GNY_ESB_35610_35690_(u=1325.0, v=18.0, w=3.0) ➡️  ESB_VAN_36445_36540_(u=1420.0, v=19.0, w=4.0) ➡️  VAN_ESB_36575_36680_(u=1525.0, v=20.0, w=4.0) ➡️  ESB_SAW_36720_36780_(u=1585.0, v=21.0, w=4.0) ➡️  SAW_ASR_36975_37060_(u=1670.0, v=22.0, w=4.0) ➡️  ASR_SAW_37095_37185_(u=1760.0, v=23.0, w=4.0) ➡️  SAW_VAS_38130_38210_(u=1840.0, v=24.0, w=5.0) ➡️  VAS_SAW_38245_38325_(u=1920.0, v=25.0, w=5.0) ➡️  SAW_ASR_38415_38500_(u=2005.0, v=26.0, w=5.0) ➡️  ASR_SAW_38535_38625_(u=2095.0, v=27.0, w=5.0) ➡️  SAW_ESB_39360_39420_(u=2155.0, v=28.0, w=6.0) ➡️  ESB_ERC_39570_39650_(u=2235.0, v=29.0, w=6.0) ➡️  ERC_ESB_39685_39765_(u=2315.0, v=30.0, w=6.0) ➡️  ESB_GNY_39820_39895_(u=2390.0, v=31.0, w=6.0) ➡️  GNY_ESB_39930_40010_(u=2470.0, v=32.0, w=6.0) ➡️  ESB_BAL_40705_40795_(u=2560.0, v=33.0, w=7.0) ➡️  BAL_ESB_40830_40925_(u=2655.0, v=34.0, w=7.0) ➡️  ESB_MQM_40970_41065_(u=2750.0, v=35.0, w=7.0) ➡️  MQM_ESB_41100_41195_(u=2845.0, v=36.0, w=7.0) ➡️  ESB_ADA_41280_41340_(u=2905.0, v=37.0, w=7.0) ➡️  ADA_ESB_41380_41445_(u=2970.0, v=38.0, w=7.0) ➡️  ESB_HTY_41510_41590_(u=3050.0, v=39.0, w=7.0) ➡️  t_(u=0.0, v=0.0, w=0.0)

🛩️ Aircraft N125 path (48 nodes): s_(u=0.0, v=0.0, w=0.0) ➡️  N125_(u=0.0, v=0.0, w=1.0) ➡️  SAW_ADB_31920_31980_(u=60.0, v=1.0, w=1.0) ➡️  ADB_SAW_32015_32075_(u=120.0, v=2.0, w=1.0) ➡️  SAW_VAS_32370_32450_(u=200.0, v=3.0, w=1.0) ➡️  VAS_SAW_32485_32565_(u=280.0, v=4.0, w=1.0) ➡️  SAW_ASR_32655_32740_(u=365.0, v=5.0, w=1.0) ➡️  ASR_SAW_32775_32865_(u=455.0, v=6.0, w=1.0) ➡️  SAW_ADB_33360_33420_(u=515.0, v=7.0, w=2.0) ➡️  ADB_SAW_33455_33515_(u=575.0, v=8.0, w=2.0) ➡️  SAW_TZX_33585_33685_(u=675.0, v=9.0, w=2.0) ➡️  TZX_SAW_33720_33825_(u=780.0, v=10.0, w=2.0) ➡️  SAW_ESB_33960_34020_(u=840.0, v=11.0, w=2.0) ➡️  ESB_SZF_34100_34160_(u=900.0, v=12.0, w=2.0) ➡️  SZF_ESB_34195_34255_(u=960.0, v=13.0, w=2.0) ➡️  ESB_HTY_34310_34390_(u=1040.0, v=14.0, w=2.0) ➡️  HTY_ESB_34800_34875_(u=1115.0, v=15.0, w=3.0) ➡️  ESB_BAL_34945_35035_(u=1205.0, v=16.0, w=3.0) ➡️  BAL_ESB_35070_35165_(u=1300.0, v=17.0, w=3.0) ➡️  ESB_MQM_35210_35305_(u=1395.0, v=18.0, w=3.0) ➡️  MQM_ESB_35340_35435_(u=1490.0, v=19.0, w=3.0) ➡️  ESB_ADA_35520_35580_(u=1550.0, v=20.0, w=3.0) ➡️  ADA_ESB_35620_35685_(u=1615.0, v=21.0, w=3.0) ➡️  ESB_YEI_35755_35815_(u=1675.0, v=22.0, w=3.0) ➡️  YEI_ESB_36240_36300_(u=1735.0, v=23.0, w=4.0) ➡️  ESB_SAW_36360_36420_(u=1795.0, v=24.0, w=4.0) ➡️  SAW_ESB_36480_36540_(u=1855.0, v=25.0, w=4.0) ➡️  ESB_ECN_36660_36730_(u=1925.0, v=26.0, w=4.0) ➡️  ECN_HTY_36840_36905_(u=1990.0, v=27.0, w=4.0) ➡️  HTY_ECN_36945_37010_(u=2055.0, v=28.0, w=4.0) ➡️  ECN_ESB_37055_37125_(u=2125.0, v=29.0, w=4.0) ➡️  ESB_YEI_37195_37255_(u=2185.0, v=30.0, w=4.0) ➡️  YEI_ESB_37680_37740_(u=2245.0, v=31.0, w=5.0) ➡️  ESB_AYT_37980_38045_(u=2310.0, v=32.0, w=5.0) ➡️  AYT_ESB_38080_38145_(u=2375.0, v=33.0, w=5.0) ➡️  ESB_ADB_38250_38330_(u=2455.0, v=34.0, w=5.0) ➡️  ADB_ESB_38365_38440_(u=2530.0, v=35.0, w=5.0) ➡️  ESB_HTY_38630_38710_(u=2610.0, v=36.0, w=5.0) ➡️  HTY_ESB_39120_39195_(u=2685.0, v=37.0, w=6.0) ➡️  ESB_VAN_39325_39420_(u=2780.0, v=38.0, w=6.0) ➡️  VAN_ESB_39455_39560_(u=2885.0, v=39.0, w=6.0) ➡️  ESB_ADB_39690_39770_(u=2965.0, v=40.0, w=6.0) ➡️  ADB_ESB_39805_39880_(u=3040.0, v=41.0, w=6.0) ➡️  ESB_HTY_40070_40150_(u=3120.0, v=42.0, w=6.0) ➡️  HTY_ESB_40560_40635_(u=3195.0, v=43.0, w=7.0) ➡️  ESB_VAN_40765_40860_(u=3290.0, v=44.0, w=7.0) ➡️  VAN_ESB_40895_41000_(u=3395.0, v=45.0, w=7.0) ➡️  ESB_SAW_41040_41100_(u=3455.0, v=46.0, w=7.0) ➡️  SAW_ASR_41295_41380_(u=3540.0, v=47.0, w=7.0) ➡️  ASR_SAW_41415_41505_(u=3630.0, v=48.0, w=7.0) ➡️  t_(u=0.0, v=0.0, w=0.0)

🛩️ Aircraft N126 path (48 nodes): s_(u=0.0, v=0.0, w=0.0) ➡️  N126_(u=0.0, v=0.0, w=1.0) ➡️  ECN_ESB_31920_31990_(u=70.0, v=1.0, w=1.0) ➡️  ESB_TZX_32040_32120_(u=150.0, v=2.0, w=1.0) ➡️  TZX_ESB_32155_32235_(u=230.0, v=3.0, w=1.0) ➡️  ESB_SAW_32280_32340_(u=290.0, v=4.0, w=1.0) ➡️  SAW_AYT_32385_32450_(u=355.0, v=5.0, w=1.0) ➡️  AYT_SAW_32490_32555_(u=420.0, v=6.0, w=1.0) ➡️  SAW_ADB_32610_32670_(u=480.0, v=7.0, w=1.0) ➡️  ADB_SAW_32705_32765_(u=540.0, v=8.0, w=1.0) ➡️  SAW_ESB_33420_33480_(u=600.0, v=9.0, w=2.0) ➡️  ESB_VAN_33565_33660_(u=695.0, v=10.0, w=2.0) ➡️  VAN_ESB_33695_33800_(u=800.0, v=11.0, w=2.0) ➡️  ESB_YEI_34315_34375_(u=860.0, v=12.0, w=2.0) ➡️  YEI_ESB_34800_34860_(u=920.0, v=13.0, w=3.0) ➡️  ESB_TZX_34920_35000_(u=1000.0, v=14.0, w=3.0) ➡️  TZX_ESB_35035_35115_(u=1080.0, v=15.0, w=3.0) ➡️  ESB_SAW_35160_35220_(u=1140.0, v=16.0, w=3.0) ➡️  SAW_AYT_35265_35330_(u=1205.0, v=17.0, w=3.0) ➡️  AYT_SAW_35370_35435_(u=1270.0, v=18.0, w=3.0) ➡️  SAW_ADB_35490_35550_(u=1330.0, v=19.0, w=3.0) ➡️  ADB_SAW_35585_35645_(u=1390.0, v=20.0, w=3.0) ➡️  SAW_ADB_36240_36300_(u=1450.0, v=21.0, w=4.0) ➡️  ADB_SAW_36335_36395_(u=1510.0, v=22.0, w=4.0) ➡️  SAW_VAS_36690_36770_(u=1590.0, v=23.0, w=4.0) ➡️  VAS_SAW_36805_36885_(u=1670.0, v=24.0, w=4.0) ➡️  SAW_ADB_36930_36990_(u=1730.0, v=25.0, w=4.0) ➡️  ADB_SAW_37025_37085_(u=1790.0, v=26.0, w=4.0) ➡️  SAW_ESB_37740_37800_(u=1850.0, v=27.0, w=5.0) ➡️  ESB_VAN_37885_37980_(u=1945.0, v=28.0, w=5.0) ➡️  VAN_ESB_38015_38120_(u=2050.0, v=29.0, w=5.0) ➡️  ESB_SAW_38160_38220_(u=2110.0, v=30.0, w=5.0) ➡️  SAW_ESB_38280_38340_(u=2170.0, v=31.0, w=5.0) ➡️  ESB_ADA_38400_38460_(u=2230.0, v=32.0, w=5.0) ➡️  ADA_ESB_38500_38565_(u=2295.0, v=33.0, w=5.0) ➡️  ESB_ECN_38625_38695_(u=2365.0, v=34.0, w=5.0) ➡️  ECN_ESB_39120_39190_(u=2435.0, v=35.0, w=6.0) ➡️  ESB_MQM_39530_39625_(u=2530.0, v=36.0, w=6.0) ➡️  MQM_ESB_39660_39755_(u=2625.0, v=37.0, w=6.0) ➡️  ESB_SZF_39860_39920_(u=2685.0, v=38.0, w=6.0) ➡️  SZF_ESB_39955_40015_(u=2745.0, v=39.0, w=6.0) ➡️  ESB_ECN_40065_40135_(u=2815.0, v=40.0, w=6.0) ➡️  ECN_ESB_40560_40630_(u=2885.0, v=41.0, w=7.0) ➡️  ESB_TZX_40680_40760_(u=2965.0, v=42.0, w=7.0) ➡️  TZX_ESB_40795_40875_(u=3045.0, v=43.0, w=7.0) ➡️  ESB_SAW_40920_40980_(u=3105.0, v=44.0, w=7.0) ➡️  SAW_AYT_41025_41090_(u=3170.0, v=45.0, w=7.0) ➡️  AYT_SAW_41130_41195_(u=3235.0, v=46.0, w=7.0) ➡️  SAW_KYA_41310_41380_(u=3305.0, v=47.0, w=7.0) ➡️  KYA_SAW_41415_41485_(u=3375.0, v=48.0, w=7.0) ➡️  t_(u=0.0, v=0.0, w=0.0)

🛩️ Aircraft N127 path (49 nodes): s_(u=0.0, v=0.0, w=0.0) ➡️  N127_(u=0.0, v=0.0, w=1.0) ➡️  YEI_ESB_31920_31980_(u=60.0, v=1.0, w=1.0) ➡️  ESB_BAL_32065_32155_(u=150.0, v=2.0, w=1.0) ➡️  BAL_ESB_32190_32285_(u=245.0, v=3.0, w=1.0) ➡️  ESB_MQM_32330_32425_(u=340.0, v=4.0, w=1.0) ➡️  MQM_ESB_32460_32555_(u=435.0, v=5.0, w=1.0) ➡️  ESB_ADA_32640_32700_(u=495.0, v=6.0, w=1.0) ➡️  ADA_ESB_32740_32805_(u=560.0, v=7.0, w=1.0) ➡️  ESB_HTY_32870_32950_(u=640.0, v=8.0, w=1.0) ➡️  HTY_ESB_33360_33435_(u=715.0, v=9.0, w=2.0) ➡️  ESB_SAW_33480_33540_(u=775.0, v=10.0, w=2.0) ➡️  SAW_ESB_33600_33660_(u=835.0, v=11.0, w=2.0) ➡️  ESB_ERC_33810_33890_(u=915.0, v=12.0, w=2.0) ➡️  ERC_ESB_33925_34005_(u=995.0, v=13.0, w=2.0) ➡️  ESB_GNY_34060_34135_(u=1070.0, v=14.0, w=2.0) ➡️  GNY_ESB_34170_34250_(u=1150.0, v=15.0, w=2.0) ➡️  ESB_ECN_34305_34375_(u=1220.0, v=16.0, w=2.0) ➡️  ECN_ESB_34800_34870_(u=1290.0, v=17.0, w=3.0) ➡️  ESB_SAW_34920_34980_(u=1350.0, v=18.0, w=3.0) ➡️  SAW_NAJ_35030_35170_(u=1490.0, v=19.0, w=3.0) ➡️  NAJ_SAW_35235_35390_(u=1645.0, v=20.0, w=3.0) ➡️  SAW_KYA_35550_35620_(u=1715.0, v=21.0, w=3.0) ➡️  KYA_SAW_35655_35725_(u=1785.0, v=22.0, w=3.0) ➡️  SAW_TZX_36465_36565_(u=1885.0, v=23.0, w=4.0) ➡️  TZX_SAW_36600_36705_(u=1990.0, v=24.0, w=4.0) ➡️  SAW_ESB_36840_36900_(u=2050.0, v=25.0, w=4.0) ➡️  ESB_GNY_36940_37015_(u=2125.0, v=26.0, w=4.0) ➡️  GNY_ESB_37050_37130_(u=2205.0, v=27.0, w=4.0) ➡️  ESB_ECN_37185_37255_(u=2275.0, v=28.0, w=4.0) ➡️  ECN_ESB_37680_37750_(u=2345.0, v=29.0, w=5.0) ➡️  ESB_TZX_37800_37880_(u=2425.0, v=30.0, w=5.0) ➡️  TZX_ESB_37915_37995_(u=2505.0, v=31.0, w=5.0) ➡️  ESB_SAW_38040_38100_(u=2565.0, v=32.0, w=5.0) ➡️  SAW_AYT_38145_38210_(u=2630.0, v=33.0, w=5.0) ➡️  AYT_SAW_38250_38315_(u=2695.0, v=34.0, w=5.0) ➡️  SAW_ADB_38370_38430_(u=2755.0, v=35.0, w=5.0) ➡️  ADB_SAW_38465_38525_(u=2815.0, v=36.0, w=5.0) ➡️  SAW_TZX_39345_39445_(u=2915.0, v=37.0, w=6.0) ➡️  TZX_SAW_39480_39585_(u=3020.0, v=38.0, w=6.0) ➡️  SAW_ESB_39720_39780_(u=3080.0, v=39.0, w=6.0) ➡️  ESB_ADA_39840_39900_(u=3140.0, v=40.0, w=6.0) ➡️  ADA_ESB_39940_40005_(u=3205.0, v=41.0, w=6.0) ➡️  ESB_YEI_40075_40135_(u=3265.0, v=42.0, w=6.0) ➡️  YEI_ESB_40560_40620_(u=3325.0, v=43.0, w=7.0) ➡️  ESB_AJI_40690_40785_(u=3420.0, v=44.0, w=7.0) ➡️  AJI_ESB_40820_40925_(u=3525.0, v=45.0, w=7.0) ➡️  ESB_ECN_40980_41050_(u=3595.0, v=46.0, w=7.0) ➡️  ECN_HTY_41160_41225_(u=3660.0, v=47.0, w=7.0) ➡️  HTY_ECN_41265_41330_(u=3725.0, v=48.0, w=7.0) ➡️  ECN_ESB_41375_41445_(u=3795.0, v=49.0, w=7.0) ➡️  t_(u=0.0, v=0.0, w=0.0)

🛩️ Aircraft N128 path (48 nodes): s_(u=0.0, v=0.0, w=0.0) ➡️  N128_(u=0.0, v=0.0, w=1.0) ➡️  SAW_ESB_31980_32040_(u=60.0, v=1.0, w=1.0) ➡️  ESB_ECN_32340_32410_(u=130.0, v=2.0, w=1.0) ➡️  ECN_HTY_32520_32585_(u=195.0, v=3.0, w=1.0) ➡️  HTY_ECN_32625_32690_(u=260.0, v=4.0, w=1.0) ➡️  ECN_ESB_32735_32805_(u=330.0, v=5.0, w=1.0) ➡️  ESB_YEI_32875_32935_(u=390.0, v=6.0, w=1.0) ➡️  YEI_ESB_33360_33420_(u=450.0, v=7.0, w=2.0) ➡️  ESB_AJI_33490_33585_(u=545.0, v=8.0, w=2.0) ➡️  AJI_ESB_33620_33725_(u=650.0, v=9.0, w=2.0) ➡️  ESB_MQM_33770_33865_(u=745.0, v=10.0, w=2.0) ➡️  MQM_ESB_33900_33995_(u=840.0, v=11.0, w=2.0) ➡️  ESB_ADA_34080_34140_(u=900.0, v=12.0, w=2.0) ➡️  ADA_ESB_34180_34245_(u=965.0, v=13.0, w=2.0) ➡️  ESB_MLX_34300_34375_(u=1040.0, v=14.0, w=2.0) ➡️  MLX_ESB_34800_34875_(u=1115.0, v=15.0, w=3.0) ➡️  ESB_AJI_34930_35025_(u=1210.0, v=16.0, w=3.0) ➡️  AJI_ESB_35060_35165_(u=1315.0, v=17.0, w=3.0) ➡️  ESB_ECN_35220_35290_(u=1385.0, v=18.0, w=3.0) ➡️  ECN_HTY_35400_35465_(u=1450.0, v=19.0, w=3.0) ➡️  HTY_ECN_35505_35570_(u=1515.0, v=20.0, w=3.0) ➡️  ECN_ESB_35615_35685_(u=1585.0, v=21.0, w=3.0) ➡️  ESB_MLX_35740_35815_(u=1660.0, v=22.0, w=3.0) ➡️  MLX_ESB_36240_36315_(u=1735.0, v=23.0, w=4.0) ➡️  ESB_AJI_36370_36465_(u=1830.0, v=24.0, w=4.0) ➡️  AJI_ESB_36500_36605_(u=1935.0, v=25.0, w=4.0) ➡️  ESB_ERC_36690_36770_(u=2015.0, v=26.0, w=4.0) ➡️  ERC_ESB_36805_36885_(u=2095.0, v=27.0, w=4.0) ➡️  ESB_ADA_36960_37020_(u=2155.0, v=28.0, w=4.0) ➡️  ADA_ESB_37060_37125_(u=2220.0, v=29.0, w=4.0) ➡️  ESB_HTY_37190_37270_(u=2300.0, v=30.0, w=4.0) ➡️  HTY_ESB_37680_37755_(u=2375.0, v=31.0, w=5.0) ➡️  ESB_SAW_37800_37860_(u=2435.0, v=32.0, w=5.0) ➡️  SAW_TZX_37905_38005_(u=2535.0, v=33.0, w=5.0) ➡️  TZX_SAW_38040_38145_(u=2640.0, v=34.0, w=5.0) ➡️  SAW_KYA_38430_38500_(u=2710.0, v=35.0, w=5.0) ➡️  KYA_SAW_38535_38605_(u=2780.0, v=36.0, w=5.0) ➡️  SAW_ADB_39120_39180_(u=2840.0, v=37.0, w=6.0) ➡️  ADB_SAW_39215_39275_(u=2900.0, v=38.0, w=6.0) ➡️  SAW_NAJ_39350_39490_(u=3040.0, v=39.0, w=6.0) ➡️  NAJ_SAW_39555_39710_(u=3195.0, v=40.0, w=6.0) ➡️  SAW_ASR_39855_39940_(u=3280.0, v=41.0, w=6.0) ➡️  ASR_SAW_39975_40065_(u=3370.0, v=42.0, w=6.0) ➡️  SAW_TZX_40785_40885_(u=3470.0, v=43.0, w=7.0) ➡️  TZX_SAW_40920_41025_(u=3575.0, v=44.0, w=7.0) ➡️  SAW_ESB_41160_41220_(u=3635.0, v=45.0, w=7.0) ➡️  ESB_SZF_41300_41360_(u=3695.0, v=46.0, w=7.0) ➡️  SZF_ESB_41395_41455_(u=3755.0, v=47.0, w=7.0) ➡️  ESB_YEI_41515_41575_(u=3815.0, v=48.0, w=7.0) ➡️  t_(u=0.0, v=0.0, w=0.0)


🛠️ Maintenance at node SAW_ESB_34860_34920 by aircraft N121 | ρ=15.0; λ=0.0; φ=0.0
CSV Summary saved to: RESULTS/A_MTN_1/summary_354FL_8A_9_MILP.csv