INSTANCE 196FL_7A_2
PREPROCESSING : false
-----------------------INSTANCE 196FL_7A_2--------------------------
Gurobi 12.0.2 (linux64) logging started Sun Nov 30 15:02:46 2025

Set parameter LogFile to value "RESULTS_EXP/A_MTN_2/FH_FC_MEAN/result_196FL_7A_2_without_prep.txt"
Set parameter LogToConsole to value 0

Gurobi 12.0.2 (linux64) logging started Sun Nov 30 15:02:48 2025

Set parameter LogFile to value "RESULTS_EXP/A_MTN_2/FH_FC_MEAN/result_196FL_7A_2_without_prep.txt"
Gurobi Optimizer version 12.0.2 build v12.0.2rc0 (linux64 - "AlmaLinux 9.6 (Sage Margay)")

CPU model: Intel(R) Xeon(R) 6972P, instruction set [SSE2|AVX|AVX2|AVX512]
Thread count: 192 physical cores, 192 logical processors, using up to 8 threads

Non-default parameters:
TimeLimit  7200
LogToConsole  0
Threads  8

Optimize a model with 5950 rows, 1752 columns and 22649 nonzeros
Model fingerprint: 0x7caa8878
Variable types: 510 continuous, 1242 integer (1142 binary)
Coefficient statistics:
  Matrix range     [1e+00, 6e+03]
  Objective range  [1e+00, 2e+02]
  Bounds range     [1e+00, 6e+03]
  RHS range        [1e+00, 6e+03]
Presolve removed 1773 rows and 651 columns
Presolve time: 0.07s
Presolved: 4177 rows, 1101 columns, 25582 nonzeros
Variable types: 229 continuous, 872 integer (803 binary)

Root relaxation: objective 0.000000e+00, 580 iterations, 0.01 seconds (0.02 work units)

    Nodes    |    Current Node    |     Objective Bounds      |     Work
 Expl Unexpl |  Obj  Depth IntInf | Incumbent    BestBd   Gap | It/Node Time

     0     0    0.00000    0    2          -    0.00000      -     -    0s
H    0     0                    4723.0000000    0.00000   100%     -    0s
     0     0    0.00000    0    8 4723.00000    0.00000   100%     -    0s
H    0     0                    4466.0000000    0.00000   100%     -    0s
     0     0    0.00000    0    8 4466.00000    0.00000   100%     -    0s
     0     0    0.00000    0    8 4466.00000    0.00000   100%     -    0s
     0     0    0.00000    0    8 4466.00000    0.00000   100%     -    0s
     0     0    0.00000    0    8 4466.00000    0.00000   100%     -    0s
     0     0    0.00000    0    8 4466.00000    0.00000   100%     -    0s
     0     0    0.00000    0    8 4466.00000    0.00000   100%     -    0s
     0     0    0.00000    0    2 4466.00000    0.00000   100%     -    0s
     0     0    0.00000    0    4 4466.00000    0.00000   100%     -    0s
     0     2    0.00000    0    4 4466.00000    0.00000   100%     -    0s
H  159   189                     921.0000000    0.00000   100%  35.0    0s
H  354   323                     881.0000000    0.00000   100%  35.5    0s
H  511   356                     853.0000000    0.00000   100%  39.2    0s
H  827   491                     688.0000000    0.00000   100%  36.6    1s
H 5242   939                     538.0000000    0.00000   100%  36.7    4s
  5751  1222    0.00000   28   11  538.00000    0.00000   100%  38.2    5s
* 7649  1021              50     203.0000000    0.00000   100%  42.8    6s
H 7855   809                     193.0000000    0.00000   100%  43.3    6s
H10181  1401                     193.0000000    0.00000   100%  49.4    7s
 12827  2044  177.00000   30   42  193.00000    0.00000   100%  54.6   10s
H14998  2513                     193.0000000    0.00000   100%  55.4   12s
 18372  2334  192.00000   49   15  193.00000    0.00000   100%  58.6   15s
H20734  1729                     192.9999999    0.00000   100%  59.2   15s
 36282  2264  167.00000   50   43  193.00000  167.00000  13.5%  52.1   20s
 45054  2481 infeasible   49       193.00000  167.00000  13.5%  49.7   26s
 61585  2736 infeasible   55       193.00000  167.00000  13.5%  47.1   30s
 85019  2612 infeasible   58       193.00000  167.00000  13.5%  45.6   35s
 109867  2679 infeasible   50       193.00000  167.00000  13.5%  44.7   40s
 133415  2513  167.00000   54   26  193.00000  167.00000  13.5%  44.5   45s
 157749  2556 infeasible   52       193.00000  167.00000  13.5%  44.0   50s
 181455  2603  167.00000   55   31  193.00000  167.00000  13.5%  43.6   55s
 205649  2428 infeasible   55       193.00000  167.00000  13.5%  43.2   60s
 229658  2672 infeasible   58       193.00000  167.00000  13.5%  43.0   65s
 253344  2981  167.00000   53   23  193.00000  167.00000  13.5%  42.6   70s
 278447  2894 infeasible   54       193.00000  167.00000  13.5%  42.4   75s
 302290  2804 infeasible   59       193.00000  167.00000  13.5%  42.3   80s
 327444  2772 infeasible   55       193.00000  167.00000  13.5%  42.1   85s
 350482  2737  167.00000   51   53  193.00000  167.00000  13.5%  41.9   90s
 372317  2703  167.00000   51   24  193.00000  167.00000  13.5%  41.7   95s
 396703  2526 infeasible   60       193.00000  167.00000  13.5%  41.5  100s
 421097  2425  167.00000   49   25  193.00000  167.00000  13.5%  41.3  105s
 445242  2490 infeasible   55       193.00000  167.00000  13.5%  41.3  110s
 468603  2279 infeasible   53       193.00000  167.00000  13.5%  41.3  115s
 492268  2466  167.00000   52   44  193.00000  167.00000  13.5%  41.3  120s
 515971  2227  167.00000   45   38  193.00000  167.00000  13.5%  41.3  125s
 539684  2367  167.00000   52   40  193.00000  167.00000  13.5%  41.3  130s
 564164  2212 infeasible   51       193.00000  167.00000  13.5%  41.2  135s
 587928  2334 infeasible   46       193.00000  167.00000  13.5%  41.2  140s
 611073  2331  167.00000   54   48  193.00000  167.00000  13.5%  41.2  145s
 633273  2210 infeasible   53       193.00000  167.00000  13.5%  41.2  150s
 657201  2225  167.00000   54   26  193.00000  167.00000  13.5%  41.1  155s
H677836  2090                     192.9999999  167.00000  13.5%  41.1  159s
 678738  2096 infeasible   53       193.00000  167.00000  13.5%  41.1  160s
 703343  2132 infeasible   57       193.00000  167.00000  13.5%  41.0  165s
 726042  2051  167.00000   54   35  193.00000  167.00000  13.5%  40.9  170s
 751328  1943  167.00000   58   39  193.00000  167.00000  13.5%  40.8  175s
 776886  2168  167.00000   44   39  193.00000  167.00000  13.5%  40.7  180s
 802256  2161 infeasible   56       193.00000  167.00000  13.5%  40.5  185s
 827003  1917  167.00000   45   36  193.00000  167.00000  13.5%  40.4  190s
 852828  1910  167.00000   57   22  193.00000  167.00000  13.5%  40.4  195s
 876292  2160  167.00000   50   29  193.00000  167.00000  13.5%  40.3  200s
 900580  2135  167.00000   52   39  193.00000  167.00000  13.5%  40.3  205s
 922926  2107  167.00000   53   38  193.00000  167.00000  13.5%  40.3  210s
 946989  1925 infeasible   56       193.00000  167.00000  13.5%  40.4  215s
 970658  1956  167.00000   48   42  193.00000  167.00000  13.5%  40.3  220s
 994890  1862  167.00000   53   31  193.00000  167.00000  13.5%  40.3  225s
 1018311  1840 infeasible   53       193.00000  167.00000  13.5%  40.2  230s
 1042367  1859 infeasible   58       193.00000  167.00000  13.5%  40.2  235s
 1066992  1716  167.00000   52   33  193.00000  167.00000  13.5%  40.1  240s
 1090327  1667 infeasible   57       193.00000  167.00000  13.5%  40.1  245s
 1114295  1717 infeasible   61       193.00000  167.00000  13.5%  40.1  250s
 1138008  1550  167.00000   54   43  193.00000  167.00000  13.5%  40.1  255s
 1160572  1416  177.00000   52   26  193.00000  177.00000  8.29%  40.1  260s
H1179454  1938                     192.9999999  177.00000  8.29%  40.1  264s
 1179977  1940  177.00000   50   20  193.00000  177.00000  8.29%  40.1  265s
 1203106  2193 infeasible   51       193.00000  177.00000  8.29%  40.2  270s
 1226793  2313  177.00000   48   41  193.00000  177.00000  8.29%  40.1  275s
 1253454  2386  177.00000   43   39  193.00000  177.00000  8.29%  40.1  280s
 1277878  2109  177.00000   61   34  193.00000  177.00000  8.29%  40.1  285s
 1302461  2101 infeasible   51       193.00000  177.00000  8.29%  40.1  290s
 1326718  2052  177.00000   61   21  193.00000  177.00000  8.29%  40.1  295s
 1349834  1959 infeasible   55       193.00000  177.00000  8.29%  40.1  300s
 1373781  1882  177.00000   50   41  193.00000  177.00000  8.29%  40.1  305s
 1396426  2023  177.00000   49   38  193.00000  177.00000  8.29%  40.2  310s
 1418546  1994 infeasible   54       193.00000  177.00000  8.29%  40.2  315s
 1443368  1989  177.00000   54   39  193.00000  177.00000  8.29%  40.2  320s
 1467652  2055 infeasible   55       193.00000  177.00000  8.29%  40.2  325s
 1492609  2029  177.00000   48   37  193.00000  177.00000  8.29%  40.1  330s
 1517495  1937  177.00000   60   21  193.00000  177.00000  8.29%  40.1  335s
 1541749  1896  177.00000   52   32  193.00000  177.00000  8.29%  40.1  340s
 1566652  1854  177.00000   51   32  193.00000  177.00000  8.29%  40.0  345s
 1590747  1728  177.00000   47   44  193.00000  177.00000  8.29%  40.0  350s
 1614713  1722  177.00000   54   32  193.00000  177.00000  8.29%  40.0  355s
 1636810  1590  177.00000   44   39  193.00000  177.00000  8.29%  40.0  360s
 1658703  1826  177.00000   50   22  193.00000  177.00000  8.29%  40.0  365s
H1665142  1953                     192.9999999  177.00000  8.29%  40.0  366s
 1678167  2210 infeasible   54       193.00000  177.00000  8.29%  40.1  370s
 1702260  2168 infeasible   59       193.00000  177.00000  8.29%  40.1  375s
 1725502  1874  177.00000   45   45  193.00000  177.00000  8.29%  40.1  380s
 1749097  1680 infeasible   56       193.00000  177.00000  8.29%  40.1  385s
 1772894  1634 infeasible   52       193.00000  177.00000  8.29%  40.1  390s
 1795826  1625 infeasible   48       193.00000  177.00000  8.29%  40.2  395s
 1819784  1577  177.00000   47   29  193.00000  177.00000  8.29%  40.2  400s
 1842725  1570  177.00000   54   39  193.00000  177.00000  8.29%  40.2  405s
 1865082  1473  177.00000   50   39  193.00000  177.00000  8.29%  40.3  410s
 1888792  1440  177.00000   48   38  193.00000  177.00000  8.29%  40.3  415s
 1912216  1710 infeasible   51       193.00000  177.00000  8.29%  40.3  420s
 1934709  1574 infeasible   55       193.00000  177.00000  8.29%  40.3  425s
 1956013  1402 infeasible   50       193.00000  177.00000  8.29%  40.4  430s
 1980592  1586  177.00000   52   34  193.00000  177.00000  8.29%  40.4  435s
 2004392  1714 infeasible   52       193.00000  177.00000  8.29%  40.4  440s
H2023843  1691                     192.9999999  177.00000  8.29%  40.4  444s
 2026236  1648 infeasible   56       193.00000  177.00000  8.29%  40.4  445s
 2050832  1554 infeasible   59       193.00000  177.00000  8.29%  40.5  450s
 2074869  1532  177.00000   51   32  193.00000  177.00000  8.29%  40.5  455s
 2098011  1379 infeasible   60       193.00000  177.00000  8.29%  40.5  460s
 2120677  1342  177.00000   50   41  193.00000  177.00000  8.29%  40.5  465s
 2142948  1273 infeasible   50       193.00000  177.00000  8.29%  40.6  470s
 2166035  1364  177.00000   53   30  193.00000  177.00000  8.29%  40.6  475s
 2190133  1457  177.00000   49   34  193.00000  177.00000  8.29%  40.6  480s
 2211617  1376  177.00000   59   19  193.00000  177.00000  8.29%  40.6  485s
 2235503  1276 infeasible   52       193.00000  177.00000  8.29%  40.6  490s
 2259600  1176  177.00000   53   21  193.00000  177.00000  8.29%  40.6  495s
 2283414  1137  177.00000   53   31  193.00000  177.00000  8.29%  40.5  500s
 2308750  1232  177.00000   50   32  193.00000  177.00000  8.29%  40.5  505s
 2333445  1101 infeasible   57       193.00000  177.00000  8.29%  40.5  510s
 2358910  1537 infeasible   51       193.00000  177.00000  8.29%  40.5  515s
 2383526  1712 infeasible   65       193.00000  177.00000  8.29%  40.5  520s
 2407888  1518  177.00000   59   31  193.00000  177.00000  8.29%  40.4  525s
 2432086  1481  177.00000   52   33  193.00000  177.00000  8.29%  40.4  530s
 2457047  1427 infeasible   61       193.00000  177.00000  8.29%  40.4  535s
 2481275  1343  177.00000   55   14  193.00000  177.00000  8.29%  40.4  540s
 2506500  1110  177.00000   55   33  193.00000  177.00000  8.29%  40.4  545s
 2531499   855  177.00000   55   27  193.00000  177.00000  8.29%  40.4  550s
 2554182  2143  192.00000   53   29  193.00000  192.00000  0.52%  40.4  555s
 2576632  2659  192.00000   52   35  193.00000  192.00000  0.52%  40.4  560s
 2600342  2658  192.00000   60   18  193.00000  192.00000  0.52%  40.4  565s
 2619247  2519 infeasible   56       193.00000  192.00000  0.52%  40.4  570s
H2620977  2544                     192.9999998  192.00000  0.52%  40.4  570s
 2641377  2400  192.00000   52   43  193.00000  192.00000  0.52%  40.5  575s
 2663960  2443  192.00000   52   27  193.00000  192.00000  0.52%  40.5  580s
 2687641  2578  192.00000   56   39  193.00000  192.00000  0.52%  40.4  585s
 2711712  2521  192.00000   51   42  193.00000  192.00000  0.52%  40.4  590s
 2736875  2405 infeasible   50       193.00000  192.00000  0.52%  40.3  595s
 2762538  2517 infeasible   66       193.00000  192.00000  0.52%  40.3  600s
 2788502  2343  192.00000   59   34  193.00000  192.00000  0.52%  40.2  605s
 2812863  2286  192.00000   62   42  193.00000  192.00000  0.52%  40.2  610s
 2835028  2470 infeasible   50       193.00000  192.00000  0.52%  40.2  615s
 2856859  2579 infeasible   45       193.00000  192.00000  0.52%  40.2  620s
 2879230  2375 infeasible   60       193.00000  192.00000  0.52%  40.2  625s
 2902288  2455 infeasible   45       193.00000  192.00000  0.52%  40.3  630s
 2924914  2356 infeasible   56       193.00000  192.00000  0.52%  40.3  635s
 2947510  2249  192.00000   53   36  193.00000  192.00000  0.52%  40.3  640s
 2969940  2120  192.00000   56   52  193.00000  192.00000  0.52%  40.3  645s
 2991856  1988 infeasible   53       193.00000  192.00000  0.52%  40.3  650s
 3014790  2203 infeasible   50       193.00000  192.00000  0.52%  40.3  655s
H3018040  2254                     192.9999998  192.00000  0.52%  40.3  655s
 3033762  2737  192.00000   59   37  193.00000  192.00000  0.52%  40.4  660s
 3058007  2901 infeasible   74       193.00000  192.00000  0.52%  40.3  665s
 3081878  2765  192.00000   60   27  193.00000  192.00000  0.52%  40.3  670s
 3105316  2691 infeasible   61       193.00000  192.00000  0.52%  40.3  675s
 3128130  2510  192.00000   54   43  193.00000  192.00000  0.52%  40.3  680s
 3149363  2393  192.00000   64   25  193.00000  192.00000  0.52%  40.3  685s
 3171733  2236 infeasible   51       193.00000  192.00000  0.52%  40.3  690s
 3193468  2320 infeasible   68       193.00000  192.00000  0.52%  40.3  695s
 3215113  2159  192.00000   63   33  193.00000  192.00000  0.52%  40.3  700s
 3235751  2015  192.00000   47   32  193.00000  192.00000  0.52%  40.3  705s
 3255340  1877 infeasible   61       193.00000  192.00000  0.52%  40.3  710s
 3274409  2210  192.00000   58    4  193.00000  192.00000  0.52%  40.4  719s
 3274417  2215  192.00000   46   12  193.00000  192.00000  0.52%  40.4  720s
 3290790  4530 infeasible   58       193.00000  192.00000  0.52%  40.4  725s
 3319558  5230 infeasible   64       193.00000  192.00000  0.52%  40.4  730s
H3344021  5696                     192.9999998  192.00000  0.52%  40.3  734s
 3347608  5782  192.00000   66   22  193.00000  192.00000  0.52%  40.3  735s
 3376104  6458 infeasible   69       193.00000  192.00000  0.52%  40.3  740s
 3401839  6690 infeasible   63       193.00000  192.00000  0.52%  40.3  745s
H3421254  6815                     192.9999998  192.00000  0.52%  40.3  748s
 3428136  6858 infeasible   67       193.00000  192.00000  0.52%  40.3  750s
 3456022  7522 infeasible   75       193.00000  192.00000  0.52%  40.3  755s
 3483287  7902 infeasible   68       193.00000  192.00000  0.52%  40.3  760s
 3511746  7906 infeasible   72       193.00000  192.00000  0.52%  40.2  765s
 3539027  7803  192.00000   66   53  193.00000  192.00000  0.52%  40.2  770s
 3566715  7705  192.00000   65   33  193.00000  192.00000  0.52%  40.2  775s
 3594773  7959  192.00000   72   44  193.00000  192.00000  0.52%  40.1  780s
 3623405  7773  192.00000   60   29  193.00000  192.00000  0.52%  40.1  785s
 3651556  7540 infeasible   66       193.00000  192.00000  0.52%  40.1  790s
 3679520  7484  192.00000   58   27  193.00000  192.00000  0.52%  40.1  795s
 3708065  7391  192.00000   62   45  193.00000  192.00000  0.52%  40.0  800s
 3734446  7306 infeasible   73       193.00000  192.00000  0.52%  40.0  805s
 3762946  7019  192.00000   54   29  193.00000  192.00000  0.52%  40.0  810s
 3791686  7070 infeasible   61       193.00000  192.00000  0.52%  40.0  815s
 3819831  7152 infeasible   67       193.00000  192.00000  0.52%  40.0  820s
 3848912  6993  192.00000   58   38  193.00000  192.00000  0.52%  40.0  825s
 3874649  6855  192.00000   59   39  193.00000  192.00000  0.52%  39.9  830s
 3903076  7069  192.00000   67   40  193.00000  192.00000  0.52%  39.9  835s
 3930134  7043  192.00000   66   43  193.00000  192.00000  0.52%  39.9  840s
 3958496  6995  192.00000   63   28  193.00000  192.00000  0.52%  39.9  845s
 3985576  6904  192.00000   70   31  193.00000  192.00000  0.52%  39.9  850s
 4014272  6599  192.00000   56   47  193.00000  192.00000  0.52%  39.9  855s
 4043040  6440 infeasible   63       193.00000  192.00000  0.52%  39.9  860s
 4071715  6144  192.00000   64   34  193.00000  192.00000  0.52%  39.8  865s
 4097340  6030 infeasible   67       193.00000  192.00000  0.52%  39.8  870s
 4128582  6152 infeasible   70       193.00000  192.00000  0.52%  39.8  875s
 4157642  5943  192.00000   61   60  193.00000  192.00000  0.52%  39.8  880s
 4186196  5884 infeasible   60       193.00000  192.00000  0.52%  39.7  885s
 4215447  5544  192.00000   71   29  193.00000  192.00000  0.52%  39.7  890s
 4244578  5594  192.00000   60   32  193.00000  192.00000  0.52%  39.7  895s
 4270897  5429  192.00000   63   40  193.00000  192.00000  0.52%  39.7  900s
 4297846  5275 infeasible   65       193.00000  192.00000  0.52%  39.6  905s
 4327112  5329 infeasible   66       193.00000  192.00000  0.52%  39.6  910s
 4354813  5268  192.00000   59   54  193.00000  192.00000  0.52%  39.6  915s
 4380749  5043 infeasible   68       193.00000  192.00000  0.52%  39.6  920s
 4409091  5159 infeasible   64       193.00000  192.00000  0.52%  39.6  925s
 4438950  4879 infeasible   63       193.00000  192.00000  0.52%  39.5  930s
 4466713  4743  192.00000   63   54  193.00000  192.00000  0.52%  39.5  935s
 4494740  4916 infeasible   73       193.00000  192.00000  0.52%  39.5  940s
 4521075  4927  192.00000   65   31  193.00000  192.00000  0.52%  39.5  945s
 4548652  4789  192.00000   55   41  193.00000  192.00000  0.52%  39.5  950s
 4576879  4529  192.00000   62   37  193.00000  192.00000  0.52%  39.5  955s
 4604429  4456 infeasible   64       193.00000  192.00000  0.52%  39.5  960s
 4635489  4368  192.00000   59   31  193.00000  192.00000  0.52%  39.5  965s
 4663324  4282 infeasible   66       193.00000  192.00000  0.52%  39.4  970s
 4692877  4184 infeasible   60       193.00000  192.00000  0.52%  39.4  975s
 4720613  4208  192.00000   64   35  193.00000  192.00000  0.52%  39.4  980s
H4743730  4176                     192.9999998  192.00000  0.52%  39.4  984s
 4746114  4207 infeasible   60       193.00000  192.00000  0.52%  39.4  985s
 4773253  4181 infeasible   67       193.00000  192.00000  0.52%  39.3  990s
 4803264  4013  192.00000   66   39  193.00000  192.00000  0.52%  39.3  995s
 4830014  3803  192.00000   48   43  193.00000  192.00000  0.52%  39.3 1000s
 4859228  4527  192.00000   59   29  193.00000  192.00000  0.52%  39.3 1005s
 4888983  4485  192.00000   69   35  193.00000  192.00000  0.52%  39.3 1010s
 4917210  4343  192.00000   67   35  193.00000  192.00000  0.52%  39.2 1015s
 4944860  4278  192.00000   66   42  193.00000  192.00000  0.52%  39.2 1020s
 4971502  4438 infeasible   71       193.00000  192.00000  0.52%  39.2 1025s
 4998214  4575  192.00000   70   34  193.00000  192.00000  0.52%  39.2 1030s
 5024021  4489  192.00000   69   31  193.00000  192.00000  0.52%  39.2 1035s
 5052290  4236 infeasible   65       193.00000  192.00000  0.52%  39.2 1040s
 5080824  4207 infeasible   67       193.00000  192.00000  0.52%  39.2 1045s
 5109713  4153 infeasible   62       193.00000  192.00000  0.52%  39.2 1050s
 5137460  4230  192.00000   69   28  193.00000  192.00000  0.52%  39.2 1055s
 5169278  4087 infeasible   69       193.00000  192.00000  0.52%  39.1 1060s
 5199323  4321  192.00000   67   42  193.00000  192.00000  0.52%  39.1 1065s
 5229627  4019  192.00000   74   50  193.00000  192.00000  0.52%  39.0 1070s
 5258855  4123  192.00000   70   40  193.00000  192.00000  0.52%  39.0 1075s
 5287588  4219 infeasible   69       193.00000  192.00000  0.52%  39.0 1080s
 5316895  3985  192.00000   60   19  193.00000  192.00000  0.52%  39.0 1085s
 5345509  4204  192.00000   61   38  193.00000  192.00000  0.52%  38.9 1090s
 5371416  4285  192.00000   70   35  193.00000  192.00000  0.52%  38.9 1095s
 5399644  3914  192.00000   63   42  193.00000  192.00000  0.52%  38.9 1100s
 5426565  4152  192.00000   73   25  193.00000  192.00000  0.52%  38.9 1105s
 5456097  4070  192.00000   61   33  193.00000  192.00000  0.52%  38.9 1110s
 5481036  4008 infeasible   66       193.00000  192.00000  0.52%  38.9 1115s
 5509088  3915 infeasible   66       193.00000  192.00000  0.52%  38.9 1120s
 5537221  4153  192.00000   69   40  193.00000  192.00000  0.52%  38.9 1125s
 5567945  4210 infeasible   69       193.00000  192.00000  0.52%  38.8 1130s
 5597534  4036  192.00000   69   45  193.00000  192.00000  0.52%  38.8 1135s
 5628489  3894 infeasible   75       193.00000  192.00000  0.52%  38.8 1140s
 5659111  3889  192.00000   74   39  193.00000  192.00000  0.52%  38.8 1145s
H5660087  3895                     192.9999997  192.00000  0.52%  38.8 1145s
 5687373  3890  192.00000   62   30  193.00000  192.00000  0.52%  38.7 1150s
 5716077  3808  192.00000   64   51  193.00000  192.00000  0.52%  38.7 1155s
 5743997  4075 infeasible   67       193.00000  192.00000  0.52%  38.7 1160s
 5772242  4251 infeasible   65       193.00000  192.00000  0.52%  38.7 1165s
 5798835  4063  192.00000   74   32  193.00000  192.00000  0.52%  38.7 1170s
 5827442  3897  192.00000   60   39  193.00000  192.00000  0.52%  38.7 1175s
 5853000  3781  192.00000   63   41  193.00000  192.00000  0.52%  38.7 1180s
 5881211  3855 infeasible   64       193.00000  192.00000  0.52%  38.6 1185s
 5909552  3719 infeasible   75       193.00000  192.00000  0.52%  38.6 1190s
 5937339  3818 infeasible   63       193.00000  192.00000  0.52%  38.6 1195s
 5967368  3751 infeasible   66       193.00000  192.00000  0.52%  38.6 1200s
 5995502  4006  192.00000   59   35  193.00000  192.00000  0.52%  38.6 1205s
 6021560  3883 infeasible   61       193.00000  192.00000  0.52%  38.6 1210s
 6049269  3893 infeasible   65       193.00000  192.00000  0.52%  38.6 1215s
 6076130  3755  192.00000   80   30  193.00000  192.00000  0.52%  38.6 1220s
 6104064  3993 infeasible   64       193.00000  192.00000  0.52%  38.6 1225s
 6129807  4291  192.00000   64   37  193.00000  192.00000  0.52%  38.5 1230s
 6158337  4171  192.00000   64   33  193.00000  192.00000  0.52%  38.5 1235s
 6183163  4256  192.00000   68   41  193.00000  192.00000  0.52%  38.5 1240s
 6213706  4321 infeasible   69       193.00000  192.00000  0.52%  38.5 1245s
 6242693  4046  192.00000   72   34  193.00000  192.00000  0.52%  38.5 1250s
 6271036  4248 infeasible   71       193.00000  192.00000  0.52%  38.5 1255s
 6300496  4015 infeasible   70       193.00000  192.00000  0.52%  38.5 1260s
 6328393  3841 infeasible   68       193.00000  192.00000  0.52%  38.4 1265s
 6357736  3790  192.00000   66   37  193.00000  192.00000  0.52%  38.4 1270s
 6382548  3696  192.00000   70   15  193.00000  192.00000  0.52%  38.4 1275s
 6410151  3701  192.00000   76   29  193.00000  192.00000  0.52%  38.4 1280s
 6440061  3684 infeasible   71       193.00000  192.00000  0.52%  38.4 1285s
 6468334  3576 infeasible   68       193.00000  192.00000  0.52%  38.4 1290s
 6496644  3564  192.00000   64   46  193.00000  192.00000  0.52%  38.4 1295s
 6522980  3794 infeasible   72       193.00000  192.00000  0.52%  38.4 1300s
 6551859  3867  192.00000   67   37  193.00000  192.00000  0.52%  38.4 1305s
 6579682  3663  192.00000   65   46  193.00000  192.00000  0.52%  38.3 1310s
 6608098  3504 infeasible   70       193.00000  192.00000  0.52%  38.3 1315s
 6636171  3526  192.00000   60   19  193.00000  192.00000  0.52%  38.3 1320s
 6666129  3501 infeasible   66       193.00000  192.00000  0.52%  38.3 1325s
 6695900  3420  192.00000   69   29  193.00000  192.00000  0.52%  38.3 1330s
 6725968  3692 infeasible   79       193.00000  192.00000  0.52%  38.3 1335s
 6754063  3759 infeasible   67       193.00000  192.00000  0.52%  38.2 1340s
 6784104  3699  192.00000   69   51  193.00000  192.00000  0.52%  38.2 1345s
 6815522  3581  192.00000   74   53  193.00000  192.00000  0.52%  38.2 1350s
 6845643  3491 infeasible   65       193.00000  192.00000  0.52%  38.1 1355s
 6875727  3368  192.00000   63   48  193.00000  192.00000  0.52%  38.1 1360s
 6901450  3493 infeasible   67       193.00000  192.00000  0.52%  38.1 1365s
 6927860  3509  192.00000   61   41  193.00000  192.00000  0.52%  38.1 1370s
 6953797  3434  192.00000   70   47  193.00000  192.00000  0.52%  38.1 1375s
 6980153  3346  192.00000   71   30  193.00000  192.00000  0.52%  38.1 1380s
 7007675  3420 infeasible   67       193.00000  192.00000  0.52%  38.1 1385s
 7035001  3432  192.00000   77   39  193.00000  192.00000  0.52%  38.1 1390s
 7062841  3392 infeasible   66       193.00000  192.00000  0.52%  38.1 1395s
 7091530  3308 infeasible   63       193.00000  192.00000  0.52%  38.1 1400s
 7119790  3211  192.00000   62   50  193.00000  192.00000  0.52%  38.1 1405s
 7147610  3189 infeasible   65       193.00000  192.00000  0.52%  38.1 1410s
 7173911  3062  192.00000   68   42  193.00000  192.00000  0.52%  38.1 1415s
H7174524  3056                     192.9999997  192.00000  0.52%  38.1 1415s
 7200611  3743  192.00000   89   24  193.00000  192.00000  0.52%  38.1 1420s
 7231535  4793 infeasible   74       193.00000  192.00000  0.52%  38.1 1425s
 7261228  4935  192.00000   81   27  193.00000  192.00000  0.52%  38.1 1430s
 7291029  4821  192.00000   79   25  193.00000  192.00000  0.52%  38.0 1435s
 7318983  5475 infeasible   71       193.00000  192.00000  0.52%  38.0 1440s
 7348408  5487  192.00000   78   23  193.00000  192.00000  0.52%  38.0 1445s
 7376444  5514 infeasible   76       193.00000  192.00000  0.52%  38.0 1450s
 7406227  5350 infeasible   81       193.00000  192.00000  0.52%  38.0 1455s
H7430108  5423                     192.9999997  192.00000  0.52%  38.0 1459s
 7432787  5435  192.00000   76   30  193.00000  192.00000  0.52%  38.1 1460s
 7461669  5194  192.00000   80   36  193.00000  192.00000  0.52%  38.1 1465s
 7489649  5632 infeasible   78       193.00000  192.00000  0.52%  38.1 1470s
 7518524  5388  192.00000   80   33  193.00000  192.00000  0.52%  38.0 1475s
 7546461  5434  192.00000   65   42  193.00000  192.00000  0.52%  38.0 1480s
 7574479  5297 infeasible   70       193.00000  192.00000  0.52%  38.0 1485s
 7598767  5716 infeasible   61       193.00000  192.00000  0.52%  38.1 1490s
 7623581  5526  192.00000   60   35  193.00000  192.00000  0.52%  38.1 1495s
 7649188  5294 infeasible   62       193.00000  192.00000  0.52%  38.1 1500s
 7674270  5153  192.00000   54   40  193.00000  192.00000  0.52%  38.1 1505s
 7702916  5037  192.00000   71   23  193.00000  192.00000  0.52%  38.1 1510s
 7733308  5139  192.00000   64   47  193.00000  192.00000  0.52%  38.1 1515s
H7750614  5033                     192.9999997  192.00000  0.52%  38.1 1517s
 7760153  5129  192.00000   63   48  193.00000  192.00000  0.52%  38.1 1520s
H7769692  5372                     192.9999997  192.00000  0.52%  38.1 1521s
 7787177  5964  192.00000   67   34  193.00000  192.00000  0.52%  38.1 1525s
 7813975  5807  192.00000   64   32  193.00000  192.00000  0.52%  38.1 1530s
 7841698  5999 infeasible   74       193.00000  192.00000  0.52%  38.2 1535s
 7870099  5857  192.00000   70   35  193.00000  192.00000  0.52%  38.2 1540s
 7898405  5770  192.00000   75   31  193.00000  192.00000  0.52%  38.2 1545s
H7902842  5766                     192.9999997  192.00000  0.52%  38.2 1545s
 7926443  5723 infeasible   70       193.00000  192.00000  0.52%  38.2 1550s
H7929744  5786                     192.9999996  192.00000  0.52%  38.2 1550s
 7954864  5660 infeasible   72       193.00000  192.00000  0.52%  38.2 1555s
 7983775  5654  192.00000   65   29  193.00000  192.00000  0.52%  38.2 1560s
 8011423  5602  192.00000   74   31  193.00000  192.00000  0.52%  38.2 1565s
H8035201  5772                     192.9999996  192.00000  0.52%  38.2 1569s
 8036916  5831 infeasible   73       193.00000  192.00000  0.52%  38.2 1570s
 8063712  6349 infeasible   69       193.00000  192.00000  0.52%  38.2 1575s
 8091128  6398 infeasible   66       193.00000  192.00000  0.52%  38.3 1580s
 8118206  6230  192.00000   76   36  193.00000  192.00000  0.52%  38.3 1585s
 8145150  6119  192.00000   72   41  193.00000  192.00000  0.52%  38.3 1590s
 8171580  5979  192.00000   68   35  193.00000  192.00000  0.52%  38.3 1595s
 8199996  5900 infeasible   71       193.00000  192.00000  0.52%  38.3 1600s
 8226918  5819  192.00000   60   40  193.00000  192.00000  0.52%  38.3 1605s
 8254945  5831  192.00000   69   24  193.00000  192.00000  0.52%  38.3 1610s
 8281584  6190  192.00000   76   34  193.00000  192.00000  0.52%  38.4 1615s
 8310391  6095 infeasible   81       193.00000  192.00000  0.52%  38.4 1620s
 8338753  5964  192.00000   73   37  193.00000  192.00000  0.52%  38.4 1625s
 8364403  5954 infeasible   76       193.00000  192.00000  0.52%  38.4 1630s
 8391392  5876  192.00000   68   36  193.00000  192.00000  0.52%  38.4 1635s
 8419914  5837  192.00000   71   30  193.00000  192.00000  0.52%  38.4 1640s
 8448354  5615  192.00000   65   26  193.00000  192.00000  0.52%  38.4 1645s
 8475611  5481  192.00000   64   37  193.00000  192.00000  0.52%  38.4 1650s
 8503761  5476  192.00000   69   25  193.00000  192.00000  0.52%  38.4 1655s
 8531309  5407  192.00000   69   32  193.00000  192.00000  0.52%  38.5 1660s
 8558778  5483 infeasible   74       193.00000  192.00000  0.52%  38.5 1665s
 8585966  5622 infeasible   72       193.00000  192.00000  0.52%  38.5 1670s
 8612509  5510  192.00000   70   28  193.00000  192.00000  0.52%  38.5 1675s
 8640240  5384  192.00000   67   28  193.00000  192.00000  0.52%  38.5 1680s
H8655338  5433                     192.9999996  192.00000  0.52%  38.5 1683s
 8665219  5384  192.00000   72   38  193.00000  192.00000  0.52%  38.5 1685s
H8668768  5356                     192.9999996  192.00000  0.52%  38.5 1685s
 8691599  5467  192.00000   71   31  193.00000  192.00000  0.52%  38.5 1690s
 8719469  5476  192.00000   73   32  193.00000  192.00000  0.52%  38.5 1695s
 8746673  5282 infeasible   67       193.00000  192.00000  0.52%  38.5 1700s
 8774485  5439 infeasible   79       193.00000  192.00000  0.52%  38.5 1705s
 8803048  5390 infeasible   71       193.00000  192.00000  0.52%  38.5 1710s
 8833579  5305  192.00000   70   34  193.00000  192.00000  0.52%  38.5 1715s
 8862952  5191  192.00000   50   30  193.00000  192.00000  0.52%  38.5 1720s
 8894303  5712 infeasible   67       193.00000  192.00000  0.52%  38.5 1725s
 8926819  5654  192.00000   77   25  193.00000  192.00000  0.52%  38.5 1730s
 8954767  5560 infeasible   79       193.00000  192.00000  0.52%  38.5 1735s
 8984316  5345 infeasible   71       193.00000  192.00000  0.52%  38.5 1740s
 9015319  5231 infeasible   71       193.00000  192.00000  0.52%  38.5 1745s
 9045582  5153  192.00000   61   45  193.00000  192.00000  0.52%  38.5 1750s
 9074157  5674  192.00000   64   39  193.00000  192.00000  0.52%  38.5 1755s
 9099862  5987  192.00000   68   28  193.00000  192.00000  0.52%  38.5 1760s
 9126526  5838 infeasible   62       193.00000  192.00000  0.52%  38.5 1765s
 9152276  5659 infeasible   62       193.00000  192.00000  0.52%  38.5 1770s
 9177270  5633 infeasible   68       193.00000  192.00000  0.52%  38.5 1775s
 9202842  5497 infeasible   63       193.00000  192.00000  0.52%  38.5 1780s
 9228284  5609  192.00000   69   32  193.00000  192.00000  0.52%  38.6 1785s
 9254622  5521 infeasible   69       193.00000  192.00000  0.52%  38.6 1790s
 9280405  5677  192.00000   71   30  193.00000  192.00000  0.52%  38.6 1795s
 9303498  5453  192.00000   70   38  193.00000  192.00000  0.52%  38.6 1800s
H9317766  5333                     192.9999996  192.00000  0.52%  38.6 1802s
 9328695  5206  192.00000   67   31  193.00000  192.00000  0.52%  38.6 1805s
 9356782  5230  192.00000   72   30  193.00000  192.00000  0.52%  38.6 1810s
 9384984  5335 infeasible   74       193.00000  192.00000  0.52%  38.6 1815s
 9413258  5168 infeasible   73       193.00000  192.00000  0.52%  38.6 1820s
 9443190  5161  192.00000   83   27  193.00000  192.00000  0.52%  38.6 1825s
 9472827  5264 infeasible   76       193.00000  192.00000  0.52%  38.6 1830s
 9501734  5233  192.00000   66   32  193.00000  192.00000  0.52%  38.6 1835s
 9529894  5072 infeasible   71       193.00000  192.00000  0.52%  38.6 1840s
 9558333  5033  192.00000   71   35  193.00000  192.00000  0.52%  38.6 1845s
 9587770  5835  192.00000   68   31  193.00000  192.00000  0.52%  38.6 1850s
 9616990  6359  192.00000   77   42  193.00000  192.00000  0.52%  38.6 1855s
 9647456  6207  192.00000   74   34  193.00000  192.00000  0.52%  38.6 1860s
 9672539  5939  192.00000   66   40  193.00000  192.00000  0.52%  38.6 1865s
 9703582  5829 infeasible   75       193.00000  192.00000  0.52%  38.6 1870s
 9734234  5654  192.00000   65   30  193.00000  192.00000  0.52%  38.6 1875s
 9764031  5828  192.00000   64   38  193.00000  192.00000  0.52%  38.6 1880s
 9793459  5991 infeasible   72       193.00000  192.00000  0.52%  38.6 1885s
 9822536  5809  192.00000   68   38  193.00000  192.00000  0.52%  38.6 1890s
 9850912  5905  192.00000   64   44  193.00000  192.00000  0.52%  38.6 1895s
 9879922  5715 infeasible   75       193.00000  192.00000  0.52%  38.6 1900s
 9910385  5669 infeasible   71       193.00000  192.00000  0.52%  38.6 1905s
 9941223  5487 infeasible   73       193.00000  192.00000  0.52%  38.6 1910s
 9969777  5776 infeasible   75       193.00000  192.00000  0.52%  38.5 1915s
 10001115  5758  192.00000   71   41  193.00000  192.00000  0.52%  38.5 1920s
 10032490  5579  192.00000   75   33  193.00000  192.00000  0.52%  38.5 1925s
 10062696  5565 infeasible   81       193.00000  192.00000  0.52%  38.5 1930s
 10093598  5424 infeasible   74       193.00000  192.00000  0.52%  38.5 1935s
 10124940  5389  192.00000   74   28  193.00000  192.00000  0.52%  38.5 1940s
 10152904  5482  192.00000   75   34  193.00000  192.00000  0.52%  38.5 1945s
 10183948  5563  192.00000   67   30  193.00000  192.00000  0.52%  38.5 1950s
 10213128  5644  192.00000   75   28  193.00000  192.00000  0.52%  38.5 1955s
 10243139  5544 infeasible   70       193.00000  192.00000  0.52%  38.5 1960s
 10271203  5500 infeasible   70       193.00000  192.00000  0.52%  38.5 1965s
 10300667  5419  192.00000   70   38  193.00000  192.00000  0.52%  38.5 1970s
 10330953  5381  192.00000   75   32  193.00000  192.00000  0.52%  38.5 1975s
 10361653  5342 infeasible   73       193.00000  192.00000  0.52%  38.5 1980s
 10392889  5616  192.00000   66   29  193.00000  192.00000  0.52%  38.5 1985s
 10425790  5297 infeasible   68       193.00000  192.00000  0.52%  38.5 1990s
 10456886  5218  192.00000   75   27  193.00000  192.00000  0.52%  38.4 1995s
 10487199  5422  192.00000   72   23  193.00000  192.00000  0.52%  38.4 2000s
 10514601  5535 infeasible   86       193.00000  192.00000  0.52%  38.4 2005s
 10542725  5170  192.00000   70   37  193.00000  192.00000  0.52%  38.4 2010s
 10571765  5680 infeasible   74       193.00000  192.00000  0.52%  38.4 2015s
 10602324  5715  192.00000   67   34  193.00000  192.00000  0.52%  38.4 2020s
 10631713  5625 infeasible   74       193.00000  192.00000  0.52%  38.4 2025s
 10661679  5335 infeasible   77       193.00000  192.00000  0.52%  38.4 2030s
 10688873  5364 infeasible   65       193.00000  192.00000  0.52%  38.4 2035s
 10718397  5264 infeasible   67       193.00000  192.00000  0.52%  38.4 2040s
 10746821  5070 infeasible   73       193.00000  192.00000  0.52%  38.4 2045s
 10774848  4932 infeasible   71       193.00000  192.00000  0.52%  38.4 2050s
 10803649  5074  192.00000   63   29  193.00000  192.00000  0.52%  38.4 2055s
 10832635  5119 infeasible   66       193.00000  192.00000  0.52%  38.4 2060s
 10860087  5357 infeasible   72       193.00000  192.00000  0.52%  38.4 2065s
 10889315  5336  192.00000   71   18  193.00000  192.00000  0.52%  38.4 2070s
 10918092  5191 infeasible   70       193.00000  192.00000  0.52%  38.4 2075s
 10947218  5341  192.00000   72   34  193.00000  192.00000  0.52%  38.4 2080s
 10975289  5575 infeasible   69       193.00000  192.00000  0.52%  38.4 2085s
 11001716  5751 infeasible   62       193.00000  192.00000  0.52%  38.4 2090s
 11028355  5522  192.00000   60   24  193.00000  192.00000  0.52%  38.5 2095s
 11054954  5367  192.00000   64   36  193.00000  192.00000  0.52%  38.5 2100s
 11081236  5247  192.00000   64   21  193.00000  192.00000  0.52%  38.5 2105s
 11106623  4999 infeasible   68       193.00000  192.00000  0.52%  38.5 2110s
 11134952  5038  192.00000   70   36  193.00000  192.00000  0.52%  38.5 2115s
 11162549  5162  192.00000   76   28  193.00000  192.00000  0.52%  38.5 2120s
 11195765  5958  192.00000   80   23  193.00000  192.00000  0.52%  38.4 2125s
 11229656  6171 infeasible   81       193.00000  192.00000  0.52%  38.4 2130s
 11263870  5940 infeasible   85       193.00000  192.00000  0.52%  38.4 2135s
 11296512  6105 infeasible   82       193.00000  192.00000  0.52%  38.4 2140s
 11327418  6138  192.00000   80   33  193.00000  192.00000  0.52%  38.3 2145s
 11360599  5952  192.00000   86   33  193.00000  192.00000  0.52%  38.3 2150s
 11393261  5757  192.00000   77   34  193.00000  192.00000  0.52%  38.3 2155s
 11424012  5957  192.00000   85   16  193.00000  192.00000  0.52%  38.3 2160s
 11453023  5973  192.00000   82   35  193.00000  192.00000  0.52%  38.3 2165s
 11486159  5841 infeasible   84       193.00000  192.00000  0.52%  38.2 2170s
 11518835  5545  192.00000   82   26  193.00000  192.00000  0.52%  38.2 2175s
 11551000  5733 infeasible   66       193.00000  192.00000  0.52%  38.2 2180s
 11577862  5892  192.00000   70   42  193.00000  192.00000  0.52%  38.2 2185s
 11605774  5683  192.00000   62   49  193.00000  192.00000  0.52%  38.2 2190s
 11631052  5813  192.00000   63   32  193.00000  192.00000  0.52%  38.2 2195s
 11657236  5625  192.00000   65   43  193.00000  192.00000  0.52%  38.2 2200s
 11683488  5924  192.00000   63   51  193.00000  192.00000  0.52%  38.2 2205s
 11707762  6035  192.00000   72   32  193.00000  192.00000  0.52%  38.2 2210s
 11733214  6046  192.00000   60   42  193.00000  192.00000  0.52%  38.2 2215s
H11742765  5917                     192.9999995  192.00000  0.52%  38.2 2216s
 11756202  5895 infeasible   65       193.00000  192.00000  0.52%  38.2 2220s
 11783071  5830  192.00000   70   31  193.00000  192.00000  0.52%  38.2 2225s
 11810256  5709  192.00000   74   43  193.00000  192.00000  0.52%  38.2 2230s
 11837916  5493 infeasible   65       193.00000  192.00000  0.52%  38.2 2235s
 11865031  5416  192.00000   77   31  193.00000  192.00000  0.52%  38.2 2240s
H11866872  5405                     192.9999995  192.00000  0.52%  38.2 2240s
 11893861  5209  192.00000   66   51  193.00000  192.00000  0.52%  38.2 2245s
 11923295  5227 infeasible   80       193.00000  192.00000  0.52%  38.2 2250s
 11957496  5144 infeasible   85       193.00000  192.00000  0.52%  38.2 2255s
 11991171  5160 infeasible   72       193.00000  192.00000  0.52%  38.1 2260s
 12024205  5134  192.00000   84   30  193.00000  192.00000  0.52%  38.1 2265s
 12055505  5081  192.00000   86   25  193.00000  192.00000  0.52%  38.1 2270s
 12087294  4987  192.00000   88   30  193.00000  192.00000  0.52%  38.1 2275s
 12118876  4853  192.00000   80   24  193.00000  192.00000  0.52%  38.1 2280s
H12145124  4965                     192.9999995  192.00000  0.52%  38.1 2284s
 12146814  4972  192.00000   69   62  193.00000  192.00000  0.52%  38.1 2285s
H12168867  5187                     192.9999995  192.00000  0.52%  38.1 2289s
 12169550  5203 infeasible   75       193.00000  192.00000  0.52%  38.1 2290s
 12198727  5089  192.00000   82   28  193.00000  192.00000  0.52%  38.0 2295s
 12227665  5044  192.00000   81   22  193.00000  192.00000  0.52%  38.0 2300s
 12257504  5198 infeasible   82       193.00000  192.00000  0.52%  38.0 2305s
 12285026  4986 infeasible   83       193.00000  192.00000  0.52%  38.0 2310s
 12312536  5344 infeasible   86       193.00000  192.00000  0.52%  38.0 2315s
 12341917  5391  192.00000   78   18  193.00000  192.00000  0.52%  38.0 2320s
 12371508  5443 infeasible   83       193.00000  192.00000  0.52%  38.0 2325s
 12402335  5306 infeasible   71       193.00000  192.00000  0.52%  38.0 2330s
 12431922  5752 infeasible   77       193.00000  192.00000  0.52%  38.0 2335s
 12463476  5831  192.00000   74   34  193.00000  192.00000  0.52%  38.0 2340s
H12481906  5626                     192.9999995  192.00000  0.52%  38.0 2342s
 12493818  5582  192.00000   80   25  193.00000  192.00000  0.52%  37.9 2345s
 12524317  5442  192.00000   66   45  193.00000  192.00000  0.52%  37.9 2350s
 12555048  5334  192.00000   81   26  193.00000  192.00000  0.52%  37.9 2355s
 12585876  5183 infeasible   88       193.00000  192.00000  0.52%  37.9 2360s
 12611980  4998 infeasible   73       193.00000  192.00000  0.52%  37.9 2365s
 12639795  5088 infeasible   77       193.00000  192.00000  0.52%  37.9 2370s
 12671638  5111  192.00000   80   27  193.00000  192.00000  0.52%  37.9 2375s
 12701404  4933  192.00000   78   26  193.00000  192.00000  0.52%  37.9 2380s
 12731069  5316 infeasible   72       193.00000  192.00000  0.52%  37.9 2385s
 12761985  5283  192.00000   86   15  193.00000  192.00000  0.52%  37.9 2390s
 12791615  5069  192.00000   70   55  193.00000  192.00000  0.52%  37.8 2395s
 12822210  4880  192.00000   79   24  193.00000  192.00000  0.52%  37.8 2400s
 12852026  4964  192.00000   72   29  193.00000  192.00000  0.52%  37.8 2405s
 12879993  5172  192.00000   77   22  193.00000  192.00000  0.52%  37.8 2410s
 12906471  5054  192.00000   68   54  193.00000  192.00000  0.52%  37.8 2415s
 12935609  5002  192.00000   71   28  193.00000  192.00000  0.52%  37.8 2420s
 12964178  4997  192.00000   87   23  193.00000  192.00000  0.52%  37.8 2425s
 12992924  5015 infeasible   65       193.00000  192.00000  0.52%  37.8 2430s
 13021208  4830 infeasible   67       193.00000  192.00000  0.52%  37.8 2435s
 13049625  4851  192.00000   68   32  193.00000  192.00000  0.52%  37.8 2440s
 13077626  4987 infeasible   73       193.00000  192.00000  0.52%  37.8 2445s
 13105791  4977 infeasible   66       193.00000  192.00000  0.52%  37.8 2450s
 13134104  4757  192.00000   66   19  193.00000  192.00000  0.52%  37.8 2455s
 13162768  4650  192.00000   75   38  193.00000  192.00000  0.52%  37.8 2460s
 13191141  4614  192.00000   67   33  193.00000  192.00000  0.52%  37.8 2465s
 13222037  4612 infeasible   61       193.00000  192.00000  0.52%  37.8 2470s
 13247462  4594 infeasible   64       193.00000  192.00000  0.52%  37.8 2475s
 13275924  4578  192.00000   67   36  193.00000  192.00000  0.52%  37.8 2480s
 13304929  4488  192.00000   75   26  193.00000  192.00000  0.52%  37.8 2485s
 13332399  4430 infeasible   68       193.00000  192.00000  0.52%  37.8 2490s
 13359672  4769  192.00000   70   39  193.00000  192.00000  0.52%  37.8 2495s
 13387243  4582 infeasible   65       193.00000  192.00000  0.52%  37.8 2500s
 13413568  4420  192.00000   66   28  193.00000  192.00000  0.52%  37.9 2505s
 13439587  4822 infeasible   67       193.00000  192.00000  0.52%  37.9 2510s
 13466162  4800 infeasible   77       193.00000  192.00000  0.52%  37.9 2515s
 13492851  4678  192.00000   70   37  193.00000  192.00000  0.52%  37.9 2520s
 13518900  4525  192.00000   66   41  193.00000  192.00000  0.52%  37.9 2525s
 13544703  4499  192.00000   65   41  193.00000  192.00000  0.52%  37.9 2530s
 13572150  4746  192.00000   68   43  193.00000  192.00000  0.52%  37.9 2535s
 13599604  4672 infeasible   64       193.00000  192.00000  0.52%  37.9 2540s
 13628061  4584  192.00000   68   36  193.00000  192.00000  0.52%  37.9 2545s
 13656990  4614  192.00000   70   32  193.00000  192.00000  0.52%  37.9 2550s
 13686190  4928  192.00000   58   36  193.00000  192.00000  0.52%  37.9 2555s
 13713186  5006 infeasible   71       193.00000  192.00000  0.52%  37.9 2560s
 13742624  5045  192.00000   77   21  193.00000  192.00000  0.52%  37.9 2565s
 13772316  4807 infeasible   64       193.00000  192.00000  0.52%  37.9 2570s
H13793381  4631                     192.9999994  192.00000  0.52%  37.9 2573s
 13799536  4607 infeasible   67       193.00000  192.00000  0.52%  37.9 2575s
 13829009  4589  192.00000   55   39  193.00000  192.00000  0.52%  37.9 2580s
 13858112  4582 infeasible   64       193.00000  192.00000  0.52%  37.9 2585s
 13887692  4367  192.00000   64   37  193.00000  192.00000  0.52%  37.9 2590s
 13916189  4509  192.00000   78   18  193.00000  192.00000  0.52%  37.9 2595s
 13946257  4434  192.00000   50   45  193.00000  192.00000  0.52%  37.9 2600s
 13971180  4719  192.00000   70   29  193.00000  192.00000  0.52%  37.9 2605s
 13998383  4740 infeasible   76       193.00000  192.00000  0.52%  37.9 2610s
 14024342  4596  192.00000   70   44  193.00000  192.00000  0.52%  37.9 2615s
 14052024  4445  192.00000   75   38  193.00000  192.00000  0.52%  37.9 2620s
 14077186  4597 infeasible   65       193.00000  192.00000  0.52%  37.9 2625s
 14104345  4607 infeasible   75       193.00000  192.00000  0.52%  38.0 2630s
H14125967  4569                     192.9999994  192.00000  0.52%  38.0 2634s
 14129224  4528 infeasible   71       193.00000  192.00000  0.52%  38.0 2635s
 14155335  4302 infeasible   72       193.00000  192.00000  0.52%  38.0 2640s
 14181772  4503 infeasible   78       193.00000  192.00000  0.52%  38.0 2645s
 14207466  4472 infeasible   81       193.00000  192.00000  0.52%  38.0 2650s
 14232961  4297  192.00000   74   28  193.00000  192.00000  0.52%  38.0 2655s
 14259395  4301  192.00000   61   20  193.00000  192.00000  0.52%  38.0 2660s
H14265272  4351                     192.9999994  192.00000  0.52%  38.0 2661s
 14284037  4596  192.00000   66   41  193.00000  192.00000  0.52%  38.0 2665s
 14311311  4622  192.00000   68   32  193.00000  192.00000  0.52%  38.0 2670s
 14335456  4470 infeasible   73       193.00000  192.00000  0.52%  38.0 2675s
 14362354  4251 infeasible   65       193.00000  192.00000  0.52%  38.0 2680s
 14390138  4331  192.00000   69   34  193.00000  192.00000  0.52%  38.0 2685s
 14417057  4353  192.00000   70   27  193.00000  192.00000  0.52%  38.0 2690s
 14445230  4343 infeasible   75       193.00000  192.00000  0.52%  38.0 2695s
 14472212  4346  192.00000   70   26  193.00000  192.00000  0.52%  38.0 2700s
 14497676  4662 infeasible   67       193.00000  192.00000  0.52%  38.0 2705s
 14520247  4495  192.00000   60   33  193.00000  192.00000  0.52%  38.1 2710s
 14544558  4375 infeasible   65       193.00000  192.00000  0.52%  38.1 2715s
 14568971  4383  192.00000   67   35  193.00000  192.00000  0.52%  38.1 2720s
 14593501  4284  192.00000   65   31  193.00000  192.00000  0.52%  38.1 2725s
 14618317  4308  192.00000   70   40  193.00000  192.00000  0.52%  38.1 2730s
 14644173  4204  192.00000   59   54  193.00000  192.00000  0.52%  38.1 2735s
 14669400  4136 infeasible   63       193.00000  192.00000  0.52%  38.1 2740s
 14697152  4517 infeasible   62       193.00000  192.00000  0.52%  38.1 2745s
 14723819  4969  192.00000   70   44  193.00000  192.00000  0.52%  38.1 2750s
 14752276  4871 infeasible   71       193.00000  192.00000  0.52%  38.1 2755s
 14777775  4673  192.00000   80   25  193.00000  192.00000  0.52%  38.1 2760s
 14804254  4476  192.00000   64   39  193.00000  192.00000  0.52%  38.1 2765s
 14830779  4450  192.00000   70   34  193.00000  192.00000  0.52%  38.1 2770s
 14856655  4319 infeasible   69       193.00000  192.00000  0.52%  38.1 2775s
 14882220  4204 infeasible   65       193.00000  192.00000  0.52%  38.1 2780s
 14909141  4139  192.00000   65   40  193.00000  192.00000  0.52%  38.1 2785s
 14938383  4643 infeasible   71       193.00000  192.00000  0.52%  38.1 2790s
 14970878  4575  192.00000   74   41  193.00000  192.00000  0.52%  38.1 2795s
 15004803  4480  192.00000   67   43  193.00000  192.00000  0.52%  38.1 2800s
 15036197  4238  192.00000   62   33  193.00000  192.00000  0.52%  38.1 2805s
 15067056  4184  192.00000   72   39  193.00000  192.00000  0.52%  38.1 2810s
 15098261  4028 infeasible   70       193.00000  192.00000  0.52%  38.1 2815s
 15127273  3975  192.00000   63   34  193.00000  192.00000  0.52%  38.1 2820s
 15154112  4090 infeasible   80       193.00000  192.00000  0.52%  38.1 2825s
 15183166  4182  192.00000   72   24  193.00000  192.00000  0.52%  38.1 2830s
 15212288  4101 infeasible   77       193.00000  192.00000  0.52%  38.1 2835s
 15243469  3925  192.00000   69   25  193.00000  192.00000  0.52%  38.1 2840s
 15272534  4093 infeasible   66       193.00000  192.00000  0.52%  38.1 2845s
 15300894  3965  192.00000   74   32  193.00000  192.00000  0.52%  38.1 2850s
 15330856  3921  192.00000   77   38  193.00000  192.00000  0.52%  38.1 2855s
 15357980  4036 infeasible   70       193.00000  192.00000  0.52%  38.1 2860s
 15384845  3836 infeasible   70       193.00000  192.00000  0.52%  38.1 2865s
 15414982  4150 infeasible   74       193.00000  192.00000  0.52%  38.1 2870s
 15449864  4099  192.00000   66   23  193.00000  192.00000  0.52%  38.1 2875s
 15484390  3930 infeasible   71       193.00000  192.00000  0.52%  38.0 2880s
 15514146  4042  192.00000   65   21  193.00000  192.00000  0.52%  38.0 2885s
 15541741  3967 infeasible   78       193.00000  192.00000  0.52%  38.0 2890s
 15571050  4405  192.00000   60   19  193.00000  192.00000  0.52%  38.0 2895s
 15598883  4644 infeasible   65       193.00000  192.00000  0.52%  38.0 2900s
 15626477  4436 infeasible   61       193.00000  192.00000  0.52%  38.0 2905s
 15655904  4433  192.00000   75   32  193.00000  192.00000  0.52%  38.0 2910s
 15687764  5141  192.00000   64   24  193.00000  192.00000  0.52%  38.0 2915s
 15720324  5248  192.00000   81   26  193.00000  192.00000  0.52%  38.0 2920s
 15753009  5082  192.00000   65   23  193.00000  192.00000  0.52%  38.0 2925s
 15786011  4877 infeasible   73       193.00000  192.00000  0.52%  38.0 2930s
 15818707  4881  192.00000   66   26  193.00000  192.00000  0.52%  38.0 2935s
 15851453  4795  192.00000   66   28  193.00000  192.00000  0.52%  38.0 2940s
 15884434  4656  192.00000   69   20  193.00000  192.00000  0.52%  38.0 2945s
 15917509  4779 infeasible   71       193.00000  192.00000  0.52%  37.9 2950s
 15947117  5076  192.00000   75   25  193.00000  192.00000  0.52%  37.9 2955s
 15980327  5059 infeasible   79       193.00000  192.00000  0.52%  37.9 2960s
 16014133  4863  192.00000   66   26  193.00000  192.00000  0.52%  37.9 2965s
 16047752  4753 infeasible   67       193.00000  192.00000  0.52%  37.9 2970s
 16081343  5065  192.00000   71   36  193.00000  192.00000  0.52%  37.9 2975s
 16116741  4802  192.00000   59   42  193.00000  192.00000  0.52%  37.9 2980s
 16150228  4728 infeasible   73       193.00000  192.00000  0.52%  37.8 2985s
 16185152  4667  192.00000   65   29  193.00000  192.00000  0.52%  37.8 2990s
 16216274  4544  192.00000   54   40  193.00000  192.00000  0.52%  37.8 2995s
 16248397  4813  192.00000   68   19  193.00000  192.00000  0.52%  37.8 3000s
 16280223  5444 infeasible   73       193.00000  192.00000  0.52%  37.8 3005s
 16312667  5559 infeasible   66       193.00000  192.00000  0.52%  37.8 3010s
 16344876  5329  192.00000   60   49  193.00000  192.00000  0.52%  37.8 3015s
 16377144  5198 infeasible   70       193.00000  192.00000  0.52%  37.8 3020s
 16408449  5070  192.00000   66   23  193.00000  192.00000  0.52%  37.8 3025s
 16441600  4930  192.00000   66   25  193.00000  192.00000  0.52%  37.7 3030s
 16473958  4903 infeasible   66       193.00000  192.00000  0.52%  37.7 3035s
 16507860  4577 infeasible   66       193.00000  192.00000  0.52%  37.7 3040s
 16537933  4600 infeasible   79       193.00000  192.00000  0.52%  37.7 3045s
 16567482  4481  192.00000   67   36  193.00000  192.00000  0.52%  37.7 3050s
 16597909  4381  192.00000   61   41  193.00000  192.00000  0.52%  37.7 3055s
 16629659  4237  192.00000   63   20  193.00000  192.00000  0.52%  37.7 3060s
 16658328  4148 infeasible   62       193.00000  192.00000  0.52%  37.7 3065s
H16680175  4239                     192.9964360  192.00000  0.52%  37.7 3068s
 16687073  4173  192.00000   64   31  192.99644  192.00000  0.52%  37.7 3070s
 16715780  4375  192.00000   59   31  192.99644  192.00000  0.52%  37.7 3075s
 16742048  4763 infeasible   64       192.99644  192.00000  0.52%  37.7 3080s
 16769894  4726 infeasible   70       192.99644  192.00000  0.52%  37.7 3085s
 16797724  4377  192.00000   68   32  192.99644  192.00000  0.52%  37.7 3090s
 16825691  4246  192.00000   62   24  192.99644  192.00000  0.52%  37.7 3095s
 16852826  4422  192.00000   64   28  192.99644  192.00000  0.52%  37.7 3100s
 16881485  4241 infeasible   64       192.99644  192.00000  0.52%  37.7 3105s
 16906995  4191  192.00000   68   30  192.99644  192.00000  0.52%  37.7 3110s
 16935128  4013  192.00000   71   42  192.99644  192.00000  0.52%  37.7 3115s
 16962439  3975  192.00000   64   47  192.99644  192.00000  0.52%  37.7 3120s
 16988549  4125 infeasible   82       192.99644  192.00000  0.52%  37.7 3125s
 17014774  4357  192.00000   67   50  192.99644  192.00000  0.52%  37.7 3130s
 17041536  4300 infeasible   81       192.99644  192.00000  0.52%  37.7 3135s
 17068081  4172  192.00000   78   28  192.99644  192.00000  0.52%  37.8 3140s
 17094538  4205 infeasible   72       192.99644  192.00000  0.52%  37.8 3145s
 17120918  4081  192.00000   75   33  192.99644  192.00000  0.52%  37.8 3150s
 17147297  4038  192.00000   78   32  192.99644  192.00000  0.52%  37.8 3155s
 17173809  3968 infeasible   83       192.99644  192.00000  0.52%  37.8 3160s
 17198649  3873 infeasible   81       192.99644  192.00000  0.52%  37.8 3165s
 17226079  3804 infeasible   64       192.99644  192.00000  0.52%  37.8 3170s
 17252874  4001  192.00000   63   34  192.99644  192.00000  0.52%  37.8 3175s
 17284489  3776  192.00000   63   22  192.99644  192.00000  0.52%  37.8 3180s
 17312768  3819  192.00000   64   52  192.99644  192.00000  0.52%  37.8 3185s
 17340358  3588 infeasible   75       192.99644  192.00000  0.52%  37.8 3190s
 17367857  3860  192.00000   72   54  192.99644  192.00000  0.52%  37.8 3195s
 17396687  4118  192.00000   58   31  192.99644  192.00000  0.52%  37.8 3200s
 17426903  3990 infeasible   62       192.99644  192.00000  0.52%  37.8 3205s
 17457316  4062 infeasible   68       192.99644  192.00000  0.52%  37.8 3210s
 17487937  3881  192.00000   71   24  192.99644  192.00000  0.52%  37.8 3215s
 17517628  3726  192.00000   67   16  192.99644  192.00000  0.52%  37.8 3220s
 17545666  3689  192.00000   57   55  192.99644  192.00000  0.52%  37.8 3225s
 17572400  3506  192.00000   61   35  192.99644  192.00000  0.52%  37.8 3230s
 17601749  3590 infeasible   71       192.99644  192.00000  0.52%  37.8 3235s
 17630792  3392  192.00000   62   42  192.99644  192.00000  0.52%  37.8 3240s
 17658622  3488  192.00000   72   44  192.99644  192.00000  0.52%  37.8 3245s
 17687466  3375  192.00000   68   25  192.99644  192.00000  0.52%  37.8 3250s
 17713008  3286  192.00000   72   25  192.99644  192.00000  0.52%  37.8 3255s
 17739982  3338  192.00000   80   25  192.99644  192.00000  0.52%  37.8 3260s
 17766093  3330  192.00000   67   44  192.99644  192.00000  0.52%  37.8 3265s
 17791197  3685  192.00000   69   42  192.99644  192.00000  0.52%  37.8 3270s
 17815423  3415  192.00000   73   39  192.99644  192.00000  0.52%  37.8 3275s
 17841043  3408  192.00000   63   55  192.99644  192.00000  0.52%  37.8 3280s
 17865180  3266  192.00000   67   40  192.99644  192.00000  0.52%  37.8 3285s
 17889852  3223  192.00000   64   45  192.99644  192.00000  0.52%  37.8 3290s
 17916168  3236  192.00000   62   40  192.99644  192.00000  0.52%  37.8 3295s
 17944146  3141 infeasible   70       192.99644  192.00000  0.52%  37.8 3300s
 17970753  3181 infeasible   67       192.99644  192.00000  0.52%  37.8 3305s
 17994861  3091  192.00000   70   31  192.99644  192.00000  0.52%  37.8 3310s
 18021695  3726  192.00000   73   28  192.99644  192.00000  0.52%  37.8 3315s
 18049196  4125  192.00000   68   44  192.99644  192.00000  0.52%  37.8 3320s
 18077309  4092  192.00000   71   28  192.99644  192.00000  0.52%  37.8 3325s
 18103976  3940 infeasible   68       192.99644  192.00000  0.52%  37.8 3330s
 18131867  3779  192.00000   66   42  192.99644  192.00000  0.52%  37.8 3335s
 18157962  3745  192.00000   62   27  192.99644  192.00000  0.52%  37.9 3340s
 18185636  3635 infeasible   69       192.99644  192.00000  0.52%  37.9 3345s
 18213180  3611 infeasible   72       192.99644  192.00000  0.52%  37.9 3350s
 18240325  3477  192.00000   65   42  192.99644  192.00000  0.52%  37.9 3355s
 18268339  3344 infeasible   62       192.99644  192.00000  0.52%  37.9 3360s
 18295729  3884 infeasible   78       192.99644  192.00000  0.52%  37.9 3365s
 18322704  4027  192.00000   66   29  192.99644  192.00000  0.52%  37.9 3370s
 18348657  4007  192.00000   74   26  192.99644  192.00000  0.52%  37.9 3375s
 18376092  4013 infeasible   72       192.99644  192.00000  0.52%  37.9 3380s
 18405388  3877 infeasible   76       192.99644  192.00000  0.52%  37.9 3385s
 18431873  3874 infeasible   75       192.99644  192.00000  0.52%  37.9 3390s
 18459469  3834  192.00000   67   31  192.99644  192.00000  0.52%  37.9 3395s
 18487678  3768  192.00000   70   31  192.99644  192.00000  0.52%  37.9 3400s
 18516718  3677  192.00000   71   32  192.99644  192.00000  0.52%  37.9 3405s
 18544459  3639  192.00000   71   45  192.99644  192.00000  0.52%  37.9 3410s
 18569962  3538  192.00000   72   30  192.99644  192.00000  0.52%  37.9 3415s
 18592859  3656  192.00000   69   44  192.99644  192.00000  0.52%  37.9 3420s
 18619326  3539  192.00000   77   30  192.99644  192.00000  0.52%  37.9 3425s
 18646367  3301  192.00000   74   29  192.99644  192.00000  0.52%  37.9 3430s
 18672557  3330  192.00000   66   31  192.99644  192.00000  0.52%  37.9 3435s
 18702510  3576  192.00000   66   24  192.99644  192.00000  0.52%  37.9 3440s
 18730339  3731  192.00000   64   30  192.99644  192.00000  0.52%  37.9 3445s
 18757534  3661  192.00000   64   24  192.99644  192.00000  0.52%  37.9 3450s
 18784930  3473  192.00000   70   29  192.99644  192.00000  0.52%  37.9 3455s
 18811738  3457  192.00000   65   23  192.99644  192.00000  0.52%  37.9 3460s
 18837903  3380 infeasible   68       192.99644  192.00000  0.52%  37.9 3465s
 18865785  3236 infeasible   65       192.99644  192.00000  0.52%  37.9 3470s
 18894176  3314 infeasible   70       192.99644  192.00000  0.52%  37.9 3475s
 18918915  3514  192.00000   67   33  192.99644  192.00000  0.52%  37.9 3480s
 18946348  3468  192.00000   72   25  192.99644  192.00000  0.52%  37.9 3485s
 18974285  3413  192.00000   68   40  192.99644  192.00000  0.52%  37.9 3490s
 19002975  3161 infeasible   66       192.99644  192.00000  0.52%  37.9 3495s
 19030361  3209  192.00000   64   14  192.99644  192.00000  0.52%  37.9 3500s
 19056915  3190 infeasible   63       192.99644  192.00000  0.52%  37.9 3505s
 19084011  3142 infeasible   65       192.99644  192.00000  0.52%  38.0 3510s
 19111529  3017 infeasible   66       192.99644  192.00000  0.52%  38.0 3515s
 19137226  3391 infeasible   62       192.99644  192.00000  0.52%  38.0 3520s
 19160823  3826  192.00000   59   39  192.99644  192.00000  0.52%  38.0 3525s
 19185820  3936 infeasible   69       192.99644  192.00000  0.52%  38.0 3530s
 19211966  3778  192.00000   71   21  192.99644  192.00000  0.52%  38.0 3535s
 19237653  3717 infeasible   65       192.99644  192.00000  0.52%  38.0 3540s
 19261949  3639  192.00000   71   39  192.99644  192.00000  0.52%  38.0 3545s
 19286862  3550  192.00000   70   35  192.99644  192.00000  0.52%  38.0 3550s
 19312543  3779 infeasible   70       192.99644  192.00000  0.52%  38.0 3555s
 19337340  3788  192.00000   68   34  192.99644  192.00000  0.52%  38.0 3560s
 19360338  3614  192.00000   74   29  192.99644  192.00000  0.52%  38.0 3565s
 19385887  3498 infeasible   71       192.99644  192.00000  0.52%  38.0 3570s
 19411484  3328  192.00000   67   44  192.99644  192.00000  0.52%  38.0 3575s
 19437368  3289 infeasible   60       192.99644  192.00000  0.52%  38.0 3580s
 19461934  3356  192.00000   68   30  192.99644  192.00000  0.52%  38.1 3585s
 19486013  3272  192.00000   65   35  192.99644  192.00000  0.52%  38.1 3590s
 19510649  3020  192.00000   69   44  192.99644  192.00000  0.52%  38.1 3595s
 19536347  3456 infeasible   78       192.99644  192.00000  0.52%  38.1 3600s
 19561874  3665 infeasible   62       192.99644  192.00000  0.52%  38.1 3605s
 19588359  3568  192.00000   65   32  192.99644  192.00000  0.52%  38.1 3610s
 19614470  3540 infeasible   71       192.99644  192.00000  0.52%  38.1 3615s
 19640374  3283 infeasible   68       192.99644  192.00000  0.52%  38.1 3620s
 19666627  3076 infeasible   64       192.99644  192.00000  0.52%  38.1 3625s
 19691418  3090  192.00000   61   32  192.99644  192.00000  0.52%  38.1 3630s
 19717499  2975 infeasible   59       192.99644  192.00000  0.52%  38.1 3635s
 19741048  3086 infeasible   66       192.99644  192.00000  0.52%  38.1 3640s
 19766688  3495  192.00000   60   62  192.99644  192.00000  0.52%  38.1 3645s
 19791537  3612  192.00000   69   28  192.99644  192.00000  0.52%  38.1 3650s
 19815501  3508  192.00000   65   36  192.99644  192.00000  0.52%  38.1 3655s
 19838078  3271  192.00000   50   51  192.99644  192.00000  0.52%  38.2 3660s
 19862751  3100 infeasible   65       192.99644  192.00000  0.52%  38.2 3665s
 19888133  2905  192.00000   61   40  192.99644  192.00000  0.52%  38.2 3670s
 19914305  3137  192.00000   80   28  192.99644  192.00000  0.52%  38.2 3675s
 19943009  3122  192.00000   72   26  192.99644  192.00000  0.52%  38.2 3680s
 19972907  2943  192.00000   61   20  192.99644  192.00000  0.52%  38.2 3685s
 19999173  2904 infeasible   69       192.99644  192.00000  0.52%  38.2 3690s
 20023881  3288  192.00000   61   31  192.99644  192.00000  0.52%  38.2 3695s
 20049070  3769 infeasible   64       192.99644  192.00000  0.52%  38.2 3700s
 20075851  3906 infeasible   66       192.99644  192.00000  0.52%  38.2 3705s
 20104422  3995  192.00000   68   34  192.99644  192.00000  0.52%  38.2 3710s
 20132923  3845  192.00000   66   25  192.99644  192.00000  0.52%  38.2 3715s
 20160699  3551 infeasible   61       192.99644  192.00000  0.52%  38.2 3720s
 20184982  3495 infeasible   68       192.99644  192.00000  0.52%  38.2 3725s
 20208142  3419 infeasible   65       192.99644  192.00000  0.52%  38.2 3730s
 20233182  3427  192.00000   63   37  192.99644  192.00000  0.52%  38.2 3735s
 20258918  3275 infeasible   69       192.99644  192.00000  0.52%  38.2 3740s
 20283365  3257  192.00000   67   26  192.99644  192.00000  0.52%  38.3 3745s
 20306945  3254 infeasible   68       192.99644  192.00000  0.52%  38.3 3750s
 20330707  3339  192.00000   78   33  192.99644  192.00000  0.52%  38.3 3755s
 20353908  3212 infeasible   74       192.99644  192.00000  0.52%  38.3 3760s
 20378582  3099  192.00000   62   31  192.99644  192.00000  0.52%  38.3 3765s
 20403453  3304 infeasible   59       192.99644  192.00000  0.52%  38.3 3770s
 20427689  3249  192.00000   62   37  192.99644  192.00000  0.52%  38.3 3775s
 20453186  3058 infeasible   68       192.99644  192.00000  0.52%  38.3 3780s
 20479313  2943  192.00000   72   35  192.99644  192.00000  0.52%  38.3 3785s
 20504691  3091 infeasible   70       192.99644  192.00000  0.52%  38.3 3790s
 20527396  3047 infeasible   64       192.99644  192.00000  0.52%  38.4 3795s
 20554121  2878 infeasible   68       192.99644  192.00000  0.52%  38.4 3800s
 20580743  2985  192.00000   67   33  192.99644  192.00000  0.52%  38.4 3805s
 20607268  3449 infeasible   69       192.99644  192.00000  0.52%  38.4 3810s
 20634664  3656 infeasible   64       192.99644  192.00000  0.52%  38.4 3815s
 20662804  3439 infeasible   66       192.99644  192.00000  0.52%  38.4 3820s
 20690742  3350  192.00000   66   41  192.99644  192.00000  0.52%  38.4 3825s
 20718143  3168 infeasible   67       192.99644  192.00000  0.52%  38.4 3830s
 20745109  3062 infeasible   67       192.99644  192.00000  0.52%  38.4 3835s
 20774627  3410 infeasible   75       192.99644  192.00000  0.52%  38.4 3840s
 20804889  3224 infeasible   72       192.99644  192.00000  0.52%  38.4 3845s
 20833404  3079  192.00000   78   25  192.99644  192.00000  0.52%  38.4 3850s
 20861664  2935  192.00000   71   40  192.99644  192.00000  0.52%  38.4 3855s
 20888972  3026  192.00000   59   39  192.99644  192.00000  0.52%  38.4 3860s
 20915692  3323 infeasible   71       192.99644  192.00000  0.52%  38.4 3865s
 20942100  3320  192.00000   68   34  192.99644  192.00000  0.52%  38.4 3870s
 20969293  3239 infeasible   66       192.99644  192.00000  0.52%  38.4 3875s
 20996224  3052  192.00000   74   34  192.99644  192.00000  0.52%  38.4 3880s
 21023137  2978  192.00000   66   40  192.99644  192.00000  0.52%  38.4 3885s
 21049150  2945 infeasible   70       192.99644  192.00000  0.52%  38.4 3890s
 21076078  3074  192.00000   69   29  192.99644  192.00000  0.52%  38.4 3895s
 21099073  3122  192.00000   67   32  192.99644  192.00000  0.52%  38.4 3900s
 21125823  2972  192.00000   74   30  192.99644  192.00000  0.52%  38.4 3905s
 21152250  2899 infeasible   76       192.99644  192.00000  0.52%  38.4 3910s
 21176526  2880  192.00000   66   46  192.99644  192.00000  0.52%  38.4 3915s
 21201610  3027 infeasible   71       192.99644  192.00000  0.52%  38.4 3920s
 21228408  2845  192.00000   75   33  192.99644  192.00000  0.52%  38.4 3925s
 21254545  2879  192.00000   66   26  192.99644  192.00000  0.52%  38.4 3930s
 21281426  2830  192.00000   70   32  192.99644  192.00000  0.52%  38.4 3935s
 21307962  2716 infeasible   76       192.99644  192.00000  0.52%  38.4 3940s
 21333591  2662  192.00000   73   25  192.99644  192.00000  0.52%  38.4 3945s
 21360452  2845 infeasible   60       192.99644  192.00000  0.52%  38.4 3950s
 21389696  2643 infeasible   66       192.99644  192.00000  0.52%  38.4 3955s
 21415954  2626  192.00000   74   40  192.99644  192.00000  0.52%  38.4 3960s
 21443040  2633  192.00000   67   39  192.99644  192.00000  0.52%  38.5 3965s
 21469207  2921  192.00000   60   32  192.99644  192.00000  0.52%  38.5 3970s
 21491013  3263  192.00000   63   45  192.99644  192.00000  0.52%  38.5 3975s
 21514413  3100 infeasible   77       192.99644  192.00000  0.52%  38.5 3980s
 21537958  2959  192.00000   66   39  192.99644  192.00000  0.52%  38.5 3985s
 21560809  3003  192.00000   75   47  192.99644  192.00000  0.52%  38.5 3990s
 21584497  2986 infeasible   72       192.99644  192.00000  0.52%  38.5 3995s
 21608931  3072 infeasible   71       192.99644  192.00000  0.52%  38.5 4000s
 21634686  2861  192.00000   80   37  192.99644  192.00000  0.52%  38.5 4005s
 21659346  2773  192.00000   68   42  192.99644  192.00000  0.52%  38.5 4010s
 21683662  2632 infeasible   72       192.99644  192.00000  0.52%  38.5 4015s
 21707890  2473 infeasible   67       192.99644  192.00000  0.52%  38.5 4020s
 21731403  2572  192.00000   74   36  192.99644  192.00000  0.52%  38.5 4025s
 21756596  2809 infeasible   73       192.99644  192.00000  0.52%  38.5 4030s
 21781911  3311  192.00000   67   41  192.99644  192.00000  0.52%  38.5 4035s
 21806713  3348 infeasible   79       192.99644  192.00000  0.52%  38.5 4040s
 21832316  3719 infeasible   71       192.99644  192.00000  0.52%  38.5 4045s
 21858500  4016  192.00000   75   29  192.99644  192.00000  0.52%  38.5 4050s
 21885406  3804  192.00000   77   30  192.99644  192.00000  0.52%  38.6 4055s
 21911672  3824  192.00000   67   36  192.99644  192.00000  0.52%  38.6 4060s
 21938323  3788 infeasible   78       192.99644  192.00000  0.52%  38.6 4065s
 21964574  3626  192.00000   68   29  192.99644  192.00000  0.52%  38.6 4070s
 21987354  3521  192.00000   65   31  192.99644  192.00000  0.52%  38.6 4075s
 22013045  3390  192.00000   80   38  192.99644  192.00000  0.52%  38.6 4080s
 22037566  3231 infeasible   77       192.99644  192.00000  0.52%  38.6 4085s
 22063481  3080 infeasible   74       192.99644  192.00000  0.52%  38.6 4090s
 22088717  2954  192.00000   75   43  192.99644  192.00000  0.52%  38.6 4095s
 22113382  2861  192.00000   75   33  192.99644  192.00000  0.52%  38.6 4100s
 22137750  2763  192.00000   82   38  192.99644  192.00000  0.52%  38.7 4105s
 22161735  2805  192.00000   73   31  192.99644  192.00000  0.52%  38.7 4110s
 22184695  2702  192.00000   66   43  192.99644  192.00000  0.52%  38.7 4115s
 22209753  2645  192.00000   75   37  192.99644  192.00000  0.52%  38.7 4120s
 22233533  2767  192.00000   75   30  192.99644  192.00000  0.52%  38.7 4125s
 22257989  2752 infeasible   79       192.99644  192.00000  0.52%  38.7 4130s
 22277218  2495 infeasible   80       192.99644  192.00000  0.52%  38.7 4136s
 22301819  2553 infeasible   79       192.99644  192.00000  0.52%  38.7 4140s
 22325149  2679 infeasible   69       192.99644  192.00000  0.52%  38.7 4145s
 22349797  2642 infeasible   70       192.99644  192.00000  0.52%  38.7 4150s
 22372441  2779 infeasible   70       192.99644  192.00000  0.52%  38.8 4155s
 22396138  2771 infeasible   71       192.99644  192.00000  0.52%  38.8 4160s
 22418637  2718 infeasible   73       192.99644  192.00000  0.52%  38.8 4165s
 22441774  2651 infeasible   76       192.99644  192.00000  0.52%  38.8 4170s
 22465091  2585  192.00000   74   39  192.99644  192.00000  0.52%  38.8 4175s
 22488034  2605  192.00000   68   52  192.99644  192.00000  0.52%  38.8 4180s
 22511245  2922  192.00000   72   35  192.99644  192.00000  0.52%  38.8 4185s
 22539129  2852  192.00000   71   20  192.99644  192.00000  0.52%  38.8 4190s
 22566217  2756 infeasible   72       192.99644  192.00000  0.52%  38.8 4195s
 22592488  2564  192.00000   75   30  192.99644  192.00000  0.52%  38.8 4200s
 22618054  2442  192.00000   72   31  192.99644  192.00000  0.52%  38.8 4205s
 22643062  2508 infeasible   72       192.99644  192.00000  0.52%  38.8 4210s
 22669417  2520  192.00000   78   36  192.99644  192.00000  0.52%  38.8 4215s
 22693276  3020  192.00000   65   42  192.99644  192.00000  0.52%  38.8 4220s
 22721272  3291 infeasible   69       192.99644  192.00000  0.52%  38.8 4225s
 22749602  3388 infeasible   67       192.99644  192.00000  0.52%  38.8 4230s
 22778738  3158 infeasible   64       192.99644  192.00000  0.52%  38.8 4235s
 22804446  3071  192.00000   61   47  192.99644  192.00000  0.52%  38.8 4240s
 22831420  3234 infeasible   73       192.99644  192.00000  0.52%  38.8 4245s
 22860828  3398  192.00000   75   35  192.99644  192.00000  0.52%  38.8 4250s
 22888794  3384 infeasible   69       192.99644  192.00000  0.52%  38.8 4255s
 22917070  3138 infeasible   67       192.99644  192.00000  0.52%  38.8 4260s
 22944996  2967  192.00000   71   29  192.99644  192.00000  0.52%  38.8 4265s
 22972775  3032 infeasible   64       192.99644  192.00000  0.52%  38.8 4270s
 23000225  2871 infeasible   69       192.99644  192.00000  0.52%  38.8 4275s
 23028250  3026  192.00000   62   26  192.99644  192.00000  0.52%  38.8 4280s
 23051847  3231 infeasible   64       192.99644  192.00000  0.52%  38.9 4285s
 23078266  3129 infeasible   67       192.99644  192.00000  0.52%  38.9 4290s
 23107499  3865  192.00000   66   28  192.99644  192.00000  0.52%  38.9 4295s
 23145859  4754  192.00000   75   26  192.99644  192.00000  0.52%  38.8 4300s
 23177067  4645  192.00000   74   30  192.99644  192.00000  0.52%  38.8 4305s
 23210117  4512 infeasible   72       192.99644  192.00000  0.52%  38.8 4310s
 23245993  4420 infeasible   70       192.99644  192.00000  0.52%  38.8 4315s
 23281541  4707  192.00000   66   33  192.99644  192.00000  0.52%  38.8 4320s
 23317418  4466  192.00000   74   15  192.99644  192.00000  0.52%  38.8 4325s
 23352731  4379 infeasible   71       192.99644  192.00000  0.52%  38.7 4330s
 23389335  4260     cutoff   67       192.99644  192.00000  0.52%  38.7 4335s
 23428086  4351 infeasible   73       192.99644  192.00000  0.52%  38.7 4340s
 23467100  4608     cutoff   88       192.99644  192.00000  0.52%  38.7 4345s
 23507885  4291 infeasible   68       192.99644  192.00000  0.52%  38.6 4350s
 23545510  4102  192.00000   73   34  192.99644  192.00000  0.52%  38.6 4355s
 23579889  3922  192.00000   68   52  192.99644  192.00000  0.52%  38.6 4360s
 23612843  4312  192.00000   69   39  192.99644  192.00000  0.52%  38.6 4365s
 23644701  4220 infeasible   68       192.99644  192.00000  0.52%  38.6 4370s
 23678376  4269 infeasible   71       192.99644  192.00000  0.52%  38.6 4375s
 23710148  4217  192.00000   63   14  192.99644  192.00000  0.52%  38.6 4380s
 23746158  3966 infeasible   80       192.99644  192.00000  0.52%  38.5 4385s
 23776425  4119  192.00000   53   55  192.99644  192.00000  0.52%  38.5 4390s
 23812051  4698  192.00000   74   28  192.99644  192.00000  0.52%  38.5 4395s
 23850761  4472  192.00000   70   25  192.99644  192.00000  0.52%  38.5 4400s
 23887314  4308     cutoff   68       192.99644  192.00000  0.52%  38.5 4405s
 23924011  4144 infeasible   75       192.99644  192.00000  0.52%  38.5 4410s
 23963368  4201 infeasible   79       192.99644  192.00000  0.52%  38.4 4415s
 23997091  4097 infeasible   58       192.99644  192.00000  0.52%  38.4 4420s
 24035306  3860  192.00000   74   12  192.99644  192.00000  0.52%  38.4 4425s
 24068541  3794     cutoff   82       192.99644  192.00000  0.52%  38.4 4430s
 24101972  3849     cutoff   67       192.99644  192.00000  0.52%  38.4 4435s
 24138377  3941     cutoff   58       192.99644  192.00000  0.52%  38.4 4440s
 24174590  3686  192.00000   77   26  192.99644  192.00000  0.52%  38.3 4445s
 24203146  4176 infeasible   64       192.99644  192.00000  0.52%  38.3 4450s
 24229329  4047 infeasible   75       192.99644  192.00000  0.52%  38.3 4455s
 24256782  3815 infeasible   68       192.99644  192.00000  0.52%  38.3 4460s
 24283490  4083 infeasible   71       192.99644  192.00000  0.52%  38.3 4465s
 24308206  4047 infeasible   72       192.99644  192.00000  0.52%  38.3 4470s
 24334911  3865 infeasible   68       192.99644  192.00000  0.52%  38.4 4475s
 24363185  4138  192.00000   60   38  192.99644  192.00000  0.52%  38.4 4480s
 24399179  4365  192.00000   71   31  192.99644  192.00000  0.52%  38.3 4485s
 24431130  4187 infeasible   74       192.99644  192.00000  0.52%  38.3 4490s
 24464253  4223     cutoff   77       192.99644  192.00000  0.52%  38.3 4495s
 24498028  4198  192.00000   77   27  192.99644  192.00000  0.52%  38.3 4500s
 24533295  4256 infeasible   74       192.99644  192.00000  0.52%  38.3 4505s
 24568723  3916  192.00000   64   35  192.99644  192.00000  0.52%  38.3 4510s
 24601650  3753 infeasible   81       192.99644  192.00000  0.52%  38.2 4515s
 24631955  3607     cutoff   78       192.99644  192.00000  0.52%  38.2 4520s
 24661638  4018 infeasible   73       192.99644  192.00000  0.52%  38.2 4525s
 24690952  3902 infeasible   74       192.99644  192.00000  0.52%  38.2 4530s
 24719878  3834 infeasible   64       192.99644  192.00000  0.52%  38.2 4535s
 24748984  3845  192.00000   76   22  192.99644  192.00000  0.52%  38.2 4540s
 24776492  3638 infeasible   74       192.99644  192.00000  0.52%  38.2 4545s
 24805460  3593 infeasible   69       192.99644  192.00000  0.52%  38.2 4550s
 24833712  3548 infeasible   67       192.99644  192.00000  0.52%  38.2 4555s
 24863008  3699 infeasible   63       192.99644  192.00000  0.52%  38.2 4560s
 24894580  4463     cutoff   74       192.99644  192.00000  0.52%  38.2 4565s
 24927940  5181     cutoff   71       192.99644  192.00000  0.52%  38.2 4570s
 24964900  5125  192.00000   76   26  192.99644  192.00000  0.52%  38.2 4575s
 25000648  4984  192.00000   76   34  192.99644  192.00000  0.52%  38.2 4580s
 25032179  4784  192.00000   79   20  192.99644  192.00000  0.52%  38.2 4585s
 25066700  4690     cutoff   76       192.99644  192.00000  0.52%  38.2 4590s
 25102410  4645  192.00000   63   28  192.99644  192.00000  0.52%  38.1 4595s
 25137527  4641  192.00000   73   21  192.99644  192.00000  0.52%  38.1 4600s
 25170685  4654 infeasible   74       192.99644  192.00000  0.52%  38.1 4605s
 25201124  4402  192.00000   75   23  192.99644  192.00000  0.52%  38.1 4610s
 25235867  4437  192.00000   81   43  192.99644  192.00000  0.52%  38.1 4615s
 25271723  4335  192.00000   81   19  192.99644  192.00000  0.52%  38.1 4620s
 25306589  4594     cutoff   78       192.99644  192.00000  0.52%  38.1 4625s
 25341371  4686     cutoff   78       192.99644  192.00000  0.52%  38.0 4630s
 25375166  4479  192.00000   68   24  192.99644  192.00000  0.52%  38.0 4635s
 25407324  4561  192.00000   75   36  192.99644  192.00000  0.52%  38.0 4640s
 25442087  4342 infeasible   73       192.99644  192.00000  0.52%  38.0 4645s
 25476837  4183 infeasible   73       192.99644  192.00000  0.52%  38.0 4650s
 25509368  4567 infeasible   72       192.99644  192.00000  0.52%  38.0 4655s
 25542744  4529     cutoff   76       192.99644  192.00000  0.52%  38.0 4660s
 25572547  4388 infeasible   77       192.99644  192.00000  0.52%  38.0 4665s
 25605432  4259  192.00000   75   26  192.99644  192.00000  0.52%  37.9 4670s
 25636844  4362     cutoff   65       192.99644  192.00000  0.52%  37.9 4675s
 25670520  4218  192.00000   75   21  192.99644  192.00000  0.52%  37.9 4680s
 25705999  4136  192.00000   62   28  192.99644  192.00000  0.52%  37.9 4685s
 25739598  4435     cutoff   80       192.99644  192.00000  0.52%  37.9 4690s
 25772123  4834 infeasible   69       192.99644  192.00000  0.52%  37.9 4695s
 25807260  4565  192.00000   66   40  192.99644  192.00000  0.52%  37.9 4700s
 25839645  4443     cutoff   65       192.99644  192.00000  0.52%  37.9 4705s
 25874218  4388  192.00000   60   35  192.99644  192.00000  0.52%  37.9 4710s
 25907573  4093     cutoff   85       192.99644  192.00000  0.52%  37.8 4715s
 25942255  4408     cutoff   68       192.99644  192.00000  0.52%  37.8 4720s
 25976420  4304 infeasible   68       192.99644  192.00000  0.52%  37.8 4725s
 26012525  4159  192.00000   74   36  192.99644  192.00000  0.52%  37.8 4730s
 26048277  3874 infeasible   68       192.99644  192.00000  0.52%  37.8 4735s
 26081008  4046  192.00000   72   30  192.99644  192.00000  0.52%  37.8 4740s
 26114962  4129  192.00000   63   36  192.99644  192.00000  0.52%  37.8 4745s
 26151348  4151 infeasible   76       192.99644  192.00000  0.52%  37.7 4750s
 26186921  3964  192.00000   75   23  192.99644  192.00000  0.52%  37.7 4755s
 26220527  3875  192.00000   60   33  192.99644  192.00000  0.52%  37.7 4760s
 26251562  4270  192.00000   74   18  192.99644  192.00000  0.52%  37.7 4765s
 26284778  4087 infeasible   64       192.99644  192.00000  0.52%  37.7 4770s
 26317970  4177 infeasible   74       192.99644  192.00000  0.52%  37.7 4775s
 26354615  4000 infeasible   80       192.99644  192.00000  0.52%  37.7 4780s
 26389188  3831  192.00000   77   26  192.99644  192.00000  0.52%  37.7 4785s
 26422236  3704  192.00000   66   26  192.99644  192.00000  0.52%  37.6 4790s
 26455824  4018  192.00000   70   20  192.99644  192.00000  0.52%  37.6 4795s
 26492930  3799 infeasible   69       192.99644  192.00000  0.52%  37.6 4800s
 26525278  3540 infeasible   90       192.99644  192.00000  0.52%  37.6 4805s
 26552555  4036  192.00000   75   28  192.99644  192.00000  0.52%  37.6 4810s
 26580087  4082 infeasible   63       192.99644  192.00000  0.52%  37.6 4815s
 26606629  3974 infeasible   72       192.99644  192.00000  0.52%  37.6 4820s
 26633767  3817 infeasible   79       192.99644  192.00000  0.52%  37.6 4825s
 26660567  3758  192.00000   68   31  192.99644  192.00000  0.52%  37.6 4830s
 26687338  3657  192.00000   81   26  192.99644  192.00000  0.52%  37.6 4835s
 26713944  3598  192.00000   71   24  192.99644  192.00000  0.52%  37.6 4840s
 26740257  3455  192.00000   68   39  192.99644  192.00000  0.52%  37.6 4845s
 26763759  3416  192.00000   80   19  192.99644  192.00000  0.52%  37.7 4850s
 26793399  3384     cutoff   74       192.99644  192.00000  0.52%  37.6 4855s
 26821202  3554  192.00000   75   29  192.99644  192.00000  0.52%  37.6 4860s
 26850283  3697 infeasible   67       192.99644  192.00000  0.52%  37.7 4865s
 26877066  3801  192.00000   59   47  192.99644  192.00000  0.52%  37.7 4870s
 26903952  3770 infeasible   69       192.99644  192.00000  0.52%  37.7 4875s
 26930323  3530 infeasible   67       192.99644  192.00000  0.52%  37.7 4880s
 26954934  3425  192.00000   76   25  192.99644  192.00000  0.52%  37.7 4885s
 26982941  3267 infeasible   65       192.99644  192.00000  0.52%  37.7 4890s
 27012772  3493  192.00000   61   35  192.99644  192.00000  0.52%  37.7 4895s
 27045138  3634  192.00000   71   32  192.99644  192.00000  0.52%  37.7 4900s
 27078503  3328  192.00000   68   29  192.99644  192.00000  0.52%  37.6 4905s
 27110518  3530  192.00000   75   34  192.99644  192.00000  0.52%  37.6 4910s
 27142195  3386 infeasible   64       192.99644  192.00000  0.52%  37.6 4915s
 27174424  3212  192.00000   67   26  192.99644  192.00000  0.52%  37.6 4920s
 27204168  4406 infeasible   67       192.99644  192.00000  0.52%  37.6 4925s
 27231914  4712  192.00000   65   35  192.99644  192.00000  0.52%  37.6 4930s
 27258896  4593  192.00000   69   28  192.99644  192.00000  0.52%  37.6 4935s
 27283639  4539  192.00000   82   22  192.99644  192.00000  0.52%  37.6 4940s
 27311775  4407  192.00000   59   41  192.99644  192.00000  0.52%  37.6 4945s
 27338622  4369 infeasible   79       192.99644  192.00000  0.52%  37.6 4950s
 27367673  4182  192.00000   64   30  192.99644  192.00000  0.52%  37.6 4955s
 27396081  4060 infeasible   58       192.99644  192.00000  0.52%  37.6 4960s
 27426068  4009     cutoff   66       192.99644  192.00000  0.52%  37.6 4965s
 27454596  4089  192.00000   64   26  192.99644  192.00000  0.52%  37.6 4970s
 27485735  3924  192.00000   63   39  192.99644  192.00000  0.52%  37.6 4975s
 27514759  4038  192.00000   62   30  192.99644  192.00000  0.52%  37.6 4980s
 27544386  3943     cutoff   66       192.99644  192.00000  0.52%  37.6 4985s
 27572750  3925  192.00000   66   16  192.99644  192.00000  0.52%  37.6 4990s
 27601608  3850  192.00000   69   25  192.99644  192.00000  0.52%  37.6 4995s
 27628960  4136  192.00000   68   29  192.99644  192.00000  0.52%  37.6 5000s
 27658543  3958  192.00000   61   32  192.99644  192.00000  0.52%  37.6 5005s
 27686562  3721  192.00000   65   42  192.99644  192.00000  0.52%  37.6 5010s
 27716158  3636  192.00000   53   44  192.99644  192.00000  0.52%  37.6 5015s
 27746386  3817  192.00000   58   20  192.99644  192.00000  0.52%  37.6 5020s
 27771661  4432 infeasible   62       192.99644  192.00000  0.52%  37.6 5025s
 27799014  4397  192.00000   62   28  192.99644  192.00000  0.52%  37.6 5030s
 27828201  4360 infeasible   61       192.99644  192.00000  0.52%  37.6 5035s
 27856183  4296  192.00000   67   42  192.99644  192.00000  0.52%  37.6 5040s
 27884019  4147 infeasible   69       192.99644  192.00000  0.52%  37.6 5045s
 27911638  4006  192.00000   71   31  192.99644  192.00000  0.52%  37.6 5050s
 27940020  4406  192.00000   68   39  192.99644  192.00000  0.52%  37.6 5055s
 27967534  4294 infeasible   68       192.99644  192.00000  0.52%  37.6 5060s
 27996076  4084 infeasible   72       192.99644  192.00000  0.52%  37.6 5065s
 28023115  4029  192.00000   74   13  192.99644  192.00000  0.52%  37.6 5070s
 28051041  4001 infeasible   65       192.99644  192.00000  0.52%  37.6 5075s
 28078432  3900  192.00000   68   33  192.99644  192.00000  0.52%  37.6 5080s
 28103410  4392 infeasible   70       192.99644  192.00000  0.52%  37.6 5085s
 28131512  4415  192.00000   64   38  192.99644  192.00000  0.52%  37.6 5090s
 28161991  4194  192.00000   73   39  192.99644  192.00000  0.52%  37.6 5095s
 28190233  4031  192.00000   69   35  192.99644  192.00000  0.52%  37.6 5100s
 28217740  4014 infeasible   69       192.99644  192.00000  0.52%  37.6 5105s
 28246601  4112  192.00000   59   36  192.99644  192.00000  0.52%  37.6 5110s
 28275459  3882  192.00000   65   28  192.99644  192.00000  0.52%  37.6 5115s
 28304416  3950  192.00000   75   29  192.99644  192.00000  0.52%  37.6 5120s
 28332994  3879 infeasible   70       192.99644  192.00000  0.52%  37.6 5125s
 28363343  3822  192.00000   68   29  192.99644  192.00000  0.52%  37.6 5130s
 28391581  3703 infeasible   71       192.99644  192.00000  0.52%  37.6 5135s
 28420687  3644 infeasible   73       192.99644  192.00000  0.52%  37.6 5140s
 28452055  3872  192.00000   71   30  192.99644  192.00000  0.52%  37.6 5145s
 28483761  3799  192.00000   80   29  192.99644  192.00000  0.52%  37.6 5150s
 28515563  3641 infeasible   74       192.99644  192.00000  0.52%  37.6 5155s
 28545264  3609  192.00000   61   39  192.99644  192.00000  0.52%  37.6 5160s
 28574983  3555  192.00000   61   41  192.99644  192.00000  0.52%  37.6 5165s
 28604585  3679 infeasible   73       192.99644  192.00000  0.52%  37.6 5170s
 28635477  3746  192.00000   64   45  192.99644  192.00000  0.52%  37.6 5175s
 28664907  3540 infeasible   83       192.99644  192.00000  0.52%  37.6 5180s
 28695690  3616  192.00000   71   47  192.99644  192.00000  0.52%  37.6 5185s
 28723856  3706  192.00000   59   46  192.99644  192.00000  0.52%  37.6 5190s
 28748275  3898  192.00000   68   27  192.99644  192.00000  0.52%  37.6 5195s
 28774684  4008 infeasible   64       192.99644  192.00000  0.52%  37.6 5200s
 28804058  3819 infeasible   74       192.99644  192.00000  0.52%  37.6 5205s
 28833572  3671 infeasible   66       192.99644  192.00000  0.52%  37.6 5210s
 28861948  3650  192.00000   64   35  192.99644  192.00000  0.52%  37.6 5215s
 28889401  3709  192.00000   65   30  192.99644  192.00000  0.52%  37.6 5220s
 28916300  3531  192.00000   62   34  192.99644  192.00000  0.52%  37.6 5225s
 28943900  3466  192.00000   66   40  192.99644  192.00000  0.52%  37.6 5230s
 28969268  3757  192.00000   78   28  192.99644  192.00000  0.52%  37.6 5235s
 28995669  3563 infeasible   70       192.99644  192.00000  0.52%  37.6 5240s
 29021971  3469 infeasible   73       192.99644  192.00000  0.52%  37.6 5245s
 29044896  3506  192.00000   61   45  192.99644  192.00000  0.52%  37.6 5250s
 29075472  3584  192.00000   71   28  192.99644  192.00000  0.52%  37.6 5255s
 29104617  3795  192.00000   69   22  192.99644  192.00000  0.52%  37.6 5260s
 29136018  3501 infeasible   62       192.99644  192.00000  0.52%  37.6 5265s
 29167592  3479  192.00000   71   33  192.99644  192.00000  0.52%  37.6 5270s
 29199956  3455 infeasible   83       192.99644  192.00000  0.52%  37.6 5275s
 29230279  3574  192.00000   66   32  192.99644  192.00000  0.52%  37.6 5280s
 29258377  3579 infeasible   71       192.99644  192.00000  0.52%  37.6 5285s
 29287282  3568  192.00000   64   39  192.99644  192.00000  0.52%  37.6 5290s
 29317299  3764  192.00000   66   41  192.99644  192.00000  0.52%  37.6 5295s
 29345443  3562  192.00000   64   37  192.99644  192.00000  0.52%  37.6 5300s
 29374919  3497     cutoff   65       192.99644  192.00000  0.52%  37.6 5305s
 29403369  3334  192.00000   76   28  192.99644  192.00000  0.52%  37.6 5310s
 29434859  3517  192.00000   68   30  192.99644  192.00000  0.52%  37.6 5315s
 29467252  3280  192.00000   63   30  192.99644  192.00000  0.52%  37.5 5320s
 29496707  3629  192.00000   70   31  192.99644  192.00000  0.52%  37.5 5325s
 29529727  3657     cutoff   69       192.99644  192.00000  0.52%  37.5 5330s
 29564443  3370 infeasible   73       192.99644  192.00000  0.52%  37.5 5335s
 29596192  3289  192.00000   58   34  192.99644  192.00000  0.52%  37.5 5340s
 29626474  3695  192.00000   66   35  192.99644  192.00000  0.52%  37.5 5345s
 29658419  3813  192.00000   80   36  192.99644  192.00000  0.52%  37.5 5350s
 29692326  3632 infeasible   71       192.99644  192.00000  0.52%  37.5 5355s
 29727090  3631     cutoff   74       192.99644  192.00000  0.52%  37.5 5360s
 29761458  3374  192.00000   59   26  192.99644  192.00000  0.52%  37.5 5365s
 29792158  3253     cutoff   75       192.99644  192.00000  0.52%  37.5 5370s
 29817321  3707 infeasible   75       192.99644  192.00000  0.52%  37.5 5375s
 29844020  3584  192.00000   73   26  192.99644  192.00000  0.52%  37.5 5380s
 29871472  3328  192.00000   68   29  192.99644  192.00000  0.52%  37.5 5385s
 29900162  3148 infeasible   83       192.99644  192.00000  0.52%  37.5 5390s
 29928527  3131  192.00000   58   41  192.99644  192.00000  0.52%  37.5 5395s
 29959972  3476     cutoff   62       192.99644  192.00000  0.52%  37.5 5400s
 29992810  3231  192.00000   60   44  192.99644  192.00000  0.52%  37.4 5405s
 30024232  3191 infeasible   75       192.99644  192.00000  0.52%  37.4 5410s
 30055966  2887  192.00000   62   35  192.99644  192.00000  0.52%  37.4 5415s
 30082896  3007 infeasible   68       192.99644  192.00000  0.52%  37.4 5420s
 30109157  2979 infeasible   71       192.99644  192.00000  0.52%  37.4 5425s
 30134799  3727 infeasible   61       192.99644  192.00000  0.52%  37.5 5430s
 30159945  3924  192.00000   69   36  192.99644  192.00000  0.52%  37.5 5435s
 30183837  4089  192.00000   78   32  192.99644  192.00000  0.52%  37.5 5440s
 30208914  3999 infeasible   74       192.99644  192.00000  0.52%  37.5 5445s
 30234553  3852  192.00000   65   37  192.99644  192.00000  0.52%  37.5 5450s
 30259106  4096  192.00000   76   44  192.99644  192.00000  0.52%  37.5 5455s
 30285588  3793 infeasible   75       192.99644  192.00000  0.52%  37.5 5460s
 30310632  3597  192.00000   76   35  192.99644  192.00000  0.52%  37.5 5465s
 30336564  3570  192.00000   76   35  192.99644  192.00000  0.52%  37.5 5470s
 30360878  3589  192.00000   63   28  192.99644  192.00000  0.52%  37.5 5475s
 30386191  3474  192.00000   67   29  192.99644  192.00000  0.52%  37.5 5480s
 30411282  3460  192.00000   69   19  192.99644  192.00000  0.52%  37.5 5485s
 30437465  3729  192.00000   82   24  192.99644  192.00000  0.52%  37.5 5490s
 30463643  3994 infeasible   75       192.99644  192.00000  0.52%  37.5 5495s
 30489669  3841  192.00000   78   28  192.99644  192.00000  0.52%  37.5 5500s
 30515898  3907 infeasible   69       192.99644  192.00000  0.52%  37.5 5505s
 30540416  3875 infeasible   82       192.99644  192.00000  0.52%  37.5 5510s
 30567792  3777 infeasible   65       192.99644  192.00000  0.52%  37.5 5515s
 30593128  3736  192.00000   68   34  192.99644  192.00000  0.52%  37.5 5520s
 30620629  3699  192.00000   79   30  192.99644  192.00000  0.52%  37.5 5525s
 30646922  3518  192.00000   62   40  192.99644  192.00000  0.52%  37.5 5530s
 30672608  3593 infeasible   67       192.99644  192.00000  0.52%  37.5 5535s
 30699093  3447  192.00000   73   26  192.99644  192.00000  0.52%  37.6 5540s
 30724808  3473  192.00000   71   44  192.99644  192.00000  0.52%  37.6 5545s
 30751293  3315  192.00000   67   26  192.99644  192.00000  0.52%  37.6 5550s
 30778148  3241 infeasible   60       192.99644  192.00000  0.52%  37.6 5555s
 30805375  3241 infeasible   67       192.99644  192.00000  0.52%  37.6 5560s
 30828294  3205  192.00000   67   22  192.99644  192.00000  0.52%  37.6 5565s
 30855190  3199  192.00000   65   18  192.99644  192.00000  0.52%  37.6 5570s
 30883554  2966  192.00000   61   42  192.99644  192.00000  0.52%  37.6 5575s
 30909864  3540 infeasible   66       192.99644  192.00000  0.52%  37.6 5580s
 30937442  3789  192.00000   80   35  192.99644  192.00000  0.52%  37.6 5585s
 30965795  3694 infeasible   74       192.99644  192.00000  0.52%  37.6 5590s
 30992573  3506  192.00000   67   37  192.99644  192.00000  0.52%  37.6 5595s
 31021258  3622 infeasible   72       192.99644  192.00000  0.52%  37.6 5600s
 31047687  3433 infeasible   63       192.99644  192.00000  0.52%  37.6 5605s
 31075580  3475 infeasible   66       192.99644  192.00000  0.52%  37.6 5610s
 31101254  3345 infeasible   73       192.99644  192.00000  0.52%  37.6 5615s
 31128882  3327  192.00000   75   25  192.99644  192.00000  0.52%  37.6 5620s
 31156485  3269 infeasible   67       192.99644  192.00000  0.52%  37.6 5625s
 31181362  3318 infeasible   68       192.99644  192.00000  0.52%  37.6 5630s
 31207768  3155 infeasible   66       192.99644  192.00000  0.52%  37.6 5635s
 31235839  3218  192.00000   75   45  192.99644  192.00000  0.52%  37.6 5640s
 31262526  3362  192.00000   76   35  192.99644  192.00000  0.52%  37.6 5645s
 31289356  3686  192.00000   61   25  192.99644  192.00000  0.52%  37.6 5650s
 31316727  3449  192.00000   66   47  192.99644  192.00000  0.52%  37.6 5655s
 31344894  3297  192.00000   67   30  192.99644  192.00000  0.52%  37.6 5660s
 31372092  3220  192.00000   69   40  192.99644  192.00000  0.52%  37.6 5665s
 31397827  3043 infeasible   71       192.99644  192.00000  0.52%  37.6 5670s
 31425188  2999 infeasible   72       192.99644  192.00000  0.52%  37.6 5675s
 31452135  2961  192.00000   74   36  192.99644  192.00000  0.52%  37.6 5680s
 31479188  2919  192.00000   68   29  192.99644  192.00000  0.52%  37.6 5685s
 31504932  2928 infeasible   65       192.99644  192.00000  0.52%  37.6 5690s
 31529744  3220 infeasible   67       192.99644  192.00000  0.52%  37.6 5695s
 31554685  3312  192.00000   64   24  192.99644  192.00000  0.52%  37.6 5700s
 31582164  3293 infeasible   74       192.99644  192.00000  0.52%  37.7 5705s
 31609067  3123 infeasible   82       192.99644  192.00000  0.52%  37.7 5710s
 31634854  2969 infeasible   77       192.99644  192.00000  0.52%  37.7 5715s
 31660007  2865  192.00000   72   22  192.99644  192.00000  0.52%  37.7 5720s
 31685486  2856 infeasible   75       192.99644  192.00000  0.52%  37.7 5725s
 31709855  2683 infeasible   63       192.99644  192.00000  0.52%  37.7 5730s
 31735753  2558  192.00000   75   21  192.99644  192.00000  0.52%  37.7 5735s
 31762357  2450  192.00000   67   34  192.99644  192.00000  0.52%  37.7 5740s
 31786880  2950 infeasible   72       192.99644  192.00000  0.52%  37.7 5745s
 31810298  3191 infeasible   69       192.99644  192.00000  0.52%  37.7 5750s
 31834754  3055  192.00000   73   37  192.99644  192.00000  0.52%  37.7 5755s
 31857720  2942 infeasible   71       192.99644  192.00000  0.52%  37.7 5760s
 31880176  2913  192.00000   68   36  192.99644  192.00000  0.52%  37.7 5765s
 31901453  2766 infeasible   94       192.99644  192.00000  0.52%  37.7 5770s
 31926301  2635  192.00000   59   54  192.99644  192.00000  0.52%  37.7 5775s
 31952352  2583  192.00000   75   30  192.99644  192.00000  0.52%  37.7 5780s
 31976870  2681  192.00000   61   35  192.99644  192.00000  0.52%  37.7 5785s
 32001782  2499  192.00000   74   31  192.99644  192.00000  0.52%  37.7 5790s
 32024657  2662  192.00000   60   45  192.99644  192.00000  0.52%  37.7 5795s
 32049045  2607 infeasible   67       192.99644  192.00000  0.52%  37.8 5800s
 32074396  2663  192.00000   70   41  192.99644  192.00000  0.52%  37.8 5805s
 32101227  3063  192.00000   68   33  192.99644  192.00000  0.52%  37.8 5810s
 32129138  2995  192.00000   67   36  192.99644  192.00000  0.52%  37.8 5815s
 32156157  2854  192.00000   64   43  192.99644  192.00000  0.52%  37.8 5820s
 32183956  3014 infeasible   64       192.99644  192.00000  0.52%  37.8 5825s
 32210277  2804  192.00000   68   25  192.99644  192.00000  0.52%  37.8 5830s
 32236583  3107 infeasible   68       192.99644  192.00000  0.52%  37.8 5835s
 32264197  3027 infeasible   72       192.99644  192.00000  0.52%  37.8 5840s
 32291843  2752  192.00000   60   62  192.99644  192.00000  0.52%  37.8 5845s
 32319826  2690  192.00000   67   43  192.99644  192.00000  0.52%  37.8 5850s
 32346032  2720  192.00000   60   29  192.99644  192.00000  0.52%  37.8 5855s
 32373479  2566 infeasible   67       192.99644  192.00000  0.52%  37.8 5860s
 32401637  2945  192.00000   69   41  192.99644  192.00000  0.52%  37.8 5865s
 32434209  3748     cutoff   66       192.99644  192.00000  0.52%  37.8 5870s
 32466411  3830     cutoff   74       192.99644  192.00000  0.52%  37.8 5875s
 32498228  3606  192.00000   59   42  192.99644  192.00000  0.52%  37.8 5880s
 32528373  3463  192.00000   67   34  192.99644  192.00000  0.52%  37.8 5885s
 32563189  3373  192.00000   71   38  192.99644  192.00000  0.52%  37.8 5890s
 32594391  3463     cutoff   76       192.99644  192.00000  0.52%  37.7 5895s
 32625358  3448  192.00000   67   18  192.99644  192.00000  0.52%  37.7 5900s
 32657728  3599 infeasible   62       192.99644  192.00000  0.52%  37.7 5905s
 32687240  3690  192.00000   64   29  192.99644  192.00000  0.52%  37.7 5910s
 32712428  3881  192.00000   64   28  192.99644  192.00000  0.52%  37.7 5915s
 32740173  3918 infeasible   73       192.99644  192.00000  0.52%  37.7 5920s
 32765714  3599  192.00000   65   24  192.99644  192.00000  0.52%  37.8 5925s
 32795934  3568  192.00000   66   28  192.99644  192.00000  0.52%  37.8 5930s
 32825319  3639  192.00000   58   44  192.99644  192.00000  0.52%  37.8 5935s
 32852653  3899 infeasible   72       192.99644  192.00000  0.52%  37.8 5940s
 32879096  3889 infeasible   76       192.99644  192.00000  0.52%  37.8 5945s
 32905176  3755  192.00000   74   28  192.99644  192.00000  0.52%  37.8 5950s
 32933654  3771  192.00000   66   41  192.99644  192.00000  0.52%  37.8 5955s
 32960743  3611 infeasible   75       192.99644  192.00000  0.52%  37.8 5960s
 32987979  3520 infeasible   65       192.99644  192.00000  0.52%  37.8 5965s
 33014496  3483  192.00000   74   33  192.99644  192.00000  0.52%  37.8 5970s
 33039703  3282 infeasible   78       192.99644  192.00000  0.52%  37.8 5975s
 33075650  3226  192.00000   59   38  192.99644  192.00000  0.52%  37.8 5980s
 33113456  3122 infeasible   58       192.99644  192.00000  0.52%  37.8 5985s
 33153793  3303  192.00000   69   33  192.99644  192.00000  0.52%  37.7 5990s
 33191704  3207  192.00000   62   40  192.99644  192.00000  0.52%  37.7 5995s
 33227151  3607 infeasible   78       192.99644  192.00000  0.52%  37.7 6000s
 33261598  3521 infeasible   80       192.99644  192.00000  0.52%  37.7 6005s
 33293147  3271 infeasible   74       192.99644  192.00000  0.52%  37.7 6010s
 33323484  3241  192.00000   74   30  192.99644  192.00000  0.52%  37.7 6015s
 33357538  3152 infeasible   77       192.99644  192.00000  0.52%  37.7 6020s
 33392893  2981 infeasible   57       192.99644  192.00000  0.52%  37.7 6025s
 33427451  3156  192.00000   64   34  192.99644  192.00000  0.52%  37.7 6030s
 33462869  3092 infeasible   67       192.99644  192.00000  0.52%  37.7 6035s
 33497865  3094 infeasible   76       192.99644  192.00000  0.52%  37.7 6040s
 33533950  2830  192.00000   74   34  192.99644  192.00000  0.52%  37.6 6045s
 33567404  2796  192.00000   71   42  192.99644  192.00000  0.52%  37.6 6050s
 33597024  3242 infeasible   65       192.99644  192.00000  0.52%  37.6 6055s
 33632462  3514     cutoff   75       192.99644  192.00000  0.52%  37.6 6060s
 33664373  3414  192.00000   61   38  192.99644  192.00000  0.52%  37.6 6065s
 33698114  3267  192.00000   66   41  192.99644  192.00000  0.52%  37.6 6070s
 33734017  2931     cutoff   78       192.99644  192.00000  0.52%  37.6 6075s
 33770859  3114     cutoff   67       192.99644  192.00000  0.52%  37.6 6080s
 33805494  2913  192.00000   74   38  192.99644  192.00000  0.52%  37.6 6085s
 33839965  2765  192.00000   63   40  192.99644  192.00000  0.52%  37.6 6090s
 33875055  3383     cutoff   75       192.99644  192.00000  0.52%  37.5 6095s
 33902600  3581  192.00000   71   22  192.99644  192.00000  0.52%  37.5 6100s
 33930440  3255 infeasible   71       192.99644  192.00000  0.52%  37.5 6105s
 33959146  2990  192.00000   64   25  192.99644  192.00000  0.52%  37.5 6110s
 33989184  2889  192.00000   78   26  192.99644  192.00000  0.52%  37.5 6115s
 34019869  2843  192.00000   59   40  192.99644  192.00000  0.52%  37.5 6120s
 34050472  2972  192.00000   77   27  192.99644  192.00000  0.52%  37.5 6125s
 34075774  3476  192.00000   78   26  192.99644  192.00000  0.52%  37.5 6130s
 34102708  3699  192.00000   78   23  192.99644  192.00000  0.52%  37.5 6135s
 34129930  3299 infeasible   61       192.99644  192.00000  0.52%  37.5 6140s
 34156864  3220 infeasible   76       192.99644  192.00000  0.52%  37.6 6145s
 34181991  3022 infeasible   61       192.99644  192.00000  0.52%  37.6 6150s
 34209585  2917 infeasible   77       192.99644  192.00000  0.52%  37.6 6155s
 34235126  2822  192.00000   74   30  192.99644  192.00000  0.52%  37.6 6160s
 34261025  2774 infeasible   66       192.99644  192.00000  0.52%  37.6 6165s
 34289518  3054 infeasible   70       192.99644  192.00000  0.52%  37.6 6170s
 34320293  2791 infeasible   68       192.99644  192.00000  0.52%  37.6 6175s
 34353047  2796     cutoff   74       192.99644  192.00000  0.52%  37.6 6180s
 34385738  2731  192.00000   81   19  192.99644  192.00000  0.52%  37.5 6185s
 34418167  2854 infeasible   76       192.99644  192.00000  0.52%  37.5 6190s
 34450609  2622 infeasible   63       192.99644  192.00000  0.52%  37.5 6195s
 34482621  3033     cutoff   65       192.99644  192.00000  0.52%  37.5 6200s
 34518313  3447  192.00000   57   34  192.99644  192.00000  0.52%  37.5 6205s
 34556537  3231     cutoff   71       192.99644  192.00000  0.52%  37.5 6210s
 34599718  3030     cutoff   77       192.99644  192.00000  0.52%  37.5 6215s
 34638241  2872 infeasible   63       192.99644  192.00000  0.52%  37.5 6220s
 34673033  2785  192.00000   63   36  192.99644  192.00000  0.52%  37.5 6225s
 34705930  2661  192.00000   76   34  192.99644  192.00000  0.52%  37.4 6230s
 34743948  2715     cutoff   72       192.99644  192.00000  0.52%  37.4 6235s
 34780317  2522  192.00000   71   28  192.99644  192.00000  0.52%  37.4 6240s
 34812192  3201 infeasible   77       192.99644  192.00000  0.52%  37.4 6245s
 34844172  3080 infeasible   78       192.99644  192.00000  0.52%  37.4 6250s
 34877550  2948  192.00000   70   44  192.99644  192.00000  0.52%  37.4 6255s
 34912247  2706  192.00000   65   40  192.99644  192.00000  0.52%  37.4 6260s
 34943369  2791  192.00000   62   42  192.99644  192.00000  0.52%  37.4 6265s
 34971014  2818 infeasible   70       192.99644  192.00000  0.52%  37.4 6270s
 35002562  2794  192.00000   68   41  192.99644  192.00000  0.52%  37.4 6275s
 35038203  2599     cutoff   79       192.99644  192.00000  0.52%  37.4 6280s
 35071226  2455     cutoff   76       192.99644  192.00000  0.52%  37.4 6285s
 35098722  2792  192.00000   67   36  192.99644  192.00000  0.52%  37.4 6290s
 35124295  2787  192.00000   65   21  192.99644  192.00000  0.52%  37.4 6295s
 35150580  2579  192.00000   65   50  192.99644  192.00000  0.52%  37.4 6300s
 35176461  2660  192.00000   66   38  192.99644  192.00000  0.52%  37.4 6305s
 35201216  2506  192.00000   64   16  192.99644  192.00000  0.52%  37.4 6310s
 35226447  2656  192.00000   62   24  192.99644  192.00000  0.52%  37.4 6315s
 35253273  2767 infeasible   69       192.99644  192.00000  0.52%  37.4 6320s
 35279868  2697  192.00000   70   33  192.99644  192.00000  0.52%  37.4 6325s
 35305745  2571 infeasible   67       192.99644  192.00000  0.52%  37.4 6330s
 35332125  2399 infeasible   75       192.99644  192.00000  0.52%  37.4 6335s
 35356298  2884 infeasible   70       192.99644  192.00000  0.52%  37.4 6340s
 35381124  2756 infeasible   61       192.99644  192.00000  0.52%  37.4 6345s
 35404360  2704  192.00000   69   37  192.99644  192.00000  0.52%  37.4 6350s
 35428325  2587  192.00000   77   38  192.99644  192.00000  0.52%  37.4 6355s
 35454314  2449 infeasible   67       192.99644  192.00000  0.52%  37.4 6360s
 35478566  2418  192.00000   72   36  192.99644  192.00000  0.52%  37.4 6365s
 35504365  2589  192.00000   54   38  192.99644  192.00000  0.52%  37.4 6370s
 35530408  2433  192.00000   57   38  192.99644  192.00000  0.52%  37.4 6375s
 35555411  2527  192.00000   62   40  192.99644  192.00000  0.52%  37.4 6380s
 35581297  2574  192.00000   60   40  192.99644  192.00000  0.52%  37.4 6385s
 35603358  2358 infeasible   64       192.99644  192.00000  0.52%  37.4 6390s
 35629787  3183 infeasible   71       192.99644  192.00000  0.52%  37.4 6395s
 35656227  3429  192.00000   65   40  192.99644  192.00000  0.52%  37.4 6400s
 35681350  3609 infeasible   70       192.99644  192.00000  0.52%  37.4 6405s
 35706723  3723  192.00000   73   24  192.99644  192.00000  0.52%  37.4 6410s
 35732955  3556  192.00000   75   26  192.99644  192.00000  0.52%  37.4 6415s
 35759571  3507  192.00000   80   20  192.99644  192.00000  0.52%  37.4 6420s
 35786941  3425 infeasible   77       192.99644  192.00000  0.52%  37.4 6425s
 35812175  3371  192.00000   71   43  192.99644  192.00000  0.52%  37.4 6430s
 35837396  3364  192.00000   67   42  192.99644  192.00000  0.52%  37.4 6435s
 35863367  3347  192.00000   61   44  192.99644  192.00000  0.52%  37.4 6440s
 35888781  3211  192.00000   69   41  192.99644  192.00000  0.52%  37.4 6445s
 35914374  3082  192.00000   62   42  192.99644  192.00000  0.52%  37.4 6450s
 35941232  3039 infeasible   62       192.99644  192.00000  0.52%  37.4 6455s
 35968574  2931  192.00000   66   41  192.99644  192.00000  0.52%  37.4 6460s
 35993437  2886 infeasible   65       192.99644  192.00000  0.52%  37.4 6465s
 36022045  2989 infeasible   88       192.99644  192.00000  0.52%  37.4 6470s
 36050386  2826 infeasible   67       192.99644  192.00000  0.52%  37.4 6475s
 36077184  2946 infeasible   66       192.99644  192.00000  0.52%  37.4 6480s
 36105370  2705  192.00000   71   27  192.99644  192.00000  0.52%  37.4 6485s
 36132575  2828 infeasible   66       192.99644  192.00000  0.52%  37.4 6490s
 36159674  2900  192.00000   66   28  192.99644  192.00000  0.52%  37.4 6495s
 36188714  2615  192.00000   73   34  192.99644  192.00000  0.52%  37.4 6500s
 36214220  2933  192.00000   62   45  192.99644  192.00000  0.52%  37.4 6505s
 36241350  2887 infeasible   75       192.99644  192.00000  0.52%  37.4 6510s
 36271408  2713 infeasible   69       192.99644  192.00000  0.52%  37.4 6515s
 36300808  2522  192.00000   61   39  192.99644  192.00000  0.52%  37.4 6520s
 36328579  2448  192.00000   66   50  192.99644  192.00000  0.52%  37.4 6525s
 36354925  2397 infeasible   60       192.99644  192.00000  0.52%  37.4 6530s
 36383508  3150  192.00000   57   48  192.99644  192.00000  0.52%  37.4 6535s
 36411628  3683  192.00000   66   33  192.99644  192.00000  0.52%  37.4 6540s
 36440339  4211 infeasible   68       192.99644  192.00000  0.52%  37.4 6545s
 36469242  4317 infeasible   66       192.99644  192.00000  0.52%  37.4 6550s
 36495993  4100  192.00000   70   44  192.99644  192.00000  0.52%  37.4 6555s
 36523775  3969 infeasible   65       192.99644  192.00000  0.52%  37.4 6560s
 36552357  3808 infeasible   78       192.99644  192.00000  0.52%  37.4 6565s
 36579388  3683 infeasible   60       192.99644  192.00000  0.52%  37.4 6570s
 36608746  3887 infeasible   66       192.99644  192.00000  0.52%  37.4 6575s
 36639269  3658  192.00000   63   45  192.99644  192.00000  0.52%  37.4 6580s
 36668608  3501  192.00000   70   48  192.99644  192.00000  0.52%  37.4 6585s
 36697300  3503 infeasible   66       192.99644  192.00000  0.52%  37.4 6590s
 36726029  3304  192.00000   66   42  192.99644  192.00000  0.52%  37.4 6595s
 36755815  3188  192.00000   64   50  192.99644  192.00000  0.52%  37.4 6600s
 36785178  3050  192.00000   67   38  192.99644  192.00000  0.52%  37.4 6605s
 36813175  2934  192.00000   61   26  192.99644  192.00000  0.52%  37.4 6610s
 36841624  2858 infeasible   69       192.99644  192.00000  0.52%  37.4 6615s
 36869728  2755 infeasible   67       192.99644  192.00000  0.52%  37.4 6620s
 36898004  2677  192.00000   63   29  192.99644  192.00000  0.52%  37.4 6625s
 36924421  2544 infeasible   74       192.99644  192.00000  0.52%  37.4 6630s
 36952461  2478  192.00000   69   22  192.99644  192.00000  0.52%  37.4 6635s
 36980837  2513 infeasible   61       192.99644  192.00000  0.52%  37.4 6640s
 37007936  2375  192.00000   68   44  192.99644  192.00000  0.52%  37.4 6645s
 37036923  2366 infeasible   68       192.99644  192.00000  0.52%  37.4 6650s
 37065302  2425 infeasible   66       192.99644  192.00000  0.52%  37.4 6655s
 37094215  2302 infeasible   62       192.99644  192.00000  0.52%  37.4 6660s
 37112728  2286 infeasible   71       192.99644  192.00000  0.52%  37.4 6665s
 37144726  2350  192.00000   55   39  192.99644  192.00000  0.52%  37.4 6670s
 37171415  2351 infeasible   82       192.99644  192.00000  0.52%  37.4 6675s
 37196118  2331  192.00000   69   37  192.99644  192.00000  0.52%  37.5 6680s
 37221335  2545 infeasible   59       192.99644  192.00000  0.52%  37.5 6685s
 37245025  2607 infeasible   68       192.99644  192.00000  0.52%  37.5 6690s
 37268927  2367 infeasible   72       192.99644  192.00000  0.52%  37.5 6695s
 37293426  2351 infeasible   71       192.99644  192.00000  0.52%  37.5 6700s
 37317033  2402 infeasible   62       192.99644  192.00000  0.52%  37.5 6705s
 37341697  2298 infeasible   61       192.99644  192.00000  0.52%  37.5 6710s
 37366572  2408  192.00000   64   25  192.99644  192.00000  0.52%  37.5 6715s
 37391808  2467  192.00000   59   44  192.99644  192.00000  0.52%  37.5 6720s
 37415045  2355  192.00000   65   41  192.99644  192.00000  0.52%  37.5 6725s
 37440922  2184 infeasible   61       192.99644  192.00000  0.52%  37.5 6730s
 37464596  2734  192.00000   64   38  192.99644  192.00000  0.52%  37.5 6735s
 37489628  3297  192.00000   57   51  192.99644  192.00000  0.52%  37.5 6740s
 37516233  3687 infeasible   64       192.99644  192.00000  0.52%  37.5 6745s
 37542086  3476  192.00000   55   44  192.99644  192.00000  0.52%  37.5 6750s
 37566753  3741  192.00000   63   41  192.99644  192.00000  0.52%  37.5 6755s
 37591357  3643 infeasible   65       192.99644  192.00000  0.52%  37.5 6760s
 37615402  3718  192.00000   72   37  192.99644  192.00000  0.52%  37.5 6765s
 37637469  3720 infeasible   73       192.99644  192.00000  0.52%  37.5 6770s
 37661142  3555 infeasible   66       192.99644  192.00000  0.52%  37.5 6775s
 37684450  3652 infeasible   65       192.99644  192.00000  0.52%  37.5 6780s
 37708965  3365  192.00000   57   47  192.99644  192.00000  0.52%  37.5 6785s
 37732842  3231  192.00000   64   46  192.99644  192.00000  0.52%  37.5 6790s
 37758384  3556 infeasible   70       192.99644  192.00000  0.52%  37.5 6795s
 37784595  3888  192.00000   61   31  192.99644  192.00000  0.52%  37.5 6800s
 37809550  3799 infeasible   63       192.99644  192.00000  0.52%  37.5 6805s
 37834853  3630  192.00000   67   39  192.99644  192.00000  0.52%  37.6 6810s
 37860499  3674  192.00000   75   35  192.99644  192.00000  0.52%  37.6 6815s
 37886744  3499 infeasible   67       192.99644  192.00000  0.52%  37.6 6820s
 37913578  3517  192.00000   68   36  192.99644  192.00000  0.52%  37.6 6825s
 37938390  3438 infeasible   74       192.99644  192.00000  0.52%  37.6 6830s
 37964100  3346 infeasible   79       192.99644  192.00000  0.52%  37.6 6835s
 37990815  3260 infeasible   62       192.99644  192.00000  0.52%  37.6 6840s
 38016201  3204 infeasible   60       192.99644  192.00000  0.52%  37.6 6845s
 38041810  3164  192.00000   67   38  192.99644  192.00000  0.52%  37.6 6850s
 38068210  3429 infeasible   70       192.99644  192.00000  0.52%  37.6 6855s
 38094506  3387 infeasible   60       192.99644  192.00000  0.52%  37.6 6860s
 38119704  3208 infeasible   73       192.99644  192.00000  0.52%  37.6 6865s
 38146196  3164 infeasible   70       192.99644  192.00000  0.52%  37.6 6870s
 38171542  3022 infeasible   63       192.99644  192.00000  0.52%  37.6 6875s
 38197060  2900  192.00000   68   38  192.99644  192.00000  0.52%  37.6 6880s
 38223307  2750  192.00000   54   44  192.99644  192.00000  0.52%  37.6 6885s
 38246462  2614 infeasible   59       192.99644  192.00000  0.52%  37.6 6890s
 38272862  2577  192.00000   56   43  192.99644  192.00000  0.52%  37.6 6895s
 38299322  2896 infeasible   62       192.99644  192.00000  0.52%  37.6 6900s
 38324593  3176 infeasible   59       192.99644  192.00000  0.52%  37.6 6905s
 38351107  2939 infeasible   81       192.99644  192.00000  0.52%  37.6 6910s
 38377232  2772  192.00000   62   51  192.99644  192.00000  0.52%  37.6 6915s
 38404647  2568  192.00000   54   44  192.99644  192.00000  0.52%  37.6 6920s
 38429689  2850  192.00000   69   49  192.99644  192.00000  0.52%  37.6 6925s
 38457224  2718  192.00000   62   58  192.99644  192.00000  0.52%  37.6 6930s
 38483473  2497 infeasible   60       192.99644  192.00000  0.52%  37.6 6935s
 38510661  2504  192.00000   57   53  192.99644  192.00000  0.52%  37.6 6940s
 38536934  2779 infeasible   66       192.99644  192.00000  0.52%  37.6 6945s
 38561748  2663 infeasible   63       192.99644  192.00000  0.52%  37.6 6950s
 38586819  2437  192.00000   55   51  192.99644  192.00000  0.52%  37.6 6955s
 38612200  2265  192.00000   65   42  192.99644  192.00000  0.52%  37.6 6960s
 38637550  2576 infeasible   69       192.99644  192.00000  0.52%  37.6 6965s
 38661242  2573 infeasible   65       192.99644  192.00000  0.52%  37.6 6970s
 38684143  2392 infeasible   67       192.99644  192.00000  0.52%  37.6 6975s
 38709014  2201  192.00000   70   34  192.99644  192.00000  0.52%  37.6 6980s
 38732769  2680  192.00000   57   30  192.99644  192.00000  0.52%  37.6 6985s
 38759972  3125  192.00000   67   52  192.99644  192.00000  0.52%  37.6 6990s
 38784378  3358 infeasible   64       192.99644  192.00000  0.52%  37.6 6995s
 38812457  3227 infeasible   56       192.99644  192.00000  0.52%  37.6 7000s
 38840021  3257  192.00000   62   43  192.99644  192.00000  0.52%  37.6 7005s
 38866659  3257 infeasible   58       192.99644  192.00000  0.52%  37.6 7010s
 38893248  3156  192.00000   58   40  192.99644  192.00000  0.52%  37.6 7015s
 38920873  2859 infeasible   60       192.99644  192.00000  0.52%  37.6 7020s
 38948755  2826 infeasible   69       192.99644  192.00000  0.52%  37.6 7025s
 38976464  2699 infeasible   62       192.99644  192.00000  0.52%  37.6 7030s
 39003700  2529 infeasible   59       192.99644  192.00000  0.52%  37.6 7035s
 39027895  2460 infeasible   63       192.99644  192.00000  0.52%  37.6 7040s
 39053812  2406 infeasible   65       192.99644  192.00000  0.52%  37.6 7045s
 39080899  2165 infeasible   65       192.99644  192.00000  0.52%  37.6 7050s
 39107075  2350 infeasible   66       192.99644  192.00000  0.52%  37.6 7055s
 39132905  2570 infeasible   77       192.99644  192.00000  0.52%  37.6 7060s
 39158728  2631 infeasible   77       192.99644  192.00000  0.52%  37.6 7065s
 39183661  2450 infeasible   68       192.99644  192.00000  0.52%  37.6 7070s
 39209956  2302  192.00000   63   26  192.99644  192.00000  0.52%  37.7 7075s
 39236017  2339  192.00000   68   35  192.99644  192.00000  0.52%  37.7 7080s
 39261618  2256  192.00000   65   36  192.99644  192.00000  0.52%  37.7 7085s
 39285968  2240  192.00000   61   23  192.99644  192.00000  0.52%  37.7 7090s
 39310560  2323 infeasible   66       192.99644  192.00000  0.52%  37.7 7095s
 39333159  2238 infeasible   67       192.99644  192.00000  0.52%  37.7 7100s
 39357520  2256 infeasible   70       192.99644  192.00000  0.52%  37.7 7105s
 39383220  3227  192.00000   68   21  192.99644  192.00000  0.52%  37.7 7110s
 39408708  3835  192.00000   64   42  192.99644  192.00000  0.52%  37.7 7115s
 39434673  4133  192.00000   72   31  192.99644  192.00000  0.52%  37.7 7120s
 39459569  4308  192.00000   66   41  192.99644  192.00000  0.52%  37.7 7125s
 39483620  4347 infeasible   82       192.99644  192.00000  0.52%  37.7 7130s
 39506294  4242 infeasible   79       192.99644  192.00000  0.52%  37.7 7135s
 39531392  4246  192.00000   68   39  192.99644  192.00000  0.52%  37.7 7140s
 39557948  3938 infeasible   64       192.99644  192.00000  0.52%  37.7 7145s
 39584292  3842  192.00000   66   47  192.99644  192.00000  0.52%  37.7 7150s
 39609125  3872  192.00000   75   28  192.99644  192.00000  0.52%  37.7 7155s
 39633907  3682  192.00000   70   40  192.99644  192.00000  0.52%  37.7 7160s
 39658270  3757 infeasible   76       192.99644  192.00000  0.52%  37.7 7165s
 39683835  3944 infeasible   65       192.99644  192.00000  0.52%  37.7 7170s
 39708287  3716  192.00000   81   35  192.99644  192.00000  0.52%  37.7 7175s
 39732968  3613 infeasible   80       192.99644  192.00000  0.52%  37.7 7180s
 39756877  3515 infeasible   64       192.99644  192.00000  0.52%  37.7 7185s
 39782452  3426 infeasible   77       192.99644  192.00000  0.52%  37.7 7190s
 39807254  3643 infeasible   77       192.99644  192.00000  0.52%  37.7 7195s
 39833754  3925  192.00000   67   35  192.99644  192.00000  0.52%  37.7 7200s

Cutting planes:
  Learned: 2
  Gomory: 1
  Cover: 1
  Projected implied bound: 1
  Flow cover: 6
  Relax-and-lift: 1

Explored 39833821 nodes (1501874283 simplex iterations) in 7200.01 seconds (12580.02 work units)
Thread count was 8 (of 192 available processors)

Solution count 10: 192.996 193 193 ... 193

Time limit reached
Best objective 1.929964360000e+02, best bound 1.919999999999e+02, gap 0.5163%

User-callback calls 84436046, time in user-callback 11.35 sec

AVANT CALCUL DES AUTRES INDICATEURS
Obj_rho = 28
Obj_lambda = 1
Obj_phi = 0
AVANT CALCUL DES AUTRES INDICATEURS
Obj_rho = 28
Obj_lambda = 1
Obj_phi = 0
✅ Solution trouvée (status: TIME_LIMIT)
🎯 Objective global: 192.99643600000036
⏱️ Time used: 7200.01
Nombre de vols satisfaits: 196
Nombre de vols non satisfaits: 0

✈️ Paths for each aircraft:

🛩️ Aircraft N607AS path (28 nodes): s_(u=0, v=0, w=0) ➡️  N607AS_(u=0, v=0, w=1) ➡️  ANC_SEA_137_389_(u=173, v=1, w=1) ➡️  SEA_ANC_479_633_(u=366, v=2, w=1) ➡️  ANC_SEA_715_980_(u=547, v=3, w=1) ➡️  SEA_LAS_1064_1207_(u=657, v=4, w=1) ➡️  LAS_SFO_1317_1401_(u=723, v=5, w=1) ➡️  SFO_ORD_1859_2247_(u=955, v=6, w=2) ➡️  ORD_SFO_2309_2462_(u=1200, v=7, w=2) ➡️  SFO_AUS_2533_2855_(u=1377, v=8, w=2) ➡️  AUS_SFO_3432_3558_(u=1587, v=9, w=3) ➡️  SFO_SEA_3655_3795_(u=1696, v=10, w=3) ➡️  SEA_LAS_3857_4005_(u=1820, v=11, w=3) ➡️  LAS_SEA_4086_4272_(u=1964, v=12, w=3) ➡️  SEA_PHX_4668_4915_(u=2101, v=13, w=4) ➡️  PHX_SEA_4965_5107_(u=2276, v=14, w=4) ➡️  SEA_SAN_5176_5324_(u=2401, v=15, w=4) ➡️  SAN_SEA_5397_5572_(u=2553, v=16, w=4) ➡️  SEA_DAL_6207_6549_(u=2752, v=17, w=5) ➡️  DAL_SEA_6619_6766_(u=3002, v=18, w=5) ➡️  SEA_SNA_6813_6972_(u=3129, v=19, w=5) ➡️  SNA_SEA_7009_7192_(u=3283, v=20, w=5) ➡️  SEA_SNA_7578_7729_(u=3408, v=21, w=6) ➡️  SNA_SEA_7783_7960_(u=3568, v=22, w=6) ➡️  SEA_PHX_8018_8241_(u=3706, v=23, w=6) ➡️  PHX_ANC_8336_8626_(u=4083, v=24, w=6) ➡️  ANC_SEA_8684_8926_(u=4241, v=25, w=7) ➡️  SEA_SAN_9117_9279_(u=4355, v=26, w=7) ➡️  SAN_MCO_9359_9801_(u=4591, v=27, w=7) ➡️  MCO_SEA_9867_10065_(u=4937, v=28, w=7) ➡️  t_(u=0, v=0, w=0)

🛩️ Aircraft N585AS path (29 nodes): s_(u=0, v=0, w=0) ➡️  N585AS_(u=3411, v=29, w=6) ➡️  ANC_SEA_162_428_(u=3585, v=30, w=6) ➡️  SEA_ANC_582_739_(u=3779, v=31, w=6) ➡️  ANC_SEA_1062_1344_(u=3967, v=32, w=6) ➡️  SEA_SJC_1855_1984_(u=4077, v=33, w=7) ➡️  SJC_SEA_2047_2171_(u=4174, v=34, w=7) ➡️  SEA_SJC_2247_2382_(u=4291, v=35, w=7) ➡️  SJC_SEA_2432_2554_(u=4386, v=36, w=7) ➡️  SEA_ANC_2874_3028_(u=4579, v=37, w=7) ➡️  ANC_SEA_3102_3363_(u=4753, v=38, w=8) ➡️  SEA_ANC_3462_3616_(u=4941, v=39, w=8) ➡️  ANC_JNU_4064_4188_(u=5034, v=40, w=8) ➡️  JNU_SIT_4227_4276_(u=5057, v=41, w=8) ➡️  SIT_JNU_4672_4708_(u=5080, v=42, w=9) ➡️  JNU_ANC_4773_4879_(u=5168, v=43, w=9) ➡️  ANC_BET_4949_5073_(u=5225, v=44, w=9) ➡️  BET_ANC_5111_5186_(u=5286, v=45, w=9) ➡️  ANC_SEA_5503_5765_(u=5467, v=46, w=9) ➡️  SEA_LAS_6225_6362_(u=5578, v=47, w=10) ➡️  LAS_SEA_6427_6598_(u=5724, v=48, w=10) ➡️  SEA_LAX_6651_6804_(u=5846, v=49, w=10) ➡️  LAX_SEA_6863_7042_(u=5999, v=50, w=10) ➡️  SEA_OAK_8006_8114_(u=92, v=1, w=1) ➡️  OAK_SEA_8157_8285_(u=191, v=2, w=1) ➡️  SEA_SMF_8335_8455_(u=266, v=3, w=1) ➡️  SMF_SEA_8490_8613_(u=369, v=4, w=1) ➡️  SEA_SNA_9008_9175_(u=480, v=5, w=2) ➡️  SNA_SEA_9239_9448_(u=665, v=6, w=2) ➡️  SEA_BUR_9508_9638_(u=772, v=7, w=2) ➡️  BUR_SEA_9709_9913_(u=934, v=8, w=2) ➡️  t_(u=0, v=0, w=0)

🛩️ Aircraft N317AS path (30 nodes): s_(u=0, v=0, w=0) ➡️  N317AS_(u=0, v=0, w=1) ➡️  FAI_SEA_201_455_(u=177, v=1, w=1) ➡️  SEA_LAX_528_675_(u=298, v=2, w=1) ➡️  LAX_SEA_743_917_(u=446, v=3, w=1) ➡️  SEA_SFO_990_1113_(u=549, v=4, w=1) ➡️  SFO_SEA_1177_1307_(u=648, v=5, w=1) ➡️  SEA_ORD_1795_2159_(u=858, v=6, w=2) ➡️  ORD_PDX_2215_2349_(u=1093, v=7, w=2) ➡️  PDX_ONT_2434_2569_(u=1215, v=8, w=2) ➡️  ONT_PDX_2628_2754_(u=1326, v=9, w=2) ➡️  PDX_ANC_2866_3034_(u=1529, v=10, w=2) ➡️  ANC_SEA_3168_3438_(u=1711, v=11, w=3) ➡️  SEA_DEN_3550_3770_(u=1847, v=12, w=3) ➡️  DEN_SEA_3827_3928_(u=1986, v=13, w=3) ➡️  SEA_PHX_4087_4345_(u=2122, v=14, w=3) ➡️  PHX_SEA_4706_4849_(u=2301, v=15, w=4) ➡️  SEA_PIT_4922_5383_(u=2545, v=16, w=4) ➡️  PIT_SEA_5447_5576_(u=2833, v=17, w=4) ➡️  SEA_SMF_5645_5755_(u=2914, v=18, w=4) ➡️  SMF_SEA_6112_6231_(u=3010, v=19, w=5) ➡️  SEA_LIH_6321_6593_(u=3371, v=20, w=5) ➡️  LIH_SEA_6647_7117_(u=3687, v=21, w=5) ➡️  SEA_PDX_7152_7210_(u=3716, v=22, w=5) ➡️  PDX_SEA_7495_7564_(u=3748, v=23, w=6) ➡️  SEA_LIH_7702_8038_(u=4080, v=24, w=6) ➡️  LIH_SEA_8108_8604_(u=4420, v=25, w=6) ➡️  SEA_PHX_9068_9279_(u=4553, v=26, w=7) ➡️  PHX_SEA_9344_9480_(u=4722, v=27, w=7) ➡️  SEA_PHX_9550_9765_(u=4858, v=28, w=7) ➡️  PHX_SEA_9831_9982_(u=5041, v=29, w=7) ➡️  SEA_FAI_10053_10220_(u=5245, v=30, w=7) ➡️  t_(u=0, v=0, w=0)

🛩️ Aircraft N587AS path (25 nodes): s_(u=0, v=0, w=0) ➡️  N587AS_(u=0, v=0, w=1) ➡️  JNU_SEA_310_514_(u=116, v=1, w=1) ➡️  SEA_PIT_580_1048_(u=374, v=2, w=1) ➡️  PIT_SEA_1104_1236_(u=648, v=3, w=1) ➡️  SEA_ORD_1401_1741_(u=851, v=4, w=1) ➡️  ORD_SEA_1807_1944_(u=1079, v=5, w=2) ➡️  SEA_IAD_2038_2527_(u=1351, v=6, w=2) ➡️  IAD_SEA_2584_2741_(u=1660, v=7, w=2) ➡️  SEA_IAH_2838_3229_(u=1892, v=8, w=2) ➡️  IAH_SEA_3299_3463_(u=2136, v=9, w=3) ➡️  SEA_IAD_3504_3971_(u=2401, v=10, w=3) ➡️  IAD_SEA_4030_4189_(u=2710, v=11, w=3) ➡️  SEA_SMF_4248_4369_(u=2791, v=12, w=3) ➡️  SMF_SEA_4703_4832_(u=2890, v=13, w=4) ➡️  SEA_DCA_4891_5368_(u=3161, v=14, w=4) ➡️  DCA_SEA_5437_5593_(u=3476, v=15, w=4) ➡️  SEA_ATL_6289_6758_(u=3742, v=16, w=5) ➡️  ATL_SEA_6839_6970_(u=4033, v=17, w=5) ➡️  SEA_SMF_7089_7200_(u=4119, v=18, w=5) ➡️  SMF_SEA_7553_7682_(u=4215, v=19, w=6) ➡️  SEA_FLL_7746_8300_(u=4535, v=20, w=6) ➡️  FLL_SEA_8359_8570_(u=4894, v=21, w=6) ➡️  SEA_MSP_9120_9435_(u=5069, v=22, w=7) ➡️  MSP_SEA_9512_9628_(u=5259, v=23, w=7) ➡️  SEA_PHX_9672_9885_(u=5393, v=24, w=7) ➡️  PHX_SEA_9941_10089_(u=5577, v=25, w=7) ➡️  t_(u=0, v=0, w=0)

🛩️ Aircraft N284AK path (27 nodes): s_(u=0, v=0, w=0) ➡️  N284AK_(u=0, v=0, w=1) ➡️  PHX_PDX_356_453_(u=138, v=1, w=1) ➡️  PDX_FLL_541_1050_(u=449, v=2, w=1) ➡️  FLL_SFO_1118_1320_(u=802, v=3, w=1) ➡️  SFO_FLL_1383_1870_(u=1079, v=4, w=1) ➡️  FLL_PDX_2018_2231_(u=1440, v=5, w=2) ➡️  PDX_JFK_2322_2828_(u=1728, v=6, w=2) ➡️  JFK_PSP_3414_3583_(u=2053, v=7, w=3) ➡️  PSP_SEA_3697_3873_(u=2207, v=8, w=3) ➡️  SEA_ONT_3941_4070_(u=2317, v=9, w=3) ➡️  ONT_SEA_4675_4856_(u=2473, v=10, w=4) ➡️  SEA_CLE_4925_5380_(u=2708, v=11, w=4) ➡️  CLE_SEA_5435_5585_(u=2984, v=12, w=4) ➡️  SEA_SLC_6187_6360_(u=3076, v=13, w=5) ➡️  SLC_SEA_6449_6557_(u=3188, v=14, w=5) ➡️  SEA_PHX_6669_6910_(u=3321, v=15, w=5) ➡️  PHX_SEA_6965_7117_(u=3500, v=16, w=5) ➡️  SEA_PHX_7626_7841_(u=3635, v=17, w=6) ➡️  PHX_SEA_7908_8038_(u=3796, v=18, w=6) ➡️  SEA_PHX_8109_8330_(u=3932, v=19, w=6) ➡️  PHX_SEA_8407_8537_(u=4096, v=20, w=6) ➡️  SEA_ORD_8600_8957_(u=4304, v=21, w=6) ➡️  ORD_PDX_9026_9156_(u=4536, v=22, w=7) ➡️  PDX_SEA_9262_9310_(u=4568, v=23, w=7) ➡️  SEA_BOI_9372_9523_(u=4630, v=24, w=7) ➡️  BOI_SEA_9582_9616_(u=4704, v=25, w=7) ➡️  SEA_LIH_9718_9994_(u=5049, v=26, w=7) ➡️  LIH_SAN_10060_10521_(u=5368, v=27, w=7) ➡️  t_(u=0, v=0, w=0)

🛩️ Aircraft N320AS path (27 nodes): s_(u=0, v=0, w=0) ➡️  N320AS_(u=0, v=0, w=1) ➡️  SJC_SEA_364_507_(u=106, v=1, w=1) ➡️  SEA_PHX_570_794_(u=247, v=2, w=1) ➡️  PHX_SEA_857_991_(u=412, v=3, w=1) ➡️  SEA_BUR_1045_1181_(u=530, v=4, w=1) ➡️  BUR_SEA_1268_1435_(u=668, v=5, w=1) ➡️  SEA_SLC_1846_2021_(u=764, v=6, w=2) ➡️  SLC_SEA_2122_2206_(u=865, v=7, w=2) ➡️  SEA_SBA_2265_2429_(u=996, v=8, w=2) ➡️  SBA_SEA_2482_2633_(u=1112, v=9, w=2) ➡️  SEA_PDX_2732_2790_(u=1141, v=10, w=2) ➡️  PDX_SEA_3178_3252_(u=1177, v=11, w=3) ➡️  SEA_ANC_3375_3530_(u=1368, v=12, w=3) ➡️  ANC_SEA_3593_3853_(u=1551, v=13, w=3) ➡️  SEA_SAN_4005_4151_(u=1672, v=14, w=3) ➡️  SAN_TPA_4795_5235_(u=1905, v=15, w=4) ➡️  TPA_SAN_5307_5449_(u=2193, v=16, w=4) ➡️  SAN_SEA_5512_5695_(u=2347, v=17, w=4) ➡️  SEA_MSP_6233_6559_(u=2518, v=18, w=5) ➡️  MSP_SEA_6615_6760_(u=2716, v=19, w=5) ➡️  SEA_STL_6837_7194_(u=2915, v=20, w=5) ➡️  STL_SEA_7614_7836_(u=3147, v=21, w=6) ➡️  SEA_MCI_7916_8251_(u=3332, v=22, w=6) ➡️  MCI_SEA_8308_8432_(u=3532, v=23, w=6) ➡️  SEA_JNU_8494_8605_(u=3678, v=24, w=6) ➡️  JNU_SEA_9259_9463_(u=3777, v=25, w=7) ➡️  SEA_DEN_9579_9790_(u=3907, v=26, w=7) ➡️  DEN_SEA_9846_9966_(u=4062, v=27, w=7) ➡️  t_(u=0, v=0, w=0)

🛩️ Aircraft N277AK path (30 nodes): s_(u=0, v=0, w=0) ➡️  N277AK_(u=3892, v=33, w=7) ➡️  SEA_FAT_375_503_(u=4005, v=34, w=7) ➡️  FAT_SEA_559_687_(u=4113, v=35, w=7) ➡️  SEA_ANC_799_933_(u=4291, v=36, w=7) ➡️  ANC_SEA_1660_1931_(u=4482, v=37, w=8) ➡️  SEA_ANC_2030_2168_(u=4658, v=38, w=8) ➡️  ANC_CDV_2249_2310_(u=4695, v=39, w=8) ➡️  CDV_YAK_2357_2404_(u=4733, v=40, w=8) ➡️  YAK_JNU_2447_2500_(u=4767, v=41, w=8) ➡️  JNU_SEA_2569_2776_(u=4884, v=42, w=8) ➡️  SEA_LAS_3342_3511_(u=5012, v=43, w=9) ➡️  LAS_SEA_3563_3728_(u=5147, v=44, w=9) ➡️  SEA_ATL_3841_4313_(u=5411, v=45, w=9) ➡️  ATL_SEA_4752_4910_(u=5698, v=46, w=10) ➡️  SEA_RDM_4991_5054_(u=5736, v=47, w=10) ➡️  RDM_SEA_5133_5199_(u=5784, v=48, w=10) ➡️  SEA_ANC_5295_5444_(u=5973, v=49, w=10) ➡️  ANC_JNU_6410_6511_(u=83, v=1, w=1) ➡️  JNU_PSG_6558_6607_(u=113, v=2, w=1) ➡️  PSG_WRG_6650_6684_(u=129, v=3, w=1) ➡️  WRG_KTN_6726_6760_(u=151, v=4, w=1) ➡️  KTN_SEA_6808_6973_(u=241, v=5, w=1) ➡️  SEA_DFW_7182_7527_(u=438, v=6, w=1) ➡️  DFW_SEA_7641_7776_(u=664, v=7, w=2) ➡️  SEA_DFW_7967_8313_(u=862, v=8, w=2) ➡️  DFW_SEA_8423_8562_(u=1094, v=9, w=2) ➡️  SEA_SFO_8995_9134_(u=1182, v=10, w=3) ➡️  SFO_JAC_9215_9444_(u=1331, v=11, w=3) ➡️  JAC_SFO_9493_9582_(u=1443, v=12, w=3) ➡️  SFO_PDX_9628_9744_(u=1539, v=13, w=3) ➡️  PDX_SFO_9826_9943_(u=1614, v=14, w=3) ➡️  t_(u=0, v=0, w=0)

🛠️ Maintenance at node SEA_OAK_8006_8114 by aircraft N585AS | ρ=1; λ=0; φ=0
🛠️ Maintenance at node ANC_JNU_6410_6511 by aircraft N277AK | ρ=27; λ=1; φ=0

Nombre de maintenances au total: 2.0
Stations de maintenance utilisées: Any["SEA", "ANC"]
Nombre de stations de maintenance utilisées: 2
