INSTANCE 196FL_7A_8
PREPROCESSING : false
-----------------------INSTANCE 196FL_7A_8--------------------------
Gurobi 12.0.2 (linux64) logging started Sun Nov 30 15:59:44 2025

Set parameter LogFile to value "RESULTS_EXP/A_MTN_2/FH_FC_MAX/result_196FL_7A_8_without_prep.txt"
Set parameter LogToConsole to value 0

Gurobi 12.0.2 (linux64) logging started Sun Nov 30 15:59:47 2025

Set parameter LogFile to value "RESULTS_EXP/A_MTN_2/FH_FC_MAX/result_196FL_7A_8_without_prep.txt"
Gurobi Optimizer version 12.0.2 build v12.0.2rc0 (linux64 - "AlmaLinux 9.6 (Sage Margay)")

CPU model: Intel(R) Xeon(R) 6972P, instruction set [SSE2|AVX|AVX2|AVX512]
Thread count: 192 physical cores, 192 logical processors, using up to 8 threads

Non-default parameters:
TimeLimit  7200
LogToConsole  0
Threads  8

Optimize a model with 5950 rows, 1752 columns and 22649 nonzeros
Model fingerprint: 0xd6eae0ac
Variable types: 510 continuous, 1242 integer (1142 binary)
Coefficient statistics:
  Matrix range     [1e+00, 6e+03]
  Objective range  [1e+00, 4e+02]
  Bounds range     [1e+00, 6e+03]
  RHS range        [1e+00, 6e+03]
Presolve removed 1873 rows and 658 columns
Presolve time: 0.08s
Presolved: 4077 rows, 1094 columns, 25290 nonzeros
Variable types: 223 continuous, 871 integer (802 binary)

Root relaxation: objective 0.000000e+00, 625 iterations, 0.02 seconds (0.02 work units)

    Nodes    |    Current Node    |     Objective Bounds      |     Work
 Expl Unexpl |  Obj  Depth IntInf | Incumbent    BestBd   Gap | It/Node Time

     0     0    0.00000    0    8          -    0.00000      -     -    0s
H    0     0                    13348.000000    0.00000   100%     -    0s
     0     0    0.00000    0   12 13348.0000    0.00000   100%     -    0s
     0     0    0.00000    0   19 13348.0000    0.00000   100%     -    0s
H    0     0                    6444.0000000    0.00000   100%     -    0s
     0     0    0.00000    0    7 6444.00000    0.00000   100%     -    0s
     0     0    0.00000    0   11 6444.00000    0.00000   100%     -    0s
     0     0    0.00000    0    7 6444.00000    0.00000   100%     -    0s
     0     0    0.00000    0   11 6444.00000    0.00000   100%     -    0s
     0     0    0.00000    0    9 6444.00000    0.00000   100%     -    0s
     0     0    0.00000    0    9 6444.00000    0.00000   100%     -    0s
     0     0    0.00000    0   10 6444.00000    0.00000   100%     -    0s
     0     0    0.00000    0    6 6444.00000    0.00000   100%     -    0s
     0     0    0.00000    0   14 6444.00000    0.00000   100%     -    0s
     0     0    0.00000    0    6 6444.00000    0.00000   100%     -    0s
     0     0    0.00000    0   10 6444.00000    0.00000   100%     -    0s
     0     0    0.00000    0    6 6444.00000    0.00000   100%     -    0s
     0     0    0.00000    0    6 6444.00000    0.00000   100%     -    0s
     0     0    0.00000    0    7 6444.00000    0.00000   100%     -    1s
     0     0    0.00000    0    6 6444.00000    0.00000   100%     -    1s
     0     0    0.00000    0    6 6444.00000    0.00000   100%     -    1s
     0     0    0.00000    0   15 6444.00000    0.00000   100%     -    1s
     0     0    0.00000    0   11 6444.00000    0.00000   100%     -    1s
     0     0    0.00000    0   11 6444.00000    0.00000   100%     -    1s
     0     0    0.00000    0   12 6444.00000    0.00000   100%     -    1s
     0     0    0.00000    0    7 6444.00000    0.00000   100%     -    1s
     0     0    0.00000    0    8 6444.00000    0.00000   100%     -    1s
     0     0    0.00000    0   15 6444.00000    0.00000   100%     -    1s
     0     0    0.00000    0    7 6444.00000    0.00000   100%     -    1s
     0     0    0.00000    0    7 6444.00000    0.00000   100%     -    1s
     0     2    0.00000    0    7 6444.00000    0.00000   100%     -    1s
H  224   250                    6104.0000000    0.00000   100%  29.0    1s
*  331   370              42    5366.0000000    0.00000   100%  26.8    1s
H  546   465                    5134.0000000    0.00000   100%  29.4    1s
* 1100   713              25    4995.0000000    0.00000   100%  30.7    1s
H 1169   510                    4974.0000000    0.00000   100%  30.9    1s
  3119  1169 4955.00000   45   28 4974.00000    0.00000   100%  36.3    5s
 14713  5629 4925.00000   41    6 4974.00000    0.00000   100%  45.6   10s
 28414  7276 infeasible   69      4974.00000    0.00000   100%  47.9   15s
 43869 12538 4904.00000   64   49 4974.00000    0.00000   100%  48.5   23s
 50878 15123 infeasible   69      4974.00000    0.00000   100%  48.7   25s
H64151 20278                    4973.9999995    0.00000   100%  48.4   28s
 69360 22351 4953.00000   60   42 4974.00000    0.00000   100%  48.4   30s
 85693 29387 infeasible   60      4974.00000    0.00000   100%  48.4   35s
 106198 36370 4925.00000   69   27 4974.00000  754.00000  84.8%  48.2   40s
 130114 43124 4955.00000   57   53 4974.00000 1131.00000  77.3%  47.6   45s
 155016 47192     cutoff   65      4974.00000 4904.00000  1.41%  46.8   50s
 179383 47708 infeasible   72      4974.00000 4904.00000  1.41%  46.9   55s
 203531 47730 infeasible   75      4974.00000 4904.00000  1.41%  46.9   60s
 227078 47705 4904.00000   68   40 4974.00000 4904.00000  1.41%  47.0   65s
 251357 47381 infeasible   66      4974.00000 4904.00000  1.41%  47.0   70s
 275330 47192 infeasible   70      4974.00000 4904.00000  1.41%  47.1   75s
 298318 47177 infeasible   68      4974.00000 4904.00000  1.41%  47.3   80s
 321436 46865 infeasible   69      4974.00000 4904.00000  1.41%  47.4   85s
 344660 47635 infeasible   70      4974.00000 4904.00000  1.41%  47.5   90s
 367595 47910 4904.00000   65   21 4974.00000 4904.00000  1.41%  47.6   95s
 391824 48408 4904.00000   73   31 4974.00000 4904.00000  1.41%  47.5  100s
 416419 48946 infeasible   67      4974.00000 4904.00000  1.41%  47.5  105s
 439759 49232 4904.00000   62   28 4974.00000 4904.00000  1.41%  47.6  110s
 463975 49573 4904.00000   62   28 4974.00000 4904.00000  1.41%  47.6  115s
 486100 49568 infeasible   74      4974.00000 4904.00000  1.41%  47.7  120s
 510207 49557 4904.00000   62   41 4974.00000 4904.00000  1.41%  47.7  125s
 533474 49359 4904.00000   68   27 4974.00000 4904.00000  1.41%  47.8  130s
 557391 49222 4904.00000   58   27 4974.00000 4904.00000  1.41%  47.9  135s
 581254 49340 infeasible   71      4974.00000 4904.00000  1.41%  47.9  140s
 604086 49259 infeasible   71      4974.00000 4904.00000  1.41%  48.1  145s
 625342 49366 4904.00000   72   40 4974.00000 4904.00000  1.41%  48.2  150s
 648196 49257 infeasible   75      4974.00000 4904.00000  1.41%  48.3  155s
 671857 49140 4904.00000   65   40 4974.00000 4904.00000  1.41%  48.2  160s
 695557 49092 4904.00000   67   37 4974.00000 4904.00000  1.41%  48.2  165s
 718579 49051 infeasible   66      4974.00000 4904.00000  1.41%  48.2  170s
 741332 49058 4904.00000   69   35 4974.00000 4904.00000  1.41%  48.3  175s
 764884 49217 4904.00000   64   27 4974.00000 4904.00000  1.41%  48.3  180s
 786008 49049 infeasible   72      4974.00000 4904.00000  1.41%  48.4  185s
 809587 49156 4904.00000   70   42 4974.00000 4904.00000  1.41%  48.4  190s
 831968 49145 infeasible   63      4974.00000 4904.00000  1.41%  48.5  195s
 855753 48914 infeasible   71      4974.00000 4904.00000  1.41%  48.6  200s
 877562 49010 4904.00000   70   29 4974.00000 4904.00000  1.41%  48.6  205s
 899974 48856 infeasible   60      4974.00000 4904.00000  1.41%  48.6  210s
 922813 48939 infeasible   69      4974.00000 4904.00000  1.41%  48.6  215s
 945088 48832 4904.00000   73   28 4974.00000 4904.00000  1.41%  48.7  220s
 965841 48755 infeasible   62      4974.00000 4904.00000  1.41%  48.7  225s
 989080 48823 infeasible   75      4974.00000 4904.00000  1.41%  48.8  230s
 1012384 48669 infeasible   69      4974.00000 4904.00000  1.41%  48.7  235s
 1035294 48705 4904.00000   62   25 4974.00000 4904.00000  1.41%  48.7  240s
 1057830 48614 4904.00000   67   51 4974.00000 4904.00000  1.41%  48.7  245s
 1080820 48554 infeasible   68      4974.00000 4904.00000  1.41%  48.7  250s
 1104541 48561 4904.00000   74   27 4974.00000 4904.00000  1.41%  48.7  255s
 1124173 48447     cutoff   64      4974.00000 4904.00000  1.41%  48.7  260s
 1148388 48340 4904.00000   66   29 4974.00000 4904.00000  1.41%  48.7  265s
 1171478 48308 infeasible   73      4974.00000 4904.00000  1.41%  48.7  270s
 1195097 48408 infeasible   74      4974.00000 4904.00000  1.41%  48.7  275s
 1217282 48189 4904.00000   70   31 4974.00000 4904.00000  1.41%  48.7  280s
 1241879 48228 4904.00000   68   35 4974.00000 4904.00000  1.41%  48.7  285s
 1265891 48217 infeasible   67      4974.00000 4904.00000  1.41%  48.6  290s
 1289864 48250 infeasible   60      4974.00000 4904.00000  1.41%  48.6  295s
 1313642 48094 4904.00000   68   28 4974.00000 4904.00000  1.41%  48.6  300s
 1337147 48068 4904.00000   72   26 4974.00000 4904.00000  1.41%  48.6  305s
 1359808 47958 4904.00000   73   38 4974.00000 4904.00000  1.41%  48.6  310s
 1381173 47897 infeasible   69      4974.00000 4904.00000  1.41%  48.6  315s
 1403165 47925 infeasible   69      4974.00000 4904.00000  1.41%  48.6  320s
 1424988 48142 4904.00000   64   33 4974.00000 4904.00000  1.41%  48.6  325s
 1448051 48072 4904.00000   67   29 4974.00000 4904.00000  1.41%  48.6  330s
 1471002 48009 4904.00000   67   29 4974.00000 4904.00000  1.41%  48.6  335s
 1494368 47819 4904.00000   74   32 4974.00000 4904.00000  1.41%  48.7  340s
 1518684 47789 infeasible   77      4974.00000 4904.00000  1.41%  48.6  345s
 1543211 47737 infeasible   66      4974.00000 4904.00000  1.41%  48.6  350s
 1568081 47679 4904.00000   57   20 4974.00000 4904.00000  1.41%  48.5  355s
 1590283 47543 4904.00000   67   37 4974.00000 4904.00000  1.41%  48.5  360s
 1612514 47507 infeasible   67      4974.00000 4904.00000  1.41%  48.6  365s
 1635501 47785 infeasible   73      4974.00000 4904.00000  1.41%  48.6  370s
 1658306 47703 4904.00000   66   38 4974.00000 4904.00000  1.41%  48.6  375s
 1681563 47916 infeasible   68      4974.00000 4904.00000  1.41%  48.6  380s
 1705328 47785 4904.00000   66   26 4974.00000 4904.00000  1.41%  48.6  385s
 1725746 47580 4904.00000   63   34 4974.00000 4904.00000  1.41%  48.6  390s
 1749008 47610 4904.00000   64   29 4974.00000 4904.00000  1.41%  48.6  395s
 1771857 47780 infeasible   67      4974.00000 4904.00000  1.41%  48.6  400s
 1796159 47595 4904.00000   73   34 4974.00000 4904.00000  1.41%  48.6  405s
 1820000 47454 4904.00000   72   36 4974.00000 4904.00000  1.41%  48.6  410s
 1843853 47396 infeasible   69      4974.00000 4904.00000  1.41%  48.6  415s
 1865956 47533 infeasible   58      4974.00000 4904.00000  1.41%  48.6  420s
 1890122 47675 4904.00000   61   28 4974.00000 4904.00000  1.41%  48.5  425s
 1914787 47669 4904.00000   70   36 4974.00000 4904.00000  1.41%  48.5  430s
 1939248 47517     cutoff   71      4974.00000 4904.00000  1.41%  48.4  435s
 1958920 47404 4904.00000   78   31 4974.00000 4904.00000  1.41%  48.4  440s
 1982055 47318 infeasible   65      4974.00000 4904.00000  1.41%  48.4  445s
 2004642 47280 4904.00000   67   27 4974.00000 4904.00000  1.41%  48.4  450s
 2026114 47337 infeasible   66      4974.00000 4904.00000  1.41%  48.5  455s
 2048951 47151 4904.00000   60   30 4974.00000 4904.00000  1.41%  48.5  460s
 2069351 47100 4904.00000   60   36 4974.00000 4904.00000  1.41%  48.6  465s
 2092369 47005 infeasible   69      4974.00000 4904.00000  1.41%  48.6  470s
 2116061 46965 4904.00000   70   31 4974.00000 4904.00000  1.41%  48.6  475s
 2140560 46950 infeasible   66      4974.00000 4904.00000  1.41%  48.5  480s
 2163417 47215 infeasible   64      4974.00000 4904.00000  1.41%  48.6  485s
 2187604 47164 infeasible   70      4974.00000 4904.00000  1.41%  48.6  490s
 2211061 47073 infeasible   65      4974.00000 4904.00000  1.41%  48.5  495s
 2234199 46890 infeasible   65      4974.00000 4904.00000  1.41%  48.6  500s
 2256903 47011 4904.00000   73   25 4974.00000 4904.00000  1.41%  48.6  505s
 2279592 46983 infeasible   70      4974.00000 4904.00000  1.41%  48.6  510s
 2299749 46899 4904.00000   66   27 4974.00000 4904.00000  1.41%  48.6  515s
 2323216 46916 infeasible   73      4974.00000 4904.00000  1.41%  48.6  520s
 2345916 46810 4904.00000   61   36 4974.00000 4904.00000  1.41%  48.6  525s
 2369319 46799 infeasible   67      4974.00000 4904.00000  1.41%  48.6  530s
 2391867 46919 4904.00000   67   47 4974.00000 4904.00000  1.41%  48.6  535s
 2415054 46816 4904.00000   69   28 4974.00000 4904.00000  1.41%  48.6  540s
 2436526 46708 infeasible   74      4974.00000 4904.00000  1.41%  48.6  545s
 2459648 46697 4904.00000   62   19 4974.00000 4904.00000  1.41%  48.6  550s
 2481697 46942 4904.00000   71   36 4974.00000 4904.00000  1.41%  48.6  555s
 2503369 46919 infeasible   70      4974.00000 4904.00000  1.41%  48.7  560s
 2525496 46742 infeasible   70      4974.00000 4904.00000  1.41%  48.7  565s
 2547872 46675 infeasible   68      4974.00000 4904.00000  1.41%  48.7  570s
 2570882 46789 4904.00000   71   36 4974.00000 4904.00000  1.41%  48.7  575s
 2593282 46685 infeasible   71      4974.00000 4904.00000  1.41%  48.7  580s
 2616534 46679 4904.00000   59   46 4974.00000 4904.00000  1.41%  48.7  585s
 2640119 46555 4904.00000   69   34 4974.00000 4904.00000  1.41%  48.7  590s
 2661662 46583 infeasible   58      4974.00000 4904.00000  1.41%  48.7  595s
 2685273 46514 infeasible   65      4974.00000 4904.00000  1.41%  48.7  600s
 2707950 46531     cutoff   65      4974.00000 4904.00000  1.41%  48.7  605s
 2730277 46436 infeasible   61      4974.00000 4904.00000  1.41%  48.7  610s
 2751889 46442 4904.00000   66   37 4974.00000 4904.00000  1.41%  48.8  615s
 2774221 46463 infeasible   73      4974.00000 4904.00000  1.41%  48.8  620s
 2798025 46368 4904.00000   69   30 4974.00000 4904.00000  1.41%  48.8  625s
 2817377 46426 infeasible   71      4974.00000 4904.00000  1.41%  48.8  630s
 2841338 46296 infeasible   79      4974.00000 4904.00000  1.41%  48.8  635s
 2864045 46262 4904.00000   75   39 4974.00000 4904.00000  1.41%  48.8  640s
 2886468 46264 infeasible   66      4974.00000 4904.00000  1.41%  48.8  645s
 2908602 46206 4904.00000   62   26 4974.00000 4904.00000  1.41%  48.8  650s
 2929768 46259 infeasible   65      4974.00000 4904.00000  1.41%  48.9  655s
 2952021 46148     cutoff   66      4974.00000 4904.00000  1.41%  48.9  660s
 2975541 46086 infeasible   70      4974.00000 4904.00000  1.41%  48.9  665s
 2998635 46070 infeasible   75      4974.00000 4904.00000  1.41%  48.9  670s
 3022739 46035 4904.00000   66   45 4974.00000 4904.00000  1.41%  48.9  675s
 3045041 46097 infeasible   75      4974.00000 4904.00000  1.41%  48.9  680s
 3067641 46087 4904.00000   65   32 4974.00000 4904.00000  1.41%  48.9  685s
 3090214 46153 4904.00000   75   26 4974.00000 4904.00000  1.41%  48.9  690s
 3115540 46076 4904.00000   69   45 4974.00000 4904.00000  1.41%  48.9  695s
 3138365 46017 infeasible   62      4974.00000 4904.00000  1.41%  48.9  700s
 3159934 46091 4904.00000   64   33 4974.00000 4904.00000  1.41%  48.9  705s
 3182348 45945 4904.00000   64   31 4974.00000 4904.00000  1.41%  48.9  710s
 3206195 46027 4904.00000   61   19 4974.00000 4904.00000  1.41%  48.9  715s
 3229631 46078 4904.00000   62   30 4974.00000 4904.00000  1.41%  48.8  720s
 3252630 45915 4904.00000   75   23 4974.00000 4904.00000  1.41%  48.9  725s
 3274921 45877 infeasible   71      4974.00000 4904.00000  1.41%  48.9  730s
 3299446 45974 4904.00000   66   25 4974.00000 4904.00000  1.41%  48.8  735s
 3321553 45861 infeasible   78      4974.00000 4904.00000  1.41%  48.8  740s
 3344699 45851 4904.00000   73   34 4974.00000 4904.00000  1.41%  48.8  745s
 3367387 45879 infeasible   73      4974.00000 4904.00000  1.41%  48.8  750s
 3388838 45757 infeasible   72      4974.00000 4904.00000  1.41%  48.8  755s
 3410292 45919     cutoff   71      4974.00000 4904.00000  1.41%  48.8  760s
 3432792 45959 infeasible   70      4974.00000 4904.00000  1.41%  48.8  765s
 3454276 45772 4904.00000   66   40 4974.00000 4904.00000  1.41%  48.8  770s
 3476047 45868 infeasible   68      4974.00000 4904.00000  1.41%  48.9  775s
 3497891 45797 infeasible   68      4974.00000 4904.00000  1.41%  48.9  780s
 3520484 45787 infeasible   71      4974.00000 4904.00000  1.41%  48.8  785s
 3542174 45736 infeasible   72      4974.00000 4904.00000  1.41%  48.9  790s
 3565897 45698 infeasible   66      4974.00000 4904.00000  1.41%  48.9  795s
 3589727 45865 infeasible   66      4974.00000 4904.00000  1.41%  48.9  800s
 3609879 45567 4904.00000   57   33 4974.00000 4904.00000  1.41%  48.9  806s
 3632381 45825 infeasible   69      4974.00000 4904.00000  1.41%  48.9  810s
 3655910 45700 infeasible   75      4974.00000 4904.00000  1.41%  48.9  815s
 3679020 45587 infeasible   68      4974.00000 4904.00000  1.41%  48.9  820s
 3702253 45559 infeasible   73      4974.00000 4904.00000  1.41%  48.9  825s
 3725730 45572 infeasible   68      4974.00000 4904.00000  1.41%  48.9  830s
 3749075 45661 4904.00000   65   33 4974.00000 4904.00000  1.41%  48.9  835s
 3772325 45507 4904.00000   69   27 4974.00000 4904.00000  1.41%  48.9  840s
 3795687 45469 infeasible   68      4974.00000 4904.00000  1.41%  48.9  845s
 3818905 45448 infeasible   74      4974.00000 4904.00000  1.41%  48.9  850s
 3842301 45595 4904.00000   66   32 4974.00000 4904.00000  1.41%  48.8  855s
 3867020 45528 4904.00000   60   13 4974.00000 4904.00000  1.41%  48.8  860s
 3890885 45630 infeasible   70      4974.00000 4904.00000  1.41%  48.8  865s
 3916938 45637 infeasible   70      4974.00000 4904.00000  1.41%  48.8  870s
 3940724 45549 infeasible   68      4974.00000 4904.00000  1.41%  48.8  875s
 3965109 45394 infeasible   62      4974.00000 4904.00000  1.41%  48.8  880s
 3985957 45422 4904.00000   69   21 4974.00000 4904.00000  1.41%  48.7  885s
 4011449 45556 infeasible   70      4974.00000 4904.00000  1.41%  48.7  890s
 4037288 45359 4904.00000   67   23 4974.00000 4904.00000  1.41%  48.7  895s
 4061535 45332 4904.00000   65   22 4974.00000 4904.00000  1.41%  48.7  900s
 4084801 45334 4904.00000   57   36 4974.00000 4904.00000  1.41%  48.7  905s
 4106824 45365 4904.00000   63   55 4974.00000 4904.00000  1.41%  48.7  910s
 4130337 45289 4904.00000   68   26 4974.00000 4904.00000  1.41%  48.7  915s
 4153583 45468 4904.00000   64   37 4974.00000 4904.00000  1.41%  48.7  920s
 4177140 45314 4904.00000   56   39 4974.00000 4904.00000  1.41%  48.6  925s
 4198432 45319 4904.00000   72   43 4974.00000 4904.00000  1.41%  48.6  930s
 4221588 45300 4904.00000   64   42 4974.00000 4904.00000  1.41%  48.6  935s
 4242807 45321 infeasible   80      4974.00000 4904.00000  1.41%  48.6  940s
 4265158 45168 4904.00000   67   36 4974.00000 4904.00000  1.41%  48.6  945s
 4286870 45226 4904.00000   68   14 4974.00000 4904.00000  1.41%  48.6  950s
 4311042 45534 infeasible   72      4974.00000 4904.00000  1.41%  48.6  955s
 4334858 45538 infeasible   74      4974.00000 4904.00000  1.41%  48.6  960s
 4358348 45344 infeasible   70      4974.00000 4904.00000  1.41%  48.6  965s
 4383243 45301 4904.00000   74   33 4974.00000 4904.00000  1.41%  48.6  970s
 4405559 45133 4904.00000   62   44 4974.00000 4904.00000  1.41%  48.5  975s
 4428054 45242 4904.00000   62   38 4974.00000 4904.00000  1.41%  48.5  980s
 4450050 45114 infeasible   71      4974.00000 4904.00000  1.41%  48.6  985s
 4471631 45157 infeasible   69      4974.00000 4904.00000  1.41%  48.6  990s
 4493570 45105 4904.00000   70   22 4974.00000 4904.00000  1.41%  48.6  995s
 4516631 45073 4904.00000   66   48 4974.00000 4904.00000  1.41%  48.6 1000s
 4539886 45174 infeasible   67      4974.00000 4904.00000  1.41%  48.6 1005s
 4562998 44955 infeasible   65      4974.00000 4904.00000  1.41%  48.6 1010s
 4585649 44999 infeasible   69      4974.00000 4904.00000  1.41%  48.6 1015s
 4605854 44953 4904.00000   67   23 4974.00000 4904.00000  1.41%  48.6 1020s
 4628288 44930 infeasible   68      4974.00000 4904.00000  1.41%  48.6 1025s
 4652225 44921 4904.00000   68   27 4974.00000 4904.00000  1.41%  48.6 1030s
 4675291 44923 4904.00000   64   34 4974.00000 4904.00000  1.41%  48.6 1035s
 4698671 45044 infeasible   78      4974.00000 4904.00000  1.41%  48.6 1040s
 4721119 44996 infeasible   71      4974.00000 4904.00000  1.41%  48.6 1045s
 4741333 44919 4904.00000   67   29 4974.00000 4904.00000  1.41%  48.6 1050s
 4757697 45066 4904.00000   58   28 4974.00000 4904.00000  1.41%  48.6 1055s
 4782779 45152 infeasible   67      4974.00000 4904.00000  1.41%  48.6 1060s
 4807679 44863 infeasible   66      4974.00000 4904.00000  1.41%  48.6 1065s
 4831238 44914 infeasible   73      4974.00000 4904.00000  1.41%  48.6 1070s
 4851776 44995 infeasible   72      4974.00000 4904.00000  1.41%  48.6 1075s
 4877356 45129 4904.00000   59   24 4974.00000 4904.00000  1.41%  48.5 1080s
 4903734 44835 infeasible   78      4974.00000 4904.00000  1.41%  48.5 1085s
 4929391 44802 4904.00000   77   40 4974.00000 4904.00000  1.41%  48.5 1090s
 4952853 44744 4904.00000   55   47 4974.00000 4904.00000  1.41%  48.5 1095s
 4975207 44793 4904.00000   65   29 4974.00000 4904.00000  1.41%  48.5 1100s
 4997557 44718 4904.00000   69   27 4974.00000 4904.00000  1.41%  48.5 1105s
 5022946 44741 infeasible   69      4974.00000 4904.00000  1.41%  48.5 1110s
 5045710 44708 infeasible   79      4974.00000 4904.00000  1.41%  48.5 1115s
 5067016 44676 infeasible   66      4974.00000 4904.00000  1.41%  48.5 1120s
 5088575 44614 infeasible   61      4974.00000 4904.00000  1.41%  48.5 1125s
 5109160 44750 infeasible   69      4974.00000 4904.00000  1.41%  48.5 1130s
 5130198 44815 infeasible   71      4974.00000 4904.00000  1.41%  48.6 1135s
 5151701 44593 infeasible   68      4974.00000 4904.00000  1.41%  48.6 1140s
 5173628 44532 4904.00000   68   39 4974.00000 4904.00000  1.41%  48.6 1145s
 5196766 44683 infeasible   66      4974.00000 4904.00000  1.41%  48.6 1150s
 5217766 44575 4904.00000   67   31 4974.00000 4904.00000  1.41%  48.6 1155s
 5239474 44517 infeasible   67      4974.00000 4904.00000  1.41%  48.6 1160s
 5259402 44620 infeasible   65      4974.00000 4904.00000  1.41%  48.6 1165s
 5281676 44609 infeasible   67      4974.00000 4904.00000  1.41%  48.6 1170s
 5304404 44537 infeasible   66      4974.00000 4904.00000  1.41%  48.6 1175s
 5327472 44521 4904.00000   70   36 4974.00000 4904.00000  1.41%  48.6 1180s
 5351236 44450 infeasible   73      4974.00000 4904.00000  1.41%  48.6 1185s
 5374304 44436 4904.00000   65   26 4974.00000 4904.00000  1.41%  48.6 1190s
 5396677 44426 infeasible   75      4974.00000 4904.00000  1.41%  48.6 1195s
 5420597 44416 infeasible   61      4974.00000 4904.00000  1.41%  48.6 1200s
 5442646 44251 4904.00000   67   28 4974.00000 4904.00000  1.41%  48.6 1205s
 5466525 44206 infeasible   70      4974.00000 4904.00000  1.41%  48.6 1210s
 5486749 44411 4904.00000   61   33 4974.00000 4904.00000  1.41%  48.6 1215s
 5509433 44404 4904.00000   69   27 4974.00000 4904.00000  1.41%  48.6 1220s
 5531968 44130 infeasible   69      4974.00000 4904.00000  1.41%  48.6 1225s
 5554280 44063 4904.00000   68   29 4974.00000 4904.00000  1.41%  48.6 1230s
 5578566 43948 4904.00000   60   29 4974.00000 4904.00000  1.41%  48.6 1235s
 5600425 43959 infeasible   73      4974.00000 4904.00000  1.41%  48.6 1240s
 5623663 43918 4904.00000   55   31 4974.00000 4904.00000  1.41%  48.6 1245s
 5647081 43837 4904.00000   66   27 4974.00000 4904.00000  1.41%  48.6 1250s
 5670884 43890 infeasible   67      4974.00000 4904.00000  1.41%  48.6 1255s
 5693598 43957 infeasible   68      4974.00000 4904.00000  1.41%  48.6 1260s
 5716363 44050 infeasible   74      4974.00000 4904.00000  1.41%  48.6 1265s
 5738547 43831 4904.00000   66   27 4974.00000 4904.00000  1.41%  48.6 1270s
 5761014 43771 4904.00000   66   39 4974.00000 4904.00000  1.41%  48.6 1275s
 5784700 43679 infeasible   68      4974.00000 4904.00000  1.41%  48.6 1280s
 5807413 43601 infeasible   66      4974.00000 4904.00000  1.41%  48.6 1285s
 5827887 43496 infeasible   70      4974.00000 4904.00000  1.41%  48.6 1290s
 5849740 43369 4904.00000   72   28 4974.00000 4904.00000  1.41%  48.6 1295s
 5873125 43343 4904.00000   75   37 4974.00000 4904.00000  1.41%  48.6 1300s
 5896718 43594 infeasible   75      4974.00000 4904.00000  1.41%  48.6 1305s
 5919792 43558 4904.00000   75   39 4974.00000 4904.00000  1.41%  48.6 1310s
 5941728 43304 infeasible   76      4974.00000 4904.00000  1.41%  48.6 1315s
 5964609 43383 infeasible   61      4974.00000 4904.00000  1.41%  48.6 1320s
 5987489 43193 4904.00000   56   60 4974.00000 4904.00000  1.41%  48.6 1325s
H5997033 43298                    4973.9999990 4904.00000  1.41%  48.6 1327s
 6008957 43159 4904.00000   71   26 4974.00000 4904.00000  1.41%  48.6 1330s
 6029966 43195 infeasible   66      4974.00000 4904.00000  1.41%  48.6 1335s
 6052145 43184 infeasible   67      4974.00000 4904.00000  1.41%  48.6 1340s
 6074539 43160 4904.00000   76   27 4974.00000 4904.00000  1.41%  48.6 1345s
 6096149 43115 infeasible   67      4974.00000 4904.00000  1.41%  48.6 1350s
 6109427 43098 4904.00000   70   38 4974.00000 4904.00000  1.41%  48.6 1355s
 6131946 43178 infeasible   67      4974.00000 4904.00000  1.41%  48.6 1360s
 6155423 43035 4904.00000   67   30 4974.00000 4904.00000  1.41%  48.6 1365s
 6180212 43347 4904.00000   65   32 4974.00000 4904.00000  1.41%  48.6 1370s
 6204331 43196 4904.00000   56   28 4974.00000 4904.00000  1.41%  48.6 1375s
 6229284 43090 4904.00000   66   26 4974.00000 4904.00000  1.41%  48.6 1380s
 6253533 42985 4904.00000   79   21 4974.00000 4904.00000  1.41%  48.6 1385s
 6278282 43221 infeasible   72      4974.00000 4904.00000  1.41%  48.5 1390s
 6298097 43078 4904.00000   62   38 4974.00000 4904.00000  1.41%  48.5 1395s
 6322069 43112 4904.00000   67   34 4974.00000 4904.00000  1.41%  48.5 1400s
 6344199 43020 infeasible   80      4974.00000 4904.00000  1.41%  48.5 1405s
 6367263 43022 infeasible   74      4974.00000 4904.00000  1.41%  48.5 1410s
 6391921 42855 4904.00000   53   10 4974.00000 4904.00000  1.41%  48.5 1415s
 6413425 42943 infeasible   64      4974.00000 4904.00000  1.41%  48.5 1420s
 6433791 42782 4904.00000   62   55 4974.00000 4904.00000  1.41%  48.5 1425s
 6454076 42717 infeasible   60      4974.00000 4904.00000  1.41%  48.6 1430s
 6476755 42811 infeasible   75      4974.00000 4904.00000  1.41%  48.6 1435s
 6499834 42858 4904.00000   61   28 4974.00000 4904.00000  1.41%  48.6 1440s
 6521625 42766 4904.00000   65   33 4974.00000 4904.00000  1.41%  48.6 1445s
 6544877 42695 4904.00000   65   41 4974.00000 4904.00000  1.41%  48.6 1450s
 6567275 43035 4904.00000   70   30 4974.00000 4904.00000  1.41%  48.6 1455s
 6590110 42843 infeasible   76      4974.00000 4904.00000  1.41%  48.6 1460s
 6612648 42745 infeasible   65      4974.00000 4904.00000  1.41%  48.6 1465s
 6635083 42644 4904.00000   67   46 4974.00000 4904.00000  1.41%  48.6 1470s
 6658690 42656 4904.00000   71   46 4974.00000 4904.00000  1.41%  48.6 1475s
 6677489 42606 4904.00000   69   35 4974.00000 4904.00000  1.41%  48.6 1480s
 6700837 42629 4904.00000   63   24 4974.00000 4904.00000  1.41%  48.6 1485s
 6723699 42571 4904.00000   75   36 4974.00000 4904.00000  1.41%  48.6 1490s
 6746366 42579 infeasible   68      4974.00000 4904.00000  1.41%  48.6 1495s
 6769186 42608 infeasible   67      4974.00000 4904.00000  1.41%  48.6 1500s
 6791569 42491 4904.00000   71   22 4974.00000 4904.00000  1.41%  48.6 1505s
 6815214 42458 4904.00000   68   25 4974.00000 4904.00000  1.41%  48.6 1510s
 6838867 42316 infeasible   68      4974.00000 4904.00000  1.41%  48.6 1515s
 6861185 42242 infeasible   69      4974.00000 4904.00000  1.41%  48.6 1520s
 6884034 42083 4904.00000   63   32 4974.00000 4904.00000  1.41%  48.6 1525s
 6908304 42467 4904.00000   63   36 4974.00000 4904.00000  1.41%  48.6 1530s
 6934198 42282 infeasible   63      4974.00000 4904.00000  1.41%  48.5 1535s
 6957659 42017 4904.00000   58   19 4974.00000 4904.00000  1.41%  48.5 1540s
 6980721 41992 4904.00000   65   35 4974.00000 4904.00000  1.41%  48.5 1545s
 7003826 41988 infeasible   72      4974.00000 4904.00000  1.41%  48.5 1550s
 7026818 41978 infeasible   79      4974.00000 4904.00000  1.41%  48.5 1555s
 7048930 41936 infeasible   75      4974.00000 4904.00000  1.41%  48.5 1560s
 7071132 41851 4904.00000   52    9 4974.00000 4904.00000  1.41%  48.5 1565s
 7092664 41826 4904.00000   59   26 4974.00000 4904.00000  1.41%  48.5 1570s
 7115674 41767 4904.00000   66   26 4974.00000 4904.00000  1.41%  48.5 1575s
 7137058 41717 infeasible   59      4974.00000 4904.00000  1.41%  48.5 1580s
 7159575 41733 infeasible   76      4974.00000 4904.00000  1.41%  48.5 1585s
 7183051 41688 4904.00000   72   45 4974.00000 4904.00000  1.41%  48.5 1590s
 7205894 41657 infeasible   72      4974.00000 4904.00000  1.41%  48.5 1595s
 7229632 41621 4904.00000   66   27 4974.00000 4904.00000  1.41%  48.5 1600s
 7254166 41580 infeasible   70      4974.00000 4904.00000  1.41%  48.5 1605s
 7275027 41401 infeasible   75      4974.00000 4904.00000  1.41%  48.5 1610s
 7297396 41291 infeasible   67      4974.00000 4904.00000  1.41%  48.5 1615s
 7319333 41236 infeasible   65      4974.00000 4904.00000  1.41%  48.5 1620s
 7341556 41379 4904.00000   66   46 4974.00000 4904.00000  1.41%  48.5 1625s
 7363593 41516 4904.00000   64   35 4974.00000 4904.00000  1.41%  48.5 1630s
 7385774 41493 4904.00000   64   28 4974.00000 4904.00000  1.41%  48.5 1635s
 7409106 41744 infeasible   73      4974.00000 4904.00000  1.41%  48.5 1640s
 7433491 41626 4904.00000   62   33 4974.00000 4904.00000  1.41%  48.5 1645s
 7458323 41405 infeasible   73      4974.00000 4904.00000  1.41%  48.5 1650s
 7481360 41418 infeasible   73      4974.00000 4904.00000  1.41%  48.4 1655s
 7504028 41202 4904.00000   57   41 4974.00000 4904.00000  1.41%  48.4 1660s
 7527811 41142 4904.00000   71   25 4974.00000 4904.00000  1.41%  48.4 1665s
 7550646 41215 4904.00000   74   31 4974.00000 4904.00000  1.41%  48.4 1670s
 7574398 41095 4904.00000   64   32 4974.00000 4904.00000  1.41%  48.4 1675s
 7598228 41133 4904.00000   70   36 4974.00000 4904.00000  1.41%  48.4 1680s
 7617386 40949 4904.00000   59   40 4974.00000 4904.00000  1.41%  48.4 1685s
 7641674 41035 infeasible   65      4974.00000 4904.00000  1.41%  48.4 1690s
 7664771 40900 infeasible   63      4974.00000 4904.00000  1.41%  48.4 1695s
 7686517 40820 infeasible   59      4974.00000 4904.00000  1.41%  48.4 1700s
 7710943 40864 infeasible   76      4974.00000 4904.00000  1.41%  48.4 1705s
 7736380 40849 infeasible   73      4974.00000 4904.00000  1.41%  48.4 1710s
 7761354 40623 4904.00000   80   45 4974.00000 4904.00000  1.41%  48.4 1715s
 7784395 40514 4904.00000   63   25 4974.00000 4904.00000  1.41%  48.4 1720s
 7806846 40508 4904.00000   70   46 4974.00000 4904.00000  1.41%  48.4 1725s
 7829616 40483 infeasible   66      4974.00000 4904.00000  1.41%  48.4 1730s
 7853251 40334 4904.00000   69   26 4974.00000 4904.00000  1.41%  48.4 1735s
 7877019 40723 4904.00000   70   19 4974.00000 4904.00000  1.41%  48.4 1740s
 7901343 40909 4904.00000   72   23 4974.00000 4904.00000  1.41%  48.4 1745s
 7925216 40845 infeasible   74      4974.00000 4904.00000  1.41%  48.3 1750s
 7949478 40706 infeasible   75      4974.00000 4904.00000  1.41%  48.3 1755s
 7973098 40510 4904.00000   60   20 4974.00000 4904.00000  1.41%  48.3 1760s
 7997177 40361 4904.00000   71   34 4974.00000 4904.00000  1.41%  48.3 1765s
 8022336 40425 4904.00000   68   34 4974.00000 4904.00000  1.41%  48.3 1770s
 8044333 40350 infeasible   73      4974.00000 4904.00000  1.41%  48.3 1775s
 8068333 40611 4904.00000   67   19 4974.00000 4904.00000  1.41%  48.3 1780s
 8092598 40755 4904.00000   78   43 4974.00000 4904.00000  1.41%  48.3 1785s
 8117733 40801 4904.00000   73   26 4974.00000 4904.00000  1.41%  48.3 1790s
 8141813 40623 infeasible   74      4974.00000 4904.00000  1.41%  48.2 1795s
 8167063 40318 4904.00000   76   25 4974.00000 4904.00000  1.41%  48.2 1800s
 8191443 40330 4904.00000   65   30 4974.00000 4904.00000  1.41%  48.2 1805s
 8214419 40268 infeasible   80      4974.00000 4904.00000  1.41%  48.2 1810s
 8234870 40221 4904.00000   68   27 4974.00000 4904.00000  1.41%  48.2 1815s
 8257634 40302 infeasible   78      4974.00000 4904.00000  1.41%  48.2 1820s
 8280237 40401 4904.00000   61   35 4974.00000 4904.00000  1.41%  48.2 1825s
 8304138 40203 4904.00000   70   12 4974.00000 4904.00000  1.41%  48.2 1830s
 8327999 40095 infeasible   66      4974.00000 4904.00000  1.41%  48.2 1835s
 8352333 40020 infeasible   74      4974.00000 4904.00000  1.41%  48.2 1840s
 8376239 39962 4904.00000   71   36 4974.00000 4904.00000  1.41%  48.2 1845s
 8400423 39929 4904.00000   66   35 4974.00000 4904.00000  1.41%  48.2 1850s
 8424280 39989 4904.00000   63   28 4974.00000 4904.00000  1.41%  48.2 1855s
 8447346 39911 4904.00000   63   34 4974.00000 4904.00000  1.41%  48.2 1860s
 8470309 40103 4904.00000   74   24 4974.00000 4904.00000  1.41%  48.2 1865s
 8493233 39988 4904.00000   75   22 4974.00000 4904.00000  1.41%  48.2 1870s
 8516812 39947     cutoff   71      4974.00000 4904.00000  1.41%  48.2 1875s
 8540379 40185 4904.00000   71   30 4974.00000 4904.00000  1.41%  48.2 1880s
 8563216 40096 infeasible   78      4974.00000 4904.00000  1.41%  48.2 1885s
 8586276 40085 4904.00000   68   29 4974.00000 4904.00000  1.41%  48.2 1890s
 8608697 39820 4904.00000   73   24 4974.00000 4904.00000  1.41%  48.2 1895s
 8633019 39830 4904.00000   73   32 4974.00000 4904.00000  1.41%  48.2 1900s
 8653489 39803 infeasible   69      4974.00000 4904.00000  1.41%  48.2 1905s
 8676116 39957 4904.00000   73   17 4974.00000 4904.00000  1.41%  48.2 1910s
 8702000 39815 4904.00000   75   37 4974.00000 4904.00000  1.41%  48.1 1915s
 8725368 39978 4904.00000   68   30 4974.00000 4904.00000  1.41%  48.1 1920s
 8750193 39787 4904.00000   60   22 4974.00000 4904.00000  1.41%  48.1 1925s
 8774085 39882 4904.00000   72   28 4974.00000 4904.00000  1.41%  48.1 1930s
 8797862 39790 4904.00000   66   22 4974.00000 4904.00000  1.41%  48.1 1935s
 8820166 39782 infeasible   69      4974.00000 4904.00000  1.41%  48.1 1940s
 8843934 39834 4904.00000   77   29 4974.00000 4904.00000  1.41%  48.1 1945s
 8868167 40195 infeasible   66      4974.00000 4904.00000  1.41%  48.1 1950s
 8892265 40391 infeasible   76      4974.00000 4904.00000  1.41%  48.1 1955s
 8916047 40146 4904.00000   64   35 4974.00000 4904.00000  1.41%  48.1 1960s
 8937943 39823 infeasible   65      4974.00000 4904.00000  1.41%  48.1 1965s
 8961047 39783 infeasible   71      4974.00000 4904.00000  1.41%  48.2 1970s
 8983334 39589 infeasible   73      4974.00000 4904.00000  1.41%  48.2 1975s
 9007366 39685 4904.00000   71   25 4974.00000 4904.00000  1.41%  48.2 1980s
 9033062 39434 4904.00000   61   35 4974.00000 4904.00000  1.41%  48.2 1985s
 9056752 39358 infeasible   77      4974.00000 4904.00000  1.41%  48.1 1990s
 9077462 39285 4904.00000   65   31 4974.00000 4904.00000  1.41%  48.1 1995s
 9100278 39251 4904.00000   70   30 4974.00000 4904.00000  1.41%  48.1 2000s
 9123237 39115 4904.00000   74   32 4974.00000 4904.00000  1.41%  48.1 2005s
 9147070 38870 infeasible   64      4974.00000 4904.00000  1.41%  48.1 2010s
 9171103 38825 4904.00000   76   26 4974.00000 4904.00000  1.41%  48.1 2015s
 9193091 38846 infeasible   77      4974.00000 4904.00000  1.41%  48.1 2020s
 9216316 38859 infeasible   75      4974.00000 4904.00000  1.41%  48.1 2025s
 9240165 38881 4904.00000   74   30 4974.00000 4904.00000  1.41%  48.1 2030s
 9263064 38765 4904.00000   68   24 4974.00000 4904.00000  1.41%  48.1 2035s
 9285618 38718 infeasible   74      4974.00000 4904.00000  1.41%  48.1 2040s
 9305293 38777 infeasible   74      4974.00000 4904.00000  1.41%  48.1 2045s
 9328512 38688 infeasible   67      4974.00000 4904.00000  1.41%  48.1 2050s
 9353209 38651 infeasible   68      4974.00000 4904.00000  1.41%  48.1 2055s
 9377130 38643 infeasible   71      4974.00000 4904.00000  1.41%  48.1 2060s
 9400172 38510 infeasible   68      4974.00000 4904.00000  1.41%  48.1 2065s
 9423441 38609 infeasible   71      4974.00000 4904.00000  1.41%  48.1 2070s
 9447307 38568 4904.00000   69   18 4974.00000 4904.00000  1.41%  48.1 2075s
 9471146 38447 4904.00000   63   40 4974.00000 4904.00000  1.41%  48.1 2080s
 9496288 38873 infeasible   72      4974.00000 4904.00000  1.41%  48.1 2085s
 9520170 38697 4904.00000   72   23 4974.00000 4904.00000  1.41%  48.1 2090s
 9545192 38477 4904.00000   70   16 4974.00000 4904.00000  1.41%  48.1 2095s
 9570946 38773 4904.00000   60   31 4974.00000 4904.00000  1.41%  48.1 2100s
 9595329 38537 4904.00000   67   33 4974.00000 4904.00000  1.41%  48.1 2105s
 9620715 38497 4904.00000   67   32 4974.00000 4904.00000  1.41%  48.1 2110s
 9646357 38337 4904.00000   64   36 4974.00000 4904.00000  1.41%  48.1 2115s
 9666610 38298 4904.00000   70   36 4974.00000 4904.00000  1.41%  48.1 2120s
 9690294 38467 infeasible   68      4974.00000 4904.00000  1.41%  48.1 2125s
 9712836 38265 4904.00000   70   25 4974.00000 4904.00000  1.41%  48.1 2130s
 9735665 38256 4904.00000   65   35 4974.00000 4904.00000  1.41%  48.1 2135s
 9757863 38322 4904.00000   62   31 4974.00000 4904.00000  1.41%  48.1 2140s
 9779795 38259 4904.00000   64   24 4974.00000 4904.00000  1.41%  48.1 2145s
 9803502 38195 infeasible   77      4974.00000 4904.00000  1.41%  48.1 2150s
 9826037 38181 infeasible   66      4974.00000 4904.00000  1.41%  48.1 2155s
 9848670 38128 infeasible   76      4974.00000 4904.00000  1.41%  48.1 2160s
 9871465 38057 infeasible   68      4974.00000 4904.00000  1.41%  48.1 2165s
 9893741 37992 4904.00000   68   25 4974.00000 4904.00000  1.41%  48.1 2170s
 9917044 37903 infeasible   70      4974.00000 4904.00000  1.41%  48.1 2175s
 9938870 37753 4904.00000   73   34 4974.00000 4904.00000  1.41%  48.1 2180s
 9961192 37651 4904.00000   59   18 4974.00000 4904.00000  1.41%  48.1 2185s
 9985414 37679 infeasible   69      4974.00000 4904.00000  1.41%  48.1 2190s
 10006888 37694 infeasible   69      4974.00000 4904.00000  1.41%  48.1 2195s
 10030729 37813 infeasible   72      4974.00000 4904.00000  1.41%  48.1 2200s
 10055545 37761 4904.00000   70   32 4974.00000 4904.00000  1.41%  48.1 2205s
 10076480 37527 infeasible   59      4974.00000 4904.00000  1.41%  48.1 2210s
 10099525 37500 4904.00000   64   27 4974.00000 4904.00000  1.41%  48.1 2215s
 10122663 37407 4904.00000   64   21 4974.00000 4904.00000  1.41%  48.1 2220s
 10145140 37335 infeasible   71      4974.00000 4904.00000  1.41%  48.1 2225s
 10166731 37320 4904.00000   70   52 4974.00000 4904.00000  1.41%  48.1 2230s
 10188797 37267 4904.00000   68   14 4974.00000 4904.00000  1.41%  48.1 2235s
 10209235 37234 4904.00000   69   31 4974.00000 4904.00000  1.41%  48.1 2240s
 10231578 37194 4904.00000   74   32 4974.00000 4904.00000  1.41%  48.1 2245s
 10254235 37165 infeasible   72      4974.00000 4904.00000  1.41%  48.1 2250s
 10276418 37192 infeasible   70      4974.00000 4904.00000  1.41%  48.2 2255s
 10298639 37498 4904.00000   62   33 4974.00000 4904.00000  1.41%  48.2 2260s
 10319936 37368 infeasible   65      4974.00000 4904.00000  1.41%  48.2 2265s
 10341931 37133 infeasible   80      4974.00000 4904.00000  1.41%  48.2 2270s
 10363179 37257 4904.00000   67   35 4974.00000 4904.00000  1.41%  48.2 2275s
 10383573 37129 infeasible   62      4974.00000 4904.00000  1.41%  48.2 2280s
 10405470 37072 4904.00000   63   28 4974.00000 4904.00000  1.41%  48.2 2285s
 10427560 37080 4904.00000   71   33 4974.00000 4904.00000  1.41%  48.2 2290s
 10449366 37036 infeasible   68      4974.00000 4904.00000  1.41%  48.2 2295s
 10473962 37302 4904.00000   76   27 4974.00000 4904.00000  1.41%  48.2 2300s
 10496285 37115 4904.00000   70   34 4974.00000 4904.00000  1.41%  48.2 2305s
 10520433 37024 infeasible   72      4974.00000 4904.00000  1.41%  48.2 2310s
 10544326 36940 4904.00000   61   27 4974.00000 4904.00000  1.41%  48.2 2315s
 10567593 37097 4904.00000   67   32 4974.00000 4904.00000  1.41%  48.2 2320s
 10586697 36917 4904.00000   56   34 4974.00000 4904.00000  1.41%  48.2 2325s
 10610080 37025 4904.00000   66   31 4974.00000 4904.00000  1.41%  48.2 2330s
 10632784 36972 4904.00000   64   33 4974.00000 4904.00000  1.41%  48.2 2335s
 10655908 36854 4904.00000   70   34 4974.00000 4904.00000  1.41%  48.2 2340s
 10677740 37025 4904.00000   70   26 4974.00000 4904.00000  1.41%  48.2 2345s
 10699315 36931 infeasible   77      4974.00000 4904.00000  1.41%  48.2 2350s
 10721236 37252 4904.00000   66   29 4974.00000 4904.00000  1.41%  48.2 2355s
 10744709 37592 infeasible   73      4974.00000 4904.00000  1.41%  48.2 2360s
 10767094 37560 infeasible   79      4974.00000 4904.00000  1.41%  48.2 2365s
 10789123 37553 infeasible   75      4974.00000 4904.00000  1.41%  48.2 2370s
 10811961 37342 infeasible   70      4974.00000 4904.00000  1.41%  48.2 2375s
 10832532 37267 4904.00000   69   43 4974.00000 4904.00000  1.41%  48.2 2380s
 10855422 37197 infeasible   72      4974.00000 4904.00000  1.41%  48.2 2385s
 10877586 37087 infeasible   70      4974.00000 4904.00000  1.41%  48.3 2390s
 10899966 37139 4904.00000   73   21 4974.00000 4904.00000  1.41%  48.3 2395s
 10921634 37044 infeasible   71      4974.00000 4904.00000  1.41%  48.3 2400s
 10944388 36902 4904.00000   76   34 4974.00000 4904.00000  1.41%  48.3 2405s
 10966620 36829 4904.00000   59   39 4974.00000 4904.00000  1.41%  48.3 2410s
 10989482 37058 4904.00000   71   11 4974.00000 4904.00000  1.41%  48.3 2415s
 11013650 37051 4904.00000   72   25 4974.00000 4904.00000  1.41%  48.3 2420s
 11037862 36800 infeasible   69      4974.00000 4904.00000  1.41%  48.2 2425s
 11058364 36730 4904.00000   72   26 4974.00000 4904.00000  1.41%  48.2 2430s
 11083090 36888 infeasible   79      4974.00000 4904.00000  1.41%  48.2 2435s
 11109285 36660 infeasible   68      4974.00000 4904.00000  1.41%  48.2 2440s
 11133088 36824 infeasible   67      4974.00000 4904.00000  1.41%  48.2 2445s
 11159172 36605 infeasible   73      4974.00000 4904.00000  1.41%  48.2 2450s
 11182586 36697 4904.00000   74   24 4974.00000 4904.00000  1.41%  48.2 2455s
 11206145 36585 4904.00000   75   34 4974.00000 4904.00000  1.41%  48.2 2460s
 11228633 36780 4904.00000   65   28 4974.00000 4904.00000  1.41%  48.2 2465s
 11251955 36612 infeasible   65      4974.00000 4904.00000  1.41%  48.2 2470s
 11274775 36549 4904.00000   69   26 4974.00000 4904.00000  1.41%  48.2 2475s
 11297276 36523 4904.00000   66   29 4974.00000 4904.00000  1.41%  48.2 2480s
 11320761 36583 4904.00000   63   33 4974.00000 4904.00000  1.41%  48.2 2485s
 11344555 36517 infeasible   69      4974.00000 4904.00000  1.41%  48.2 2490s
 11365730 36535 4904.00000   68   38 4974.00000 4904.00000  1.41%  48.2 2495s
 11389633 36437 infeasible   71      4974.00000 4904.00000  1.41%  48.2 2500s
 11412082 36366 4904.00000   69   23 4974.00000 4904.00000  1.41%  48.2 2505s
 11436480 36371 4904.00000   75   25 4974.00000 4904.00000  1.41%  48.2 2510s
 11460513 36454 infeasible   70      4974.00000 4904.00000  1.41%  48.2 2515s
 11484152 36741 infeasible   78      4974.00000 4904.00000  1.41%  48.2 2520s
 11509790 36504 4904.00000   75   31 4974.00000 4904.00000  1.41%  48.2 2525s
 11533886 36251 infeasible   69      4974.00000 4904.00000  1.41%  48.2 2530s
 11556189 36404 4904.00000   71   37 4974.00000 4904.00000  1.41%  48.2 2535s
 11580703 36631 4904.00000   74   35 4974.00000 4904.00000  1.41%  48.1 2540s
 11604553 36474 infeasible   72      4974.00000 4904.00000  1.41%  48.1 2545s
 11628150 36411 4904.00000   64   50 4974.00000 4904.00000  1.41%  48.1 2550s
 11652292 36413 infeasible   71      4974.00000 4904.00000  1.41%  48.1 2555s
 11676616 36227 4904.00000   66   41 4974.00000 4904.00000  1.41%  48.1 2560s
 11698612 36125 infeasible   80      4974.00000 4904.00000  1.41%  48.1 2565s
 11721419 36108 4904.00000   64   32 4974.00000 4904.00000  1.41%  48.1 2570s
 11742270 36242     cutoff   70      4974.00000 4904.00000  1.41%  48.1 2575s
 11765325 36064 infeasible   70      4974.00000 4904.00000  1.41%  48.1 2580s
 11785627 36065 4904.00000   68   24 4974.00000 4904.00000  1.41%  48.1 2585s
 11808323 36004 infeasible   68      4974.00000 4904.00000  1.41%  48.1 2590s
 11830753 35895 4904.00000   64   11 4974.00000 4904.00000  1.41%  48.1 2595s
 11853901 35802 4904.00000   62   37 4974.00000 4904.00000  1.41%  48.1 2600s
 11877251 35757 4904.00000   68   32 4974.00000 4904.00000  1.41%  48.1 2605s
 11900518 35716 4904.00000   69   32 4974.00000 4904.00000  1.41%  48.1 2610s
 11924650 35862 infeasible   64      4974.00000 4904.00000  1.41%  48.1 2615s
 11948385 35726 infeasible   76      4974.00000 4904.00000  1.41%  48.1 2620s
 11969389 35710 4904.00000   65   34 4974.00000 4904.00000  1.41%  48.1 2625s
 11990823 35650 4904.00000   61   45 4974.00000 4904.00000  1.41%  48.1 2630s
 12014171 35658 4904.00000   57   44 4974.00000 4904.00000  1.41%  48.1 2635s
 12038144 35624 4904.00000   70   14 4974.00000 4904.00000  1.41%  48.1 2640s
 12060979 35517 infeasible   67      4974.00000 4904.00000  1.41%  48.2 2645s
 12085015 35706     cutoff   78      4974.00000 4904.00000  1.41%  48.2 2650s
 12109340 35593 4904.00000   71   47 4974.00000 4904.00000  1.41%  48.1 2655s
 12135398 35580 infeasible   80      4974.00000 4904.00000  1.41%  48.1 2660s
 12160400 35457 4904.00000   63   29 4974.00000 4904.00000  1.41%  48.1 2665s
 12186368 35591 4904.00000   73   17 4974.00000 4904.00000  1.41%  48.1 2670s
 12210736 35449 4904.00000   74   17 4974.00000 4904.00000  1.41%  48.1 2675s
 12237604 35454 4904.00000   75   14 4974.00000 4904.00000  1.41%  48.1 2680s
 12263245 35363 4904.00000   69   33 4974.00000 4904.00000  1.41%  48.1 2685s
 12287039 35357 4904.00000   69   24 4974.00000 4904.00000  1.41%  48.1 2690s
 12306860 35301 4904.00000   71   34 4974.00000 4904.00000  1.41%  48.1 2695s
 12330377 35188 4904.00000   68   21 4974.00000 4904.00000  1.41%  48.1 2700s
 12354642 35272 infeasible   69      4974.00000 4904.00000  1.41%  48.1 2705s
 12378485 35959 4925.00000   69   31 4974.00000 4925.00000  0.99%  48.1 2710s
 12402425 36295 4925.00000   68   10 4974.00000 4925.00000  0.99%  48.1 2715s
 12426293 36751 4925.00000   67   32 4974.00000 4925.00000  0.99%  48.1 2720s
 12449829 36618 4925.00000   75   34 4974.00000 4925.00000  0.99%  48.1 2725s
 12474113 36528 4925.00000   78   45 4974.00000 4925.00000  0.99%  48.1 2730s
 12498093 36351 4925.00000   61   28 4974.00000 4925.00000  0.99%  48.1 2735s
 12522682 36174 4925.00000   73   41 4974.00000 4925.00000  0.99%  48.1 2740s
 12547533 36203 4925.00000   67   18 4974.00000 4925.00000  0.99%  48.1 2745s
 12571223 36229 4925.00000   70   26 4974.00000 4925.00000  0.99%  48.1 2750s
 12594748 36571 infeasible   64      4974.00000 4925.00000  0.99%  48.2 2755s
 12618186 36528 4925.00000   69   35 4974.00000 4925.00000  0.99%  48.2 2760s
 12641235 36252 infeasible   68      4974.00000 4925.00000  0.99%  48.2 2765s
 12661936 36249 infeasible   75      4974.00000 4925.00000  0.99%  48.2 2770s
 12684684 36109 infeasible   69      4974.00000 4925.00000  0.99%  48.2 2775s
 12708228 35971 infeasible   72      4974.00000 4925.00000  0.99%  48.2 2780s
 12731569 35892 infeasible   81      4974.00000 4925.00000  0.99%  48.2 2785s
 12754864 35730 4925.00000   73   29 4974.00000 4925.00000  0.99%  48.2 2790s
 12778933 35511 4925.00000   74   33 4974.00000 4925.00000  0.99%  48.2 2795s
 12802651 35494 infeasible   69      4974.00000 4925.00000  0.99%  48.2 2800s
 12823296 35794 4925.00000   76   27 4974.00000 4925.00000  0.99%  48.2 2805s
 12845580 35759 4925.00000   73   39 4974.00000 4925.00000  0.99%  48.2 2810s
 12868440 35524 4925.00000   72   18 4974.00000 4925.00000  0.99%  48.2 2815s
 12892087 35412 infeasible   75      4974.00000 4925.00000  0.99%  48.2 2820s
 12915859 35342 4925.00000   72   23 4974.00000 4925.00000  0.99%  48.2 2825s
 12938982 35200 infeasible   66      4974.00000 4925.00000  0.99%  48.2 2830s
 12963107 35384 4925.00000   69   33 4974.00000 4925.00000  0.99%  48.2 2835s
 12986095 35337 infeasible   71      4974.00000 4925.00000  0.99%  48.2 2840s
 13010078 35187 4925.00000   65   31 4974.00000 4925.00000  0.99%  48.2 2845s
 13034716 35134 infeasible   76      4974.00000 4925.00000  0.99%  48.2 2850s
 13060129 34938 infeasible   72      4974.00000 4925.00000  0.99%  48.2 2855s
 13085601 35186 4925.00000   71   32 4974.00000 4925.00000  0.99%  48.2 2860s
 13111360 35039 4925.00000   76   34 4974.00000 4925.00000  0.99%  48.2 2865s
 13137544 34997 4925.00000   75   26 4974.00000 4925.00000  0.99%  48.2 2870s
 13162017 34882 4925.00000   72   33 4974.00000 4925.00000  0.99%  48.2 2875s
 13187683 34889 4925.00000   68   35 4974.00000 4925.00000  0.99%  48.2 2880s
 13209347 34782 4925.00000   71   19 4974.00000 4925.00000  0.99%  48.2 2885s
 13232668 35004 infeasible   66      4974.00000 4925.00000  0.99%  48.2 2890s
 13256921 35326 infeasible   67      4974.00000 4925.00000  0.99%  48.2 2895s
 13282016 35514 infeasible   74      4974.00000 4925.00000  0.99%  48.2 2900s
 13306990 35424 4925.00000   68   10 4974.00000 4925.00000  0.99%  48.2 2905s
 13332272 35179 4925.00000   67   25 4974.00000 4925.00000  0.99%  48.2 2910s
 13358961 35054 infeasible   76      4974.00000 4925.00000  0.99%  48.2 2915s
 13383051 35478 4925.00000   67   22 4974.00000 4925.00000  0.99%  48.2 2920s
 13408498 35486 infeasible   65      4974.00000 4925.00000  0.99%  48.2 2925s
 13433302 35321 infeasible   73      4974.00000 4925.00000  0.99%  48.2 2930s
 13457929 35251 4925.00000   72   46 4974.00000 4925.00000  0.99%  48.2 2935s
 13482058 35201 4925.00000   77   26 4974.00000 4925.00000  0.99%  48.2 2940s
 13506467 35181 infeasible   65      4974.00000 4925.00000  0.99%  48.2 2945s
 13529905 35096 4925.00000   60   28 4974.00000 4925.00000  0.99%  48.2 2950s
 13553913 35094 infeasible   77      4974.00000 4925.00000  0.99%  48.2 2955s
 13579223 35402 4925.00000   74   34 4974.00000 4925.00000  0.99%  48.2 2960s
 13604590 35240 4925.00000   72   34 4974.00000 4925.00000  0.99%  48.2 2965s
 13632499 35165 infeasible   69      4974.00000 4925.00000  0.99%  48.2 2970s
 13657987 35093 4925.00000   73   27 4974.00000 4925.00000  0.99%  48.2 2975s
 13683077 35310 4925.00000   68   38 4974.00000 4925.00000  0.99%  48.2 2980s
 13706828 35171 infeasible   77      4974.00000 4925.00000  0.99%  48.2 2985s
 13729728 35139 4925.00000   71   32 4974.00000 4925.00000  0.99%  48.2 2990s
 13751037 35024 infeasible   78      4974.00000 4925.00000  0.99%  48.2 2995s
 13776362 35381 4925.00000   69   31 4974.00000 4925.00000  0.99%  48.2 3000s
 13798672 35405 4925.00000   78   33 4974.00000 4925.00000  0.99%  48.2 3005s
 13821974 35140 infeasible   74      4974.00000 4925.00000  0.99%  48.2 3010s
 13845153 34977 4925.00000   74   36 4974.00000 4925.00000  0.99%  48.2 3015s
 13868584 35061 infeasible   78      4974.00000 4925.00000  0.99%  48.2 3020s
 13892687 35046 4925.00000   75   43 4974.00000 4925.00000  0.99%  48.2 3025s
 13915893 35009 infeasible   73      4974.00000 4925.00000  0.99%  48.2 3030s
 13941293 34943 4925.00000   74   31 4974.00000 4925.00000  0.99%  48.2 3035s
 13965164 34978 4925.00000   65    8 4974.00000 4925.00000  0.99%  48.2 3040s
 13990877 35166 infeasible   76      4974.00000 4925.00000  0.99%  48.2 3045s
 14014744 35448 infeasible   72      4974.00000 4925.00000  0.99%  48.2 3050s
 14039610 35377 infeasible   72      4974.00000 4925.00000  0.99%  48.2 3055s
 14063091 35236 4925.00000   71   35 4974.00000 4925.00000  0.99%  48.2 3060s
 14084767 35101 infeasible   71      4974.00000 4925.00000  0.99%  48.2 3065s
 14109436 34940 infeasible   73      4974.00000 4925.00000  0.99%  48.2 3070s
 14134375 34819 infeasible   83      4974.00000 4925.00000  0.99%  48.2 3075s
 14157749 34955 4925.00000   71   37 4974.00000 4925.00000  0.99%  48.2 3080s
 14186202 35068 infeasible   73      4974.00000 4925.00000  0.99%  48.2 3085s
 14213407 34805 4925.00000   64   18 4974.00000 4925.00000  0.99%  48.2 3090s
 14237520 34754 4925.00000   65   28 4974.00000 4925.00000  0.99%  48.2 3095s
 14263729 35072 4925.00000   74   32 4974.00000 4925.00000  0.99%  48.2 3100s
 14291157 34976 4925.00000   79   34 4974.00000 4925.00000  0.99%  48.1 3105s
 14320113 34745 infeasible   67      4974.00000 4925.00000  0.99%  48.1 3110s
 14346701 34985 infeasible   83      4974.00000 4925.00000  0.99%  48.1 3115s
 14371827 35111 infeasible   92      4974.00000 4925.00000  0.99%  48.1 3120s
 14397897 34874 infeasible   69      4974.00000 4925.00000  0.99%  48.1 3125s
 14424016 34716 infeasible   80      4974.00000 4925.00000  0.99%  48.1 3130s
 14450614 34781 infeasible   81      4974.00000 4925.00000  0.99%  48.1 3135s
 14479020 34619 4925.00000   77   30 4974.00000 4925.00000  0.99%  48.1 3140s
 14504828 34594 infeasible   79      4974.00000 4925.00000  0.99%  48.1 3145s
 14529561 34604 4925.00000   70   32 4974.00000 4925.00000  0.99%  48.1 3150s
 14545578 34585 infeasible   75      4974.00000 4925.00000  0.99%  48.1 3155s
 14569501 34706 infeasible   68      4974.00000 4925.00000  0.99%  48.1 3160s
 14592462 34579 infeasible   75      4974.00000 4925.00000  0.99%  48.1 3165s
 14617648 34515 4925.00000   70   26 4974.00000 4925.00000  0.99%  48.1 3170s
 14642161 34717 infeasible   68      4974.00000 4925.00000  0.99%  48.1 3175s
 14662817 34452 4925.00000   69   28 4974.00000 4925.00000  0.99%  48.1 3180s
 14688861 34492 infeasible   72      4974.00000 4925.00000  0.99%  48.0 3185s
 14714064 34877 4925.00000   65   27 4974.00000 4925.00000  0.99%  48.0 3190s
 14738739 35042 4925.00000   69   33 4974.00000 4925.00000  0.99%  48.0 3195s
 14763983 34883 4925.00000   72   23 4974.00000 4925.00000  0.99%  48.0 3200s
 14789160 34912 4925.00000   72   28 4974.00000 4925.00000  0.99%  48.0 3205s
 14815527 34677 4925.00000   63   23 4974.00000 4925.00000  0.99%  48.0 3210s
 14840512 34632 4925.00000   64   20 4974.00000 4925.00000  0.99%  48.0 3215s
 14866022 34546 4925.00000   70   50 4974.00000 4925.00000  0.99%  48.0 3220s
 14890532 34480 4925.00000   69   36 4974.00000 4925.00000  0.99%  48.0 3225s
 14913585 34676 infeasible   67      4974.00000 4925.00000  0.99%  48.1 3230s
 14936692 34526 4925.00000   65   31 4974.00000 4925.00000  0.99%  48.1 3235s
 14960570 34804 4925.00000   69   27 4974.00000 4925.00000  0.99%  48.1 3240s
 14983997 34762 infeasible   71      4974.00000 4925.00000  0.99%  48.1 3245s
H15005939 34608                    4973.9985621 4925.00000  0.99%  48.1 3249s
 15007885 34602 4925.00000   75   26 4973.99856 4925.00000  0.99%  48.1 3250s
 15030535 34517 4925.00000   69   25 4973.99856 4925.00000  0.99%  48.1 3255s
 15054808 34417 infeasible   79      4973.99856 4925.00000  0.99%  48.1 3260s
 15080392 34449 4925.00000   73   35 4973.99856 4925.00000  0.99%  48.1 3265s
 15106377 34468 4925.00000   61   21 4973.99856 4925.00000  0.99%  48.1 3270s
 15132982 34513 infeasible   77      4973.99856 4925.00000  0.99%  48.1 3275s
 15158280 34546 4925.00000   62   34 4973.99856 4925.00000  0.99%  48.1 3280s
 15183222 34436 infeasible   65      4973.99856 4925.00000  0.99%  48.1 3285s
 15208576 34365 4925.00000   60   25 4973.99856 4925.00000  0.99%  48.1 3290s
 15233198 34575 infeasible   71      4973.99856 4925.00000  0.99%  48.1 3295s
 15258039 34434 4925.00000   68   27 4973.99856 4925.00000  0.99%  48.1 3300s
 15282916 34457 4925.00000   62   38 4973.99856 4925.00000  0.99%  48.1 3305s
 15305616 34302 infeasible   67      4973.99856 4925.00000  0.99%  48.1 3310s
 15327044 34334 infeasible   74      4973.99856 4925.00000  0.99%  48.1 3315s
 15350834 34260 infeasible   72      4973.99856 4925.00000  0.99%  48.1 3320s
 15375791 34462 infeasible   67      4973.99856 4925.00000  0.99%  48.1 3325s
 15400348 34310 4925.00000   61   26 4973.99856 4925.00000  0.99%  48.1 3330s
 15425667 34648 infeasible   74      4973.99856 4925.00000  0.99%  48.1 3335s
 15452925 34452 infeasible   66      4973.99856 4925.00000  0.99%  48.1 3340s
 15475323 34263 infeasible   66      4973.99856 4925.00000  0.99%  48.1 3345s
 15504633 34348 4925.00000   71   34 4973.99856 4925.00000  0.99%  48.0 3350s
 15531952 34384 infeasible   74      4973.99856 4925.00000  0.99%  48.0 3355s
 15559112 34212 infeasible   76      4973.99856 4925.00000  0.99%  48.0 3360s
 15585525 34415 4925.00000   69   31 4973.99856 4925.00000  0.99%  48.0 3365s
 15613589 34541 4925.00000   71   33 4973.99856 4925.00000  0.99%  48.0 3370s
 15641447 34272 infeasible   74      4973.99856 4925.00000  0.99%  48.0 3375s
 15667564 34157 4925.00000   64   26 4973.99856 4925.00000  0.99%  48.0 3380s
 15693026 34175 4925.00000   66   44 4973.99856 4925.00000  0.99%  48.0 3385s
 15712397 34240 infeasible   69      4973.99856 4925.00000  0.99%  48.0 3390s
 15735027 34185 infeasible   74      4973.99856 4925.00000  0.99%  48.0 3395s
 15759998 34143 4925.00000   63   19 4973.99856 4925.00000  0.99%  48.0 3400s
 15784433 34120 4925.00000   72   46 4973.99856 4925.00000  0.99%  48.0 3405s
 15809042 34332 4925.00000   70   33 4973.99856 4925.00000  0.99%  48.0 3410s
 15835580 34190 infeasible   77      4973.99856 4925.00000  0.99%  48.0 3415s
 15861096 34129 infeasible   66      4973.99856 4925.00000  0.99%  48.0 3420s
 15886258 34320 4925.00000   59   34 4973.99856 4925.00000  0.99%  48.0 3425s
 15912009 34274 infeasible   73      4973.99856 4925.00000  0.99%  48.0 3430s
 15937362 34067 4925.00000   73   33 4973.99856 4925.00000  0.99%  48.0 3435s
 15961834 34139 4925.00000   72   32 4973.99856 4925.00000  0.99%  48.0 3440s
 15986853 34174 infeasible   69      4973.99856 4925.00000  0.99%  48.0 3445s
 16012005 34562 infeasible   74      4973.99856 4925.00000  0.99%  48.0 3450s
 16038127 34492 infeasible   66      4973.99856 4925.00000  0.99%  48.0 3455s
 16059071 34438 4925.00000   68   20 4973.99856 4925.00000  0.99%  48.0 3460s
 16084596 34005 4925.00000   71   30 4973.99856 4925.00000  0.99%  48.0 3465s
 16108654 34044 4925.00000   71   26 4973.99856 4925.00000  0.99%  48.0 3470s
 16133069 33950 infeasible   69      4973.99856 4925.00000  0.99%  48.0 3475s
 16157071 34120 infeasible   69      4973.99856 4925.00000  0.99%  48.0 3480s
 16182185 34099 infeasible   66      4973.99856 4925.00000  0.99%  48.0 3485s
 16207665 33975 4925.00000   67   21 4973.99856 4925.00000  0.99%  48.0 3490s
 16231396 34095 4925.00000   65   27 4973.99856 4925.00000  0.99%  48.0 3495s
 16256767 34148 infeasible   80      4973.99856 4925.00000  0.99%  48.0 3500s
 16284147 34059 4925.00000   71   40 4973.99856 4925.00000  0.99%  48.0 3505s
 16309576 34031 infeasible   74      4973.99856 4925.00000  0.99%  47.9 3510s
 16335188 34026 infeasible   72      4973.99856 4925.00000  0.99%  47.9 3515s
 16360890 34189 4925.00000   64   31 4973.99856 4925.00000  0.99%  47.9 3520s
 16386451 33918 infeasible   81      4973.99856 4925.00000  0.99%  47.9 3525s
 16411478 33998 infeasible   71      4973.99856 4925.00000  0.99%  47.9 3530s
 16438626 33902 4925.00000   65   50 4973.99856 4925.00000  0.99%  47.9 3535s
 16463451 33898 infeasible   74      4973.99856 4925.00000  0.99%  47.9 3540s
 16485880 33846 infeasible   65      4973.99856 4925.00000  0.99%  47.9 3545s
H16502808 33857                    4973.9961964 4925.00000  0.99%  47.9 3549s
 16506424 33878 infeasible   67      4973.99620 4925.00000  0.99%  47.9 3550s
 16530613 33845 4925.00000   54   18 4973.99620 4925.00000  0.99%  47.9 3555s
 16554981 34076 infeasible   69      4973.99620 4925.00000  0.99%  47.9 3560s
 16582394 33845 4925.00000   72   19 4973.99620 4925.00000  0.99%  47.9 3565s
 16605659 33797 4925.00000   72   33 4973.99620 4925.00000  0.99%  47.9 3570s
 16629871 33799 4925.00000   61   37 4973.99620 4925.00000  0.99%  47.9 3575s
 16654959 33966 infeasible   64      4973.99620 4925.00000  0.99%  47.9 3580s
 16681181 34047 4925.00000   67   37 4973.99620 4925.00000  0.99%  47.9 3585s
 16705941 33820 4925.00000   69   29 4973.99620 4925.00000  0.99%  47.9 3590s
 16732999 33740 4925.00000   65   28 4973.99620 4925.00000  0.99%  47.9 3595s
 16757521 33768 infeasible   77      4973.99620 4925.00000  0.99%  47.9 3600s
 16781201 33726 4925.00000   73   35 4973.99620 4925.00000  0.99%  47.9 3605s
 16805862 33694 4925.00000   72   36 4973.99620 4925.00000  0.99%  47.9 3610s
 16825235 33749 4925.00000   72   34 4973.99620 4925.00000  0.99%  47.9 3615s
 16847610 33687 4925.00000   68   46 4973.99620 4925.00000  0.99%  47.9 3620s
 16871209 33876 4925.00000   70   39 4973.99620 4925.00000  0.99%  47.9 3625s
 16896522 33969 infeasible   84      4973.99620 4925.00000  0.99%  47.9 3630s
 16921232 33722 infeasible   78      4973.99620 4925.00000  0.99%  47.9 3635s
 16945892 33752 4925.00000   74   31 4973.99620 4925.00000  0.99%  47.9 3640s
 16969720 33632 4925.00000   66   19 4973.99620 4925.00000  0.99%  47.9 3645s
 16994827 34241 infeasible   72      4973.99620 4925.00000  0.99%  47.9 3650s
 17018449 34523 infeasible   67      4973.99620 4925.00000  0.99%  47.9 3655s
 17041585 34619 infeasible   77      4973.99620 4925.00000  0.99%  47.9 3660s
 17065889 34367 4925.00000   71   28 4973.99620 4925.00000  0.99%  47.9 3665s
 17090070 34179 infeasible   71      4973.99620 4925.00000  0.99%  47.9 3670s
 17115111 34119 4925.00000   71   33 4973.99620 4925.00000  0.99%  47.9 3675s
 17140028 33981 4925.00000   64   10 4973.99620 4925.00000  0.99%  47.9 3680s
 17164315 33986 4925.00000   64   37 4973.99620 4925.00000  0.99%  47.9 3685s
 17185424 33880 infeasible   65      4973.99620 4925.00000  0.99%  47.9 3690s
 17207305 33945 infeasible   69      4973.99620 4925.00000  0.99%  48.0 3695s
 17229555 33889 infeasible   63      4973.99620 4925.00000  0.99%  48.0 3700s
 17252428 33794 infeasible   72      4973.99620 4925.00000  0.99%  48.0 3705s
 17276782 33689 infeasible   67      4973.99620 4925.00000  0.99%  48.0 3710s
 17300574 33695 infeasible   66      4973.99620 4925.00000  0.99%  48.0 3715s
 17324753 33665 4925.00000   73   40 4973.99620 4925.00000  0.99%  48.0 3720s
 17349714 33596 infeasible   67      4973.99620 4925.00000  0.99%  48.0 3725s
 17372728 33735 infeasible   71      4973.99620 4925.00000  0.99%  48.0 3730s
 17397294 33825 infeasible   66      4973.99620 4925.00000  0.99%  48.0 3735s
 17422245 33577 infeasible   67      4973.99620 4925.00000  0.99%  48.0 3740s
 17445605 33726 infeasible   72      4973.99620 4925.00000  0.99%  48.0 3745s
 17470346 33573 4925.00000   57   16 4973.99620 4925.00000  0.99%  48.0 3750s
 17492834 33642 4925.00000   56   38 4973.99620 4925.00000  0.99%  48.0 3755s
 17515910 33483 4925.00000   64   47 4973.99620 4925.00000  0.99%  48.0 3760s
 17537478 33483 4925.00000   75   13 4973.99620 4925.00000  0.99%  48.0 3765s
H17555983 33476                    4973.9961744 4925.00000  0.99%  48.0 3768s
 17560572 33472 4925.00000   61   36 4973.99617 4925.00000  0.99%  48.0 3770s
 17585454 33703 infeasible   67      4973.99617 4925.00000  0.99%  48.0 3775s
 17610952 33551 infeasible   63      4973.99617 4925.00000  0.99%  48.0 3780s
 17634373 33429 infeasible   71      4973.99617 4925.00000  0.99%  48.0 3785s
 17655382 33519 4925.00000   62   18 4973.99617 4925.00000  0.99%  48.0 3790s
 17679243 33749 4925.00000   70   35 4973.99617 4925.00000  0.99%  48.0 3795s
 17703061 33570 4925.00000   73   23 4973.99617 4925.00000  0.99%  48.0 3800s
 17726540 33522 4925.00000   76   21 4973.99617 4925.00000  0.99%  48.0 3805s
 17751506 33514 infeasible   73      4973.99617 4925.00000  0.99%  48.0 3810s
 17778311 33447 4925.00000   68   21 4973.99617 4925.00000  0.99%  48.0 3815s
 17804027 33391 infeasible   76      4973.99617 4925.00000  0.99%  48.0 3820s
 17828822 33683 4925.00000   74   14 4973.99617 4925.00000  0.99%  48.0 3825s
 17855126 33883 infeasible   73      4973.99617 4925.00000  0.99%  48.0 3830s
 17876855 33708 infeasible   81      4973.99617 4925.00000  0.99%  48.0 3835s
 17901746 33515 4925.00000   71   25 4973.99617 4925.00000  0.99%  48.0 3840s
 17926780 33386 4925.00000   82   25 4973.99617 4925.00000  0.99%  48.0 3845s
 17950940 33347 infeasible   72      4973.99617 4925.00000  0.99%  48.0 3850s
 17975781 33693 4925.00000   74   34 4973.99617 4925.00000  0.99%  48.0 3855s
 18000005 33365 infeasible   69      4973.99617 4925.00000  0.99%  48.0 3860s
 18024807 33441 4925.00000   65   37 4973.99617 4925.00000  0.99%  48.0 3865s
 18049068 33469 4925.00000   73   27 4973.99617 4925.00000  0.99%  48.0 3870s
 18073666 33296 infeasible   75      4973.99617 4925.00000  0.99%  48.0 3875s
 18096009 33340 4925.00000   64   14 4973.99617 4925.00000  0.99%  48.0 3880s
 18120414 33318 4925.00000   66   39 4973.99617 4925.00000  0.99%  48.0 3885s
 18146058 33331 4925.00000   73   34 4973.99617 4925.00000  0.99%  48.0 3890s
 18171652 33256 4925.00000   69   35 4973.99617 4925.00000  0.99%  48.0 3895s
 18196629 33374 infeasible   74      4973.99617 4925.00000  0.99%  48.0 3900s
 18220391 33444 4925.00000   73   18 4973.99617 4925.00000  0.99%  48.0 3905s
 18245217 33343 infeasible   70      4973.99617 4925.00000  0.99%  48.0 3910s
 18268497 33267 4925.00000   75   21 4973.99617 4925.00000  0.99%  48.0 3915s
 18292028 33232 infeasible   60      4973.99617 4925.00000  0.99%  48.0 3920s
 18314067 33220 infeasible   67      4973.99617 4925.00000  0.99%  48.0 3925s
 18336787 33342 4925.00000   76   44 4973.99617 4925.00000  0.99%  48.0 3930s
 18359807 33412 infeasible   71      4973.99617 4925.00000  0.99%  48.0 3935s
 18383173 33148 4925.00000   68   24 4973.99617 4925.00000  0.99%  48.0 3940s
 18405558 33250 4925.00000   60   29 4973.99617 4925.00000  0.99%  48.0 3945s
 18429573 33342 4925.00000   68   16 4973.99617 4925.00000  0.99%  48.0 3950s
 18453949 33129 infeasible   71      4973.99617 4925.00000  0.99%  48.0 3955s
 18478311 33081 infeasible   62      4973.99617 4925.00000  0.99%  48.0 3960s
 18503260 33064 4925.00000   62   16 4973.99617 4925.00000  0.99%  48.0 3965s
 18522280 32985 4925.00000   62   17 4973.99617 4925.00000  0.99%  48.0 3970s
 18545547 33151 4925.00000   63   32 4973.99617 4925.00000  0.99%  48.0 3975s
 18568833 33160 4925.00000   70   19 4973.99617 4925.00000  0.99%  48.0 3980s
 18591012 33000 infeasible   67      4973.99617 4925.00000  0.99%  48.0 3985s
 18612908 32967 4925.00000   72   36 4973.99617 4925.00000  0.99%  48.0 3990s
 18636313 32989 infeasible   72      4973.99617 4925.00000  0.99%  48.0 3995s
 18659400 33032 infeasible   72      4973.99617 4925.00000  0.99%  48.0 4000s
 18684744 33004 4925.00000   70   25 4973.99617 4925.00000  0.99%  48.0 4005s
 18708258 33223 infeasible   69      4973.99617 4925.00000  0.99%  48.0 4010s
 18730703 33293 infeasible   73      4973.99617 4925.00000  0.99%  48.0 4015s
 18753748 33117 4925.00000   69   34 4973.99617 4925.00000  0.99%  48.0 4020s
 18777150 33366 infeasible   71      4973.99617 4925.00000  0.99%  48.0 4025s
 18799097 33444 infeasible   73      4973.99617 4925.00000  0.99%  48.0 4030s
 18820474 33232 4925.00000   64   27 4973.99617 4925.00000  0.99%  48.0 4035s
 18842062 33090 infeasible   70      4973.99617 4925.00000  0.99%  48.0 4040s
 18864563 33027 infeasible   68      4973.99617 4925.00000  0.99%  48.0 4045s
 18883806 33183 4925.00000   64   53 4973.99617 4925.00000  0.99%  48.0 4050s
 18905409 33128 4925.00000   70   30 4973.99617 4925.00000  0.99%  48.0 4055s
 18926407 33023 infeasible   74      4973.99617 4925.00000  0.99%  48.0 4060s
 18947967 32940 4925.00000   67   36 4973.99617 4925.00000  0.99%  48.0 4065s
 18971524 32916 4925.00000   76   37 4973.99617 4925.00000  0.99%  48.0 4070s
 18996126 33045 4925.00000   76   36 4973.99617 4925.00000  0.99%  48.0 4075s
 19019846 32903 4925.00000   64   40 4973.99617 4925.00000  0.99%  48.0 4080s
 19042364 33037 4925.00000   67   34 4973.99617 4925.00000  0.99%  48.0 4085s
 19064940 32945 4925.00000   70   33 4973.99617 4925.00000  0.99%  48.0 4090s
 19087994 32839 infeasible   65      4973.99617 4925.00000  0.99%  48.0 4095s
 19111263 32851 4925.00000   66   23 4973.99617 4925.00000  0.99%  48.0 4100s
 19135709 32843 4925.00000   61   12 4973.99617 4925.00000  0.99%  48.0 4105s
 19158872 32805 4925.00000   67   22 4973.99617 4925.00000  0.99%  48.0 4110s
 19183827 32834 infeasible   71      4973.99617 4925.00000  0.99%  48.0 4115s
 19208130 32740 infeasible   80      4973.99617 4925.00000  0.99%  48.0 4120s
 19231235 32769 infeasible   68      4973.99617 4925.00000  0.99%  48.0 4125s
 19255085 32833 4925.00000   71   39 4973.99617 4925.00000  0.99%  48.0 4130s
 19278056 32851 infeasible   71      4973.99617 4925.00000  0.99%  48.0 4135s
 19300495 32682 infeasible   67      4973.99617 4925.00000  0.99%  48.0 4140s
 19322943 32868 infeasible   61      4973.99617 4925.00000  0.99%  48.0 4145s
 19345631 32673 infeasible   69      4973.99617 4925.00000  0.99%  48.0 4150s
 19371129 32639 infeasible   68      4973.99617 4925.00000  0.99%  48.0 4155s
 19395957 32582 4925.00000   62   27 4973.99617 4925.00000  0.99%  48.0 4160s
 19416699 32638 infeasible   65      4973.99617 4925.00000  0.99%  48.0 4165s
 19437314 32559 infeasible   71      4973.99617 4925.00000  0.99%  48.0 4170s
 19458852 32441 4925.00000   62   18 4973.99617 4925.00000  0.99%  48.0 4175s
 19481466 32875 infeasible   73      4973.99617 4925.00000  0.99%  48.0 4180s
 19505041 32777 4925.00000   67   32 4973.99617 4925.00000  0.99%  48.0 4185s
 19527530 32687 infeasible   81      4973.99617 4925.00000  0.99%  48.0 4190s
 19551397 32531 4925.00000   64   20 4973.99617 4925.00000  0.99%  48.0 4195s
 19576448 32575 4925.00000   70   27 4973.99617 4925.00000  0.99%  48.0 4200s
 19601304 32574 infeasible   75      4973.99617 4925.00000  0.99%  48.0 4205s
 19626138 32459 4925.00000   73   36 4973.99617 4925.00000  0.99%  48.0 4210s
 19649585 32656 4925.00000   69   36 4973.99617 4925.00000  0.99%  48.0 4215s
 19674273 32562 infeasible   75      4973.99617 4925.00000  0.99%  48.0 4220s
 19695830 32428 4925.00000   72   26 4973.99617 4925.00000  0.99%  48.0 4225s
 19720242 32361 4925.00000   69   28 4973.99617 4925.00000  0.99%  48.0 4230s
 19741935 32336 4925.00000   68   31 4973.99617 4925.00000  0.99%  48.0 4235s
 19763019 32318 4925.00000   69   37 4973.99617 4925.00000  0.99%  48.0 4240s
 19785610 32639 infeasible   76      4973.99617 4925.00000  0.99%  48.0 4245s
 19808876 32641 infeasible   66      4973.99617 4925.00000  0.99%  48.0 4250s
 19831892 32570 4925.00000   66   36 4973.99617 4925.00000  0.99%  48.0 4255s
 19854446 32382 4925.00000   68   33 4973.99617 4925.00000  0.99%  48.0 4260s
 19878363 32400 4925.00000   69   36 4973.99617 4925.00000  0.99%  48.0 4265s
 19899998 32392 infeasible   69      4973.99617 4925.00000  0.99%  48.0 4270s
 19923092 32259 infeasible   70      4973.99617 4925.00000  0.99%  48.0 4275s
 19944474 32256 4925.00000   73   29 4973.99617 4925.00000  0.99%  48.0 4280s
 19966245 32211 infeasible   71      4973.99617 4925.00000  0.99%  48.0 4285s
 19988396 32174 infeasible   79      4973.99617 4925.00000  0.99%  48.0 4290s
 20011284 32232 infeasible   67      4973.99617 4925.00000  0.99%  48.0 4295s
 20035032 32176 infeasible   78      4973.99617 4925.00000  0.99%  48.0 4300s
 20057863 32115 4925.00000   69   50 4973.99617 4925.00000  0.99%  48.0 4305s
 20079087 32118 4925.00000   62   38 4973.99617 4925.00000  0.99%  48.0 4310s
 20100492 32044 4925.00000   64   19 4973.99617 4925.00000  0.99%  48.0 4315s
 20122700 32123 infeasible   69      4973.99617 4925.00000  0.99%  48.0 4320s
 20145405 32062 4925.00000   71   34 4973.99617 4925.00000  0.99%  48.0 4325s
 20165546 32120 4925.00000   73   28 4973.99617 4925.00000  0.99%  48.0 4330s
 20183046 32100 4925.00000   66   33 4973.99617 4925.00000  0.99%  48.0 4335s
 20204767 32067 4925.00000   70   27 4973.99617 4925.00000  0.99%  48.0 4340s
 20227404 32112 infeasible   73      4973.99617 4925.00000  0.99%  48.0 4345s
 20247529 32016 infeasible   74      4973.99617 4925.00000  0.99%  48.0 4350s
 20269392 31951 4925.00000   84   42 4973.99617 4925.00000  0.99%  48.0 4355s
 20291711 32074 infeasible   67      4973.99617 4925.00000  0.99%  48.0 4360s
 20316398 31988 infeasible   69      4973.99617 4925.00000  0.99%  48.0 4365s
 20338394 32059 4925.00000   70   36 4973.99617 4925.00000  0.99%  48.0 4370s
 20362208 32114 4925.00000   60   48 4973.99617 4925.00000  0.99%  48.0 4375s
 20386241 32105 4925.00000   70   30 4973.99617 4925.00000  0.99%  48.0 4380s
 20410126 32185 infeasible   72      4973.99617 4925.00000  0.99%  48.0 4385s
 20435126 31852 4925.00000   78   24 4973.99617 4925.00000  0.99%  48.0 4390s
 20458972 31840 4925.00000   73   28 4973.99617 4925.00000  0.99%  48.0 4395s
 20482273 31851 4925.00000   71   28 4973.99617 4925.00000  0.99%  48.0 4400s
 20504412 31898 4925.00000   65   30 4973.99617 4925.00000  0.99%  48.0 4405s
 20527042 31813 4925.00000   69   38 4973.99617 4925.00000  0.99%  48.0 4410s
 20549545 31764 4925.00000   62   49 4973.99617 4925.00000  0.99%  48.0 4415s
 20569136 31757 infeasible   69      4973.99617 4925.00000  0.99%  48.0 4420s
 20593907 31924 infeasible   72      4973.99617 4925.00000  0.99%  48.0 4425s
 20618479 31804 4925.00000   71   26 4973.99617 4925.00000  0.99%  48.0 4430s
 20643321 31728 infeasible   66      4973.99617 4925.00000  0.99%  48.0 4435s
 20667371 31740 infeasible   64      4973.99617 4925.00000  0.99%  48.0 4440s
 20689003 31770 infeasible   68      4973.99617 4925.00000  0.99%  48.0 4445s
 20711768 31628 4925.00000   71   38 4973.99617 4925.00000  0.99%  48.0 4450s
 20733418 31694 infeasible   71      4973.99617 4925.00000  0.99%  48.0 4455s
 20756163 31738 infeasible   70      4973.99617 4925.00000  0.99%  48.0 4460s
 20779089 31699 infeasible   73      4973.99617 4925.00000  0.99%  48.0 4465s
 20803104 31698 4925.00000   67   38 4973.99617 4925.00000  0.99%  48.0 4470s
 20825703 31871 infeasible   64      4973.99617 4925.00000  0.99%  48.0 4475s
 20847050 31803 infeasible   78      4973.99617 4925.00000  0.99%  48.0 4480s
 20869441 31549 4925.00000   62   43 4973.99617 4925.00000  0.99%  48.0 4485s
 20891464 31684 infeasible   70      4973.99617 4925.00000  0.99%  48.0 4490s
 20914023 31780 4925.00000   75   25 4973.99617 4925.00000  0.99%  48.0 4495s
 20936565 31497 4925.00000   68   19 4973.99617 4925.00000  0.99%  48.0 4500s
 20956163 31480 4925.00000   68   41 4973.99617 4925.00000  0.99%  48.0 4505s
 20979660 31540 infeasible   74      4973.99617 4925.00000  0.99%  48.0 4510s
 21002900 31444 infeasible   73      4973.99617 4925.00000  0.99%  48.0 4515s
 21026754 31695 4925.00000   69   29 4973.99617 4925.00000  0.99%  48.0 4520s
 21047566 31803 4925.00000   71   31 4973.99617 4925.00000  0.99%  48.0 4525s
 21073321 31580 infeasible   71      4973.99617 4925.00000  0.99%  48.0 4530s
 21097306 31394 infeasible   65      4973.99617 4925.00000  0.99%  48.0 4535s
 21119580 31456 4925.00000   68   37 4973.99617 4925.00000  0.99%  48.0 4540s
 21145282 31929 infeasible   86      4973.99617 4925.00000  0.99%  48.0 4545s
 21170388 31799 4925.00000   81   34 4973.99617 4925.00000  0.99%  48.0 4550s
 21195541 31491 4925.00000   69   49 4973.99617 4925.00000  0.99%  48.0 4555s
 21219952 31342 4925.00000   64   26 4973.99617 4925.00000  0.99%  48.0 4560s
 21246065 31437 4925.00000   77   39 4973.99617 4925.00000  0.99%  47.9 4565s
 21271512 31803 infeasible   68      4973.99617 4925.00000  0.99%  47.9 4570s
 21294997 31889 infeasible   75      4973.99617 4925.00000  0.99%  47.9 4575s
 21320603 31551 4925.00000   72   26 4973.99617 4925.00000  0.99%  47.9 4580s
 21347300 31556 infeasible   77      4973.99617 4925.00000  0.99%  47.9 4585s
 21373065 31416 infeasible   76      4973.99617 4925.00000  0.99%  47.9 4590s
 21398664 31479 4925.00000   79   29 4973.99617 4925.00000  0.99%  47.9 4595s
 21422585 31490 4925.00000   65   43 4973.99617 4925.00000  0.99%  47.9 4600s
 21445615 31763 4925.00000   63   37 4973.99617 4925.00000  0.99%  47.9 4605s
 21468815 31516 infeasible   68      4973.99617 4925.00000  0.99%  47.9 4610s
 21491658 31280 4925.00000   75   38 4973.99617 4925.00000  0.99%  47.9 4615s
 21515621 31228 4925.00000   74   24 4973.99617 4925.00000  0.99%  47.9 4620s
 21538573 31237 4925.00000   71   19 4973.99617 4925.00000  0.99%  47.9 4625s
 21560953 31266 4925.00000   70   30 4973.99617 4925.00000  0.99%  47.9 4630s
 21582780 31318 4925.00000   70   32 4973.99617 4925.00000  0.99%  47.9 4635s
 21604336 31125 infeasible   68      4973.99617 4925.00000  0.99%  47.9 4640s
 21626153 31088 4925.00000   70   30 4973.99617 4925.00000  0.99%  47.9 4645s
 21647419 31063 infeasible   79      4973.99617 4925.00000  0.99%  47.9 4650s
 21671747 31311 infeasible   66      4973.99617 4925.00000  0.99%  47.9 4655s
 21688200 31045 4925.00000   69   42 4973.99617 4925.00000  0.99%  47.9 4660s
 21716146 31034 4925.00000   67   36 4973.99617 4925.00000  0.99%  47.8 4665s
 21741952 30986 infeasible   72      4973.99617 4925.00000  0.99%  47.8 4670s
 21763285 31191 infeasible   65      4973.99617 4925.00000  0.99%  47.8 4675s
 21783356 31283 infeasible   66      4973.99617 4925.00000  0.99%  47.9 4680s
 21802523 31158 infeasible   70      4973.99617 4925.00000  0.99%  47.9 4685s
 21822183 30933 4925.00000   69   34 4973.99617 4925.00000  0.99%  47.9 4690s
 21841048 31237 4925.00000   73   38 4973.99617 4925.00000  0.99%  47.9 4695s
 21861287 31207 4925.00000   66   29 4973.99617 4925.00000  0.99%  47.9 4700s
 21881006 30968 infeasible   69      4973.99617 4925.00000  0.99%  47.9 4705s
 21903519 31318 4925.00000   75   31 4973.99617 4925.00000  0.99%  47.9 4710s
 21925144 31097 4925.00000   73   38 4973.99617 4925.00000  0.99%  47.9 4715s
 21946780 30878 infeasible   70      4973.99617 4925.00000  0.99%  47.9 4720s
 21968099 30904 4925.00000   67   32 4973.99617 4925.00000  0.99%  47.9 4725s
 21990197 30836 infeasible   74      4973.99617 4925.00000  0.99%  47.9 4730s
 22010690 30751 infeasible   73      4973.99617 4925.00000  0.99%  47.9 4735s
 22032237 30718 4925.00000   67   22 4973.99617 4925.00000  0.99%  47.9 4740s
 22051719 30861 4925.00000   71   28 4973.99617 4925.00000  0.99%  47.9 4745s
 22072567 31127 infeasible   76      4973.99617 4925.00000  0.99%  47.9 4750s
 22092950 31055 4925.00000   65   37 4973.99617 4925.00000  0.99%  47.9 4755s
 22111679 30870 4925.00000   68   33 4973.99617 4925.00000  0.99%  47.9 4760s
 22132307 30815 4925.00000   72   42 4973.99617 4925.00000  0.99%  47.9 4765s
 22154221 30884 4925.00000   67   29 4973.99617 4925.00000  0.99%  47.9 4770s
 22174950 30761 infeasible   68      4973.99617 4925.00000  0.99%  47.9 4775s
 22194713 30654 4925.00000   66   34 4973.99617 4925.00000  0.99%  47.9 4780s
 22215459 30600 4925.00000   71   42 4973.99617 4925.00000  0.99%  47.9 4785s
 22235361 30746 4925.00000   72   41 4973.99617 4925.00000  0.99%  47.9 4790s
 22257008 30665 infeasible   66      4973.99617 4925.00000  0.99%  47.9 4795s
 22280226 30563 infeasible   73      4973.99617 4925.00000  0.99%  47.9 4800s
 22303585 30497 4925.00000   65   33 4973.99617 4925.00000  0.99%  47.9 4805s
 22324023 30649 infeasible   68      4973.99617 4925.00000  0.99%  47.9 4811s
 22344998 30615 4925.00000   76   44 4973.99617 4925.00000  0.99%  47.9 4815s
 22367266 30651 infeasible   76      4973.99617 4925.00000  0.99%  47.9 4820s
 22389162 30539 infeasible   73      4973.99617 4925.00000  0.99%  47.9 4825s
 22412002 30426 4925.00000   58   30 4973.99617 4925.00000  0.99%  47.9 4830s
 22433568 30359 4925.00000   58   26 4973.99617 4925.00000  0.99%  47.9 4835s
 22455030 30436 infeasible   66      4973.99617 4925.00000  0.99%  47.9 4840s
 22476730 30347 infeasible   71      4973.99617 4925.00000  0.99%  48.0 4845s
 22499843 30396 infeasible   66      4973.99617 4925.00000  0.99%  48.0 4850s
 22523326 30291 4925.00000   64   30 4973.99617 4925.00000  0.99%  47.9 4855s
 22544763 30445 infeasible   69      4973.99617 4925.00000  0.99%  47.9 4860s
 22565323 30292 infeasible   61      4973.99617 4925.00000  0.99%  48.0 4865s
 22586067 30571 4925.00000   63   26 4973.99617 4925.00000  0.99%  48.0 4870s
 22606624 30285 infeasible   71      4973.99617 4925.00000  0.99%  48.0 4875s
 22623579 30179 infeasible   65      4973.99617 4925.00000  0.99%  48.0 4880s
 22644779 30107 4925.00000   69   30 4973.99617 4925.00000  0.99%  48.0 4885s
 22664697 30061 infeasible   69      4973.99617 4925.00000  0.99%  48.0 4890s
 22684422 29958 4925.00000   67   46 4973.99617 4925.00000  0.99%  48.0 4895s
 22705207 30216 4925.00000   67   33 4973.99617 4925.00000  0.99%  48.0 4900s
 22726726 30070 infeasible   64      4973.99617 4925.00000  0.99%  48.0 4905s
 22748546 29891 4925.00000   69   33 4973.99617 4925.00000  0.99%  48.0 4910s
 22771680 29846 infeasible   71      4973.99617 4925.00000  0.99%  48.0 4915s
 22792957 29935 infeasible   75      4973.99617 4925.00000  0.99%  48.0 4920s
 22813029 29831 infeasible   76      4973.99617 4925.00000  0.99%  48.0 4925s
 22836104 29873 infeasible   76      4973.99617 4925.00000  0.99%  48.0 4930s
 22858355 29783 infeasible   71      4973.99617 4925.00000  0.99%  48.0 4935s
 22880495 29734 4925.00000   54   36 4973.99617 4925.00000  0.99%  48.0 4940s
 22901387 29857 4925.00000   72   29 4973.99617 4925.00000  0.99%  48.0 4945s
 22924828 29906 infeasible   75      4973.99617 4925.00000  0.99%  48.0 4950s
 22948241 29838 infeasible   72      4973.99617 4925.00000  0.99%  48.0 4955s
 22971417 29697 4925.00000   76   17 4973.99617 4925.00000  0.99%  48.0 4960s
 22992413 29769 infeasible   69      4973.99617 4925.00000  0.99%  48.0 4965s
 23014782 29819 4925.00000   74   25 4973.99617 4925.00000  0.99%  48.0 4970s
 23036470 29832 4925.00000   78   41 4973.99617 4925.00000  0.99%  48.0 4975s
 23058085 29639 infeasible   83      4973.99617 4925.00000  0.99%  48.0 4980s
 23079261 29688 4925.00000   64   39 4973.99617 4925.00000  0.99%  48.0 4985s
 23102322 29641 4925.00000   70   37 4973.99617 4925.00000  0.99%  47.9 4990s
 23124137 29517 infeasible   80      4973.99617 4925.00000  0.99%  47.9 4995s
 23145422 29773 infeasible   83      4973.99617 4925.00000  0.99%  47.9 5000s
 23166954 29823 4925.00000   74   46 4973.99617 4925.00000  0.99%  47.9 5005s
 23185342 29720 infeasible   88      4973.99617 4925.00000  0.99%  47.9 5010s
 23206841 29562 4925.00000   74   53 4973.99617 4925.00000  0.99%  47.9 5015s
 23228452 29433 infeasible   66      4973.99617 4925.00000  0.99%  47.9 5020s
 23250079 29554 4925.00000   71   29 4973.99617 4925.00000  0.99%  47.9 5025s
 23272883 29469 4925.00000   82   33 4973.99617 4925.00000  0.99%  47.9 5030s
 23294525 29379 4925.00000   84   33 4973.99617 4925.00000  0.99%  47.9 5035s
 23316472 29213 4925.00000   66   48 4973.99617 4925.00000  0.99%  47.9 5040s
 23338929 29526 infeasible   79      4973.99617 4925.00000  0.99%  47.9 5045s
 23361982 29376 infeasible   75      4973.99617 4925.00000  0.99%  47.9 5050s
 23383159 29161 4925.00000   67   27 4973.99617 4925.00000  0.99%  47.9 5055s
 23405074 29084 infeasible   77      4973.99617 4925.00000  0.99%  47.9 5060s
 23426062 29025 infeasible   67      4973.99617 4925.00000  0.99%  47.9 5065s
 23446606 29175 4925.00000   75   36 4973.99617 4925.00000  0.99%  47.9 5070s
 23468848 29617 infeasible   65      4973.99617 4925.00000  0.99%  47.9 5075s
 23490416 29500 infeasible   77      4973.99617 4925.00000  0.99%  47.9 5080s
 23511884 29437 4925.00000   70   36 4973.99617 4925.00000  0.99%  47.9 5085s
 23529071 29329 infeasible   82      4973.99617 4925.00000  0.99%  47.9 5090s
 23549759 29232 infeasible   68      4973.99617 4925.00000  0.99%  47.9 5095s
 23570832 29081 infeasible   71      4973.99617 4925.00000  0.99%  47.9 5100s
 23592718 29005 infeasible   69      4973.99617 4925.00000  0.99%  47.9 5105s
 23614267 28990 4925.00000   73   29 4973.99617 4925.00000  0.99%  47.9 5110s
 23636117 28950 4925.00000   56   17 4973.99617 4925.00000  0.99%  47.9 5115s
 23657116 28948 infeasible   71      4973.99617 4925.00000  0.99%  47.9 5120s
 23677717 28877 infeasible   78      4973.99617 4925.00000  0.99%  47.9 5125s
 23698520 28905 4925.00000   71   34 4973.99617 4925.00000  0.99%  47.9 5130s
 23720745 28787 infeasible   64      4973.99617 4925.00000  0.99%  47.9 5135s
 23742052 28746 infeasible   69      4973.99617 4925.00000  0.99%  47.9 5140s
 23762331 28673 4925.00000   57   22 4973.99617 4925.00000  0.99%  47.9 5145s
 23782707 28577 4925.00000   61   38 4973.99617 4925.00000  0.99%  47.9 5150s
 23805615 28702 4925.00000   67   40 4973.99617 4925.00000  0.99%  47.9 5155s
 23828514 28522 infeasible   69      4973.99617 4925.00000  0.99%  47.9 5160s
 23850158 28619 infeasible   70      4973.99617 4925.00000  0.99%  47.9 5165s
 23871829 28521 4925.00000   54   70 4973.99617 4925.00000  0.99%  47.9 5170s
 23892902 28385 4925.00000   61   33 4973.99617 4925.00000  0.99%  47.9 5175s
 23912360 28261     cutoff   68      4973.99617 4925.00000  0.99%  47.9 5180s
 23932130 28281 infeasible   75      4973.99617 4925.00000  0.99%  47.9 5185s
 23953423 28855 infeasible   59      4973.99617 4953.00000  0.42%  47.9 5190s
 23974624 29357 4953.00000   70   31 4973.99617 4953.00000  0.42%  47.9 5195s
 23994481 29411 infeasible   60      4973.99617 4953.00000  0.42%  47.9 5200s
 24015219 29374 4953.00000   68   36 4973.99617 4953.00000  0.42%  48.0 5205s
 24036715 29349 4953.00000   69   27 4973.99617 4953.00000  0.42%  48.0 5210s
 24057821 29367 infeasible   76      4973.99617 4953.00000  0.42%  47.9 5215s
 24077433 29276 infeasible   70      4973.99617 4953.00000  0.42%  47.9 5220s
 24098557 29250 4953.00000   73   33 4973.99617 4953.00000  0.42%  47.9 5225s
 24119472 29167 infeasible   76      4973.99617 4953.00000  0.42%  47.9 5230s
 24140095 29187 4953.00000   71   31 4973.99617 4953.00000  0.42%  47.9 5235s
 24160733 29129 4953.00000   74   31 4973.99617 4953.00000  0.42%  47.9 5240s
 24182303 29028 4953.00000   68   30 4973.99617 4953.00000  0.42%  47.9 5245s
 24203685 28987 4953.00000   64   22 4973.99617 4953.00000  0.42%  47.9 5250s
 24225556 28958 4953.00000   68   32 4973.99617 4953.00000  0.42%  47.9 5255s
 24247671 28967 infeasible   74      4973.99617 4953.00000  0.42%  47.9 5260s
 24268725 29034 4953.00000   65   28 4973.99617 4953.00000  0.42%  47.9 5265s
 24290351 28873 infeasible   67      4973.99617 4953.00000  0.42%  47.9 5270s
 24311994 28948 infeasible   73      4973.99617 4953.00000  0.42%  47.9 5275s
 24335351 28765 infeasible   79      4973.99617 4953.00000  0.42%  47.9 5280s
 24356336 29112 infeasible   68      4973.99617 4953.00000  0.42%  47.9 5285s
 24377656 29240 infeasible   65      4973.99617 4953.00000  0.42%  47.9 5290s
 24396852 29145 infeasible   72      4973.99617 4953.00000  0.42%  47.9 5295s
 24414378 29131 4953.00000   77   35 4973.99617 4953.00000  0.42%  47.9 5300s
 24434947 28945 infeasible   77      4973.99617 4953.00000  0.42%  47.9 5305s
 24455476 28827 4953.00000   61   13 4973.99617 4953.00000  0.42%  47.9 5310s
 24476352 28825 4953.00000   67   30 4973.99617 4953.00000  0.42%  47.9 5315s
 24496694 28775 4953.00000   73   28 4973.99617 4953.00000  0.42%  47.9 5320s
 24517258 29071 4953.00000   70   29 4973.99617 4953.00000  0.42%  47.9 5325s
 24539260 28905 infeasible   73      4973.99617 4953.00000  0.42%  47.9 5330s
 24560903 28838 infeasible   71      4973.99617 4953.00000  0.42%  47.9 5335s
 24582094 28655 4953.00000   65   29 4973.99617 4953.00000  0.42%  47.9 5340s
 24601120 28696 infeasible   77      4973.99617 4953.00000  0.42%  48.0 5345s
 24622521 28735 4953.00000   61   38 4973.99617 4953.00000  0.42%  48.0 5350s
 24644603 28989 infeasible   77      4973.99617 4953.00000  0.42%  48.0 5355s
 24668129 28861 infeasible   77      4973.99617 4953.00000  0.42%  48.0 5360s
 24689434 28796 4953.00000   63   19 4973.99617 4953.00000  0.42%  48.0 5365s
 24711610 28591 4953.00000   63   29 4973.99617 4953.00000  0.42%  48.0 5370s
 24732633 28705 infeasible   66      4973.99617 4953.00000  0.42%  48.0 5375s
 24752739 28795 4953.00000   65   16 4973.99617 4953.00000  0.42%  48.0 5380s
 24773563 28599 infeasible   78      4973.99617 4953.00000  0.42%  48.0 5385s
 24794251 28696 infeasible   71      4973.99617 4953.00000  0.42%  48.0 5390s
 24814580 28622 infeasible   73      4973.99617 4953.00000  0.42%  48.0 5395s
 24835100 28499 4953.00000   67   22 4973.99617 4953.00000  0.42%  48.0 5400s
 24853919 28519 4953.00000   69   28 4973.99617 4953.00000  0.42%  48.0 5405s
 24875039 28435 infeasible   65      4973.99617 4953.00000  0.42%  48.0 5410s
 24896902 28498 infeasible   64      4973.99617 4953.00000  0.42%  48.0 5415s
 24918969 28585 4953.00000   74   37 4973.99617 4953.00000  0.42%  48.0 5420s
 24941413 28431 infeasible   67      4973.99617 4953.00000  0.42%  48.0 5425s
 24963803 28520 4953.00000   71   25 4973.99617 4953.00000  0.42%  48.0 5430s
 24985271 28410 infeasible   70      4973.99617 4953.00000  0.42%  48.0 5435s
 25007986 28483 infeasible   76      4973.99617 4953.00000  0.42%  48.0 5440s
 25031201 28359 infeasible   71      4973.99617 4953.00000  0.42%  48.0 5445s
 25054042 28411 infeasible   67      4973.99617 4953.00000  0.42%  47.9 5450s
 25074807 28350 4953.00000   78   17 4973.99617 4953.00000  0.42%  47.9 5455s
 25096907 28589 4953.00000   77   32 4973.99617 4953.00000  0.42%  47.9 5460s
 25118164 28490 4953.00000   65   16 4973.99617 4953.00000  0.42%  47.9 5465s
 25139511 28521 4953.00000   63   41 4973.99617 4953.00000  0.42%  47.9 5470s
 25161941 28368 infeasible   75      4973.99617 4953.00000  0.42%  47.9 5475s
 25182617 28311 4953.00000   67   42 4973.99617 4953.00000  0.42%  47.9 5480s
 25203862 28248 infeasible   76      4973.99617 4953.00000  0.42%  47.9 5485s
 25225450 28217 infeasible   69      4973.99617 4953.00000  0.42%  47.9 5490s
 25247318 28329 infeasible   74      4973.99617 4953.00000  0.42%  47.9 5495s
 25270792 28328 infeasible   78      4973.99617 4953.00000  0.42%  47.9 5500s
 25294173 28179 infeasible   73      4973.99617 4953.00000  0.42%  47.9 5505s
 25316606 28346 4953.00000   69   50 4973.99617 4953.00000  0.42%  47.9 5510s
 25339873 28188 infeasible   75      4973.99617 4953.00000  0.42%  47.9 5515s
 25361919 28219 4953.00000   64   35 4973.99617 4953.00000  0.42%  47.9 5520s
 25383182 28074 infeasible   65      4973.99617 4953.00000  0.42%  47.9 5525s
 25401052 28343 infeasible   67      4973.99617 4953.00000  0.42%  47.9 5530s
 25420813 28416 4953.00000   68   31 4973.99617 4953.00000  0.42%  47.9 5535s
 25440985 28231 4953.00000   68   45 4973.99617 4953.00000  0.42%  47.9 5540s
 25461383 28213 infeasible   64      4973.99617 4953.00000  0.42%  47.9 5545s
 25482677 28070 infeasible   73      4973.99617 4953.00000  0.42%  47.9 5550s
 25503194 28105 infeasible   67      4973.99617 4953.00000  0.42%  47.9 5555s
 25526238 28072 infeasible   67      4973.99617 4953.00000  0.42%  47.9 5560s
 25548550 28067 infeasible   68      4973.99617 4953.00000  0.42%  47.9 5565s
 25569532 28202 4953.00000   66   36 4973.99617 4953.00000  0.42%  47.9 5570s
 25591955 28669 4953.00000   71   41 4973.99617 4953.00000  0.42%  47.9 5575s
 25612381 28558 4953.00000   63   50 4973.99617 4953.00000  0.42%  47.9 5580s
 25634814 28473 4953.00000   61   27 4973.99617 4953.00000  0.42%  47.9 5585s
 25656853 28414 infeasible   72      4973.99617 4953.00000  0.42%  47.9 5590s
 25679157 28283 4953.00000   72   36 4973.99617 4953.00000  0.42%  47.9 5595s
 25701128 28161 4953.00000   66   39 4973.99617 4953.00000  0.42%  47.9 5600s
 25723420 28046 infeasible   66      4973.99617 4953.00000  0.42%  47.9 5605s
 25744419 28228 4953.00000   73   17 4973.99617 4953.00000  0.42%  47.9 5610s
 25766585 28497 infeasible   68      4973.99617 4953.00000  0.42%  47.9 5615s
 25787200 28385 infeasible   75      4973.99617 4953.00000  0.42%  47.9 5620s
 25810890 28120 infeasible   67      4973.99617 4953.00000  0.42%  47.9 5625s
 25831167 27961 infeasible   74      4973.99617 4953.00000  0.42%  47.9 5630s
 25852010 27984 infeasible   81      4973.99617 4953.00000  0.42%  47.9 5635s
 25874062 27964 infeasible   76      4973.99617 4953.00000  0.42%  47.9 5640s
 25896049 28042 infeasible   75      4973.99617 4953.00000  0.42%  47.9 5645s
 25918988 27877 4953.00000   63   33 4973.99617 4953.00000  0.42%  47.9 5650s
 25942405 27909 4953.00000   67   46 4973.99617 4953.00000  0.42%  47.9 5655s
 25963075 27841 4953.00000   73   47 4973.99617 4953.00000  0.42%  47.9 5660s
 25986148 27916 4953.00000   67   30 4973.99617 4953.00000  0.42%  47.9 5665s
 26004001 27904 infeasible   66      4973.99617 4953.00000  0.42%  47.9 5670s
 26026135 28122 4953.00000   61   34 4973.99617 4953.00000  0.42%  47.9 5675s
 26048085 27900 4953.00000   58   25 4973.99617 4953.00000  0.42%  47.9 5680s
 26068856 27910 4953.00000   62   23 4973.99617 4953.00000  0.42%  47.9 5685s
 26090556 27952 4953.00000   75   30 4973.99617 4953.00000  0.42%  47.9 5690s
 26111982 27880 infeasible   76      4973.99617 4953.00000  0.42%  47.9 5695s
 26134360 27931 infeasible   66      4973.99617 4953.00000  0.42%  47.9 5700s
 26156948 27750 infeasible   74      4973.99617 4953.00000  0.42%  47.9 5705s
 26178454 27754 infeasible   83      4973.99617 4953.00000  0.42%  47.9 5710s
 26200271 27798 infeasible   73      4973.99617 4953.00000  0.42%  47.9 5715s
 26223205 28125 4953.00000   62   41 4973.99617 4953.00000  0.42%  47.9 5720s
 26247212 27854 infeasible   72      4973.99617 4953.00000  0.42%  47.9 5725s
 26270568 27860 4953.00000   68   43 4973.99617 4953.00000  0.42%  47.9 5730s
 26292861 27712 4953.00000   65   31 4973.99617 4953.00000  0.42%  47.9 5735s
 26313372 27687 4953.00000   63   29 4973.99617 4953.00000  0.42%  47.9 5740s
 26335346 27790 infeasible   66      4973.99617 4953.00000  0.42%  47.9 5745s
 26347867 27741 4953.00000   66   40 4973.99617 4953.00000  0.42%  47.9 5750s
 26375698 27751 infeasible   70      4973.99617 4953.00000  0.42%  47.9 5755s
 26397084 27742 infeasible   73      4973.99617 4953.00000  0.42%  47.9 5760s
 26418938 27661 4953.00000   70   35 4973.99617 4953.00000  0.42%  47.9 5765s
 26440676 28050 infeasible   77      4973.99617 4953.00000  0.42%  47.9 5770s
 26463517 28053 infeasible   80      4973.99617 4953.00000  0.42%  47.9 5775s
 26486173 27956 4953.00000   70   44 4973.99617 4953.00000  0.42%  47.9 5780s
 26509270 27854 4953.00000   73   37 4973.99617 4953.00000  0.42%  47.9 5785s
 26532149 27807 infeasible   77      4973.99617 4953.00000  0.42%  47.9 5790s
 26556062 27798 4953.00000   79   35 4973.99617 4953.00000  0.42%  47.8 5795s
 26579185 27689 infeasible   67      4973.99617 4953.00000  0.42%  47.8 5800s
 26601760 27788 infeasible   69      4973.99617 4953.00000  0.42%  47.8 5805s
 26626031 27770 4953.00000   57   41 4973.99617 4953.00000  0.42%  47.8 5810s
 26649283 27632 infeasible   75      4973.99617 4953.00000  0.42%  47.8 5815s
 26671495 27855 4953.00000   77   25 4973.99617 4953.00000  0.42%  47.8 5820s
 26695572 27820 4953.00000   75   32 4973.99617 4953.00000  0.42%  47.8 5825s
 26719106 27706 4953.00000   60   19 4973.99617 4953.00000  0.42%  47.8 5830s
 26740857 27966 infeasible   67      4973.99617 4953.00000  0.42%  47.8 5835s
 26764242 27868 4953.00000   70   34 4973.99617 4953.00000  0.42%  47.8 5840s
 26785973 27679 4953.00000   80   32 4973.99617 4953.00000  0.42%  47.8 5845s
 26810403 27775 infeasible   71      4973.99617 4953.00000  0.42%  47.8 5850s
 26832808 27643 4953.00000   64   37 4973.99617 4953.00000  0.42%  47.8 5855s
 26855520 27967 4953.00000   59   42 4973.99617 4953.00000  0.42%  47.8 5860s
 26878233 28079 4953.00000   72   43 4973.99617 4953.00000  0.42%  47.8 5865s
 26901479 27723 infeasible   82      4973.99617 4953.00000  0.42%  47.8 5870s
 26924631 27684 infeasible   70      4973.99617 4953.00000  0.42%  47.8 5875s
 26947706 27642 4953.00000   66   33 4973.99617 4953.00000  0.42%  47.8 5880s
 26969603 27571 4953.00000   74   28 4973.99617 4953.00000  0.42%  47.8 5885s
 26989705 27632 infeasible   74      4973.99617 4953.00000  0.42%  47.8 5890s
 27012289 27744 4953.00000   75   19 4973.99617 4953.00000  0.42%  47.8 5895s
 27035874 27487 infeasible   62      4973.99617 4953.00000  0.42%  47.8 5900s
 27057542 27895 infeasible   65      4973.99617 4953.00000  0.42%  47.8 5905s
 27079805 27825 4953.00000   65   27 4973.99617 4953.00000  0.42%  47.8 5910s
 27101782 27736 infeasible   76      4973.99617 4953.00000  0.42%  47.7 5915s
 27123775 27730 infeasible   72      4973.99617 4953.00000  0.42%  47.7 5920s
 27146240 27625 infeasible   74      4973.99617 4953.00000  0.42%  47.7 5925s
 27168643 27543 infeasible   72      4973.99617 4953.00000  0.42%  47.7 5930s
 27191757 27561 infeasible   79      4973.99617 4953.00000  0.42%  47.7 5935s
 27214431 27487 4953.00000   55   26 4973.99617 4953.00000  0.42%  47.7 5940s
 27236912 27603 infeasible   67      4973.99617 4953.00000  0.42%  47.7 5945s
 27259954 27669 infeasible   63      4973.99617 4953.00000  0.42%  47.7 5950s
 27283203 27543 4953.00000   66   18 4973.99617 4953.00000  0.42%  47.7 5955s
 27307919 27458 4953.00000   71   38 4973.99617 4953.00000  0.42%  47.7 5960s
 27330288 27413 4953.00000   63   45 4973.99617 4953.00000  0.42%  47.7 5965s
 27353356 27596 infeasible   77      4973.99617 4953.00000  0.42%  47.7 5970s
 27375766 27343 infeasible   66      4973.99617 4953.00000  0.42%  47.7 5975s
 27397363 27385 infeasible   72      4973.99617 4953.00000  0.42%  47.7 5980s
 27419607 27340 infeasible   74      4973.99617 4953.00000  0.42%  47.7 5985s
 27437220 27313 4953.00000   69   41 4973.99617 4953.00000  0.42%  47.7 5990s
 27459641 27356 4953.00000   62   24 4973.99617 4953.00000  0.42%  47.7 5995s
 27481118 27534 infeasible   64      4973.99617 4953.00000  0.42%  47.7 6000s
 27502981 27462 infeasible   64      4973.99617 4953.00000  0.42%  47.7 6005s
 27522776 27455 4953.00000   66   39 4973.99617 4953.00000  0.42%  47.7 6010s
 27543052 27281 4953.00000   68   35 4973.99617 4953.00000  0.42%  47.7 6015s
 27564420 27352 4953.00000   63   41 4973.99617 4953.00000  0.42%  47.7 6020s
 27586248 27361 4953.00000   67   17 4973.99617 4953.00000  0.42%  47.7 6025s
 27608442 27264 infeasible   67      4973.99617 4953.00000  0.42%  47.7 6030s
 27630765 27397 4953.00000   61   29 4973.99617 4953.00000  0.42%  47.7 6035s
 27653567 27269 infeasible   72      4973.99617 4953.00000  0.42%  47.7 6040s
 27675774 27383 4953.00000   58   36 4973.99617 4953.00000  0.42%  47.7 6045s
 27700860 27434 infeasible   76      4973.99617 4953.00000  0.42%  47.7 6050s
 27723912 27199 infeasible   74      4973.99617 4953.00000  0.42%  47.7 6055s
 27746552 27140 infeasible   73      4973.99617 4953.00000  0.42%  47.7 6060s
 27768020 27181 infeasible   70      4973.99617 4953.00000  0.42%  47.7 6065s
 27790038 27266 infeasible   73      4973.99617 4953.00000  0.42%  47.7 6070s
 27812978 27186 4953.00000   66   35 4973.99617 4953.00000  0.42%  47.7 6075s
 27836259 27211 infeasible   74      4973.99617 4953.00000  0.42%  47.7 6080s
 27859320 27138 4953.00000   71   43 4973.99617 4953.00000  0.42%  47.7 6085s
 27879336 27126 4953.00000   67   34 4973.99617 4953.00000  0.42%  47.7 6090s
 27902102 27128 infeasible   74      4973.99617 4953.00000  0.42%  47.7 6095s
 27923846 27081 4953.00000   67   38 4973.99617 4953.00000  0.42%  47.7 6100s
 27944290 27100 infeasible   72      4973.99617 4953.00000  0.42%  47.7 6105s
 27965731 27170 4953.00000   70   40 4973.99617 4953.00000  0.42%  47.7 6110s
 27983261 27018 infeasible   76      4973.99617 4953.00000  0.42%  47.7 6115s
 28005657 27031 infeasible   62      4973.99617 4953.00000  0.42%  47.7 6120s
 28026717 26962 infeasible   69      4973.99617 4953.00000  0.42%  47.7 6125s
 28049321 27176 4953.00000   59   22 4973.99617 4953.00000  0.42%  47.7 6130s
 28072282 26917 4953.00000   74   35 4973.99617 4953.00000  0.42%  47.7 6135s
 28094364 26996 4953.00000   72   27 4973.99617 4953.00000  0.42%  47.7 6140s
 28116557 26966 4953.00000   64   33 4973.99617 4953.00000  0.42%  47.7 6145s
 28137641 27129 4953.00000   64   35 4973.99617 4953.00000  0.42%  47.7 6150s
 28160475 27041 4953.00000   73   25 4973.99617 4953.00000  0.42%  47.7 6155s
 28182399 26960 4953.00000   69   15 4973.99617 4953.00000  0.42%  47.7 6160s
 28204904 26873 4953.00000   66   19 4973.99617 4953.00000  0.42%  47.7 6165s
 28226629 27279 infeasible   73      4973.99617 4953.00000  0.42%  47.7 6170s
 28248798 27299 4953.00000   71   31 4973.99617 4953.00000  0.42%  47.7 6175s
 28269928 27224 infeasible   68      4973.99617 4953.00000  0.42%  47.7 6180s
 28292439 27128 4953.00000   66   33 4973.99617 4953.00000  0.42%  47.7 6185s
 28315789 27080 4953.00000   71   34 4973.99617 4953.00000  0.42%  47.7 6190s
 28334255 27058 infeasible   66      4973.99617 4953.00000  0.42%  47.7 6195s
 28354810 26839 infeasible   66      4973.99617 4953.00000  0.42%  47.7 6200s
 28376725 26907 infeasible   74      4973.99617 4953.00000  0.42%  47.7 6205s
 28397750 26846 4953.00000   61   33 4973.99617 4953.00000  0.42%  47.7 6210s
 28419243 26842 infeasible   64      4973.99617 4953.00000  0.42%  47.7 6215s
 28439752 26946 4953.00000   63   39 4973.99617 4953.00000  0.42%  47.7 6220s
 28460717 26844 infeasible   63      4973.99617 4953.00000  0.42%  47.7 6225s
 28482565 26869 4953.00000   60   13 4973.99617 4953.00000  0.42%  47.7 6230s
 28505011 26949 4953.00000   73   26 4973.99617 4953.00000  0.42%  47.7 6235s
 28526269 26982 4953.00000   65   34 4973.99617 4953.00000  0.42%  47.7 6240s
 28548394 26916 4953.00000   68   30 4973.99617 4953.00000  0.42%  47.7 6245s
 28571088 26839 infeasible   72      4973.99617 4953.00000  0.42%  47.7 6250s
 28592082 26920 infeasible   66      4973.99617 4953.00000  0.42%  47.7 6255s
 28614250 26798 infeasible   67      4973.99617 4953.00000  0.42%  47.7 6260s
 28635253 26876 4953.00000   68   29 4973.99617 4953.00000  0.42%  47.7 6265s
 28653402 26758 infeasible   65      4973.99617 4953.00000  0.42%  47.7 6270s
 28671952 26720 4953.00000   71   32 4973.99617 4953.00000  0.42%  47.7 6275s
 28693954 26808 infeasible   74      4973.99617 4953.00000  0.42%  47.7 6280s
 28714475 26704 infeasible   73      4973.99617 4953.00000  0.42%  47.7 6285s
 28737298 26887 4953.00000   62   32 4973.99617 4953.00000  0.42%  47.7 6290s
 28757862 26779 infeasible   66      4973.99617 4953.00000  0.42%  47.7 6295s
 28781532 26729 infeasible   67      4973.99617 4953.00000  0.42%  47.7 6300s
 28804806 26769 4953.00000   68   40 4973.99617 4953.00000  0.42%  47.7 6305s
 28829425 26603 infeasible   64      4973.99617 4953.00000  0.42%  47.7 6310s
 28853004 26747 4953.00000   62   33 4973.99617 4953.00000  0.42%  47.7 6315s
 28875667 26621 4953.00000   65   11 4973.99617 4953.00000  0.42%  47.7 6320s
 28897088 26631 4953.00000   69   28 4973.99617 4953.00000  0.42%  47.7 6325s
 28920719 26587 4953.00000   65   37 4973.99617 4953.00000  0.42%  47.7 6330s
 28943568 26622 infeasible   78      4973.99617 4953.00000  0.42%  47.7 6335s
 28965576 26513 4953.00000   64   36 4973.99617 4953.00000  0.42%  47.7 6340s
 28975420 26459 infeasible   74      4973.99617 4953.00000  0.42%  47.7 6345s
 29003879 26914 4953.00000   63   52 4973.99617 4953.00000  0.42%  47.7 6350s
 29024219 27001 4953.00000   68   28 4973.99617 4953.00000  0.42%  47.7 6355s
 29045567 27115 infeasible   75      4973.99617 4953.00000  0.42%  47.7 6360s
 29069677 27104 4953.00000   61   40 4973.99617 4953.00000  0.42%  47.7 6365s
 29096037 27074 4953.00000   74   43 4973.99617 4953.00000  0.42%  47.7 6370s
 29118123 26842 4953.00000   72   39 4973.99617 4953.00000  0.42%  47.7 6375s
 29140349 26640 4953.00000   68   36 4973.99617 4953.00000  0.42%  47.7 6380s
 29161154 26509 4953.00000   64   25 4973.99617 4953.00000  0.42%  47.7 6385s
 29181729 26440 4953.00000   71   33 4973.99617 4953.00000  0.42%  47.7 6390s
 29203749 26511 infeasible   78      4973.99617 4953.00000  0.42%  47.7 6395s
 29225813 26670 infeasible   72      4973.99617 4953.00000  0.42%  47.7 6400s
 29249084 26613 4953.00000   64   45 4973.99617 4953.00000  0.42%  47.7 6405s
 29272615 26525 4953.00000   73   33 4973.99617 4953.00000  0.42%  47.7 6410s
 29296623 26417 4953.00000   71   38 4973.99617 4953.00000  0.42%  47.7 6415s
 29318509 26580 infeasible   76      4973.99617 4953.00000  0.42%  47.7 6420s
 29342037 26422 4953.00000   74   44 4973.99617 4953.00000  0.42%  47.7 6425s
 29365044 26420 infeasible   67      4973.99617 4953.00000  0.42%  47.7 6430s
 29387921 26590 4953.00000   62   32 4973.99617 4953.00000  0.42%  47.7 6435s
 29409251 26465 4953.00000   64   39 4973.99617 4953.00000  0.42%  47.7 6440s
 29428587 26340 4953.00000   70   36 4973.99617 4953.00000  0.42%  47.7 6445s
 29450966 26412 infeasible   74      4973.99617 4953.00000  0.42%  47.7 6450s
 29472284 26333 infeasible   67      4973.99617 4953.00000  0.42%  47.7 6455s
 29494615 26418 4953.00000   72   47 4973.99617 4953.00000  0.42%  47.7 6460s
 29516066 26505 infeasible   69      4973.99617 4953.00000  0.42%  47.7 6465s
 29537580 26297 infeasible   68      4973.99617 4953.00000  0.42%  47.7 6470s
 29559949 26295 infeasible   70      4973.99617 4953.00000  0.42%  47.7 6475s
 29581741 26333 4953.00000   76   33 4973.99617 4953.00000  0.42%  47.7 6480s
 29604428 26577 infeasible   71      4973.99617 4953.00000  0.42%  47.6 6485s
 29625481 26549 infeasible   78      4973.99617 4953.00000  0.42%  47.6 6490s
 29647553 26363 4953.00000   76   31 4973.99617 4953.00000  0.42%  47.6 6495s
 29670644 26277 4953.00000   80   40 4973.99617 4953.00000  0.42%  47.6 6500s
 29692212 26491 infeasible   71      4973.99617 4953.00000  0.42%  47.6 6505s
 29714467 26452 4953.00000   69   27 4973.99617 4953.00000  0.42%  47.6 6510s
 29736203 26355 infeasible   66      4973.99617 4953.00000  0.42%  47.6 6515s
 29757831 26218 4953.00000   78   35 4973.99617 4953.00000  0.42%  47.6 6520s
 29779673 26225 infeasible   64      4973.99617 4953.00000  0.42%  47.6 6525s
 29801286 26231 4953.00000   65   43 4973.99617 4953.00000  0.42%  47.6 6530s
 29821081 26178 4953.00000   67   43 4973.99617 4953.00000  0.42%  47.6 6535s
 29842813 26313 4953.00000   81   34 4973.99617 4953.00000  0.42%  47.6 6540s
 29866557 26223 4953.00000   76   43 4973.99617 4953.00000  0.42%  47.6 6545s
 29888469 26387 infeasible   72      4973.99617 4953.00000  0.42%  47.6 6550s
 29908817 26264 4953.00000   68   40 4973.99617 4953.00000  0.42%  47.6 6555s
 29931053 26224 infeasible   90      4973.99617 4953.00000  0.42%  47.6 6560s
 29952967 26183 4953.00000   75   36 4973.99617 4953.00000  0.42%  47.6 6565s
 29974112 26160 4953.00000   69   34 4973.99617 4953.00000  0.42%  47.6 6570s
 29997083 26164 infeasible   72      4973.99617 4953.00000  0.42%  47.6 6575s
 30018035 26042 4953.00000   66   38 4973.99617 4953.00000  0.42%  47.6 6580s
 30040653 26141 4953.00000   74   24 4973.99617 4953.00000  0.42%  47.6 6585s
 30064339 26055 4953.00000   62   27 4973.99617 4953.00000  0.42%  47.6 6590s
 30085887 25971 infeasible   71      4973.99617 4953.00000  0.42%  47.6 6595s
 30107870 25960 infeasible   72      4973.99617 4953.00000  0.42%  47.6 6600s
 30130641 25907 4953.00000   68   35 4973.99617 4953.00000  0.42%  47.6 6605s
 30153490 25956 infeasible   68      4973.99617 4953.00000  0.42%  47.6 6610s
 30171140 26028 4953.00000   70   34 4973.99617 4953.00000  0.42%  47.6 6615s
 30194237 25885 4953.00000   75   37 4973.99617 4953.00000  0.42%  47.6 6620s
 30214917 25926 4953.00000   60   17 4973.99617 4953.00000  0.42%  47.6 6625s
 30235742 25855 4953.00000   71   27 4973.99617 4953.00000  0.42%  47.6 6630s
 30257277 25825 infeasible   68      4973.99617 4953.00000  0.42%  47.6 6635s
 30279241 25827 infeasible   69      4973.99617 4953.00000  0.42%  47.6 6640s
 30303789 25847 infeasible   72      4973.99617 4953.00000  0.42%  47.6 6645s
 30327390 26025 4953.00000   72   20 4973.99617 4953.00000  0.42%  47.6 6650s
 30350432 25871 4953.00000   65   22 4973.99617 4953.00000  0.42%  47.6 6655s
 30373853 25766 infeasible   77      4973.99617 4953.00000  0.42%  47.6 6660s
 30396258 25693 4953.00000   68   27 4973.99617 4953.00000  0.42%  47.6 6665s
 30417512 25707 4953.00000   63   14 4973.99617 4953.00000  0.42%  47.6 6670s
 30440211 25836 4953.00000   75   31 4973.99617 4953.00000  0.42%  47.6 6675s
 30464356 25820 4953.00000   78   33 4973.99617 4953.00000  0.42%  47.6 6680s
 30487650 25746 4953.00000   65   34 4973.99617 4953.00000  0.42%  47.6 6685s
 30510224 25695 4953.00000   67   30 4973.99617 4953.00000  0.42%  47.6 6690s
 30532434 25760 4953.00000   57   40 4973.99617 4953.00000  0.42%  47.6 6695s
 30553244 25796 infeasible   68      4973.99617 4953.00000  0.42%  47.6 6700s
 30572184 25708 infeasible   72      4973.99617 4953.00000  0.42%  47.6 6705s
 30593924 25810 infeasible   71      4973.99617 4953.00000  0.42%  47.6 6710s
 30614588 26456 infeasible   77      4973.99617 4953.00000  0.42%  47.6 6715s
 30635618 26618 4953.00000   78   29 4973.99617 4953.00000  0.42%  47.6 6720s
 30657146 26951 4953.00000   69   33 4973.99617 4953.00000  0.42%  47.6 6725s
 30678139 26783 4953.00000   70   37 4973.99617 4953.00000  0.42%  47.6 6730s
 30698733 26634 4953.00000   82   41 4973.99617 4953.00000  0.42%  47.6 6735s
 30719064 26455 4953.00000   76   36 4973.99617 4953.00000  0.42%  47.6 6740s
 30740870 26446 infeasible   70      4973.99617 4953.00000  0.42%  47.6 6745s
 30759568 26422 4953.00000   74   29 4973.99617 4953.00000  0.42%  47.6 6750s
 30780354 26362 infeasible   74      4973.99617 4953.00000  0.42%  47.6 6755s
 30800974 26338 infeasible   72      4973.99617 4953.00000  0.42%  47.6 6760s
 30820856 26345 infeasible   76      4973.99617 4953.00000  0.42%  47.6 6765s
 30841498 26455 4953.00000   78   31 4973.99617 4953.00000  0.42%  47.7 6770s
 30864232 26498 4953.00000   72   41 4973.99617 4953.00000  0.42%  47.7 6775s
 30885956 26308 4953.00000   72   43 4973.99617 4953.00000  0.42%  47.7 6780s
 30906808 26265 infeasible   74      4973.99617 4953.00000  0.42%  47.7 6785s
 30928895 26169 4953.00000   73   34 4973.99617 4953.00000  0.42%  47.7 6790s
 30949842 26026 4953.00000   76   36 4973.99617 4953.00000  0.42%  47.7 6795s
 30970804 26067 4953.00000   71   43 4973.99617 4953.00000  0.42%  47.7 6800s
 30990696 25996 4953.00000   58   41 4973.99617 4953.00000  0.42%  47.7 6805s
 31011410 25995 infeasible   73      4973.99617 4953.00000  0.42%  47.7 6810s
 31031081 25933 4953.00000   73   33 4973.99617 4953.00000  0.42%  47.7 6815s
 31051945 26117 infeasible   77      4973.99617 4953.00000  0.42%  47.7 6820s
 31073680 26191 infeasible   65      4973.99617 4953.00000  0.42%  47.7 6825s
 31096070 25978 infeasible   77      4973.99617 4953.00000  0.42%  47.7 6830s
 31114451 25891 4953.00000   75   42 4973.99617 4953.00000  0.42%  47.7 6835s
 31135498 25887 infeasible   70      4973.99617 4953.00000  0.42%  47.7 6840s
 31156444 25898 4953.00000   70   45 4973.99617 4953.00000  0.42%  47.7 6845s
 31177909 25954 4953.00000   68   18 4973.99617 4953.00000  0.42%  47.7 6850s
 31199436 25899 4953.00000   73   35 4973.99617 4953.00000  0.42%  47.7 6855s
 31219721 25717 4953.00000   82   37 4973.99617 4953.00000  0.42%  47.7 6860s
 31240520 25698 4953.00000   71   35 4973.99617 4953.00000  0.42%  47.7 6865s
 31261880 25678 infeasible   66      4973.99617 4953.00000  0.42%  47.7 6870s
 31281971 25761 4953.00000   71   43 4973.99617 4953.00000  0.42%  47.7 6875s
 31303692 25688 infeasible   69      4973.99617 4953.00000  0.42%  47.7 6880s
 31323217 25874 infeasible   77      4973.99617 4953.00000  0.42%  47.7 6885s
 31343840 25688 4953.00000   75   46 4973.99617 4953.00000  0.42%  47.7 6890s
 31364326 25631 infeasible   65      4973.99617 4953.00000  0.42%  47.7 6895s
 31386114 25843 4953.00000   64   26 4973.99617 4953.00000  0.42%  47.7 6900s
 31409393 25725 4953.00000   72   38 4973.99617 4953.00000  0.42%  47.7 6905s
 31431311 25649 4953.00000   69   40 4973.99617 4953.00000  0.42%  47.7 6910s
 31452401 25525 infeasible   65      4973.99617 4953.00000  0.42%  47.7 6915s
 31475895 25524 4953.00000   71   28 4973.99617 4953.00000  0.42%  47.7 6920s
 31498164 25516 4953.00000   79   40 4973.99617 4953.00000  0.42%  47.7 6925s
 31518273 25618 infeasible   65      4973.99617 4953.00000  0.42%  47.7 6930s
 31539097 25634 4953.00000   73   50 4973.99617 4953.00000  0.42%  47.7 6935s
 31558612 25573 infeasible   68      4973.99617 4953.00000  0.42%  47.7 6940s
 31580466 25571 infeasible   71      4973.99617 4953.00000  0.42%  47.7 6945s
 31600996 25551 4953.00000   73   32 4973.99617 4953.00000  0.42%  47.7 6950s
 31622216 25415 4953.00000   66   31 4973.99617 4953.00000  0.42%  47.7 6955s
 31643621 25587 infeasible   75      4973.99617 4953.00000  0.42%  47.7 6960s
 31664993 25505 infeasible   63      4973.99617 4953.00000  0.42%  47.7 6965s
 31686630 25522 4953.00000   70   28 4973.99617 4953.00000  0.42%  47.7 6970s
 31705054 25485 4953.00000   66   25 4973.99617 4953.00000  0.42%  47.7 6975s
 31727220 25457 infeasible   74      4973.99617 4953.00000  0.42%  47.7 6980s
 31749255 25671 infeasible   69      4973.99617 4953.00000  0.42%  47.7 6985s
 31771793 25602 4953.00000   77   30 4973.99617 4953.00000  0.42%  47.7 6990s
 31795572 25453 4953.00000   74   31 4973.99617 4953.00000  0.42%  47.7 6995s
 31816649 25388 4953.00000   77   50 4973.99617 4953.00000  0.42%  47.7 7000s
 31838548 25454 infeasible   73      4973.99617 4953.00000  0.42%  47.7 7005s
 31859208 25469 infeasible   68      4973.99617 4953.00000  0.42%  47.7 7010s
 31883111 25382 4953.00000   76   34 4973.99617 4953.00000  0.42%  47.7 7015s
 31905958 25416 infeasible   70      4973.99617 4953.00000  0.42%  47.7 7020s
 31928097 25359 infeasible   70      4973.99617 4953.00000  0.42%  47.7 7025s
 31951995 25483 infeasible   63      4973.99617 4953.00000  0.42%  47.7 7030s
 31974457 25327 4953.00000   71   36 4973.99617 4953.00000  0.42%  47.7 7035s
 31997618 25660 infeasible   81      4973.99617 4953.00000  0.42%  47.7 7040s
 32020632 25596 4953.00000   72   38 4973.99617 4953.00000  0.42%  47.7 7045s
 32043502 25289 4953.00000   79   35 4973.99617 4953.00000  0.42%  47.7 7050s
 32060633 25336 4953.00000   73   36 4973.99617 4953.00000  0.42%  47.7 7055s
 32083192 25378 infeasible   70      4973.99617 4953.00000  0.42%  47.7 7060s
 32104323 25406 infeasible   73      4973.99617 4953.00000  0.42%  47.7 7065s
 32128755 25461 infeasible   74      4973.99617 4953.00000  0.42%  47.7 7070s
 32150510 25496 4953.00000   69   35 4973.99617 4953.00000  0.42%  47.7 7075s
 32173553 25252 infeasible   69      4973.99617 4953.00000  0.42%  47.7 7080s
 32196583 25274 4953.00000   67   23 4973.99617 4953.00000  0.42%  47.7 7085s
 32219240 25244 infeasible   85      4973.99617 4953.00000  0.42%  47.7 7090s
 32240863 25317 infeasible   74      4973.99617 4953.00000  0.42%  47.7 7095s
 32260611 25215 4953.00000   67   21 4973.99617 4953.00000  0.42%  47.7 7100s
 32280397 25225 4953.00000   71   29 4973.99617 4953.00000  0.42%  47.7 7105s
 32301543 25403 infeasible   75      4973.99617 4953.00000  0.42%  47.7 7110s
 32322562 25275 4953.00000   67   28 4973.99617 4953.00000  0.42%  47.7 7115s
 32343522 25222 infeasible   74      4973.99617 4953.00000  0.42%  47.7 7120s
 32365250 25242 4953.00000   71   32 4973.99617 4953.00000  0.42%  47.7 7125s
 32388336 25191 infeasible   71      4973.99617 4953.00000  0.42%  47.7 7130s
 32410253 25422 infeasible   69      4973.99617 4953.00000  0.42%  47.7 7135s
 32433638 25299 infeasible   77      4973.99617 4953.00000  0.42%  47.7 7140s
 32456070 25187 infeasible   78      4973.99617 4953.00000  0.42%  47.7 7145s
 32478844 25101 infeasible   74      4973.99617 4953.00000  0.42%  47.7 7150s
 32499881 25274 infeasible   64      4973.99617 4953.00000  0.42%  47.7 7155s
 32523519 25324 4953.00000   77   30 4973.99617 4953.00000  0.42%  47.7 7160s
 32545433 25306 4953.00000   72   36 4973.99617 4953.00000  0.42%  47.7 7165s
 32566307 25133 infeasible   71      4973.99617 4953.00000  0.42%  47.7 7170s
 32588954 25136 infeasible   64      4973.99617 4953.00000  0.42%  47.7 7175s
 32611998 25082 4953.00000   65   34 4973.99617 4953.00000  0.42%  47.7 7180s
 32635753 25057 infeasible   74      4973.99617 4953.00000  0.42%  47.7 7185s
 32658578 25155 4953.00000   73   38 4973.99617 4953.00000  0.42%  47.7 7190s
 32681232 25046 4953.00000   75   36 4973.99617 4953.00000  0.42%  47.7 7195s
 32704346 25073 infeasible   73      4973.99617 4953.00000  0.42%  47.7 7200s

Cutting planes:
  Learned: 7
  Cover: 3
  Implied bound: 4
  Projected implied bound: 3
  MIR: 3
  Mixing: 1
  Flow cover: 37
  Inf proof: 2
  RLT: 5
  Relax-and-lift: 2

Explored 32704599 nodes (1559485191 simplex iterations) in 7200.01 seconds (12849.21 work units)
Thread count was 8 (of 192 available processors)

Solution count 10: 4974 4974 4974 ... 13348

Time limit reached
Best objective 4.973996174459e+03, best bound 4.953000000000e+03, gap 0.4221%

User-callback calls 70173317, time in user-callback 10.79 sec

AVANT CALCUL DES AUTRES INDICATEURS
Obj_rho = 73
Obj_lambda = 13
Obj_phi = 0
AVANT CALCUL DES AUTRES INDICATEURS
Obj_rho = 73
Obj_lambda = 13
Obj_phi = 3
✅ Solution trouvée (status: TIME_LIMIT)
🎯 Objective global: 4973.996174458621
⏱️ Time used: 7200.01
Nombre de vols satisfaits: 196
Nombre de vols non satisfaits: 0

✈️ Paths for each aircraft:

🛩️ Aircraft N607AS path (28 nodes): s_(u=0, v=0, w=0) ➡️  N607AS_(u=0, v=0, w=1) ➡️  ANC_SEA_137_389_(u=173, v=1, w=1) ➡️  SEA_ANC_479_633_(u=366, v=2, w=1) ➡️  ANC_SEA_715_980_(u=547, v=3, w=1) ➡️  SEA_LAS_1064_1207_(u=657, v=4, w=1) ➡️  LAS_SFO_1317_1401_(u=723, v=5, w=1) ➡️  SFO_ORD_1859_2247_(u=955, v=6, w=2) ➡️  ORD_SFO_2309_2462_(u=1200, v=7, w=2) ➡️  SFO_AUS_2533_2855_(u=1377, v=8, w=2) ➡️  AUS_SFO_3432_3558_(u=1587, v=9, w=3) ➡️  SFO_SEA_3655_3795_(u=1696, v=10, w=3) ➡️  SEA_LAS_3857_4005_(u=1820, v=11, w=3) ➡️  LAS_SEA_4086_4272_(u=1964, v=12, w=3) ➡️  SEA_PHX_4668_4915_(u=2101, v=13, w=4) ➡️  PHX_SEA_4965_5107_(u=2276, v=14, w=4) ➡️  SEA_SAN_5176_5324_(u=2401, v=15, w=4) ➡️  SAN_SEA_5397_5572_(u=2553, v=16, w=4) ➡️  SEA_LAS_6225_6362_(u=2664, v=17, w=5) ➡️  LAS_SEA_6427_6598_(u=2810, v=18, w=5) ➡️  SEA_LAX_6651_6804_(u=2932, v=19, w=5) ➡️  LAX_SEA_6863_7042_(u=3085, v=20, w=5) ➡️  SEA_SMF_7089_7200_(u=3171, v=21, w=5) ➡️  SMF_SEA_7553_7682_(u=3267, v=22, w=6) ➡️  SEA_FLL_7746_8300_(u=3587, v=23, w=6) ➡️  FLL_SEA_8359_8570_(u=3946, v=24, w=6) ➡️  SEA_MSP_9120_9435_(u=4121, v=25, w=7) ➡️  MSP_SEA_9512_9628_(u=4311, v=26, w=7) ➡️  SEA_PHX_9672_9885_(u=4445, v=27, w=7) ➡️  PHX_SEA_9941_10089_(u=4629, v=28, w=7) ➡️  t_(u=0, v=0, w=0)

🛩️ Aircraft N585AS path (30 nodes): s_(u=0, v=0, w=0) ➡️  N585AS_(u=0, v=0, w=1) ➡️  ANC_SEA_162_428_(u=174, v=1, w=1) ➡️  SEA_LAX_528_675_(u=295, v=2, w=1) ➡️  LAX_SEA_743_917_(u=443, v=3, w=1) ➡️  SEA_SFO_990_1113_(u=546, v=4, w=1) ➡️  SFO_SEA_1177_1307_(u=645, v=5, w=1) ➡️  SEA_SJC_1855_1984_(u=755, v=6, w=2) ➡️  SJC_SEA_2047_2171_(u=852, v=7, w=2) ➡️  SEA_SBA_2265_2429_(u=983, v=8, w=2) ➡️  SBA_SEA_2482_2633_(u=1099, v=9, w=2) ➡️  SEA_PDX_2732_2790_(u=1128, v=10, w=2) ➡️  PDX_SEA_3178_3252_(u=1164, v=11, w=3) ➡️  SEA_ANC_3375_3530_(u=1355, v=12, w=3) ➡️  ANC_SEA_3593_3853_(u=1538, v=13, w=3) ➡️  SEA_ONT_3941_4070_(u=1648, v=14, w=3) ➡️  ONT_SEA_4675_4856_(u=1804, v=15, w=4) ➡️  SEA_CLE_4925_5380_(u=2039, v=16, w=4) ➡️  CLE_SEA_5435_5585_(u=2315, v=17, w=4) ➡️  SEA_DAL_6207_6549_(u=2514, v=18, w=5) ➡️  DAL_SEA_6619_6766_(u=2764, v=19, w=5) ➡️  SEA_STL_6837_7194_(u=2963, v=20, w=5) ➡️  STL_SEA_7614_7836_(u=3195, v=21, w=6) ➡️  SEA_DFW_7967_8313_(u=3393, v=22, w=6) ➡️  DFW_SEA_8423_8562_(u=3625, v=23, w=6) ➡️  SEA_ORD_8600_8957_(u=3833, v=24, w=6) ➡️  ORD_PDX_9026_9156_(u=4065, v=25, w=7) ➡️  PDX_SEA_9262_9310_(u=4097, v=26, w=7) ➡️  SEA_BOI_9372_9523_(u=4159, v=27, w=7) ➡️  BOI_SEA_9582_9616_(u=4233, v=28, w=7) ➡️  SEA_LIH_9718_9994_(u=4578, v=29, w=7) ➡️  LIH_SAN_10060_10521_(u=4897, v=30, w=7) ➡️  t_(u=0, v=0, w=0)

🛩️ Aircraft N317AS path (26 nodes): s_(u=0, v=0, w=0) ➡️  N317AS_(u=0, v=0, w=1) ➡️  FAI_SEA_201_455_(u=177, v=1, w=1) ➡️  SEA_PIT_580_1048_(u=435, v=2, w=1) ➡️  PIT_SEA_1104_1236_(u=709, v=3, w=1) ➡️  SEA_ORD_1795_2159_(u=919, v=4, w=2) ➡️  ORD_PDX_2215_2349_(u=1154, v=5, w=2) ➡️  PDX_ONT_2434_2569_(u=1276, v=6, w=2) ➡️  ONT_PDX_2628_2754_(u=1387, v=7, w=2) ➡️  PDX_ANC_2866_3034_(u=1590, v=8, w=2) ➡️  ANC_SEA_3168_3438_(u=1772, v=9, w=3) ➡️  SEA_DEN_3550_3770_(u=1908, v=10, w=3) ➡️  DEN_SEA_3827_3928_(u=2047, v=11, w=3) ➡️  SEA_SAN_4005_4151_(u=2168, v=12, w=3) ➡️  SAN_TPA_4795_5235_(u=2401, v=13, w=4) ➡️  TPA_SAN_5307_5449_(u=2689, v=14, w=4) ➡️  SAN_SEA_5512_5695_(u=2843, v=15, w=4) ➡️  SEA_MSP_6233_6559_(u=3014, v=16, w=5) ➡️  MSP_SEA_6615_6760_(u=3212, v=17, w=5) ➡️  SEA_SNA_6813_6972_(u=3339, v=18, w=5) ➡️  SNA_SEA_7009_7192_(u=3493, v=19, w=5) ➡️  SEA_PHX_7626_7841_(u=3628, v=20, w=6) ➡️  PHX_SEA_7908_8038_(u=3789, v=21, w=6) ➡️  SEA_PHX_8109_8330_(u=3925, v=22, w=6) ➡️  PHX_SEA_8407_8537_(u=4089, v=23, w=6) ➡️  SEA_SAN_9117_9279_(u=4203, v=24, w=7) ➡️  SAN_MCO_9359_9801_(u=4439, v=25, w=7) ➡️  MCO_SEA_9867_10065_(u=4785, v=26, w=7) ➡️  t_(u=0, v=0, w=0)

🛩️ Aircraft N587AS path (28 nodes): s_(u=0, v=0, w=0) ➡️  N587AS_(u=0, v=0, w=1) ➡️  JNU_SEA_310_514_(u=116, v=1, w=1) ➡️  SEA_PHX_570_794_(u=257, v=2, w=1) ➡️  PHX_SEA_857_991_(u=422, v=3, w=1) ➡️  SEA_BUR_1045_1181_(u=540, v=4, w=1) ➡️  BUR_SEA_1268_1435_(u=678, v=5, w=1) ➡️  SEA_SLC_1846_2021_(u=774, v=6, w=2) ➡️  SLC_SEA_2122_2206_(u=875, v=7, w=2) ➡️  SEA_SJC_2247_2382_(u=992, v=8, w=2) ➡️  SJC_SEA_2432_2554_(u=1087, v=9, w=2) ➡️  SEA_LAS_3342_3511_(u=1215, v=10, w=3) ➡️  LAS_SEA_3563_3728_(u=1350, v=11, w=3) ➡️  SEA_ATL_3841_4313_(u=1614, v=12, w=3) ➡️  ATL_SEA_4752_4910_(u=1901, v=13, w=4) ➡️  SEA_RDM_4991_5054_(u=1939, v=14, w=4) ➡️  RDM_SEA_5133_5199_(u=1987, v=15, w=4) ➡️  SEA_ANC_5295_5444_(u=2176, v=16, w=4) ➡️  ANC_JNU_6410_6511_(u=2259, v=17, w=5) ➡️  JNU_PSG_6558_6607_(u=2289, v=18, w=5) ➡️  PSG_WRG_6650_6684_(u=2305, v=19, w=5) ➡️  WRG_KTN_6726_6760_(u=2327, v=20, w=5) ➡️  KTN_SEA_6808_6973_(u=2417, v=21, w=5) ➡️  SEA_LIH_7702_8038_(u=2749, v=22, w=6) ➡️  LIH_SEA_8108_8604_(u=3089, v=23, w=6) ➡️  SEA_SFO_8995_9134_(u=3177, v=24, w=7) ➡️  SFO_JAC_9215_9444_(u=3326, v=25, w=7) ➡️  JAC_SFO_9493_9582_(u=3438, v=26, w=7) ➡️  SFO_PDX_9628_9744_(u=3534, v=27, w=7) ➡️  PDX_SFO_9826_9943_(u=3609, v=28, w=7) ➡️  t_(u=0, v=0, w=0)

🛩️ Aircraft N284AK path (25 nodes): s_(u=0, v=0, w=0) ➡️  N284AK_(u=2943, v=25, w=5) ➡️  PHX_PDX_356_453_(u=3081, v=26, w=5) ➡️  PDX_FLL_541_1050_(u=3392, v=27, w=5) ➡️  FLL_SFO_1118_1320_(u=3745, v=28, w=5) ➡️  SFO_FLL_1383_1870_(u=4022, v=29, w=5) ➡️  FLL_PDX_2018_2231_(u=4383, v=30, w=6) ➡️  PDX_JFK_2322_2828_(u=4671, v=31, w=6) ➡️  JFK_PSP_3414_3583_(u=4996, v=32, w=7) ➡️  PSP_SEA_3697_3873_(u=5150, v=33, w=7) ➡️  SEA_PHX_4087_4345_(u=5286, v=34, w=7) ➡️  PHX_SEA_4706_4849_(u=5465, v=35, w=8) ➡️  SEA_PIT_4922_5383_(u=5709, v=36, w=8) ➡️  PIT_SEA_5447_5576_(u=5997, v=37, w=8) ➡️  SEA_SLC_6187_6360_(u=92, v=1, w=1) ➡️  SLC_SEA_6449_6557_(u=204, v=2, w=1) ➡️  SEA_PHX_6669_6910_(u=337, v=3, w=1) ➡️  PHX_SEA_6965_7117_(u=516, v=4, w=1) ➡️  SEA_DFW_7182_7527_(u=713, v=5, w=1) ➡️  DFW_SEA_7641_7776_(u=939, v=6, w=2) ➡️  SEA_MCI_7916_8251_(u=1124, v=7, w=2) ➡️  MCI_SEA_8308_8432_(u=1324, v=8, w=2) ➡️  SEA_JNU_8494_8605_(u=1470, v=9, w=2) ➡️  JNU_SEA_9259_9463_(u=1569, v=10, w=3) ➡️  SEA_PHX_9550_9765_(u=1705, v=11, w=3) ➡️  PHX_SEA_9831_9982_(u=1888, v=12, w=3) ➡️  SEA_FAI_10053_10220_(u=2092, v=13, w=3) ➡️  t_(u=0, v=0, w=0)

🛩️ Aircraft N320AS path (32 nodes): s_(u=0, v=0, w=0) ➡️  N320AS_(u=3528, v=30, w=6) ➡️  SJC_SEA_364_507_(u=3634, v=31, w=6) ➡️  SEA_ANC_582_739_(u=3828, v=32, w=6) ➡️  ANC_SEA_1062_1344_(u=4016, v=33, w=6) ➡️  SEA_ORD_1401_1741_(u=4219, v=34, w=6) ➡️  ORD_SEA_1807_1944_(u=4447, v=35, w=7) ➡️  SEA_ANC_2030_2168_(u=4623, v=36, w=7) ➡️  ANC_CDV_2249_2310_(u=4660, v=37, w=7) ➡️  CDV_YAK_2357_2404_(u=4698, v=38, w=7) ➡️  YAK_JNU_2447_2500_(u=4732, v=39, w=7) ➡️  JNU_SEA_2569_2776_(u=4849, v=40, w=7) ➡️  SEA_ANC_2874_3028_(u=5042, v=41, w=7) ➡️  ANC_SEA_3102_3363_(u=5216, v=42, w=8) ➡️  SEA_ANC_3462_3616_(u=5404, v=43, w=8) ➡️  ANC_JNU_4064_4188_(u=5497, v=44, w=8) ➡️  JNU_SIT_4227_4276_(u=5520, v=45, w=8) ➡️  SIT_JNU_4672_4708_(u=5543, v=46, w=9) ➡️  JNU_ANC_4773_4879_(u=5631, v=47, w=9) ➡️  ANC_BET_4949_5073_(u=5688, v=48, w=9) ➡️  BET_ANC_5111_5186_(u=5749, v=49, w=9) ➡️  ANC_SEA_5503_5765_(u=5930, v=50, w=9) ➡️  SEA_ATL_6289_6758_(u=266, v=1, w=1) ➡️  ATL_SEA_6839_6970_(u=557, v=2, w=1) ➡️  SEA_PDX_7152_7210_(u=586, v=3, w=1) ➡️  PDX_SEA_7495_7564_(u=618, v=4, w=2) ➡️  SEA_OAK_8006_8114_(u=710, v=5, w=2) ➡️  OAK_SEA_8157_8285_(u=809, v=6, w=2) ➡️  SEA_SMF_8335_8455_(u=884, v=7, w=2) ➡️  SMF_SEA_8490_8613_(u=987, v=8, w=2) ➡️  SEA_SNA_9008_9175_(u=1098, v=9, w=3) ➡️  SNA_SEA_9239_9448_(u=1283, v=10, w=3) ➡️  SEA_BUR_9508_9638_(u=1390, v=11, w=3) ➡️  BUR_SEA_9709_9913_(u=1552, v=12, w=3) ➡️  t_(u=0, v=0, w=0)

🛩️ Aircraft N277AK path (27 nodes): s_(u=0, v=0, w=0) ➡️  N277AK_(u=0, v=0, w=1) ➡️  SEA_FAT_375_503_(u=113, v=1, w=1) ➡️  FAT_SEA_559_687_(u=221, v=2, w=1) ➡️  SEA_ANC_799_933_(u=399, v=3, w=1) ➡️  ANC_SEA_1660_1931_(u=590, v=4, w=2) ➡️  SEA_IAD_2038_2527_(u=862, v=5, w=2) ➡️  IAD_SEA_2584_2741_(u=1171, v=6, w=2) ➡️  SEA_IAH_2838_3229_(u=1403, v=7, w=2) ➡️  IAH_SEA_3299_3463_(u=1647, v=8, w=3) ➡️  SEA_IAD_3504_3971_(u=1912, v=9, w=3) ➡️  IAD_SEA_4030_4189_(u=2221, v=10, w=3) ➡️  SEA_SMF_4248_4369_(u=2302, v=11, w=3) ➡️  SMF_SEA_4703_4832_(u=2401, v=12, w=4) ➡️  SEA_DCA_4891_5368_(u=2672, v=13, w=4) ➡️  DCA_SEA_5437_5593_(u=2987, v=14, w=4) ➡️  SEA_SMF_5645_5755_(u=3068, v=15, w=4) ➡️  SMF_SEA_6112_6231_(u=3164, v=16, w=5) ➡️  SEA_LIH_6321_6593_(u=3525, v=17, w=5) ➡️  LIH_SEA_6647_7117_(u=3841, v=18, w=5) ➡️  SEA_SNA_7578_7729_(u=3966, v=19, w=6) ➡️  SNA_SEA_7783_7960_(u=4126, v=20, w=6) ➡️  SEA_PHX_8018_8241_(u=4264, v=21, w=6) ➡️  PHX_ANC_8336_8626_(u=4641, v=22, w=6) ➡️  ANC_SEA_8684_8926_(u=4799, v=23, w=7) ➡️  SEA_PHX_9068_9279_(u=4932, v=24, w=7) ➡️  PHX_SEA_9344_9480_(u=5101, v=25, w=7) ➡️  SEA_DEN_9579_9790_(u=5231, v=26, w=7) ➡️  DEN_SEA_9846_9966_(u=5386, v=27, w=7) ➡️  t_(u=0, v=0, w=0)

🛠️ Maintenance at node SEA_SLC_6187_6360 by aircraft N284AK | ρ=3; λ=13; φ=2
🛠️ Maintenance at node SEA_ATL_6289_6758 by aircraft N320AS | ρ=70; λ=0; φ=1

Nombre de maintenances au total: 2.0
Stations de maintenance utilisées: Any["SEA"]
Nombre de stations de maintenance utilisées: 1
