INSTANCE 196FL_7A_2
PREPROCESSING : false
-----------------------INSTANCE 196FL_7A_2--------------------------
Gurobi 12.0.2 (linux64) logging started Sun Nov 30 15:02:46 2025

Set parameter LogFile to value "RESULTS_EXP/A_MTN_2/FH_FC_MAX/result_196FL_7A_2_without_prep.txt"
Set parameter LogToConsole to value 0

Gurobi 12.0.2 (linux64) logging started Sun Nov 30 15:02:48 2025

Set parameter LogFile to value "RESULTS_EXP/A_MTN_2/FH_FC_MAX/result_196FL_7A_2_without_prep.txt"
Gurobi Optimizer version 12.0.2 build v12.0.2rc0 (linux64 - "AlmaLinux 9.6 (Sage Margay)")

CPU model: Intel(R) Xeon(R) 6972P, instruction set [SSE2|AVX|AVX2|AVX512]
Thread count: 192 physical cores, 192 logical processors, using up to 8 threads

Non-default parameters:
TimeLimit  7200
LogToConsole  0
Threads  8

Optimize a model with 5950 rows, 1752 columns and 22649 nonzeros
Model fingerprint: 0xf8780366
Variable types: 510 continuous, 1242 integer (1142 binary)
Coefficient statistics:
  Matrix range     [1e+00, 6e+03]
  Objective range  [1e+00, 4e+02]
  Bounds range     [1e+00, 6e+03]
  RHS range        [1e+00, 6e+03]
Presolve removed 1773 rows and 651 columns
Presolve time: 0.07s
Presolved: 4177 rows, 1101 columns, 25582 nonzeros
Variable types: 229 continuous, 872 integer (803 binary)

Root relaxation: objective 0.000000e+00, 580 iterations, 0.01 seconds (0.02 work units)

    Nodes    |    Current Node    |     Objective Bounds      |     Work
 Expl Unexpl |  Obj  Depth IntInf | Incumbent    BestBd   Gap | It/Node Time

     0     0    0.00000    0    2          -    0.00000      -     -    0s
H    0     0                    8751.0000000    0.00000   100%     -    0s
H    0     0                    8212.0000000    0.00000   100%     -    0s
H    0     0                    7647.0000000    0.00000   100%     -    0s
     0     0    0.00000    0    8 7647.00000    0.00000   100%     -    0s
     0     0    0.00000    0    8 7647.00000    0.00000   100%     -    0s
     0     0    0.00000    0    8 7647.00000    0.00000   100%     -    0s
     0     0    0.00000    0    8 7647.00000    0.00000   100%     -    0s
     0     0    0.00000    0    8 7647.00000    0.00000   100%     -    0s
     0     0    0.00000    0    8 7647.00000    0.00000   100%     -    0s
     0     0    0.00000    0    8 7647.00000    0.00000   100%     -    0s
     0     0    0.00000    0    2 7647.00000    0.00000   100%     -    0s
     0     0    0.00000    0    4 7647.00000    0.00000   100%     -    0s
H    0     0                    7646.0000000    0.00000   100%     -    0s
H    0     0                    1769.0000000    0.00000   100%     -    0s
     0     2    0.00000    0    4 1769.00000    0.00000   100%     -    0s
H  339   369                    1702.0000000    0.00000   100%  36.3    0s
H  376   369                    1180.0000000    0.00000   100%  36.4    0s
H  529   452                    1113.0000000    0.00000   100%  42.4    0s
H  873   605                    1112.0000000    0.00000   100%  41.7    1s
  5495  1146    0.00000   23   15 1112.00000    0.00000   100%  39.2    5s
H 5536  1093                     962.0000000    0.00000   100%  39.2    5s
* 7745   991              45     583.0000000    0.00000   100%  42.7    6s
H 7949   915                     573.0000000    0.00000   100%  42.8    6s
 13427  2359  167.00000   45   14  573.00000    0.00000   100%  49.4   10s
H14709  2401                     468.0000000    0.00000   100%  49.3   11s
H14738  2306                     423.0000000    0.00000   100%  49.3   11s
H14911  2210                     415.0000000    0.00000   100%  49.2   11s
H15021  2072                     405.0000000    0.00000   100%  49.5   11s
H15101  1970                     405.0000000    0.00000   100%  49.6   12s
 26329  1522  167.00000   59   13  405.00000  167.00000  58.8%  46.4   15s
 44289  2191  404.00000   61   34  405.00000  167.00000  58.8%  44.0   20s
 58833  6440  212.00000   66   32  405.00000  167.00000  58.8%  46.1   28s
 63517  8299  404.00000   61    5  405.00000  167.00000  58.8%  46.6   30s
 89716 10915  167.00000   62   16  405.00000  167.00000  58.8%  45.2   35s
 114089 10723 infeasible   82       405.00000  167.00000  58.8%  44.5   40s
 139184 10804 infeasible   67       405.00000  167.00000  58.8%  44.0   45s
 164178 10745  167.00000   63   26  405.00000  167.00000  58.8%  43.9   50s
 189146 10449 infeasible   68       405.00000  167.00000  58.8%  43.6   55s
 216139 10970 infeasible   74       405.00000  167.00000  58.8%  43.2   60s
 243737 10999 infeasible   76       405.00000  167.00000  58.8%  42.9   65s
 268867 10785  167.00000   73   19  405.00000  167.00000  58.8%  42.7   70s
 296674 10620  167.00000   71   50  405.00000  167.00000  58.8%  42.4   75s
 322086 10580 infeasible   64       405.00000  167.00000  58.8%  42.3   80s
 350310 10604  167.00000   69   41  405.00000  167.00000  58.8%  42.1   85s
 375879 10648 infeasible   73       405.00000  167.00000  58.8%  41.9   90s
 404075 10575  167.00000   71   29  405.00000  167.00000  58.8%  41.7   95s
H421374 10563                     404.9999999  167.00000  58.8%  41.7   98s
 429625 10506  167.00000   66   38  405.00000  167.00000  58.8%  41.7  100s
 453996 10407  167.00000   67   28  405.00000  167.00000  58.8%  41.6  105s
 481936 10415 infeasible   70       405.00000  167.00000  58.8%  41.6  110s
 506814 10477 infeasible   72       405.00000  167.00000  58.8%  41.7  115s
 531609 10302  167.00000   66   40  405.00000  167.00000  58.8%  41.8  120s
 557779 10305 infeasible   70       405.00000  167.00000  58.8%  41.7  125s
 584832 10404 infeasible   72       405.00000  167.00000  58.8%  41.6  130s
 611915 10383  167.00000   63   27  405.00000  167.00000  58.8%  41.5  135s
H624588 10309                     404.9999999  167.00000  58.8%  41.5  137s
H625993 10326                     404.9999998  167.00000  58.8%  41.5  138s
 635188 10319  167.00000   66   48  405.00000  167.00000  58.8%  41.5  140s
 662761 10364  167.00000   72   33  405.00000  167.00000  58.8%  41.4  145s
 688003 10313  167.00000   71   25  405.00000  167.00000  58.8%  41.4  150s
 711269 10315  167.00000   69   34  405.00000  167.00000  58.8%  41.4  155s
 740225 10310 infeasible   67       405.00000  167.00000  58.8%  41.2  160s
 769396 10401 infeasible   76       405.00000  167.00000  58.8%  40.9  165s
 796427 10189  167.00000   64   39  405.00000  167.00000  58.8%  40.7  170s
 823794 10169  167.00000   62   48  405.00000  167.00000  58.8%  40.6  175s
 849604 10191 infeasible   63       405.00000  167.00000  58.8%  40.6  180s
 874618 10259 infeasible   67       405.00000  167.00000  58.8%  40.6  185s
 901229 10122  167.00000   67   33  405.00000  167.00000  58.8%  40.7  190s
 927992 10112  167.00000   69   37  405.00000  167.00000  58.8%  40.6  195s
 955175 10312 infeasible   75       405.00000  167.00000  58.8%  40.6  200s
 982484 10122  167.00000   63   35  405.00000  167.00000  58.8%  40.6  205s
 1007337 10093  167.00000   71   31  405.00000  167.00000  58.8%  40.6  210s
 1035212 10522 infeasible   66       405.00000  167.00000  58.8%  40.5  215s
 1061387 10423  167.00000   61   37  405.00000  167.00000  58.8%  40.5  220s
 1086886 10197  167.00000   69   34  405.00000  167.00000  58.8%  40.5  225s
 1115702 10084 infeasible   73       405.00000  167.00000  58.8%  40.4  230s
 1142098 10017  167.00000   69   26  405.00000  167.00000  58.8%  40.5  235s
 1167031 10160 infeasible   73       405.00000  167.00000  58.8%  40.5  240s
 1192860  9894  167.00000   67   27  405.00000  167.00000  58.8%  40.6  245s
 1217970 10002  167.00000   72   23  405.00000  167.00000  58.8%  40.7  250s
 1243988 10612  167.00000   73   31  405.00000  167.00000  58.8%  40.7  255s
 1267612 10668  167.00000   73   23  405.00000  167.00000  58.8%  40.8  260s
 1293230 10490  167.00000   64   41  405.00000  167.00000  58.8%  40.8  265s
 1320271 10346  167.00000   68   26  405.00000  167.00000  58.8%  40.8  270s
 1346768 10339  167.00000   72   23  405.00000  167.00000  58.8%  40.8  275s
 1374363 10405 infeasible   83       405.00000  167.00000  58.8%  40.8  280s
 1400507 10306 infeasible   73       405.00000  167.00000  58.8%  40.8  285s
 1425856 10241 infeasible   70       405.00000  167.00000  58.8%  40.8  290s
 1452073 10192  167.00000   75   34  405.00000  167.00000  58.8%  40.8  295s
 1478007 10161  167.00000   64   23  405.00000  167.00000  58.8%  40.8  300s
 1505101 10147  167.00000   58   18  405.00000  167.00000  58.8%  40.9  305s
 1528096 10004 infeasible   74       405.00000  167.00000  58.8%  40.9  310s
 1551478 10170  167.00000   65   36  405.00000  167.00000  58.8%  41.0  315s
 1576129 10333 infeasible   65       405.00000  177.00000  56.3%  41.0  320s
 1601741 10797  177.00000   67   31  405.00000  177.00000  56.3%  41.1  325s
 1627494 10691 infeasible   75       405.00000  177.00000  56.3%  41.1  330s
 1652724 10517  177.00000   66   37  405.00000  177.00000  56.3%  41.1  335s
 1676333 10479 infeasible   71       405.00000  177.00000  56.3%  41.2  340s
 1701377 10413  177.00000   64   40  405.00000  177.00000  56.3%  41.3  345s
 1724392 10347 infeasible   72       405.00000  177.00000  56.3%  41.3  350s
 1750071 10439  177.00000   71   33  405.00000  177.00000  56.3%  41.3  355s
 1777177 10279 infeasible   80       405.00000  177.00000  56.3%  41.3  360s
 1802630 10563  177.00000   65   18  405.00000  177.00000  56.3%  41.4  365s
 1826667 10457 infeasible   66       405.00000  177.00000  56.3%  41.4  370s
 1853608 10299 infeasible   67       405.00000  177.00000  56.3%  41.5  375s
 1880878 10342 infeasible   73       405.00000  177.00000  56.3%  41.4  380s
 1908549 10136 infeasible   67       405.00000  177.00000  56.3%  41.3  385s
 1936375 10304  177.00000   71   35  405.00000  177.00000  56.3%  41.3  390s
 1963395 10130 infeasible   69       405.00000  177.00000  56.3%  41.2  395s
 1990705 10197  177.00000   66   26  405.00000  177.00000  56.3%  41.2  400s
 2016346 10165  177.00000   71   27  405.00000  177.00000  56.3%  41.3  405s
 2041410 10164 infeasible   68       405.00000  177.00000  56.3%  41.3  410s
 2067196 10316 infeasible   69       405.00000  177.00000  56.3%  41.3  415s
 2093188 10222 infeasible   68       405.00000  177.00000  56.3%  41.3  420s
 2118319 10201  177.00000   58   44  405.00000  177.00000  56.3%  41.3  425s
 2142678 10420  177.00000   69   32  405.00000  177.00000  56.3%  41.4  430s
 2169607 10351 infeasible   67       405.00000  177.00000  56.3%  41.4  435s
 2196191 10125  177.00000   63   35  405.00000  177.00000  56.3%  41.4  440s
 2219149 10172  177.00000   70   34  405.00000  177.00000  56.3%  41.4  445s
 2245827 10010 infeasible   76       405.00000  177.00000  56.3%  41.3  450s
 2272718 10367  177.00000   62   42  405.00000  177.00000  56.3%  41.3  455s
 2299507 10502 infeasible   72       405.00000  177.00000  56.3%  41.3  460s
 2326020 10232 infeasible   66       405.00000  177.00000  56.3%  41.3  465s
 2352759 10140  177.00000   70   33  405.00000  177.00000  56.3%  41.3  470s
 2379461 10022 infeasible   66       405.00000  177.00000  56.3%  41.3  475s
 2401457  9993 infeasible   67       405.00000  177.00000  56.3%  41.3  480s
 2427911  9953  177.00000   65   27  405.00000  177.00000  56.3%  41.3  485s
 2454037  9959  177.00000   62   35  405.00000  177.00000  56.3%  41.3  490s
 2479306 10032  177.00000   71   33  405.00000  177.00000  56.3%  41.3  495s
 2506156  9989 infeasible   68       405.00000  177.00000  56.3%  41.3  500s
 2532352  9948  177.00000   55   21  405.00000  177.00000  56.3%  41.3  505s
H2549168 10085                     404.9999998  177.00000  56.3%  41.3  508s
 2557044 10164 infeasible   66       405.00000  177.00000  56.3%  41.3  510s
 2584159  9879  177.00000   75   35  405.00000  177.00000  56.3%  41.3  515s
 2609830 10341 infeasible   71       405.00000  177.00000  56.3%  41.2  520s
 2635686 10329  177.00000   66   43  405.00000  177.00000  56.3%  41.3  525s
 2662220 10142 infeasible   65       405.00000  177.00000  56.3%  41.3  530s
 2687527 10140  177.00000   61   35  405.00000  177.00000  56.3%  41.3  535s
 2711970  9941  177.00000   73   46  405.00000  177.00000  56.3%  41.3  540s
 2736403 10045  177.00000   69   37  405.00000  177.00000  56.3%  41.4  545s
 2761976 10092  177.00000   68   38  405.00000  177.00000  56.3%  41.4  550s
 2788715  9914 infeasible   71       405.00000  177.00000  56.3%  41.4  555s
 2814446 10002  177.00000   64   42  405.00000  177.00000  56.3%  41.4  560s
 2835048 10094  177.00000   66   32  405.00000  177.00000  56.3%  41.4  565s
 2860833  9871  177.00000   72   45  405.00000  177.00000  56.3%  41.4  570s
 2886858  9914  202.00000   56   55  405.00000  177.00000  56.3%  41.4  575s
 2914956 10482 infeasible   76       405.00000  177.00000  56.3%  41.4  580s
 2941741 10247  177.00000   68   40  405.00000  177.00000  56.3%  41.3  585s
 2969911 10293  177.00000   69   21  405.00000  177.00000  56.3%  41.3  590s
 2997183  9991 infeasible   62       405.00000  177.00000  56.3%  41.3  595s
 3023160  9723  177.00000   68   24  405.00000  177.00000  56.3%  41.3  600s
 3048035 10378 infeasible   68       405.00000  202.00000  50.1%  41.3  605s
 3073823 11060  202.00000   69   40  405.00000  202.00000  50.1%  41.3  610s
H3081080 11146                     404.9999996  202.00000  50.1%  41.3  611s
 3099583 11355 infeasible   72       405.00000  202.00000  50.1%  41.3  615s
 3126381 11095  202.00000   65   33  405.00000  202.00000  50.1%  41.3  620s
 3153991 10971  202.00000   73   36  405.00000  202.00000  50.1%  41.3  625s
 3177676 10815  202.00000   62   31  405.00000  202.00000  50.1%  41.3  630s
 3203810 10768  202.00000   74   29  405.00000  202.00000  50.1%  41.3  635s
 3231566 10810 infeasible   73       405.00000  202.00000  50.1%  41.3  640s
 3259260 10796  202.00000   59   37  405.00000  202.00000  50.1%  41.3  645s
 3285424 10667 infeasible   73       405.00000  202.00000  50.1%  41.3  650s
 3311276 10505  202.00000   65   24  405.00000  202.00000  50.1%  41.3  655s
 3338467 10489  202.00000   71   29  405.00000  202.00000  50.1%  41.3  660s
 3363014 10396  202.00000   62   22  405.00000  202.00000  50.1%  41.3  665s
 3388336 10345 infeasible   76       405.00000  202.00000  50.1%  41.3  670s
 3414839 10299  202.00000   70   28  405.00000  202.00000  50.1%  41.3  675s
 3437722 10407 infeasible   63       405.00000  202.00000  50.1%  41.3  680s
 3463324 10504 infeasible   68       405.00000  202.00000  50.1%  41.3  685s
 3488969 10583  202.00000   68   29  405.00000  202.00000  50.1%  41.3  690s
 3513618 10404 infeasible   69       405.00000  202.00000  50.1%  41.3  695s
 3539520 10123 infeasible   67       405.00000  202.00000  50.1%  41.3  700s
 3565141  9992 infeasible   77       405.00000  202.00000  50.1%  41.3  705s
 3592411  9957  202.00000   70   33  405.00000  202.00000  50.1%  41.3  710s
 3619603  9962  202.00000   69   43  405.00000  202.00000  50.1%  41.3  715s
 3646043  9775  202.00000   72   32  405.00000  202.00000  50.1%  41.3  720s
 3671271  9799 infeasible   73       405.00000  202.00000  50.1%  41.3  725s
 3696972  9704  202.00000   65   40  405.00000  202.00000  50.1%  41.3  730s
 3723346  9666 infeasible   72       405.00000  202.00000  50.1%  41.3  735s
 3749815  9610 infeasible   73       405.00000  202.00000  50.1%  41.3  740s
 3773384  9683 infeasible   68       405.00000  202.00000  50.1%  41.3  745s
 3799334  9601 infeasible   70       405.00000  202.00000  50.1%  41.3  750s
 3824346  9527 infeasible   74       405.00000  202.00000  50.1%  41.3  755s
 3851497  9583 infeasible   73       405.00000  202.00000  50.1%  41.3  760s
 3878053  9703 infeasible   73       405.00000  202.00000  50.1%  41.3  765s
 3903591  9479 infeasible   74       405.00000  202.00000  50.1%  41.3  770s
 3929396  9439 infeasible   69       405.00000  202.00000  50.1%  41.3  775s
 3954873  9512 infeasible   69       405.00000  202.00000  50.1%  41.3  780s
 3981549  9643 infeasible   75       405.00000  202.00000  50.1%  41.3  785s
 4008649  9933  202.00000   70   28  405.00000  202.00000  50.1%  41.3  790s
 4035477  9694  202.00000   71   22  405.00000  202.00000  50.1%  41.3  795s
 4062711  9394  202.00000   59   51  405.00000  202.00000  50.1%  41.3  800s
 4091879  9376  202.00000   67   31  405.00000  202.00000  50.1%  41.3  805s
 4118113  9628 infeasible   82       405.00000  202.00000  50.1%  41.2  810s
 4144032  9487  202.00000   76   41  405.00000  202.00000  50.1%  41.2  815s
 4170848  9453  202.00000   65   38  405.00000  202.00000  50.1%  41.2  820s
 4195701  9488  202.00000   67   23  405.00000  202.00000  50.1%  41.2  825s
 4222165  9507 infeasible   70       405.00000  202.00000  50.1%  41.2  830s
 4249138  9386  202.00000   65   31  405.00000  202.00000  50.1%  41.2  835s
 4276662  9380  202.00000   70   25  405.00000  202.00000  50.1%  41.2  840s
 4304742  9391 infeasible   69       405.00000  202.00000  50.1%  41.2  845s
 4333020  9718 infeasible   65       405.00000  202.00000  50.1%  41.2  850s
 4361487  9593 infeasible   69       405.00000  202.00000  50.1%  41.1  855s
 4389358  9570  202.00000   68   28  405.00000  202.00000  50.1%  41.1  860s
 4417849  9408 infeasible   73       405.00000  202.00000  50.1%  41.1  865s
 4443360  9260 infeasible   78       405.00000  202.00000  50.1%  41.1  870s
 4472610  9417 infeasible   70       405.00000  202.00000  50.1%  41.1  875s
 4500065  9487 infeasible   78       405.00000  202.00000  50.1%  41.1  880s
 4529080  9361  202.00000   71   40  405.00000  202.00000  50.1%  41.0  885s
 4557287  9265  202.00000   68   35  405.00000  202.00000  50.1%  41.0  890s
 4585135  9296 infeasible   67       405.00000  202.00000  50.1%  41.0  895s
 4611075  9355 infeasible   79       405.00000  202.00000  50.1%  41.0  900s
 4638769  9204  202.00000   69   20  405.00000  202.00000  50.1%  41.0  905s
 4665900  9105 infeasible   71       405.00000  202.00000  50.1%  41.0  910s
 4692853  9105  202.00000   71   39  405.00000  202.00000  50.1%  41.0  915s
 4719256  8998  202.00000   72   37  405.00000  202.00000  50.1%  41.0  920s
 4746189  9268  202.00000   72   25  405.00000  202.00000  50.1%  41.0  925s
 4771134  9177 infeasible   70       405.00000  202.00000  50.1%  41.0  930s
 4798116  9190 infeasible   66       405.00000  202.00000  50.1%  41.0  935s
 4821252  9273 infeasible   69       405.00000  202.00000  50.1%  41.0  940s
 4847734  9109 infeasible   71       405.00000  202.00000  50.1%  41.0  945s
 4873425  9056  202.00000   65   26  405.00000  202.00000  50.1%  41.0  950s
 4900181  8915 infeasible   63       405.00000  202.00000  50.1%  41.0  955s
 4925738  9113 infeasible   67       405.00000  202.00000  50.1%  41.0  960s
 4952485  8984 infeasible   74       405.00000  202.00000  50.1%  41.0  965s
 4979126  9060 infeasible   66       405.00000  202.00000  50.1%  41.0  970s
 5003628  9087 infeasible   73       405.00000  202.00000  50.1%  41.0  975s
 5028060  8706  202.00000   65   32  405.00000  202.00000  50.1%  41.1  980s
 5055689  9142  202.00000   61   35  405.00000  202.00000  50.1%  41.1  985s
 5082589  9006  202.00000   70   25  405.00000  202.00000  50.1%  41.1  990s
 5109306  8908  202.00000   71   17  405.00000  202.00000  50.1%  41.1  995s
 5138099  8820 infeasible   72       405.00000  202.00000  50.1%  41.0 1000s
 5165196  8834  202.00000   62   30  405.00000  202.00000  50.1%  41.0 1005s
 5193341  8740 infeasible   71       405.00000  202.00000  50.1%  41.0 1010s
 5220512  8552  202.00000   74   36  405.00000  202.00000  50.1%  41.0 1015s
 5246086  9161  212.00000   67   23  405.00000  212.00000  47.7%  41.0 1020s
 5274866  9348  212.00000   63   38  405.00000  212.00000  47.7%  41.0 1025s
 5303641  9806  212.00000   71   35  405.00000  212.00000  47.7%  40.9 1030s
 5331860  9910 infeasible   70       405.00000  212.00000  47.7%  40.9 1035s
 5359747  9979  212.00000   73   39  405.00000  212.00000  47.7%  40.9 1040s
 5388034 10345  212.00000   71   36  405.00000  212.00000  47.7%  40.9 1045s
 5415714 10744  212.00000   69   29  405.00000  212.00000  47.7%  40.9 1050s
 5445453 10706 infeasible   70       405.00000  212.00000  47.7%  40.8 1055s
 5475231 10679 infeasible   78       405.00000  212.00000  47.7%  40.8 1060s
 5504078 10530  212.00000   73   29  405.00000  212.00000  47.7%  40.8 1065s
 5533212 10437 infeasible   69       405.00000  212.00000  47.7%  40.8 1070s
 5560156 10216  212.00000   75   40  405.00000  212.00000  47.7%  40.7 1075s
 5586122 10207  212.00000   65   30  405.00000  212.00000  47.7%  40.7 1080s
 5613550  9989 infeasible   74       405.00000  212.00000  47.7%  40.7 1085s
 5641124  9855 infeasible   69       405.00000  212.00000  47.7%  40.7 1090s
 5668719  9807  212.00000   72   36  405.00000  212.00000  47.7%  40.7 1095s
 5696234  9703 infeasible   68       405.00000  212.00000  47.7%  40.7 1100s
 5722902  9845 infeasible   63       405.00000  212.00000  47.7%  40.7 1105s
 5748511  9732  212.00000   67   32  405.00000  212.00000  47.7%  40.7 1110s
 5774535  9535 infeasible   74       405.00000  212.00000  47.7%  40.7 1115s
 5802547  9505  212.00000   70   45  405.00000  212.00000  47.7%  40.7 1120s
 5830367  9317 infeasible   64       405.00000  212.00000  47.7%  40.7 1125s
 5859469  9126 infeasible   70       405.00000  212.00000  47.7%  40.7 1130s
 5887229  8935  212.00000   62   29  405.00000  212.00000  47.7%  40.6 1135s
 5915846  8843 infeasible   70       405.00000  212.00000  47.7%  40.6 1140s
 5943118  8709  212.00000   65   25  405.00000  212.00000  47.7%  40.6 1145s
 5967443  8771  212.00000   66   37  405.00000  212.00000  47.7%  40.6 1150s
 5996306  8498 infeasible   76       405.00000  212.00000  47.7%  40.6 1155s
 6023386  8672 infeasible   72       405.00000  212.00000  47.7%  40.6 1160s
 6052262  8607 infeasible   74       405.00000  212.00000  47.7%  40.6 1165s
 6081148  8624  212.00000   75   12  405.00000  212.00000  47.7%  40.6 1170s
 6108408  8364  212.00000   72   34  405.00000  212.00000  47.7%  40.6 1175s
 6137838  8234 infeasible   76       405.00000  212.00000  47.7%  40.6 1180s
 6165604  8138  212.00000   69   39  405.00000  212.00000  47.7%  40.6 1185s
 6194255  8118 infeasible   67       405.00000  212.00000  47.7%  40.6 1190s
 6223107  8168  212.00000   66   35  405.00000  212.00000  47.7%  40.5 1195s
 6253015  7976 infeasible   73       405.00000  212.00000  47.7%  40.5 1200s
 6281121  8141 infeasible   69       405.00000  212.00000  47.7%  40.5 1205s
 6307839  8008 infeasible   68       405.00000  212.00000  47.7%  40.5 1210s
 6335224  7977 infeasible   72       405.00000  212.00000  47.7%  40.5 1215s
 6361259  8064  212.00000   71   43  405.00000  212.00000  47.7%  40.5 1220s
 6389815  7959  212.00000   64   39  405.00000  212.00000  47.7%  40.5 1225s
 6418253  7799 infeasible   79       405.00000  212.00000  47.7%  40.5 1230s
 6444320  7798  212.00000   68   34  405.00000  212.00000  47.7%  40.5 1235s
 6472424  7937  212.00000   79   26  405.00000  212.00000  47.7%  40.5 1240s
 6499037  7991  212.00000   63   37  405.00000  212.00000  47.7%  40.5 1245s
 6526521  7873 infeasible   70       405.00000  212.00000  47.7%  40.5 1250s
 6553904  7914 infeasible   70       405.00000  212.00000  47.7%  40.5 1255s
 6583367  7642  212.00000   56   38  405.00000  212.00000  47.7%  40.4 1260s
 6609090  7676  212.00000   71   35  405.00000  212.00000  47.7%  40.4 1265s
 6636578  8020  212.00000   66   16  405.00000  212.00000  47.7%  40.4 1270s
 6664177  7871  212.00000   63   35  405.00000  212.00000  47.7%  40.4 1275s
 6692796  7591  212.00000   66   19  405.00000  212.00000  47.7%  40.4 1280s
 6717596  7710 infeasible   76       405.00000  212.00000  47.7%  40.4 1285s
 6744052  7666 infeasible   66       405.00000  212.00000  47.7%  40.4 1290s
 6771693  7441 infeasible   72       405.00000  212.00000  47.7%  40.4 1295s
 6798757  7383  404.00000   61   41  405.00000  404.00000  0.25%  40.4 1300s
 6828578  8489 infeasible   78       405.00000  404.00000  0.25%  40.4 1305s
 6870846  8974  404.00000   87   21  405.00000  404.00000  0.25%  40.3 1310s
 6914821  9408     cutoff   84       405.00000  404.00000  0.25%  40.2 1315s
 6965321  9415     cutoff   86       405.00000  404.00000  0.25%  40.0 1320s
 7012861  9231  404.00000   72   28  405.00000  404.00000  0.25%  39.8 1325s
 7055631  9134  404.00000   60   12  405.00000  404.00000  0.25%  39.7 1330s
 7100229  9202  404.00000   83   32  405.00000  404.00000  0.25%  39.6 1335s
 7134035  9018  404.00000   76   28  405.00000  404.00000  0.25%  39.5 1340s
 7160790  8877 infeasible   73       405.00000  404.00000  0.25%  39.5 1345s
 7185131  8960  404.00000   60   23  405.00000  404.00000  0.25%  39.5 1350s
 7209393  8832  404.00000   76   26  405.00000  404.00000  0.25%  39.6 1355s
 7238613  9081 infeasible   73       405.00000  404.00000  0.25%  39.5 1360s
 7267264  8871  404.00000   85   22  405.00000  404.00000  0.25%  39.5 1365s
 7296870  8993  404.00000   72   33  405.00000  404.00000  0.25%  39.5 1370s
 7326619  8846  404.00000   74   33  405.00000  404.00000  0.25%  39.5 1375s
 7355573  8899 infeasible   74       405.00000  404.00000  0.25%  39.5 1380s
 7383343  9028 infeasible   72       405.00000  404.00000  0.25%  39.5 1385s
 7410678  8869  404.00000   84   36  405.00000  404.00000  0.25%  39.5 1390s
 7438689  9032 infeasible   80       405.00000  404.00000  0.25%  39.5 1395s
 7466771  8978  404.00000   75   19  405.00000  404.00000  0.25%  39.5 1400s
 7492351  9276 infeasible   80       405.00000  404.00000  0.25%  39.5 1405s
 7520564  9168  404.00000   81   18  405.00000  404.00000  0.25%  39.5 1410s
 7548872  8909  404.00000   73   11  405.00000  404.00000  0.25%  39.6 1415s
 7575414  8719 infeasible   79       405.00000  404.00000  0.25%  39.6 1420s
 7601859  8588  404.00000   58   23  405.00000  404.00000  0.25%  39.6 1425s
 7628476  8519 infeasible   69       405.00000  404.00000  0.25%  39.6 1430s
 7654045  8667  404.00000   74   38  405.00000  404.00000  0.25%  39.6 1435s
 7680068  8523 infeasible   67       405.00000  404.00000  0.25%  39.6 1440s
 7706119  8884  404.00000   85   29  405.00000  404.00000  0.25%  39.6 1445s
 7733302  8916  404.00000   81   33  405.00000  404.00000  0.25%  39.6 1450s
 7758369  8706 infeasible   77       405.00000  404.00000  0.25%  39.7 1455s
 7784580  8556     cutoff   80       405.00000  404.00000  0.25%  39.7 1460s
 7811635  8912 infeasible   87       405.00000  404.00000  0.25%  39.7 1465s
 7847073 10145  404.00000   88   22  405.00000  404.00000  0.25%  39.6 1470s
 7881948 10668     cutoff   79       405.00000  404.00000  0.25%  39.6 1475s
 7918153 10902 infeasible   76       405.00000  404.00000  0.25%  39.5 1480s
 7948348 11022 infeasible   73       405.00000  404.00000  0.25%  39.5 1485s
 7976487 11508 infeasible   83       405.00000  404.00000  0.25%  39.5 1490s
 8010000 12447  404.00000   64   30  405.00000  404.00000  0.25%  39.4 1495s
 8044703 12870  404.00000   63   28  405.00000  404.00000  0.25%  39.4 1500s
 8074634 13122  404.00000   75   35  405.00000  404.00000  0.25%  39.4 1505s
 8103417 13349  404.00000   79   28  405.00000  404.00000  0.25%  39.4 1510s
 8129367 13854  404.00000   72   38  405.00000  404.00000  0.25%  39.4 1515s
 8156847 14285     cutoff   88       405.00000  404.00000  0.25%  39.4 1520s
 8187504 14563 infeasible   73       405.00000  404.00000  0.25%  39.4 1525s
 8218384 14577  404.00000   74   17  405.00000  404.00000  0.25%  39.4 1530s
 8246933 14442  404.00000   83   30  405.00000  404.00000  0.25%  39.4 1535s
 8273486 14252  404.00000   74   31  405.00000  404.00000  0.25%  39.4 1540s
 8301843 14349  404.00000   74   26  405.00000  404.00000  0.25%  39.4 1545s
 8330449 14235  404.00000   63   27  405.00000  404.00000  0.25%  39.4 1550s
 8360728 14061  404.00000   75   26  405.00000  404.00000  0.25%  39.4 1555s
 8390930 14546 infeasible   78       405.00000  404.00000  0.25%  39.4 1560s
 8427377 14588 infeasible   77       405.00000  404.00000  0.25%  39.3 1565s
 8464094 14378  404.00000   82   18  405.00000  404.00000  0.25%  39.2 1570s
 8498022 14118 infeasible   92       405.00000  404.00000  0.25%  39.2 1575s
 8531887 14017  404.00000   88   24  405.00000  404.00000  0.25%  39.2 1580s
 8559616 14126  404.00000   76   27  405.00000  404.00000  0.25%  39.2 1585s
 8585582 13971  404.00000   75   37  405.00000  404.00000  0.25%  39.2 1590s
 8612962 14038 infeasible   77       405.00000  404.00000  0.25%  39.2 1595s
 8642694 13899 infeasible   85       405.00000  404.00000  0.25%  39.2 1600s
 8669343 13881 infeasible   77       405.00000  404.00000  0.25%  39.2 1605s
 8694905 14043 infeasible   80       405.00000  404.00000  0.25%  39.2 1610s
 8723708 13910 infeasible   72       405.00000  404.00000  0.25%  39.2 1615s
 8750095 13792  404.00000   67   39  405.00000  404.00000  0.25%  39.3 1620s
 8778741 13693 infeasible   69       405.00000  404.00000  0.25%  39.2 1625s
 8811453 14349 infeasible   85       405.00000  404.00000  0.25%  39.2 1630s
 8856805 14261  404.00000   87   22  405.00000  404.00000  0.25%  39.1 1635s
 8896576 13994     cutoff   88       405.00000  404.00000  0.25%  39.0 1640s
 8941816 14061  404.00000   81   20  405.00000  404.00000  0.25%  38.9 1645s
 8993282 13958  404.00000   85   20  405.00000  404.00000  0.25%  38.8 1650s
 9043023 14032  404.00000   91   25  405.00000  404.00000  0.25%  38.6 1655s
 9091234 13852     cutoff   88       405.00000  404.00000  0.25%  38.5 1660s
 9125606 13825     cutoff   87       405.00000  404.00000  0.25%  38.5 1665s
 9157604 13839  404.00000   73   20  405.00000  404.00000  0.25%  38.4 1670s
 9184028 13794 infeasible   88       405.00000  404.00000  0.25%  38.5 1675s
 9211594 13685 infeasible   74       405.00000  404.00000  0.25%  38.5 1680s
 9243058 13627     cutoff   79       405.00000  404.00000  0.25%  38.5 1685s
 9278050 13535  404.00000   67   29  405.00000  404.00000  0.25%  38.4 1690s
 9305097 13473 infeasible   83       405.00000  404.00000  0.25%  38.4 1695s
 9330612 13550 infeasible   70       405.00000  404.00000  0.25%  38.4 1700s
 9351517 13683 infeasible   68       405.00000  404.00000  0.25%  38.5 1705s
 9374005 13400 infeasible   77       405.00000  404.00000  0.25%  38.5 1710s
 9400307 13280  404.00000   81   28  405.00000  404.00000  0.25%  38.5 1715s
 9427838 13003 infeasible   77       405.00000  404.00000  0.25%  38.5 1720s
 9454060 12993  404.00000   70   40  405.00000  404.00000  0.25%  38.5 1725s
 9477987 13425 infeasible   80       405.00000  404.00000  0.25%  38.5 1730s
 9500002 13373 infeasible   84       405.00000  404.00000  0.25%  38.6 1735s
 9525169 13367 infeasible   77       405.00000  404.00000  0.25%  38.6 1740s
 9550649 13297 infeasible   79       405.00000  404.00000  0.25%  38.6 1745s
 9574713 13051 infeasible   72       405.00000  404.00000  0.25%  38.6 1750s
 9597834 13171  404.00000   77   32  405.00000  404.00000  0.25%  38.6 1755s
 9620532 13148 infeasible   70       405.00000  404.00000  0.25%  38.7 1760s
 9643456 12915 infeasible   83       405.00000  404.00000  0.25%  38.7 1765s
 9666307 12841  404.00000   72   19  405.00000  404.00000  0.25%  38.7 1770s
 9703721 14046  404.00000   76   25  405.00000  404.00000  0.25%  38.7 1775s
 9745661 13834  404.00000   78   27  405.00000  404.00000  0.25%  38.6 1780s
 9789494 13562  404.00000   78   36  405.00000  404.00000  0.25%  38.5 1785s
 9836022 13496  404.00000   79   21  405.00000  404.00000  0.25%  38.4 1790s
 9883692 13431 infeasible   88       405.00000  404.00000  0.25%  38.3 1795s
 9927104 13522  404.00000   71   33  405.00000  404.00000  0.25%  38.2 1800s
 9972638 13932 infeasible   75       405.00000  404.00000  0.25%  38.1 1805s
 10017759 14122  404.00000   91   29  405.00000  404.00000  0.25%  38.0 1810s
 10064030 14050     cutoff   84       405.00000  404.00000  0.25%  37.9 1815s
 10110420 13801     cutoff   77       405.00000  404.00000  0.25%  37.8 1820s
 10156343 13609     cutoff   80       405.00000  404.00000  0.25%  37.7 1825s
 10203502 13626  404.00000   71   38  405.00000  404.00000  0.25%  37.6 1830s
 10245205 13540     cutoff   81       405.00000  404.00000  0.25%  37.5 1835s
 10292180 13361  404.00000   86   30  405.00000  404.00000  0.25%  37.4 1840s
 10337613 13271 infeasible   83       405.00000  404.00000  0.25%  37.3 1845s
 10382886 13267     cutoff   90       405.00000  404.00000  0.25%  37.2 1850s
 10431366 13258  404.00000   71   26  405.00000  404.00000  0.25%  37.1 1855s
 10476734 12959  404.00000   78   28  405.00000  404.00000  0.25%  37.0 1860s
 10524403 12836     cutoff   79       405.00000  404.00000  0.25%  36.9 1865s
 10569984 12983  404.00000   82   24  405.00000  404.00000  0.25%  36.8 1870s
 10608031 12816 infeasible   75       405.00000  404.00000  0.25%  36.8 1875s
 10645456 12628  404.00000   82   24  405.00000  404.00000  0.25%  36.7 1880s
 10691211 13450  404.00000   79   12  405.00000  404.00000  0.25%  36.6 1885s
 10742643 12955     cutoff   83       405.00000  404.00000  0.25%  36.5 1890s
 10789773 12747  404.00000   81   25  405.00000  404.00000  0.25%  36.5 1895s
 10832679 12828     cutoff   82       405.00000  404.00000  0.25%  36.4 1900s
 10880194 13085  404.00000   84   18  405.00000  404.00000  0.25%  36.3 1905s
 10933380 12595     cutoff   89       405.00000  404.00000  0.25%  36.2 1910s
 10975484 12403 infeasible   69       405.00000  404.00000  0.25%  36.1 1915s
 11007139 12323  404.00000   71   55  405.00000  404.00000  0.25%  36.1 1920s
 11036252 12254     cutoff   89       405.00000  404.00000  0.25%  36.1 1925s
 11062142 12219  404.00000   80   25  405.00000  404.00000  0.25%  36.1 1930s
 11088729 12033  404.00000   64   30  405.00000  404.00000  0.25%  36.1 1935s
 11116335 12036 infeasible   74       405.00000  404.00000  0.25%  36.1 1940s
 11140906 11842 infeasible   82       405.00000  404.00000  0.25%  36.2 1945s
 11169792 12078  404.00000   66   28  405.00000  404.00000  0.25%  36.1 1950s
 11209451 12035  404.00000   83   28  405.00000  404.00000  0.25%  36.1 1955s
 11250494 11899  404.00000   88   32  405.00000  404.00000  0.25%  36.0 1960s
 11291670 11773 infeasible   75       405.00000  404.00000  0.25%  36.0 1965s
 11321087 11639  404.00000   88   35  405.00000  404.00000  0.25%  36.0 1970s
 11346817 11760  404.00000   66   29  405.00000  404.00000  0.25%  36.0 1975s
 11371767 11645  404.00000   75   32  405.00000  404.00000  0.25%  36.0 1980s
 11397022 11476 infeasible   74       405.00000  404.00000  0.25%  36.0 1985s
 11424526 11588 infeasible   78       405.00000  404.00000  0.25%  36.0 1990s
 11453812 11478 infeasible   80       405.00000  404.00000  0.25%  36.0 1995s
 11481424 11499  404.00000   78   26  405.00000  404.00000  0.25%  36.0 2000s
 11510296 11465 infeasible   76       405.00000  404.00000  0.25%  36.1 2005s
 11538423 11254  404.00000   67   20  405.00000  404.00000  0.25%  36.1 2010s
 11573421 11858 infeasible   88       405.00000  404.00000  0.25%  36.0 2015s
 11617802 11931     cutoff   89       405.00000  404.00000  0.25%  36.0 2020s
 11660835 11674     cutoff   82       405.00000  404.00000  0.25%  35.9 2025s
 11705787 11680  404.00000   91   24  405.00000  404.00000  0.25%  35.8 2030s
 11748108 11370  404.00000   78   20  405.00000  404.00000  0.25%  35.8 2035s
 11790359 11327 infeasible   71       405.00000  404.00000  0.25%  35.7 2040s
 11823415 11748  404.00000   70   34  405.00000  404.00000  0.25%  35.7 2045s
 11851151 11767  404.00000   73   36  405.00000  404.00000  0.25%  35.7 2050s
 11878204 11690  404.00000   75   31  405.00000  404.00000  0.25%  35.7 2055s
 11904740 11691  404.00000   80   26  405.00000  404.00000  0.25%  35.7 2060s
 11938631 11577  404.00000   73   26  405.00000  404.00000  0.25%  35.7 2065s
 11967809 11580 infeasible   74       405.00000  404.00000  0.25%  35.7 2070s
 11996871 11472 infeasible   80       405.00000  404.00000  0.25%  35.7 2075s
 12022048 11448  404.00000   75   30  405.00000  404.00000  0.25%  35.7 2080s
 12051001 11174  404.00000   77   24  405.00000  404.00000  0.25%  35.7 2085s
 12093802 11511     cutoff   89       405.00000  404.00000  0.25%  35.7 2090s
 12135909 11195 infeasible   78       405.00000  404.00000  0.25%  35.6 2095s
 12171593 11277  404.00000   66   30  405.00000  404.00000  0.25%  35.6 2100s
 12205328 11038 infeasible   75       405.00000  404.00000  0.25%  35.6 2105s
 12233970 11008  404.00000   79   31  405.00000  404.00000  0.25%  35.6 2110s
 12273382 11098  404.00000   89   33  405.00000  404.00000  0.25%  35.5 2115s
 12310580 10977  404.00000   82   25  405.00000  404.00000  0.25%  35.5 2120s
 12347196 10881  404.00000   83   22  405.00000  404.00000  0.25%  35.5 2125s
 12381590 10614  404.00000   71   34  405.00000  404.00000  0.25%  35.4 2130s
 12417858 10510  404.00000   69   48  405.00000  404.00000  0.25%  35.4 2135s
 12451647 10337     cutoff   85       405.00000  404.00000  0.25%  35.4 2140s
 12479470 10407 infeasible   68       405.00000  404.00000  0.25%  35.4 2145s
 12504684 10351  404.00000   74   27  405.00000  404.00000  0.25%  35.4 2150s
 12529276 10234 infeasible   82       405.00000  404.00000  0.25%  35.4 2155s
 12552920 10251  404.00000   70   31  405.00000  404.00000  0.25%  35.4 2160s
 12579493 10119  404.00000   75   33  405.00000  404.00000  0.25%  35.4 2165s
 12610943 10166  404.00000   62   32  405.00000  404.00000  0.25%  35.4 2170s
 12644411 10098  404.00000   76   41  405.00000  404.00000  0.25%  35.4 2175s
 12681352 10218  404.00000   88   36  405.00000  404.00000  0.25%  35.4 2180s
 12718809 10257  404.00000   82   34  405.00000  404.00000  0.25%  35.3 2185s
 12760650 10866     cutoff   87       405.00000  404.00000  0.25%  35.3 2190s
 12805500 10661  404.00000   86   32  405.00000  404.00000  0.25%  35.2 2195s
 12845720 10440 infeasible   70       405.00000  404.00000  0.25%  35.2 2200s
 12887555 10485  404.00000   73   41  405.00000  404.00000  0.25%  35.1 2205s
 12932170 10382  404.00000   85   29  405.00000  404.00000  0.25%  35.1 2210s
 12969785 10348  404.00000   85   29  405.00000  404.00000  0.25%  35.0 2215s
 13013943 10124  404.00000   87   29  405.00000  404.00000  0.25%  35.0 2220s
 13057728 10529  404.00000   88   29  405.00000  404.00000  0.25%  34.9 2225s
 13100676 10259  404.00000   93   26  405.00000  404.00000  0.25%  34.8 2230s
 13144954 10071  404.00000   91   34  405.00000  404.00000  0.25%  34.8 2235s
 13180617 10247  404.00000   96   22  405.00000  404.00000  0.25%  34.8 2240s
 13215942 10609 infeasible   73       405.00000  404.00000  0.25%  34.7 2245s
 13256628 10356     cutoff   86       405.00000  404.00000  0.25%  34.7 2250s
 13299511 10346 infeasible   77       405.00000  404.00000  0.25%  34.6 2255s
 13340061 10115     cutoff   90       405.00000  404.00000  0.25%  34.6 2260s
 13378310 10241     cutoff   94       405.00000  404.00000  0.25%  34.5 2265s
 13422851  9899  404.00000   86   35  405.00000  404.00000  0.25%  34.5 2270s
 13454613  9795 infeasible   76       405.00000  404.00000  0.25%  34.5 2275s
 13485206  9719     cutoff   86       405.00000  404.00000  0.25%  34.5 2280s
 13523651  9818     cutoff   81       405.00000  404.00000  0.25%  34.4 2285s
 13560485  9749     cutoff   80       405.00000  404.00000  0.25%  34.4 2290s
 13601698 10023  404.00000   86   30  405.00000  404.00000  0.25%  34.4 2295s
 13646888  9940     cutoff   83       405.00000  404.00000  0.25%  34.3 2300s
 13689131  9751 infeasible   80       405.00000  404.00000  0.25%  34.3 2305s
 13737286  9608  404.00000   85   26  405.00000  404.00000  0.25%  34.2 2310s
 13784037  9377  404.00000   78   30  405.00000  404.00000  0.25%  34.1 2315s
 13831658  9408  404.00000   83   26  405.00000  404.00000  0.25%  34.1 2320s
 13872661  9175  404.00000   74   26  405.00000  404.00000  0.25%  34.0 2325s
 13905437  9255  404.00000   79   20  405.00000  404.00000  0.25%  34.0 2330s
 13942620  9557  404.00000   89   22  405.00000  404.00000  0.25%  34.0 2335s
 13985830  9363     cutoff   95       405.00000  404.00000  0.25%  34.0 2340s
 14028871  9206  404.00000   71   30  405.00000  404.00000  0.25%  33.9 2345s
 14068500  9216  404.00000   85   21  405.00000  404.00000  0.25%  33.9 2350s
 14102205  9221 infeasible   81       405.00000  404.00000  0.25%  33.9 2355s
 14136254  9304     cutoff   87       405.00000  404.00000  0.25%  33.9 2360s
 14169641  9698     cutoff   75       405.00000  404.00000  0.25%  33.8 2365s
 14211800  9432     cutoff   89       405.00000  404.00000  0.25%  33.8 2370s
 14251428  9576 infeasible   75       405.00000  404.00000  0.25%  33.8 2375s
 14291968  9346     cutoff   82       405.00000  404.00000  0.25%  33.7 2380s
 14333699  9124     cutoff   91       405.00000  404.00000  0.25%  33.7 2385s
 14372085  9181  404.00000   85   20  405.00000  404.00000  0.25%  33.7 2390s
 14416552  9162     cutoff   89       405.00000  404.00000  0.25%  33.6 2395s
 14458707  9357  404.00000   73   32  405.00000  404.00000  0.25%  33.6 2400s
 14499608  9706  404.00000   74   24  405.00000  404.00000  0.25%  33.5 2405s
 14539506  9310 infeasible   72       405.00000  404.00000  0.25%  33.5 2410s
 14581739  9195  404.00000   78   23  405.00000  404.00000  0.25%  33.5 2415s
 14626812  9475     cutoff   78       405.00000  404.00000  0.25%  33.4 2420s
 14671860  9351  404.00000   82   21  405.00000  404.00000  0.25%  33.4 2425s
 14719436  9100  404.00000   83   24  405.00000  404.00000  0.25%  33.3 2430s
 14760163  9341     cutoff   91       405.00000  404.00000  0.25%  33.3 2435s
 14797291  9085     cutoff   92       405.00000  404.00000  0.25%  33.3 2440s
 14839170  9112  404.00000   80   29  405.00000  404.00000  0.25%  33.2 2445s
 14880094  9408  404.00000   76   32  405.00000  404.00000  0.25%  33.2 2450s
 14925682  9031     cutoff   85       405.00000  404.00000  0.25%  33.1 2455s
 14966251  8822  404.00000   85   30  405.00000  404.00000  0.25%  33.1 2460s
 15010640  9065     cutoff   78       405.00000  404.00000  0.25%  33.1 2465s
 15053898  8916     cutoff   90       405.00000  404.00000  0.25%  33.0 2470s
 15092142  9149  404.00000   79   23  405.00000  404.00000  0.25%  33.0 2475s
 15135406  8862     cutoff   81       405.00000  404.00000  0.25%  33.0 2480s
 15175074  8818     cutoff   90       405.00000  404.00000  0.25%  33.0 2485s
 15213963  8655 infeasible   77       405.00000  404.00000  0.25%  32.9 2490s
 15242383  8746  404.00000   74   21  405.00000  404.00000  0.25%  32.9 2495s
 15271586  8696 infeasible   73       405.00000  404.00000  0.25%  32.9 2500s
 15311073  8816     cutoff   90       405.00000  404.00000  0.25%  32.9 2505s
 15358122  8762  404.00000   78   33  405.00000  404.00000  0.25%  32.9 2510s
 15405045  8692 infeasible   72       405.00000  404.00000  0.25%  32.8 2515s
 15442651  8365 infeasible   68       405.00000  404.00000  0.25%  32.8 2520s
 15478676  8834 infeasible   73       405.00000  404.00000  0.25%  32.8 2525s
 15525288  8652  404.00000   76   38  405.00000  404.00000  0.25%  32.7 2530s
 15567201  8641  404.00000   75   25  405.00000  404.00000  0.25%  32.7 2535s
 15609993  8344  404.00000   74   42  405.00000  404.00000  0.25%  32.6 2540s
 15638903  8305 infeasible   72       405.00000  404.00000  0.25%  32.6 2545s
 15666884  8178  404.00000   72   30  405.00000  404.00000  0.25%  32.7 2550s
 15692374  8968 infeasible   72       405.00000  404.00000  0.25%  32.7 2555s
 15714916  9563 infeasible   62       405.00000  404.00000  0.25%  32.7 2560s
 15738463  9569  404.00000   67   32  405.00000  404.00000  0.25%  32.7 2565s
 15758438  9498  404.00000   65   28  405.00000  404.00000  0.25%  32.7 2570s
 15780882  9292 infeasible   68       405.00000  404.00000  0.25%  32.8 2575s
 15804468  9300 infeasible   68       405.00000  404.00000  0.25%  32.8 2580s
 15827059  9111 infeasible   71       405.00000  404.00000  0.25%  32.8 2585s
 15849259  9001  404.00000   72   31  405.00000  404.00000  0.25%  32.8 2590s
 15870913  8903  404.00000   64   31  405.00000  404.00000  0.25%  32.9 2595s
 15893700  8772 infeasible   73       405.00000  404.00000  0.25%  32.9 2600s
 15917759  8785  404.00000   67   34  405.00000  404.00000  0.25%  32.9 2605s
 15940243  8635 infeasible   63       405.00000  404.00000  0.25%  32.9 2610s
 15964736  8587  404.00000   75   39  405.00000  404.00000  0.25%  33.0 2615s
 15986490  8598 infeasible   69       405.00000  404.00000  0.25%  33.0 2620s
 16006983  8635  404.00000   70   32  405.00000  404.00000  0.25%  33.0 2625s
H16024736  8443                     404.9999995  404.00000  0.25%  33.0 2629s
 16028384  8456 infeasible   77       405.00000  404.00000  0.25%  33.0 2630s
 16052634  8471  404.00000   70   23  405.00000  404.00000  0.25%  33.1 2635s
H16060177  8416                     404.9999995  404.00000  0.25%  33.1 2636s
 16077052  8489 infeasible   73       405.00000  404.00000  0.25%  33.1 2640s
 16101883  8335  404.00000   73   27  405.00000  404.00000  0.25%  33.1 2645s
 16125875  8445  404.00000   69   38  405.00000  404.00000  0.25%  33.1 2650s
 16149968  8379 infeasible   70       405.00000  404.00000  0.25%  33.1 2655s
 16173888  8232  404.00000   68   32  405.00000  404.00000  0.25%  33.2 2660s
 16195000  7998  404.00000   72   52  405.00000  404.00000  0.25%  33.2 2665s
 16219770  8017  404.00000   63   36  405.00000  404.00000  0.25%  33.2 2670s
 16244403  7894 infeasible   70       405.00000  404.00000  0.25%  33.2 2675s
 16268158  7797  404.00000   71   36  405.00000  404.00000  0.25%  33.2 2680s
 16292539  7709 infeasible   75       405.00000  404.00000  0.25%  33.2 2685s
 16318958  8227 infeasible   66       405.00000  404.00000  0.25%  33.3 2690s
 16342896  8822 infeasible   70       405.00000  404.00000  0.25%  33.3 2695s
H16356999  9013                     404.9999994  404.00000  0.25%  33.3 2697s
H16362387  9009                     404.9999994  404.00000  0.25%  33.3 2699s
 16366639  9002  404.00000   63   39  405.00000  404.00000  0.25%  33.3 2700s
 16391499  8794 infeasible   66       405.00000  404.00000  0.25%  33.3 2705s
 16416463  8614 infeasible   71       405.00000  404.00000  0.25%  33.3 2710s
 16443300  8451  404.00000   75   44  405.00000  404.00000  0.25%  33.3 2715s
 16468626  8288 infeasible   71       405.00000  404.00000  0.25%  33.3 2720s
 16493552  8340  404.00000   70   34  405.00000  404.00000  0.25%  33.4 2725s
 16517987  8206 infeasible   67       405.00000  404.00000  0.25%  33.4 2730s
 16542668  8177  404.00000   70   27  405.00000  404.00000  0.25%  33.4 2735s
 16565498  8052  404.00000   54   45  405.00000  404.00000  0.25%  33.4 2740s
 16591239  8022  404.00000   65   32  405.00000  404.00000  0.25%  33.4 2745s
 16617955  8009  404.00000   72   29  405.00000  404.00000  0.25%  33.4 2750s
 16643116  7946 infeasible   66       405.00000  404.00000  0.25%  33.4 2755s
 16669359  7924 infeasible   72       405.00000  404.00000  0.25%  33.5 2760s
 16694913  7991  404.00000   59   39  405.00000  404.00000  0.25%  33.5 2765s
 16719427  8358  404.00000   67   39  405.00000  404.00000  0.25%  33.5 2770s
 16743291  8298  404.00000   72   34  405.00000  404.00000  0.25%  33.5 2775s
H16762190  8043                     404.9999994  404.00000  0.25%  33.5 2778s
 16767069  7957 infeasible   69       405.00000  404.00000  0.25%  33.5 2780s
 16794024  7852 infeasible   75       405.00000  404.00000  0.25%  33.5 2785s
 16819976  7728 infeasible   72       405.00000  404.00000  0.25%  33.6 2790s
 16847464  7495 infeasible   64       405.00000  404.00000  0.25%  33.6 2795s
 16877620  7509  404.00000   92   26  405.00000  404.00000  0.25%  33.6 2800s
 16905064  7524 infeasible   69       405.00000  404.00000  0.25%  33.6 2805s
 16929422  7679  404.00000   77   31  405.00000  404.00000  0.25%  33.6 2810s
 16950591  7599 infeasible   73       405.00000  404.00000  0.25%  33.6 2815s
 16973822  7402  404.00000   80   40  405.00000  404.00000  0.25%  33.6 2820s
 17000832  7355  404.00000   71   37  405.00000  404.00000  0.25%  33.6 2825s
 17031126  7238  404.00000   80   33  405.00000  404.00000  0.25%  33.6 2830s
 17059771  7168 infeasible   70       405.00000  404.00000  0.25%  33.7 2835s
 17085641  7336 infeasible   73       405.00000  404.00000  0.25%  33.7 2840s
 17111670  7245 infeasible   69       405.00000  404.00000  0.25%  33.7 2845s
 17138917  7109  404.00000   61   36  405.00000  404.00000  0.25%  33.7 2850s
 17166795  7514  404.00000   63   35  405.00000  404.00000  0.25%  33.7 2855s
 17202310  7663 infeasible   75       405.00000  404.00000  0.25%  33.7 2860s
 17247367  7628  404.00000   93   19  405.00000  404.00000  0.25%  33.7 2865s
 17290356  7572  404.00000   86   31  405.00000  404.00000  0.25%  33.6 2870s
 17327170  7310 infeasible   72       405.00000  404.00000  0.25%  33.6 2875s
 17359833  7535  404.00000   77   29  405.00000  404.00000  0.25%  33.6 2880s
 17405606  7553  404.00000   83   23  405.00000  404.00000  0.25%  33.5 2885s
 17452332  7243  404.00000   81   24  405.00000  404.00000  0.25%  33.5 2890s
 17484225  7061 infeasible   73       405.00000  404.00000  0.25%  33.5 2895s
 17513195  7003  404.00000   69   38  405.00000  404.00000  0.25%  33.5 2900s
H17527507  6834                     404.9999993  404.00000  0.25%  33.5 2902s
 17542378  6896 infeasible   75       405.00000  404.00000  0.25%  33.5 2905s
H17544242  6876                     404.9999993  404.00000  0.25%  33.5 2905s
 17567608  6767 infeasible   72       405.00000  404.00000  0.25%  33.5 2910s
 17595911  6920     cutoff   90       405.00000  404.00000  0.25%  33.5 2915s
 17632717  6777 infeasible   68       405.00000  404.00000  0.25%  33.5 2920s
 17668994  6734  404.00000   75   22  405.00000  404.00000  0.25%  33.5 2925s
 17702817  6737 infeasible   74       405.00000  404.00000  0.25%  33.5 2930s
 17741938  6609  404.00000   63   28  405.00000  404.00000  0.25%  33.5 2935s
 17781559  6869  404.00000   77   26  405.00000  404.00000  0.25%  33.4 2940s
 17822750  6647  404.00000   82   34  405.00000  404.00000  0.25%  33.4 2945s
 17861405  6578 infeasible   83       405.00000  404.00000  0.25%  33.4 2950s
 17888837  6546  404.00000   75   45  405.00000  404.00000  0.25%  33.4 2955s
 17912090  6534  404.00000   75   27  405.00000  404.00000  0.25%  33.4 2960s
 17939001  6820  404.00000   71   29  405.00000  404.00000  0.25%  33.4 2965s
 17964120  7009 infeasible   77       405.00000  404.00000  0.25%  33.4 2970s
 17987941  7078  404.00000   76   32  405.00000  404.00000  0.25%  33.4 2975s
 18010020  7092  404.00000   70   29  405.00000  404.00000  0.25%  33.5 2980s
 18032499  6886  404.00000   81   36  405.00000  404.00000  0.25%  33.5 2985s
 18058162  6698  404.00000   81   34  405.00000  404.00000  0.25%  33.5 2990s
 18082583  6582 infeasible   77       405.00000  404.00000  0.25%  33.5 2995s
 18106686  6610  404.00000   75   25  405.00000  404.00000  0.25%  33.5 3000s
 18131878  6311 infeasible   79       405.00000  404.00000  0.25%  33.6 3005s
 18165315  5923 infeasible   75       405.00000  404.00000  0.25%  33.6 3010s
 18194246  5815 infeasible   78       405.00000  404.00000  0.25%  33.6 3015s
 18221014  5786  404.00000   73   24  405.00000  404.00000  0.25%  33.6 3020s
 18246529  5842  404.00000   70   19  405.00000  404.00000  0.25%  33.6 3025s
 18268410  5753  404.00000   72   16  405.00000  404.00000  0.25%  33.6 3030s
 18292793  5735 infeasible   72       405.00000  404.00000  0.25%  33.6 3035s
 18315374  5854 infeasible   67       405.00000  404.00000  0.25%  33.6 3040s
 18339275  5754  404.00000   68   23  405.00000  404.00000  0.25%  33.7 3045s
 18361670  5904  404.00000   72   17  405.00000  404.00000  0.25%  33.7 3050s
 18382352  5694  404.00000   66   22  405.00000  404.00000  0.25%  33.7 3055s
 18408272  5579  404.00000   75   27  405.00000  404.00000  0.25%  33.7 3060s
 18433380  6392 infeasible   78       405.00000  404.00000  0.25%  33.7 3065s
 18457511  6719  404.00000   73   29  405.00000  404.00000  0.25%  33.8 3070s
 18480896  6876 infeasible   70       405.00000  404.00000  0.25%  33.8 3075s
 18503380  6854 infeasible   74       405.00000  404.00000  0.25%  33.8 3080s
 18526167  6584  404.00000   74   41  405.00000  404.00000  0.25%  33.8 3085s
H18528858  6581                     404.9999992  404.00000  0.25%  33.8 3085s
H18530312  6553                     404.9999992  404.00000  0.25%  33.8 3085s
 18549885  6560  404.00000   69   34  405.00000  404.00000  0.25%  33.8 3090s
 18573442  6743  404.00000   67   25  405.00000  404.00000  0.25%  33.8 3095s
 18595380  6743  404.00000   69   57  405.00000  404.00000  0.25%  33.9 3100s
 18617958  6717 infeasible   70       405.00000  404.00000  0.25%  33.9 3105s
H18629672  6727                     404.9999991  404.00000  0.25%  33.9 3107s
 18639756  6676  404.00000   71   48  405.00000  404.00000  0.25%  33.9 3110s
 18662143  6576 infeasible   76       405.00000  404.00000  0.25%  33.9 3115s
 18682125  6550 infeasible   74       405.00000  404.00000  0.25%  33.9 3120s
 18703026  6465  404.00000   70   47  405.00000  404.00000  0.25%  34.0 3125s
 18726010  6281  404.00000   66   41  405.00000  404.00000  0.25%  34.0 3130s
 18760491  6629  404.00000   76   34  405.00000  404.00000  0.25%  34.0 3135s
 18805240  6660 infeasible   78       405.00000  404.00000  0.25%  33.9 3140s
 18849139  6430  404.00000   77   31  405.00000  404.00000  0.25%  33.9 3145s
H18884311  6237                     404.9999991  404.00000  0.25%  33.9 3149s
 18884588  6245  404.00000   63   48  405.00000  404.00000  0.25%  33.9 3150s
 18911705  6138  404.00000   71   24  405.00000  404.00000  0.25%  33.9 3155s
 18934957  6126  404.00000   83   25  405.00000  404.00000  0.25%  33.9 3160s
 18960232  6006  404.00000   73   34  405.00000  404.00000  0.25%  33.9 3165s
 18984123  6102  404.00000   71   52  405.00000  404.00000  0.25%  33.9 3170s
 19007611  5946 infeasible   74       405.00000  404.00000  0.25%  33.9 3175s
 19033176  5890 infeasible   81       405.00000  404.00000  0.25%  34.0 3180s
 19058790  5827  404.00000   77   23  405.00000  404.00000  0.25%  34.0 3185s
 19082233  5885  404.00000   69   25  405.00000  404.00000  0.25%  34.0 3190s
 19104736  5698     cutoff   84       405.00000  404.00000  0.25%  34.0 3195s
 19132117  5875 infeasible   68       405.00000  404.00000  0.25%  34.0 3200s
 19167016  5895  404.00000   80   28  405.00000  404.00000  0.25%  34.0 3205s
 19200974  5714  404.00000   80   22  405.00000  404.00000  0.25%  34.0 3210s
 19227890  5700  404.00000   67   23  405.00000  404.00000  0.25%  34.0 3215s
H19242216  5651                     404.9999991  404.00000  0.25%  34.0 3217s
 19252014  5600 infeasible   75       405.00000  404.00000  0.25%  34.0 3220s
H19257773  5633                     404.9999990  404.00000  0.25%  34.0 3220s
 19279686  5703  404.00000   75   38  405.00000  404.00000  0.25%  34.0 3225s
 19306320  5623 infeasible   86       405.00000  404.00000  0.25%  34.0 3230s
 19332323  5749 infeasible   73       405.00000  404.00000  0.25%  34.0 3235s
 19363020  5546  404.00000   60   33  405.00000  404.00000  0.25%  34.0 3240s
 19391242  5436  404.00000   65   28  405.00000  404.00000  0.25%  34.0 3245s
 19415395  5404 infeasible   74       405.00000  404.00000  0.25%  34.0 3250s
 19438213  5878 infeasible   70       405.00000  404.00000  0.25%  34.1 3255s
 19460942  6053  404.00000   72   23  405.00000  404.00000  0.25%  34.1 3260s
 19483758  5921  404.00000   67   29  405.00000  404.00000  0.25%  34.1 3265s
 19505880  5672 infeasible   73       405.00000  404.00000  0.25%  34.1 3270s
 19526000  5557  404.00000   67   32  405.00000  404.00000  0.25%  34.1 3275s
 19548230  5577  404.00000   60   45  405.00000  404.00000  0.25%  34.2 3280s
 19570671  5412  404.00000   74   24  405.00000  404.00000  0.25%  34.2 3285s
 19597511  5614 infeasible   69       405.00000  404.00000  0.25%  34.2 3290s
 19624569  5720 infeasible   71       405.00000  404.00000  0.25%  34.2 3295s
 19649349  5576 infeasible   64       405.00000  404.00000  0.25%  34.2 3300s
 19677572  5640  404.00000   69   51  405.00000  404.00000  0.25%  34.2 3305s
 19704762  5495 infeasible   73       405.00000  404.00000  0.25%  34.2 3310s
 19733683  5587 infeasible   67       405.00000  404.00000  0.25%  34.2 3315s
 19766186  5467 infeasible   76       405.00000  404.00000  0.25%  34.2 3320s
 19795704  5335  404.00000   69   28  405.00000  404.00000  0.25%  34.2 3325s
 19820987  5594 infeasible   75       405.00000  404.00000  0.25%  34.2 3330s
 19844449  5381 infeasible   77       405.00000  404.00000  0.25%  34.2 3335s
 19868409  5330  404.00000   61   46  405.00000  404.00000  0.25%  34.2 3340s
 19891757  5730 infeasible   71       405.00000  404.00000  0.25%  34.3 3345s
 19912238  5959  404.00000   68   28  405.00000  404.00000  0.25%  34.3 3350s
 19932962  5907  404.00000   84   46  405.00000  404.00000  0.25%  34.3 3355s
 19955030  5696 infeasible   74       405.00000  404.00000  0.25%  34.3 3360s
 19976028  5651 infeasible   79       405.00000  404.00000  0.25%  34.3 3365s
 19998065  5503  404.00000   67   39  405.00000  404.00000  0.25%  34.4 3370s
 20019682  5402 infeasible   70       405.00000  404.00000  0.25%  34.4 3375s
 20041276  5290 infeasible   72       405.00000  404.00000  0.25%  34.4 3380s
 20065219  5470     cutoff   84       405.00000  404.00000  0.25%  34.4 3385s
 20092393  5548     cutoff   87       405.00000  404.00000  0.25%  34.4 3390s
 20125366  5241 infeasible   74       405.00000  404.00000  0.25%  34.4 3395s
 20152034  5233 infeasible   77       405.00000  404.00000  0.25%  34.4 3400s
 20180428  5195 infeasible   72       405.00000  404.00000  0.25%  34.4 3405s
 20204638  5425 infeasible   87       405.00000  404.00000  0.25%  34.4 3410s
 20228710  5223 infeasible   72       405.00000  404.00000  0.25%  34.5 3415s
 20252622  5246  404.00000   68   35  405.00000  404.00000  0.25%  34.5 3420s
 20276901  5275 infeasible   76       405.00000  404.00000  0.25%  34.5 3425s
 20300857  5228 infeasible   70       405.00000  404.00000  0.25%  34.5 3430s
 20324804  5466  404.00000   70   37  405.00000  404.00000  0.25%  34.5 3435s
 20349897  5378 infeasible   72       405.00000  404.00000  0.25%  34.5 3440s
 20376285  5229 infeasible   77       405.00000  404.00000  0.25%  34.5 3445s
 20402059  5731 infeasible   69       405.00000  404.00000  0.25%  34.6 3450s
 20427429  5937  404.00000   77   40  405.00000  404.00000  0.25%  34.6 3455s
 20452179  5803  404.00000   72   27  405.00000  404.00000  0.25%  34.6 3460s
 20474705  5642 infeasible   71       405.00000  404.00000  0.25%  34.6 3465s
 20500834  5505  404.00000   72   45  405.00000  404.00000  0.25%  34.6 3470s
 20527131  5447  404.00000   75   21  405.00000  404.00000  0.25%  34.6 3475s
H20552366  5396                     404.9999990  404.00000  0.25%  34.6 3479s
 20554567  5376  404.00000   72   34  405.00000  404.00000  0.25%  34.6 3480s
 20581052  5258 infeasible   76       405.00000  404.00000  0.25%  34.6 3485s
 20606941  5477 infeasible   77       405.00000  404.00000  0.25%  34.6 3490s
 20633234  5392  404.00000   80   37  405.00000  404.00000  0.25%  34.6 3495s
 20659647  5217 infeasible   75       405.00000  404.00000  0.25%  34.6 3500s
 20684194  5134  404.00000   66   30  405.00000  404.00000  0.25%  34.6 3505s
 20706192  5191 infeasible   88       405.00000  404.00000  0.25%  34.7 3510s
 20727406  5136  404.00000   67   25  405.00000  404.00000  0.25%  34.7 3515s
 20749532  5160  404.00000   68   30  405.00000  404.00000  0.25%  34.7 3520s
 20778651  5563 infeasible   74       405.00000  404.00000  0.25%  34.7 3525s
 20808921  5406  404.00000   77   29  405.00000  404.00000  0.25%  34.7 3530s
 20842855  5623  404.00000   71   26  405.00000  404.00000  0.25%  34.7 3535s
 20876028  5299  404.00000   79   28  405.00000  404.00000  0.25%  34.7 3540s
 20910330  5226  404.00000   76   36  405.00000  404.00000  0.25%  34.7 3545s
H20919326  5253                     404.9999989  404.00000  0.25%  34.7 3546s
 20942656  5126  404.00000   78   22  405.00000  404.00000  0.25%  34.7 3550s
 20971422  5391  404.00000   63   41  405.00000  404.00000  0.25%  34.7 3555s
 20999976  5226  404.00000   69   38  405.00000  404.00000  0.25%  34.7 3560s
 21027757  5125     cutoff   75       405.00000  404.00000  0.25%  34.7 3565s
 21054392  5305  404.00000   74   40  405.00000  404.00000  0.25%  34.7 3570s
 21075130  5398  404.00000   67   32  405.00000  404.00000  0.25%  34.7 3575s
 21098817  5316 infeasible   76       405.00000  404.00000  0.25%  34.7 3580s
 21122839  5202  404.00000   71   29  405.00000  404.00000  0.25%  34.7 3585s
 21146520  5030  404.00000   73   20  405.00000  404.00000  0.25%  34.8 3590s
 21171020  5043  404.00000   65   34  405.00000  404.00000  0.25%  34.8 3595s
 21194009  4991 infeasible   66       405.00000  404.00000  0.25%  34.8 3600s
 21218663  5021  404.00000   65   42  405.00000  404.00000  0.25%  34.8 3605s
 21243231  5241 infeasible   71       405.00000  404.00000  0.25%  34.8 3610s
 21270690  5033  404.00000   70   20  405.00000  404.00000  0.25%  34.8 3615s
 21296776  4931 infeasible   66       405.00000  404.00000  0.25%  34.8 3620s
 21319689  4917 infeasible   75       405.00000  404.00000  0.25%  34.8 3625s
 21344851  4833 infeasible   67       405.00000  404.00000  0.25%  34.8 3630s
 21369960  4826  404.00000   68   14  405.00000  404.00000  0.25%  34.9 3635s
 21394037  5118  404.00000   67   34  405.00000  404.00000  0.25%  34.9 3640s
 21419644  5118 infeasible   72       405.00000  404.00000  0.25%  34.9 3645s
 21444940  4974 infeasible   80       405.00000  404.00000  0.25%  34.9 3650s
 21470265  4862 infeasible   78       405.00000  404.00000  0.25%  34.9 3655s
 21494795  4879  404.00000   73   29  405.00000  404.00000  0.25%  34.9 3660s
H21505782  4774                     404.9862704  404.00000  0.24%  34.9 3662s
 21519754  5226  404.00000   68   36  404.98627  404.00000  0.24%  34.9 3665s
 21541022  5602  404.00000   75   32  404.98627  404.00000  0.24%  34.9 3670s
 21564587  5689 infeasible   75       404.98627  404.00000  0.24%  35.0 3675s
 21588125  5402 infeasible   70       404.98627  404.00000  0.24%  35.0 3680s
 21610501  5592 infeasible   88       404.98627  404.00000  0.24%  35.0 3685s
 21633426  5407 infeasible   80       404.98627  404.00000  0.24%  35.0 3690s
 21655086  5182  404.00000   67   22  404.98627  404.00000  0.24%  35.0 3695s
 21678346  5159 infeasible   71       404.98627  404.00000  0.24%  35.0 3700s
 21700053  5214 infeasible   75       404.98627  404.00000  0.24%  35.1 3705s
 21722867  5194  404.00000   71   30  404.98627  404.00000  0.24%  35.1 3710s
 21745873  5285  404.00000   82   30  404.98627  404.00000  0.24%  35.1 3715s
 21768729  5267 infeasible   83       404.98627  404.00000  0.24%  35.1 3720s
 21790326  5247  404.00000   70   36  404.98627  404.00000  0.24%  35.1 3725s
 21813124  5182 infeasible   74       404.98627  404.00000  0.24%  35.1 3730s
 21838369  5189  404.00000   79   35  404.98627  404.00000  0.24%  35.1 3735s
 21861439  4981  404.00000   75   33  404.98627  404.00000  0.24%  35.2 3740s
 21885929  4997  404.00000   77   30  404.98627  404.00000  0.24%  35.2 3745s
 21916068  5538  404.00000   86   32  404.98627  404.00000  0.24%  35.2 3750s
 21951273  5323  404.00000   69   41  404.98627  404.00000  0.24%  35.1 3755s
 21985504  5222 infeasible   74       404.98627  404.00000  0.24%  35.1 3760s
 22018798  5049     cutoff   80       404.98627  404.00000  0.24%  35.1 3765s
 22048473  4916  404.00000   68   31  404.98627  404.00000  0.24%  35.1 3770s
 22075281  4819 infeasible   71       404.98627  404.00000  0.24%  35.1 3775s
 22099021  4801  404.00000   69   26  404.98627  404.00000  0.24%  35.1 3780s
 22120297  5092 infeasible   76       404.98627  404.00000  0.24%  35.1 3785s
 22143067  5152 infeasible   69       404.98627  404.00000  0.24%  35.2 3790s
 22166390  5055 infeasible   74       404.98627  404.00000  0.24%  35.2 3795s
 22187681  4935  404.00000   76   21  404.98627  404.00000  0.24%  35.2 3800s
 22210361  4819  404.00000   68   36  404.98627  404.00000  0.24%  35.2 3805s
 22232852  4871 infeasible   74       404.98627  404.00000  0.24%  35.2 3810s
 22255747  4715  404.00000   70   34  404.98627  404.00000  0.24%  35.2 3815s
 22281002  5180 infeasible   70       404.98627  404.00000  0.24%  35.2 3820s
 22308506  5447  404.00000   63   45  404.98627  404.00000  0.24%  35.3 3825s
 22339852  5562 infeasible   83       404.98627  404.00000  0.24%  35.2 3830s
 22375957  5572 infeasible   77       404.98627  404.00000  0.24%  35.2 3835s
 22413288  5348 infeasible   76       404.98627  404.00000  0.24%  35.2 3840s
 22455186  5410  404.00000   77   25  404.98627  404.00000  0.24%  35.2 3845s
 22497115  5140  404.00000   72   32  404.98627  404.00000  0.24%  35.2 3850s
 22535903  5309  404.00000   86   25  404.98627  404.00000  0.24%  35.1 3855s
 22578359  5148  404.00000   70   29  404.98627  404.00000  0.24%  35.1 3860s
 22617186  4870  404.00000   76   33  404.98627  404.00000  0.24%  35.1 3865s
 22643812  4741 infeasible   68       404.98627  404.00000  0.24%  35.1 3870s
 22669295  4718  404.00000   74   28  404.98627  404.00000  0.24%  35.1 3875s
 22696446  4751 infeasible   76       404.98627  404.00000  0.24%  35.1 3880s
 22724560  4898 infeasible   74       404.98627  404.00000  0.24%  35.1 3885s
 22749359  5171  404.00000   68   35  404.98627  404.00000  0.24%  35.1 3890s
 22774588  5163  404.00000   75   30  404.98627  404.00000  0.24%  35.1 3895s
 22799888  5057 infeasible   76       404.98627  404.00000  0.24%  35.1 3900s
 22822725  4910 infeasible   77       404.98627  404.00000  0.24%  35.2 3905s
 22848061  4790  404.00000   73   37  404.98627  404.00000  0.24%  35.2 3910s
 22874232  4703  404.00000   67   29  404.98627  404.00000  0.24%  35.2 3915s
 22901618  4746  404.00000   71   46  404.98627  404.00000  0.24%  35.2 3920s
 22927598  4731  404.00000   72   31  404.98627  404.00000  0.24%  35.2 3925s
 22954656  4622  404.00000   72   33  404.98627  404.00000  0.24%  35.2 3930s
 22980330  4731  404.00000   70   30  404.98627  404.00000  0.24%  35.2 3935s
 23003334  4726  404.00000   71   37  404.98627  404.00000  0.24%  35.2 3940s
 23028245  4535  404.00000   74   36  404.98627  404.00000  0.24%  35.2 3945s
 23053340  4570  404.00000   60   44  404.98627  404.00000  0.24%  35.2 3950s
 23077327  4772 infeasible   68       404.98627  404.00000  0.24%  35.2 3955s
 23102820  4615 infeasible   73       404.98627  404.00000  0.24%  35.3 3960s
 23127442  4614  404.00000   70   38  404.98627  404.00000  0.24%  35.3 3965s
 23155006  4920 infeasible   73       404.98627  404.00000  0.24%  35.3 3970s
 23182650  4995 infeasible   68       404.98627  404.00000  0.24%  35.3 3975s
 23210374  4894 infeasible   78       404.98627  404.00000  0.24%  35.3 3980s
 23238298  4849 infeasible   70       404.98627  404.00000  0.24%  35.3 3985s
 23265865  5139  404.00000   74   27  404.98627  404.00000  0.24%  35.3 3990s
 23291860  5220 infeasible   74       404.98627  404.00000  0.24%  35.3 3995s
 23320287  5041  404.00000   70   34  404.98627  404.00000  0.24%  35.3 4000s
 23349251  4930 infeasible   72       404.98627  404.00000  0.24%  35.3 4005s
 23377156  4821  404.00000   68   40  404.98627  404.00000  0.24%  35.3 4010s
 23405497  4673 infeasible   77       404.98627  404.00000  0.24%  35.3 4015s
 23434115  4538  404.00000   65   13  404.98627  404.00000  0.24%  35.3 4020s
 23460519  4884  404.00000   72   36  404.98627  404.00000  0.24%  35.3 4025s
 23488105  4965 infeasible   75       404.98627  404.00000  0.24%  35.3 4030s
 23517065  4662  404.00000   68   29  404.98627  404.00000  0.24%  35.3 4035s
 23546059  4692  404.00000   66   36  404.98627  404.00000  0.24%  35.3 4040s
 23575241  4578  404.00000   67   29  404.98627  404.00000  0.24%  35.3 4045s
 23601711  4416 infeasible   76       404.98627  404.00000  0.24%  35.3 4050s
 23628800  4909  404.00000   69   40  404.98627  404.00000  0.24%  35.3 4055s
 23655731  4986 infeasible   73       404.98627  404.00000  0.24%  35.3 4060s
 23688328  4979  404.00000   77   25  404.98627  404.00000  0.24%  35.3 4065s
 23715655  4887  404.00000   78   33  404.98627  404.00000  0.24%  35.3 4070s
 23740776  4893  404.00000   73   35  404.98627  404.00000  0.24%  35.3 4075s
 23770471  4801     cutoff   85       404.98627  404.00000  0.24%  35.3 4080s
 23801022  4766     cutoff   87       404.98627  404.00000  0.24%  35.3 4085s
 23834103  4695 infeasible   75       404.98627  404.00000  0.24%  35.3 4090s
 23869634  4543 infeasible   75       404.98627  404.00000  0.24%  35.3 4095s
 23896191  4449 infeasible   66       404.98627  404.00000  0.24%  35.3 4100s
 23920008  4509 infeasible   75       404.98627  404.00000  0.24%  35.3 4105s
 23942729  4605  404.00000   66   37  404.98627  404.00000  0.24%  35.3 4110s
 23966126  4402 infeasible   75       404.98627  404.00000  0.24%  35.4 4115s
 23990042  4342 infeasible   79       404.98627  404.00000  0.24%  35.4 4120s
 24010904  4366  404.00000   64   33  404.98627  404.00000  0.24%  35.4 4125s
 24032310  4334  404.00000   74   26  404.98627  404.00000  0.24%  35.4 4130s
 24054251  4267 infeasible   73       404.98627  404.00000  0.24%  35.4 4135s
 24078134  4598 infeasible   69       404.98627  404.00000  0.24%  35.4 4140s
 24102744  4966 infeasible   73       404.98627  404.00000  0.24%  35.4 4145s
 24126648  4923 infeasible   70       404.98627  404.00000  0.24%  35.5 4150s
 24152311  4667 infeasible   71       404.98627  404.00000  0.24%  35.5 4155s
 24177455  4442 infeasible   75       404.98627  404.00000  0.24%  35.5 4160s
 24201123  4388 infeasible   72       404.98627  404.00000  0.24%  35.5 4165s
 24224103  4290  404.00000   65   43  404.98627  404.00000  0.24%  35.5 4170s
 24249177  4408 infeasible   68       404.98627  404.00000  0.24%  35.5 4175s
 24273170  4226  404.00000   82   35  404.98627  404.00000  0.24%  35.5 4180s
 24298702  4273  404.00000   63   34  404.98627  404.00000  0.24%  35.5 4185s
 24324462  4186 infeasible   69       404.98627  404.00000  0.24%  35.5 4190s
 24348102  4516 infeasible   69       404.98627  404.00000  0.24%  35.5 4195s
 24372387  5169 infeasible   74       404.98627  404.00000  0.24%  35.5 4200s
 24396610  5267  404.00000   73   33  404.98627  404.00000  0.24%  35.6 4205s
 24421496  5206  404.00000   68   33  404.98627  404.00000  0.24%  35.6 4210s
 24445105  5249  404.00000   70   31  404.98627  404.00000  0.24%  35.6 4215s
 24467926  5058 infeasible   75       404.98627  404.00000  0.24%  35.6 4220s
 24491846  5038  404.00000   78   46  404.98627  404.00000  0.24%  35.6 4225s
 24515920  4875  404.00000   69   40  404.98627  404.00000  0.24%  35.6 4230s
 24541287  4829  404.00000   68   39  404.98627  404.00000  0.24%  35.6 4235s
 24565412  5213  404.00000   73   32  404.98627  404.00000  0.24%  35.6 4240s
 24589984  5428  404.00000   69   51  404.98627  404.00000  0.24%  35.6 4245s
 24615349  5261  404.00000   71   38  404.98627  404.00000  0.24%  35.6 4250s
 24639328  5139 infeasible   78       404.98627  404.00000  0.24%  35.6 4255s
 24661037  5044  404.00000   80   31  404.98627  404.00000  0.24%  35.7 4260s
 24685998  4894  404.00000   72   37  404.98627  404.00000  0.24%  35.7 4265s
 24709904  4969 infeasible   75       404.98627  404.00000  0.24%  35.7 4270s
 24734384  4652  404.00000   68   33  404.98627  404.00000  0.24%  35.7 4275s
 24760198  4798 infeasible   67       404.98627  404.00000  0.24%  35.7 4280s
 24783720  4720  404.00000   73   30  404.98627  404.00000  0.24%  35.7 4285s
 24808389  4739  404.00000   70   41  404.98627  404.00000  0.24%  35.7 4290s
 24833250  4590 infeasible   70       404.98627  404.00000  0.24%  35.7 4295s
 24858399  4701 infeasible   69       404.98627  404.00000  0.24%  35.7 4300s
 24887284  4821 infeasible   69       404.98627  404.00000  0.24%  35.7 4305s
 24916299  4712 infeasible   72       404.98627  404.00000  0.24%  35.7 4310s
 24944246  4603 infeasible   74       404.98627  404.00000  0.24%  35.7 4315s
 24971420  4505  404.00000   71   33  404.98627  404.00000  0.24%  35.7 4320s
 24998903  4386  404.00000   69   23  404.98627  404.00000  0.24%  35.7 4325s
 25022393  4589  404.00000   72   36  404.98627  404.00000  0.24%  35.7 4330s
 25049972  4509  404.00000   70   37  404.98627  404.00000  0.24%  35.7 4335s
 25078258  4457 infeasible   70       404.98627  404.00000  0.24%  35.7 4340s
 25105301  4411 infeasible   76       404.98627  404.00000  0.24%  35.7 4345s
 25127702  4781 infeasible   76       404.98627  404.00000  0.24%  35.7 4350s
 25148657  4803  404.00000   75   33  404.98627  404.00000  0.24%  35.8 4355s
 25169907  4820 infeasible   80       404.98627  404.00000  0.24%  35.8 4360s
 25190954  4670  404.00000   71   47  404.98627  404.00000  0.24%  35.8 4365s
 25212307  4457 infeasible   70       404.98627  404.00000  0.24%  35.8 4370s
 25235412  4569  404.00000   69   33  404.98627  404.00000  0.24%  35.8 4375s
 25257459  4914  404.00000   67   31  404.98627  404.00000  0.24%  35.8 4380s
 25277970  4781 infeasible   82       404.98627  404.00000  0.24%  35.8 4385s
 25296564  4597  404.00000   72   30  404.98627  404.00000  0.24%  35.9 4390s
 25319085  4486  404.00000   71   45  404.98627  404.00000  0.24%  35.9 4395s
 25340061  4459  404.00000   79   39  404.98627  404.00000  0.24%  35.9 4400s
 25363355  4419 infeasible   71       404.98627  404.00000  0.24%  35.9 4405s
 25387329  4338  404.00000   67   31  404.98627  404.00000  0.24%  35.9 4410s
 25411907  4386  404.00000   71   38  404.98627  404.00000  0.24%  35.9 4415s
 25436397  4202  404.00000   67   27  404.98627  404.00000  0.24%  35.9 4420s
 25460844  4224 infeasible   66       404.98627  404.00000  0.24%  35.9 4425s
 25485826  4114 infeasible   65       404.98627  404.00000  0.24%  35.9 4430s
 25510830  4161  404.00000   65   32  404.98627  404.00000  0.24%  35.9 4435s
 25535228  4454  404.00000   64   43  404.98627  404.00000  0.24%  35.9 4440s
 25557684  4811  404.00000   79   33  404.98627  404.00000  0.24%  35.9 4445s
 25581084  4570 infeasible   71       404.98627  404.00000  0.24%  36.0 4450s
 25604015  4331  404.00000   80   34  404.98627  404.00000  0.24%  36.0 4455s
 25626508  4313  404.00000   78   29  404.98627  404.00000  0.24%  36.0 4460s
 25647038  4277 infeasible   73       404.98627  404.00000  0.24%  36.0 4465s
 25668957  4285 infeasible   80       404.98627  404.00000  0.24%  36.0 4470s
 25690403  4145 infeasible   77       404.98627  404.00000  0.24%  36.0 4475s
 25713545  4066  404.00000   72   34  404.98627  404.00000  0.24%  36.0 4480s
 25735986  4145  404.00000   69   39  404.98627  404.00000  0.24%  36.0 4485s
 25761734  4420 infeasible   76       404.98627  404.00000  0.24%  36.0 4490s
 25786915  4260  404.00000   76   36  404.98627  404.00000  0.24%  36.0 4495s
 25811756  4151  404.00000   69   35  404.98627  404.00000  0.24%  36.1 4500s
 25835825  4032 infeasible   71       404.98627  404.00000  0.24%  36.1 4505s
 25859708  4213  404.00000   65   37  404.98627  404.00000  0.24%  36.1 4510s
 25886639  4408  404.00000   65   43  404.98627  404.00000  0.24%  36.1 4515s
 25913350  4193  404.00000   74   33  404.98627  404.00000  0.24%  36.1 4520s
 25939987  4393 infeasible   69       404.98627  404.00000  0.24%  36.1 4525s
 25965480  4421  404.00000   73   34  404.98627  404.00000  0.24%  36.1 4530s
 25991297  4202 infeasible   69       404.98627  404.00000  0.24%  36.1 4535s
 26016171  4148  404.00000   57   42  404.98627  404.00000  0.24%  36.1 4540s
 26041503  4049  404.00000   58   51  404.98627  404.00000  0.24%  36.1 4545s
 26068348  4072 infeasible   78       404.98627  404.00000  0.24%  36.1 4550s
 26102652  4611  404.00000   77   25  404.98627  404.00000  0.24%  36.1 4555s
 26140188  4960     cutoff   85       404.98627  404.00000  0.24%  36.1 4560s
 26186127  4579  404.00000   63   22  404.98627  404.00000  0.24%  36.1 4565s
 26229091  4478  404.00000   84   24  404.98627  404.00000  0.24%  36.1 4570s
 26267321  4243  404.00000   73   23  404.98627  404.00000  0.24%  36.0 4575s
 26299183  4148  404.00000   77   20  404.98627  404.00000  0.24%  36.0 4580s
 26337477  4463     cutoff   77       404.98627  404.00000  0.24%  36.0 4585s
 26375108  4430  404.00000   85   30  404.98627  404.00000  0.24%  36.0 4590s
 26419104  4157 infeasible   74       404.98627  404.00000  0.24%  36.0 4595s
 26458673  4398 infeasible   76       404.98627  404.00000  0.24%  35.9 4600s
 26501649  4096  404.00000   64   33  404.98627  404.00000  0.24%  35.9 4605s
 26535833  4174  404.00000   76   31  404.98627  404.00000  0.24%  35.9 4610s
 26562074  4548  404.00000   67   36  404.98627  404.00000  0.24%  35.9 4615s
 26586997  4672 infeasible   73       404.98627  404.00000  0.24%  35.9 4620s
 26611892  4478 infeasible   75       404.98627  404.00000  0.24%  35.9 4625s
 26635978  4329  404.00000   69   36  404.98627  404.00000  0.24%  35.9 4630s
 26659907  4232  404.00000   73   30  404.98627  404.00000  0.24%  36.0 4635s
 26684563  4083  404.00000   65   31  404.98627  404.00000  0.24%  36.0 4640s
 26709378  4119 infeasible   74       404.98627  404.00000  0.24%  36.0 4645s
 26734658  4004  404.00000   75   32  404.98627  404.00000  0.24%  36.0 4650s
 26755410  4139  404.00000   71   22  404.98627  404.00000  0.24%  36.0 4655s
 26779804  3976  404.00000   71   34  404.98627  404.00000  0.24%  36.0 4660s
 26802873  4076  404.00000   67   29  404.98627  404.00000  0.24%  36.0 4665s
 26829463  4450 infeasible   72       404.98627  404.00000  0.24%  36.0 4670s
 26856764  4441  404.00000   77   28  404.98627  404.00000  0.24%  36.0 4675s
 26885553  4290 infeasible   74       404.98627  404.00000  0.24%  36.0 4680s
 26913598  4080 infeasible   64       404.98627  404.00000  0.24%  36.0 4685s
 26941924  4005  404.00000   70   38  404.98627  404.00000  0.24%  36.0 4690s
 26969601  3944 infeasible   78       404.98627  404.00000  0.24%  36.0 4695s
 26994123  3948  404.00000   69   37  404.98627  404.00000  0.24%  36.1 4700s
 27018396  3932  404.00000   74   24  404.98627  404.00000  0.24%  36.1 4705s
 27042482  3845  404.00000   79   31  404.98627  404.00000  0.24%  36.1 4710s
 27065925  3805 infeasible   74       404.98627  404.00000  0.24%  36.1 4715s
 27089688  3775  404.00000   69   32  404.98627  404.00000  0.24%  36.1 4720s
 27105670  3932  404.00000   69   24  404.98627  404.00000  0.24%  36.1 4725s
 27135413  3903 infeasible   66       404.98627  404.00000  0.24%  36.1 4730s
 27160631  3802  404.00000   72   36  404.98627  404.00000  0.24%  36.1 4735s
 27184641  3859 infeasible   72       404.98627  404.00000  0.24%  36.1 4740s
 27208186  3778  404.00000   74   27  404.98627  404.00000  0.24%  36.1 4745s
 27232859  3936 infeasible   74       404.98627  404.00000  0.24%  36.2 4750s
 27257499  3850 infeasible   77       404.98627  404.00000  0.24%  36.2 4755s
 27283565  3791 infeasible   70       404.98627  404.00000  0.24%  36.2 4760s
 27310078  3788  404.00000   70   27  404.98627  404.00000  0.24%  36.2 4765s
 27336117  4467  404.00000   67   33  404.98627  404.00000  0.24%  36.2 4770s
 27363341  5008  404.00000   72   36  404.98627  404.00000  0.24%  36.2 4775s
 27390550  4740  404.00000   81   34  404.98627  404.00000  0.24%  36.2 4780s
 27417163  4576  404.00000   63   32  404.98627  404.00000  0.24%  36.2 4785s
 27444161  4434 infeasible   73       404.98627  404.00000  0.24%  36.2 4790s
 27466792  4382  404.00000   80   30  404.98627  404.00000  0.24%  36.2 4795s
 27493137  4313 infeasible   73       404.98627  404.00000  0.24%  36.2 4800s
 27519317  4232 infeasible   77       404.98627  404.00000  0.24%  36.2 4805s
 27546320  4185  404.00000   76   29  404.98627  404.00000  0.24%  36.2 4810s
 27573318  4309  404.00000   68   34  404.98627  404.00000  0.24%  36.2 4815s
 27600261  4124  404.00000   65   38  404.98627  404.00000  0.24%  36.3 4820s
 27627077  3971  404.00000   74   25  404.98627  404.00000  0.24%  36.3 4825s
 27653173  3936  404.00000   68   34  404.98627  404.00000  0.24%  36.3 4830s
 27679516  3751 infeasible   71       404.98627  404.00000  0.24%  36.3 4835s
 27705623  3640  404.00000   74   21  404.98627  404.00000  0.24%  36.3 4840s
 27732322  3672  404.00000   71   30  404.98627  404.00000  0.24%  36.3 4845s
 27756804  3913  404.00000   71   30  404.98627  404.00000  0.24%  36.3 4850s
 27779711  3843 infeasible   75       404.98627  404.00000  0.24%  36.3 4855s
 27803805  3731 infeasible   73       404.98627  404.00000  0.24%  36.3 4860s
 27828234  3767 infeasible   74       404.98627  404.00000  0.24%  36.3 4865s
 27849759  3729 infeasible   74       404.98627  404.00000  0.24%  36.3 4870s
 27872620  3624  404.00000   73   27  404.98627  404.00000  0.24%  36.3 4875s
 27896065  3618 infeasible   75       404.98627  404.00000  0.24%  36.4 4880s
 27920572  3814  404.00000   67   24  404.98627  404.00000  0.24%  36.4 4885s
 27943820  4050 infeasible   74       404.98627  404.00000  0.24%  36.4 4890s
 27966704  3920  404.00000   72   23  404.98627  404.00000  0.24%  36.4 4895s
 27986685  3951 infeasible   71       404.98627  404.00000  0.24%  36.4 4900s
 28006703  3841 infeasible   75       404.98627  404.00000  0.24%  36.4 4905s
 28029215  3851 infeasible   70       404.98627  404.00000  0.24%  36.4 4910s
 28052271  3667 infeasible   72       404.98627  404.00000  0.24%  36.4 4915s
 28076528  3586  404.00000   67   15  404.98627  404.00000  0.24%  36.4 4920s
 28100470  3631 infeasible   78       404.98627  404.00000  0.24%  36.5 4925s
 28126807  3507  404.00000   61   37  404.98627  404.00000  0.24%  36.5 4930s
 28150046  3946  404.00000   76   31  404.98627  404.00000  0.24%  36.5 4935s
 28175559  4434 infeasible   75       404.98627  404.00000  0.24%  36.5 4940s
 28198192  4572 infeasible   73       404.98627  404.00000  0.24%  36.5 4945s
 28220944  4518  404.00000   67   34  404.98627  404.00000  0.24%  36.5 4950s
 28246319  4573     cutoff   79       404.98627  404.00000  0.24%  36.5 4955s
 28273015  4445 infeasible   77       404.98627  404.00000  0.24%  36.5 4960s
 28300080  4330 infeasible   79       404.98627  404.00000  0.24%  36.5 4965s
 28325767  4238  404.00000   60   52  404.98627  404.00000  0.24%  36.5 4970s
 28349015  4211  404.00000   70   32  404.98627  404.00000  0.24%  36.5 4975s
 28371723  4088  404.00000   71   46  404.98627  404.00000  0.24%  36.5 4980s
 28391331  4033 infeasible   75       404.98627  404.00000  0.24%  36.5 4985s
 28417156  4126  404.00000   78   25  404.98627  404.00000  0.24%  36.5 4990s
 28446246  4328 infeasible   67       404.98627  404.00000  0.24%  36.5 4995s
 28478794  4134     cutoff   84       404.98627  404.00000  0.24%  36.5 5000s
 28514554  4164     cutoff   81       404.98627  404.00000  0.24%  36.5 5005s
 28554660  4758  404.00000   73   28  404.98627  404.00000  0.24%  36.5 5010s
 28598470  4642  404.00000   75   31  404.98627  404.00000  0.24%  36.4 5015s
 28641565  4674  404.00000   70   42  404.98627  404.00000  0.24%  36.4 5020s
 28687290  4526  404.00000   76   32  404.98627  404.00000  0.24%  36.4 5025s
 28731900  4588     cutoff   83       404.98627  404.00000  0.24%  36.4 5030s
 28779145  4276  404.00000   85   38  404.98627  404.00000  0.24%  36.3 5035s
 28823279  4034     cutoff   80       404.98627  404.00000  0.24%  36.3 5040s
 28863192  3899  404.00000   80   30  404.98627  404.00000  0.24%  36.3 5045s
 28888650  3899  404.00000   71   43  404.98627  404.00000  0.24%  36.3 5050s
 28916705  3985  404.00000   78   39  404.98627  404.00000  0.24%  36.3 5055s
 28952077  4149  404.00000   77   37  404.98627  404.00000  0.24%  36.2 5060s
 28983288  3865  404.00000   73   37  404.98627  404.00000  0.24%  36.2 5065s
 29015216  4115     cutoff   76       404.98627  404.00000  0.24%  36.2 5070s
 29043495  3956 infeasible   77       404.98627  404.00000  0.24%  36.2 5075s
 29070910  3983  404.00000   71   45  404.98627  404.00000  0.24%  36.2 5080s
 29098268  3839  404.00000   71   46  404.98627  404.00000  0.24%  36.2 5085s
 29126732  3730  404.00000   66   57  404.98627  404.00000  0.24%  36.2 5090s
 29152492  3641 infeasible   67       404.98627  404.00000  0.24%  36.2 5095s
 29176922  3624 infeasible   73       404.98627  404.00000  0.24%  36.2 5100s
 29202810  3782  404.00000   70   45  404.98627  404.00000  0.24%  36.2 5105s
 29232330  3675  404.00000   71   31  404.98627  404.00000  0.24%  36.2 5110s
 29260661  3477  404.00000   64   38  404.98627  404.00000  0.24%  36.3 5115s
 29286124  3596 infeasible   71       404.98627  404.00000  0.24%  36.3 5120s
 29310992  3612  404.00000   77   35  404.98627  404.00000  0.24%  36.3 5125s
 29333071  3501 infeasible   70       404.98627  404.00000  0.24%  36.3 5130s
 29357739  3599 infeasible   78       404.98627  404.00000  0.24%  36.3 5135s
 29383445  3833 infeasible   72       404.98627  404.00000  0.24%  36.3 5140s
 29409255  3602 infeasible   74       404.98627  404.00000  0.24%  36.3 5145s
 29435880  3538 infeasible   67       404.98627  404.00000  0.24%  36.3 5150s
 29460596  3406 infeasible   75       404.98627  404.00000  0.24%  36.3 5155s
 29484701  3478 infeasible   71       404.98627  404.00000  0.24%  36.3 5160s
 29506579  3428  404.00000   67   38  404.98627  404.00000  0.24%  36.3 5165s
 29529165  3413  404.00000   80   26  404.98627  404.00000  0.24%  36.3 5170s
 29557671  3804     cutoff   82       404.98627  404.00000  0.24%  36.3 5175s
 29592503  4032     cutoff   86       404.98627  404.00000  0.24%  36.3 5180s
 29630827  3852 infeasible   69       404.98627  404.00000  0.24%  36.3 5185s
 29664871  3640 infeasible   70       404.98627  404.00000  0.24%  36.3 5190s
 29695447  3510  404.00000   88   21  404.98627  404.00000  0.24%  36.3 5195s
 29731304  3399     cutoff   90       404.98627  404.00000  0.24%  36.3 5200s
 29761560  3515  404.00000   84   27  404.98627  404.00000  0.24%  36.3 5205s
 29784401  3507  404.00000   66   29  404.98627  404.00000  0.24%  36.3 5210s
 29809959  3556 infeasible   75       404.98627  404.00000  0.24%  36.3 5215s
 29834916  3519  404.00000   79   47  404.98627  404.00000  0.24%  36.3 5220s
 29861703  3346  404.00000   66   50  404.98627  404.00000  0.24%  36.3 5225s
 29888182  3373 infeasible   71       404.98627  404.00000  0.24%  36.3 5230s
 29915705  3390 infeasible   71       404.98627  404.00000  0.24%  36.3 5235s
 29942737  3864  404.00000   75   37  404.98627  404.00000  0.24%  36.3 5240s
 29971294  3943 infeasible   70       404.98627  404.00000  0.24%  36.3 5245s
 30000191  3811  404.00000   77   28  404.98627  404.00000  0.24%  36.3 5250s
 30029299  3612  404.00000   78   44  404.98627  404.00000  0.24%  36.3 5255s
 30056804  3838  404.00000   64   42  404.98627  404.00000  0.24%  36.3 5260s
 30084981  3753 infeasible   72       404.98627  404.00000  0.24%  36.3 5265s
 30112421  3651  404.00000   79   38  404.98627  404.00000  0.24%  36.3 5270s
 30139273  3689  404.00000   70   35  404.98627  404.00000  0.24%  36.3 5275s
 30166650  3493 infeasible   79       404.98627  404.00000  0.24%  36.3 5280s
 30191838  3392 infeasible   75       404.98627  404.00000  0.24%  36.3 5285s
 30215673  3407  404.00000   76   28  404.98627  404.00000  0.24%  36.3 5290s
 30245617  3343 infeasible   76       404.98627  404.00000  0.24%  36.3 5295s
 30272792  3210 infeasible   72       404.98627  404.00000  0.24%  36.3 5300s
 30297893  3387  404.00000   74   40  404.98627  404.00000  0.24%  36.3 5305s
 30322299  3419 infeasible   68       404.98627  404.00000  0.24%  36.3 5310s
 30356237  3948  404.00000   78   29  404.98627  404.00000  0.24%  36.3 5315s
 30393687  3924  404.00000   69   28  404.98627  404.00000  0.24%  36.3 5320s
 30430147  3784  404.00000   65   28  404.98627  404.00000  0.24%  36.3 5325s
 30467455  3588     cutoff   78       404.98627  404.00000  0.24%  36.3 5330s
 30504868  3354  404.00000   70   28  404.98627  404.00000  0.24%  36.3 5335s
 30537608  3273  404.00000   72   33  404.98627  404.00000  0.24%  36.3 5340s
 30564221  3575  404.00000   71   26  404.98627  404.00000  0.24%  36.3 5345s
 30586358  3952 infeasible   73       404.98627  404.00000  0.24%  36.3 5350s
 30610204  3773 infeasible   75       404.98627  404.00000  0.24%  36.3 5355s
 30633084  3644  404.00000   69    9  404.98627  404.00000  0.24%  36.3 5360s
 30656476  3528 infeasible   68       404.98627  404.00000  0.24%  36.3 5365s
 30679927  3487  404.00000   68   38  404.98627  404.00000  0.24%  36.3 5370s
 30704155  3368  404.00000   71   24  404.98627  404.00000  0.24%  36.3 5375s
 30727517  3377 infeasible   68       404.98627  404.00000  0.24%  36.3 5380s
 30748110  3324  404.00000   73   36  404.98627  404.00000  0.24%  36.3 5385s
 30771859  3333  404.00000   72   39  404.98627  404.00000  0.24%  36.3 5390s
 30794947  3298  404.00000   75   44  404.98627  404.00000  0.24%  36.4 5395s
 30818534  3265  404.00000   66   47  404.98627  404.00000  0.24%  36.4 5400s
 30842919  3620  404.00000   69   45  404.98627  404.00000  0.24%  36.4 5405s
 30868283  3513 infeasible   72       404.98627  404.00000  0.24%  36.4 5410s
 30893342  3385 infeasible   69       404.98627  404.00000  0.24%  36.4 5415s
 30919719  3469  404.00000   66   31  404.98627  404.00000  0.24%  36.4 5420s
 30944876  3433 infeasible   71       404.98627  404.00000  0.24%  36.4 5425s
 30971494  3350  404.00000   68   45  404.98627  404.00000  0.24%  36.4 5430s
 30998353  3220  404.00000   73   28  404.98627  404.00000  0.24%  36.4 5435s
 31023860  3441  404.00000   71   31  404.98627  404.00000  0.24%  36.4 5440s
 31052940  3346  404.00000   58   49  404.98627  404.00000  0.24%  36.4 5445s
 31082102  3220 infeasible   67       404.98627  404.00000  0.24%  36.4 5450s
 31108594  3111  404.00000   66   47  404.98627  404.00000  0.24%  36.4 5455s
 31130445  3394  404.00000   67   43  404.98627  404.00000  0.24%  36.4 5460s
 31154328  3250 infeasible   69       404.98627  404.00000  0.24%  36.4 5465s
 31176180  3119  404.00000   75   19  404.98627  404.00000  0.24%  36.4 5470s
 31198683  3066 infeasible   74       404.98627  404.00000  0.24%  36.4 5475s
 31222228  3082  404.00000   69   33  404.98627  404.00000  0.24%  36.5 5480s
 31245355  3059 infeasible   74       404.98627  404.00000  0.24%  36.5 5485s
 31270161  3195  404.00000   67   52  404.98627  404.00000  0.24%  36.5 5490s
 31296308  3304  404.00000   76   33  404.98627  404.00000  0.24%  36.5 5495s
 31321077  3099  404.00000   72   43  404.98627  404.00000  0.24%  36.5 5500s
 31344620  3027 infeasible   67       404.98627  404.00000  0.24%  36.5 5505s
 31370013  3050  404.00000   70   29  404.98627  404.00000  0.24%  36.5 5510s
 31394977  3354  404.00000   69   35  404.98627  404.00000  0.24%  36.5 5515s
 31420926  3623 infeasible   74       404.98627  404.00000  0.24%  36.5 5520s
 31443539  3576  404.00000   67   22  404.98627  404.00000  0.24%  36.5 5525s
 31467949  3399 infeasible   65       404.98627  404.00000  0.24%  36.5 5530s
 31493432  3372 infeasible   77       404.98627  404.00000  0.24%  36.5 5535s
 31516537  3226  404.00000   72   17  404.98627  404.00000  0.24%  36.6 5540s
 31541571  3055 infeasible   66       404.98627  404.00000  0.24%  36.6 5545s
 31565441  3047  404.00000   68   21  404.98627  404.00000  0.24%  36.6 5550s
 31586753  3040 infeasible   77       404.98627  404.00000  0.24%  36.6 5555s
 31607876  2995 infeasible   71       404.98627  404.00000  0.24%  36.6 5560s
 31629002  3482 infeasible   67       404.98627  404.00000  0.24%  36.6 5565s
 31650813  3508 infeasible   77       404.98627  404.00000  0.24%  36.6 5570s
 31673271  3427 infeasible   73       404.98627  404.00000  0.24%  36.6 5575s
 31697214  3508  404.00000   68   27  404.98627  404.00000  0.24%  36.6 5580s
 31721202  3470  404.00000   69   26  404.98627  404.00000  0.24%  36.6 5585s
 31745527  3352  404.00000   77   26  404.98627  404.00000  0.24%  36.7 5590s
 31768392  3227 infeasible   75       404.98627  404.00000  0.24%  36.7 5595s
 31791246  3070  404.00000   75   19  404.98627  404.00000  0.24%  36.7 5600s
 31813503  3029 infeasible   73       404.98627  404.00000  0.24%  36.7 5605s
 31833613  2957  404.00000   73   32  404.98627  404.00000  0.24%  36.7 5610s
 31857465  3278  404.00000   71   39  404.98627  404.00000  0.24%  36.7 5615s
 31881414  3063 infeasible   74       404.98627  404.00000  0.24%  36.7 5620s
 31903689  2957 infeasible   75       404.98627  404.00000  0.24%  36.7 5625s
 31928304  3026 infeasible   72       404.98627  404.00000  0.24%  36.7 5630s
 31952199  2957 infeasible   70       404.98627  404.00000  0.24%  36.7 5635s
 31978114  2987  404.00000   76   36  404.98627  404.00000  0.24%  36.7 5640s
 32004631  3258 infeasible   72       404.98627  404.00000  0.24%  36.8 5645s
 32029901  3048  404.00000   72   39  404.98627  404.00000  0.24%  36.8 5650s
 32056273  3129 infeasible   67       404.98627  404.00000  0.24%  36.8 5655s
 32082619  3421  404.00000   67   35  404.98627  404.00000  0.24%  36.8 5660s
 32110661  3574 infeasible   65       404.98627  404.00000  0.24%  36.8 5665s
 32138992  3402  404.00000   64   46  404.98627  404.00000  0.24%  36.8 5670s
 32166899  3191 infeasible   73       404.98627  404.00000  0.24%  36.8 5675s
 32190504  3093 infeasible   70       404.98627  404.00000  0.24%  36.8 5680s
 32218907  3221  404.00000   73   40  404.98627  404.00000  0.24%  36.8 5685s
 32246287  3052  404.00000   69   31  404.98627  404.00000  0.24%  36.8 5690s
 32273687  3253 infeasible   72       404.98627  404.00000  0.24%  36.8 5695s
 32300919  3503  404.00000   73   32  404.98627  404.00000  0.24%  36.8 5700s
 32327752  3400  404.00000   66   44  404.98627  404.00000  0.24%  36.8 5705s
 32354730  3225  404.00000   78   28  404.98627  404.00000  0.24%  36.8 5710s
 32382518  3084 infeasible   72       404.98627  404.00000  0.24%  36.8 5715s
 32405375  3124 infeasible   69       404.98627  404.00000  0.24%  36.8 5720s
 32430677  3170 infeasible   68       404.98627  404.00000  0.24%  36.8 5725s
 32456064  3090 infeasible   72       404.98627  404.00000  0.24%  36.8 5730s
 32481604  2883  404.00000   65   39  404.98627  404.00000  0.24%  36.8 5735s
 32508409  2844 infeasible   73       404.98627  404.00000  0.24%  36.8 5740s
 32532721  2797 infeasible   65       404.98627  404.00000  0.24%  36.8 5745s
 32558103  3001  404.00000   71   25  404.98627  404.00000  0.24%  36.8 5750s
 32582711  3381 infeasible   74       404.98627  404.00000  0.24%  36.8 5755s
 32606146  3349  404.00000   70   34  404.98627  404.00000  0.24%  36.8 5760s
 32630602  3222 infeasible   72       404.98627  404.00000  0.24%  36.8 5765s
 32653840  3062  404.00000   70   25  404.98627  404.00000  0.24%  36.9 5770s
 32678374  2801 infeasible   81       404.98627  404.00000  0.24%  36.9 5775s
 32702270  2786  404.00000   73   56  404.98627  404.00000  0.24%  36.9 5780s
 32721995  2859 infeasible   70       404.98627  404.00000  0.24%  36.9 5785s
 32742638  2806 infeasible   74       404.98627  404.00000  0.24%  36.9 5790s
 32765160  2935  404.00000   66   38  404.98627  404.00000  0.24%  36.9 5795s
 32788230  2796  404.00000   75   35  404.98627  404.00000  0.24%  36.9 5800s
 32811622  2894  404.00000   66   37  404.98627  404.00000  0.24%  36.9 5805s
 32835455  3391  404.00000   77   41  404.98627  404.00000  0.24%  36.9 5810s
 32859639  3546 infeasible   68       404.98627  404.00000  0.24%  36.9 5815s
 32883496  3411 infeasible   75       404.98627  404.00000  0.24%  36.9 5820s
 32907521  3253 infeasible   76       404.98627  404.00000  0.24%  36.9 5825s
 32930726  3182 infeasible   78       404.98627  404.00000  0.24%  37.0 5830s
 32954854  3008  404.00000   68   50  404.98627  404.00000  0.24%  37.0 5835s
 32979563  2839 infeasible   82       404.98627  404.00000  0.24%  37.0 5840s
 33002153  2792  404.00000   65   10  404.98627  404.00000  0.24%  37.0 5845s
 33025228  2875 infeasible   73       404.98627  404.00000  0.24%  37.0 5850s
 33049106  3113  404.00000   74   26  404.98627  404.00000  0.24%  37.0 5855s
 33073656  2926  404.00000   73   44  404.98627  404.00000  0.24%  37.0 5860s
 33097935  2772 infeasible   72       404.98627  404.00000  0.24%  37.0 5865s
 33123226  2718  404.00000   73   30  404.98627  404.00000  0.24%  37.0 5870s
 33148829  2581  404.00000   75   40  404.98627  404.00000  0.24%  37.0 5875s
 33176039  3128  404.00000   78   32  404.98627  404.00000  0.24%  37.0 5880s
 33206166  4050 infeasible   85       404.98627  404.00000  0.24%  37.0 5885s
 33237014  4295     cutoff   84       404.98627  404.00000  0.24%  37.0 5890s
 33269962  4014  404.00000   72   29  404.98627  404.00000  0.24%  37.0 5895s
 33300081  3918 infeasible   83       404.98627  404.00000  0.24%  37.0 5900s
 33334382  3868     cutoff   88       404.98627  404.00000  0.24%  37.0 5905s
 33364717  3598 infeasible   76       404.98627  404.00000  0.24%  37.0 5910s
 33393631  3525  404.00000   73   31  404.98627  404.00000  0.24%  37.0 5915s
 33425068  3570 infeasible   70       404.98627  404.00000  0.24%  37.0 5920s
 33456750  3311  404.00000   79   35  404.98627  404.00000  0.24%  37.0 5925s
 33487688  3195     cutoff   78       404.98627  404.00000  0.24%  37.0 5930s
 33518118  3056 infeasible   71       404.98627  404.00000  0.24%  37.0 5935s
 33547349  3013 infeasible   76       404.98627  404.00000  0.24%  37.0 5940s
 33579056  3011     cutoff   83       404.98627  404.00000  0.24%  37.0 5945s
 33608884  3194  404.00000   84   27  404.98627  404.00000  0.24%  37.0 5950s
 33636359  3098 infeasible   83       404.98627  404.00000  0.24%  36.9 5955s
 33670280  2915 infeasible   75       404.98627  404.00000  0.24%  36.9 5960s
 33698167  3505 infeasible   71       404.98627  404.00000  0.24%  36.9 5965s
 33725135  3644 infeasible   86       404.98627  404.00000  0.24%  36.9 5970s
 33758092  3537  404.00000   91   29  404.98627  404.00000  0.24%  36.9 5975s
 33792018  3503 infeasible   75       404.98627  404.00000  0.24%  36.9 5980s
 33825141  3178  404.00000   78   29  404.98627  404.00000  0.24%  36.9 5985s
 33854155  3062  404.00000   73   29  404.98627  404.00000  0.24%  36.9 5990s
 33882860  2960  404.00000   70   31  404.98627  404.00000  0.24%  36.9 5995s
 33913927  3039 infeasible   83       404.98627  404.00000  0.24%  36.9 6000s
 33947631  2904 infeasible   77       404.98627  404.00000  0.24%  36.9 6005s
 33978601  2718  404.00000   74   28  404.98627  404.00000  0.24%  36.9 6010s
 34008530  2769 infeasible   73       404.98627  404.00000  0.24%  36.9 6015s
 34031121  2824  404.00000   66   48  404.98627  404.00000  0.24%  36.9 6020s
 34054975  2623 infeasible   70       404.98627  404.00000  0.24%  36.9 6025s
 34077333  2742 infeasible   73       404.98627  404.00000  0.24%  36.9 6030s
 34100436  2655  404.00000   66   24  404.98627  404.00000  0.24%  36.9 6035s
 34124630  2745  404.00000   75   21  404.98627  404.00000  0.24%  36.9 6040s
 34149643  2554  404.00000   72   46  404.98627  404.00000  0.24%  36.9 6045s
 34176068  2592     cutoff   85       404.98627  404.00000  0.24%  36.9 6050s
 34200326  2525 infeasible   71       404.98627  404.00000  0.24%  36.9 6055s
 34226112  2976 infeasible   71       404.98627  404.00000  0.24%  36.9 6060s
 34250059  3326 infeasible   77       404.98627  404.00000  0.24%  36.9 6065s
 34275212  3465  404.00000   70   44  404.98627  404.00000  0.24%  36.9 6070s
 34299862  3331 infeasible   74       404.98627  404.00000  0.24%  37.0 6075s
 34324440  3183 infeasible   74       404.98627  404.00000  0.24%  37.0 6080s
 34349876  3072 infeasible   72       404.98627  404.00000  0.24%  37.0 6085s
 34375043  2997 infeasible   69       404.98627  404.00000  0.24%  37.0 6090s
 34394908  2981  404.00000   71   42  404.98627  404.00000  0.24%  37.0 6095s
 34420570  2804 infeasible   73       404.98627  404.00000  0.24%  37.0 6100s
 34445710  2834 infeasible   81       404.98627  404.00000  0.24%  37.0 6105s
 34470107  2890  404.00000   68   29  404.98627  404.00000  0.24%  37.0 6110s
 34495215  2842 infeasible   78       404.98627  404.00000  0.24%  37.0 6115s
 34519843  2827 infeasible   73       404.98627  404.00000  0.24%  37.0 6120s
 34543755  2747 infeasible   72       404.98627  404.00000  0.24%  37.0 6125s
 34568740  2718  404.00000   81   23  404.98627  404.00000  0.24%  37.0 6130s
 34591828  2889  404.00000   73   42  404.98627  404.00000  0.24%  37.0 6135s
 34615681  2719  404.00000   75   30  404.98627  404.00000  0.24%  37.0 6140s
 34639434  2654  404.00000   73   31  404.98627  404.00000  0.24%  37.0 6145s
 34663158  2592 infeasible   74       404.98627  404.00000  0.24%  37.0 6150s
 34686238  2819  404.00000   73   34  404.98627  404.00000  0.24%  37.1 6155s
 34709955  2767  404.00000   72   38  404.98627  404.00000  0.24%  37.1 6160s
 34730639  2715 infeasible   72       404.98627  404.00000  0.24%  37.1 6165s
 34753907  2640  404.00000   67   28  404.98627  404.00000  0.24%  37.1 6170s
 34777047  2602  404.00000   77   37  404.98627  404.00000  0.24%  37.1 6175s
 34803817  2563  404.00000   73   45  404.98627  404.00000  0.24%  37.1 6180s
 34831203  2536  404.00000   72   45  404.98627  404.00000  0.24%  37.1 6185s
 34854335  2587 infeasible   70       404.98627  404.00000  0.24%  37.1 6190s
 34877831  2431 infeasible   72       404.98627  404.00000  0.24%  37.1 6195s
 34902224  2690  404.00000   74   29  404.98627  404.00000  0.24%  37.1 6200s
 34926543  2695 infeasible   71       404.98627  404.00000  0.24%  37.1 6205s
 34949403  2538 infeasible   72       404.98627  404.00000  0.24%  37.1 6210s
 34972228  2426  404.00000   67   22  404.98627  404.00000  0.24%  37.1 6215s
 34995726  2462 infeasible   78       404.98627  404.00000  0.24%  37.1 6220s
 35021639  2338 infeasible   71       404.98627  404.00000  0.24%  37.1 6225s
 35047044  2312 infeasible   75       404.98627  404.00000  0.24%  37.1 6230s
 35072169  2648  404.00000   71   33  404.98627  404.00000  0.24%  37.1 6235s
 35098290  3404  404.00000   72   41  404.98627  404.00000  0.24%  37.1 6240s
 35123589  3769 infeasible   71       404.98627  404.00000  0.24%  37.1 6245s
 35150210  3594  404.00000   73   35  404.98627  404.00000  0.24%  37.2 6250s
 35176610  3525 infeasible   77       404.98627  404.00000  0.24%  37.2 6255s
 35202994  3440  404.00000   70   25  404.98627  404.00000  0.24%  37.2 6260s
 35228946  3308 infeasible   77       404.98627  404.00000  0.24%  37.2 6265s
 35255017  3266 infeasible   75       404.98627  404.00000  0.24%  37.2 6270s
 35282059  3297 infeasible   75       404.98627  404.00000  0.24%  37.2 6275s
 35307927  3173 infeasible   73       404.98627  404.00000  0.24%  37.2 6280s
 35330888  3159  404.00000   79   36  404.98627  404.00000  0.24%  37.2 6285s
 35357455  3051  404.00000   69   36  404.98627  404.00000  0.24%  37.2 6290s
 35384215  2987 infeasible   75       404.98627  404.00000  0.24%  37.2 6295s
 35409530  2999 infeasible   70       404.98627  404.00000  0.24%  37.2 6300s
 35434927  3256 infeasible   78       404.98627  404.00000  0.24%  37.2 6305s
 35460548  3223 infeasible   76       404.98627  404.00000  0.24%  37.2 6310s
 35485512  3048  404.00000   71   37  404.98627  404.00000  0.24%  37.2 6315s
 35510703  2978  404.00000   67   42  404.98627  404.00000  0.24%  37.2 6320s
 35536567  3248 infeasible   71       404.98627  404.00000  0.24%  37.2 6325s
 35562354  3087  404.00000   67   33  404.98627  404.00000  0.24%  37.2 6330s
 35587812  2943  404.00000   66   39  404.98627  404.00000  0.24%  37.2 6335s
 35614432  2882 infeasible   73       404.98627  404.00000  0.24%  37.2 6340s
 35639283  2866  404.00000   75   32  404.98627  404.00000  0.24%  37.2 6345s
 35665487  2754  404.00000   62   44  404.98627  404.00000  0.24%  37.2 6350s
 35691339  2761  404.00000   82   29  404.98627  404.00000  0.24%  37.2 6355s
 35716212  2739 infeasible   76       404.98627  404.00000  0.24%  37.2 6360s
 35742072  2925 infeasible   74       404.98627  404.00000  0.24%  37.2 6365s
 35767421  3013 infeasible   74       404.98627  404.00000  0.24%  37.3 6370s
 35793112  2776 infeasible   78       404.98627  404.00000  0.24%  37.3 6375s
 35818850  2680 infeasible   80       404.98627  404.00000  0.24%  37.3 6380s
 35843856  2648  404.00000   73   31  404.98627  404.00000  0.24%  37.3 6385s
 35870181  2644 infeasible   72       404.98627  404.00000  0.24%  37.3 6390s
 35897153  3125 infeasible   72       404.98627  404.00000  0.24%  37.3 6395s
 35925327  3097  404.00000   72   33  404.98627  404.00000  0.24%  37.3 6400s
 35952268  2981 infeasible   69       404.98627  404.00000  0.24%  37.3 6405s
 35981170  2870 infeasible   70       404.98627  404.00000  0.24%  37.3 6410s
 36007298  2823  404.00000   69   30  404.98627  404.00000  0.24%  37.3 6415s
 36034340  2910 infeasible   74       404.98627  404.00000  0.24%  37.3 6420s
 36061605  3008  404.00000   69   37  404.98627  404.00000  0.24%  37.3 6425s
 36088019  2780 infeasible   70       404.98627  404.00000  0.24%  37.3 6430s
 36115177  2958 infeasible   78       404.98627  404.00000  0.24%  37.3 6435s
 36142207  3016  404.00000   73   35  404.98627  404.00000  0.24%  37.3 6440s
 36166227  2853  404.00000   73   21  404.98627  404.00000  0.24%  37.3 6445s
 36193427  2580  404.00000   77   27  404.98627  404.00000  0.24%  37.3 6450s
 36221149  2686  404.00000   74   30  404.98627  404.00000  0.24%  37.3 6455s
 36247500  2696 infeasible   71       404.98627  404.00000  0.24%  37.3 6460s
 36274226  2521 infeasible   67       404.98627  404.00000  0.24%  37.3 6465s
 36301451  2409 infeasible   70       404.98627  404.00000  0.24%  37.3 6470s
 36326341  2657 infeasible   72       404.98627  404.00000  0.24%  37.3 6475s
 36351990  2796  404.00000   68   27  404.98627  404.00000  0.24%  37.3 6480s
 36377020  2814  404.00000   70   38  404.98627  404.00000  0.24%  37.3 6485s
 36402110  2611 infeasible   74       404.98627  404.00000  0.24%  37.3 6490s
 36427703  2466  404.00000   72   28  404.98627  404.00000  0.24%  37.3 6495s
 36454720  2577 infeasible   74       404.98627  404.00000  0.24%  37.3 6500s
 36481291  2443 infeasible   75       404.98627  404.00000  0.24%  37.3 6505s
 36508689  2340 infeasible   78       404.98627  404.00000  0.24%  37.3 6510s
 36535709  2647  404.00000   68   36  404.98627  404.00000  0.24%  37.3 6515s
 36560018  2900  404.00000   70   43  404.98627  404.00000  0.24%  37.4 6520s
 36583670  2818 infeasible   74       404.98627  404.00000  0.24%  37.4 6525s
 36610212  2697  404.00000   77   32  404.98627  404.00000  0.24%  37.4 6530s
 36637469  2804  404.00000   74   31  404.98627  404.00000  0.24%  37.4 6535s
 36664798  2576  404.00000   71   32  404.98627  404.00000  0.24%  37.4 6540s
 36691496  2500  404.00000   71   49  404.98627  404.00000  0.24%  37.4 6545s
 36717818  2400  404.00000   66   35  404.98627  404.00000  0.24%  37.4 6550s
 36744859  2630  404.00000   74   21  404.98627  404.00000  0.24%  37.4 6555s
 36772178  2367  404.00000   73   40  404.98627  404.00000  0.24%  37.4 6560s
 36796756  2252  404.00000   63   39  404.98627  404.00000  0.24%  37.4 6565s
 36822416  2260  404.00000   68   48  404.98627  404.00000  0.24%  37.4 6570s
 36846320  2445 infeasible   74       404.98627  404.00000  0.24%  37.4 6575s
 36870812  2768 infeasible   65       404.98627  404.00000  0.24%  37.4 6580s
 36895346  2654  404.00000   69   32  404.98627  404.00000  0.24%  37.4 6585s
 36917825  2428 infeasible   69       404.98627  404.00000  0.24%  37.4 6590s
 36942060  2188 infeasible   74       404.98627  404.00000  0.24%  37.4 6595s
 36965234  2540 infeasible   69       404.98627  404.00000  0.24%  37.4 6600s
 36990957  2965 infeasible   68       404.98627  404.00000  0.24%  37.4 6605s
 37016702  3242  404.00000   72   38  404.98627  404.00000  0.24%  37.4 6610s
 37043868  3202 infeasible   72       404.98627  404.00000  0.24%  37.4 6615s
 37069579  2909  404.00000   67   29  404.98627  404.00000  0.24%  37.4 6620s
 37095910  2664 infeasible   69       404.98627  404.00000  0.24%  37.4 6625s
 37120909  2449 infeasible   72       404.98627  404.00000  0.24%  37.4 6630s
 37142771  2411 infeasible   72       404.98627  404.00000  0.24%  37.4 6635s
 37174871  2757  404.00000   69   34  404.98627  404.00000  0.24%  37.4 6640s
 37221652  2548 infeasible   67       404.98627  404.00000  0.24%  37.4 6645s
 37253570  2306 infeasible   68       404.98627  404.00000  0.24%  37.4 6650s
 37280151  2550  404.00000   62   45  404.98627  404.00000  0.24%  37.4 6655s
 37308392  2505 infeasible   67       404.98627  404.00000  0.24%  37.4 6660s
 37336772  2325  404.00000   80   17  404.98627  404.00000  0.24%  37.4 6665s
 37366531  2211  404.00000   71   25  404.98627  404.00000  0.24%  37.4 6670s
 37397081  2377  404.00000   66   43  404.98627  404.00000  0.24%  37.4 6675s
 37424056  2269 infeasible   75       404.98627  404.00000  0.24%  37.4 6680s
 37451393  2152  404.00000   66   25  404.98627  404.00000  0.24%  37.4 6685s
 37472408  2382 infeasible   78       404.98627  404.00000  0.24%  37.4 6690s
 37492966  2381 infeasible   76       404.98627  404.00000  0.24%  37.4 6695s
 37514189  2407 infeasible   70       404.98627  404.00000  0.24%  37.4 6700s
 37533842  2066  404.00000   74   19  404.98627  404.00000  0.24%  37.4 6705s
 37554345  2189  404.00000   70   25  404.98627  404.00000  0.24%  37.5 6710s
 37582691  2122  404.00000   71   30  404.98627  404.00000  0.24%  37.5 6715s
 37610510  2041  404.00000   64   25  404.98627  404.00000  0.24%  37.5 6720s
 37634482  2348 infeasible   70       404.98627  404.00000  0.24%  37.5 6725s
 37658157  2473 infeasible   76       404.98627  404.00000  0.24%  37.5 6730s
 37681604  2334 infeasible   73       404.98627  404.00000  0.24%  37.5 6735s
 37704447  2283 infeasible   70       404.98627  404.00000  0.24%  37.5 6740s
 37727861  2294 infeasible   74       404.98627  404.00000  0.24%  37.5 6745s
 37752580  2216  404.00000   80   25  404.98627  404.00000  0.24%  37.5 6750s
 37775291  2222 infeasible   66       404.98627  404.00000  0.24%  37.5 6755s
 37799650  2104 infeasible   67       404.98627  404.00000  0.24%  37.5 6760s
 37824558  2199  404.00000   70   43  404.98627  404.00000  0.24%  37.5 6765s
 37846863  2235  404.00000   72   27  404.98627  404.00000  0.24%  37.5 6770s
 37873821  2533 infeasible   79       404.98627  404.00000  0.24%  37.5 6775s
 37900478  2368  404.00000   78   33  404.98627  404.00000  0.24%  37.5 6780s
 37925941  2205  404.00000   75   17  404.98627  404.00000  0.24%  37.5 6785s
 37951701  2078  404.00000   66   45  404.98627  404.00000  0.24%  37.6 6790s
 37976672  2064  404.00000   76   25  404.98627  404.00000  0.24%  37.6 6795s
 38000416  2256  404.00000   73   35  404.98627  404.00000  0.24%  37.6 6800s
 38023259  2509 infeasible   72       404.98627  404.00000  0.24%  37.6 6805s
 38045517  2548 infeasible   71       404.98627  404.00000  0.24%  37.6 6810s
 38066540  2309  404.00000   71   33  404.98627  404.00000  0.24%  37.6 6815s
 38086425  2215  404.00000   75   38  404.98627  404.00000  0.24%  37.6 6820s
 38106461  2163  404.00000   60   36  404.98627  404.00000  0.24%  37.6 6825s
 38125434  2234 infeasible   76       404.98627  404.00000  0.24%  37.6 6830s
 38146803  2300 infeasible   79       404.98627  404.00000  0.24%  37.6 6835s
 38169391  2106  404.00000   70   33  404.98627  404.00000  0.24%  37.6 6840s
 38192162  1988  404.00000   84   28  404.98627  404.00000  0.24%  37.6 6845s
 38215970  1999  404.00000   74   33  404.98627  404.00000  0.24%  37.6 6850s
 38240574  2144 infeasible   62       404.98627  404.00000  0.24%  37.7 6855s
 38264162  2021 infeasible   73       404.98627  404.00000  0.24%  37.7 6860s
 38288270  2071  404.00000   73   25  404.98627  404.00000  0.24%  37.7 6865s
 38313107  1941  404.00000   69   27  404.98627  404.00000  0.24%  37.7 6870s
 38337209  1918 infeasible   72       404.98627  404.00000  0.24%  37.7 6875s
 38359663  1921  404.00000   62   25  404.98627  404.00000  0.24%  37.7 6880s
 38382954  2048 infeasible   65       404.98627  404.00000  0.24%  37.7 6885s
 38408289  2330  404.00000   68   41  404.98627  404.00000  0.24%  37.7 6890s
 38436437  2476     cutoff   80       404.98627  404.00000  0.24%  37.7 6895s
 38469463  2697  404.00000   77   40  404.98627  404.00000  0.24%  37.7 6900s
 38509714  2403  404.00000   69   45  404.98627  404.00000  0.24%  37.7 6905s
 38537518  2090  404.00000   66   33  404.98627  404.00000  0.24%  37.7 6910s
 38561761  2213  404.00000   67   36  404.98627  404.00000  0.24%  37.7 6915s
 38594057  2170  404.00000   71   34  404.98627  404.00000  0.24%  37.6 6920s
 38629253  1986 infeasible   74       404.98627  404.00000  0.24%  37.6 6925s
 38657835  1920  404.00000   63   43  404.98627  404.00000  0.24%  37.6 6930s
 38680903  2166  404.00000   72   37  404.98627  404.00000  0.24%  37.6 6935s
 38703640  2010 infeasible   72       404.98627  404.00000  0.24%  37.6 6940s
 38725352  1950 infeasible   70       404.98627  404.00000  0.24%  37.7 6945s
 38749199  1815 infeasible   72       404.98627  404.00000  0.24%  37.7 6950s
 38773708  1845  404.00000   66   33  404.98627  404.00000  0.24%  37.7 6955s
 38798104  1850 infeasible   73       404.98627  404.00000  0.24%  37.7 6960s
 38823545  1951  404.00000   70   26  404.98627  404.00000  0.24%  37.7 6965s
 38850686  2192 infeasible   72       404.98627  404.00000  0.24%  37.7 6970s
 38878799  2119  404.00000   76   24  404.98627  404.00000  0.24%  37.7 6975s
 38903847  1880  404.00000   77   31  404.98627  404.00000  0.24%  37.7 6980s
 38931294  1817  404.00000   68   41  404.98627  404.00000  0.24%  37.7 6985s
 38958387  1689  404.00000   74   35  404.98627  404.00000  0.24%  37.7 6990s
 38984140  2224 infeasible   72       404.98627  404.00000  0.24%  37.7 6995s
 39007811  2251 infeasible   73       404.98627  404.00000  0.24%  37.7 7000s
 39033487  2386 infeasible   70       404.98627  404.00000  0.24%  37.7 7005s
 39058150  2240  404.00000   74   53  404.98627  404.00000  0.24%  37.7 7010s
 39081772  2189  404.00000   66   52  404.98627  404.00000  0.24%  37.7 7015s
 39106442  2055 infeasible   69       404.98627  404.00000  0.24%  37.7 7020s
 39133022  1999 infeasible   66       404.98627  404.00000  0.24%  37.7 7025s
 39157416  1998 infeasible   70       404.98627  404.00000  0.24%  37.7 7030s
 39178815  1845  404.00000   69   40  404.98627  404.00000  0.24%  37.7 7035s
 39203194  2031  404.00000   72   42  404.98627  404.00000  0.24%  37.7 7040s
 39227296  2242 infeasible   74       404.98627  404.00000  0.24%  37.7 7045s
 39251069  2231 infeasible   73       404.98627  404.00000  0.24%  37.7 7050s
 39275000  2010  404.00000   72   35  404.98627  404.00000  0.24%  37.7 7055s
 39298375  1869 infeasible   71       404.98627  404.00000  0.24%  37.7 7060s
 39322018  1938  404.00000   68   49  404.98627  404.00000  0.24%  37.7 7065s
 39346532  1884 infeasible   83       404.98627  404.00000  0.24%  37.7 7070s
 39370308  1741  404.00000   77   36  404.98627  404.00000  0.24%  37.7 7075s
 39395317  1819  404.00000   70   43  404.98627  404.00000  0.24%  37.7 7080s
 39419145  1620  404.00000   80   38  404.98627  404.00000  0.24%  37.7 7085s
 39443637  1715  404.00000   75   43  404.98627  404.00000  0.24%  37.7 7090s
 39467303  1852 infeasible   76       404.98627  404.00000  0.24%  37.7 7095s
 39489877  1652 infeasible   78       404.98627  404.00000  0.24%  37.8 7100s
 39513482  1630  404.00000   67   38  404.98627  404.00000  0.24%  37.8 7105s
 39535213  1701  404.00000   78   31  404.98627  404.00000  0.24%  37.8 7110s
 39556282  1575 infeasible   76       404.98627  404.00000  0.24%  37.8 7115s
 39574229  1654 infeasible   81       404.98627  404.00000  0.24%  37.8 7120s
 39594162  1614 infeasible   73       404.98627  404.00000  0.24%  37.8 7125s
 39615420  1638  404.00000   71   23  404.98627  404.00000  0.24%  37.8 7130s
 39638430  1640  404.00000   67   41  404.98627  404.00000  0.24%  37.8 7135s
 39661585  1675 infeasible   75       404.98627  404.00000  0.24%  37.8 7140s
 39683644  1571  404.00000   78   39  404.98627  404.00000  0.24%  37.8 7145s
 39708118  1621  404.00000   70   40  404.98627  404.00000  0.24%  37.8 7150s
 39731443  1694  404.00000   63   31  404.98627  404.00000  0.24%  37.8 7155s
 39755395  1535  404.00000   70   33  404.98627  404.00000  0.24%  37.8 7160s
 39778382  1642  404.00000   68   47  404.98627  404.00000  0.24%  37.8 7165s
 39801909  1724  404.00000   71   27  404.98627  404.00000  0.24%  37.8 7170s
 39824720  1843  404.00000   74   33  404.98627  404.00000  0.24%  37.8 7175s
 39848964  1827  404.00000   62   36  404.98627  404.00000  0.24%  37.8 7180s
 39872927  1663  404.00000   70   25  404.98627  404.00000  0.24%  37.8 7185s
 39895002  1605 infeasible   75       404.98627  404.00000  0.24%  37.8 7190s
 39915014  1515 infeasible   72       404.98627  404.00000  0.24%  37.9 7195s
 39938117  1508 infeasible   78       404.98627  404.00000  0.24%  37.9 7200s

Cutting planes:
  Learned: 13
  Gomory: 7
  Cover: 2
  Implied bound: 6
  Projected implied bound: 2
  MIR: 5
  Mixing: 4
  Flow cover: 46
  Inf proof: 1
  RLT: 8
  Relax-and-lift: 3
  BQP: 1

Explored 39938146 nodes (1511998612 simplex iterations) in 7200.01 seconds (12970.47 work units)
Thread count was 8 (of 192 available processors)

Solution count 10: 404.986 405 405 ... 405

Time limit reached
Best objective 4.049862704212e+02, best bound 4.040000000000e+02, gap 0.2435%

User-callback calls 84455076, time in user-callback 11.06 sec

AVANT CALCUL DES AUTRES INDICATEURS
Obj_rho = 28
Obj_lambda = 1
Obj_phi = 0
AVANT CALCUL DES AUTRES INDICATEURS
Obj_rho = 28
Obj_lambda = 1
Obj_phi = 0
✅ Solution trouvée (status: TIME_LIMIT)
🎯 Objective global: 404.9862704212301
⏱️ Time used: 7200.01
Nombre de vols satisfaits: 196
Nombre de vols non satisfaits: 0

✈️ Paths for each aircraft:

🛩️ Aircraft N607AS path (27 nodes): s_(u=0, v=0, w=0) ➡️  N607AS_(u=0, v=0, w=1) ➡️  ANC_SEA_137_389_(u=173, v=1, w=1) ➡️  SEA_ANC_479_633_(u=366, v=2, w=1) ➡️  ANC_SEA_715_980_(u=547, v=3, w=1) ➡️  SEA_BUR_1045_1181_(u=665, v=4, w=1) ➡️  BUR_SEA_1268_1435_(u=803, v=5, w=1) ➡️  SEA_SLC_1846_2021_(u=899, v=6, w=2) ➡️  SLC_SEA_2122_2206_(u=1000, v=7, w=2) ➡️  SEA_SBA_2265_2429_(u=1131, v=8, w=2) ➡️  SBA_SEA_2482_2633_(u=1247, v=9, w=2) ➡️  SEA_PDX_2732_2790_(u=1276, v=10, w=2) ➡️  PDX_SEA_3178_3252_(u=1312, v=11, w=3) ➡️  SEA_ANC_3375_3530_(u=1503, v=12, w=3) ➡️  ANC_SEA_3593_3853_(u=1686, v=13, w=3) ➡️  SEA_SAN_4005_4151_(u=1807, v=14, w=3) ➡️  SAN_TPA_4795_5235_(u=2040, v=15, w=4) ➡️  TPA_SAN_5307_5449_(u=2328, v=16, w=4) ➡️  SAN_SEA_5512_5695_(u=2482, v=17, w=4) ➡️  SEA_ATL_6289_6758_(u=2748, v=18, w=5) ➡️  ATL_SEA_6839_6970_(u=3039, v=19, w=5) ➡️  SEA_SMF_7089_7200_(u=3125, v=20, w=5) ➡️  SMF_SEA_7553_7682_(u=3221, v=21, w=6) ➡️  SEA_MCI_7916_8251_(u=3406, v=22, w=6) ➡️  MCI_SEA_8308_8432_(u=3606, v=23, w=6) ➡️  SEA_JNU_8494_8605_(u=3752, v=24, w=6) ➡️  JNU_SEA_9259_9463_(u=3851, v=25, w=7) ➡️  SEA_BUR_9508_9638_(u=3958, v=26, w=7) ➡️  BUR_SEA_9709_9913_(u=4120, v=27, w=7) ➡️  t_(u=0, v=0, w=0)

🛩️ Aircraft N585AS path (32 nodes): s_(u=0, v=0, w=0) ➡️  N585AS_(u=3411, v=29, w=6) ➡️  ANC_SEA_162_428_(u=3585, v=30, w=6) ➡️  SEA_ANC_582_739_(u=3779, v=31, w=6) ➡️  ANC_SEA_1062_1344_(u=3967, v=32, w=6) ➡️  SEA_SJC_1855_1984_(u=4077, v=33, w=7) ➡️  SJC_SEA_2047_2171_(u=4174, v=34, w=7) ➡️  SEA_SJC_2247_2382_(u=4291, v=35, w=7) ➡️  SJC_SEA_2432_2554_(u=4386, v=36, w=7) ➡️  SEA_ANC_2874_3028_(u=4579, v=37, w=7) ➡️  ANC_SEA_3102_3363_(u=4753, v=38, w=8) ➡️  SEA_ANC_3462_3616_(u=4941, v=39, w=8) ➡️  ANC_JNU_4064_4188_(u=5034, v=40, w=8) ➡️  JNU_SIT_4227_4276_(u=5057, v=41, w=8) ➡️  SIT_JNU_4672_4708_(u=5080, v=42, w=9) ➡️  JNU_ANC_4773_4879_(u=5168, v=43, w=9) ➡️  ANC_BET_4949_5073_(u=5225, v=44, w=9) ➡️  BET_ANC_5111_5186_(u=5286, v=45, w=9) ➡️  ANC_SEA_5503_5765_(u=5467, v=46, w=9) ➡️  SEA_LAS_6225_6362_(u=5578, v=47, w=10) ➡️  LAS_SEA_6427_6598_(u=5724, v=48, w=10) ➡️  SEA_LAX_6651_6804_(u=5846, v=49, w=10) ➡️  LAX_SEA_6863_7042_(u=5999, v=50, w=10) ➡️  SEA_SNA_7578_7729_(u=125, v=1, w=1) ➡️  SNA_SEA_7783_7960_(u=285, v=2, w=1) ➡️  SEA_OAK_8006_8114_(u=377, v=3, w=1) ➡️  OAK_SEA_8157_8285_(u=476, v=4, w=1) ➡️  SEA_SMF_8335_8455_(u=551, v=5, w=1) ➡️  SMF_SEA_8490_8613_(u=654, v=6, w=1) ➡️  SEA_SNA_9008_9175_(u=765, v=7, w=2) ➡️  SNA_SEA_9239_9448_(u=950, v=8, w=2) ➡️  SEA_DEN_9579_9790_(u=1080, v=9, w=2) ➡️  DEN_SEA_9846_9966_(u=1235, v=10, w=2) ➡️  SEA_FAI_10053_10220_(u=1439, v=11, w=2) ➡️  t_(u=0, v=0, w=0)

🛩️ Aircraft N317AS path (32 nodes): s_(u=0, v=0, w=0) ➡️  N317AS_(u=0, v=0, w=1) ➡️  FAI_SEA_201_455_(u=177, v=1, w=1) ➡️  SEA_LAX_528_675_(u=298, v=2, w=1) ➡️  LAX_SEA_743_917_(u=446, v=3, w=1) ➡️  SEA_SFO_990_1113_(u=549, v=4, w=1) ➡️  SFO_SEA_1177_1307_(u=648, v=5, w=1) ➡️  SEA_ORD_1401_1741_(u=851, v=6, w=1) ➡️  ORD_SEA_1807_1944_(u=1079, v=7, w=2) ➡️  SEA_IAD_2038_2527_(u=1351, v=8, w=2) ➡️  IAD_SEA_2584_2741_(u=1660, v=9, w=2) ➡️  SEA_IAH_2838_3229_(u=1892, v=10, w=2) ➡️  IAH_SEA_3299_3463_(u=2136, v=11, w=3) ➡️  SEA_IAD_3504_3971_(u=2401, v=12, w=3) ➡️  IAD_SEA_4030_4189_(u=2710, v=13, w=3) ➡️  SEA_SMF_4248_4369_(u=2791, v=14, w=3) ➡️  SMF_SEA_4703_4832_(u=2890, v=15, w=4) ➡️  SEA_CLE_4925_5380_(u=3125, v=16, w=4) ➡️  CLE_SEA_5435_5585_(u=3401, v=17, w=4) ➡️  SEA_DAL_6207_6549_(u=3600, v=18, w=5) ➡️  DAL_SEA_6619_6766_(u=3850, v=19, w=5) ➡️  SEA_SNA_6813_6972_(u=3977, v=20, w=5) ➡️  SNA_SEA_7009_7192_(u=4131, v=21, w=5) ➡️  SEA_PHX_7626_7841_(u=4266, v=22, w=6) ➡️  PHX_SEA_7908_8038_(u=4427, v=23, w=6) ➡️  SEA_PHX_8109_8330_(u=4563, v=24, w=6) ➡️  PHX_SEA_8407_8537_(u=4727, v=25, w=6) ➡️  SEA_ORD_8600_8957_(u=4935, v=26, w=6) ➡️  ORD_PDX_9026_9156_(u=5167, v=27, w=7) ➡️  PDX_SEA_9262_9310_(u=5199, v=28, w=7) ➡️  SEA_BOI_9372_9523_(u=5261, v=29, w=7) ➡️  BOI_SEA_9582_9616_(u=5335, v=30, w=7) ➡️  SEA_PHX_9672_9885_(u=5469, v=31, w=7) ➡️  PHX_SEA_9941_10089_(u=5653, v=32, w=7) ➡️  t_(u=0, v=0, w=0)

🛩️ Aircraft N587AS path (28 nodes): s_(u=0, v=0, w=0) ➡️  N587AS_(u=0, v=0, w=1) ➡️  JNU_SEA_310_514_(u=116, v=1, w=1) ➡️  SEA_PHX_570_794_(u=257, v=2, w=1) ➡️  PHX_SEA_857_991_(u=422, v=3, w=1) ➡️  SEA_LAS_1064_1207_(u=532, v=4, w=1) ➡️  LAS_SFO_1317_1401_(u=598, v=5, w=1) ➡️  SFO_ORD_1859_2247_(u=830, v=6, w=2) ➡️  ORD_SFO_2309_2462_(u=1075, v=7, w=2) ➡️  SFO_AUS_2533_2855_(u=1252, v=8, w=2) ➡️  AUS_SFO_3432_3558_(u=1462, v=9, w=3) ➡️  SFO_SEA_3655_3795_(u=1571, v=10, w=3) ➡️  SEA_LAS_3857_4005_(u=1695, v=11, w=3) ➡️  LAS_SEA_4086_4272_(u=1839, v=12, w=3) ➡️  SEA_PHX_4668_4915_(u=1976, v=13, w=4) ➡️  PHX_SEA_4965_5107_(u=2151, v=14, w=4) ➡️  SEA_SAN_5176_5324_(u=2276, v=15, w=4) ➡️  SAN_SEA_5397_5572_(u=2428, v=16, w=4) ➡️  SEA_SMF_5645_5755_(u=2509, v=17, w=4) ➡️  SMF_SEA_6112_6231_(u=2605, v=18, w=5) ➡️  SEA_LIH_6321_6593_(u=2966, v=19, w=5) ➡️  LIH_SEA_6647_7117_(u=3282, v=20, w=5) ➡️  SEA_PDX_7152_7210_(u=3311, v=21, w=5) ➡️  PDX_SEA_7495_7564_(u=3343, v=22, w=6) ➡️  SEA_FLL_7746_8300_(u=3663, v=23, w=6) ➡️  FLL_SEA_8359_8570_(u=4022, v=24, w=6) ➡️  SEA_PHX_9068_9279_(u=4155, v=25, w=7) ➡️  PHX_SEA_9344_9480_(u=4324, v=26, w=7) ➡️  SEA_PHX_9550_9765_(u=4460, v=27, w=7) ➡️  PHX_SEA_9831_9982_(u=4643, v=28, w=7) ➡️  t_(u=0, v=0, w=0)

🛩️ Aircraft N284AK path (23 nodes): s_(u=0, v=0, w=0) ➡️  N284AK_(u=0, v=0, w=1) ➡️  PHX_PDX_356_453_(u=138, v=1, w=1) ➡️  PDX_FLL_541_1050_(u=449, v=2, w=1) ➡️  FLL_SFO_1118_1320_(u=802, v=3, w=1) ➡️  SFO_FLL_1383_1870_(u=1079, v=4, w=1) ➡️  FLL_PDX_2018_2231_(u=1440, v=5, w=2) ➡️  PDX_JFK_2322_2828_(u=1728, v=6, w=2) ➡️  JFK_PSP_3414_3583_(u=2053, v=7, w=3) ➡️  PSP_SEA_3697_3873_(u=2207, v=8, w=3) ➡️  SEA_ONT_3941_4070_(u=2317, v=9, w=3) ➡️  ONT_SEA_4675_4856_(u=2473, v=10, w=4) ➡️  SEA_PIT_4922_5383_(u=2717, v=11, w=4) ➡️  PIT_SEA_5447_5576_(u=3005, v=12, w=4) ➡️  SEA_MSP_6233_6559_(u=3176, v=13, w=5) ➡️  MSP_SEA_6615_6760_(u=3374, v=14, w=5) ➡️  SEA_STL_6837_7194_(u=3573, v=15, w=5) ➡️  STL_SEA_7614_7836_(u=3805, v=16, w=6) ➡️  SEA_DFW_7967_8313_(u=4003, v=17, w=6) ➡️  DFW_SEA_8423_8562_(u=4235, v=18, w=6) ➡️  SEA_SFO_8995_9134_(u=4323, v=19, w=7) ➡️  SFO_JAC_9215_9444_(u=4472, v=20, w=7) ➡️  JAC_SFO_9493_9582_(u=4584, v=21, w=7) ➡️  SFO_PDX_9628_9744_(u=4680, v=22, w=7) ➡️  PDX_SFO_9826_9943_(u=4755, v=23, w=7) ➡️  t_(u=0, v=0, w=0)

🛩️ Aircraft N320AS path (27 nodes): s_(u=0, v=0, w=0) ➡️  N320AS_(u=0, v=0, w=1) ➡️  SJC_SEA_364_507_(u=106, v=1, w=1) ➡️  SEA_PIT_580_1048_(u=364, v=2, w=1) ➡️  PIT_SEA_1104_1236_(u=638, v=3, w=1) ➡️  SEA_ORD_1795_2159_(u=848, v=4, w=2) ➡️  ORD_PDX_2215_2349_(u=1083, v=5, w=2) ➡️  PDX_ONT_2434_2569_(u=1205, v=6, w=2) ➡️  ONT_PDX_2628_2754_(u=1316, v=7, w=2) ➡️  PDX_ANC_2866_3034_(u=1519, v=8, w=2) ➡️  ANC_SEA_3168_3438_(u=1701, v=9, w=3) ➡️  SEA_DEN_3550_3770_(u=1837, v=10, w=3) ➡️  DEN_SEA_3827_3928_(u=1976, v=11, w=3) ➡️  SEA_PHX_4087_4345_(u=2112, v=12, w=3) ➡️  PHX_SEA_4706_4849_(u=2291, v=13, w=4) ➡️  SEA_DCA_4891_5368_(u=2562, v=14, w=4) ➡️  DCA_SEA_5437_5593_(u=2877, v=15, w=4) ➡️  SEA_SLC_6187_6360_(u=2969, v=16, w=5) ➡️  SLC_SEA_6449_6557_(u=3081, v=17, w=5) ➡️  SEA_PHX_6669_6910_(u=3214, v=18, w=5) ➡️  PHX_SEA_6965_7117_(u=3393, v=19, w=5) ➡️  SEA_DFW_7182_7527_(u=3590, v=20, w=5) ➡️  DFW_SEA_7641_7776_(u=3816, v=21, w=6) ➡️  SEA_PHX_8018_8241_(u=3954, v=22, w=6) ➡️  PHX_ANC_8336_8626_(u=4331, v=23, w=6) ➡️  ANC_SEA_8684_8926_(u=4489, v=24, w=7) ➡️  SEA_SAN_9117_9279_(u=4603, v=25, w=7) ➡️  SAN_MCO_9359_9801_(u=4839, v=26, w=7) ➡️  MCO_SEA_9867_10065_(u=5185, v=27, w=7) ➡️  t_(u=0, v=0, w=0)

🛩️ Aircraft N277AK path (27 nodes): s_(u=0, v=0, w=0) ➡️  N277AK_(u=3892, v=33, w=7) ➡️  SEA_FAT_375_503_(u=4005, v=34, w=7) ➡️  FAT_SEA_559_687_(u=4113, v=35, w=7) ➡️  SEA_ANC_799_933_(u=4291, v=36, w=7) ➡️  ANC_SEA_1660_1931_(u=4482, v=37, w=8) ➡️  SEA_ANC_2030_2168_(u=4658, v=38, w=8) ➡️  ANC_CDV_2249_2310_(u=4695, v=39, w=8) ➡️  CDV_YAK_2357_2404_(u=4733, v=40, w=8) ➡️  YAK_JNU_2447_2500_(u=4767, v=41, w=8) ➡️  JNU_SEA_2569_2776_(u=4884, v=42, w=8) ➡️  SEA_LAS_3342_3511_(u=5012, v=43, w=9) ➡️  LAS_SEA_3563_3728_(u=5147, v=44, w=9) ➡️  SEA_ATL_3841_4313_(u=5411, v=45, w=9) ➡️  ATL_SEA_4752_4910_(u=5698, v=46, w=10) ➡️  SEA_RDM_4991_5054_(u=5736, v=47, w=10) ➡️  RDM_SEA_5133_5199_(u=5784, v=48, w=10) ➡️  SEA_ANC_5295_5444_(u=5973, v=49, w=10) ➡️  ANC_JNU_6410_6511_(u=83, v=1, w=1) ➡️  JNU_PSG_6558_6607_(u=113, v=2, w=1) ➡️  PSG_WRG_6650_6684_(u=129, v=3, w=1) ➡️  WRG_KTN_6726_6760_(u=151, v=4, w=1) ➡️  KTN_SEA_6808_6973_(u=241, v=5, w=1) ➡️  SEA_LIH_7702_8038_(u=573, v=6, w=2) ➡️  LIH_SEA_8108_8604_(u=913, v=7, w=2) ➡️  SEA_MSP_9120_9435_(u=1088, v=8, w=3) ➡️  MSP_SEA_9512_9628_(u=1278, v=9, w=3) ➡️  SEA_LIH_9718_9994_(u=1623, v=10, w=3) ➡️  LIH_SAN_10060_10521_(u=1942, v=11, w=3) ➡️  t_(u=0, v=0, w=0)

🛠️ Maintenance at node SEA_SNA_7578_7729 by aircraft N585AS | ρ=1; λ=0; φ=0
🛠️ Maintenance at node ANC_JNU_6410_6511 by aircraft N277AK | ρ=27; λ=1; φ=0

Nombre de maintenances au total: 2.0
Stations de maintenance utilisées: Any["SEA", "ANC"]
Nombre de stations de maintenance utilisées: 2
