INSTANCE 196FL_7A_5
PREPROCESSING : false
-----------------------INSTANCE 196FL_7A_5--------------------------
Gurobi 12.0.2 (linux64) logging started Mon Nov 24 12:39:36 2025

Set parameter LogFile to value "RESULTS/A_MTN_2/FH_DY_MAX/result_196FL_7A_5_without_prep.txt"
Set parameter LogToConsole to value 0

Gurobi 12.0.2 (linux64) logging started Mon Nov 24 12:39:38 2025

Set parameter LogFile to value "RESULTS/A_MTN_2/FH_DY_MAX/result_196FL_7A_5_without_prep.txt"
Gurobi Optimizer version 12.0.2 build v12.0.2rc0 (linux64 - "AlmaLinux 9.6 (Sage Margay)")

CPU model: Intel(R) Xeon(R) 6972P, instruction set [SSE2|AVX|AVX2|AVX512]
Thread count: 192 physical cores, 192 logical processors, using up to 8 threads

Non-default parameters:
TimeLimit  7200
LogToConsole  0
Threads  8

Optimize a model with 6153 rows, 1752 columns and 81178 nonzeros
Model fingerprint: 0x86f32fe5
Variable types: 510 continuous, 1242 integer (1142 binary)
Coefficient statistics:
  Matrix range     [1e+00, 6e+03]
  Objective range  [1e+00, 1e+03]
  Bounds range     [1e+01, 6e+03]
  RHS range        [1e+00, 6e+03]
Presolve removed 1983 rows and 651 columns
Presolve time: 0.09s
Presolved: 4170 rows, 1101 columns, 24427 nonzeros
Variable types: 229 continuous, 872 integer (803 binary)

Root relaxation: objective 0.000000e+00, 638 iterations, 0.02 seconds (0.02 work units)

    Nodes    |    Current Node    |     Objective Bounds      |     Work
 Expl Unexpl |  Obj  Depth IntInf | Incumbent    BestBd   Gap | It/Node Time

     0     0    0.00000    0    2          -    0.00000      -     -    0s
H    0     0                    2616.0000000    0.00000   100%     -    0s
     0     0    0.00000    0   16 2616.00000    0.00000   100%     -    0s
H    0     0                    2615.0000000    0.00000   100%     -    0s
     0     0    0.00000    0    2 2615.00000    0.00000   100%     -    0s
     0     0    0.00000    0    9 2615.00000    0.00000   100%     -    0s
H    0     0                    2387.0000000    0.00000   100%     -    0s
     0     0    0.00000    0    3 2387.00000    0.00000   100%     -    0s
     0     0    0.00000    0    3 2387.00000    0.00000   100%     -    0s
     0     0    0.00000    0    3 2387.00000    0.00000   100%     -    0s
     0     0    0.00000    0    3 2387.00000    0.00000   100%     -    0s
     0     0    0.00000    0    3 2387.00000    0.00000   100%     -    0s
     0     0    0.00000    0    2 2387.00000    0.00000   100%     -    0s
     0     0    0.00000    0    9 2387.00000    0.00000   100%     -    0s
     0     0    0.00000    0    9 2387.00000    0.00000   100%     -    0s
     0     0    0.00000    0    2 2387.00000    0.00000   100%     -    0s
     0     0    0.00000    0    2 2387.00000    0.00000   100%     -    0s
     0     0    0.00000    0    6 2387.00000    0.00000   100%     -    0s
H    0     0                    2350.0000000    0.00000   100%     -    0s
     0     0    0.00000    0    6 2350.00000    0.00000   100%     -    0s
H    0     0                    2349.0000000    0.00000   100%     -    1s
     0     0    0.00000    0    6 2349.00000    0.00000   100%     -    1s
H    0     0                    2307.0000000    0.00000   100%     -    1s
     0     2    0.00000    0    6 2307.00000    0.00000   100%     -    1s
H   26    63                    2256.0000000    0.00000   100%  40.2    1s
H  747   389                    2216.0000000    0.00000   100%  25.1    1s
H  961   448                    2206.0000000    0.00000   100%  25.2    1s
* 1276   544              40    1220.0000000    0.00000   100%  25.3    1s
H 1627   617                    1181.0000000    0.00000   100%  26.7    1s
H 1689   617                    1180.0000000    0.00000   100%  27.0    1s
H 1777   617                    1136.0000000    0.00000   100%  27.0    1s
H 1867   617                    1119.0000000    0.00000   100%  27.1    1s
H 1916   658                    1118.0000000    0.00000   100%  28.4    1s
H 1926   658                    1084.0000000    0.00000   100%  28.7    1s
H 3812   987                    1083.0000000    0.00000   100%  28.1    2s
  4393  1252 infeasible   35      1083.00000    0.00000   100%  31.7    5s
* 5452  1510              67      57.0000000    0.00000   100%  33.9    5s
* 5524  1501              58      51.0000000    0.00000   100%  33.8    5s
H 6935   754                       8.0000000    0.00000   100%  38.9    6s
H11585  1205                       8.0000000    0.00000   100%  50.0    8s
 14521  1563    1.00000   46    3    8.00000    0.00000   100%  52.1   10s
H19693  1479                       8.0000000    0.00000   100%  61.0   13s
 21841  2091    0.00000   58   18    8.00000    0.00000   100%  61.8   15s
 32509  3815    0.00000   52   42    8.00000    0.00000   100%  64.5   20s
 44073  5481 infeasible   57         8.00000    0.00000   100%  62.9   27s
 50046  5911    0.00000   78    4    8.00000    0.00000   100%  62.2   30s
 62914  6496    0.00000   75   40    8.00000    0.00000   100%  61.4   35s
 75295  6896    0.00000   71   18    8.00000    0.00000   100%  62.2   40s
 86812  7336    0.00000   87    3    8.00000    0.00000   100%  62.6   45s
 101403  8422 infeasible   81         8.00000    0.00000   100%  62.3   50s
H103086  8462                       8.0000000    0.00000   100%  62.3   50s
H107697  8716                       8.0000000    0.00000   100%  62.4   52s
 113373  9070    0.00000   73   25    8.00000    0.00000   100%  62.3   55s
 126791  9755 infeasible   78         8.00000    0.00000   100%  62.2   60s
 140533 10210 infeasible   78         8.00000    0.00000   100%  61.5   65s
 156049 10628    0.00000   77    1    8.00000    0.00000   100%  60.7   70s
 167869 12079 infeasible   72         8.00000    0.00000   100%  61.1   75s
 179602 12589    0.00000   78    3    8.00000    0.00000   100%  62.0   80s
 191141 13086 infeasible   68         8.00000    0.00000   100%  62.4   85s
 202127 13489    0.00000   74   26    8.00000    0.00000   100%  62.4   90s
 214843 13797    0.00000   78    4    8.00000    0.00000   100%  62.6   95s
 226078 14186    0.00000   68   22    8.00000    0.00000   100%  62.8  100s
 237016 14671 infeasible   87         8.00000    0.00000   100%  63.3  105s
 248406 15478    0.00000   74   36    8.00000    0.00000   100%  63.3  110s
H254836 15953                       8.0000000    0.00000   100%  63.6  112s
 259599 16323    0.00000   66    9    8.00000    0.00000   100%  63.8  115s
 271153 16760 infeasible   58         8.00000    0.00000   100%  64.1  120s
 281663 17253 infeasible   63         8.00000    0.00000   100%  64.5  125s
 293487 17734 infeasible   78         8.00000    0.00000   100%  64.5  130s
 306635 17925 infeasible   78         8.00000    0.00000   100%  64.2  135s
 318877 18078    0.00000   78    8    8.00000    0.00000   100%  64.2  140s
 331194 18218    0.00000   78    3    8.00000    0.00000   100%  64.2  145s
 344155 18511 infeasible   77         8.00000    0.00000   100%  64.1  150s
 356003 18764    0.00000   62   21    8.00000    0.00000   100%  64.1  155s
 365813 18892 infeasible   76         8.00000    0.00000   100%  64.4  160s
 377144 18890    0.00000   58   18    8.00000    0.00000   100%  64.6  165s
 387601 19015    0.00000   59   20    8.00000    0.00000   100%  64.8  170s
 398358 19142    0.00000   77    4    8.00000    0.00000   100%  64.9  175s
 409344 19421 infeasible   65         8.00000    0.00000   100%  65.2  180s
 420673 19563    5.00000   80   21    8.00000    0.00000   100%  65.3  185s
 432883 19698    0.00000   76   15    8.00000    0.00000   100%  65.3  190s
 444622 19992 infeasible   67         8.00000    0.00000   100%  65.4  195s
 456053 20217    0.00000   65   26    8.00000    0.00000   100%  65.5  200s
 468097 20495 infeasible   76         8.00000    0.00000   100%  65.6  205s
 481634 20599    0.00000   77    1    8.00000    0.00000   100%  65.6  210s
 493082 20790 infeasible   78         8.00000    0.00000   100%  65.5  215s
 505108 20816    0.00000   73   33    8.00000    0.00000   100%  65.5  220s
 517301 20826 infeasible   68         8.00000    0.00000   100%  65.6  225s
 529604 21112    0.00000   65   22    8.00000    0.00000   100%  65.6  230s
 541408 21557    0.00000   71   35    8.00000    0.00000   100%  65.6  235s
 554958 21900    0.00000   73   21    8.00000    0.00000   100%  65.5  240s
 566375 22113    0.00000   67    8    8.00000    0.00000   100%  65.5  245s
 578109 22298 infeasible   77         8.00000    0.00000   100%  65.5  250s
 590498 22475 infeasible   90         8.00000    0.00000   100%  65.4  255s
 602844 22696    0.00000   68    4    8.00000    0.00000   100%  65.3  260s
 616774 23015 infeasible   78         8.00000    0.00000   100%  65.2  265s
 627824 23083 infeasible   68         8.00000    0.00000   100%  65.2  270s
 638733 23044    0.00000   72   18    8.00000    0.00000   100%  65.3  275s
H640413 23072                       8.0000000    0.00000   100%  65.3  276s
 648520 23286 infeasible   78         8.00000    0.00000   100%  65.4  280s
 660112 23900 infeasible   67         8.00000    0.00000   100%  65.5  285s
H660266 23900                       8.0000000    0.00000   100%  65.5  285s
 670519 24452    5.00000   77   29    8.00000    0.00000   100%  65.5  290s
 681424 24915    0.00000   51   23    8.00000    0.00000   100%  65.6  295s
 692417 25457 infeasible   78         8.00000    0.00000   100%  65.7  300s
 704472 26118 infeasible   69         8.00000    0.00000   100%  65.8  305s
 715923 26448 infeasible   80         8.00000    0.00000   100%  65.9  310s
 728876 26611 infeasible   73         8.00000    0.00000   100%  65.9  315s
 741286 26732    0.00000   67    1    8.00000    0.00000   100%  66.0  320s
 752386 26926    0.00000   78    3    8.00000    0.00000   100%  66.0  325s
 763787 27187    0.00000   73   21    8.00000    0.00000   100%  66.1  330s
 774886 27669 infeasible   68         8.00000    0.00000   100%  66.2  335s
 787608 28440 infeasible   71         8.00000    0.00000   100%  66.3  340s
 799163 28895    0.00000   74   30    8.00000    0.00000   100%  66.4  345s
 810100 29629    0.00000   68   14    8.00000    0.00000   100%  66.5  350s
 821058 30583    0.00000   57    6    8.00000    0.00000   100%  66.7  355s
 832217 31509    0.00000   68    8    8.00000    0.00000   100%  66.8  360s
 849195 33993    0.00000   76   29    8.00000    0.00000   100%  66.5  365s
 866874 36174    0.00000   77    1    8.00000    0.00000   100%  66.2  370s
 884414 38450 infeasible   70         8.00000    0.00000   100%  65.8  375s
 899297 40186    0.00000   77    1    8.00000    0.00000   100%  65.6  380s
 913474 41290    1.00000   77   32    8.00000    0.00000   100%  65.6  385s
 925876 42165 infeasible   93         8.00000    0.00000   100%  65.7  390s
 936844 42610    0.00000   62   29    8.00000    0.00000   100%  65.8  395s
 947196 43229 infeasible   74         8.00000    0.00000   100%  66.0  400s
 957914 43690    0.00000   78    8    8.00000    0.00000   100%  66.2  405s
 968672 44032    0.00000   68   13    8.00000    0.00000   100%  66.3  410s
 978687 44658    0.00000   66   18    8.00000    0.00000   100%  66.5  415s
 990010 45428 infeasible   72         8.00000    0.00000   100%  66.7  420s
 1002913 46342    0.00000   60   20    8.00000    0.00000   100%  66.8  425s
 1013191 46795    0.00000   53   14    8.00000    0.00000   100%  66.9  430s
 1024898 47300 infeasible   72         8.00000    0.00000   100%  67.0  435s
 1036336 47712 infeasible   57         8.00000    0.00000   100%  67.0  440s
H1046541 47914                       8.0000000    0.00000   100%  67.0  443s
 1049597 48005    0.00000   78    5    8.00000    0.00000   100%  67.0  445s
 1061069 48189 infeasible   78         8.00000    0.00000   100%  67.0  450s
 1073958 48501    0.00000   77    1    8.00000    0.00000   100%  67.0  455s
 1085417 49173    0.00000   78    7    8.00000    0.00000   100%  67.0  460s
 1100154 50630 infeasible   58         8.00000    0.00000   100%  67.0  465s
 1114946 51971    0.00000   71   21    8.00000    0.00000   100%  66.8  470s
 1129055 53248 infeasible   61         8.00000    0.00000   100%  66.6  475s
 1141667 53952 infeasible   58         8.00000    0.00000   100%  66.7  480s
 1156817 54927    0.00000   88    6    8.00000    0.00000   100%  66.5  485s
 1171459 55487 infeasible   77         8.00000    0.00000   100%  66.4  490s
 1185255 56097    0.00000   88   13    8.00000    0.00000   100%  66.2  495s
 1199477 56243 infeasible   68         8.00000    0.00000   100%  66.1  500s
 1214647 56478 infeasible   81         8.00000    0.00000   100%  65.9  505s
 1228788 57094    0.00000   78    6    8.00000    0.00000   100%  65.8  510s
 1242481 57348 infeasible   76         8.00000    0.00000   100%  65.7  515s
 1256601 57759 infeasible   97         8.00000    0.00000   100%  65.5  520s
 1271792 58318    0.00000   77    4    8.00000    0.00000   100%  65.4  525s
 1285033 58743    0.00000   81    8    8.00000    0.00000   100%  65.3  530s
 1299035 58983 infeasible   78         8.00000    0.00000   100%  65.2  535s
 1312868 59231 infeasible   67         8.00000    0.00000   100%  65.2  540s
 1326273 59580    0.00000   78    3    8.00000    0.00000   100%  65.1  545s
 1340303 59969 infeasible   78         8.00000    0.00000   100%  65.0  550s
 1354721 60069 infeasible   83         8.00000    0.00000   100%  64.9  555s
 1369130 59897 infeasible   77         8.00000    0.00000   100%  64.8  560s
 1383715 59863 infeasible   77         8.00000    0.00000   100%  64.7  565s
 1399413 59780 infeasible   74         8.00000    0.00000   100%  64.6  570s
 1412691 59846 infeasible   96         8.00000    0.00000   100%  64.5  575s
 1426098 59810    0.00000   75   14    8.00000    0.00000   100%  64.5  580s
 1440224 59806    0.00000   84   16    8.00000    0.00000   100%  64.4  585s
 1452982 60205    6.00000   59   32    8.00000    0.00000   100%  64.4  590s
 1466713 62082 infeasible   78         8.00000    0.00000   100%  64.3  595s
 1482948 64468 infeasible   63         8.00000    0.00000   100%  64.2  600s
 1496399 65926    0.00000   67    6    8.00000    0.00000   100%  64.2  605s
 1510788 67484    0.00000   65   18    8.00000    0.00000   100%  64.1  610s
 1525218 70134 infeasible   69         8.00000    0.00000   100%  64.1  615s
 1541944 72940 infeasible   62         8.00000    0.00000   100%  63.9  620s
 1557737 75384    0.00000   73   21    8.00000    0.00000   100%  63.9  625s
 1572024 77642    0.00000   74   28    8.00000    0.00000   100%  63.8  630s
 1585069 78642 infeasible   68         8.00000    0.00000   100%  63.8  635s
 1599146 79414 infeasible   98         8.00000    0.00000   100%  63.7  640s
 1613651 79820 infeasible   78         8.00000    0.00000   100%  63.7  645s
 1626194 80302    0.00000   68    9    8.00000    0.00000   100%  63.7  650s
 1637654 80614 infeasible   66         8.00000    0.00000   100%  63.8  655s
 1650997 81043 infeasible   67         8.00000    0.00000   100%  63.8  660s
 1663920 81544 infeasible   78         8.00000    0.00000   100%  63.8  665s
 1679072 81851    0.00000   78    4    8.00000    0.00000   100%  63.7  670s
 1693008 81861    0.00000   61   22    8.00000    0.00000   100%  63.7  675s
H1693511 81866                       7.9999996    0.00000   100%  63.7  675s
 1706944 82018    0.00000   71    9    8.00000    0.00000   100%  63.6  680s
 1722474 82146    0.00000   80   21    8.00000    0.00000   100%  63.5  685s
 1737173 82529 infeasible   78         8.00000    0.00000   100%  63.4  690s
 1750885 83058 infeasible   78         8.00000    0.00000   100%  63.4  695s
 1766792 83193    0.00000   76   31    8.00000    0.00000   100%  63.2  700s
 1781496 83148 infeasible   78         8.00000    0.00000   100%  63.1  705s
 1798827 83556 infeasible   78         8.00000    0.00000   100%  63.0  710s
 1814220 83824 infeasible   75         8.00000    0.00000   100%  62.9  715s
 1827578 84154 infeasible   78         8.00000    0.00000   100%  62.9  720s
 1839683 84346 infeasible   78         8.00000    0.00000   100%  62.9  725s
 1853232 84654 infeasible   68         8.00000    0.00000   100%  62.9  730s
 1866314 85120 infeasible   68         8.00000    0.00000   100%  62.9  735s
 1878956 85214    0.00000   78    1    8.00000    0.00000   100%  62.9  740s
 1894478 85511    0.00000   68    1    8.00000    0.00000   100%  62.8  745s
 1909272 85876 infeasible   68         8.00000    0.00000   100%  62.8  750s
 1924710 86462    0.00000   79    8    8.00000    0.00000   100%  62.7  755s
 1939979 86956    0.00000   63   21    8.00000    0.00000   100%  62.6  760s
 1954805 87248    0.00000   73   25    8.00000    0.00000   100%  62.5  765s
 1968492 87495    0.00000   60   23    8.00000    0.00000   100%  62.5  770s
 1980818 87556    0.00000   76   31    8.00000    0.00000   100%  62.5  775s
 1993428 87610    0.00000   77    4    8.00000    0.00000   100%  62.5  780s
 2005443 87872    0.00000   75   37    8.00000    0.00000   100%  62.6  785s
 2018271 88039    0.00000   81    8    8.00000    0.00000   100%  62.6  790s
 2029692 88617    0.00000   57    5    8.00000    0.00000   100%  62.7  795s
 2043377 90293    0.00000   68    8    8.00000    0.00000   100%  62.6  800s
 2059192 91900 infeasible   78         8.00000    0.00000   100%  62.6  805s
 2075277 93903 infeasible   66         8.00000    0.00000   100%  62.5  810s
 2090644 95548 infeasible   78         8.00000    0.00000   100%  62.5  815s
 2104649 96390    0.00000   69   28    8.00000    0.00000   100%  62.4  820s
 2118414 96747    0.00000   59   22    8.00000    0.00000   100%  62.4  825s
 2133886 97020 infeasible   78         8.00000    0.00000   100%  62.4  830s
 2148164 97100 infeasible   88         8.00000    0.00000   100%  62.3  835s
 2162305 97357    0.00000   68    4    8.00000    0.00000   100%  62.4  840s
 2176153 97555 infeasible   66         8.00000    0.00000   100%  62.4  845s
 2190944 97613 infeasible   88         8.00000    0.00000   100%  62.4  850s
 2205863 97638 infeasible   74         8.00000    0.00000   100%  62.3  855s
 2221593 97615    0.00000   64   33    8.00000    0.00000   100%  62.3  860s
 2238086 97746 infeasible   78         8.00000    0.00000   100%  62.2  865s
 2252602 97756    0.00000   73   20    8.00000    0.00000   100%  62.2  870s
 2266512 97767    0.00000   68    4    8.00000    0.00000   100%  62.2  875s
 2279519 97763    0.00000   71   33    8.00000    0.00000   100%  62.2  880s
 2294196 97868 infeasible   74         8.00000    0.00000   100%  62.2  885s
 2308719 98447 infeasible   88         8.00000    0.00000   100%  62.3  890s
 2322489 99159 infeasible   76         8.00000    0.00000   100%  62.3  895s
 2336758 99514    0.00000   78   13    8.00000    0.00000   100%  62.3  900s
 2350385 99786 infeasible   77         8.00000    0.00000   100%  62.3  905s
 2363819 99998    0.00000   77    7    8.00000    0.00000   100%  62.3  910s
 2376106 100329 infeasible   66         8.00000    0.00000   100%  62.4  915s
H2386301 100516                       7.0000000    0.00000   100%  62.4  918s
H2387936 94304                       6.0000000    0.00000   100%  62.4  919s
H2389414 94285                       6.0000000    0.00000   100%  62.4  919s
 2389440 94283 infeasible   68         6.00000    0.00000   100%  62.4  920s
H2391249 94286                       6.0000000    0.00000   100%  62.4  920s
H2393176 94298                       6.0000000    0.00000   100%  62.4  921s
 2402035 94595 infeasible   78         6.00000    0.00000   100%  62.4  925s
H2410413 94843                       6.0000000    0.00000   100%  62.4  928s
 2414700 94908 infeasible   78         6.00000    0.00000   100%  62.4  930s
 2428712 95580 infeasible   81         6.00000    0.00000   100%  62.4  935s
 2443006 96311 infeasible   78         6.00000    0.00000   100%  62.5  940s
 2456798 96766    0.00000   62   17    6.00000    0.00000   100%  62.5  945s
H2465454 96918                       6.0000000    0.00000   100%  62.5  948s
 2469484 96915 infeasible   71         6.00000    0.00000   100%  62.5  950s
 2483365 97247    0.00000   67    1    6.00000    0.00000   100%  62.5  955s
H2483820 97247                       6.0000000    0.00000   100%  62.5  955s
H2486616 97274                       6.0000000    0.00000   100%  62.6  956s
 2494526 97350 infeasible   66         6.00000    0.00000   100%  62.6  960s
H2502266 97463                       6.0000000    0.00000   100%  62.6  962s
 2507618 97495 infeasible   79         6.00000    0.00000   100%  62.6  965s
H2510512 97514                       6.0000000    0.00000   100%  62.6  965s
 2520728 97552 infeasible   78         6.00000    0.00000   100%  62.6  970s
H2522685 97529                       6.0000000    0.00000   100%  62.6  970s
 2533616 97496    0.00000   58   11    6.00000    0.00000   100%  62.6  975s
H2540444 97573                       5.9999990    0.00000   100%  62.6  977s
 2546795 97612 infeasible   73         6.00000    0.00000   100%  62.7  980s
 2561236 97846    0.00000   68    8    6.00000    0.00000   100%  62.7  985s
 2574363 98074 infeasible   74         6.00000    0.00000   100%  62.7  990s
 2586019 98355 infeasible   76         6.00000    0.00000   100%  62.8  995s
 2598085 98536    0.00000   63   23    6.00000    0.00000   100%  62.8 1000s
 2611165 98897 infeasible   78         6.00000    0.00000   100%  62.8 1005s
 2625683 99264    0.00000   78    9    6.00000    0.00000   100%  62.9 1010s
 2638703 99870    0.00000   76   28    6.00000    0.00000   100%  62.9 1015s
 2651888 100054 infeasible   79         6.00000    0.00000   100%  62.9 1020s
 2666709 100077 infeasible   69         6.00000    0.00000   100%  62.9 1025s
 2680953 99914    0.00000   85   22    6.00000    0.00000   100%  62.9 1030s
 2696301 99905    0.00000   69   18    6.00000    0.00000   100%  62.9 1035s
 2710434 100172    0.00000   73   33    6.00000    0.00000   100%  62.9 1040s
 2724599 100267 infeasible   68         6.00000    0.00000   100%  62.9 1045s
 2737627 100370 infeasible   71         6.00000    0.00000   100%  62.9 1050s
 2752507 100285    0.00000   76   33    6.00000    0.00000   100%  62.9 1055s
 2767258 100314 infeasible   68         6.00000    0.00000   100%  62.9 1060s
 2782382 100222 infeasible   68         6.00000    0.00000   100%  62.9 1065s
 2796765 100125 infeasible   68         6.00000    0.00000   100%  62.8 1070s
 2810702 100738 infeasible   57         6.00000    0.00000   100%  62.8 1075s
 2824637 102938 infeasible   59         6.00000    0.00000   100%  62.9 1080s
 2836815 104297    0.00000   60   17    6.00000    0.00000   100%  62.9 1085s
 2847573 105643 infeasible   68         6.00000    0.00000   100%  63.0 1090s
 2857931 106761    0.00000   64   35    6.00000    0.00000   100%  63.1 1095s
 2868551 107851    0.00000   70   14    6.00000    0.00000   100%  63.2 1100s
 2880117 108922    0.00000   62   31    6.00000    0.00000   100%  63.3 1105s
 2891998 109979 infeasible   68         6.00000    0.00000   100%  63.4 1110s
 2903253 110860    1.00000   71   10    6.00000    0.00000   100%  63.5 1115s
 2914682 111656 infeasible   67         6.00000    0.00000   100%  63.6 1120s
 2924624 112149    0.00000   68   11    6.00000    0.00000   100%  63.6 1125s
 2936426 112870    0.00000   68   10    6.00000    0.00000   100%  63.7 1130s
 2947396 113731 infeasible   68         6.00000    0.00000   100%  63.8 1135s
 2958267 114479    1.00000   63   32    6.00000    0.00000   100%  63.9 1140s
 2968778 115314    0.00000   67    2    6.00000    0.00000   100%  64.0 1145s
 2979525 115695 infeasible   67         6.00000    0.00000   100%  64.1 1150s
 2989782 116422    0.00000   68   15    6.00000    0.00000   100%  64.2 1155s
 2999589 116999    0.00000   70   19    6.00000    0.00000   100%  64.3 1160s
 3009798 117667 infeasible   68         6.00000    0.00000   100%  64.4 1165s
 3020778 118579    0.00000   67    1    6.00000    0.00000   100%  64.5 1170s
 3032632 119399 infeasible   79         6.00000    0.00000   100%  64.6 1175s
 3045025 120110    0.00000   58    7    6.00000    0.00000   100%  64.6 1180s
 3058635 121154    5.00000   57   30    6.00000    0.00000   100%  64.7 1185s
 3070685 122488 infeasible   59         6.00000    0.00000   100%  64.7 1190s
 3083256 123651 infeasible   71         6.00000    0.00000   100%  64.8 1195s
 3095567 125193    0.00000   67    1    6.00000    0.00000   100%  64.8 1200s
 3108220 126682 infeasible   61         6.00000    0.00000   100%  64.8 1205s
 3120866 128322    0.00000   67    2    6.00000    0.00000   100%  64.9 1210s
 3131863 129378    0.00000   66   54    6.00000    0.00000   100%  64.9 1215s
 3143227 130517 infeasible   68         6.00000    0.00000   100%  65.0 1220s
 3154340 131502    5.00000   79   39    6.00000    0.00000   100%  65.1 1225s
 3164222 131992 infeasible   68         6.00000    0.00000   100%  65.2 1230s
 3175928 132474    0.00000   65   13    6.00000    0.00000   100%  65.3 1235s
 3186516 132960 infeasible   67         6.00000    0.00000   100%  65.4 1240s
 3199092 133451 infeasible   57         6.00000    0.00000   100%  65.4 1245s
 3209261 133957 infeasible   71         6.00000    0.00000   100%  65.5 1250s
 3221631 134906 infeasible   67         6.00000    0.00000   100%  65.6 1255s
 3233384 136119 infeasible   68         6.00000    0.00000   100%  65.6 1260s
 3247396 137754 infeasible   78         6.00000    0.00000   100%  65.6 1265s
 3259278 139508    0.00000   58   25    6.00000    0.00000   100%  65.7 1270s
 3274183 141600 infeasible   74         6.00000    0.00000   100%  65.7 1275s
 3287028 143330 infeasible   62         6.00000    0.00000   100%  65.7 1280s
 3300517 144912 infeasible   78         6.00000    0.00000   100%  65.7 1285s
 3314024 146775 infeasible   58         6.00000    0.00000   100%  65.7 1290s
 3325520 148145    0.00000   68    3    6.00000    0.00000   100%  65.8 1295s
 3338546 150142 infeasible   69         6.00000    0.00000   100%  65.8 1300s
 3353262 152212 infeasible   85         6.00000    0.00000   100%  65.8 1305s
 3366376 153243    0.00000   85   23    6.00000    0.00000   100%  65.8 1310s
 3380533 153754 infeasible   68         6.00000    0.00000   100%  65.8 1315s
 3393491 153967 infeasible   77         6.00000    0.00000   100%  65.8 1320s
 3407554 154244 infeasible   89         6.00000    0.00000   100%  65.8 1325s
 3422166 154625 infeasible   68         6.00000    0.00000   100%  65.8 1330s
 3434687 154806 infeasible   68         6.00000    0.00000   100%  65.8 1335s
 3448757 154953 infeasible   78         6.00000    0.00000   100%  65.8 1340s
 3460792 155342    0.00000   66   18    6.00000    0.00000   100%  65.8 1345s
 3474473 155718    0.00000   75   30    6.00000    0.00000   100%  65.8 1350s
 3486920 155864    0.00000   68   15    6.00000    0.00000   100%  65.8 1355s
 3502084 156153    0.00000   83   17    6.00000    0.00000   100%  65.8 1360s
 3516574 156366    0.00000   77    4    6.00000    0.00000   100%  65.8 1365s
 3531581 156490 infeasible   78         6.00000    0.00000   100%  65.7 1370s
 3546159 156847    0.00000   87    1    6.00000    0.00000   100%  65.7 1375s
 3561041 157441    5.00000   73   28    6.00000    0.00000   100%  65.7 1380s
 3574250 157793    0.00000   88    6    6.00000    0.00000   100%  65.7 1385s
 3586907 158160 infeasible   78         6.00000    0.00000   100%  65.7 1390s
 3601998 158386 infeasible   68         6.00000    0.00000   100%  65.7 1395s
 3616914 158696 infeasible   82         6.00000    0.00000   100%  65.7 1400s
 3630533 159007 infeasible   73         6.00000    0.00000   100%  65.7 1405s
 3642311 159381    0.00000   67    1    6.00000    0.00000   100%  65.7 1410s
 3654366 159781    0.00000   71   23    6.00000    0.00000   100%  65.8 1415s
 3667802 160180 infeasible   76         6.00000    0.00000   100%  65.8 1420s
 3680757 160479 infeasible   68         6.00000    0.00000   100%  65.8 1425s
 3693208 160692    0.00000   76   30    6.00000    0.00000   100%  65.8 1430s
 3706017 160876    1.00000   61   45    6.00000    0.00000   100%  65.8 1435s
 3718346 161127 infeasible   68         6.00000    0.00000   100%  65.8 1440s
 3732013 161385    0.00000   74   20    6.00000    0.00000   100%  65.9 1445s
 3744566 161717    0.00000   69   17    6.00000    0.00000   100%  65.9 1450s
H3756012 161993                       5.9999990    0.00000   100%  65.9 1454s
 3758239 161992    0.00000   78    4    6.00000    0.00000   100%  65.9 1455s
 3772203 162269    0.00000   68   10    6.00000    0.00000   100%  65.8 1460s
 3785772 162395 infeasible   85         6.00000    0.00000   100%  65.8 1465s
 3799625 162665    0.00000   88    8    6.00000    0.00000   100%  65.8 1470s
 3814026 162857 infeasible   84         6.00000    0.00000   100%  65.8 1475s
 3827800 163126 infeasible   69         6.00000    0.00000   100%  65.8 1480s
 3841445 163576    0.00000   70    4    6.00000    0.00000   100%  65.8 1485s
 3855141 163842 infeasible   78         6.00000    0.00000   100%  65.8 1490s
 3868101 163973    0.00000   66   33    6.00000    0.00000   100%  65.8 1495s
 3882074 164085 infeasible   58         6.00000    0.00000   100%  65.8 1500s
 3894716 164932 infeasible   57         6.00000    0.00000   100%  65.8 1505s
 3908633 166047    5.00000   70   30    6.00000    0.00000   100%  65.8 1510s
 3921210 166538 infeasible   78         6.00000    0.00000   100%  65.8 1515s
 3934408 167003    0.00000   68    4    6.00000    0.00000   100%  65.8 1520s
 3946824 167398 infeasible   68         6.00000    0.00000   100%  65.9 1525s
 3959601 167615 infeasible   68         6.00000    0.00000   100%  65.9 1530s
 3970437 167737 infeasible   78         6.00000    0.00000   100%  65.9 1535s
H3974537 167757                       5.9999985    0.00000   100%  65.9 1535s
 3986584 167890    0.00000   68    7    6.00000    0.00000   100%  65.9 1540s
 3999444 167972    0.00000   81   20    6.00000    0.00000   100%  65.9 1545s
 4014332 168073 infeasible   58         6.00000    0.00000   100%  65.9 1550s
 4026370 168156    0.00000   68   14    6.00000    0.00000   100%  65.9 1555s
 4041425 168226    0.00000   74   34    6.00000    0.00000   100%  65.9 1560s
 4054021 168445 infeasible   82         6.00000    0.00000   100%  65.9 1565s
H4062221 168907                       5.9999985    0.00000   100%  65.9 1567s
 4068041 169373 infeasible   67         6.00000    0.00000   100%  65.9 1570s
 4082697 170011    0.00000   71   14    6.00000    0.00000   100%  65.8 1575s
 4095725 170495    0.00000   78    9    6.00000    0.00000   100%  65.8 1580s
 4108483 170947    0.00000   76   30    6.00000    0.00000   100%  65.8 1585s
 4121882 171437 infeasible   74         6.00000    0.00000   100%  65.9 1590s
 4135412 171905    0.00000   61   32    6.00000    0.00000   100%  65.9 1595s
 4149127 172342    0.00000   75   40    6.00000    0.00000   100%  65.9 1600s
 4162312 172634    0.00000   76   24    6.00000    0.00000   100%  65.9 1605s
 4176012 172685 infeasible   84         6.00000    0.00000   100%  65.9 1610s
 4190063 172995 infeasible   78         6.00000    0.00000   100%  65.8 1615s
 4202316 173242    0.00000   58   13    6.00000    0.00000   100%  65.9 1620s
 4213285 173355 infeasible   82         6.00000    0.00000   100%  65.9 1625s
 4224696 173723 infeasible   76         6.00000    0.00000   100%  65.9 1630s
 4235786 174082    0.00000   78    3    6.00000    0.00000   100%  66.0 1635s
 4246978 174242 infeasible   76         6.00000    0.00000   100%  66.1 1640s
 4258522 174301 infeasible   68         6.00000    0.00000   100%  66.1 1645s
 4270117 174593    0.00000   67    1    6.00000    0.00000   100%  66.1 1650s
H4280348 174742                       5.9999985    0.00000   100%  66.2 1654s
 4281957 174790 infeasible   68         6.00000    0.00000   100%  66.2 1655s
 4293692 175297    0.00000   77    1    6.00000    0.00000   100%  66.2 1660s
 4306987 175594    0.00000   87    1    6.00000    0.00000   100%  66.2 1665s
 4320702 175552    0.00000   65   31    6.00000    0.00000   100%  66.1 1670s
H4330166 175516                       5.9999985    0.00000   100%  66.1 1673s
 4334571 175460    0.00000   78   14    6.00000    0.00000   100%  66.1 1675s
H4345132 175421                       5.9999980    0.00000   100%  66.1 1679s
 4346864 175452    0.00000   59   17    6.00000    0.00000   100%  66.1 1680s
 4359582 175364 infeasible   78         6.00000    0.00000   100%  66.1 1685s
 4373829 175339    0.00000   70   28    6.00000    0.00000   100%  66.1 1690s
 4386042 175321    0.00000   67    4    6.00000    0.00000   100%  66.1 1695s
 4398666 175400    0.00000   65   33    6.00000    0.00000   100%  66.2 1700s
 4411294 175385    0.00000   62   37    6.00000    0.00000   100%  66.2 1705s
 4423690 175239 infeasible   68         6.00000    0.00000   100%  66.2 1710s
 4437385 175138 infeasible   88         6.00000    0.00000   100%  66.2 1715s
H4446753 175239                       5.9999980    0.00000   100%  66.2 1718s
 4449628 175258    0.00000   77    1    6.00000    0.00000   100%  66.2 1720s
 4460568 175148    0.00000   68    4    6.00000    0.00000   100%  66.2 1725s
H4472618 175213                       5.9954592    0.00000   100%  66.2 1728s
 4477873 175229 infeasible   68         5.99546    0.00000   100%  66.2 1730s
 4493551 175056 infeasible   75         5.99546    0.00000   100%  66.1 1735s
 4506138 175434    0.00000   63   29    5.99546    0.00000   100%  66.2 1740s
 4517565 175961    0.00000   91   28    5.99546    0.00000   100%  66.2 1745s
 4529823 176352 infeasible   77         5.99546    0.00000   100%  66.2 1750s
 4541633 176529 infeasible   67         5.99546    0.00000   100%  66.3 1755s
 4555320 176752 infeasible   66         5.99546    0.00000   100%  66.3 1760s
 4567638 176875 infeasible   67         5.99546    0.00000   100%  66.3 1765s
 4582745 177214 infeasible   67         5.99546    0.00000   100%  66.3 1770s
 4597432 177362 infeasible   88         5.99546    0.00000   100%  66.3 1775s
 4611404 178096    0.00000   66   30    5.99546    0.00000   100%  66.3 1780s
 4625826 178562 infeasible   78         5.99546    0.00000   100%  66.3 1785s
 4640289 178962 infeasible   78         5.99546    0.00000   100%  66.3 1790s
 4653169 179451    0.00000   78    8    5.99546    0.00000   100%  66.3 1795s
 4667346 179697 infeasible   78         5.99546    0.00000   100%  66.3 1800s
 4682611 179952    0.00000   76   33    5.99546    0.00000   100%  66.2 1805s
 4696555 180234    5.00000   79    1    5.99546    0.00000   100%  66.2 1810s
 4709431 180514    0.00000   77    1    5.99546    0.00000   100%  66.2 1815s
 4723271 180998 infeasible   78         5.99546    0.00000   100%  66.2 1820s
 4737197 181360 infeasible   78         5.99546    0.00000   100%  66.2 1825s
 4752667 181765 infeasible   78         5.99546    0.00000   100%  66.2 1830s
 4766688 182285    0.00000   79   10    5.99546    0.00000   100%  66.2 1835s
 4782035 182972    0.00000   78   23    5.99546    0.00000   100%  66.2 1840s
 4798011 183418 infeasible   56         5.99546    0.00000   100%  66.1 1845s
 4813390 183620    0.00000   78    4    5.99546    0.00000   100%  66.1 1850s
 4828037 184283 infeasible   88         5.99546    0.00000   100%  66.1 1855s
 4843291 185069 infeasible   79         5.99546    0.00000   100%  66.1 1860s
 4859443 185657    0.00000   89   24    5.99546    0.00000   100%  66.1 1865s
 4873485 186042 infeasible   78         5.99546    0.00000   100%  66.1 1870s
 4888702 186378 infeasible   83         5.99546    0.00000   100%  66.0 1875s
 4902550 186581    0.00000   76   22    5.99546    0.00000   100%  66.0 1880s
 4916191 186911    0.00000   86   24    5.99546    0.00000   100%  66.0 1885s
 4929884 187042 infeasible   78         5.99546    0.00000   100%  66.0 1890s
 4943445 187115    0.00000   62   38    5.99546    0.00000   100%  66.0 1895s
 4958385 187178 infeasible   78         5.99546    0.00000   100%  66.0 1900s
 4971691 187105 infeasible   88         5.99546    0.00000   100%  66.0 1905s
 4987254 187215 infeasible   78         5.99546    0.00000   100%  66.0 1910s
 5001640 187058 infeasible   71         5.99546    0.00000   100%  66.0 1915s
 5014560 186994    0.00000   69   35    5.99546    0.00000   100%  66.0 1920s
 5028383 186868    0.00000   66   37    5.99546    0.00000   100%  66.0 1925s
 5042040 186828    0.00000   67    4    5.99546    0.00000   100%  66.0 1930s
 5054449 186893    0.00000   87    1    5.99546    0.00000   100%  66.0 1935s
 5068276 186903    0.00000   68   13    5.99546    0.00000   100%  66.0 1940s
 5083133 187076 infeasible   88         5.99546    0.00000   100%  66.0 1945s
 5098669 187940    0.00000   78    3    5.99546    0.00000   100%  66.0 1950s
 5115022 189583 infeasible   78         5.99546    0.00000   100%  66.0 1955s
 5130634 190718 infeasible   78         5.99546    0.00000   100%  65.9 1960s
 5147510 192026    0.00000   83   14    5.99546    0.00000   100%  65.9 1965s
 5162791 192996    0.00000   76   32    5.99546    0.00000   100%  65.9 1970s
 5177248 193677    0.00000   82   13    5.99546    0.00000   100%  65.9 1975s
 5191798 194028 infeasible   75         5.99546    0.00000   100%  65.9 1980s
 5205746 194105    0.00000   74   18    5.99546    0.00000   100%  65.9 1985s
 5220834 194155    0.00000   75   39    5.99546    0.00000   100%  65.9 1990s
 5234435 194093 infeasible   75         5.99546    0.00000   100%  65.9 1995s
 5249786 194092    0.00000   79    3    5.99546    0.00000   100%  65.8 2000s
 5263363 194219 infeasible   78         5.99546    0.00000   100%  65.8 2005s
 5277725 194091    0.00000   70    4    5.99546    0.00000   100%  65.8 2010s
 5290792 194080    0.00000   77    1    5.99546    0.00000   100%  65.8 2015s
 5304938 194126 infeasible   76         5.99546    0.00000   100%  65.9 2020s
 5318205 194139    0.00000   68   11    5.99546    0.00000   100%  65.9 2025s
 5331674 194146 infeasible   83         5.99546    0.00000   100%  65.9 2030s
 5346413 194130    0.00000   77    5    5.99546    0.00000   100%  65.9 2035s
 5360189 194100    0.00000   70   21    5.99546    0.00000   100%  65.9 2040s
 5374504 194045 infeasible   97         5.99546    0.00000   100%  65.9 2045s
 5388975 193999 infeasible   68         5.99546    0.00000   100%  65.9 2050s
 5403286 194159 infeasible   68         5.99546    0.00000   100%  65.8 2055s
 5417388 194293    0.00000   60   15    5.99546    0.00000   100%  65.8 2060s
 5432550 194477 infeasible   78         5.99546    0.00000   100%  65.8 2065s
 5444963 194568 infeasible   78         5.99546    0.00000   100%  65.8 2070s
 5459347 194455 infeasible   72         5.99546    0.00000   100%  65.8 2075s
 5473429 194384 infeasible   78         5.99546    0.00000   100%  65.8 2080s
 5486609 194520 infeasible   69         5.99546    0.00000   100%  65.8 2085s
 5500314 194669 infeasible   83         5.99546    0.00000   100%  65.8 2090s
 5514891 194887    0.00000   78    4    5.99546    0.00000   100%  65.8 2095s
 5528180 194965    0.00000   61   30    5.99546    0.00000   100%  65.8 2100s
 5542537 194987    1.00000   75   19    5.99546    0.00000   100%  65.8 2105s
 5556760 194982 infeasible   79         5.99546    0.00000   100%  65.8 2110s
 5569963 195259 infeasible   78         5.99546    0.00000   100%  65.9 2115s
 5582492 195400    0.00000   78   12    5.99546    0.00000   100%  65.9 2120s
 5594400 195520 infeasible   73         5.99546    0.00000   100%  65.9 2125s
 5607936 195471    0.00000   68    4    5.99546    0.00000   100%  65.9 2130s
 5622289 195369 infeasible   71         5.99546    0.00000   100%  65.9 2135s
 5635524 195203 infeasible   79         5.99546    0.00000   100%  65.9 2140s
 5649036 195118 infeasible   68         5.99546    0.00000   100%  65.9 2145s
 5662910 195129 infeasible   76         5.99546    0.00000   100%  65.9 2150s
 5677790 195186    0.00000   78    9    5.99546    0.00000   100%  65.9 2155s
 5692566 195011    0.00000   68   23    5.99546    0.00000   100%  65.9 2160s
 5706962 194956 infeasible   71         5.99546    0.00000   100%  65.9 2165s
 5721301 194966 infeasible   88         5.99546    0.00000   100%  65.9 2170s
 5734298 195067 infeasible   85         5.99546    0.00000   100%  65.9 2175s
 5747850 195108 infeasible   88         5.99546    0.00000   100%  65.9 2180s
 5761827 195018 infeasible   89         5.99546    0.00000   100%  65.9 2185s
 5776798 194849 infeasible   88         5.99546    0.00000   100%  65.9 2190s
 5792080 195335    0.00000   73   23    5.99546    0.00000   100%  65.9 2195s
 5807218 195593 infeasible   78         5.99546    0.00000   100%  65.9 2200s
 5821145 195688 infeasible   77         5.99546    0.00000   100%  65.9 2205s
 5835497 195574 infeasible   79         5.99546    0.00000   100%  65.8 2210s
 5850506 196036 infeasible   65         5.99546    0.00000   100%  65.8 2215s
 5864928 196122    0.00000   78    7    5.99546    0.00000   100%  65.8 2220s
 5877727 196263    0.00000   87    5    5.99546    0.00000   100%  65.8 2225s
 5891554 196762 infeasible   78         5.99546    0.00000   100%  65.8 2230s
 5905765 197405 infeasible   78         5.99546    0.00000   100%  65.8 2235s
 5920701 197620 infeasible   75         5.99546    0.00000   100%  65.8 2240s
 5934010 198009 infeasible   79         5.99546    0.00000   100%  65.8 2245s
 5949050 198164 infeasible   77         5.99546    0.00000   100%  65.8 2250s
 5964533 198185    0.00000   58    1    5.99546    0.00000   100%  65.8 2255s
 5978174 198458    0.00000   76   28    5.99546    0.00000   100%  65.8 2260s
 5992811 198537 infeasible   78         5.99546    0.00000   100%  65.8 2265s
 6006776 198688 infeasible   86         5.99546    0.00000   100%  65.8 2270s
 6018529 198578    0.00000   58    9    5.99546    0.00000   100%  65.8 2275s
 6032795 198556    0.00000   68    9    5.99546    0.00000   100%  65.8 2280s
 6044672 198468    0.00000   84   22    5.99546    0.00000   100%  65.8 2286s
 6061142 198498    0.00000   77    1    5.99546    0.00000   100%  65.8 2290s
 6077478 198429 infeasible   68         5.99546    0.00000   100%  65.8 2295s
 6094038 198427    0.00000   80   14    5.99546    0.00000   100%  65.7 2300s
 6109359 198734    0.00000   85   25    5.99546    0.00000   100%  65.7 2305s
 6124832 199264 infeasible   63         5.99546    0.00000   100%  65.7 2310s
 6140046 199605 infeasible   84         5.99546    0.00000   100%  65.7 2315s
 6157316 199536 infeasible   68         5.99546    0.00000   100%  65.7 2320s
 6171675 199471    0.00000   61   18    5.99546    0.00000   100%  65.6 2325s
 6186707 199605 infeasible   77         5.99546    0.00000   100%  65.6 2330s
 6201025 199640    0.00000   67    1    5.99546    0.00000   100%  65.6 2335s
H6213681 199707                       5.9625525    0.00000   100%  65.6 2339s
 6214452 199704 infeasible   88         5.96255    0.00000   100%  65.6 2340s
 6226910 199791 infeasible   67         5.96255    0.00000   100%  65.6 2345s
 6241528 200108 infeasible   88         5.96255    0.00000   100%  65.6 2350s
 6255323 200444    0.00000   88   14    5.96255    0.00000   100%  65.6 2355s
 6270992 200829    0.00000   87   13    5.96255    0.00000   100%  65.6 2360s
 6285222 201443 infeasible   78         5.96255    0.00000   100%  65.6 2365s
 6303505 202045 infeasible   84         5.96255    0.00000   100%  65.6 2370s
 6316964 202703    0.00000   78    4    5.96255    0.00000   100%  65.6 2375s
 6331023 203388 infeasible   78         5.96255    0.00000   100%  65.6 2380s
 6345217 203771 infeasible   68         5.96255    0.00000   100%  65.6 2385s
 6355735 204993 infeasible   80         5.96255    0.00000   100%  65.6 2390s
 6375096 205981 infeasible   76         5.96255    0.00000   100%  65.5 2395s
 6388751 206256 infeasible   78         5.96255    0.00000   100%  65.5 2400s
 6403018 206700 infeasible   77         5.96255    0.00000   100%  65.5 2405s
 6417983 207087    0.00000   78    4    5.96255    0.00000   100%  65.5 2410s
 6432138 207442 infeasible   78         5.96255    0.00000   100%  65.5 2415s
 6446369 207573 infeasible   78         5.96255    0.00000   100%  65.5 2420s
 6460471 207751    0.00000   77    1    5.96255    0.00000   100%  65.5 2425s
 6474421 207886 infeasible   58         5.96255    0.00000   100%  65.5 2430s
 6489244 207963    5.00000   59   27    5.96255    0.00000   100%  65.5 2435s
 6502419 208151    0.00000   68   38    5.96255    0.00000   100%  65.5 2440s
 6516675 208250    0.00000   76   35    5.96255    0.00000   100%  65.5 2445s
 6529633 208390 infeasible   58         5.96255    0.00000   100%  65.5 2450s
 6543913 208462 infeasible   77         5.96255    0.00000   100%  65.5 2455s
 6556688 208426 infeasible   91         5.96255    0.00000   100%  65.5 2460s
 6572399 208253 infeasible   78         5.96255    0.00000   100%  65.5 2465s
 6585111 208164 infeasible   68         5.96255    0.00000   100%  65.6 2470s
 6598361 208524    0.00000   65   23    5.96255    0.00000   100%  65.6 2475s
 6614158 208971    0.00000   73   12    5.96255    0.00000   100%  65.6 2480s
 6628683 209225    0.00000   65   40    5.96255    0.00000   100%  65.5 2485s
 6643341 209301 infeasible   78         5.96255    0.00000   100%  65.5 2490s
 6657535 209448    0.00000   60   41    5.96255    0.00000   100%  65.5 2495s
 6670352 209686    0.00000   77   11    5.96255    0.00000   100%  65.5 2500s
 6682609 209810 infeasible   77         5.96255    0.00000   100%  65.6 2505s
 6695953 210421 infeasible   79         5.96255    0.00000   100%  65.6 2510s
 6709241 211002 infeasible   78         5.96255    0.00000   100%  65.6 2515s
 6723498 211679 infeasible   67         5.96255    0.00000   100%  65.6 2520s
 6737541 212495 infeasible   67         5.96255    0.00000   100%  65.6 2525s
 6750858 213061    0.00000   66   29    5.96255    0.00000   100%  65.6 2530s
 6764819 213596    5.00000   64   36    5.96255    0.00000   100%  65.6 2535s
 6779465 213776    0.00000   78    1    5.96255    0.00000   100%  65.6 2540s
 6794031 214208    0.00000   67    6    5.96255    0.00000   100%  65.6 2545s
 6808890 215203    0.00000   73   19    5.96255    0.00000   100%  65.6 2550s
 6823761 216733 infeasible   72         5.96255    0.00000   100%  65.6 2555s
 6839299 218291 infeasible   57         5.96255    0.00000   100%  65.5 2560s
 6855976 219687 infeasible   64         5.96255    0.00000   100%  65.5 2565s
 6871285 220768    0.00000   68   11    5.96255    0.00000   100%  65.5 2570s
 6884915 221405 infeasible   70         5.96255    0.00000   100%  65.5 2575s
 6898883 221855 infeasible   78         5.96255    0.00000   100%  65.5 2580s
 6913369 222186 infeasible   80         5.96255    0.00000   100%  65.5 2585s
 6928265 222212 infeasible   78         5.96255    0.00000   100%  65.5 2590s
 6941701 222091    0.00000   75   31    5.96255    0.00000   100%  65.5 2595s
 6957059 222026    0.00000   78   19    5.96255    0.00000   100%  65.5 2600s
 6971596 222220    0.00000   77    1    5.96255    0.00000   100%  65.5 2605s
 6986926 222142 infeasible   88         5.96255    0.00000   100%  65.5 2610s
 7002978 222032 infeasible   79         5.96255    0.00000   100%  65.4 2615s
 7017379 221964 infeasible   76         5.96255    0.00000   100%  65.4 2620s
 7032509 221818    0.00000   75   34    5.96255    0.00000   100%  65.4 2625s
 7046695 222005    0.00000   88   15    5.96255    0.00000   100%  65.4 2630s
 7062256 221970    0.00000   77    6    5.96255    0.00000   100%  65.4 2635s
 7076605 222053    0.00000   78    5    5.96255    0.00000   100%  65.4 2640s
 7091569 221985    0.00000   75   13    5.96255    0.00000   100%  65.4 2645s
 7105346 221790 infeasible   88         5.96255    0.00000   100%  65.4 2650s
 7120642 221770    0.00000   82   16    5.96255    0.00000   100%  65.4 2655s
 7134380 221687    0.00000   88    2    5.96255    0.00000   100%  65.3 2660s
 7147880 221781 infeasible   86         5.96255    0.00000   100%  65.3 2665s
 7162851 221719 infeasible   78         5.96255    0.00000   100%  65.3 2670s
 7177297 221726 infeasible   78         5.96255    0.00000   100%  65.3 2675s
 7193315 221664    0.00000   71   32    5.96255    0.00000   100%  65.3 2680s
 7208253 221608    0.00000   80   20    5.96255    0.00000   100%  65.3 2685s
 7222120 221719 infeasible   77         5.96255    0.00000   100%  65.3 2690s
 7237203 221658    0.00000   79   17    5.96255    0.00000   100%  65.3 2695s
 7250937 221567 infeasible   73         5.96255    0.00000   100%  65.3 2700s
 7266364 221489 infeasible   78         5.96255    0.00000   100%  65.3 2705s
 7280212 221654    5.00000   83   17    5.96255    0.00000   100%  65.3 2710s
 7296279 221880    0.00000   78    8    5.96255    0.00000   100%  65.3 2715s
 7311575 221966    0.00000   78    4    5.96255    0.00000   100%  65.3 2720s
 7327789 221827    0.00000   76   19    5.96255    0.00000   100%  65.3 2725s
 7342492 221693    0.00000   90    5    5.96255    0.00000   100%  65.3 2730s
 7357149 221618 infeasible   78         5.96255    0.00000   100%  65.3 2735s
 7371431 221680    0.00000   77   14    5.96255    0.00000   100%  65.3 2740s
 7385562 221918    0.00000   73   16    5.96255    0.00000   100%  65.3 2745s
 7394519 221731 infeasible   78         5.96255    0.00000   100%  65.3 2750s
 7414976 221940    0.00000   78   10    5.96255    0.00000   100%  65.3 2755s
 7428565 222172 infeasible   78         5.96255    0.00000   100%  65.3 2760s
 7443016 222492    0.00000   68    1    5.96255    0.00000   100%  65.2 2765s
 7458209 223035 infeasible   77         5.96255    0.00000   100%  65.2 2770s
 7472992 223183    0.00000   68   16    5.96255    0.00000   100%  65.2 2775s
 7485929 223306 infeasible   78         5.96255    0.00000   100%  65.2 2780s
 7499222 223401 infeasible   68         5.96255    0.00000   100%  65.2 2785s
 7510957 223365 infeasible   78         5.96255    0.00000   100%  65.3 2790s
 7526508 223333    0.00000   77    1    5.96255    0.00000   100%  65.2 2795s
 7539206 223392 infeasible   74         5.96255    0.00000   100%  65.3 2800s
 7553659 223462 infeasible   77         5.96255    0.00000   100%  65.2 2805s
 7568507 223346    0.00000   61   18    5.96255    0.00000   100%  65.2 2810s
 7582212 223486    0.00000   62   12    5.96255    0.00000   100%  65.2 2815s
 7596636 223538    0.00000   77    4    5.96255    0.00000   100%  65.2 2820s
 7610174 223450    0.00000   77    5    5.96255    0.00000   100%  65.2 2825s
 7625134 223571 infeasible   78         5.96255    0.00000   100%  65.2 2830s
 7639223 223622 infeasible   78         5.96255    0.00000   100%  65.2 2835s
 7652872 223808    0.00000   83   34    5.96255    0.00000   100%  65.2 2840s
 7667264 223988 infeasible   68         5.96255    0.00000   100%  65.2 2845s
 7678888 224454 infeasible   66         5.96255    0.00000   100%  65.3 2850s
 7689959 224953    0.00000   62   23    5.96255    0.00000   100%  65.3 2855s
 7701735 225124 infeasible   65         5.96255    0.00000   100%  65.3 2860s
 7713645 225172    0.00000   53   48    5.96255    0.00000   100%  65.4 2865s
 7724928 225354    0.00000   67    1    5.96255    0.00000   100%  65.4 2870s
 7736178 225667 infeasible   65         5.96255    0.00000   100%  65.4 2875s
 7748053 225881 infeasible   68         5.96255    0.00000   100%  65.5 2880s
 7758717 226063    0.00000   81   15    5.96255    0.00000   100%  65.5 2885s
 7769399 226256    0.00000   65   11    5.96255    0.00000   100%  65.6 2890s
 7780338 226306 infeasible   58         5.96255    0.00000   100%  65.6 2895s
 7791816 226585    0.00000   68   23    5.96255    0.00000   100%  65.6 2900s
 7803777 227532    0.00000   65   40    5.96255    0.00000   100%  65.6 2905s
 7816338 228897    0.00000   63   31    5.96255    0.00000   100%  65.7 2910s
 7830940 230602    0.00000   71   14    5.96255    0.00000   100%  65.7 2915s
 7847317 232338 infeasible   68         5.96255    0.00000   100%  65.6 2920s
 7861828 233284    0.00000   57    2    5.96255    0.00000   100%  65.6 2925s
 7872842 234446 infeasible   67         5.96255    0.00000   100%  65.7 2930s
 7884836 235664    0.00000   66   26    5.96255    0.00000   100%  65.7 2935s
 7896430 236793    5.00000   74   23    5.96255    0.00000   100%  65.7 2940s
 7909309 237850    0.00000   68   12    5.96255    0.00000   100%  65.7 2945s
 7921512 238533    0.00000   71   31    5.96255    0.00000   100%  65.8 2950s
 7931227 238832 infeasible   67         5.96255    0.00000   100%  65.8 2955s
 7943130 239730    0.00000   58    9    5.96255    0.00000   100%  65.8 2960s
 7956104 240719    0.00000   68   19    5.96255    0.00000   100%  65.8 2965s
 7967024 241310    5.00000   68    9    5.96255    0.00000   100%  65.9 2970s
 7978583 242039 infeasible   72         5.96255    0.00000   100%  65.9 2975s
 7990914 243190 infeasible   71         5.96255    0.00000   100%  65.9 2980s
 8004894 244350    0.00000   67    6    5.96255    0.00000   100%  65.9 2985s
 8017399 245107    0.00000   69    8    5.96255    0.00000   100%  65.9 2990s
 8031148 246225 infeasible   78         5.96255    0.00000   100%  66.0 2995s
 8042776 247001    0.00000   68   11    5.96255    0.00000   100%  66.0 3000s
 8054448 247563    5.00000   73   28    5.96255    0.00000   100%  66.0 3005s
 8065506 248269    0.00000   63   30    5.96255    0.00000   100%  66.0 3010s
 8078103 249369    5.00000   80   31    5.96255    0.00000   100%  66.1 3015s
 8092501 250908    5.00000   77   31    5.96255    0.00000   100%  66.1 3020s
 8106356 251913    0.00000   74   35    5.96255    0.00000   100%  66.1 3025s
 8121188 252503    0.00000   74   23    5.96255    0.00000   100%  66.1 3030s
 8136725 252804    0.00000   73   29    5.96255    0.00000   100%  66.0 3035s
 8151603 252920    0.00000   68    4    5.96255    0.00000   100%  66.0 3040s
 8166000 252842    0.00000   78    4    5.96255    0.00000   100%  66.0 3045s
 8182084 252923    0.00000   70   25    5.96255    0.00000   100%  66.0 3050s
 8196447 253228    5.00000   71   46    5.96255    0.00000   100%  66.0 3055s
 8210630 253395    0.00000   88   16    5.96255    0.00000   100%  66.0 3060s
 8225460 253285    0.00000   66   25    5.96255    0.00000   100%  65.9 3065s
 8239983 253316    0.00000   78   13    5.96255    0.00000   100%  65.9 3070s
 8255874 253223    0.00000   85    7    5.96255    0.00000   100%  65.9 3075s
 8270677 253204 infeasible   75         5.96255    0.00000   100%  65.9 3080s
 8285213 253416    0.00000   85   12    5.96255    0.00000   100%  65.9 3085s
 8300527 253769    0.00000   76   27    5.96255    0.00000   100%  65.9 3090s
 8315451 253699 infeasible   78         5.96255    0.00000   100%  65.9 3095s
 8331022 253488    0.00000   78    4    5.96255    0.00000   100%  65.8 3100s
 8345787 253487    0.00000   77    8    5.96255    0.00000   100%  65.8 3105s
 8360556 253380 infeasible   86         5.96255    0.00000   100%  65.8 3110s
 8375894 253249    0.00000   63   26    5.96255    0.00000   100%  65.8 3115s
 8389696 253209 infeasible   78         5.96255    0.00000   100%  65.8 3120s
 8404896 253843 infeasible   78         5.96255    0.00000   100%  65.8 3125s
 8416934 254662    1.00000   71   22    5.96255    0.00000   100%  65.8 3130s
 8430517 255561 infeasible   88         5.96255    0.00000   100%  65.8 3135s
 8443120 255748 infeasible   77         5.96255    0.00000   100%  65.8 3140s
 8456296 255955 infeasible   78         5.96255    0.00000   100%  65.8 3145s
 8470041 256087 infeasible   78         5.96255    0.00000   100%  65.8 3150s
 8484674 255989 infeasible   78         5.96255    0.00000   100%  65.8 3155s
 8497624 256097    0.00000   77    1    5.96255    0.00000   100%  65.8 3160s
 8512729 256255    0.00000   75   25    5.96255    0.00000   100%  65.8 3165s
 8528377 256152    0.00000   77    1    5.96255    0.00000   100%  65.8 3170s
 8543492 256007 infeasible   66         5.96255    0.00000   100%  65.8 3175s
 8556454 255886    0.00000   65   22    5.96255    0.00000   100%  65.8 3180s
 8568835 255910 infeasible   78         5.96255    0.00000   100%  65.8 3185s
 8581367 255949    0.00000   68    2    5.96255    0.00000   100%  65.8 3190s
 8596126 256016 infeasible   73         5.96255    0.00000   100%  65.8 3195s
 8611170 256032    0.00000   78    8    5.96255    0.00000   100%  65.8 3200s
 8625367 255994 infeasible   69         5.96255    0.00000   100%  65.8 3205s
 8641319 256036    0.00000   72   30    5.96255    0.00000   100%  65.8 3210s
 8656915 255823 infeasible   78         5.96255    0.00000   100%  65.8 3215s
 8670854 255777 infeasible   67         5.96255    0.00000   100%  65.8 3220s
 8683158 255830    0.00000   73   34    5.96255    0.00000   100%  65.8 3225s
 8697492 255797 infeasible   68         5.96255    0.00000   100%  65.8 3230s
 8709584 255841 infeasible   78         5.96255    0.00000   100%  65.8 3235s
 8722063 255883 infeasible   73         5.96255    0.00000   100%  65.8 3240s
 8734518 256011    0.00000   67    2    5.96255    0.00000   100%  65.8 3245s
 8746581 256042    0.00000   76   25    5.96255    0.00000   100%  65.8 3250s
 8759574 256210 infeasible   78         5.96255    0.00000   100%  65.8 3255s
 8768839 256245    0.00000   67    4    5.96255    0.00000   100%  65.8 3260s
 8787028 256189 infeasible   78         5.96255    0.00000   100%  65.8 3265s
 8800456 256083 infeasible   68         5.96255    0.00000   100%  65.8 3270s
 8813398 255966 infeasible   84         5.96255    0.00000   100%  65.8 3275s
 8825647 256061 infeasible   65         5.96255    0.00000   100%  65.8 3280s
 8837740 256105 infeasible   77         5.96255    0.00000   100%  65.8 3285s
 8851106 256081    0.00000   78    6    5.96255    0.00000   100%  65.8 3290s
 8864778 256083 infeasible   83         5.96255    0.00000   100%  65.9 3295s
 8879021 256107 infeasible   77         5.96255    0.00000   100%  65.8 3300s
 8892582 256037 infeasible   77         5.96255    0.00000   100%  65.8 3305s
 8905193 256061    0.00000   78    9    5.96255    0.00000   100%  65.9 3310s
 8916158 255918 infeasible   78         5.96255    0.00000   100%  65.9 3315s
 8927956 255888    0.00000   76   23    5.96255    0.00000   100%  65.9 3320s
 8938962 255841 infeasible   82         5.96255    0.00000   100%  65.9 3325s
 8950549 255861    0.00000   68   17    5.96255    0.00000   100%  65.9 3330s
 8964615 255861 infeasible   78         5.96255    0.00000   100%  66.0 3335s
 8976867 256063    0.00000   84   11    5.96255    0.00000   100%  66.0 3340s
 8988315 256065    0.00000   58    7    5.96255    0.00000   100%  66.0 3345s
 9001706 256093 infeasible   66         5.96255    0.00000   100%  66.0 3350s
 9014194 256213 infeasible   75         5.96255    0.00000   100%  66.0 3355s
 9027019 256267    0.00000   63   20    5.96255    0.00000   100%  66.0 3360s
 9039770 256438    0.00000   73   24    5.96255    0.00000   100%  66.0 3365s
 9051619 256545    0.00000   78   20    5.96255    0.00000   100%  66.0 3370s
 9063479 256375    0.00000   72   21    5.96255    0.00000   100%  66.1 3375s
 9077501 256244    0.00000   63   31    5.96255    0.00000   100%  66.1 3380s
 9089265 256158 infeasible   68         5.96255    0.00000   100%  66.1 3385s
 9102616 256295 infeasible   78         5.96255    0.00000   100%  66.1 3390s
 9115015 256472 infeasible   68         5.96255    0.00000   100%  66.1 3395s
 9126830 256522 infeasible   68         5.96255    0.00000   100%  66.1 3400s
 9139991 256406    0.00000   70   14    5.96255    0.00000   100%  66.1 3405s
 9152189 256532 infeasible   67         5.96255    0.00000   100%  66.2 3410s
 9164505 256875    0.00000   68    4    5.96255    0.00000   100%  66.2 3415s
 9177493 256839    0.00000   62   30    5.96255    0.00000   100%  66.2 3420s
 9192136 256933    0.00000   68   25    5.96255    0.00000   100%  66.2 3425s
 9207470 256753    0.00000   76   33    5.96255    0.00000   100%  66.2 3430s
 9222127 256680 infeasible   78         5.96255    0.00000   100%  66.2 3435s
 9235885 256606 infeasible   73         5.96255    0.00000   100%  66.1 3440s
 9249108 256515    0.00000   72   14    5.96255    0.00000   100%  66.1 3445s
 9259548 256459 infeasible   69         5.96255    0.00000   100%  66.2 3450s
 9274609 256364 infeasible   78         5.96255    0.00000   100%  66.2 3455s
 9286008 256402 infeasible   64         5.96255    0.00000   100%  66.2 3460s
 9297188 256496 infeasible   65         5.96255    0.00000   100%  66.2 3465s
 9310653 256538    0.00000   78    8    5.96255    0.00000   100%  66.2 3470s
 9322479 256465 infeasible   78         5.96255    0.00000   100%  66.2 3475s
 9335537 256410 infeasible   78         5.96255    0.00000   100%  66.2 3480s
 9349010 256871    0.00000   70   13    5.96255    0.00000   100%  66.2 3485s
 9362635 257849 infeasible   68         5.96255    0.00000   100%  66.2 3490s
 9375039 258848    0.00000   57    9    5.96255    0.00000   100%  66.2 3495s
 9389247 260341    1.00000   58   14    5.96255    0.00000   100%  66.3 3500s
 9404158 262033    5.00000   66   37    5.96255    0.00000   100%  66.2 3505s
 9420998 264212    0.00000   67    9    5.96255    0.00000   100%  66.2 3510s
 9437619 266001 infeasible   74         5.96255    0.00000   100%  66.2 3515s
 9451776 266619 infeasible   68         5.96255    0.00000   100%  66.2 3520s
 9464894 266888    0.00000   76   16    5.96255    0.00000   100%  66.2 3525s
 9477892 267328 infeasible   76         5.96255    0.00000   100%  66.2 3530s
 9491440 267583    0.00000   58   12    5.96255    0.00000   100%  66.2 3535s
 9504200 267776    0.00000   75   19    5.96255    0.00000   100%  66.2 3540s
 9517661 267864 infeasible   78         5.96255    0.00000   100%  66.2 3545s
 9529617 267706 infeasible   78         5.96255    0.00000   100%  66.2 3550s
 9541125 267772    0.00000   70   12    5.96255    0.00000   100%  66.2 3555s
 9556449 267796 infeasible   57         5.96255    0.00000   100%  66.2 3560s
 9570130 267841 infeasible   81         5.96255    0.00000   100%  66.2 3565s
 9582831 267799    0.00000   76   21    5.96255    0.00000   100%  66.2 3570s
 9596973 267553    0.00000   58   21    5.96255    0.00000   100%  66.2 3575s
 9610699 267512    0.00000   75   14    5.96255    0.00000   100%  66.2 3580s
 9624723 267468    0.00000   67    5    5.96255    0.00000   100%  66.2 3585s
 9639889 267598    0.00000   67    6    5.96255    0.00000   100%  66.2 3590s
 9655947 267497 infeasible   78         5.96255    0.00000   100%  66.2 3595s
 9668746 267664 infeasible   78         5.96255    0.00000   100%  66.2 3600s
 9681523 267894    0.00000   76   23    5.96255    0.00000   100%  66.2 3605s
 9694041 267999 infeasible   67         5.96255    0.00000   100%  66.2 3610s
 9707483 268121    0.00000   86   19    5.96255    0.00000   100%  66.2 3615s
 9720076 268327    0.00000   69    9    5.96255    0.00000   100%  66.2 3620s
 9733906 268547    5.00000   69    7    5.96255    0.00000   100%  66.2 3625s
 9746743 268656 infeasible   74         5.96255    0.00000   100%  66.2 3630s
 9761451 268991    0.00000   84   25    5.96255    0.00000   100%  66.2 3635s
 9774468 269233 infeasible   73         5.96255    0.00000   100%  66.2 3640s
 9788196 269530 infeasible   78         5.96255    0.00000   100%  66.2 3645s
 9802058 270046    0.00000   58    2    5.96255    0.00000   100%  66.2 3650s
 9814507 270459    0.00000   68    4    5.96255    0.00000   100%  66.3 3655s
 9825371 270468    0.00000   67    3    5.96255    0.00000   100%  66.3 3660s
 9838014 270465 infeasible   68         5.96255    0.00000   100%  66.3 3665s
 9852829 270558 infeasible   88         5.96255    0.00000   100%  66.3 3670s
 9865359 270783 infeasible   74         5.96255    0.00000   100%  66.3 3675s
 9878956 271145 infeasible   88         5.96255    0.00000   100%  66.3 3680s
 9892208 271456    0.00000   68    5    5.96255    0.00000   100%  66.3 3685s
 9905927 271714 infeasible   77         5.96255    0.00000   100%  66.3 3690s
 9918316 271829 infeasible   78         5.96255    0.00000   100%  66.3 3695s
 9931857 271861 infeasible   78         5.96255    0.00000   100%  66.3 3700s
 9946795 271990 infeasible   71         5.96255    0.00000   100%  66.3 3705s
 9960464 272229    0.00000   68    4    5.96255    0.00000   100%  66.3 3710s
 9974202 272549    0.00000   80   11    5.96255    0.00000   100%  66.3 3715s
 9988683 272729    0.00000   78   10    5.96255    0.00000   100%  66.3 3720s
 10002961 272939 infeasible   78         5.96255    0.00000   100%  66.3 3725s
 10015028 273010    0.00000   70   19    5.96255    0.00000   100%  66.3 3730s
 10030309 273228 infeasible   65         5.96255    0.00000   100%  66.3 3735s
 10043388 273567 infeasible   85         5.96255    0.00000   100%  66.3 3740s
 10058501 273838 infeasible   78         5.96255    0.00000   100%  66.3 3745s
 10071527 273905    0.00000   66   38    5.96255    0.00000   100%  66.3 3750s
 10084924 274145 infeasible   78         5.96255    0.00000   100%  66.3 3755s
 10097875 274125 infeasible   68         5.96255    0.00000   100%  66.3 3760s
 10112334 274104 infeasible   77         5.96255    0.00000   100%  66.3 3765s
 10126696 274240    0.00000   78    3    5.96255    0.00000   100%  66.3 3770s
 10140210 274307    0.00000   68    8    5.96255    0.00000   100%  66.3 3775s
 10155294 274360    0.00000   68    1    5.96255    0.00000   100%  66.3 3780s
 10168565 274573    0.00000   71   21    5.96255    0.00000   100%  66.3 3785s
 10182479 274884 infeasible   80         5.96255    0.00000   100%  66.3 3790s
 10196908 275039 infeasible   78         5.96255    0.00000   100%  66.3 3795s
 10211010 275185    0.00000   84   18    5.96255    0.00000   100%  66.3 3800s
 10225761 275382    0.00000   88    4    5.96255    0.00000   100%  66.3 3805s
 10238911 275493    0.00000   68    3    5.96255    0.00000   100%  66.3 3810s
 10253591 275836    0.00000   85   22    5.96255    0.00000   100%  66.3 3815s
 10267959 276209 infeasible   83         5.96255    0.00000   100%  66.3 3820s
 10282164 276529    0.00000   90   14    5.96255    0.00000   100%  66.3 3825s
 10296867 276687 infeasible   88         5.96255    0.00000   100%  66.3 3830s
 10311236 276740 infeasible   78         5.96255    0.00000   100%  66.3 3835s
 10324798 277242 infeasible   77         5.96255    0.00000   100%  66.3 3840s
 10339171 277786 infeasible   86         5.96255    0.00000   100%  66.3 3845s
 10354232 278232 infeasible   77         5.96255    0.00000   100%  66.3 3850s
 10369725 279244 infeasible   68         5.96255    0.00000   100%  66.3 3855s
 10384902 279747    0.00000   76   21    5.96255    0.00000   100%  66.2 3860s
 10400203 280054 infeasible   76         5.96255    0.00000   100%  66.2 3865s
 10413726 280293    0.00000   67    5    5.96255    0.00000   100%  66.2 3870s
 10428986 280627 infeasible   80         5.96255    0.00000   100%  66.2 3875s
 10442346 281058 infeasible   78         5.96255    0.00000   100%  66.2 3880s
 10455786 281299    0.00000   78    6    5.96255    0.00000   100%  66.2 3885s
 10469706 281681    0.00000   66   19    5.96255    0.00000   100%  66.2 3890s
 10482971 281982 infeasible   76         5.96255    0.00000   100%  66.2 3895s
 10495722 282055    0.00000   68    4    5.96255    0.00000   100%  66.2 3900s
 10509510 282230 infeasible   78         5.96255    0.00000   100%  66.2 3905s
 10523960 282734    0.00000   68   13    5.96255    0.00000   100%  66.2 3910s
 10538921 283170 infeasible   86         5.96255    0.00000   100%  66.2 3915s
 10553800 283651 infeasible   83         5.96255    0.00000   100%  66.2 3920s
 10570347 284042 infeasible   78         5.96255    0.00000   100%  66.2 3925s
 10586542 284275 infeasible   78         5.96255    0.00000   100%  66.2 3930s
 10601676 284571 infeasible   63         5.96255    0.00000   100%  66.2 3935s
 10615361 284759 infeasible   71         5.96255    0.00000   100%  66.2 3940s
 10628624 285109    0.00000   73   10    5.96255    0.00000   100%  66.2 3945s
 10640225 285387    0.00000   68    8    5.96255    0.00000   100%  66.2 3950s
 10656723 285798    0.00000   70   11    5.96255    0.00000   100%  66.2 3955s
 10670798 286094 infeasible   78         5.96255    0.00000   100%  66.2 3960s
 10686238 286473    0.00000   74   12    5.96255    0.00000   100%  66.2 3965s
 10700834 286746 infeasible   78         5.96255    0.00000   100%  66.2 3970s
 10715652 287216    0.00000   78    4    5.96255    0.00000   100%  66.2 3975s
 10731113 287643 infeasible   88         5.96255    0.00000   100%  66.1 3980s
 10744558 288072    0.00000   87    1    5.96255    0.00000   100%  66.1 3985s
 10757128 288764 infeasible   88         5.96255    0.00000   100%  66.2 3990s
 10769729 288974 infeasible   74         5.96255    0.00000   100%  66.2 3995s
 10782679 289328    0.00000   68   14    5.96255    0.00000   100%  66.2 4000s
 10796016 289501    0.00000   63   18    5.96255    0.00000   100%  66.2 4005s
 10809428 289538    0.00000   70    8    5.96255    0.00000   100%  66.2 4010s
 10824341 289582 infeasible   66         5.96255    0.00000   100%  66.2 4015s
 10838334 289765    5.00000   71   47    5.96255    0.00000   100%  66.2 4020s
 10852837 289862 infeasible   68         5.96255    0.00000   100%  66.2 4025s
 10865950 289837    0.00000   62   34    5.96255    0.00000   100%  66.2 4030s
 10878406 289826    0.00000   77    1    5.96255    0.00000   100%  66.2 4035s
 10892665 289747    0.00000   77    1    5.96255    0.00000   100%  66.2 4040s
 10907429 290249 infeasible   76         5.96255    0.00000   100%  66.1 4045s
 10918404 290278 infeasible   77         5.96255    0.00000   100%  66.1 4050s
 10936235 290408    0.00000   77    1    5.96255    0.00000   100%  66.1 4055s
 10951404 290525    0.00000   68   18    5.96255    0.00000   100%  66.1 4060s
 10966164 290474 infeasible   68         5.96255    0.00000   100%  66.1 4065s
 10982131 290608 infeasible   78         5.96255    0.00000   100%  66.1 4070s
H10987469 290579                       5.9587551    0.00000   100%  66.1 4071s
 10995391 290561    0.00000   61   23    5.95876    0.00000   100%  66.1 4075s
 11010406 290417    0.00000   66   36    5.95876    0.00000   100%  66.1 4080s
 11024531 290439    0.00000   78    4    5.95876    0.00000   100%  66.1 4085s
 11038865 290463 infeasible   70         5.95876    0.00000   100%  66.1 4090s
 11053375 290737    0.00000   64   27    5.95876    0.00000   100%  66.1 4095s
 11068207 291088    0.00000   77    5    5.95876    0.00000   100%  66.1 4100s
 11081220 291090    0.00000   77    4    5.95876    0.00000   100%  66.1 4105s
 11096146 291342    0.00000   77    1    5.95876    0.00000   100%  66.1 4110s
 11109618 291590 infeasible   80         5.95876    0.00000   100%  66.1 4115s
 11125803 292253 infeasible   78         5.95876    0.00000   100%  66.0 4120s
 11141835 292939    0.00000   88    4    5.95876    0.00000   100%  66.0 4125s
 11155731 293552    0.00000   58   12    5.95876    0.00000   100%  66.0 4130s
 11169600 293911 infeasible   83         5.95876    0.00000   100%  66.0 4135s
 11183234 294488    0.00000   57    4    5.95876    0.00000   100%  66.0 4140s
 11194445 294738 infeasible   70         5.95876    0.00000   100%  66.0 4145s
 11206727 294978    0.00000   66   44    5.95876    0.00000   100%  66.1 4150s
 11220546 295263    0.00000   68    3    5.95876    0.00000   100%  66.1 4155s
 11233131 295724 infeasible   66         5.95876    0.00000   100%  66.1 4160s
 11248198 296460 infeasible   67         5.95876    0.00000   100%  66.1 4165s
 11261679 297093 infeasible   78         5.95876    0.00000   100%  66.1 4170s
 11277161 297322    0.00000   78    4    5.95876    0.00000   100%  66.1 4175s
 11292271 297822 infeasible   78         5.95876    0.00000   100%  66.0 4180s
 11308025 298612    0.00000   67    4    5.95876    0.00000   100%  66.0 4185s
 11322604 299300    0.00000   69   17    5.95876    0.00000   100%  66.0 4190s
 11336680 299790 infeasible   78         5.95876    0.00000   100%  66.0 4195s
 11350465 300441    0.00000   71   43    5.95876    0.00000   100%  66.0 4200s
 11363418 300965 infeasible   62         5.95876    0.00000   100%  66.0 4205s
 11376739 301428 infeasible   69         5.95876    0.00000   100%  66.0 4210s
 11388294 301578 infeasible   68         5.95876    0.00000   100%  66.0 4215s
 11398051 301584 infeasible   68         5.95876    0.00000   100%  66.1 4220s
 11409214 301996    0.00000   77    1    5.95876    0.00000   100%  66.1 4225s
 11422128 302313 infeasible   78         5.95876    0.00000   100%  66.1 4230s
 11435607 302443 infeasible   87         5.95876    0.00000   100%  66.1 4235s
 11451191 302702 infeasible   66         5.95876    0.00000   100%  66.1 4240s
 11466630 303154    0.00000   69   11    5.95876    0.00000   100%  66.1 4245s
 11482602 303327 infeasible   92         5.95876    0.00000   100%  66.1 4250s
 11496618 303686 infeasible   78         5.95876    0.00000   100%  66.0 4255s
 11512842 303877 infeasible   79         5.95876    0.00000   100%  66.0 4260s
 11529640 303974 infeasible   88         5.95876    0.00000   100%  66.0 4265s
 11545190 304173    0.00000   65   29    5.95876    0.00000   100%  66.0 4270s
 11560375 304294    0.00000   76   19    5.95876    0.00000   100%  66.0 4275s
 11574985 304647    0.00000   72   21    5.95876    0.00000   100%  66.0 4280s
 11588833 304728    0.00000   71   28    5.95876    0.00000   100%  66.0 4285s
 11601937 305032 infeasible   78         5.95876    0.00000   100%  66.0 4290s
 11615515 305483    0.00000   62   37    5.95876    0.00000   100%  66.0 4295s
 11629097 305795 infeasible   77         5.95876    0.00000   100%  66.0 4300s
 11643103 306427    0.00000   73   13    5.95876    0.00000   100%  66.0 4305s
 11659821 306967 infeasible   82         5.95876    0.00000   100%  66.0 4310s
 11673535 307158    0.00000   68    4    5.95876    0.00000   100%  66.0 4315s
 11689286 307337 infeasible   87         5.95876    0.00000   100%  66.0 4320s
 11704288 307565    0.00000   78    3    5.95876    0.00000   100%  65.9 4325s
 11719929 308238 infeasible   87         5.95876    0.00000   100%  65.9 4330s
 11734741 308453    0.00000   78    4    5.95876    0.00000   100%  65.9 4335s
 11748311 308607 infeasible   73         5.95876    0.00000   100%  65.9 4340s
 11763431 309038 infeasible   70         5.95876    0.00000   100%  65.9 4345s
 11777623 309221 infeasible   87         5.95876    0.00000   100%  65.9 4350s
 11792894 309277    0.00000   72   35    5.95876    0.00000   100%  65.9 4355s
 11807700 309735    0.00000   68    1    5.95876    0.00000   100%  65.9 4360s
 11823486 310249    0.00000   67    1    5.95876    0.00000   100%  65.9 4365s
 11838451 310823    0.00000   79   17    5.95876    0.00000   100%  65.9 4370s
 11852504 311085    0.00000   67    1    5.95876    0.00000   100%  65.9 4375s
 11868389 311246 infeasible   69         5.95876    0.00000   100%  65.9 4380s
 11884820 311368 infeasible   86         5.95876    0.00000   100%  65.8 4385s
 11899267 311573 infeasible   78         5.95876    0.00000   100%  65.8 4390s
 11913006 312083 infeasible   76         5.95876    0.00000   100%  65.8 4395s
 11928433 312413 infeasible   80         5.95876    0.00000   100%  65.8 4400s
 11941445 312460    0.00000   68   12    5.95876    0.00000   100%  65.8 4405s
 11956683 312361 infeasible   69         5.95876    0.00000   100%  65.8 4410s
 11971237 312644    0.00000   67    1    5.95876    0.00000   100%  65.8 4415s
 11987083 312873    0.00000   77    4    5.95876    0.00000   100%  65.8 4420s
 12001956 312949    0.00000   78   18    5.95876    0.00000   100%  65.8 4425s
 12016843 312806    0.00000   72   26    5.95876    0.00000   100%  65.8 4430s
 12033062 312870 infeasible   72         5.95876    0.00000   100%  65.8 4435s
 12048608 312682    0.00000   77    3    5.95876    0.00000   100%  65.8 4440s
 12063942 312722    0.00000   76   27    5.95876    0.00000   100%  65.8 4445s
 12079762 312843    0.00000   68    4    5.95876    0.00000   100%  65.7 4450s
 12094070 312849 infeasible   86         5.95876    0.00000   100%  65.7 4455s
 12109854 312865    5.00000   61   19    5.95876    0.00000   100%  65.7 4460s
 12125660 313137 infeasible   77         5.95876    0.00000   100%  65.7 4465s
 12141804 313114    0.00000   88   11    5.95876    0.00000   100%  65.7 4470s
 12156947 313062 infeasible   86         5.95876    0.00000   100%  65.7 4475s
 12172096 313218 infeasible   78         5.95876    0.00000   100%  65.7 4480s
 12186180 313580    0.00000   82   34    5.95876    0.00000   100%  65.7 4485s
 12200836 313831    0.00000   76   25    5.95876    0.00000   100%  65.7 4490s
 12216056 313828 infeasible   76         5.95876    0.00000   100%  65.7 4495s
 12230497 313723    0.00000   77    1    5.95876    0.00000   100%  65.6 4500s
 12243987 313802 infeasible   75         5.95876    0.00000   100%  65.6 4505s
 12257909 313790 infeasible   68         5.95876    0.00000   100%  65.6 4510s
 12270378 313767    0.00000   66   23    5.95876    0.00000   100%  65.7 4515s
 12283719 313789    0.00000   72   29    5.95876    0.00000   100%  65.7 4520s
 12297169 313923 infeasible   78         5.95876    0.00000   100%  65.7 4525s
 12311031 314167 infeasible   68         5.95876    0.00000   100%  65.7 4530s
 12323985 314252    0.00000   77    4    5.95876    0.00000   100%  65.7 4535s
 12338016 314389    5.00000   58    4    5.95876    0.00000   100%  65.7 4540s
 12352403 314573 infeasible   78         5.95876    0.00000   100%  65.7 4545s
 12362628 314652 infeasible   79         5.95876    0.00000   100%  65.7 4550s
 12378678 314574    0.00000   69    9    5.95876    0.00000   100%  65.7 4555s
 12394425 314563    0.00000   74   34    5.95876    0.00000   100%  65.7 4560s
 12409643 314520    0.00000   88    4    5.95876    0.00000   100%  65.6 4565s
 12424451 314519 infeasible   76         5.95876    0.00000   100%  65.6 4570s
 12438856 314439 infeasible   89         5.95876    0.00000   100%  65.6 4575s
 12454983 314368 infeasible   78         5.95876    0.00000   100%  65.6 4580s
 12469996 314801    0.00000   76   20    5.95876    0.00000   100%  65.6 4585s
 12486426 314985 infeasible   82         5.95876    0.00000   100%  65.6 4590s
 12500971 315105 infeasible   79         5.95876    0.00000   100%  65.6 4595s
 12516248 315191 infeasible   73         5.95876    0.00000   100%  65.6 4600s
 12529515 315353    0.00000   75   39    5.95876    0.00000   100%  65.6 4605s
 12544352 315299    0.00000   67    5    5.95876    0.00000   100%  65.6 4610s
 12559493 315203 infeasible   74         5.95876    0.00000   100%  65.6 4615s
 12575382 315038 infeasible   88         5.95876    0.00000   100%  65.6 4620s
 12589621 314964 infeasible   82         5.95876    0.00000   100%  65.6 4625s
 12604958 315070 infeasible   71         5.95876    0.00000   100%  65.6 4630s
 12617851 315093 infeasible   66         5.95876    0.00000   100%  65.6 4635s
 12632886 315068 infeasible   88         5.95876    0.00000   100%  65.6 4640s
 12647938 315179 infeasible   78         5.95876    0.00000   100%  65.5 4645s
 12661700 315390 infeasible   85         5.95876    0.00000   100%  65.5 4650s
 12677486 315977    1.00000   61   30    5.95876    0.00000   100%  65.5 4655s
 12693179 316419 infeasible   66         5.95876    0.00000   100%  65.5 4660s
 12708503 316572 infeasible   78         5.95876    0.00000   100%  65.5 4665s
 12722389 316752 infeasible   66         5.95876    0.00000   100%  65.5 4670s
 12738066 316856 infeasible   79         5.95876    0.00000   100%  65.5 4675s
 12752827 316877 infeasible   76         5.95876    0.00000   100%  65.5 4680s
 12766403 316980    0.00000   78    4    5.95876    0.00000   100%  65.5 4685s
 12781668 316867    0.00000   78    8    5.95876    0.00000   100%  65.5 4690s
 12796569 316733 infeasible   68         5.95876    0.00000   100%  65.5 4695s
 12811355 316720 infeasible   83         5.95876    0.00000   100%  65.5 4700s
 12826640 316623    0.00000   78    6    5.95876    0.00000   100%  65.5 4705s
 12841101 316835    0.00000   71   25    5.95876    0.00000   100%  65.4 4710s
 12857204 317113    0.00000   78   13    5.95876    0.00000   100%  65.4 4715s
 12872240 317109    0.00000   87    1    5.95876    0.00000   100%  65.4 4720s
 12887456 317101 infeasible   79         5.95876    0.00000   100%  65.4 4725s
 12903937 316904    0.00000   80   35    5.95876    0.00000   100%  65.4 4730s
 12920009 316767    0.00000   68   24    5.95876    0.00000   100%  65.4 4735s
 12935271 316717 infeasible   78         5.95876    0.00000   100%  65.4 4740s
 12953633 316701    0.00000   69   20    5.95876    0.00000   100%  65.3 4745s
 12969951 316737    0.00000   78    1    5.95876    0.00000   100%  65.3 4750s
 12986315 316578 infeasible   74         5.95876    0.00000   100%  65.3 4755s
 13001287 316559 infeasible   75         5.95876    0.00000   100%  65.3 4760s
 13016993 316680    0.00000   75   36    5.95876    0.00000   100%  65.3 4765s
 13032283 316628    0.00000   85   17    5.95876    0.00000   100%  65.3 4770s
 13047111 316832    0.00000   75   27    5.95876    0.00000   100%  65.3 4775s
 13064234 316576    0.00000   82   21    5.95876    0.00000   100%  65.3 4780s
 13078913 316464    0.00000   77    1    5.95876    0.00000   100%  65.2 4785s
 13094329 316492 infeasible   76         5.95876    0.00000   100%  65.2 4790s
 13110074 316339 infeasible   88         5.95876    0.00000   100%  65.2 4795s
 13126679 316504 infeasible   88         5.95876    0.00000   100%  65.2 4800s
 13141822 316374 infeasible   85         5.95876    0.00000   100%  65.2 4805s
 13156266 316266 infeasible   93         5.95876    0.00000   100%  65.2 4810s
 13167318 316716 infeasible   61         5.95876    0.00000   100%  65.2 4815s
 13177094 317021 infeasible   67         5.95876    0.00000   100%  65.2 4820s
 13186967 317233    0.00000   58   17    5.95876    0.00000   100%  65.3 4825s
 13197204 317377    0.00000   68    2    5.95876    0.00000   100%  65.3 4830s
 13206468 317524    0.00000   58   10    5.95876    0.00000   100%  65.3 4835s
 13216414 317391 infeasible   68         5.95876    0.00000   100%  65.3 4840s
 13226482 317349 infeasible   70         5.95876    0.00000   100%  65.4 4845s
 13234648 317414 infeasible   67         5.95876    0.00000   100%  65.4 4850s
 13245470 317358    0.00000   66   24    5.95876    0.00000   100%  65.4 4855s
 13254070 317479 infeasible   58         5.95876    0.00000   100%  65.4 4860s
 13264321 317483    0.00000   58   22    5.95876    0.00000   100%  65.5 4865s
 13273639 317476 infeasible   62         5.95876    0.00000   100%  65.5 4870s
 13283511 317389    0.00000   57    4    5.95876    0.00000   100%  65.5 4875s
 13293156 317443    0.00000   61   23    5.95876    0.00000   100%  65.5 4880s
 13303316 317498 infeasible   78         5.95876    0.00000   100%  65.6 4885s
 13312951 317510    0.00000   67    5    5.95876    0.00000   100%  65.6 4890s
 13323335 317471    0.00000   68   19    5.95876    0.00000   100%  65.6 4895s
 13332749 317490 infeasible   68         5.95876    0.00000   100%  65.6 4900s
 13343191 317531    0.00000   59   16    5.95876    0.00000   100%  65.7 4905s
 13354051 317664    0.00000   62   54    5.95876    0.00000   100%  65.7 4910s
 13364021 317726 infeasible   70         5.95876    0.00000   100%  65.7 4915s
 13373790 317701    0.00000   63   29    5.95876    0.00000   100%  65.7 4920s
 13384014 317772 infeasible   67         5.95876    0.00000   100%  65.7 4925s
 13395123 317701    0.00000   68    5    5.95876    0.00000   100%  65.8 4930s
 13406523 317639 infeasible   79         5.95876    0.00000   100%  65.8 4936s
 13420670 317743 infeasible   78         5.95876    0.00000   100%  65.8 4940s
 13436288 318068    5.00000   68    5    5.95876    0.00000   100%  65.8 4947s
 13453940 318369 infeasible   90         5.95876    0.00000   100%  65.7 4950s
 13470208 318639 infeasible   78         5.95876    0.00000   100%  65.7 4955s
 13486805 318912    0.00000   83   17    5.95876    0.00000   100%  65.7 4960s
 13500963 318949 infeasible   78         5.95876    0.00000   100%  65.7 4965s
 13515626 318917 infeasible   80         5.95876    0.00000   100%  65.7 4970s
 13530417 318873    0.00000   82    5    5.95876    0.00000   100%  65.7 4975s
 13546473 318761 infeasible   80         5.95876    0.00000   100%  65.7 4980s
 13562054 318654    0.00000   73    4    5.95876    0.00000   100%  65.7 4985s
 13576129 318677    0.00000   67    4    5.95876    0.00000   100%  65.7 4990s
 13590634 318546 infeasible   78         5.95876    0.00000   100%  65.7 4995s
 13604832 318629 infeasible   76         5.95876    0.00000   100%  65.7 5000s
 13619101 318496 infeasible   88         5.95876    0.00000   100%  65.7 5005s
 13631922 318380    0.00000   67    7    5.95876    0.00000   100%  65.7 5010s
 13646848 318331 infeasible   86         5.95876    0.00000   100%  65.7 5015s
 13659956 318290    0.00000   84   25    5.95876    0.00000   100%  65.7 5020s
 13673327 318156    0.00000   72   32    5.95876    0.00000   100%  65.7 5025s
 13687538 318142    0.00000   71   30    5.95876    0.00000   100%  65.7 5030s
 13700563 318098 infeasible   68         5.95876    0.00000   100%  65.7 5035s
 13715782 318075 infeasible   76         5.95876    0.00000   100%  65.7 5040s
 13728572 318111 infeasible   68         5.95876    0.00000   100%  65.7 5045s
 13742932 318112    0.00000   79    9    5.95876    0.00000   100%  65.7 5050s
 13756838 318023    0.00000   68    1    5.95876    0.00000   100%  65.7 5055s
 13770734 318252    0.00000   82   33    5.95876    0.00000   100%  65.7 5060s
 13787356 318318    0.00000   78   10    5.95876    0.00000   100%  65.7 5065s
 13801373 318597 infeasible   80         5.95876    0.00000   100%  65.7 5070s
 13818345 319816 infeasible   71         5.95876    0.00000   100%  65.7 5075s
 13836287 321284 infeasible   78         5.95876    0.00000   100%  65.6 5080s
 13854802 322419 infeasible   88         5.95876    0.00000   100%  65.6 5085s
 13871911 323524 infeasible   78         5.95876    0.00000   100%  65.6 5090s
 13887514 324510 infeasible   78         5.95876    0.00000   100%  65.6 5095s
 13901913 324944    5.00000   68   16    5.95876    0.00000   100%  65.6 5100s
 13917901 325017    5.00000   78    9    5.95876    0.00000   100%  65.6 5105s
 13932524 325061    0.00000   72    9    5.95876    0.00000   100%  65.6 5110s
 13948367 325286 infeasible   82         5.95876    0.00000   100%  65.6 5115s
 13962758 325385 infeasible   98         5.95876    0.00000   100%  65.6 5120s
 13977271 325153    0.00000   83   21    5.95876    0.00000   100%  65.6 5125s
 13991726 325162 infeasible   88         5.95876    0.00000   100%  65.5 5130s
 14006048 325160    0.00000   78   19    5.95876    0.00000   100%  65.5 5135s
 14020918 325271    0.00000   78    4    5.95876    0.00000   100%  65.5 5140s
 14034860 325145    0.00000   74   14    5.95876    0.00000   100%  65.5 5145s
 14049678 324967    0.00000   81   20    5.95876    0.00000   100%  65.5 5150s
 14063384 324894    0.00000   83    8    5.95876    0.00000   100%  65.5 5155s
 14079361 324912    0.00000   78    3    5.95876    0.00000   100%  65.5 5160s
 14095107 324918    0.00000   75   34    5.95876    0.00000   100%  65.5 5165s
 14110823 324886 infeasible   77         5.95876    0.00000   100%  65.5 5170s
 14125423 325021    0.00000   88    3    5.95876    0.00000   100%  65.5 5175s
 14141524 324940    0.00000   85   32    5.95876    0.00000   100%  65.5 5180s
 14156210 324832    0.00000   78    3    5.95876    0.00000   100%  65.5 5185s
 14170858 324823 infeasible   77         5.95876    0.00000   100%  65.5 5190s
 14185072 324787 infeasible   66         5.95876    0.00000   100%  65.5 5195s
 14200274 324701    0.00000   71   12    5.95876    0.00000   100%  65.5 5200s
 14216048 324766    0.00000   79   33    5.95876    0.00000   100%  65.5 5205s
 14229727 324730    0.00000   69    6    5.95876    0.00000   100%  65.4 5210s
 14245919 324764 infeasible   82         5.95876    0.00000   100%  65.4 5215s
 14261713 324889 infeasible   76         5.95876    0.00000   100%  65.4 5220s
 14275824 324866    0.00000   78    4    5.95876    0.00000   100%  65.4 5225s
 14292187 325081    0.00000   78    4    5.95876    0.00000   100%  65.4 5230s
 14308197 325081    0.00000   81   25    5.95876    0.00000   100%  65.4 5235s
 14323072 325067 infeasible   71         5.95876    0.00000   100%  65.4 5240s
 14338525 325231    0.00000   85   36    5.95876    0.00000   100%  65.4 5245s
 14355697 325477 infeasible   78         5.95876    0.00000   100%  65.4 5250s
 14372353 325688    0.00000   88    1    5.95876    0.00000   100%  65.4 5255s
 14387641 325692 infeasible   88         5.95876    0.00000   100%  65.3 5260s
 14404122 325430 infeasible   83         5.95876    0.00000   100%  65.3 5265s
 14418984 325287    0.00000   88   10    5.95876    0.00000   100%  65.3 5270s
 14435322 325350    0.00000   86   29    5.95876    0.00000   100%  65.3 5275s
 14452464 325392    0.00000   83   20    5.95876    0.00000   100%  65.3 5280s
 14468623 325227 infeasible   87         5.95876    0.00000   100%  65.3 5285s
 14483373 325155 infeasible   85         5.95876    0.00000   100%  65.3 5290s
 14498713 325206 infeasible   88         5.95876    0.00000   100%  65.3 5295s
 14513955 325250 infeasible   66         5.95876    0.00000   100%  65.2 5300s
 14528474 325331    0.00000   81   11    5.95876    0.00000   100%  65.2 5305s
 14544084 325452 infeasible   68         5.95876    0.00000   100%  65.2 5310s
 14560322 325580    0.00000   78   14    5.95876    0.00000   100%  65.2 5315s
 14575842 325718 infeasible   68         5.95876    0.00000   100%  65.2 5320s
 14591689 325712    0.00000   73   31    5.95876    0.00000   100%  65.2 5325s
 14605195 325579 infeasible   78         5.95876    0.00000   100%  65.2 5330s
 14619727 325619    0.00000   68   10    5.95876    0.00000   100%  65.2 5335s
 14634560 325968    0.00000   77    1    5.95876    0.00000   100%  65.2 5340s
 14648122 326005    0.00000   70   20    5.95876    0.00000   100%  65.2 5345s
 14663338 326128 infeasible   75         5.95876    0.00000   100%  65.2 5350s
 14677447 326038 infeasible   78         5.95876    0.00000   100%  65.2 5355s
 14691950 326074 infeasible   78         5.95876    0.00000   100%  65.2 5360s
 14707064 326151 infeasible   68         5.95876    0.00000   100%  65.2 5365s
 14721435 326032    0.00000   61   23    5.95876    0.00000   100%  65.2 5370s
 14736819 325985 infeasible   72         5.95876    0.00000   100%  65.2 5375s
 14753228 325936 infeasible   78         5.95876    0.00000   100%  65.2 5380s
 14768887 325861    0.00000   71   22    5.95876    0.00000   100%  65.2 5385s
 14786125 325750 infeasible   87         5.95876    0.00000   100%  65.2 5390s
 14800290 325773 infeasible   78         5.95876    0.00000   100%  65.2 5395s
 14813580 325719    0.00000   67    5    5.95876    0.00000   100%  65.2 5400s
 14827281 325639    0.00000   61   14    5.95876    0.00000   100%  65.2 5405s
 14839552 325475    0.00000   77    1    5.95876    0.00000   100%  65.2 5410s
 14853495 325562 infeasible   78         5.95876    0.00000   100%  65.2 5415s
 14866733 325533 infeasible   78         5.95876    0.00000   100%  65.2 5420s
 14880658 325527    0.00000   88    8    5.95876    0.00000   100%  65.2 5425s
 14895284 326103    0.00000   68   11    5.95876    0.00000   100%  65.2 5430s
 14909074 327013    0.00000   79   13    5.95876    0.00000   100%  65.2 5435s
 14928893 329005    5.00000   96   11    5.95876    0.00000   100%  65.1 5440s
 14946506 330445 infeasible   84         5.95876    0.00000   100%  65.1 5445s
 14963574 332010    5.00000   78   19    5.95876    0.00000   100%  65.1 5450s
 14979626 333230    0.00000   61   26    5.95876    0.00000   100%  65.1 5455s
 14994344 334260 infeasible   73         5.95876    0.00000   100%  65.1 5460s
 15008109 334700 infeasible   70         5.95876    0.00000   100%  65.1 5465s
 15024371 335274    0.00000   87    1    5.95876    0.00000   100%  65.1 5470s
 15038345 335522 infeasible   70         5.95876    0.00000   100%  65.1 5475s
 15052100 335501 infeasible   68         5.95876    0.00000   100%  65.1 5480s
 15064737 335663 infeasible   68         5.95876    0.00000   100%  65.1 5485s
 15079842 335694 infeasible   78         5.95876    0.00000   100%  65.1 5490s
 15095350 336119 infeasible   84         5.95876    0.00000   100%  65.1 5495s
 15111205 336315 infeasible   78         5.95876    0.00000   100%  65.1 5500s
 15127225 336198 infeasible   74         5.95876    0.00000   100%  65.0 5505s
 15144167 336076    0.00000   76   23    5.95876    0.00000   100%  65.0 5510s
 15159669 336037    0.00000   71   32    5.95876    0.00000   100%  65.0 5515s
 15176961 335996    0.00000   77    1    5.95876    0.00000   100%  65.0 5520s
 15191647 335818    0.00000   72   15    5.95876    0.00000   100%  65.0 5525s
 15207566 335709    0.00000   79   26    5.95876    0.00000   100%  65.0 5530s
 15222734 335766 infeasible   78         5.95876    0.00000   100%  65.0 5535s
 15237094 335641 infeasible   78         5.95876    0.00000   100%  65.0 5540s
 15251323 335757    0.00000   77    1    5.95876    0.00000   100%  65.0 5545s
 15267253 335843 infeasible   78         5.95876    0.00000   100%  65.0 5550s
 15281656 335816    0.00000   69    9    5.95876    0.00000   100%  65.0 5555s
 15298180 336072    0.00000   86   32    5.95876    0.00000   100%  65.0 5560s
 15312367 336172 infeasible   74         5.95876    0.00000   100%  65.0 5565s
 15327090 336363    0.00000   69   11    5.95876    0.00000   100%  65.0 5570s
 15342248 336148 infeasible   84         5.95876    0.00000   100%  64.9 5575s
 15356519 336098    0.00000   78    4    5.95876    0.00000   100%  64.9 5580s
 15372022 336248    0.00000   78    4    5.95876    0.00000   100%  64.9 5585s
 15386467 336644    0.00000   71   29    5.95876    0.00000   100%  64.9 5590s
 15401871 337012 infeasible   69         5.95876    0.00000   100%  64.9 5595s
 15418489 337829    0.00000   60   41    5.95876    0.00000   100%  64.9 5600s
 15432521 338597    0.00000   58    9    5.95876    0.00000   100%  64.9 5605s
 15446557 339111 infeasible   66         5.95876    0.00000   100%  64.9 5610s
 15460489 339516    0.00000   69    7    5.95876    0.00000   100%  64.9 5615s
 15474139 339572 infeasible   86         5.95876    0.00000   100%  64.9 5620s
 15488450 339523    0.00000   75   30    5.95876    0.00000   100%  64.9 5625s
 15502159 339508 infeasible   80         5.95876    0.00000   100%  64.9 5630s
 15516644 339621 infeasible   78         5.95876    0.00000   100%  64.9 5635s
 15533003 339709    5.00000   60   27    5.95876    0.00000   100%  64.9 5640s
 15548368 340151 infeasible   86         5.95876    0.00000   100%  64.9 5645s
 15565128 340536    0.00000   82   21    5.95876    0.00000   100%  64.9 5650s
 15582463 340639 infeasible   78         5.95876    0.00000   100%  64.9 5655s
 15599489 340673    0.00000   78    4    5.95876    0.00000   100%  64.9 5660s
 15615713 340784    5.00000   68   38    5.95876    0.00000   100%  64.9 5665s
 15629908 340821 infeasible   76         5.95876    0.00000   100%  64.8 5670s
 15645215 340997 infeasible   73         5.95876    0.00000   100%  64.8 5675s
 15658385 341272    0.00000   73   20    5.95876    0.00000   100%  64.9 5680s
 15671645 341974    0.00000   68   14    5.95876    0.00000   100%  64.9 5685s
 15684906 342455 infeasible   67         5.95876    0.00000   100%  64.9 5690s
 15695815 342741    0.00000   78    3    5.95876    0.00000   100%  64.9 5695s
 15709799 342908 infeasible   68         5.95876    0.00000   100%  64.9 5700s
 15720751 342941    0.00000   67   10    5.95876    0.00000   100%  64.9 5705s
 15732547 343011 infeasible   59         5.95876    0.00000   100%  64.9 5710s
 15743276 343009    0.00000   67    2    5.95876    0.00000   100%  64.9 5715s
 15755295 343837    0.00000   68   13    5.95876    0.00000   100%  64.9 5720s
 15767836 345141 infeasible   61         5.95876    0.00000   100%  64.9 5725s
 15779766 346380    0.00000   68    3    5.95876    0.00000   100%  65.0 5730s
 15793082 347855    0.00000   64   27    5.95876    0.00000   100%  65.0 5735s
 15806448 349299    0.00000   64   16    5.95876    0.00000   100%  65.0 5740s
 15820135 350782 infeasible   77         5.95876    0.00000   100%  65.0 5745s
 15834091 352498    5.00000   88   21    5.95876    0.00000   100%  65.0 5750s
 15849778 353894    0.00000   81   25    5.95876    0.00000   100%  65.0 5755s
 15864188 355291    0.00000   78    6    5.95876    0.00000   100%  65.0 5760s
 15879586 356841    0.00000   78    8    5.95876    0.00000   100%  65.0 5765s
 15894663 358213 infeasible   59         5.95876    0.00000   100%  65.0 5770s
 15910236 359422    0.00000   64   35    5.95876    0.00000   100%  65.0 5775s
 15923981 361217    5.00000   74   26    5.95876    0.00000   100%  65.0 5780s
 15940452 364075    5.00000   71   32    5.95876    0.00000   100%  65.0 5785s
 15961817 367760    5.00000   79   10    5.95876    0.00000   100%  65.0 5790s
 15983946 371522    0.00000   70   19    5.95876    0.00000   100%  64.9 5795s
 16003765 374611 infeasible   88         5.95876    0.00000   100%  64.9 5800s
 16022686 377992 infeasible   82         5.95876    0.00000   100%  64.9 5805s
 16044389 381651 infeasible   88         5.95876    0.00000   100%  64.9 5810s
 16063234 384541    5.00000   80   26    5.95876    0.00000   100%  64.8 5815s
 16078701 385959    0.00000   68    5    5.95876    0.00000   100%  64.8 5820s
 16095954 386523    0.00000   77    1    5.95876    0.00000   100%  64.8 5825s
 16111845 386747    0.00000   66   28    5.95876    0.00000   100%  64.8 5830s
 16128808 386795    0.00000   76   24    5.95876    0.00000   100%  64.8 5835s
 16145263 386822    0.00000   78    4    5.95876    0.00000   100%  64.8 5840s
 16161399 386788 infeasible   78         5.95876    0.00000   100%  64.8 5845s
 16177174 386726 infeasible   85         5.95876    0.00000   100%  64.8 5850s
 16190945 386754    0.00000   77    1    5.95876    0.00000   100%  64.8 5855s
 16206678 386764 infeasible   76         5.95876    0.00000   100%  64.8 5860s
 16221880 386702 infeasible   88         5.95876    0.00000   100%  64.8 5865s
 16237408 386610 infeasible   77         5.95876    0.00000   100%  64.8 5870s
 16253278 386607    0.00000   78    4    5.95876    0.00000   100%  64.8 5875s
 16269986 386607 infeasible   79         5.95876    0.00000   100%  64.7 5880s
 16283428 386524    0.00000   79    3    5.95876    0.00000   100%  64.7 5885s
 16299986 386624    0.00000   72   14    5.95876    0.00000   100%  64.7 5890s
 16315970 386468    0.00000   88    4    5.95876    0.00000   100%  64.7 5895s
 16332124 386463 infeasible   76         5.95876    0.00000   100%  64.7 5900s
 16348519 386336    0.00000   70   22    5.95876    0.00000   100%  64.7 5905s
 16364133 386405    0.00000   67    1    5.95876    0.00000   100%  64.7 5910s
 16380396 386240    0.00000   70    7    5.95876    0.00000   100%  64.7 5915s
 16396043 386264 infeasible   78         5.95876    0.00000   100%  64.7 5920s
 16414223 386463    0.00000   69   21    5.95876    0.00000   100%  64.7 5925s
 16431044 386559 infeasible   78         5.95876    0.00000   100%  64.7 5930s
 16448485 386794 infeasible   78         5.95876    0.00000   100%  64.6 5935s
 16464781 386784    0.00000   78    7    5.95876    0.00000   100%  64.6 5940s
 16480422 386925    0.00000   66   40    5.95876    0.00000   100%  64.6 5945s
 16493547 387143 infeasible   78         5.95876    0.00000   100%  64.6 5950s
 16507532 387212    0.00000   66   46    5.95876    0.00000   100%  64.6 5955s
 16521686 387120 infeasible   78         5.95876    0.00000   100%  64.6 5960s
 16536135 387159 infeasible   66         5.95876    0.00000   100%  64.6 5965s
 16550104 387182    0.00000   72   27    5.95876    0.00000   100%  64.6 5970s
 16562594 387363    1.00000   69   30    5.95876    0.00000   100%  64.6 5975s
 16576736 387362    0.00000   67    1    5.95876    0.00000   100%  64.6 5980s
 16590453 387943    0.00000   68    4    5.95876    0.00000   100%  64.6 5985s
 16605830 388866 infeasible   78         5.95876    0.00000   100%  64.6 5990s
 16620416 389486 infeasible   68         5.95876    0.00000   100%  64.6 5995s
 16639110 389948 infeasible   89         5.95876    0.00000   100%  64.6 6000s
 16656135 390063    0.00000   84   18    5.95876    0.00000   100%  64.6 6005s
 16675309 389930 infeasible   81         5.95876    0.00000   100%  64.6 6010s
 16692226 389916    0.00000   71   23    5.95876    0.00000   100%  64.6 6015s
 16708399 389909    0.00000   86   36    5.95876    0.00000   100%  64.6 6020s
 16724800 390078    0.00000   78    4    5.95876    0.00000   100%  64.6 6025s
 16740645 390409    0.00000   72   18    5.95876    0.00000   100%  64.6 6030s
 16759464 390524 infeasible   75         5.95876    0.00000   100%  64.5 6035s
 16776756 390489    0.00000   76   28    5.95876    0.00000   100%  64.5 6040s
 16793887 390364    0.00000   67    4    5.95876    0.00000   100%  64.5 6045s
 16811735 390328    0.00000   79    4    5.95876    0.00000   100%  64.5 6050s
 16830148 390271 infeasible   78         5.95876    0.00000   100%  64.5 6055s
 16847324 390261 infeasible   77         5.95876    0.00000   100%  64.5 6060s
 16865506 390172    0.00000   79   27    5.95876    0.00000   100%  64.5 6065s
 16881495 390089 infeasible   87         5.95876    0.00000   100%  64.4 6070s
 16896354 390293 infeasible   86         5.95876    0.00000   100%  64.4 6075s
 16911504 390364 infeasible   75         5.95876    0.00000   100%  64.4 6080s
 16927147 390467 infeasible   68         5.95876    0.00000   100%  64.4 6085s
 16943533 390743    0.00000   75   16    5.95876    0.00000   100%  64.4 6090s
 16961912 390893 infeasible   78         5.95876    0.00000   100%  64.4 6095s
 16978902 390891 infeasible   78         5.95876    0.00000   100%  64.4 6100s
 16995625 390691 infeasible   78         5.95876    0.00000   100%  64.4 6105s
 17013445 390590    0.00000   77    1    5.95876    0.00000   100%  64.4 6110s
 17030041 390484    0.00000   77    1    5.95876    0.00000   100%  64.4 6115s
 17047246 390583 infeasible   74         5.95876    0.00000   100%  64.3 6120s
 17063969 390881 infeasible   77         5.95876    0.00000   100%  64.3 6125s
 17078524 390992    0.00000   57    6    5.95876    0.00000   100%  64.3 6130s
 17092745 391179    0.00000   62   10    5.95876    0.00000   100%  64.3 6135s
 17107403 391153 infeasible   76         5.95876    0.00000   100%  64.3 6140s
 17120474 391137    0.00000   66   29    5.95876    0.00000   100%  64.3 6145s
 17134125 391284 infeasible   68         5.95876    0.00000   100%  64.3 6150s
 17148910 391714 infeasible   78         5.95876    0.00000   100%  64.3 6155s
 17162643 391805    0.00000   83   20    5.95876    0.00000   100%  64.3 6160s
 17177359 391823 infeasible   78         5.95876    0.00000   100%  64.3 6165s
 17192280 391755    0.00000   92   23    5.95876    0.00000   100%  64.3 6170s
 17207052 391692    0.00000   76   34    5.95876    0.00000   100%  64.3 6175s
 17222847 391616 infeasible   88         5.95876    0.00000   100%  64.3 6180s
 17239112 391680    0.00000   74   24    5.95876    0.00000   100%  64.3 6185s
 17254422 391599    0.00000   77    1    5.95876    0.00000   100%  64.3 6190s
 17269023 391715 infeasible   81         5.95876    0.00000   100%  64.3 6195s
 17281620 391854 infeasible   68         5.95876    0.00000   100%  64.3 6200s
 17292105 391934    0.00000   76   16    5.95876    0.00000   100%  64.3 6205s
 17302651 391960    0.00000   66   33    5.95876    0.00000   100%  64.3 6210s
 17314113 392024    0.00000   64   32    5.95876    0.00000   100%  64.3 6215s
 17324947 392273    0.00000   87    1    5.95876    0.00000   100%  64.4 6220s
 17337568 392908 infeasible   72         5.95876    0.00000   100%  64.4 6225s
 17352180 393649    0.00000   64   17    5.95876    0.00000   100%  64.4 6230s
 17367349 394134 infeasible   88         5.95876    0.00000   100%  64.4 6235s
 17382855 394630    0.00000   88    9    5.95876    0.00000   100%  64.3 6240s
 17399887 394758 infeasible   88         5.95876    0.00000   100%  64.3 6245s
 17416597 394691 infeasible   78         5.95876    0.00000   100%  64.3 6250s
 17433943 394698    0.00000   70   21    5.95876    0.00000   100%  64.3 6255s
 17451094 395044    0.00000   78    3    5.95876    0.00000   100%  64.3 6260s
 17468806 395000 infeasible   78         5.95876    0.00000   100%  64.3 6265s
 17486395 394795    0.00000   78   14    5.95876    0.00000   100%  64.3 6270s
 17505347 394778 infeasible   79         5.95876    0.00000   100%  64.3 6275s
 17522796 394689    0.00000   85   26    5.95876    0.00000   100%  64.2 6280s
 17539579 394817    5.00000   84   18    5.95876    0.00000   100%  64.2 6285s
 17555746 394725 infeasible   78         5.95876    0.00000   100%  64.2 6290s
 17571844 394840    0.00000   78    4    5.95876    0.00000   100%  64.2 6295s
 17588566 394959    0.00000   73   21    5.95876    0.00000   100%  64.2 6300s
 17605422 395166 infeasible   62         5.95876    0.00000   100%  64.2 6305s
 17620185 395614 infeasible   81         5.95876    0.00000   100%  64.2 6310s
 17636112 395928 infeasible   87         5.95876    0.00000   100%  64.2 6315s
 17652327 396190    0.00000   76   22    5.95876    0.00000   100%  64.2 6320s
 17667971 396485 infeasible   78         5.95876    0.00000   100%  64.2 6325s
 17683631 396670 infeasible   88         5.95876    0.00000   100%  64.2 6330s
 17699057 396789 infeasible   78         5.95876    0.00000   100%  64.2 6335s
 17715137 396827 infeasible   86         5.95876    0.00000   100%  64.2 6340s
 17730927 396567    0.00000   87    1    5.95876    0.00000   100%  64.2 6345s
 17745077 397155    0.00000   73   17    5.95876    0.00000   100%  64.1 6350s
 17762814 398672 infeasible   69         5.95876    0.00000   100%  64.1 6355s
 17779583 399739    0.00000   77   10    5.95876    0.00000   100%  64.1 6360s
 17797738 400685 infeasible   84         5.95876    0.00000   100%  64.1 6365s
 17814256 401455 infeasible   78         5.95876    0.00000   100%  64.1 6370s
 17833810 403709    1.00000   81    9    5.95876    0.00000   100%  64.1 6375s
 17851790 406537 infeasible   78         5.95876    0.00000   100%  64.1 6380s
 17873317 409218    0.00000   87    1    5.95876    0.00000   100%  64.1 6385s
 17892822 411146    5.00000   70   16    5.95876    0.00000   100%  64.0 6390s
 17909328 412295    0.00000   66   33    5.95876    0.00000   100%  64.0 6395s
 17923496 413037    0.00000   70   13    5.95876    0.00000   100%  64.0 6400s
 17939259 413917    0.00000   77    1    5.95876    0.00000   100%  64.0 6405s
 17953155 414770    1.00000   75   25    5.95876    0.00000   100%  64.0 6410s
 17968987 415884 infeasible   73         5.95876    0.00000   100%  64.0 6415s
 17984225 416943    0.00000   78    7    5.95876    0.00000   100%  64.0 6420s
 18000597 417894    0.00000   70   12    5.95876    0.00000   100%  64.0 6425s
 18016802 418426    5.00000   64   45    5.95876    0.00000   100%  64.0 6430s
 18031906 419175 infeasible   80         5.95876    0.00000   100%  64.0 6435s
 18046365 419969    0.00000   78    4    5.95876    0.00000   100%  64.0 6440s
 18062762 421165    0.00000   81   12    5.95876    0.00000   100%  64.0 6445s
 18080734 422534    0.00000   71   33    5.95876    0.00000   100%  64.0 6450s
 18097404 423662    0.00000   72   22    5.95876    0.00000   100%  64.0 6455s
 18114011 424363    0.00000   77    8    5.95876    0.00000   100%  64.0 6460s
 18128393 424460 infeasible   78         5.95876    0.00000   100%  64.0 6465s
 18144079 424630 infeasible   77         5.95876    0.00000   100%  64.0 6470s
 18159807 424795 infeasible   74         5.95876    0.00000   100%  64.0 6475s
 18176736 424949    0.00000   78    4    5.95876    0.00000   100%  63.9 6480s
 18193589 424968    0.00000   78    1    5.95876    0.00000   100%  63.9 6485s
 18210213 424908    0.00000   78    5    5.95876    0.00000   100%  63.9 6490s
 18227416 424869    0.00000   80   11    5.95876    0.00000   100%  63.9 6495s
 18244849 424818    0.00000   83   16    5.95876    0.00000   100%  63.9 6500s
 18260920 424820    0.00000   68   18    5.95876    0.00000   100%  63.9 6505s
 18277379 425010 infeasible   78         5.95876    0.00000   100%  63.9 6510s
 18292174 425140    0.00000   85   27    5.95876    0.00000   100%  63.9 6515s
 18306142 425325    0.00000   78    4    5.95876    0.00000   100%  63.9 6520s
 18322032 425451    0.00000   77    1    5.95876    0.00000   100%  63.9 6525s
 18336943 425568 infeasible   78         5.95876    0.00000   100%  63.9 6530s
 18351051 425755    0.00000   71   20    5.95876    0.00000   100%  63.9 6535s
 18366141 425739 infeasible   69         5.95876    0.00000   100%  63.9 6540s
 18382265 425755 infeasible   78         5.95876    0.00000   100%  63.9 6545s
 18397318 425789 infeasible   78         5.95876    0.00000   100%  63.9 6550s
 18411279 425804 infeasible   78         5.95876    0.00000   100%  63.9 6555s
 18424404 426187    0.00000   72   17    5.95876    0.00000   100%  63.9 6560s
 18438757 426384 infeasible   88         5.95876    0.00000   100%  63.9 6565s
 18453501 426828 infeasible   78         5.95876    0.00000   100%  63.9 6570s
 18468420 427282    0.00000   68    8    5.95876    0.00000   100%  63.9 6575s
 18482733 427754    5.00000   68    9    5.95876    0.00000   100%  63.9 6580s
 18497668 428202 infeasible   81         5.95876    0.00000   100%  63.9 6585s
 18513847 428636 infeasible   78         5.95876    0.00000   100%  63.9 6590s
 18530480 428539 infeasible   78         5.95876    0.00000   100%  63.9 6595s
 18548211 428479    0.00000   78    4    5.95876    0.00000   100%  63.8 6600s
 18566595 428310 infeasible   73         5.95876    0.00000   100%  63.8 6605s
 18584281 428380    0.00000   66   41    5.95876    0.00000   100%  63.8 6610s
 18602916 428415 infeasible   78         5.95876    0.00000   100%  63.8 6615s
 18622109 428537 infeasible   78         5.95876    0.00000   100%  63.8 6620s
 18640691 428564 infeasible   82         5.95876    0.00000   100%  63.8 6625s
 18657610 428340 infeasible   88         5.95876    0.00000   100%  63.7 6630s
 18676193 428311    0.00000   80   19    5.95876    0.00000   100%  63.7 6635s
 18693369 428701    0.00000   77   14    5.95876    0.00000   100%  63.7 6640s
 18710638 428936 infeasible   78         5.95876    0.00000   100%  63.7 6645s
 18727530 428832    0.00000   78   19    5.95876    0.00000   100%  63.7 6650s
 18744704 428665    0.00000   74    9    5.95876    0.00000   100%  63.7 6655s
 18763124 428511    0.00000   78    9    5.95876    0.00000   100%  63.7 6660s
 18780068 428592 infeasible   78         5.95876    0.00000   100%  63.7 6665s
 18799370 428456 infeasible   89         5.95876    0.00000   100%  63.6 6670s
 18818192 428627    0.00000   73   14    5.95876    0.00000   100%  63.6 6675s
 18837069 428455 infeasible   78         5.95876    0.00000   100%  63.6 6680s
 18853767 428310    0.00000   77    1    5.95876    0.00000   100%  63.6 6685s
 18871091 428279 infeasible   78         5.95876    0.00000   100%  63.6 6690s
 18888246 428218 infeasible   78         5.95876    0.00000   100%  63.6 6695s
 18905828 428231    0.00000   73   30    5.95876    0.00000   100%  63.6 6700s
 18922026 428088    0.00000   66   35    5.95876    0.00000   100%  63.6 6705s
 18937395 428476 infeasible   68         5.95876    0.00000   100%  63.5 6710s
 18952901 429057    5.00000   85   35    5.95876    0.00000   100%  63.5 6715s
 18967379 429943    0.00000   68   11    5.95876    0.00000   100%  63.5 6720s
 18982043 430688 infeasible   69         5.95876    0.00000   100%  63.5 6725s
 18997777 431392    0.00000   69   18    5.95876    0.00000   100%  63.5 6730s
 19012263 432352 infeasible   81         5.95876    0.00000   100%  63.5 6735s
 19026468 433576    0.00000   78   12    5.95876    0.00000   100%  63.5 6740s
 19041837 434837 infeasible   74         5.95876    0.00000   100%  63.5 6745s
 19055609 435810    0.00000   78    6    5.95876    0.00000   100%  63.5 6750s
 19070405 437146 infeasible   68         5.95876    0.00000   100%  63.5 6755s
 19085588 439072    5.00000   68    9    5.95876    0.00000   100%  63.5 6760s
 19101662 440814 infeasible   99         5.95876    0.00000   100%  63.5 6765s
 19118792 442587 infeasible   78         5.95876    0.00000   100%  63.5 6770s
 19134222 444057 infeasible   68         5.95876    0.00000   100%  63.5 6775s
 19150316 445619    0.00000   78   22    5.95876    0.00000   100%  63.5 6780s
 19166907 447299    0.00000   75   16    5.95876    0.00000   100%  63.5 6785s
 19183491 448574 infeasible   81         5.95876    0.00000   100%  63.5 6790s
 19197570 448932 infeasible   57         5.95876    0.00000   100%  63.5 6795s
 19209253 449578 infeasible   64         5.95876    0.00000   100%  63.5 6800s
 19224819 450160    0.00000   63   54    5.95876    0.00000   100%  63.5 6805s
 19237989 450624    0.00000   77    1    5.95876    0.00000   100%  63.5 6810s
 19250976 451062    0.00000   72   34    5.95876    0.00000   100%  63.5 6815s
 19263581 451327 infeasible   78         5.95876    0.00000   100%  63.5 6820s
 19277185 451589    5.00000   80   16    5.95876    0.00000   100%  63.5 6825s
 19289970 451750    0.00000   86   24    5.95876    0.00000   100%  63.6 6830s
 19302826 451980    0.00000   78   12    5.95876    0.00000   100%  63.6 6835s
 19317709 452602    0.00000   68    3    5.95876    0.00000   100%  63.6 6840s
 19332270 453503    0.00000   70   25    5.95876    0.00000   100%  63.6 6845s
 19345884 454226 infeasible   69         5.95876    0.00000   100%  63.6 6850s
 19359063 454522 infeasible   77         5.95876    0.00000   100%  63.6 6855s
 19372934 454896 infeasible   68         5.95876    0.00000   100%  63.6 6860s
 19380975 455110    0.00000   91    9    5.95876    0.00000   100%  63.6 6865s
 19400958 455496 infeasible   79         5.95876    0.00000   100%  63.6 6870s
 19415314 455886 infeasible   75         5.95876    0.00000   100%  63.6 6875s
 19429905 456176 infeasible   71         5.95876    0.00000   100%  63.6 6880s
 19442823 456353    0.00000   78   14    5.95876    0.00000   100%  63.6 6885s
 19455356 457188 infeasible   59         5.95876    0.00000   100%  63.6 6890s
 19469799 458883 infeasible   59         5.95876    0.00000   100%  63.6 6895s
 19484949 460851 infeasible   78         5.95876    0.00000   100%  63.6 6900s
 19498762 462437    0.00000   78    9    5.95876    0.00000   100%  63.6 6905s
 19510992 463380 infeasible   79         5.95876    0.00000   100%  63.6 6910s
 19523825 464257    0.00000   75   23    5.95876    0.00000   100%  63.6 6915s
 19534616 464793    0.00000   70   38    5.95876    0.00000   100%  63.6 6920s
 19547247 465347 infeasible   79         5.95876    0.00000   100%  63.6 6925s
 19561163 466398 infeasible   77         5.95876    0.00000   100%  63.6 6930s
 19579303 467778 infeasible   87         5.95876    0.00000   100%  63.6 6935s
 19593446 468624    0.00000   73   11    5.95876    0.00000   100%  63.6 6940s
 19606687 469164 infeasible   76         5.95876    0.00000   100%  63.6 6945s
 19621769 469696 infeasible   86         5.95876    0.00000   100%  63.6 6950s
 19635316 470699 infeasible   88         5.95876    0.00000   100%  63.6 6955s
 19650367 471611    0.00000   78    8    5.95876    0.00000   100%  63.6 6960s
 19665283 472107    0.00000   86   32    5.95876    0.00000   100%  63.6 6965s
 19679422 472504 infeasible   66         5.95876    0.00000   100%  63.6 6970s
 19694179 473285 infeasible   78         5.95876    0.00000   100%  63.6 6975s
 19708873 473872    5.00000   78    5    5.95876    0.00000   100%  63.6 6980s
 19722874 474090 infeasible   84         5.95876    0.00000   100%  63.6 6985s
 19736638 474394    0.00000   80   12    5.95876    0.00000   100%  63.6 6990s
 19751131 475313    0.00000   78    1    5.95876    0.00000   100%  63.6 6995s
 19765441 476103    5.00000   76   27    5.95876    0.00000   100%  63.6 7000s
 19780074 476840 infeasible   87         5.95876    0.00000   100%  63.6 7005s
 19793061 477637    0.00000   74   22    5.95876    0.00000   100%  63.6 7010s
 19806814 478267 infeasible   86         5.95876    0.00000   100%  63.6 7015s
 19821217 478957 infeasible   78         5.95876    0.00000   100%  63.7 7020s
 19835950 479173 infeasible   68         5.95876    0.00000   100%  63.6 7025s
 19850381 479357 infeasible   77         5.95876    0.00000   100%  63.6 7030s
 19865836 479240 infeasible   78         5.95876    0.00000   100%  63.6 7035s
 19880494 479259 infeasible   69         5.95876    0.00000   100%  63.6 7040s
 19895243 479375    0.00000   78    6    5.95876    0.00000   100%  63.6 7045s
 19911738 479456    0.00000   74   25    5.95876    0.00000   100%  63.6 7050s
 19925801 479411    0.00000   77    1    5.95876    0.00000   100%  63.6 7055s
 19941489 479381    0.00000   65   38    5.95876    0.00000   100%  63.6 7060s
 19953592 479430 infeasible   76         5.95876    0.00000   100%  63.6 7065s
 19965487 479576    0.00000   69   13    5.95876    0.00000   100%  63.6 7070s
 19979106 479695 infeasible   77         5.95876    0.00000   100%  63.6 7075s
 19991763 479863 infeasible   66         5.95876    0.00000   100%  63.6 7080s
 20005262 479972    0.00000   68    5    5.95876    0.00000   100%  63.6 7085s
 20018168 480207    0.00000   77    3    5.95876    0.00000   100%  63.7 7090s
 20032355 480253 infeasible   68         5.95876    0.00000   100%  63.7 7095s
 20046350 480280    0.00000   78    4    5.95876    0.00000   100%  63.7 7100s
 20061121 480323 infeasible   77         5.95876    0.00000   100%  63.6 7105s
 20077220 480600    0.00000   68   17    5.95876    0.00000   100%  63.6 7110s
 20093432 481373    0.00000   71   12    5.95876    0.00000   100%  63.6 7115s
 20109047 482452    0.00000   81   14    5.95876    0.00000   100%  63.6 7120s
 20126664 483547 infeasible   87         5.95876    0.00000   100%  63.6 7125s
 20142265 484096    0.00000   73   44    5.95876    0.00000   100%  63.6 7130s
 20158900 484631 infeasible   67         5.95876    0.00000   100%  63.6 7135s
 20175246 484934    0.00000   68    6    5.95876    0.00000   100%  63.6 7140s
 20190428 485044    0.00000   75   15    5.95876    0.00000   100%  63.6 7145s
 20206293 484974    0.00000   68    6    5.95876    0.00000   100%  63.6 7150s
 20221786 485135    0.00000   81   24    5.95876    0.00000   100%  63.6 7155s
 20236374 485126 infeasible   95         5.95876    0.00000   100%  63.6 7160s
 20250029 485106 infeasible   75         5.95876    0.00000   100%  63.6 7165s
 20264946 485235 infeasible   77         5.95876    0.00000   100%  63.6 7170s
 20281535 485533    0.00000   67    4    5.95876    0.00000   100%  63.6 7175s
 20296874 485464    0.00000   72   32    5.95876    0.00000   100%  63.6 7180s
 20311691 485383    0.00000   79    9    5.95876    0.00000   100%  63.6 7185s
 20328895 485309 infeasible   68         5.95876    0.00000   100%  63.6 7190s
 20345397 485390 infeasible   73         5.95876    0.00000   100%  63.6 7195s
 20362079 485508 infeasible   76         5.95876    0.00000   100%  63.6 7200s

Cutting planes:
  Learned: 12
  Implied bound: 8
  Projected implied bound: 1
  MIR: 6
  Mixing: 2
  Flow cover: 39
  RLT: 9
  Relax-and-lift: 5

Explored 20362090 nodes (1294064633 simplex iterations) in 7200.24 seconds (15176.83 work units)
Thread count was 8 (of 192 available processors)

Solution count 10: 5.95876 5.96255 5.99546 ... 6

Time limit reached
Best objective 5.958755095502e+00, best bound 0.000000000000e+00, gap 100.0000%

User-callback calls 44224970, time in user-callback 7.68 sec

AVANT CALCUL DES AUTRES INDICATEURS
Obj_rho = 6
Obj_lambda = 0
Obj_phi = 0
AVANT CALCUL DES AUTRES INDICATEURS
Obj_rho = 6
Obj_lambda = 0
Obj_phi = 0
✅ Solution trouvée (status: TIME_LIMIT)
🎯 Objective global: 5.958755095502374
⏱️ Time used: 7200.24
Nombre de vols satisfaits: 196
Nombre de vols non satisfaits: 0

✈️ Paths for each aircraft:

🛩️ Aircraft N607AS path (32 nodes): s_(u=0, v=0, w=0) ➡️  N607AS_(u=2963, v=25, w=5) ➡️  ANC_SEA_162_428_(u=3137, v=26, w=5) ➡️  SEA_LAX_528_675_(u=3258, v=27, w=5) ➡️  LAX_SEA_743_917_(u=3406, v=28, w=5) ➡️  SEA_SFO_990_1113_(u=3509, v=29, w=5) ➡️  SFO_SEA_1177_1307_(u=3608, v=30, w=5) ➡️  SEA_SJC_1855_1984_(u=3718, v=31, w=6) ➡️  SJC_SEA_2047_2171_(u=3815, v=32, w=6) ➡️  SEA_SJC_2247_2382_(u=3932, v=33, w=6) ➡️  SJC_SEA_2432_2554_(u=4027, v=34, w=6) ➡️  SEA_PDX_2732_2790_(u=4056, v=35, w=6) ➡️  PDX_ANC_2866_3034_(u=4259, v=36, w=6) ➡️  ANC_SEA_3102_3363_(u=4433, v=37, w=7) ➡️  SEA_ANC_3462_3616_(u=4621, v=38, w=7) ➡️  ANC_JNU_4064_4188_(u=4714, v=39, w=7) ➡️  JNU_SIT_4227_4276_(u=4737, v=40, w=7) ➡️  SIT_JNU_4672_4708_(u=4760, v=41, w=8) ➡️  JNU_ANC_4773_4879_(u=4848, v=42, w=8) ➡️  ANC_BET_4949_5073_(u=4905, v=43, w=8) ➡️  BET_ANC_5111_5186_(u=4966, v=44, w=8) ➡️  ANC_SEA_5503_5765_(u=5147, v=45, w=8) ➡️  SEA_SLC_6187_6360_(u=5239, v=46, w=9) ➡️  SLC_SEA_6449_6557_(u=5351, v=47, w=9) ➡️  SEA_LAX_6651_6804_(u=5473, v=48, w=9) ➡️  LAX_SEA_6863_7042_(u=5626, v=49, w=9) ➡️  SEA_OAK_8006_8114_(u=5718, v=50, w=10) ➡️  OAK_SEA_8157_8285_(u=5817, v=51, w=10) ➡️  SEA_SMF_8335_8455_(u=5892, v=52, w=10) ➡️  SMF_SEA_8490_8613_(u=5995, v=53, w=10) ➡️  SEA_MSP_9120_9435_(u=175, v=1, w=1) ➡️  MSP_SEA_9512_9628_(u=365, v=2, w=1) ➡️  SEA_PHX_9672_9885_(u=499, v=3, w=1) ➡️  PHX_SEA_9941_10089_(u=683, v=4, w=1) ➡️  t_(u=0, v=0, w=0)

🛩️ Aircraft N585AS path (30 nodes): s_(u=0, v=0, w=0) ➡️  N585AS_(u=0, v=0, w=1) ➡️  ANC_SEA_137_389_(u=173, v=1, w=1) ➡️  SEA_ANC_479_633_(u=366, v=2, w=1) ➡️  ANC_SEA_715_980_(u=547, v=3, w=1) ➡️  SEA_BUR_1045_1181_(u=665, v=4, w=1) ➡️  BUR_SEA_1268_1435_(u=803, v=5, w=1) ➡️  SEA_ORD_1795_2159_(u=1013, v=6, w=2) ➡️  ORD_PDX_2215_2349_(u=1248, v=7, w=2) ➡️  PDX_ONT_2434_2569_(u=1370, v=8, w=2) ➡️  ONT_PDX_2628_2754_(u=1481, v=9, w=2) ➡️  PDX_SEA_3178_3252_(u=1517, v=10, w=3) ➡️  SEA_ANC_3375_3530_(u=1708, v=11, w=3) ➡️  ANC_SEA_3593_3853_(u=1891, v=12, w=3) ➡️  SEA_SAN_4005_4151_(u=2012, v=13, w=3) ➡️  SAN_TPA_4795_5235_(u=2245, v=14, w=4) ➡️  TPA_SAN_5307_5449_(u=2533, v=15, w=4) ➡️  SAN_SEA_5512_5695_(u=2687, v=16, w=4) ➡️  SEA_LAS_6225_6362_(u=2798, v=17, w=5) ➡️  LAS_SEA_6427_6598_(u=2944, v=18, w=5) ➡️  SEA_PHX_6669_6910_(u=3077, v=19, w=5) ➡️  PHX_SEA_6965_7117_(u=3256, v=20, w=5) ➡️  SEA_PDX_7152_7210_(u=3285, v=21, w=5) ➡️  PDX_SEA_7495_7564_(u=3317, v=22, w=6) ➡️  SEA_PHX_7626_7841_(u=3452, v=23, w=6) ➡️  PHX_SEA_7908_8038_(u=3613, v=24, w=6) ➡️  SEA_PHX_8109_8330_(u=3749, v=25, w=6) ➡️  PHX_SEA_8407_8537_(u=3913, v=26, w=6) ➡️  SEA_PHX_9068_9279_(u=4046, v=27, w=7) ➡️  PHX_SEA_9344_9480_(u=4215, v=28, w=7) ➡️  SEA_DEN_9579_9790_(u=4345, v=29, w=7) ➡️  DEN_SEA_9846_9966_(u=4500, v=30, w=7) ➡️  t_(u=0, v=0, w=0)

🛩️ Aircraft N317AS path (26 nodes): s_(u=0, v=0, w=0) ➡️  N317AS_(u=3907, v=33, w=7) ➡️  FAI_SEA_201_455_(u=4084, v=34, w=7) ➡️  SEA_ANC_582_739_(u=4278, v=35, w=7) ➡️  ANC_SEA_1062_1344_(u=4466, v=36, w=7) ➡️  SEA_SLC_1846_2021_(u=4562, v=37, w=8) ➡️  SLC_SEA_2122_2206_(u=4663, v=38, w=8) ➡️  SEA_SBA_2265_2429_(u=4794, v=39, w=8) ➡️  SBA_SEA_2482_2633_(u=4910, v=40, w=8) ➡️  SEA_LAS_3342_3511_(u=5038, v=41, w=9) ➡️  LAS_SEA_3563_3728_(u=5173, v=42, w=9) ➡️  SEA_ATL_3841_4313_(u=5437, v=43, w=9) ➡️  ATL_SEA_4752_4910_(u=5724, v=44, w=10) ➡️  SEA_RDM_4991_5054_(u=5762, v=45, w=10) ➡️  RDM_SEA_5133_5199_(u=5810, v=46, w=10) ➡️  SEA_ANC_5295_5444_(u=5999, v=47, w=10) ➡️  ANC_JNU_6410_6511_(u=83, v=1, w=1) ➡️  JNU_PSG_6558_6607_(u=113, v=2, w=1) ➡️  PSG_WRG_6650_6684_(u=129, v=3, w=1) ➡️  WRG_KTN_6726_6760_(u=151, v=4, w=1) ➡️  KTN_SEA_6808_6973_(u=241, v=5, w=1) ➡️  SEA_LIH_7702_8038_(u=573, v=6, w=2) ➡️  LIH_SEA_8108_8604_(u=913, v=7, w=2) ➡️  SEA_SNA_9008_9175_(u=1024, v=8, w=3) ➡️  SNA_SEA_9239_9448_(u=1209, v=9, w=3) ➡️  SEA_PHX_9550_9765_(u=1345, v=10, w=3) ➡️  PHX_SEA_9831_9982_(u=1528, v=11, w=3) ➡️  SEA_FAI_10053_10220_(u=1732, v=12, w=3) ➡️  t_(u=0, v=0, w=0)

🛩️ Aircraft N587AS path (27 nodes): s_(u=0, v=0, w=0) ➡️  N587AS_(u=0, v=0, w=1) ➡️  JNU_SEA_310_514_(u=116, v=1, w=1) ➡️  SEA_PHX_570_794_(u=257, v=2, w=1) ➡️  PHX_SEA_857_991_(u=422, v=3, w=1) ➡️  SEA_LAS_1064_1207_(u=532, v=4, w=1) ➡️  LAS_SFO_1317_1401_(u=598, v=5, w=1) ➡️  SFO_ORD_1859_2247_(u=830, v=6, w=2) ➡️  ORD_SFO_2309_2462_(u=1075, v=7, w=2) ➡️  SFO_AUS_2533_2855_(u=1252, v=8, w=2) ➡️  AUS_SFO_3432_3558_(u=1462, v=9, w=3) ➡️  SFO_SEA_3655_3795_(u=1571, v=10, w=3) ➡️  SEA_LAS_3857_4005_(u=1695, v=11, w=3) ➡️  LAS_SEA_4086_4272_(u=1839, v=12, w=3) ➡️  SEA_PHX_4668_4915_(u=1976, v=13, w=4) ➡️  PHX_SEA_4965_5107_(u=2151, v=14, w=4) ➡️  SEA_SAN_5176_5324_(u=2276, v=15, w=4) ➡️  SAN_SEA_5397_5572_(u=2428, v=16, w=4) ➡️  SEA_ATL_6289_6758_(u=2694, v=17, w=5) ➡️  ATL_SEA_6839_6970_(u=2985, v=18, w=5) ➡️  SEA_SMF_7089_7200_(u=3071, v=19, w=5) ➡️  SMF_SEA_7553_7682_(u=3167, v=20, w=6) ➡️  SEA_FLL_7746_8300_(u=3487, v=21, w=6) ➡️  FLL_SEA_8359_8570_(u=3846, v=22, w=6) ➡️  SEA_SFO_8995_9134_(u=3934, v=23, w=7) ➡️  SFO_JAC_9215_9444_(u=4083, v=24, w=7) ➡️  JAC_SFO_9493_9582_(u=4195, v=25, w=7) ➡️  SFO_PDX_9628_9744_(u=4291, v=26, w=7) ➡️  PDX_SFO_9826_9943_(u=4366, v=27, w=7) ➡️  t_(u=0, v=0, w=0)

🛩️ Aircraft N284AK path (24 nodes): s_(u=0, v=0, w=0) ➡️  N284AK_(u=0, v=0, w=1) ➡️  PHX_PDX_356_453_(u=138, v=1, w=1) ➡️  PDX_FLL_541_1050_(u=449, v=2, w=1) ➡️  FLL_SFO_1118_1320_(u=802, v=3, w=1) ➡️  SFO_FLL_1383_1870_(u=1079, v=4, w=1) ➡️  FLL_PDX_2018_2231_(u=1440, v=5, w=2) ➡️  PDX_JFK_2322_2828_(u=1728, v=6, w=2) ➡️  JFK_PSP_3414_3583_(u=2053, v=7, w=3) ➡️  PSP_SEA_3697_3873_(u=2207, v=8, w=3) ➡️  SEA_ONT_3941_4070_(u=2317, v=9, w=3) ➡️  ONT_SEA_4675_4856_(u=2473, v=10, w=4) ➡️  SEA_PIT_4922_5383_(u=2717, v=11, w=4) ➡️  PIT_SEA_5447_5576_(u=3005, v=12, w=4) ➡️  SEA_SMF_5645_5755_(u=3086, v=13, w=4) ➡️  SMF_SEA_6112_6231_(u=3182, v=14, w=5) ➡️  SEA_LIH_6321_6593_(u=3543, v=15, w=5) ➡️  LIH_SEA_6647_7117_(u=3859, v=16, w=5) ➡️  SEA_DFW_7182_7527_(u=4056, v=17, w=5) ➡️  DFW_SEA_7641_7776_(u=4282, v=18, w=6) ➡️  SEA_MCI_7916_8251_(u=4467, v=19, w=6) ➡️  MCI_SEA_8308_8432_(u=4667, v=20, w=6) ➡️  SEA_JNU_8494_8605_(u=4813, v=21, w=6) ➡️  JNU_SEA_9259_9463_(u=4912, v=22, w=7) ➡️  SEA_BUR_9508_9638_(u=5019, v=23, w=7) ➡️  BUR_SEA_9709_9913_(u=5181, v=24, w=7) ➡️  t_(u=0, v=0, w=0)

🛩️ Aircraft N320AS path (30 nodes): s_(u=0, v=0, w=0) ➡️  N320AS_(u=0, v=0, w=1) ➡️  SJC_SEA_364_507_(u=106, v=1, w=1) ➡️  SEA_PIT_580_1048_(u=364, v=2, w=1) ➡️  PIT_SEA_1104_1236_(u=638, v=3, w=1) ➡️  SEA_ORD_1401_1741_(u=841, v=4, w=1) ➡️  ORD_SEA_1807_1944_(u=1069, v=5, w=2) ➡️  SEA_ANC_2030_2168_(u=1245, v=6, w=2) ➡️  ANC_CDV_2249_2310_(u=1282, v=7, w=2) ➡️  CDV_YAK_2357_2404_(u=1320, v=8, w=2) ➡️  YAK_JNU_2447_2500_(u=1354, v=9, w=2) ➡️  JNU_SEA_2569_2776_(u=1471, v=10, w=2) ➡️  SEA_ANC_2874_3028_(u=1664, v=11, w=2) ➡️  ANC_SEA_3168_3438_(u=1846, v=12, w=3) ➡️  SEA_IAD_3504_3971_(u=2111, v=13, w=3) ➡️  IAD_SEA_4030_4189_(u=2420, v=14, w=3) ➡️  SEA_SMF_4248_4369_(u=2501, v=15, w=3) ➡️  SMF_SEA_4703_4832_(u=2600, v=16, w=4) ➡️  SEA_CLE_4925_5380_(u=2835, v=17, w=4) ➡️  CLE_SEA_5435_5585_(u=3111, v=18, w=4) ➡️  SEA_MSP_6233_6559_(u=3282, v=19, w=5) ➡️  MSP_SEA_6615_6760_(u=3480, v=20, w=5) ➡️  SEA_SNA_6813_6972_(u=3607, v=21, w=5) ➡️  SNA_SEA_7009_7192_(u=3761, v=22, w=5) ➡️  SEA_SNA_7578_7729_(u=3886, v=23, w=6) ➡️  SNA_SEA_7783_7960_(u=4046, v=24, w=6) ➡️  SEA_PHX_8018_8241_(u=4184, v=25, w=6) ➡️  PHX_ANC_8336_8626_(u=4561, v=26, w=6) ➡️  ANC_SEA_8684_8926_(u=4719, v=27, w=7) ➡️  SEA_SAN_9117_9279_(u=4833, v=28, w=7) ➡️  SAN_MCO_9359_9801_(u=5069, v=29, w=7) ➡️  MCO_SEA_9867_10065_(u=5415, v=30, w=7) ➡️  t_(u=0, v=0, w=0)

🛩️ Aircraft N277AK path (27 nodes): s_(u=0, v=0, w=0) ➡️  N277AK_(u=0, v=0, w=1) ➡️  SEA_FAT_375_503_(u=113, v=1, w=1) ➡️  FAT_SEA_559_687_(u=221, v=2, w=1) ➡️  SEA_ANC_799_933_(u=399, v=3, w=1) ➡️  ANC_SEA_1660_1931_(u=590, v=4, w=2) ➡️  SEA_IAD_2038_2527_(u=862, v=5, w=2) ➡️  IAD_SEA_2584_2741_(u=1171, v=6, w=2) ➡️  SEA_IAH_2838_3229_(u=1403, v=7, w=2) ➡️  IAH_SEA_3299_3463_(u=1647, v=8, w=3) ➡️  SEA_DEN_3550_3770_(u=1783, v=9, w=3) ➡️  DEN_SEA_3827_3928_(u=1922, v=10, w=3) ➡️  SEA_PHX_4087_4345_(u=2058, v=11, w=3) ➡️  PHX_SEA_4706_4849_(u=2237, v=12, w=4) ➡️  SEA_DCA_4891_5368_(u=2508, v=13, w=4) ➡️  DCA_SEA_5437_5593_(u=2823, v=14, w=4) ➡️  SEA_DAL_6207_6549_(u=3022, v=15, w=5) ➡️  DAL_SEA_6619_6766_(u=3272, v=16, w=5) ➡️  SEA_STL_6837_7194_(u=3471, v=17, w=5) ➡️  STL_SEA_7614_7836_(u=3703, v=18, w=6) ➡️  SEA_DFW_7967_8313_(u=3901, v=19, w=6) ➡️  DFW_SEA_8423_8562_(u=4133, v=20, w=6) ➡️  SEA_ORD_8600_8957_(u=4341, v=21, w=6) ➡️  ORD_PDX_9026_9156_(u=4573, v=22, w=7) ➡️  PDX_SEA_9262_9310_(u=4605, v=23, w=7) ➡️  SEA_BOI_9372_9523_(u=4667, v=24, w=7) ➡️  BOI_SEA_9582_9616_(u=4741, v=25, w=7) ➡️  SEA_LIH_9718_9994_(u=5086, v=26, w=7) ➡️  LIH_SAN_10060_10521_(u=5405, v=27, w=7) ➡️  t_(u=0, v=0, w=0)

🛠️ Maintenance at node SEA_MSP_9120_9435 by aircraft N607AS | ρ=5; λ=-3; φ=0
🛠️ Maintenance at node ANC_JNU_6410_6511 by aircraft N317AS | ρ=1; λ=3; φ=0

Nombre de maintenances au total: 2.0
Stations de maintenance utilisées: Any["SEA", "ANC"]
Nombre de stations de maintenance utilisées: 2
