INSTANCE 196FL_7A_6
PREPROCESSING : false
-----------------------INSTANCE 196FL_7A_6--------------------------
Gurobi 12.0.2 (linux64) logging started Mon Nov 24 10:34:44 2025

Set parameter LogFile to value "RESULTS/A_MTN_2/FH_FC_MIN/result_196FL_7A_6_without_prep.txt"
Set parameter LogToConsole to value 0

Gurobi 12.0.2 (linux64) logging started Mon Nov 24 10:34:46 2025

Set parameter LogFile to value "RESULTS/A_MTN_2/FH_FC_MIN/result_196FL_7A_6_without_prep.txt"
Gurobi Optimizer version 12.0.2 build v12.0.2rc0 (linux64 - "AlmaLinux 9.6 (Sage Margay)")

CPU model: Intel(R) Xeon(R) 6972P, instruction set [SSE2|AVX|AVX2|AVX512]
Thread count: 192 physical cores, 192 logical processors, using up to 8 threads

Non-default parameters:
TimeLimit  7200
LogToConsole  0
Threads  8

Optimize a model with 5950 rows, 1752 columns and 80975 nonzeros
Model fingerprint: 0x03b900fa
Variable types: 510 continuous, 1242 integer (1142 binary)
Coefficient statistics:
  Matrix range     [1e+00, 6e+03]
  Objective range  [1e+00, 2e+01]
  Bounds range     [1e+00, 6e+03]
  RHS range        [1e+00, 6e+03]
Presolve removed 1769 rows and 651 columns
Presolve time: 0.10s
Presolved: 4181 rows, 1101 columns, 25587 nonzeros
Variable types: 229 continuous, 872 integer (803 binary)

Root relaxation: objective 0.000000e+00, 629 iterations, 0.02 seconds (0.02 work units)

    Nodes    |    Current Node    |     Objective Bounds      |     Work
 Expl Unexpl |  Obj  Depth IntInf | Incumbent    BestBd   Gap | It/Node Time

     0     0    0.00000    0   12          -    0.00000      -     -    0s
H    0     0                    1471.0000000    0.00000   100%     -    0s
     0     0    0.00000    0   15 1471.00000    0.00000   100%     -    0s
H    0     0                     292.0000000    0.00000   100%     -    0s
H    0     0                     238.0000000    0.00000   100%     -    0s
     0     0    0.00000    0    4  238.00000    0.00000   100%     -    0s
     0     0    0.00000    0    4  238.00000    0.00000   100%     -    0s
     0     0    0.00000    0    4  238.00000    0.00000   100%     -    0s
     0     0    0.00000    0    4  238.00000    0.00000   100%     -    0s
     0     2    0.00000    0    4  238.00000    0.00000   100%     -    0s
H  154   235                     141.0000000    0.00000   100%  39.9    0s
H 1371   709                     131.0000000    0.00000   100%  35.8    1s
* 4551  1812              48      63.0000000    0.00000   100%  39.4    4s
H 5324  1416                      61.0000000    0.00000   100%  42.7    4s
  5752  1438    0.00000   36   10   61.00000    0.00000   100%  46.9    5s
H10584  2002                      61.0000000    0.00000   100%  63.7    8s
 13826  2567    0.00000   47   42   61.00000    0.00000   100%  68.5   10s
H16039  2826                      61.0000000    0.00000   100%  71.4   12s
H16704  2611                      61.0000000    0.00000   100%  72.5   13s
H18472  2168                      61.0000000    0.00000   100%  74.8   14s
H18872  1990                      61.0000000    0.00000   100%  75.6   14s
 19661  1983 infeasible   56        61.00000    0.00000   100%  76.1   15s
H20268  1680                      61.0000000    0.00000   100%  76.5   15s
H25594  2313                      61.0000000    0.00000   100%  80.7   18s
 28063  2622   14.00000   53   24   61.00000    0.00000   100%  82.2   20s
H28810  2641                      61.0000000    0.00000   100%  82.6   20s
 37311  3436    0.00000   51   25   61.00000    0.00000   100%  86.3   25s
 44378  4274 infeasible   76        61.00000    0.00000   100%  85.4   32s
H47519  4569                      60.9999999    0.00000   100%  85.0   33s
 48510  4734 infeasible   64        61.00000    0.00000   100%  84.9   35s
H51088  4859                      60.9999999    0.00000   100%  84.7   35s
 61617  6071 infeasible   60        61.00000    0.00000   100%  82.8   40s
H70795  6891                      60.9999999    0.00000   100%  82.6   44s
 72292  7035   41.00000   79   22   61.00000    0.00000   100%  82.3   45s
H77937  7765                      60.9999999    0.00000   100%  81.2   47s
H79535  7975                      60.9999999    0.00000   100%  81.0   47s
 85700  8803 infeasible   70        61.00000    0.00000   100%  79.7   50s
H88122  9031                      60.9999999    0.00000   100%  79.4   51s
 96762 10043 infeasible   58        61.00000    0.00000   100%  78.9   55s
H99389 10236                      60.9999999    0.00000   100%  79.0   56s
H105512 10756                      60.9999999    0.00000   100%  79.0   58s
 108604 11112   31.00000   71   29   61.00000    0.00000   100%  79.1   60s
H111015 11314                      60.9999999    0.00000   100%  79.2   61s
H112447 11457                      60.9999999    0.00000   100%  79.3   62s
H114266 11879                      60.9999999    0.00000   100%  79.5   63s
 116516 12178 infeasible   58        61.00000    0.00000   100%  79.7   65s
H119493 12379                      60.9999999    0.00000   100%  80.1   66s
 125006 13111 infeasible   59        61.00000    0.00000   100%  80.9   70s
 133967 14169    0.00000   59   12   61.00000    0.00000   100%  81.7   75s
H135561 14340                      60.9999999    0.00000   100%  81.8   75s
H137589 14640                      60.9999999    0.00000   100%  81.8   76s
H139162 14800                      60.9999999    0.00000   100%  82.0   77s
H140470 14957                      60.9999999    0.00000   100%  82.0   78s
 143829 15289    0.00000   66   35   61.00000    0.00000   100%  82.1   80s
H150384 15682                      60.9999998    0.00000   100%  82.4   83s
 152668 15776    0.00000   69    8   61.00000    0.00000   100%  82.4   85s
 163327 16481     cutoff   74        61.00000    0.00000   100%  82.9   90s
 172135 17286    0.00000   49   10   61.00000    0.00000   100%  83.0   95s
 181932 17740 infeasible   68        61.00000    0.00000   100%  83.4  100s
H187845 17866                      60.9999998    0.00000   100%  84.0  103s
H189599 17856                      60.9999998    0.00000   100%  84.0  104s
 190682 17872    0.00000   59   10   61.00000    0.00000   100%  84.0  105s
 201095 18095    0.00000   68    8   61.00000    0.00000   100%  84.4  110s
 208513 18450 infeasible   67        61.00000    0.00000   100%  84.7  115s
H219803 19101                      60.9999998    0.00000   100%  84.7  119s
 219834 19127    0.00000   56   25   61.00000    0.00000   100%  84.7  120s
 229939 19770    0.00000   63   28   61.00000    0.00000   100%  84.9  125s
 238562 20238 infeasible   66        61.00000    0.00000   100%  85.1  130s
 248270 20810    0.00000   59    4   61.00000    0.00000   100%  85.3  135s
H248280 20879                      60.9999998    0.00000   100%  85.3  135s
 258094 21293 infeasible   80        61.00000    0.00000   100%  85.4  140s
 268102 21856    0.00000   69   24   61.00000    0.00000   100%  85.6  145s
 277896 22460    0.00000   68    6   61.00000    0.00000   100%  85.6  150s
 289689 23565 infeasible   69        61.00000    0.00000   100%  85.5  155s
H295015 23991                      60.9999998    0.00000   100%  85.5  158s
 299745 24476 infeasible   57        61.00000    0.00000   100%  85.4  160s
 310870 25151    0.00000   61   19   61.00000    0.00000   100%  85.2  165s
H312157 25214                      60.9999998    0.00000   100%  85.2  165s
 320895 25661 infeasible   49        61.00000    0.00000   100%  85.1  170s
 331326 25982 infeasible   73        61.00000    0.00000   100%  85.1  175s
 342002 26197    0.00000   50   14   61.00000    0.00000   100%  85.3  180s
H342018 26219                      60.9999998    0.00000   100%  85.3  180s
H349563 26808                      60.9999998    0.00000   100%  85.5  184s
 349751 26876    0.00000   63   29   61.00000    0.00000   100%  85.5  185s
 357550 27501    0.00000   59    6   61.00000    0.00000   100%  85.6  192s
 368970 27949    0.00000   65   33   61.00000    0.00000   100%  85.5  195s
 381043 29018     cutoff   67        61.00000    0.00000   100%  85.4  200s
 390697 29870 infeasible   64        61.00000    0.00000   100%  85.3  205s
 402358 30853 infeasible   68        61.00000    0.00000   100%  85.0  210s
 415014 31887    0.00000   59    7   61.00000    0.00000   100%  84.7  215s
 425748 32515    0.00000   56   23   61.00000    0.00000   100%  84.4  220s
 439081 33285 infeasible   48        61.00000    0.00000   100%  84.0  225s
H451378 33882                      60.9999998    0.00000   100%  83.6  229s
 451919 33887    0.00000   59    4   61.00000    0.00000   100%  83.6  230s
 462256 34365 infeasible   67        61.00000    0.00000   100%  83.3  235s
 473784 34825    0.00000   59    5   61.00000    0.00000   100%  83.3  240s
H483730 35363                      60.9999998    0.00000   100%  83.1  244s
 484766 35412    0.00000   54   30   61.00000    0.00000   100%  83.1  245s
 495739 35754    0.00000   59   17   61.00000    0.00000   100%  82.9  250s
 506773 36327 infeasible   63        61.00000    0.00000   100%  83.0  255s
 513256 36929 infeasible   58        61.00000    0.00000   100%  83.4  260s
 520879 37360 infeasible   61        61.00000    0.00000   100%  84.1  265s
 521843 37353 infeasible   59        61.00000    0.00000   100%  84.1  271s
 534931 37636 infeasible   58        61.00000    0.00000   100%  85.0  275s
 542020 38036 infeasible   59        61.00000    0.00000   100%  85.4  280s
 548456 38485 infeasible   62        61.00000    0.00000   100%  85.7  285s
 557558 38878    0.00000   59    8   61.00000    0.00000   100%  86.1  290s
 565170 39126    0.00000   68   11   61.00000    0.00000   100%  86.3  295s
 573557 39282   30.00000   70   23   61.00000    0.00000   100%  86.5  300s
 583175 39650   56.00000   63   31   61.00000    0.00000   100%  86.7  305s
 594096 40054    0.00000   58    8   61.00000    0.00000   100%  86.7  310s
 603034 40311    0.00000   69   28   61.00000    0.00000   100%  86.7  315s
 612354 40711   31.00000   69   20   61.00000    0.00000   100%  86.8  320s
 621383 41308    0.00000   68    1   61.00000    0.00000   100%  86.9  325s
 631048 42102 infeasible   58        61.00000    0.00000   100%  87.0  330s
 640488 42837 infeasible   58        61.00000    0.00000   100%  87.2  335s
 647815 43400 infeasible   65        61.00000    0.00000   100%  87.4  340s
 657238 44107    0.00000   52   27   61.00000    0.00000   100%  87.6  345s
 665466 44923    0.00000   74   39   61.00000    0.00000   100%  87.7  350s
 675502 45487    0.00000   49    3   61.00000    0.00000   100%  87.7  355s
H682822 45828                      60.9999998    0.00000   100%  87.9  359s
 683752 45892    0.00000   59   11   61.00000    0.00000   100%  87.9  360s
 692186 46351 infeasible   57        61.00000    0.00000   100%  88.0  365s
 701819 46979    0.00000   59   11   61.00000    0.00000   100%  88.1  370s
 710089 47521 infeasible   69        61.00000    0.00000   100%  88.2  375s
 720386 47999 infeasible   67        61.00000    0.00000   100%  88.3  380s
 728680 48430 infeasible   59        61.00000    0.00000   100%  88.3  385s
 738248 48905 infeasible   59        61.00000    0.00000   100%  88.4  390s
 746237 49273 infeasible   63        61.00000    0.00000   100%  88.6  395s
 752147 49516    0.00000   56   45   61.00000    0.00000   100%  88.8  400s
 760807 49750 infeasible   60        61.00000    0.00000   100%  89.2  405s
 768363 49960    0.00000   49   23   61.00000    0.00000   100%  89.4  410s
 776982 50460 infeasible   66        61.00000    0.00000   100%  89.5  415s
H786840 51024                      60.9999998    0.00000   100%  89.6  419s
 787053 51043    0.00000   57   27   61.00000    0.00000   100%  89.6  420s
H788072 51131                      60.9999998    0.00000   100%  89.6  420s
H789578 51274                      60.9999998    0.00000   100%  89.6  421s
 796973 51774 infeasible   57        61.00000    0.00000   100%  89.5  425s
 806453 52657 infeasible   60        61.00000    0.00000   100%  89.4  430s
 818704 54595 infeasible   77        61.00000    0.00000   100%  89.2  435s
 828111 55599     cutoff   75        61.00000    0.00000   100%  89.0  440s
 840296 56498 infeasible   57        61.00000    0.00000   100%  88.9  445s
 850561 57035    0.00000   64   20   61.00000    0.00000   100%  88.7  450s
 860963 57739    0.00000   58    3   61.00000    0.00000   100%  88.6  455s
H871248 58913                      60.9999998    0.00000   100%  88.3  459s
H871536 58957                      60.9999997    0.00000   100%  88.3  459s
 872518 59169     cutoff   69        61.00000    0.00000   100%  88.3  460s
 887026 60580    0.00000   60   19   61.00000    0.00000   100%  87.9  465s
 900974 61835    0.00000   59   11   61.00000    0.00000   100%  87.5  470s
 914332 62757   32.00000   59    1   61.00000    0.00000   100%  87.2  475s
 923810 63633    0.00000   59   20   61.00000    0.00000   100%  87.1  480s
 934332 64444    0.00000   57   37   61.00000    0.00000   100%  87.1  485s
 944836 65130     cutoff   69        61.00000    0.00000   100%  87.0  490s
 954421 65848 infeasible   65        61.00000    0.00000   100%  87.0  495s
 965341 66885   31.00000   59   31   61.00000    0.00000   100%  86.9  500s
 975346 67648 infeasible   71        61.00000    0.00000   100%  86.8  505s
 986935 68268 infeasible   58        61.00000    0.00000   100%  86.8  510s
 996222 68907    0.00000   53   12   61.00000    0.00000   100%  86.7  515s
 1008431 69567    0.00000   43   25   61.00000    0.00000   100%  86.6  520s
 1019077 70243    0.00000   62   18   61.00000    0.00000   100%  86.5  525s
 1028660 70714    0.00000   62   17   61.00000    0.00000   100%  86.5  530s
 1039506 71799 infeasible   45        61.00000    0.00000   100%  86.4  535s
 1048898 72662     cutoff   69        61.00000    0.00000   100%  86.5  540s
 1058595 73534    0.00000   58   10   61.00000    0.00000   100%  86.5  545s
 1068811 74121   41.00000   54   11   61.00000    0.00000   100%  86.5  550s
 1079913 74565    0.00000   60   10   61.00000    0.00000   100%  86.5  555s
 1090670 75012    0.00000   59   15   61.00000    0.00000   100%  86.4  560s
 1102922 75339   48.00000   67   22   61.00000    0.00000   100%  86.3  565s
H1105068 75388                      60.9999997    0.00000   100%  86.3  566s
 1112917 75724    0.00000   59    1   61.00000    0.00000   100%  86.2  570s
 1123807 76528 infeasible   58        61.00000    0.00000   100%  86.2  575s
 1134175 77268    0.00000   58    2   61.00000    0.00000   100%  86.1  580s
 1147691 77822    0.00000   62   17   61.00000    0.00000   100%  85.9  585s
 1158197 78176    0.00000   64   24   61.00000    0.00000   100%  85.8  590s
 1169317 78511 infeasible   68        61.00000    0.00000   100%  85.8  595s
 1178888 78989 infeasible   54        61.00000    0.00000   100%  85.7  600s
 1188438 79161 infeasible   58        61.00000    0.00000   100%  85.7  605s
 1199390 79764    0.00000   57   20   61.00000    0.00000   100%  85.7  610s
 1209477 80666    0.00000   66   36   61.00000    0.00000   100%  85.6  615s
 1219424 81340 infeasible   68        61.00000    0.00000   100%  85.6  620s
 1229639 81705 infeasible   69        61.00000    0.00000   100%  85.6  625s
 1240400 82414 infeasible   68        61.00000    0.00000   100%  85.5  630s
 1250340 83111    0.00000   62   17   61.00000    0.00000   100%  85.5  635s
 1258501 83442 infeasible   69        61.00000    0.00000   100%  85.6  640s
 1268187 83732 infeasible   71        61.00000    0.00000   100%  85.7  645s
 1276527 84058     cutoff   79        61.00000    0.00000   100%  85.7  650s
 1287938 84418    0.00000   66   37   61.00000    0.00000   100%  85.7  655s
 1295920 84555    0.00000   63   25   61.00000    0.00000   100%  85.8  660s
 1306279 84646    0.00000   67   29   61.00000    0.00000   100%  85.8  665s
 1316341 84916    0.00000   65   35   61.00000    0.00000   100%  85.8  670s
 1325086 85590 infeasible   68        61.00000    0.00000   100%  85.8  675s
 1334982 86242    0.00000   61   30   61.00000    0.00000   100%  85.8  680s
 1343749 86630 infeasible   65        61.00000    0.00000   100%  85.9  685s
 1351925 86990 infeasible   59        61.00000    0.00000   100%  85.9  690s
 1360646 87209 infeasible   59        61.00000    0.00000   100%  86.0  695s
 1370343 87393    0.00000   58   12   61.00000    0.00000   100%  86.1  700s
 1379554 87630    0.00000   67   32   61.00000    0.00000   100%  86.2  705s
 1387794 87896    0.00000   69   13   61.00000    0.00000   100%  86.2  710s
 1396013 88388 infeasible   66        61.00000    0.00000   100%  86.3  715s
H1399300 88498                      60.9999997    0.00000   100%  86.3  716s
H1400506 88532                      60.9999997    0.00000   100%  86.3  717s
 1406689 88861     cutoff   58        61.00000    0.00000   100%  86.3  720s
 1415947 89290 infeasible   57        61.00000    0.00000   100%  86.3  725s
 1423719 89433    0.00000   59    5   61.00000    0.00000   100%  86.4  730s
H1427591 89495                      60.9999997    0.00000   100%  86.4  731s
 1434308 89720 infeasible   69        61.00000    0.00000   100%  86.4  735s
 1442106 89979 infeasible   58        61.00000    0.00000   100%  86.4  740s
 1452780 90281   32.00000   64   41   61.00000    0.00000   100%  86.4  745s
 1461995 90706    0.00000   57   32   61.00000    0.00000   100%  86.5  750s
 1471143 91196    0.00000   69    9   61.00000    0.00000   100%  86.5  755s
 1482774 91946 infeasible   69        61.00000    0.00000   100%  86.4  760s
 1492541 92550    0.00000   59   16   61.00000    0.00000   100%  86.4  765s
 1504279 93250 infeasible   63        61.00000    0.00000   100%  86.3  770s
H1507183 93337                      60.9999997    0.00000   100%  86.3  771s
 1514537 94128    0.00000   65   29   61.00000    0.00000   100%  86.2  775s
 1527751 96077     cutoff   60        61.00000    0.00000   100%  86.0  780s
 1539495 97352    0.00000   55   20   61.00000    0.00000   100%  85.9  785s
H1546042 97767                      60.9999997    0.00000   100%  85.8  787s
H1547332 97827                      60.9999997    0.00000   100%  85.8  787s
 1551783 98211 infeasible   58        61.00000    0.00000   100%  85.7  790s
 1562128 98694 infeasible   69        61.00000    0.00000   100%  85.7  795s
 1574477 99428    0.00000   58    8   61.00000    0.00000   100%  85.6  800s
 1584585 99882    0.00000   69   24   61.00000    0.00000   100%  85.6  805s
 1592930 100214 infeasible   58        61.00000    0.00000   100%  85.6  810s
H1598728 100504                      60.9999997    0.00000   100%  85.7  813s
 1601543 100664 infeasible   68        61.00000    0.00000   100%  85.7  815s
H1604718 100804                      60.9999997    0.00000   100%  85.7  817s
 1609550 101189 infeasible   59        61.00000    0.00000   100%  85.7  820s
H1618283 101885                      60.9999997    0.00000   100%  85.7  824s
 1619779 102043    0.00000   59    5   61.00000    0.00000   100%  85.7  825s
 1629957 102579 infeasible   63        61.00000    0.00000   100%  85.7  830s
H1634332 102792                      60.9999997    0.00000   100%  85.7  832s
 1639666 103227   58.00000   59    5   61.00000    0.00000   100%  85.6  835s
H1646486 103941                      60.9999997    0.00000   100%  85.5  837s
 1652313 104663    0.00000   45   35   61.00000    0.00000   100%  85.5  840s
H1660721 105419                      60.9999997    0.00000   100%  85.4  843s
 1662833 105641    0.00000   57   25   61.00000    0.00000   100%  85.4  845s
H1670521 106087                      60.9999997    0.00000   100%  85.4  847s
H1673179 106338                      60.9999997    0.00000   100%  85.3  849s
 1673592 106437 infeasible   69        61.00000    0.00000   100%  85.3  850s
H1675353 106560                      60.9999996    0.00000   100%  85.3  850s
H1677923 106725                      60.9999996    0.00000   100%  85.3  852s
 1682916 106948 infeasible   54        61.00000    0.00000   100%  85.4  856s
 1690746 107216    0.00000   59   28   61.00000    0.00000   100%  85.4  860s
H1690781 107216                      60.9999996    0.00000   100%  85.4  860s
 1701382 108047    0.00000   51   25   61.00000    0.00000   100%  85.4  865s
 1709912 108671    0.00000   59    5   61.00000    0.00000   100%  85.4  870s
 1721700 109417 infeasible   59        61.00000    0.00000   100%  85.3  875s
 1733629 110103 infeasible   80        61.00000    0.00000   100%  85.3  880s
 1744323 110608    0.00000   48    6   61.00000    0.00000   100%  85.2  885s
 1753818 111078    0.00000   64   34   61.00000    0.00000   100%  85.2  890s
 1765805 111541   58.00000   76   17   61.00000    0.00000   100%  85.1  895s
 1776371 111861 infeasible   78        61.00000    0.00000   100%  85.0  900s
 1786919 112525    0.00000   67   40   61.00000    0.00000   100%  85.0  905s
 1796237 112861    0.00000   59    5   61.00000    0.00000   100%  85.0  910s
H1797373 112857                      60.9999996    0.00000   100%  85.0  910s
 1805889 113045    0.00000   68    3   61.00000    0.00000   100%  85.1  915s
 1813421 113131 infeasible   68        61.00000    0.00000   100%  85.1  920s
 1823679 113393   32.00000   57   35   61.00000    0.00000   100%  85.1  925s
 1834561 114264   58.00000   69   16   61.00000    0.00000   100%  85.1  930s
 1844632 114810 infeasible   70        61.00000    0.00000   100%  85.0  935s
H1844812 114810                      60.9999996    0.00000   100%  85.0  935s
 1856413 115375   31.00000   61   13   61.00000    0.00000   100%  85.0  940s
 1866949 115765    0.00000   68    6   61.00000    0.00000   100%  84.9  945s
 1878434 116338 infeasible   58        61.00000    0.00000   100%  84.9  950s
 1888159 117012 infeasible   69        61.00000    0.00000   100%  84.8  955s
 1902139 118177    0.00000   76   44   61.00000    0.00000   100%  84.7  960s
 1914049 119118 infeasible   70        61.00000    0.00000   100%  84.7  965s
 1924282 119788   42.00000   59    9   61.00000    0.00000   100%  84.6  970s
H1932041 120328                      60.9999996    0.00000   100%  84.6  974s
 1933339 120463 infeasible   64        61.00000    0.00000   100%  84.6  975s
 1945165 121155 infeasible   76        61.00000    0.00000   100%  84.6  980s
 1953035 121572    0.00000   59   16   61.00000    0.00000   100%  84.6  985s
 1964860 122950    0.00000   59   11   61.00000    0.00000   100%  84.6  990s
 1974967 124215    0.00000   69    4   61.00000    0.00000   100%  84.5  995s
 1987319 125680    0.00000   59   17   61.00000    0.00000   100%  84.4 1000s
 1999576 127478 infeasible   66        61.00000    0.00000   100%  84.3 1005s
 2014098 129548 infeasible   73        61.00000    0.00000   100%  84.1 1010s
 2028698 132074    0.00000   59   14   61.00000    0.00000   100%  83.9 1015s
 2041541 133894 infeasible   69        61.00000    0.00000   100%  83.7 1020s
 2055876 136197   41.00000   70   34   61.00000    0.00000   100%  83.5 1025s
 2071548 138126    0.00000   59    8   61.00000    0.00000   100%  83.3 1030s
 2084647 140298    0.00000   56   46   61.00000    0.00000   100%  83.2 1035s
H2090471 141130                      60.9999990    0.00000   100%  83.1 1037s
H2094716 141614                      60.9999990    0.00000   100%  83.1 1038s
H2096109 141853                      60.9999990    0.00000   100%  83.0 1039s
 2096443 141980 infeasible   73        61.00000    0.00000   100%  83.0 1040s
 2111218 143650 infeasible   69        61.00000    0.00000   100%  82.9 1045s
H2118131 144493                      60.9999990    0.00000   100%  82.8 1047s
 2124312 145452   41.00000   75   20   61.00000    0.00000   100%  82.8 1050s
 2136534 146959 infeasible   69        61.00000    0.00000   100%  82.6 1055s
 2151256 148853   41.00000   62    8   61.00000    0.00000   100%  82.5 1060s
 2165449 150158    0.00000   59   19   61.00000    0.00000   100%  82.3 1065s
H2167284 150267                      60.9999990    0.00000   100%  82.3 1065s
 2177416 151352 infeasible   69        61.00000    0.00000   100%  82.2 1070s
H2189762 152847                      60.9999990    0.00000   100%  82.1 1075s
 2202090 153898    0.00000   57   38   61.00000    0.00000   100%  82.1 1080s
 2213318 154820    0.00000   60   23   61.00000    0.00000   100%  82.0 1085s
 2226486 156104   42.00000   61   16   61.00000    0.00000   100%  81.9 1090s
 2237091 157106 infeasible   69        61.00000    0.00000   100%  81.9 1095s
H2247988 158423                      60.9999990    0.00000   100%  81.8 1099s
 2247989 158463    0.00000   60    9   61.00000    0.00000   100%  81.8 1100s
 2261228 160530    0.00000   62   26   61.00000    0.00000   100%  81.7 1105s
 2274171 162364 infeasible   69        61.00000    0.00000   100%  81.6 1110s
 2287080 164068    0.00000   59   12   61.00000    0.00000   100%  81.5 1115s
 2297962 165259    0.00000   56   32   61.00000    0.00000   100%  81.5 1120s
 2309553 166324 infeasible   72        61.00000    0.00000   100%  81.5 1125s
 2318169 166682 infeasible   59        61.00000    0.00000   100%  81.5 1130s
 2327238 166865 infeasible   63        61.00000    0.00000   100%  81.5 1135s
 2336332 167177    0.00000   64   23   61.00000    0.00000   100%  81.6 1140s
 2344844 167223 infeasible   70        61.00000    0.00000   100%  81.6 1145s
H2344910 167223                      60.9999990    0.00000   100%  81.6 1145s
 2354128 167346    0.00000   60   19   61.00000    0.00000   100%  81.6 1150s
 2362797 167411 infeasible   58        61.00000    0.00000   100%  81.7 1155s
 2369702 167450    0.00000   69   14   61.00000    0.00000   100%  81.7 1160s
 2380717 167717   48.00000   69   24   61.00000    0.00000   100%  81.8 1165s
 2388309 167879 infeasible   71        61.00000    0.00000   100%  81.8 1170s
 2398180 168072 infeasible   68        61.00000    0.00000   100%  81.9 1175s
 2406285 168360   58.00000   72   23   61.00000    0.00000   100%  81.9 1180s
 2415947 168818    0.00000   59   17   61.00000    0.00000   100%  82.0 1185s
H2418766 168898                      60.9999990    0.00000   100%  82.0 1187s
 2423820 169090    0.00000   59   20   61.00000    0.00000   100%  82.0 1190s
 2434213 169332 infeasible   73        61.00000    0.00000   100%  82.1 1195s
 2442355 169479 infeasible   67        61.00000    0.00000   100%  82.1 1200s
 2453093 169843    0.00000   67   40   61.00000    0.00000   100%  82.1 1205s
H2456892 169937                      60.9999990    0.00000   100%  82.1 1206s
 2462530 170077    0.00000   57   25   61.00000    0.00000   100%  82.1 1210s
H2466623 170089                      60.9999990    0.00000   100%  82.2 1212s
 2470223 170134 infeasible   62        61.00000    0.00000   100%  82.2 1215s
H2480245 170534                      60.9999989    0.00000   100%  82.2 1219s
 2480351 170548    0.00000   62   27   61.00000    0.00000   100%  82.2 1220s
 2490013 171090 infeasible   60        61.00000    0.00000   100%  82.2 1225s
 2498697 171406    0.00000   59   20   61.00000    0.00000   100%  82.2 1230s
 2508600 171834    0.00000   68   10   61.00000    0.00000   100%  82.3 1235s
 2516946 172216 infeasible   59        61.00000    0.00000   100%  82.3 1240s
 2527204 172901 infeasible   70        61.00000    0.00000   100%  82.3 1245s
 2536276 173562    0.00000   49    8   61.00000    0.00000   100%  82.3 1250s
 2547335 174220    0.00000   62   38   61.00000    0.00000   100%  82.4 1255s
 2556024 174777    0.00000   65   34   61.00000    0.00000   100%  82.3 1260s
 2566530 175407    0.00000   50   13   61.00000    0.00000   100%  82.4 1265s
 2575768 175790    0.00000   60   19   61.00000    0.00000   100%  82.4 1270s
 2585503 176341    0.00000   67   38   61.00000    0.00000   100%  82.4 1275s
 2595710 176787    0.00000   59   19   61.00000    0.00000   100%  82.4 1280s
 2603669 177031    0.00000   45   29   61.00000    0.00000   100%  82.5 1285s
 2613343 177307    0.00000   51    4   61.00000    0.00000   100%  82.5 1290s
H2615217 174327                      60.0000000    0.00000   100%  82.5 1291s
 2621765 174808 infeasible   59        60.00000    0.00000   100%  82.5 1295s
 2631449 175811 infeasible   69        60.00000    0.00000   100%  82.6 1300s
 2639872 176225 infeasible   59        60.00000    0.00000   100%  82.6 1305s
 2650211 176522 infeasible   67        60.00000    0.00000   100%  82.6 1310s
 2660514 176712    0.00000   59   10   60.00000    0.00000   100%  82.6 1315s
 2668892 176954 infeasible   69        60.00000    0.00000   100%  82.6 1320s
 2679299 177548    0.00000   57   34   60.00000    0.00000   100%  82.7 1325s
 2689092 177877   32.00000   61   28   60.00000    0.00000   100%  82.7 1330s
 2697550 178410    0.00000   54   43   60.00000    0.00000   100%  82.7 1339s
 2705550 178541 infeasible   59        60.00000    0.00000   100%  82.7 1340s
 2713394 178904    0.00000   59    5   60.00000    0.00000   100%  82.7 1345s
 2723067 179605    0.00000   69    8   60.00000    0.00000   100%  82.8 1350s
H2724862 179698                      60.0000000    0.00000   100%  82.8 1350s
 2733133 180119    0.00000   59   15   60.00000    0.00000   100%  82.8 1355s
 2741822 180671    0.00000   58   13   60.00000    0.00000   100%  82.8 1360s
 2753811 181176 infeasible   68        60.00000    0.00000   100%  82.8 1365s
 2762517 181429 infeasible   61        60.00000    0.00000   100%  82.8 1370s
 2772884 181831 infeasible   68        60.00000    0.00000   100%  82.8 1375s
 2781905 182159 infeasible   70        60.00000    0.00000   100%  82.8 1380s
 2791152 182305    0.00000   59    4   60.00000    0.00000   100%  82.8 1385s
 2801064 182499 infeasible   69        60.00000    0.00000   100%  82.8 1390s
 2811858 182850 infeasible   49        60.00000    0.00000   100%  82.9 1395s
 2820447 183367    0.00000   57   35   60.00000    0.00000   100%  82.9 1400s
 2829232 183623   32.00000   62   25   60.00000    0.00000   100%  82.9 1405s
 2839061 184038    0.00000   59    5   60.00000    0.00000   100%  83.0 1410s
 2849325 184705    0.00000   60   16   60.00000    0.00000   100%  82.9 1415s
 2862412 185606    0.00000   56   38   60.00000    0.00000   100%  82.9 1420s
 2873917 186291 infeasible   60        60.00000    0.00000   100%  82.8 1425s
H2873918 186291                      60.0000000    0.00000   100%  82.8 1425s
H2877172 186481                      60.0000000    0.00000   100%  82.8 1426s
 2883107 186966   41.00000   59   19   60.00000    0.00000   100%  82.8 1430s
 2893453 187580    0.00000   65   26   60.00000    0.00000   100%  82.8 1435s
 2904434 188589 infeasible   68        60.00000    0.00000   100%  82.8 1440s
H2915155 152679                      51.0000000    0.00000   100%  82.7 1444s
 2915216 152740 infeasible   57        51.00000    0.00000   100%  82.7 1445s
 2926501 153296    0.00000   68    5   51.00000    0.00000   100%  82.7 1450s
 2935705 153486    0.00000   69   19   51.00000    0.00000   100%  82.8 1455s
 2945334 153898    0.00000   67   49   51.00000    0.00000   100%  82.8 1460s
 2955447 154216    0.00000   67   42   51.00000    0.00000   100%  82.8 1465s
 2964079 154593    0.00000   60   25   51.00000    0.00000   100%  82.8 1470s
 2975280 155182   41.00000   54   33   51.00000    0.00000   100%  82.8 1475s
 2985409 155890 infeasible   67        51.00000    0.00000   100%  82.8 1480s
 2996379 156598 infeasible   68        51.00000    0.00000   100%  82.8 1485s
 3006413 157077 infeasible   66        51.00000    0.00000   100%  82.8 1490s
 3016934 157734    0.00000   59   14   51.00000    0.00000   100%  82.8 1495s
 3028472 158538   49.00000   66   30   51.00000    0.00000   100%  82.7 1500s
 3037842 159114    0.00000   59    8   51.00000    0.00000   100%  82.7 1505s
 3047825 159486    0.00000   69   12   51.00000    0.00000   100%  82.7 1510s
 3056131 159930    0.00000   61   23   51.00000    0.00000   100%  82.8 1515s
 3065640 160296 infeasible   59        51.00000    0.00000   100%  82.8 1520s
 3072692 160608 infeasible   65        51.00000    0.00000   100%  82.9 1525s
 3081450 161173   41.00000   65   29   51.00000    0.00000   100%  82.9 1530s
 3090558 161369    0.00000   55   33   51.00000    0.00000   100%  83.0 1535s
 3098422 161571 infeasible   63        51.00000    0.00000   100%  83.0 1540s
H3102806 161662                      50.9999800    0.00000   100%  83.1 1543s
 3105801 161660    0.00000   58    6   50.99998    0.00000   100%  83.1 1545s
 3115933 162231 infeasible   69        50.99998    0.00000   100%  83.1 1550s
 3124567 162604 infeasible   68        50.99998    0.00000   100%  83.2 1555s
 3134168 162890    0.00000   55   41   50.99998    0.00000   100%  83.2 1560s
 3141475 163117    0.00000   52   30   50.99998    0.00000   100%  83.2 1565s
 3150322 163429    0.00000   64   28   50.99998    0.00000   100%  83.3 1570s
 3159959 163667    0.00000   69   12   50.99998    0.00000   100%  83.3 1575s
 3167746 163810    0.00000   63   16   50.99998    0.00000   100%  83.4 1580s
 3172880 163853    0.00000   65   26   50.99998    0.00000   100%  83.4 1586s
 3183159 164040 infeasible   59        50.99998    0.00000   100%  83.5 1590s
 3193342 164449    0.00000   59   11   50.99998    0.00000   100%  83.5 1595s
 3202731 164731 infeasible   67        50.99998    0.00000   100%  83.5 1600s
 3211501 164987    0.00000   59    5   50.99998    0.00000   100%  83.6 1605s
 3221733 165201    0.00000   47   27   50.99998    0.00000   100%  83.6 1610s
 3233073 165846    0.00000   58    4   50.99998    0.00000   100%  83.6 1615s
 3244027 166821    0.00000   58    7   50.99998    0.00000   100%  83.5 1620s
 3253141 167532    0.00000   57   37   50.99998    0.00000   100%  83.5 1625s
 3261507 167935     cutoff   78        50.99998    0.00000   100%  83.6 1630s
 3271856 168464 infeasible   70        50.99998    0.00000   100%  83.6 1635s
 3282313 168944 infeasible   61        50.99998    0.00000   100%  83.6 1640s
 3289853 169271    0.00000   55   40   50.99998    0.00000   100%  83.6 1645s
 3301036 169570    0.00000   59    8   50.99998    0.00000   100%  83.6 1650s
 3309583 169914    0.00000   61   14   50.99998    0.00000   100%  83.7 1655s
 3318560 170109    0.00000   69   14   50.99998    0.00000   100%  83.7 1660s
 3328238 170472    0.00000   66   30   50.99998    0.00000   100%  83.7 1665s
 3339502 171011 infeasible   60        50.99998    0.00000   100%  83.7 1670s
 3347775 171652    0.00000   59    5   50.99998    0.00000   100%  83.7 1675s
 3359044 172487    0.00000   52   16   50.99998    0.00000   100%  83.7 1680s
 3368403 172688    0.00000   56   36   50.99998    0.00000   100%  83.7 1685s
 3376729 172970    0.00000   59    5   50.99998    0.00000   100%  83.8 1690s
 3385792 173387    0.00000   68    5   50.99998    0.00000   100%  83.8 1695s
 3394976 173589 infeasible   58        50.99998    0.00000   100%  83.8 1700s
 3407338 173911    0.00000   65   37   50.99998    0.00000   100%  83.8 1705s
 3417503 174480    0.00000   60    5   50.99998    0.00000   100%  83.7 1710s
 3428450 175023    0.00000   68    8   50.99998    0.00000   100%  83.7 1715s
 3436667 175412 infeasible   61        50.99998    0.00000   100%  83.7 1720s
 3447305 175835    0.00000   60   10   50.99998    0.00000   100%  83.8 1725s
 3456925 176224     cutoff   59        50.99998    0.00000   100%  83.8 1730s
 3466663 176651 infeasible   63        50.99998    0.00000   100%  83.8 1735s
 3474549 176774 infeasible   64        50.99998    0.00000   100%  83.8 1740s
 3484722 176990    0.00000   63   17   50.99998    0.00000   100%  83.8 1745s
 3493742 177321 infeasible   67        50.99998    0.00000   100%  83.8 1750s
 3503859 177559 infeasible   59        50.99998    0.00000   100%  83.9 1755s
 3511805 177757    0.00000   65   26   50.99998    0.00000   100%  83.9 1760s
 3520627 177757    0.00000   68    8   50.99998    0.00000   100%  83.9 1765s
 3529779 177852    0.00000   57   32   50.99998    0.00000   100%  83.9 1770s
 3537963 177966    0.00000   44   29   50.99998    0.00000   100%  83.9 1775s
 3547269 178301    0.00000   60   20   50.99998    0.00000   100%  84.0 1780s
 3555050 178608     cutoff   59        50.99998    0.00000   100%  84.0 1785s
 3561904 178805    0.00000   64   40   50.99998    0.00000   100%  84.1 1790s
 3572272 179076     cutoff   59        50.99998    0.00000   100%  84.1 1795s
 3580510 179390   48.00000   59   21   50.99998    0.00000   100%  84.1 1800s
 3591272 179969    0.00000   57   28   50.99998    0.00000   100%  84.2 1805s
 3602290 180335 infeasible   56        50.99998    0.00000   100%  84.2 1810s
 3611652 180734    0.00000   70   31   50.99998    0.00000   100%  84.2 1815s
 3621596 181386    0.00000   59    6   50.99998    0.00000   100%  84.2 1820s
 3630680 181779    0.00000   56   39   50.99998    0.00000   100%  84.2 1825s
 3639600 182474   48.00000   69   12   50.99998    0.00000   100%  84.2 1830s
 3649552 183366 infeasible   60        50.99998    0.00000   100%  84.2 1835s
 3660780 184157    0.00000   50   17   50.99998    0.00000   100%  84.2 1840s
 3671486 185207 infeasible   62        50.99998    0.00000   100%  84.1 1845s
 3683122 185942 infeasible   61        50.99998    0.00000   100%  84.1 1850s
 3690580 186719    0.00000   55   38   50.99998    0.00000   100%  84.2 1855s
 3698445 187517    0.00000   49    9   50.99998    0.00000   100%  84.2 1860s
 3705932 188085 infeasible   58        50.99998    0.00000   100%  84.3 1865s
 3714007 188454 infeasible   59        50.99998    0.00000   100%  84.3 1870s
 3721429 188767    0.00000   60   24   50.99998    0.00000   100%  84.4 1875s
 3729771 189178   42.00000   59   15   50.99998    0.00000   100%  84.4 1880s
 3738229 189580 infeasible   59        50.99998    0.00000   100%  84.5 1885s
 3746196 189848    0.00000   60   20   50.99998    0.00000   100%  84.5 1890s
 3755053 190193    0.00000   67   31   50.99998    0.00000   100%  84.5 1895s
 3762471 190298    0.00000   61   26   50.99998    0.00000   100%  84.6 1900s
 3772091 190453    0.00000   69    6   50.99998    0.00000   100%  84.6 1905s
 3779430 190559 infeasible   66        50.99998    0.00000   100%  84.7 1910s
 3786063 190566    0.00000   59    5   50.99998    0.00000   100%  84.7 1915s
 3795337 190645    0.00000   58    2   50.99998    0.00000   100%  84.8 1920s
 3803510 190783    0.00000   58    3   50.99998    0.00000   100%  84.8 1925s
 3812568 190904 infeasible   59        50.99998    0.00000   100%  84.8 1930s
 3822152 191275 infeasible   59        50.99998    0.00000   100%  84.9 1935s
 3829043 191586    0.00000   59   11   50.99998    0.00000   100%  84.9 1940s
 3838642 191866    0.00000   49    4   50.99998    0.00000   100%  84.9 1945s
 3847103 192212 infeasible   53        50.99998    0.00000   100%  85.0 1950s
 3857689 192536    0.00000   59   18   50.99998    0.00000   100%  85.0 1955s
 3865471 192708 infeasible   59        50.99998    0.00000   100%  85.0 1960s
 3874645 193131    0.00000   58    4   50.99998    0.00000   100%  85.0 1965s
 3882972 193478     cutoff   67        50.99998    0.00000   100%  85.1 1970s
 3892498 193792     cutoff   58        50.99998    0.00000   100%  85.1 1975s
 3900588 194082   32.00000   58   41   50.99998    0.00000   100%  85.1 1980s
 3909859 194374    0.00000   51   30   50.99998    0.00000   100%  85.1 1985s
 3917785 194590    0.00000   58    7   50.99998    0.00000   100%  85.2 1990s
 3926632 194815    0.00000   68   17   50.99998    0.00000   100%  85.2 1995s
 3935871 194942    0.00000   59    7   50.99998    0.00000   100%  85.2 2000s
 3945110 195131 infeasible   59        50.99998    0.00000   100%  85.3 2005s
 3954250 195655 infeasible   69        50.99998    0.00000   100%  85.3 2010s
 3963264 196289    0.00000   59    9   50.99998    0.00000   100%  85.3 2015s
 3974599 196940 infeasible   58        50.99998    0.00000   100%  85.3 2020s
 3983726 197363     cutoff   62        50.99998    0.00000   100%  85.3 2025s
 3993245 197610 infeasible   59        50.99998    0.00000   100%  85.3 2030s
 4002509 197799 infeasible   61        50.99998    0.00000   100%  85.3 2035s
 4011586 198046 infeasible   66        50.99998    0.00000   100%  85.4 2040s
 4019834 198303    0.00000   78    6   50.99998    0.00000   100%  85.4 2045s
 4028435 198658 infeasible   61        50.99998    0.00000   100%  85.4 2050s
 4037180 198750 infeasible   66        50.99998    0.00000   100%  85.4 2055s
 4046503 198841 infeasible   67        50.99998    0.00000   100%  85.5 2060s
 4054803 198892 infeasible   49        50.99998    0.00000   100%  85.5 2065s
 4064522 198832 infeasible   59        50.99998    0.00000   100%  85.5 2070s
 4071567 198968    0.00000   59   16   50.99998    0.00000   100%  85.5 2075s
 4080006 198987   32.00000   59   36   50.99998    0.00000   100%  85.6 2080s
 4085791 198975 infeasible   59        50.99998    0.00000   100%  85.7 2085s
 4093022 198950     cutoff   68        50.99998    0.00000   100%  85.7 2090s
 4100020 199030 infeasible   58        50.99998    0.00000   100%  85.8 2095s
 4106501 199023    0.00000   56   39   50.99998    0.00000   100%  85.9 2100s
 4113082 199259    0.00000   47   46   50.99998    0.00000   100%  85.9 2106s
 4120689 199345    0.00000   59    2   50.99998    0.00000   100%  86.0 2110s
 4127156 199382    0.00000   44   18   50.99998    0.00000   100%  86.1 2115s
 4134343 199344 infeasible   59        50.99998    0.00000   100%  86.1 2120s
 4140355 199401 infeasible   57        50.99998    0.00000   100%  86.2 2125s
 4148380 199441    0.00000   52   26   50.99998    0.00000   100%  86.3 2130s
 4156193 199516 infeasible   58        50.99998    0.00000   100%  86.3 2135s
 4164322 199671   32.00000   59   22   50.99998    0.00000   100%  86.3 2140s
 4172158 199739 infeasible   54        50.99998    0.00000   100%  86.4 2145s
 4180639 199650 infeasible   58        50.99998    0.00000   100%  86.4 2150s
 4188028 199727 infeasible   58        50.99998    0.00000   100%  86.5 2155s
 4196406 199705    0.00000   58    4   50.99998    0.00000   100%  86.5 2160s
 4204101 199850 infeasible   59        50.99998    0.00000   100%  86.5 2165s
 4212733 199834 infeasible   58        50.99998    0.00000   100%  86.6 2170s
 4219210 199909    0.00000   59    9   50.99998    0.00000   100%  86.6 2175s
 4228338 199997    0.00000   68    4   50.99998    0.00000   100%  86.7 2180s
 4236289 199958     cutoff   59        50.99998    0.00000   100%  86.7 2185s
 4244317 199991    0.00000   58   10   50.99998    0.00000   100%  86.7 2190s
 4253826 200553    0.00000   54   25   50.99998    0.00000   100%  86.7 2195s
 4261604 201465   41.00000   68   40   50.99998    0.00000   100%  86.8 2200s
 4272125 202488   48.00000   67   31   50.99998    0.00000   100%  86.8 2205s
 4281673 203139   48.00000   69   20   50.99998    0.00000   100%  86.8 2210s
 4290795 203544    0.00000   59    5   50.99998    0.00000   100%  86.8 2215s
 4301629 204262    0.00000   59   11   50.99998    0.00000   100%  86.8 2220s
 4312083 205033 infeasible   67        50.99998    0.00000   100%  86.8 2225s
H4316550 205327                      50.9999764    0.00000   100%  86.8 2226s
 4323652 206004    0.00000   59   16   50.99998    0.00000   100%  86.8 2230s
H4329051 206331                      50.9999528    0.00000   100%  86.8 2233s
 4332596 206625    0.00000   59   12   50.99995    0.00000   100%  86.8 2235s
 4342659 207133    0.00000   58   13   50.99995    0.00000   100%  86.8 2240s
 4352548 207724   48.00000   77   18   50.99995    0.00000   100%  86.9 2245s
 4362343 208081   41.23108   63   28   50.99995    0.00000   100%  86.9 2250s
 4370428 208316 infeasible   59        50.99995    0.00000   100%  86.9 2255s
 4380664 208605   49.00000   63   43   50.99995    0.00000   100%  86.9 2260s
 4389796 208934 infeasible   65        50.99995    0.00000   100%  86.9 2265s
 4397913 209222 infeasible   58        50.99995    0.00000   100%  86.9 2270s
 4408619 209670 infeasible   67        50.99995    0.00000   100%  86.9 2275s
 4418228 210341    0.00000   65   33   50.99995    0.00000   100%  87.0 2280s
 4429447 211331 infeasible   69        50.99995    0.00000   100%  86.9 2285s
 4440368 211915 infeasible   59        50.99995    0.00000   100%  86.9 2290s
 4450908 212767    0.00000   55   40   50.99995    0.00000   100%  86.9 2295s
 4461762 213794 infeasible   58        50.99995    0.00000   100%  86.9 2300s
 4471581 214431    0.00000   57   45   50.99995    0.00000   100%  86.9 2305s
 4480764 214970    0.00000   59   11   50.99995    0.00000   100%  86.9 2310s
 4489879 215278    0.00000   58   14   50.99995    0.00000   100%  87.0 2315s
 4500883 215867    0.00000   58    3   50.99995    0.00000   100%  87.0 2320s
 4508738 216297   48.00000   62   29   50.99995    0.00000   100%  87.0 2325s
 4519106 216792    0.00000   68    5   50.99995    0.00000   100%  87.0 2330s
 4527189 217045 infeasible   62        50.99995    0.00000   100%  87.1 2335s
 4536108 217237 infeasible   70        50.99995    0.00000   100%  87.1 2340s
 4545003 217412 infeasible   61        50.99995    0.00000   100%  87.1 2345s
 4552856 217566 infeasible   59        50.99995    0.00000   100%  87.1 2350s
 4563100 217599    0.00000   59   17   50.99995    0.00000   100%  87.2 2355s
 4572550 217772    0.00000   64   33   50.99995    0.00000   100%  87.2 2360s
 4581197 218029 infeasible   58        50.99995    0.00000   100%  87.2 2365s
 4589102 218274    0.00000   59   26   50.99995    0.00000   100%  87.2 2370s
 4598950 218738    0.00000   62   19   50.99995    0.00000   100%  87.2 2375s
 4608427 219120 infeasible   56        50.99995    0.00000   100%  87.2 2380s
 4619627 219686 infeasible   59        50.99995    0.00000   100%  87.2 2385s
 4629323 220130    0.00000   58    5   50.99995    0.00000   100%  87.3 2390s
 4638631 220508 infeasible   68        50.99995    0.00000   100%  87.2 2395s
 4649942 220879 infeasible   68        50.99995    0.00000   100%  87.3 2400s
 4659037 221392     cutoff   69        50.99995    0.00000   100%  87.2 2405s
 4669449 221620 infeasible   71        50.99995    0.00000   100%  87.2 2410s
 4680270 221689    0.00000   80   16   50.99995    0.00000   100%  87.2 2415s
 4690183 221749    0.00000   68    5   50.99995    0.00000   100%  87.2 2420s
 4702510 221952    0.00000   64   35   50.99995    0.00000   100%  87.2 2425s
 4714110 222074 infeasible   78        50.99995    0.00000   100%  87.1 2430s
 4726304 221959     cutoff   68        50.99995    0.00000   100%  87.1 2435s
 4736559 221965    0.00000   66   21   50.99995    0.00000   100%  87.0 2440s
 4749514 222021     cutoff   69        50.99995    0.00000   100%  87.0 2445s
 4760381 222082    0.00000   62   23   50.99995    0.00000   100%  87.0 2450s
 4773955 222161     cutoff   66        50.99995    0.00000   100%  86.9 2455s
 4783380 222226 infeasible   67        50.99995    0.00000   100%  86.9 2460s
 4795924 222315    0.00000   57   43   50.99995    0.00000   100%  86.8 2465s
 4805602 222441    0.00000   68    4   50.99995    0.00000   100%  86.8 2470s
 4815790 222759    0.00000   53    8   50.99995    0.00000   100%  86.8 2475s
 4823545 222943 infeasible   67        50.99995    0.00000   100%  86.9 2480s
 4832606 223009 infeasible   65        50.99995    0.00000   100%  86.9 2485s
 4840743 223102 infeasible   69        50.99995    0.00000   100%  86.9 2490s
 4847464 222999 infeasible   68        50.99995    0.00000   100%  87.0 2495s
 4856858 222966 infeasible   68        50.99995    0.00000   100%  87.0 2500s
 4865852 222912    0.00000   56   28   50.99995    0.00000   100%  87.0 2505s
 4875350 222841 infeasible   59        50.99995    0.00000   100%  87.0 2510s
 4883625 222783    0.00000   67   21   50.99995    0.00000   100%  87.0 2515s
 4891967 222727     cutoff   70        50.99995    0.00000   100%  87.1 2520s
 4900984 222863    0.00000   64   25   50.99995    0.00000   100%  87.1 2525s
 4911015 223000 infeasible   66        50.99995    0.00000   100%  87.1 2530s
 4918522 223041 infeasible   66        50.99995    0.00000   100%  87.1 2535s
 4927942 223096 infeasible   62        50.99995    0.00000   100%  87.2 2540s
 4935549 223056 infeasible   68        50.99995    0.00000   100%  87.2 2545s
 4943980 223094    0.00000   58    6   50.99995    0.00000   100%  87.2 2550s
 4954424 223123     cutoff   67        50.99995    0.00000   100%  87.2 2555s
 4964195 223287   31.00000   61   25   50.99995    0.00000   100%  87.2 2560s
 4973074 223671     cutoff   69        50.99995    0.00000   100%  87.2 2565s
 4981414 223896     cutoff   59        50.99995    0.00000   100%  87.3 2570s
 4989807 223898    0.00000   64   31   50.99995    0.00000   100%  87.3 2575s
 4998185 224079    0.00000   53   32   50.99995    0.00000   100%  87.3 2580s
 5006659 224111    0.00000   58    7   50.99995    0.00000   100%  87.3 2585s
 5014301 224245    0.00000   52   27   50.99995    0.00000   100%  87.4 2591s
 5023953 224402 infeasible   62        50.99995    0.00000   100%  87.4 2595s
 5031970 224519    0.00000   73   33   50.99995    0.00000   100%  87.4 2600s
 5041563 224999    0.00000   59   11   50.99995    0.00000   100%  87.4 2605s
 5051039 225661    0.00000   68    1   50.99995    0.00000   100%  87.4 2610s
 5062553 226209 infeasible   59        50.99995    0.00000   100%  87.4 2615s
 5073773 226850 infeasible   63        50.99995    0.00000   100%  87.4 2621s
 5085002 227289    0.00000   57   35   50.99995    0.00000   100%  87.4 2625s
 5088547 227607    0.00000   64   32   50.99995    0.00000   100%  87.4 2630s
 5103666 228065 infeasible   65        50.99995    0.00000   100%  87.4 2635s
 5112307 228477    0.00000   59   13   50.99995    0.00000   100%  87.4 2640s
 5121564 228962    0.00000   59   14   50.99995    0.00000   100%  87.5 2645s
 5130588 229279 infeasible   59        50.99995    0.00000   100%  87.5 2650s
 5138932 229499    0.00000   57   36   50.99995    0.00000   100%  87.5 2655s
 5147738 229594    0.00000   59    3   50.99995    0.00000   100%  87.5 2660s
 5155272 229747    0.00000   59   10   50.99995    0.00000   100%  87.5 2665s
 5164771 229779 infeasible   59        50.99995    0.00000   100%  87.6 2670s
 5173297 229810    0.00000   67   42   50.99995    0.00000   100%  87.6 2675s
 5183081 229732 infeasible   58        50.99995    0.00000   100%  87.6 2680s
 5191421 229839 infeasible   60        50.99995    0.00000   100%  87.6 2685s
 5201088 229927 infeasible   59        50.99995    0.00000   100%  87.6 2690s
 5209255 229842 infeasible   68        50.99995    0.00000   100%  87.6 2695s
 5219088 229755 infeasible   58        50.99995    0.00000   100%  87.7 2700s
 5228641 229808 infeasible   59        50.99995    0.00000   100%  87.7 2705s
H5232299 229787                      50.9737779    0.00000   100%  87.7 2707s
 5236565 229796 infeasible   65        50.97378    0.00000   100%  87.7 2710s
 5244589 229828 infeasible   59        50.97378    0.00000   100%  87.7 2715s
 5254457 229727    0.00000   59    9   50.97378    0.00000   100%  87.7 2720s
 5263741 229769    0.00000   59    9   50.97378    0.00000   100%  87.8 2725s
 5271735 229751    0.00000   62   23   50.97378    0.00000   100%  87.8 2730s
 5281421 229781 infeasible   61        50.97378    0.00000   100%  87.8 2735s
 5289826 229787 infeasible   59        50.97378    0.00000   100%  87.8 2740s
 5298968 229724    0.00000   48    7   50.97378    0.00000   100%  87.8 2745s
 5308342 229659    0.00000   62   20   50.97378    0.00000   100%  87.8 2750s
 5316115 229607    0.00000   58    9   50.97378    0.00000   100%  87.9 2755s
 5326585 229622 infeasible   68        50.97378    0.00000   100%  87.9 2760s
 5334169 229678    0.00000   59   14   50.97378    0.00000   100%  87.9 2765s
 5343338 229672 infeasible   59        50.97378    0.00000   100%  87.9 2770s
 5351635 229653    0.00000   58   10   50.97378    0.00000   100%  87.9 2775s
 5359764 229653 infeasible   59        50.97378    0.00000   100%  88.0 2780s
 5369382 229931    0.00000   59    8   50.97378    0.00000   100%  88.0 2785s
 5376824 229873    0.00000   57   25   50.97378    0.00000   100%  88.0 2795s
 5391190 229981    0.00000   53   39   50.97378    0.00000   100%  88.1 2800s
 5399537 229953    0.00000   59    9   50.97378    0.00000   100%  88.1 2805s
 5408769 230021    0.00000   59    8   50.97378    0.00000   100%  88.2 2810s
 5417040 230294    0.00000   59    6   50.97378    0.00000   100%  88.2 2815s
 5426047 230341    0.00000   66   29   50.97378    0.00000   100%  88.2 2820s
 5435359 230469   32.00000   66   21   50.97378    0.00000   100%  88.2 2825s
 5438410 230425    0.00000   65   34   50.97378    0.00000   100%  88.2 2831s
 5452334 230657 infeasible   74        50.97378    0.00000   100%  88.2 2835s
 5460419 230655 infeasible   58        50.97378    0.00000   100%  88.3 2840s
 5466747 230709    0.00000   66   31   50.97378    0.00000   100%  88.3 2845s
 5476342 230786    0.00000   59   17   50.97378    0.00000   100%  88.3 2850s
 5484424 230673    0.00000   65   37   50.97378    0.00000   100%  88.3 2855s
 5493511 230610 infeasible   59        50.97378    0.00000   100%  88.4 2860s
 5501320 230574    0.00000   56   32   50.97378    0.00000   100%  88.4 2865s
 5511593 230940   31.00000   69   28   50.97378    0.00000   100%  88.4 2870s
 5521533 231773    0.00000   59   13   50.97378    0.00000   100%  88.4 2875s
 5532130 232864    0.00000   59    7   50.97378    0.00000   100%  88.4 2880s
 5543174 233774 infeasible   60        50.97378    0.00000   100%  88.4 2885s
 5553676 234477    0.00000   56   25   50.97378    0.00000   100%  88.4 2890s
 5565171 235335   31.00000   65   34   50.97378    0.00000   100%  88.4 2895s
 5573829 236076 infeasible   69        50.97378    0.00000   100%  88.4 2900s
 5586129 237208 infeasible   59        50.97378    0.00000   100%  88.4 2905s
 5596106 238084 infeasible   62        50.97378    0.00000   100%  88.4 2910s
 5603523 238590   41.00000   63   39   50.97378    0.00000   100%  88.4 2915s
 5612546 239179    0.00000   58    6   50.97378    0.00000   100%  88.4 2920s
 5623135 239752    0.00000   58    2   50.97378    0.00000   100%  88.4 2925s
 5632683 240092    0.00000   69   10   50.97378    0.00000   100%  88.4 2930s
 5642738 240377    0.00000   59    5   50.97378    0.00000   100%  88.5 2935s
 5651517 240935    0.00000   62   34   50.97378    0.00000   100%  88.5 2940s
 5660785 241302 infeasible   59        50.97378    0.00000   100%  88.5 2945s
 5670475 241659 infeasible   61        50.97378    0.00000   100%  88.5 2950s
 5679886 242020    0.00000   59   10   50.97378    0.00000   100%  88.5 2955s
 5689696 242514   48.00000   69   31   50.97378    0.00000   100%  88.5 2960s
 5698365 242822 infeasible   69        50.97378    0.00000   100%  88.5 2965s
 5707478 243135    0.00000   57   38   50.97378    0.00000   100%  88.5 2970s
 5718412 243403 infeasible   60        50.97378    0.00000   100%  88.5 2975s
 5728102 243864    0.00000   60   23   50.97378    0.00000   100%  88.6 2980s
 5736960 244456 infeasible   56        50.97378    0.00000   100%  88.6 2985s
 5747962 245117    0.00000   59   25   50.97378    0.00000   100%  88.6 2990s
 5757726 245633 infeasible   69        50.97378    0.00000   100%  88.5 2995s
 5767991 246149   41.00000   69   34   50.97378    0.00000   100%  88.5 3000s
 5778287 246423    0.00000   69   30   50.97378    0.00000   100%  88.5 3005s
 5788113 246825   41.00000   60   36   50.97378    0.00000   100%  88.5 3010s
 5799337 247456    0.00000   58    6   50.97378    0.00000   100%  88.5 3015s
 5808182 247864 infeasible   58        50.97378    0.00000   100%  88.5 3020s
 5819642 248209    0.00000   64   25   50.97378    0.00000   100%  88.5 3025s
 5829427 248664 infeasible   58        50.97378    0.00000   100%  88.5 3030s
 5840674 248767 infeasible   64        50.97378    0.00000   100%  88.5 3035s
 5849951 248911 infeasible   68        50.97378    0.00000   100%  88.5 3040s
 5862271 248951 infeasible   68        50.97378    0.00000   100%  88.5 3045s
 5870095 248982     cutoff   59        50.97378    0.00000   100%  88.5 3050s
 5882233 248920     cutoff   60        50.97378    0.00000   100%  88.5 3055s
 5891070 248994    0.00000   60   35   50.97378    0.00000   100%  88.5 3060s
 5902540 249027    0.00000   61   28   50.97378    0.00000   100%  88.4 3065s
 5911753 249112 infeasible   60        50.97378    0.00000   100%  88.4 3070s
 5921744 249017     cutoff   69        50.97378    0.00000   100%  88.4 3075s
 5932651 248889 infeasible   68        50.97378    0.00000   100%  88.4 3080s
 5942962 248854    0.00000   60   14   50.97378    0.00000   100%  88.4 3085s
 5952503 248950    0.00000   47   48   50.97378    0.00000   100%  88.4 3090s
 5961995 249027    0.00000   59   20   50.97378    0.00000   100%  88.4 3095s
 5972981 249034 infeasible   62        50.97378    0.00000   100%  88.4 3100s
 5982685 249107    0.00000   61   40   50.97378    0.00000   100%  88.4 3105s
 5991909 249389    0.00000   59    4   50.97378    0.00000   100%  88.4 3110s
 6000447 249899    0.00000   47   36   50.97378    0.00000   100%  88.4 3115s
 6010195 250415    0.00000   59    8   50.97378    0.00000   100%  88.4 3120s
 6021013 251030    0.00000   59   36   50.97378    0.00000   100%  88.4 3125s
 6030151 251164    0.00000   55   22   50.97378    0.00000   100%  88.4 3130s
 6040136 251191    0.00000   56   35   50.97378    0.00000   100%  88.4 3135s
 6050109 251381    0.00000   59   13   50.97378    0.00000   100%  88.4 3140s
 6060552 251775 infeasible   57        50.97378    0.00000   100%  88.4 3145s
 6067797 252025    0.00000   61   25   50.97378    0.00000   100%  88.5 3150s
 6079682 252903    0.00000   70   12   50.97378    0.00000   100%  88.4 3155s
 6090166 253973    0.00000   62   37   50.97378    0.00000   100%  88.4 3160s
 6104032 255126   41.00000   63   38   50.97378    0.00000   100%  88.4 3165s
 6116980 256381     cutoff   64        50.97378    0.00000   100%  88.3 3170s
 6129345 257175   16.00000   67   30   50.97378    0.00000   100%  88.3 3175s
 6139156 257858 infeasible   67        50.97378    0.00000   100%  88.3 3180s
 6149642 258029 infeasible   69        50.97378    0.00000   100%  88.3 3185s
 6159643 258071 infeasible   64        50.97378    0.00000   100%  88.3 3190s
 6169103 258191 infeasible   74        50.97378    0.00000   100%  88.3 3195s
 6177172 258278    0.00000   58    3   50.97378    0.00000   100%  88.3 3200s
 6187997 258536   41.00000   57   40   50.97378    0.00000   100%  88.4 3205s
 6188954 258576 infeasible   67        50.97378    0.00000   100%  88.4 3210s
 6204110 259073 infeasible   58        50.97378    0.00000   100%  88.4 3215s
 6213454 259683 infeasible   58        50.97378    0.00000   100%  88.4 3220s
 6223016 260357    0.00000   69    7   50.97378    0.00000   100%  88.4 3225s
 6233585 260982   31.00000   59   13   50.97378    0.00000   100%  88.4 3230s
 6244659 261386   31.00000   59    4   50.97378    0.00000   100%  88.4 3235s
 6254370 261832    0.00000   63   11   50.97378    0.00000   100%  88.4 3240s
 6266236 262284    0.00000   56   38   50.97378    0.00000   100%  88.3 3245s
 6277454 262925   48.00000   68   34   50.97378    0.00000   100%  88.3 3250s
 6287620 263536 infeasible   69        50.97378    0.00000   100%  88.3 3255s
 6296653 263848    0.00000   68    1   50.97378    0.00000   100%  88.3 3260s
 6308199 264465 infeasible   57        50.97378    0.00000   100%  88.3 3265s
 6319107 265093 infeasible   60        50.97378    0.00000   100%  88.3 3270s
 6327763 265476    0.00000   58    3   50.97378    0.00000   100%  88.3 3275s
 6337300 265851    0.00000   57   35   50.97378    0.00000   100%  88.3 3280s
 6346979 266576 infeasible   59        50.97378    0.00000   100%  88.3 3285s
 6357888 267453    0.00000   68    5   50.97378    0.00000   100%  88.3 3290s
 6366173 268009    0.00000   62   26   50.97378    0.00000   100%  88.3 3295s
 6375009 268340    0.00000   57   35   50.97378    0.00000   100%  88.4 3300s
 6383235 268682    0.00000   69    8   50.97378    0.00000   100%  88.4 3305s
 6392698 269106 infeasible   68        50.97378    0.00000   100%  88.4 3310s
 6400893 269500 infeasible   68        50.97378    0.00000   100%  88.4 3315s
 6411063 269716 infeasible   62        50.97378    0.00000   100%  88.4 3320s
 6419159 270137    0.00000   56   33   50.97378    0.00000   100%  88.4 3325s
 6428131 270621   31.00000   59    6   50.97378    0.00000   100%  88.5 3330s
 6437411 270843 infeasible   65        50.97378    0.00000   100%  88.5 3335s
 6445853 271053 infeasible   58        50.97378    0.00000   100%  88.5 3340s
 6455871 271447 infeasible   65        50.97378    0.00000   100%  88.5 3345s
 6464498 271697 infeasible   59        50.97378    0.00000   100%  88.5 3350s
 6472704 271855 infeasible   61        50.97378    0.00000   100%  88.5 3355s
 6480726 272132     cutoff   66        50.97378    0.00000   100%  88.5 3360s
 6490463 272526 infeasible   78        50.97378    0.00000   100%  88.5 3365s
 6499520 272617    0.00000   65   32   50.97378    0.00000   100%  88.5 3370s
 6508520 272709    0.00000   56   40   50.97378    0.00000   100%  88.5 3375s
 6517238 272762    0.00000   58   10   50.97378    0.00000   100%  88.6 3380s
 6525034 272909    0.00000   57   48   50.97378    0.00000   100%  88.6 3385s
 6533182 273049 infeasible   59        50.97378    0.00000   100%  88.6 3390s
 6541740 273290    0.00000   58    6   50.97378    0.00000   100%  88.6 3395s
 6550514 273542 infeasible   56        50.97378    0.00000   100%  88.6 3400s
 6559858 273803 infeasible   69        50.97378    0.00000   100%  88.6 3405s
 6569046 274212 infeasible   68        50.97378    0.00000   100%  88.6 3410s
 6577812 274533 infeasible   65        50.97378    0.00000   100%  88.6 3415s
 6587468 274677    0.00000   58    6   50.97378    0.00000   100%  88.7 3420s
 6596172 274847    0.00000   58    3   50.97378    0.00000   100%  88.7 3425s
 6604974 275065 infeasible   63        50.97378    0.00000   100%  88.7 3430s
 6613398 275145   41.00000   68   42   50.97378    0.00000   100%  88.7 3435s
 6621696 275237    0.00000   62   26   50.97378    0.00000   100%  88.7 3440s
 6632221 275687   41.00000   74   32   50.97378    0.00000   100%  88.7 3445s
 6640398 277151 infeasible   68        50.97378    0.00000   100%  88.7 3452s
 6651512 277705    0.00000   59   17   50.97378    0.00000   100%  88.7 3455s
 6663100 279249    0.00000   69   24   50.97378    0.00000   100%  88.6 3460s
 6672274 280116    0.00000   55   27   50.97378    0.00000   100%  88.6 3465s
 6682024 280753 infeasible   68        50.97378    0.00000   100%  88.6 3470s
 6690344 281013    0.00000   59    6   50.97378    0.00000   100%  88.7 3475s
 6701749 281964    0.00000   59   12   50.97378    0.00000   100%  88.7 3480s
 6711511 282796 infeasible   68        50.97378    0.00000   100%  88.6 3485s
 6720564 283490     cutoff   59        50.97378    0.00000   100%  88.6 3490s
 6730678 284093 infeasible   65        50.97378    0.00000   100%  88.6 3495s
 6739638 284521    0.00000   59    2   50.97378    0.00000   100%  88.6 3500s
 6748154 284872    0.00000   57   41   50.97378    0.00000   100%  88.7 3505s
 6755444 285098 infeasible   59        50.97378    0.00000   100%  88.7 3510s
 6764335 285206    0.00000   54   34   50.97378    0.00000   100%  88.7 3515s
 6771519 285471    0.00000   59   18   50.97378    0.00000   100%  88.7 3520s
 6780149 285670 infeasible   69        50.97378    0.00000   100%  88.8 3525s
 6786097 285792 infeasible   62        50.97378    0.00000   100%  88.8 3530s
 6794754 285901 infeasible   57        50.97378    0.00000   100%  88.8 3535s
 6803105 286274    0.00000   59   19   50.97378    0.00000   100%  88.8 3540s
 6811181 286721 infeasible   59        50.97378    0.00000   100%  88.8 3545s
 6818674 286817    0.00000   59   36   50.97378    0.00000   100%  88.9 3550s
 6826932 287126   41.00000   67   21   50.97378    0.00000   100%  88.9 3555s
 6836231 287364    0.00000   57   21   50.97378    0.00000   100%  88.9 3560s
 6844315 287568 infeasible   58        50.97378    0.00000   100%  88.9 3565s
 6854026 287685    0.00000   59   18   50.97378    0.00000   100%  88.9 3570s
 6862828 288080    0.00000   47   39   50.97378    0.00000   100%  88.9 3575s
 6871807 288334 infeasible   59        50.97378    0.00000   100%  88.9 3580s
 6881830 288584     cutoff   63        50.97378    0.00000   100%  88.9 3585s
 6892154 289684    0.00000   59   14   50.97378    0.00000   100%  88.9 3590s
 6901393 290799 infeasible   59        50.97378    0.00000   100%  88.9 3595s
 6910011 291797    0.00000   55   40   50.97378    0.00000   100%  88.9 3600s
 6920662 292914    0.00000   63   43   50.97378    0.00000   100%  88.9 3605s
 6928916 293528    0.00000   67   31   50.97378    0.00000   100%  88.9 3610s
 6940248 294221 infeasible   69        50.97378    0.00000   100%  88.8 3615s
 6950007 294537     cutoff   59        50.97378    0.00000   100%  88.8 3620s
 6958548 294884 infeasible   71        50.97378    0.00000   100%  88.8 3625s
 6967761 295117    0.00000   59    5   50.97378    0.00000   100%  88.8 3630s
 6976132 295227    0.00000   49    3   50.97378    0.00000   100%  88.8 3635s
 6986984 295428 infeasible   69        50.97378    0.00000   100%  88.8 3640s
 6995496 295664    0.00000   67   34   50.97378    0.00000   100%  88.8 3645s
 7006178 296272 infeasible   69        50.97378    0.00000   100%  88.8 3650s
 7017534 296937   41.00000   74   41   50.97378    0.00000   100%  88.8 3655s
 7026820 297435    0.00000   65   38   50.97378    0.00000   100%  88.8 3660s
 7039035 297906    0.00000   61   39   50.97378    0.00000   100%  88.8 3665s
 7049155 298469 infeasible   48        50.97378    0.00000   100%  88.7 3670s
 7060610 298781 infeasible   59        50.97378    0.00000   100%  88.7 3675s
 7070569 299139    0.00000   59   17   50.97378    0.00000   100%  88.7 3680s
 7078970 299509    0.00000   59   11   50.97378    0.00000   100%  88.7 3685s
 7086918 299768 infeasible   59        50.97378    0.00000   100%  88.7 3690s
 7094302 300075    0.00000   65   36   50.97378    0.00000   100%  88.8 3695s
 7103215 300483    0.00000   58   16   50.97378    0.00000   100%  88.8 3700s
 7109263 300672 infeasible   63        50.97378    0.00000   100%  88.8 3705s
 7118042 300929 infeasible   68        50.97378    0.00000   100%  88.8 3710s
 7125545 301123    0.00000   58   12   50.97378    0.00000   100%  88.8 3715s
 7133328 301200    0.00000   58   13   50.97378    0.00000   100%  88.9 3720s
 7140664 301378    0.00000   56   40   50.97378    0.00000   100%  88.9 3725s
 7147674 301517 infeasible   58        50.97378    0.00000   100%  88.9 3730s
 7157080 301743    0.00000   59   24   50.97378    0.00000   100%  88.9 3735s
 7166005 302194 infeasible   59        50.97378    0.00000   100%  88.9 3740s
 7175854 302441    0.00000   58    6   50.97378    0.00000   100%  88.9 3745s
 7185514 302573 infeasible   64        50.97378    0.00000   100%  88.9 3750s
 7195964 302931 infeasible   70        50.97378    0.00000   100%  88.9 3755s
 7204184 303097 infeasible   59        50.97378    0.00000   100%  88.9 3760s
 7212972 303134    0.00000   59    2   50.97378    0.00000   100%  88.9 3765s
 7221729 303433 infeasible   60        50.97378    0.00000   100%  88.9 3770s
 7230597 303627     cutoff   69        50.97378    0.00000   100%  88.9 3775s
 7239017 303828 infeasible   62        50.97378    0.00000   100%  88.9 3780s
 7247445 304169    0.00000   65   29   50.97378    0.00000   100%  88.9 3785s
 7256817 304293 infeasible   59        50.97378    0.00000   100%  88.9 3790s
 7265584 304393 infeasible   56        50.97378    0.00000   100%  88.9 3795s
 7275165 304465    0.00000   61   13   50.97378    0.00000   100%  88.9 3800s
 7283631 304708 infeasible   65        50.97378    0.00000   100%  88.9 3805s
 7292489 304986 infeasible   59        50.97378    0.00000   100%  88.9 3810s
 7300869 305218    0.00000   56   31   50.97378    0.00000   100%  88.9 3815s
 7310058 305391 infeasible   69        50.97378    0.00000   100%  88.9 3820s
 7317949 305457    0.00000   59    9   50.97378    0.00000   100%  89.0 3825s
 7327954 305511 infeasible   59        50.97378    0.00000   100%  89.0 3830s
 7336423 305548     cutoff   59        50.97378    0.00000   100%  89.0 3835s
 7343886 305718    0.00000   59    3   50.97378    0.00000   100%  89.0 3840s
 7352918 305852 infeasible   58        50.97378    0.00000   100%  89.0 3845s
 7359588 305840 infeasible   59        50.97378    0.00000   100%  89.0 3850s
 7368901 305913    0.00000   66   25   50.97378    0.00000   100%  89.0 3855s
 7376866 305936    0.00000   59   28   50.97378    0.00000   100%  89.0 3860s
 7385321 305876 infeasible   69        50.97378    0.00000   100%  89.0 3865s
 7393907 305967 infeasible   68        50.97378    0.00000   100%  89.0 3870s
 7401458 306018    0.00000   59    7   50.97378    0.00000   100%  89.1 3875s
 7409581 306094    0.00000   69    6   50.97378    0.00000   100%  89.1 3880s
 7419332 306200   32.00000   59   21   50.97378    0.00000   100%  89.1 3885s
 7427356 306398 infeasible   55        50.97378    0.00000   100%  89.1 3890s
 7436354 306670 infeasible   66        50.97378    0.00000   100%  89.1 3895s
 7445809 306943    0.00000   57   31   50.97378    0.00000   100%  89.1 3900s
 7453655 307084   49.00000   63   38   50.97378    0.00000   100%  89.1 3905s
 7462822 307208    0.00000   55   19   50.97378    0.00000   100%  89.1 3910s
 7471262 307307    0.00000   63   30   50.97378    0.00000   100%  89.1 3915s
 7478537 307716     cutoff   68        50.97378    0.00000   100%  89.1 3920s
 7487863 308476 infeasible   59        50.97378    0.00000   100%  89.2 3925s
 7495049 308842 infeasible   64        50.97378    0.00000   100%  89.2 3930s
 7504168 309540 infeasible   59        50.97378    0.00000   100%  89.2 3935s
 7511864 309845    0.00000   71   20   50.97378    0.00000   100%  89.2 3940s
 7521215 310310     cutoff   69        50.97378    0.00000   100%  89.2 3945s
 7528041 310745 infeasible   59        50.97378    0.00000   100%  89.2 3950s
 7537263 310945 infeasible   68        50.97378    0.00000   100%  89.2 3955s
 7545184 311111    0.00000   67   32   50.97378    0.00000   100%  89.2 3960s
 7553067 311370    0.00000   60   22   50.97378    0.00000   100%  89.3 3965s
 7563380 311612    0.00000   55   36   50.97378    0.00000   100%  89.3 3970s
 7570860 311835 infeasible   67        50.97378    0.00000   100%  89.3 3975s
 7580130 312011    0.00000   67   32   50.97378    0.00000   100%  89.3 3980s
 7588566 312094 infeasible   59        50.97378    0.00000   100%  89.3 3985s
 7597690 312208    0.00000   57   40   50.97378    0.00000   100%  89.3 3990s
 7606014 312545 infeasible   66        50.97378    0.00000   100%  89.3 3995s
 7615052 313163    0.00000   59   20   50.97378    0.00000   100%  89.3 4000s
 7624820 313910    0.00000   56   23   50.97378    0.00000   100%  89.3 4005s
 7633395 314578   41.00000   69   13   50.97378    0.00000   100%  89.3 4010s
 7643405 315118    0.00000   57   29   50.97378    0.00000   100%  89.3 4015s
 7647791 315609    0.00000   57   11   50.97378    0.00000   100%  89.3 4021s
 7661869 316111 infeasible   67        50.97378    0.00000   100%  89.3 4025s
 7669873 316407    0.00000   59    7   50.97378    0.00000   100%  89.3 4030s
 7676554 316677    0.00000   58    9   50.97378    0.00000   100%  89.3 4035s
 7686358 317178     cutoff   68        50.97378    0.00000   100%  89.3 4040s
 7694498 317342 infeasible   64        50.97378    0.00000   100%  89.3 4045s
 7703176 317479 infeasible   59        50.97378    0.00000   100%  89.3 4050s
 7710986 317785    0.00000   56   27   50.97378    0.00000   100%  89.4 4055s
 7719812 318224 infeasible   68        50.97378    0.00000   100%  89.4 4060s
 7730230 318601 infeasible   54        50.97378    0.00000   100%  89.4 4065s
 7739727 318885    0.00000   54   31   50.97378    0.00000   100%  89.4 4070s
 7747206 319141    0.00000   58    4   50.97378    0.00000   100%  89.4 4075s
 7754293 319357    0.00000   64   23   50.97378    0.00000   100%  89.4 4080s
 7761669 319412 infeasible   68        50.97378    0.00000   100%  89.4 4085s
 7770308 319589 infeasible   61        50.97378    0.00000   100%  89.4 4090s
 7779152 319803 infeasible   59        50.97378    0.00000   100%  89.4 4095s
 7786306 320177   32.00000   59    8   50.97378    0.00000   100%  89.5 4100s
 7794166 320450    0.00000   57   33   50.97378    0.00000   100%  89.5 4105s
 7802148 320690    0.00000   59   33   50.97378    0.00000   100%  89.5 4110s
 7811069 320909    0.00000   64   33   50.97378    0.00000   100%  89.5 4115s
 7818058 321118 infeasible   59        50.97378    0.00000   100%  89.5 4120s
 7827841 321483 infeasible   57        50.97378    0.00000   100%  89.5 4125s
 7836142 321866 infeasible   57        50.97378    0.00000   100%  89.6 4130s
 7843517 322390 infeasible   62        50.97378    0.00000   100%  89.6 4135s
 7852664 322798 infeasible   59        50.97378    0.00000   100%  89.6 4140s
 7859784 323111    0.00000   63   30   50.97378    0.00000   100%  89.6 4145s
 7869265 323490    0.00000   63   21   50.97378    0.00000   100%  89.6 4150s
 7875017 323701    0.00000   58    5   50.97378    0.00000   100%  89.6 4155s
 7883239 324000 infeasible   59        50.97378    0.00000   100%  89.6 4160s
 7892312 324193    0.00000   68   14   50.97378    0.00000   100%  89.6 4165s
 7900999 324400 infeasible   67        50.97378    0.00000   100%  89.6 4173s
 7910200 324508    0.00000   59   15   50.97378    0.00000   100%  89.6 4175s
 7920201 324856 infeasible   68        50.97378    0.00000   100%  89.6 4180s
 7926653 325132 infeasible   68        50.97378    0.00000   100%  89.6 4185s
 7935949 325360   48.00000   66   24   50.97378    0.00000   100%  89.7 4190s
 7944211 325726 infeasible   65        50.97378    0.00000   100%  89.7 4195s
 7952206 325809    0.00000   59   20   50.97378    0.00000   100%  89.7 4200s
 7958555 325862 infeasible   65        50.97378    0.00000   100%  89.7 4205s
 7966754 326158 infeasible   59        50.97378    0.00000   100%  89.7 4210s
 7975401 326611 infeasible   58        50.97378    0.00000   100%  89.7 4215s
 7984764 326924     cutoff   69        50.97378    0.00000   100%  89.7 4220s
 7992966 327475 infeasible   58        50.97378    0.00000   100%  89.8 4225s
 7999669 327733    0.00000   59    6   50.97378    0.00000   100%  89.8 4230s
 8008208 328069 infeasible   63        50.97378    0.00000   100%  89.8 4235s
 8015197 328269 infeasible   59        50.97378    0.00000   100%  89.8 4240s
 8023792 328542 infeasible   68        50.97378    0.00000   100%  89.8 4245s
 8030664 328797    0.00000   57   35   50.97378    0.00000   100%  89.9 4250s
 8035531 328876    0.00000   69    5   50.97378    0.00000   100%  89.9 4255s
 8043721 329297     cutoff   69        50.97378    0.00000   100%  89.9 4260s
 8050953 329547 infeasible   59        50.97378    0.00000   100%  89.9 4265s
 8058787 329793 infeasible   69        50.97378    0.00000   100%  89.9 4270s
 8066245 330070 infeasible   64        50.97378    0.00000   100%  89.9 4275s
 8074328 330314    0.00000   57   45   50.97378    0.00000   100%  90.0 4280s
 8081329 330529 infeasible   68        50.97378    0.00000   100%  90.0 4285s
 8090232 330969 infeasible   63        50.97378    0.00000   100%  90.0 4290s
 8099268 331335 infeasible   68        50.97378    0.00000   100%  90.0 4295s
 8108075 331518    0.00000   66   26   50.97378    0.00000   100%  90.0 4300s
 8117603 331814    0.00000   65   21   50.97378    0.00000   100%  90.0 4305s
 8125870 332110    0.00000   51   34   50.97378    0.00000   100%  90.0 4310s
 8134303 332524 infeasible   65        50.97378    0.00000   100%  90.0 4315s
 8141121 332989 infeasible   61        50.97378    0.00000   100%  90.0 4320s
 8150186 333282 infeasible   68        50.97378    0.00000   100%  90.0 4325s
 8158620 333558    0.00000   59   18   50.97378    0.00000   100%  90.1 4330s
 8166000 333876    0.00000   57   21   50.97378    0.00000   100%  90.1 4335s
 8174698 334537 infeasible   62        50.97378    0.00000   100%  90.1 4340s
 8181626 335129   31.00000   69   12   50.97378    0.00000   100%  90.1 4345s
 8189321 335601 infeasible   59        50.97378    0.00000   100%  90.1 4350s
 8196816 336015 infeasible   69        50.97378    0.00000   100%  90.1 4355s
 8204374 336275 infeasible   62        50.97378    0.00000   100%  90.2 4360s
 8212812 336541    0.00000   58    7   50.97378    0.00000   100%  90.2 4365s
 8220201 336901    0.00000   62   41   50.97378    0.00000   100%  90.2 4370s
 8228474 337532    0.00000   62   23   50.97378    0.00000   100%  90.2 4375s
 8238100 338285 infeasible   69        50.97378    0.00000   100%  90.2 4380s
 8245977 338641    0.00000   47   48   50.97378    0.00000   100%  90.2 4385s
 8253659 339119 infeasible   60        50.97378    0.00000   100%  90.2 4390s
 8262047 339558    0.00000   64   33   50.97378    0.00000   100%  90.2 4395s
 8270071 339979 infeasible   66        50.97378    0.00000   100%  90.3 4400s
 8276704 340415 infeasible   67        50.97378    0.00000   100%  90.3 4405s
 8285871 340945    0.00000   59    7   50.97378    0.00000   100%  90.3 4410s
 8295131 341457     cutoff   69        50.97378    0.00000   100%  90.3 4415s
 8302332 341918    0.00000   47   47   50.97378    0.00000   100%  90.3 4420s
 8310449 342260 infeasible   69        50.97378    0.00000   100%  90.3 4425s
 8318172 342572 infeasible   67        50.97378    0.00000   100%  90.3 4430s
 8326116 342835    0.00000   65   35   50.97378    0.00000   100%  90.4 4435s
 8334366 343343 infeasible   67        50.97378    0.00000   100%  90.4 4440s
 8339957 343802    0.00000   67   38   50.97378    0.00000   100%  90.4 4445s
 8348734 344534    0.00000   54   27   50.97378    0.00000   100%  90.4 4450s
 8356140 345039    0.00000   67   38   50.97378    0.00000   100%  90.4 4455s
 8361557 345339 infeasible   68        50.97378    0.00000   100%  90.5 4460s
 8370315 345815 infeasible   59        50.97378    0.00000   100%  90.5 4465s
 8378209 346366 infeasible   63        50.97378    0.00000   100%  90.5 4470s
 8387173 347116 infeasible   69        50.97378    0.00000   100%  90.5 4475s
 8395102 348020 infeasible   56        50.97378    0.00000   100%  90.5 4480s
 8405221 348557 infeasible   60        50.97378    0.00000   100%  90.5 4485s
 8414030 349160 infeasible   58        50.97378    0.00000   100%  90.5 4490s
 8422727 349664    0.00000   69   18   50.97378    0.00000   100%  90.5 4495s
 8429083 350070    0.00000   59   15   50.97378    0.00000   100%  90.5 4500s
 8435956 350332    0.00000   59   19   50.97378    0.00000   100%  90.6 4505s
 8443209 350524 infeasible   56        50.97378    0.00000   100%  90.6 4510s
 8450020 350730    0.00000   73   22   50.97378    0.00000   100%  90.6 4515s
 8456254 351132    0.00000   42   23   50.97378    0.00000   100%  90.7 4520s
 8463623 351532    0.00000   56   27   50.97378    0.00000   100%  90.7 4525s
 8470090 351886 infeasible   51        50.97378    0.00000   100%  90.7 4530s
 8476588 352106    0.00000   59   12   50.97378    0.00000   100%  90.7 4535s
 8483792 352469    0.00000   58    6   50.97378    0.00000   100%  90.8 4540s
 8490828 352657 infeasible   68        50.97378    0.00000   100%  90.8 4545s
 8497207 352853   41.00000   73   35   50.97378    0.00000   100%  90.8 4550s
 8503002 353050    0.00000   57   32   50.97378    0.00000   100%  90.9 4555s
 8510989 353143    0.00000   59    1   50.97378    0.00000   100%  90.9 4560s
 8517665 353314 infeasible   58        50.97378    0.00000   100%  90.9 4565s
 8524940 353415 infeasible   58        50.97378    0.00000   100%  90.9 4570s
 8531330 353906 infeasible   60        50.97378    0.00000   100%  91.0 4575s
 8538425 354233    0.00000   56   25   50.97378    0.00000   100%  91.0 4580s
 8546781 354599 infeasible   60        50.97378    0.00000   100%  91.0 4585s
 8553929 354953 infeasible   66        50.97378    0.00000   100%  91.0 4590s
 8562251 355465 infeasible   69        50.97378    0.00000   100%  91.0 4595s
 8571694 355997   31.00000   49   18   50.97378    0.00000   100%  91.0 4600s
 8580375 356690 infeasible   58        50.97378    0.00000   100%  91.0 4605s
 8589206 357230    0.00000   69   25   50.97378    0.00000   100%  91.0 4610s
 8596428 357625   31.00000   62   51   50.97378    0.00000   100%  91.1 4615s
 8604781 358197    0.00000   49   18   50.97378    0.00000   100%  91.1 4620s
 8612058 358815 infeasible   84        50.97378    0.00000   100%  91.1 4625s
 8620854 359324   41.00000   57   28   50.97378    0.00000   100%  91.1 4630s
 8629744 360363 infeasible   59        50.97378    0.00000   100%  91.1 4635s
 8638954 361085 infeasible   59        50.97378    0.00000   100%  91.1 4640s
 8646386 361421   31.00000   59    2   50.97378    0.00000   100%  91.1 4645s
 8655697 362108 infeasible   55        50.97378    0.00000   100%  91.1 4650s
 8663814 362838   48.00000   78    5   50.97378    0.00000   100%  91.1 4655s
 8671442 363430    0.00000   59    4   50.97378    0.00000   100%  91.1 4660s
 8680601 364109    0.00000   59    7   50.97378    0.00000   100%  91.1 4665s
 8688992 364693 infeasible   71        50.97378    0.00000   100%  91.2 4670s
 8698491 365488 infeasible   63        50.97378    0.00000   100%  91.2 4675s
 8708149 366545 infeasible   67        50.97378    0.00000   100%  91.1 4680s
 8718790 367361   41.00000   67   15   50.97378    0.00000   100%  91.1 4685s
 8727761 368469 infeasible   58        50.97378    0.00000   100%  91.1 4690s
 8740457 369888 infeasible   67        50.97378    0.00000   100%  91.1 4695s
 8750844 371034 infeasible   58        50.97378    0.00000   100%  91.1 4700s
 8765040 372675   48.00000   66   17   50.97378    0.00000   100%  91.0 4705s
 8780022 374844    0.00000   63   20   50.97378    0.00000   100%  91.0 4710s
 8792410 376651    0.00000   63   34   50.97378    0.00000   100%  90.9 4715s
 8806178 378195 infeasible   56        50.97378    0.00000   100%  90.9 4720s
 8817645 379666     cutoff   59        50.97378    0.00000   100%  90.8 4725s
 8833676 381756    0.00000   62   32   50.97378    0.00000   100%  90.8 4730s
 8845769 383253 infeasible   65        50.97378    0.00000   100%  90.7 4735s
 8859430 384491 infeasible   59        50.97378    0.00000   100%  90.7 4740s
 8870141 385862   48.00000   67   40   50.97378    0.00000   100%  90.7 4745s
 8883497 387195    0.00000   59   10   50.97378    0.00000   100%  90.6 4750s
 8894173 388025 infeasible   60        50.97378    0.00000   100%  90.6 4755s
 8906268 389097    0.00000   58    5   50.97378    0.00000   100%  90.6 4760s
 8919104 390283 infeasible   67        50.97378    0.00000   100%  90.5 4765s
 8932036 391991 infeasible   59        50.97378    0.00000   100%  90.5 4770s
 8942007 393105 infeasible   59        50.97378    0.00000   100%  90.5 4775s
 8954107 393996   48.00000   66   21   50.97378    0.00000   100%  90.5 4780s
 8963416 394637    0.00000   57   33   50.97378    0.00000   100%  90.5 4785s
 8976082 396264   49.00000   70   21   50.97378    0.00000   100%  90.4 4790s
 8988470 398163   49.00000   75   21   50.97378    0.00000   100%  90.4 4795s
 9000537 399693 infeasible   60        50.97378    0.00000   100%  90.4 4800s
 9013046 401446    0.00000   62   34   50.97378    0.00000   100%  90.3 4805s
 9024703 402855 infeasible   58        50.97378    0.00000   100%  90.3 4810s
 9034788 403891   49.00000   64   41   50.97378    0.00000   100%  90.3 4815s
 9046473 405603 infeasible   55        50.97378    0.00000   100%  90.3 4820s
 9056341 406503    0.00000   56   37   50.97378    0.00000   100%  90.3 4825s
 9061010 407041   49.00000   59    1   50.97378    0.00000   100%  90.3 4832s
 9072175 407292 infeasible   62        50.97378    0.00000   100%  90.3 4835s
 9075821 407614    0.00000   53   36   50.97378    0.00000   100%  90.3 4841s
 9085608 407715    0.00000   59   10   50.97378    0.00000   100%  90.4 4845s
 9093190 407856    0.00000   68    7   50.97378    0.00000   100%  90.4 4850s
 9100663 407962 infeasible   59        50.97378    0.00000   100%  90.4 4855s
 9107477 408124    0.00000   69   13   50.97378    0.00000   100%  90.4 4860s
 9114654 408296    0.00000   60   28   50.97378    0.00000   100%  90.4 4865s
 9121449 408424    0.00000   57   41   50.97378    0.00000   100%  90.4 4870s
 9128685 408424    0.00000   66   32   50.97378    0.00000   100%  90.5 4875s
 9137544 408475     cutoff   58        50.97378    0.00000   100%  90.5 4880s
 9144088 408499    0.00000   59    7   50.97378    0.00000   100%  90.5 4885s
 9152762 408436    0.00000   59   12   50.97378    0.00000   100%  90.5 4890s
 9159829 408392     cutoff   69        50.97378    0.00000   100%  90.5 4895s
 9168842 408330     cutoff   69        50.97378    0.00000   100%  90.5 4900s
 9175961 408281   13.00000   66   18   50.97378    0.00000   100%  90.5 4905s
 9184422 408250    0.00000   57   34   50.97378    0.00000   100%  90.6 4910s
 9190838 408217 infeasible   68        50.97378    0.00000   100%  90.6 4915s
 9199218 408225 infeasible   69        50.97378    0.00000   100%  90.6 4920s
 9204116 408228 infeasible   60        50.97378    0.00000   100%  90.6 4928s
 9213671 408280 infeasible   58        50.97378    0.00000   100%  90.6 4930s
 9219394 408289 infeasible   66        50.97378    0.00000   100%  90.6 4935s
 9228417 408168    0.00000   67   42   50.97378    0.00000   100%  90.6 4940s
 9235339 408157 infeasible   62        50.97378    0.00000   100%  90.7 4945s
 9242147 408137    0.00000   55   33   50.97378    0.00000   100%  90.7 4950s
 9250170 408050 infeasible   69        50.97378    0.00000   100%  90.7 4955s
 9256666 408129   49.00000   62   37   50.97378    0.00000   100%  90.7 4960s
 9265610 408226 infeasible   59        50.97378    0.00000   100%  90.7 4965s
 9273000 408291 infeasible   58        50.97378    0.00000   100%  90.8 4970s
 9279627 408444    0.00000   53   37   50.97378    0.00000   100%  90.8 4975s
 9287411 408572    0.00000   64   39   50.97378    0.00000   100%  90.8 4980s
 9295735 408688    0.00000   58    3   50.97378    0.00000   100%  90.8 4985s
 9303168 408939    0.00000   59    6   50.97378    0.00000   100%  90.8 4990s
 9310911 409473 infeasible   58        50.97378    0.00000   100%  90.8 4995s
 9318390 410058    0.00000   59    2   50.97378    0.00000   100%  90.8 5000s
 9326924 410674 infeasible   78        50.97378    0.00000   100%  90.9 5005s
 9336761 411368    0.00000   52   18   50.97378    0.00000   100%  90.9 5010s
 9344387 412065 infeasible   68        50.97378    0.00000   100%  90.9 5015s
 9354652 413143    0.00000   57   38   50.97378    0.00000   100%  90.9 5020s
 9363487 413817    0.00000   59   11   50.97378    0.00000   100%  90.9 5025s
 9374008 414755    0.00000   60   18   50.97378    0.00000   100%  90.9 5030s
 9385119 416337   42.00000   73   23   50.97378    0.00000   100%  90.8 5035s
 9394839 417703   42.00000   62   28   50.97378    0.00000   100%  90.8 5040s
 9406893 419374   35.00000   59    8   50.97378    0.00000   100%  90.8 5045s
 9416162 420150 infeasible   78        50.97378    0.00000   100%  90.8 5050s
 9426749 421139    0.00000   54   21   50.97378    0.00000   100%  90.8 5055s
 9435659 421711 infeasible   68        50.97378    0.00000   100%  90.8 5060s
 9443154 422063    0.00000   58    4   50.97378    0.00000   100%  90.8 5065s
 9451880 422229    0.00000   55   48   50.97378    0.00000   100%  90.8 5070s
 9459327 422478    0.00000   63   27   50.97378    0.00000   100%  90.8 5075s
 9466966 422517 infeasible   67        50.97378    0.00000   100%  90.8 5080s
 9474762 422655 infeasible   56        50.97378    0.00000   100%  90.8 5085s
 9482945 422683 infeasible   69        50.97378    0.00000   100%  90.9 5090s
 9489907 422940 infeasible   69        50.97378    0.00000   100%  90.9 5095s
 9499549 424070 infeasible   60        50.97378    0.00000   100%  90.9 5100s
 9509317 425818   42.00000   84   38   50.97378    0.00000   100%  90.9 5105s
 9520488 427765 infeasible   67        50.97378    0.00000   100%  90.8 5110s
 9531231 429573 infeasible   65        50.97378    0.00000   100%  90.8 5115s
 9543812 430994    0.00000   58    6   50.97378    0.00000   100%  90.8 5120s
 9553125 431564 infeasible   73        50.97378    0.00000   100%  90.8 5125s
 9566647 432823    0.00000   67   38   50.97378    0.00000   100%  90.8 5130s
 9578534 434415   42.00000   69    4   50.97378    0.00000   100%  90.7 5135s
 9592748 437163 infeasible   71        50.97378    0.00000   100%  90.7 5140s
 9604072 439570 infeasible   79        50.97378    0.00000   100%  90.7 5145s
 9617408 442010    0.00000   68    6   50.97378    0.00000   100%  90.6 5150s
 9628244 443820 infeasible   65        50.97378    0.00000   100%  90.6 5155s
 9631925 445221   42.00000   75   31   50.97378    0.00000   100%  90.6 5161s
 9646087 446046    0.00000   60    7   50.97378    0.00000   100%  90.6 5165s
 9655258 447278 infeasible   67        50.97378    0.00000   100%  90.6 5170s
 9666167 448565 infeasible   73        50.97378    0.00000   100%  90.6 5175s
 9677891 450307    0.00000   59   11   50.97378    0.00000   100%  90.6 5180s
 9687950 451836 infeasible   59        50.97378    0.00000   100%  90.5 5185s
 9699591 454132 infeasible   71        50.97378    0.00000   100%  90.5 5190s
 9713553 457383 infeasible   58        50.97378    0.00000   100%  90.5 5195s
 9726016 459765   42.00000   59   37   50.97378    0.00000   100%  90.4 5200s
 9740307 462879    0.00000   64   35   50.97378    0.00000   100%  90.4 5205s
 9752672 465343 infeasible   69        50.97378    0.00000   100%  90.4 5210s
 9765538 468504   42.00000   75   13   50.97378    0.00000   100%  90.3 5215s
 9777211 470711 infeasible   62        50.97378    0.00000   100%  90.3 5220s
 9790705 473110   42.00000   59   29   50.97378    0.00000   100%  90.3 5225s
 9801026 474661 infeasible   66        50.97378    0.00000   100%  90.2 5230s
 9813150 476469 infeasible   70        50.97378    0.00000   100%  90.2 5235s
 9824225 478382 infeasible   67        50.97378    0.00000   100%  90.2 5240s
 9837847 480436    0.00000   59    7   50.97378    0.00000   100%  90.1 5245s
 9851990 482184 infeasible   61        50.97378    0.00000   100%  90.1 5250s
 9860396 483011 infeasible   59        50.97378    0.00000   100%  90.1 5255s
 9871237 483498   35.00000   63   37   50.97378    0.00000   100%  90.1 5260s
 9879972 483720    0.00000   56   27   50.97378    0.00000   100%  90.1 5265s
 9889318 483943    0.00000   61   22   50.97378    0.00000   100%  90.1 5270s
 9898726 484079 infeasible   58        50.97378    0.00000   100%  90.1 5275s
 9906738 484163    0.00000   59   17   50.97378    0.00000   100%  90.1 5280s
 9916104 484356   42.00000   59    5   50.97378    0.00000   100%  90.1 5285s
 9925559 484950 infeasible   64        50.97378    0.00000   100%  90.1 5290s
 9934975 485572    0.00000   59   25   50.97378    0.00000   100%  90.1 5295s
 9943548 486349    0.00000   54   40   50.97378    0.00000   100%  90.1 5300s
 9952150 486681 infeasible   68        50.97378    0.00000   100%  90.1 5305s
 9958980 486826    0.00000   59   22   50.97378    0.00000   100%  90.1 5310s
 9966416 486913    0.00000   68    1   50.97378    0.00000   100%  90.1 5315s
 9973460 487123    0.00000   69   11   50.97378    0.00000   100%  90.2 5320s
 9981666 487503 infeasible   58        50.97378    0.00000   100%  90.2 5325s
 9990226 488092    0.00000   50   15   50.97378    0.00000   100%  90.2 5330s
 9997768 488554 infeasible   59        50.97378    0.00000   100%  90.2 5335s
 10005220 488985 infeasible   58        50.97378    0.00000   100%  90.2 5340s
 10014657 489619    0.00000   52   19   50.97378    0.00000   100%  90.2 5345s
 10023576 489936 infeasible   68        50.97378    0.00000   100%  90.2 5350s
 10032149 490161 infeasible   67        50.97378    0.00000   100%  90.2 5355s
 10040865 490714    0.00000   69    9   50.97378    0.00000   100%  90.2 5360s
 10047962 491221   42.00000   61   21   50.97378    0.00000   100%  90.2 5365s
 10055949 491687    0.00000   69    8   50.97378    0.00000   100%  90.3 5370s
 10063255 492064 infeasible   59        50.97378    0.00000   100%  90.3 5375s
 10071167 492197 infeasible   78        50.97378    0.00000   100%  90.3 5380s
 10079157 492292    0.00000   69   23   50.97378    0.00000   100%  90.3 5385s
 10087608 492374 infeasible   68        50.97378    0.00000   100%  90.3 5390s
 10094581 492436    0.00000   59   11   50.97378    0.00000   100%  90.3 5395s
 10102160 492464 infeasible   69        50.97378    0.00000   100%  90.3 5400s
 10109920 492469 infeasible   72        50.97378    0.00000   100%  90.3 5405s
 10116448 492588 infeasible   69        50.97378    0.00000   100%  90.4 5410s
 10125713 492832    0.00000   66   35   50.97378    0.00000   100%  90.4 5415s
 10132293 493012    0.00000   66   23   50.97378    0.00000   100%  90.4 5420s
 10140263 493329 infeasible   68        50.97378    0.00000   100%  90.4 5425s
 10147049 493479    0.00000   62   19   50.97378    0.00000   100%  90.4 5430s
 10154215 493587    0.00000   69    5   50.97378    0.00000   100%  90.4 5435s
 10161587 493620 infeasible   68        50.97378    0.00000   100%  90.5 5440s
 10169429 493768    0.00000   67   37   50.97378    0.00000   100%  90.5 5445s
 10175863 493775 infeasible   64        50.97378    0.00000   100%  90.5 5450s
 10183512 493892    0.00000   59    1   50.97378    0.00000   100%  90.5 5455s
 10191924 494050    0.00000   59   17   50.97378    0.00000   100%  90.5 5460s
 10199155 494081 infeasible   62        50.97378    0.00000   100%  90.5 5465s
 10207869 494040 infeasible   59        50.97378    0.00000   100%  90.5 5470s
 10216606 494194    0.00000   59   18   50.97378    0.00000   100%  90.6 5475s
 10224772 494514    0.00000   56   28   50.97378    0.00000   100%  90.6 5480s
 10231294 494591    0.00000   61   18   50.97378    0.00000   100%  90.6 5485s
 10240388 494989 infeasible   67        50.97378    0.00000   100%  90.6 5490s
 10249398 495586 infeasible   68        50.97378    0.00000   100%  90.6 5495s
 10256159 496346    0.00000   68    5   50.97378    0.00000   100%  90.6 5500s
 10266667 497349    0.00000   64   33   50.97378    0.00000   100%  90.6 5505s
 10275670 498256 infeasible   67        50.97378    0.00000   100%  90.6 5510s
 10284124 499213   42.00000   71   26   50.97378    0.00000   100%  90.6 5515s
 10294781 500444    0.00000   65   32   50.97378    0.00000   100%  90.6 5520s
 10302354 500890 infeasible   58        50.97378    0.00000   100%  90.6 5525s
 10310898 501219 infeasible   68        50.97378    0.00000   100%  90.6 5530s
 10319447 501758    0.00000   62   51   50.97378    0.00000   100%  90.6 5535s
 10327329 502058 infeasible   66        50.97378    0.00000   100%  90.6 5540s
 10336588 502486    0.00000   53    9   50.97378    0.00000   100%  90.6 5545s
 10343679 502678    0.00000   68   11   50.97378    0.00000   100%  90.6 5550s
 10350651 502831 infeasible   69        50.97378    0.00000   100%  90.7 5555s
 10358082 502997 infeasible   65        50.97378    0.00000   100%  90.7 5560s
 10366206 503384 infeasible   55        50.97378    0.00000   100%  90.7 5565s
 10376351 503730    0.00000   67   38   50.97378    0.00000   100%  90.7 5570s
 10384831 504195   42.00000   70   47   50.97378    0.00000   100%  90.7 5575s
 10393760 504727 infeasible   58        50.97378    0.00000   100%  90.7 5580s
 10405551 506313    0.00000   59    7   50.97378    0.00000   100%  90.7 5585s
 10418899 508968    0.00000   59    2   50.97378    0.00000   100%  90.6 5590s
 10430041 510626   42.00000   67   22   50.97378    0.00000   100%  90.6 5595s
 10439928 511767    0.00000   68    8   50.97378    0.00000   100%  90.6 5600s
 10448221 512139    0.00000   76   36   50.97378    0.00000   100%  90.6 5605s
 10457022 512455    0.00000   63   18   50.97378    0.00000   100%  90.6 5610s
 10465437 512968   42.00000   59   11   50.97378    0.00000   100%  90.6 5615s
 10474926 513580    0.00000   64   38   50.97378    0.00000   100%  90.6 5620s
 10484464 514383    0.00000   68    8   50.97378    0.00000   100%  90.6 5625s
 10494147 515051 infeasible   68        50.97378    0.00000   100%  90.6 5630s
 10502241 515349    0.00000   69    6   50.97378    0.00000   100%  90.6 5635s
 10512363 516490   42.00000   75   19   50.97378    0.00000   100%  90.6 5640s
 10521272 517625    0.00000   68    5   50.97378    0.00000   100%  90.6 5645s
 10529886 518755   42.00000   72   44   50.97378    0.00000   100%  90.6 5650s
 10541072 520445 infeasible   59        50.97378    0.00000   100%  90.6 5655s
 10551837 522949    0.00000   67   29   50.97378    0.00000   100%  90.6 5660s
 10563869 525175    0.00000   70   23   50.97378    0.00000   100%  90.5 5665s
 10576328 526877 infeasible   68        50.97378    0.00000   100%  90.5 5670s
 10588824 528663 infeasible   72        50.97378    0.00000   100%  90.5 5675s
 10599051 530282    0.00000   68   10   50.97378    0.00000   100%  90.5 5680s
 10611463 532641   42.00000   71   27   50.97378    0.00000   100%  90.4 5685s
 10623047 534631    0.00000   67   43   50.97378    0.00000   100%  90.4 5690s
 10634842 537497 infeasible   70        50.97378    0.00000   100%  90.4 5695s
 10648229 540288   42.00000   72   21   50.97378    0.00000   100%  90.4 5700s
 10660855 542323 infeasible   59        50.97378    0.00000   100%  90.3 5705s
 10671445 543965    0.00000   66   39   50.97378    0.00000   100%  90.3 5710s
 10681855 545583   42.00000   60   38   50.97378    0.00000   100%  90.3 5715s
 10694371 547507 infeasible   62        50.97378    0.00000   100%  90.3 5720s
 10704439 548689    0.00000   66   30   50.97378    0.00000   100%  90.3 5725s
 10712366 549484 infeasible   57        50.97378    0.00000   100%  90.3 5730s
 10723088 550273    0.00000   49    9   50.97378    0.00000   100%  90.3 5735s
 10731462 550723 infeasible   56        50.97378    0.00000   100%  90.3 5740s
 10740045 551220   48.00000   69   20   50.97378    0.00000   100%  90.3 5745s
 10750407 551886     cutoff   59        50.97378    0.00000   100%  90.3 5750s
 10760093 552323 infeasible   59        50.97378    0.00000   100%  90.3 5755s
 10772492 553049   48.00000   53   14   50.97378    0.00000   100%  90.2 5760s
 10783383 554018    0.00000   59   13   50.97378    0.00000   100%  90.2 5765s
 10794077 555249 infeasible   51        50.97378    0.00000   100%  90.2 5770s
 10804968 556501 infeasible   70        50.97378    0.00000   100%  90.2 5775s
 10814032 557389   41.00000   59    4   50.97378    0.00000   100%  90.2 5780s
 10825069 558122    0.00000   59    4   50.97378    0.00000   100%  90.2 5785s
 10833081 558757    0.00000   59   19   50.97378    0.00000   100%  90.2 5790s
 10842309 559674   48.00000   68   10   50.97378    0.00000   100%  90.2 5795s
 10855194 560546 infeasible   67        50.97378    0.00000   100%  90.1 5800s
 10867400 561915    0.00000   58    4   50.97378    0.00000   100%  90.1 5805s
 10878445 563455   48.00000   69    6   50.97378    0.00000   100%  90.1 5810s
 10889186 564876    0.00000   49   10   50.97378    0.00000   100%  90.1 5815s
 10900805 566246 infeasible   67        50.97378    0.00000   100%  90.1 5820s
 10911065 567252    0.00000   57   43   50.97378    0.00000   100%  90.1 5825s
 10920307 568247 infeasible   69        50.97378    0.00000   100%  90.1 5830s
 10933723 570073     cutoff   59        50.97378    0.00000   100%  90.0 5835s
 10945732 571538   48.00000   59    1   50.97378    0.00000   100%  90.0 5840s
 10961697 573669 infeasible   58        50.97378    0.00000   100%  89.9 5845s
 10974826 575812   48.00000   56   37   50.97378    0.00000   100%  89.9 5850s
 10987607 577929    0.00000   61   18   50.97378    0.00000   100%  89.9 5855s
 10999105 579821    0.00000   69   10   50.97378    0.00000   100%  89.9 5860s
 11007675 580697 infeasible   59        50.97378    0.00000   100%  89.9 5865s
 11017262 581448    0.00000   59   15   50.97378    0.00000   100%  89.9 5870s
 11026405 582203 infeasible   68        50.97378    0.00000   100%  89.9 5875s
 11034239 582950 infeasible   59        50.97378    0.00000   100%  89.9 5880s
 11045474 583799    0.00000   65   18   50.97378    0.00000   100%  89.9 5885s
 11053448 584384 infeasible   68        50.97378    0.00000   100%  89.9 5890s
 11063424 584981 infeasible   58        50.97378    0.00000   100%  89.9 5895s
 11072224 585310    0.00000   66   42   50.97378    0.00000   100%  89.9 5900s
 11081289 585767    0.00000   59   15   50.97378    0.00000   100%  89.9 5905s
 11089374 586043 infeasible   69        50.97378    0.00000   100%  89.9 5910s
 11098720 586519 infeasible   63        50.97378    0.00000   100%  89.9 5915s
 11107532 586959 infeasible   63        50.97378    0.00000   100%  89.9 5920s
 11118964 587550    0.00000   68    6   50.97378    0.00000   100%  89.9 5925s
 11128845 587960    0.00000   69    8   50.97378    0.00000   100%  89.9 5930s
 11137536 588516 infeasible   68        50.97378    0.00000   100%  89.9 5935s
 11147246 589147    0.00000   59   16   50.97378    0.00000   100%  89.9 5940s
 11155825 589873 infeasible   58        50.97378    0.00000   100%  89.9 5945s
 11168195 591164    0.00000   56   39   50.97378    0.00000   100%  89.8 5950s
 11178346 591993   48.00000   55   28   50.97378    0.00000   100%  89.8 5955s
 11188161 592705    0.00000   57   23   50.97378    0.00000   100%  89.8 5960s
 11199538 593093    0.00000   57   42   50.97378    0.00000   100%  89.8 5965s
 11209307 593889 infeasible   59        50.97378    0.00000   100%  89.8 5970s
 11215618 594173    0.00000   58    2   50.97378    0.00000   100%  89.8 5975s
 11223326 594405    0.00000   58    3   50.97378    0.00000   100%  89.8 5980s
 11232236 594675    0.00000   59    5   50.97378    0.00000   100%  89.8 5985s
 11239785 595047    0.00000   69    5   50.97378    0.00000   100%  89.8 5990s
 11248236 595181    0.00000   71   30   50.97378    0.00000   100%  89.9 5995s
 11257282 595614 infeasible   61        50.97378    0.00000   100%  89.9 6000s
 11266309 596168    0.00000   61   38   50.97378    0.00000   100%  89.9 6005s
 11276965 596795 infeasible   64        50.97378    0.00000   100%  89.9 6010s
 11285970 597354    0.00000   49    8   50.97378    0.00000   100%  89.9 6015s
 11295413 597627    0.00000   66   31   50.97378    0.00000   100%  89.9 6020s
 11303588 597881 infeasible   59        50.97378    0.00000   100%  89.9 6025s
 11313305 598240    0.00000   59    6   50.97378    0.00000   100%  89.9 6030s
 11320926 598549 infeasible   58        50.97378    0.00000   100%  89.9 6035s
 11331157 599014    0.00000   65   42   50.97378    0.00000   100%  89.9 6040s
 11339416 599445    0.00000   64    7   50.97378    0.00000   100%  89.9 6045s
 11349403 599766   48.00000   60   26   50.97378    0.00000   100%  89.9 6050s
 11357612 599937   35.00000   63   31   50.97378    0.00000   100%  89.9 6055s
 11368076 600311 infeasible   61        50.97378    0.00000   100%  89.9 6060s
 11376838 600657    0.00000   60   16   50.97378    0.00000   100%  89.9 6065s
 11385739 601081    0.00000   64   45   50.97378    0.00000   100%  89.9 6070s
 11394864 601494 infeasible   66        50.97378    0.00000   100%  89.9 6075s
 11404930 602021    0.00000   65   29   50.97378    0.00000   100%  89.9 6080s
 11415358 602651 infeasible   69        50.97378    0.00000   100%  89.9 6085s
 11423864 603111    0.00000   59    5   50.97378    0.00000   100%  89.9 6090s
 11432467 603498 infeasible   69        50.97378    0.00000   100%  89.9 6095s
 11439539 603800 infeasible   52        50.97378    0.00000   100%  89.9 6100s
 11447373 604099    0.00000   67   38   50.97378    0.00000   100%  89.9 6105s
 11455145 604327    0.00000   63   29   50.97378    0.00000   100%  89.9 6110s
 11463363 604584 infeasible   69        50.97378    0.00000   100%  89.9 6115s
 11472397 604912    0.00000   73   17   50.97378    0.00000   100%  89.9 6120s
 11482064 605445 infeasible   59        50.97378    0.00000   100%  89.9 6125s
 11490074 605865 infeasible   59        50.97378    0.00000   100%  90.0 6130s
 11498117 606076    0.00000   59   12   50.97378    0.00000   100%  90.0 6135s
 11507061 606321 infeasible   59        50.97378    0.00000   100%  90.0 6140s
 11515227 606610 infeasible   69        50.97378    0.00000   100%  90.0 6145s
 11525441 606940     cutoff   60        50.97378    0.00000   100%  90.0 6150s
 11533440 607163 infeasible   58        50.97378    0.00000   100%  90.0 6155s
 11540512 607289    0.00000   59   11   50.97378    0.00000   100%  90.0 6160s
 11549569 607420 infeasible   59        50.97378    0.00000   100%  90.0 6165s
 11556785 607577    0.00000   66   44   50.97378    0.00000   100%  90.0 6170s
 11565187 608022 infeasible   59        50.97378    0.00000   100%  90.0 6175s
 11572529 608428    0.00000   59   14   50.97378    0.00000   100%  90.0 6180s
 11581671 609954    0.00000   53   26   50.97378    0.00000   100%  90.0 6188s
 11590940 610219   48.00000   60   20   50.97378    0.00000   100%  90.0 6190s
 11599257 610934 infeasible   69        50.97378    0.00000   100%  90.0 6195s
 11609971 611940 infeasible   63        50.97378    0.00000   100%  90.0 6200s
 11619541 612743    0.00000   69   17   50.97378    0.00000   100%  90.0 6205s
 11629198 613415 infeasible   59        50.97378    0.00000   100%  90.0 6210s
 11639055 613863    0.00000   58    4   50.97378    0.00000   100%  90.0 6215s
 11648310 614316 infeasible   67        50.97378    0.00000   100%  90.0 6220s
 11656218 614809 infeasible   63        50.97378    0.00000   100%  90.0 6225s
 11664186 615038 infeasible   58        50.97378    0.00000   100%  90.0 6230s
 11673286 615355    0.00000   53   30   50.97378    0.00000   100%  90.0 6235s
 11680170 615552    0.00000   53   20   50.97378    0.00000   100%  90.0 6240s
 11689441 615762 infeasible   61        50.97378    0.00000   100%  90.1 6245s
 11696974 615919    0.00000   59   11   50.97378    0.00000   100%  90.1 6250s
 11705134 616227 infeasible   58        50.97378    0.00000   100%  90.1 6255s
 11713388 616509    0.00000   56   48   50.97378    0.00000   100%  90.1 6260s
 11720191 616737 infeasible   58        50.97378    0.00000   100%  90.1 6265s
 11728933 616960    0.00000   56   45   50.97378    0.00000   100%  90.1 6270s
 11735556 617026    0.00000   52   25   50.97378    0.00000   100%  90.1 6275s
 11742241 617147 infeasible   63        50.97378    0.00000   100%  90.2 6280s
 11751065 617315    0.00000   58    3   50.97378    0.00000   100%  90.2 6285s
 11758763 617519    0.00000   57   28   50.97378    0.00000   100%  90.2 6290s
 11767161 618053    0.00000   59   12   50.97378    0.00000   100%  90.2 6295s
 11775251 618714 infeasible   69        50.97378    0.00000   100%  90.2 6300s
 11786003 619831    0.00000   59   24   50.97378    0.00000   100%  90.2 6305s
 11798089 621378    0.00000   60    6   50.97378    0.00000   100%  90.2 6310s
 11809729 623090   32.00000   57   33   50.97378    0.00000   100%  90.2 6315s
 11822260 624021    0.00000   64   37   50.97378    0.00000   100%  90.1 6320s
 11831572 624485     cutoff   64        50.97378    0.00000   100%  90.1 6325s
 11840314 624890 infeasible   59        50.97378    0.00000   100%  90.1 6330s
 11850078 625192    0.00000   59   36   50.97378    0.00000   100%  90.1 6335s
 11859025 625496   31.00000   63   26   50.97378    0.00000   100%  90.1 6340s
 11867953 626068    0.00000   51   40   50.97378    0.00000   100%  90.1 6345s
 11878675 626945 infeasible   54        50.97378    0.00000   100%  90.1 6350s
 11887354 627492 infeasible   63        50.97378    0.00000   100%  90.1 6355s
 11895234 627991    0.00000   56   30   50.97378    0.00000   100%  90.1 6360s
 11905208 628381    0.00000   63   27   50.97378    0.00000   100%  90.1 6365s
 11913336 628667 infeasible   59        50.97378    0.00000   100%  90.1 6370s
 11923208 629074    0.00000   57   27   50.97378    0.00000   100%  90.1 6375s
 11931029 629426    0.00000   59    2   50.97378    0.00000   100%  90.2 6380s
 11939022 629651 infeasible   59        50.97378    0.00000   100%  90.2 6385s
 11949203 629813 infeasible   57        50.97378    0.00000   100%  90.2 6390s
 11956907 629882    0.00000   59   16   50.97378    0.00000   100%  90.2 6395s
 11966357 629951 infeasible   59        50.97378    0.00000   100%  90.2 6400s
 11973429 630187 infeasible   61        50.97378    0.00000   100%  90.2 6405s
 11982348 630618 infeasible   59        50.97378    0.00000   100%  90.2 6410s
 11991849 630824 infeasible   59        50.97378    0.00000   100%  90.2 6415s
 12000786 631071    0.00000   62   27   50.97378    0.00000   100%  90.2 6420s
 12008454 631210 infeasible   59        50.97378    0.00000   100%  90.2 6425s
 12019286 631326    0.00000   59   12   50.97378    0.00000   100%  90.2 6430s
 12027041 631501    0.00000   66   30   50.97378    0.00000   100%  90.2 6435s
 12037044 631626 infeasible   56        50.97378    0.00000   100%  90.2 6440s
 12044342 631692    0.00000   68    7   50.97378    0.00000   100%  90.2 6445s
 12051991 631842    0.00000   59   14   50.97378    0.00000   100%  90.2 6450s
 12058504 632066 infeasible   69        50.97378    0.00000   100%  90.2 6455s
 12065412 632245 infeasible   62        50.97378    0.00000   100%  90.3 6460s
 12071402 632406    0.00000   49   27   50.97378    0.00000   100%  90.3 6465s
 12081332 632608    0.00000   59   12   50.97378    0.00000   100%  90.3 6470s
 12088774 632778    0.00000   55   22   50.97378    0.00000   100%  90.3 6478s
 12099048 632888 infeasible   58        50.97378    0.00000   100%  90.3 6480s
 12105958 633017   31.00000   66   31   50.97378    0.00000   100%  90.3 6485s
 12116431 633160 infeasible   59        50.97378    0.00000   100%  90.3 6490s
 12123924 633299    0.00000   58   11   50.97378    0.00000   100%  90.3 6495s
 12131578 633615 infeasible   60        50.97378    0.00000   100%  90.3 6500s
 12141631 634194    0.00000   69   10   50.97378    0.00000   100%  90.3 6505s
 12150314 635483 infeasible   58        50.97378    0.00000   100%  90.3 6510s
 12160291 637207 infeasible   79        50.97378    0.00000   100%  90.3 6515s
 12169211 638569 infeasible   68        50.97378    0.00000   100%  90.3 6520s
 12180152 640033 infeasible   88        50.97378    0.00000   100%  90.3 6525s
 12189268 640748    0.00000   40   28   50.97378    0.00000   100%  90.3 6530s
 12197668 641188 infeasible   58        50.97378    0.00000   100%  90.3 6535s
 12205766 641347 infeasible   59        50.97378    0.00000   100%  90.3 6540s
 12213063 641511 infeasible   58        50.97378    0.00000   100%  90.3 6545s
 12222096 641717 infeasible   58        50.97378    0.00000   100%  90.3 6550s
 12230159 641926    0.00000   59   23   50.97378    0.00000   100%  90.3 6555s
 12238197 642119 infeasible   69        50.97378    0.00000   100%  90.3 6560s
 12247261 642435 infeasible   59        50.97378    0.00000   100%  90.4 6565s
 12255445 642754    0.00000   61   20   50.97378    0.00000   100%  90.4 6570s
 12262330 642991    0.00000   53   27   50.97378    0.00000   100%  90.4 6575s
 12272279 643224 infeasible   59        50.97378    0.00000   100%  90.4 6580s
 12280568 643339 infeasible   59        50.97378    0.00000   100%  90.4 6585s
 12288613 643483 infeasible   59        50.97378    0.00000   100%  90.4 6590s
 12297679 644145 infeasible   58        50.97378    0.00000   100%  90.4 6595s
 12305350 644668   31.00000   56   20   50.97378    0.00000   100%  90.4 6600s
 12312145 645424    0.00000   59    4   50.97378    0.00000   100%  90.4 6605s
 12322033 646015    0.00000   56   29   50.97378    0.00000   100%  90.4 6610s
 12328113 646335 infeasible   57        50.97378    0.00000   100%  90.5 6615s
 12336541 646714     cutoff   68        50.97378    0.00000   100%  90.5 6620s
 12344768 647040    0.00000   61    9   50.97378    0.00000   100%  90.5 6625s
 12352660 647194    0.00000   55   31   50.97378    0.00000   100%  90.5 6630s
 12360304 647380 infeasible   65        50.97378    0.00000   100%  90.5 6635s
 12367973 647600 infeasible   64        50.97378    0.00000   100%  90.5 6640s
 12375170 647764 infeasible   59        50.97378    0.00000   100%  90.5 6645s
 12384140 647948   31.00000   60   19   50.97378    0.00000   100%  90.5 6650s
 12392710 648103    0.00000   57   34   50.97378    0.00000   100%  90.5 6655s
 12400151 648304   32.00000   62   18   50.97378    0.00000   100%  90.5 6660s
 12409216 648675     cutoff   69        50.97378    0.00000   100%  90.5 6665s
 12417183 648931 infeasible   53        50.97378    0.00000   100%  90.5 6670s
 12425593 649054    0.00000   58    9   50.97378    0.00000   100%  90.5 6675s
 12434342 649255 infeasible   59        50.97378    0.00000   100%  90.5 6680s
 12443534 649305    0.00000   58    9   50.97378    0.00000   100%  90.5 6685s
 12451756 649419 infeasible   55        50.97378    0.00000   100%  90.5 6690s
 12461134 649759   41.00000   69    1   50.97378    0.00000   100%  90.5 6695s
 12471080 650308   49.00000   69   30   50.97378    0.00000   100%  90.5 6700s
 12482221 650798    0.00000   67   30   50.97378    0.00000   100%  90.5 6705s
 12491340 651120 infeasible   60        50.97378    0.00000   100%  90.5 6710s
 12501351 651372 infeasible   59        50.97378    0.00000   100%  90.5 6715s
 12508399 651517    0.00000   55   36   50.97378    0.00000   100%  90.5 6720s
 12517729 651752    0.00000   59   17   50.97378    0.00000   100%  90.5 6725s
 12525757 651999    0.00000   68    4   50.97378    0.00000   100%  90.5 6730s
 12534094 652206    0.00000   69   16   50.97378    0.00000   100%  90.5 6735s
 12541815 652411    0.00000   62   18   50.97378    0.00000   100%  90.5 6740s
 12550833 652500    0.00000   59   22   50.97378    0.00000   100%  90.6 6745s
 12557257 652606    0.00000   60   25   50.97378    0.00000   100%  90.6 6750s
 12565450 652689 infeasible   67        50.97378    0.00000   100%  90.6 6755s
 12574029 652909 infeasible   72        50.97378    0.00000   100%  90.6 6760s
 12581399 653048 infeasible   60        50.97378    0.00000   100%  90.6 6765s
 12589526 653170    0.00000   52   44   50.97378    0.00000   100%  90.6 6770s
 12596274 653293     cutoff   59        50.97378    0.00000   100%  90.6 6775s
 12604776 653424    0.00000   57   47   50.97378    0.00000   100%  90.6 6780s
 12613348 653576    0.00000   56   17   50.97378    0.00000   100%  90.6 6785s
 12620451 653683 infeasible   58        50.97378    0.00000   100%  90.6 6790s
 12628256 653863 infeasible   68        50.97378    0.00000   100%  90.6 6795s
 12635789 654111 infeasible   59        50.97378    0.00000   100%  90.7 6800s
 12644437 654408    0.00000   58    8   50.97378    0.00000   100%  90.7 6805s
 12651519 654474 infeasible   58        50.97378    0.00000   100%  90.7 6810s
 12658488 654699 infeasible   70        50.97378    0.00000   100%  90.7 6815s
 12668107 654841   21.03364   53   44   50.97378    0.00000   100%  90.7 6820s
 12674115 654893    0.00000   66   33   50.97378    0.00000   100%  90.7 6825s
 12682832 655280    0.00000   69   20   50.97378    0.00000   100%  90.7 6830s
 12691216 655522 infeasible   59        50.97378    0.00000   100%  90.7 6835s
 12697560 655655    0.00000   48    6   50.97378    0.00000   100%  90.7 6840s
 12706116 655823    0.00000   53   21   50.97378    0.00000   100%  90.8 6845s
 12713609 656009    0.00000   64   38   50.97378    0.00000   100%  90.8 6850s
 12722046 656030 infeasible   68        50.97378    0.00000   100%  90.8 6855s
 12730018 656013 infeasible   56        50.97378    0.00000   100%  90.8 6860s
 12738561 656157 infeasible   68        50.97378    0.00000   100%  90.8 6865s
 12745978 656353 infeasible   58        50.97378    0.00000   100%  90.8 6870s
 12754373 656702 infeasible   63        50.97378    0.00000   100%  90.8 6875s
 12761017 656931    0.00000   58    3   50.97378    0.00000   100%  90.8 6880s
 12769050 657073    0.00000   64   43   50.97378    0.00000   100%  90.8 6885s
 12778438 657384    0.00000   68    6   50.97378    0.00000   100%  90.8 6890s
 12787128 657517 infeasible   59        50.97378    0.00000   100%  90.8 6895s
 12793847 657612    0.00000   64   40   50.97378    0.00000   100%  90.8 6900s
 12802114 657695    0.00000   52   23   50.97378    0.00000   100%  90.8 6905s
 12809253 657722    0.00000   66   32   50.97378    0.00000   100%  90.9 6910s
 12817652 657789    0.00000   59    7   50.97378    0.00000   100%  90.9 6915s
 12826377 657938    0.00000   58   13   50.97378    0.00000   100%  90.9 6920s
 12832548 658075    0.00000   64   18   50.97378    0.00000   100%  90.9 6925s
 12843003 658280 infeasible   59        50.97378    0.00000   100%  90.9 6930s
 12851026 658648 infeasible   68        50.97378    0.00000   100%  90.9 6935s
 12858719 658989 infeasible   58        50.97378    0.00000   100%  90.9 6940s
 12867433 659305    0.00000   66   39   50.97378    0.00000   100%  90.9 6946s
 12876235 659682    0.00000   52   39   50.97378    0.00000   100%  90.9 6950s
 12885175 659861    0.00000   59    7   50.97378    0.00000   100%  90.9 6955s
 12893439 660037    0.00000   57   29   50.97378    0.00000   100%  90.9 6960s
 12899978 660038 infeasible   65        50.97378    0.00000   100%  90.9 6965s
 12907344 660155    0.00000   56   39   50.97378    0.00000   100%  90.9 6970s
 12915559 660546    0.00000   69    4   50.97378    0.00000   100%  90.9 6975s
 12923085 660850    0.00000   59   20   50.97378    0.00000   100%  90.9 6980s
 12929647 661139     cutoff   59        50.97378    0.00000   100%  91.0 6985s
 12938667 661661 infeasible   61        50.97378    0.00000   100%  91.0 6990s
 12945881 661987    0.00000   56   30   50.97378    0.00000   100%  91.0 6995s
 12955277 663227 infeasible   57        50.97378    0.00000   100%  91.0 7000s
 12964948 664341 infeasible   72        50.97378    0.00000   100%  91.0 7005s
 12975136 665653    0.00000   69    8   50.97378    0.00000   100%  91.0 7010s
 12985616 667484     cutoff   71        50.97378    0.00000   100%  90.9 7018s
 12994735 667693    0.00000   79   13   50.97378    0.00000   100%  90.9 7020s
 13005441 668858    0.00000   63   31   50.97378    0.00000   100%  90.9 7025s
 13015866 669428    0.00000   59   10   50.97378    0.00000   100%  90.9 7030s
 13023216 669920 infeasible   59        50.97378    0.00000   100%  90.9 7035s
 13032580 670501 infeasible   69        50.97378    0.00000   100%  90.9 7040s
 13038477 670774 infeasible   54        50.97378    0.00000   100%  90.9 7045s
 13046153 671000 infeasible   59        50.97378    0.00000   100%  91.0 7050s
 13053088 671121 infeasible   58        50.97378    0.00000   100%  91.0 7055s
 13060043 671160 infeasible   68        50.97378    0.00000   100%  91.0 7060s
 13067791 671466 infeasible   63        50.97378    0.00000   100%  91.0 7065s
 13075082 671968    0.00000   57   41   50.97378    0.00000   100%  91.0 7073s
 13084619 672044    0.00000   68    7   50.97378    0.00000   100%  91.0 7075s
 13094065 672254 infeasible   58        50.97378    0.00000   100%  91.0 7080s
 13101419 672349    0.00000   59   16   50.97378    0.00000   100%  91.0 7085s
 13108259 672400 infeasible   61        50.97378    0.00000   100%  91.0 7090s
 13117243 672439   41.00000   59   18   50.97378    0.00000   100%  91.0 7095s
 13124064 672723    0.00000   57   47   50.97378    0.00000   100%  91.0 7100s
 13131954 672931 infeasible   57        50.97378    0.00000   100%  91.1 7105s
 13139303 673135 infeasible   60        50.97378    0.00000   100%  91.1 7110s
 13146215 673227 infeasible   58        50.97378    0.00000   100%  91.1 7115s
 13154669 673227 infeasible   59        50.97378    0.00000   100%  91.1 7120s
 13159843 673212 infeasible   65        50.97378    0.00000   100%  91.1 7125s
 13169250 673204 infeasible   61        50.97378    0.00000   100%  91.1 7130s
 13176334 673245 infeasible   58        50.97378    0.00000   100%  91.1 7135s
 13184563 673339    0.00000   57   31   50.97378    0.00000   100%  91.1 7140s
 13192319 673413   24.00000   65   14   50.97378    0.00000   100%  91.1 7145s
 13200930 673559 infeasible   68        50.97378    0.00000   100%  91.2 7150s
 13209989 673652 infeasible   68        50.97378    0.00000   100%  91.2 7155s
 13218706 673805    0.00000   59    6   50.97378    0.00000   100%  91.2 7160s
 13228991 673968 infeasible   58        50.97378    0.00000   100%  91.2 7165s
 13238245 674234 infeasible   58        50.97378    0.00000   100%  91.2 7170s
 13247944 674379    0.00000   49    6   50.97378    0.00000   100%  91.2 7175s
 13257298 674633    0.00000   58   10   50.97378    0.00000   100%  91.2 7180s
 13264792 675002    0.00000   59   12   50.97378    0.00000   100%  91.2 7185s
 13273428 675413 infeasible   58        50.97378    0.00000   100%  91.2 7190s
 13279918 675846 infeasible   59        50.97378    0.00000   100%  91.2 7195s
 13287843 676120 infeasible   59        50.97378    0.00000   100%  91.3 7200s

Cutting planes:
  Learned: 4
  Gomory: 3
  Implied bound: 11
  MIR: 10
  Mixing: 4
  Flow cover: 56
  Inf proof: 2
  RLT: 3
  BQP: 2

Explored 13288837 nodes (1212740828 simplex iterations) in 7200.07 seconds (13694.04 work units)
Thread count was 8 (of 192 available processors)

Solution count 10: 50.9738 51 51 ... 61

Time limit reached
Best objective 5.097377787196e+01, best bound 0.000000000000e+00, gap 100.0000%

User-callback calls 29618201, time in user-callback 5.02 sec

AVANT CALCUL DES AUTRES INDICATEURS
Obj_rho = 35
Obj_lambda = 1
Obj_phi = 0
AVANT CALCUL DES AUTRES INDICATEURS
Obj_rho = 35
Obj_lambda = 1
Obj_phi = 0
✅ Solution trouvée (status: TIME_LIMIT)
🎯 Objective global: 50.97377787195931
⏱️ Time used: 7200.07
Nombre de vols satisfaits: 196
Nombre de vols non satisfaits: 0

✈️ Paths for each aircraft:

🛩️ Aircraft N607AS path (27 nodes): s_(u=0, v=0, w=0) ➡️  N607AS_(u=3166, v=27, w=6) ➡️  ANC_SEA_137_389_(u=3339, v=28, w=6) ➡️  SEA_ANC_582_739_(u=3533, v=29, w=6) ➡️  ANC_SEA_1062_1344_(u=3721, v=30, w=6) ➡️  SEA_ORD_1795_2159_(u=3931, v=31, w=7) ➡️  ORD_PDX_2215_2349_(u=4166, v=32, w=7) ➡️  PDX_ONT_2434_2569_(u=4288, v=33, w=7) ➡️  ONT_PDX_2628_2754_(u=4399, v=34, w=7) ➡️  PDX_ANC_2866_3034_(u=4602, v=35, w=7) ➡️  ANC_SEA_3102_3363_(u=4776, v=36, w=8) ➡️  SEA_ANC_3462_3616_(u=4964, v=37, w=8) ➡️  ANC_JNU_4064_4188_(u=5057, v=38, w=8) ➡️  JNU_SIT_4227_4276_(u=5080, v=39, w=8) ➡️  SIT_JNU_4672_4708_(u=5103, v=40, w=9) ➡️  JNU_ANC_4773_4879_(u=5191, v=41, w=9) ➡️  ANC_BET_4949_5073_(u=5248, v=42, w=9) ➡️  BET_ANC_5111_5186_(u=5309, v=43, w=9) ➡️  ANC_JNU_6410_6511_(u=5392, v=44, w=10) ➡️  JNU_PSG_6558_6607_(u=5422, v=45, w=10) ➡️  PSG_WRG_6650_6684_(u=5438, v=46, w=10) ➡️  WRG_KTN_6726_6760_(u=5460, v=47, w=10) ➡️  KTN_SEA_6808_6973_(u=5550, v=48, w=10) ➡️  SEA_DFW_7967_8313_(u=5748, v=49, w=11) ➡️  DFW_SEA_8423_8562_(u=5980, v=50, w=11) ➡️  SEA_MSP_9120_9435_(u=175, v=1, w=1) ➡️  MSP_SEA_9512_9628_(u=365, v=2, w=1) ➡️  SEA_PHX_9672_9885_(u=499, v=3, w=1) ➡️  PHX_SEA_9941_10089_(u=683, v=4, w=1) ➡️  t_(u=0, v=0, w=0)

🛩️ Aircraft N585AS path (34 nodes): s_(u=0, v=0, w=0) ➡️  N585AS_(u=3542, v=30, w=6) ➡️  ANC_SEA_162_428_(u=3716, v=31, w=6) ➡️  SEA_ANC_479_633_(u=3909, v=32, w=6) ➡️  ANC_SEA_715_980_(u=4090, v=33, w=6) ➡️  SEA_BUR_1045_1181_(u=4208, v=34, w=6) ➡️  BUR_SEA_1268_1435_(u=4346, v=35, w=6) ➡️  SEA_SJC_1855_1984_(u=4456, v=36, w=7) ➡️  SJC_SEA_2047_2171_(u=4553, v=37, w=7) ➡️  SEA_SBA_2265_2429_(u=4684, v=38, w=7) ➡️  SBA_SEA_2482_2633_(u=4800, v=39, w=7) ➡️  SEA_PDX_2732_2790_(u=4829, v=40, w=7) ➡️  PDX_SEA_3178_3252_(u=4865, v=41, w=8) ➡️  SEA_LAS_3342_3511_(u=4993, v=42, w=8) ➡️  LAS_SEA_3563_3728_(u=5128, v=43, w=8) ➡️  SEA_LAS_3857_4005_(u=5252, v=44, w=8) ➡️  LAS_SEA_4086_4272_(u=5396, v=45, w=8) ➡️  SEA_PHX_4668_4915_(u=5533, v=46, w=9) ➡️  PHX_SEA_4965_5107_(u=5708, v=47, w=9) ➡️  SEA_SAN_5176_5324_(u=5833, v=48, w=9) ➡️  SAN_SEA_5397_5572_(u=5985, v=49, w=9) ➡️  SEA_LAS_6225_6362_(u=111, v=1, w=1) ➡️  LAS_SEA_6427_6598_(u=257, v=2, w=1) ➡️  SEA_PHX_6669_6910_(u=390, v=3, w=1) ➡️  PHX_SEA_6965_7117_(u=569, v=4, w=1) ➡️  SEA_DFW_7182_7527_(u=766, v=5, w=1) ➡️  DFW_SEA_7641_7776_(u=992, v=6, w=2) ➡️  SEA_OAK_8006_8114_(u=1084, v=7, w=2) ➡️  OAK_SEA_8157_8285_(u=1183, v=8, w=2) ➡️  SEA_SMF_8335_8455_(u=1258, v=9, w=2) ➡️  SMF_SEA_8490_8613_(u=1361, v=10, w=2) ➡️  SEA_SNA_9008_9175_(u=1472, v=11, w=3) ➡️  SNA_SEA_9239_9448_(u=1657, v=12, w=3) ➡️  SEA_DEN_9579_9790_(u=1787, v=13, w=3) ➡️  DEN_SEA_9846_9966_(u=1942, v=14, w=3) ➡️  SEA_FAI_10053_10220_(u=2146, v=15, w=3) ➡️  t_(u=0, v=0, w=0)

🛩️ Aircraft N317AS path (32 nodes): s_(u=0, v=0, w=0) ➡️  N317AS_(u=0, v=0, w=1) ➡️  FAI_SEA_201_455_(u=177, v=1, w=1) ➡️  SEA_LAX_528_675_(u=298, v=2, w=1) ➡️  LAX_SEA_743_917_(u=446, v=3, w=1) ➡️  SEA_SFO_990_1113_(u=549, v=4, w=1) ➡️  SFO_SEA_1177_1307_(u=648, v=5, w=1) ➡️  SEA_SLC_1846_2021_(u=744, v=6, w=2) ➡️  SLC_SEA_2122_2206_(u=845, v=7, w=2) ➡️  SEA_SJC_2247_2382_(u=962, v=8, w=2) ➡️  SJC_SEA_2432_2554_(u=1057, v=9, w=2) ➡️  SEA_ANC_2874_3028_(u=1250, v=10, w=2) ➡️  ANC_SEA_3168_3438_(u=1432, v=11, w=3) ➡️  SEA_IAD_3504_3971_(u=1697, v=12, w=3) ➡️  IAD_SEA_4030_4189_(u=2006, v=13, w=3) ➡️  SEA_SMF_4248_4369_(u=2087, v=14, w=3) ➡️  SMF_SEA_4703_4832_(u=2186, v=15, w=4) ➡️  SEA_PIT_4922_5383_(u=2430, v=16, w=4) ➡️  PIT_SEA_5447_5576_(u=2718, v=17, w=4) ➡️  SEA_MSP_6233_6559_(u=2889, v=18, w=5) ➡️  MSP_SEA_6615_6760_(u=3087, v=19, w=5) ➡️  SEA_SNA_6813_6972_(u=3214, v=20, w=5) ➡️  SNA_SEA_7009_7192_(u=3368, v=21, w=5) ➡️  SEA_PHX_7626_7841_(u=3503, v=22, w=6) ➡️  PHX_SEA_7908_8038_(u=3664, v=23, w=6) ➡️  SEA_PHX_8109_8330_(u=3800, v=24, w=6) ➡️  PHX_SEA_8407_8537_(u=3964, v=25, w=6) ➡️  SEA_ORD_8600_8957_(u=4172, v=26, w=6) ➡️  ORD_PDX_9026_9156_(u=4404, v=27, w=7) ➡️  PDX_SEA_9262_9310_(u=4436, v=28, w=7) ➡️  SEA_BOI_9372_9523_(u=4498, v=29, w=7) ➡️  BOI_SEA_9582_9616_(u=4572, v=30, w=7) ➡️  SEA_LIH_9718_9994_(u=4917, v=31, w=7) ➡️  LIH_SAN_10060_10521_(u=5236, v=32, w=7) ➡️  t_(u=0, v=0, w=0)

🛩️ Aircraft N587AS path (30 nodes): s_(u=0, v=0, w=0) ➡️  N587AS_(u=0, v=0, w=1) ➡️  JNU_SEA_310_514_(u=116, v=1, w=1) ➡️  SEA_PIT_580_1048_(u=374, v=2, w=1) ➡️  PIT_SEA_1104_1236_(u=648, v=3, w=1) ➡️  SEA_ORD_1401_1741_(u=851, v=4, w=1) ➡️  ORD_SEA_1807_1944_(u=1079, v=5, w=2) ➡️  SEA_ANC_2030_2168_(u=1255, v=6, w=2) ➡️  ANC_CDV_2249_2310_(u=1292, v=7, w=2) ➡️  CDV_YAK_2357_2404_(u=1330, v=8, w=2) ➡️  YAK_JNU_2447_2500_(u=1364, v=9, w=2) ➡️  JNU_SEA_2569_2776_(u=1481, v=10, w=2) ➡️  SEA_ANC_3375_3530_(u=1672, v=11, w=3) ➡️  ANC_SEA_3593_3853_(u=1855, v=12, w=3) ➡️  SEA_PHX_4087_4345_(u=1991, v=13, w=3) ➡️  PHX_SEA_4706_4849_(u=2170, v=14, w=4) ➡️  SEA_DCA_4891_5368_(u=2441, v=15, w=4) ➡️  DCA_SEA_5437_5593_(u=2756, v=16, w=4) ➡️  SEA_SMF_5645_5755_(u=2837, v=17, w=4) ➡️  SMF_SEA_6112_6231_(u=2933, v=18, w=5) ➡️  SEA_LIH_6321_6593_(u=3294, v=19, w=5) ➡️  LIH_SEA_6647_7117_(u=3610, v=20, w=5) ➡️  SEA_SNA_7578_7729_(u=3735, v=21, w=6) ➡️  SNA_SEA_7783_7960_(u=3895, v=22, w=6) ➡️  SEA_PHX_8018_8241_(u=4033, v=23, w=6) ➡️  PHX_ANC_8336_8626_(u=4410, v=24, w=6) ➡️  ANC_SEA_8684_8926_(u=4568, v=25, w=7) ➡️  SEA_SFO_8995_9134_(u=4656, v=26, w=7) ➡️  SFO_JAC_9215_9444_(u=4805, v=27, w=7) ➡️  JAC_SFO_9493_9582_(u=4917, v=28, w=7) ➡️  SFO_PDX_9628_9744_(u=5013, v=29, w=7) ➡️  PDX_SFO_9826_9943_(u=5088, v=30, w=7) ➡️  t_(u=0, v=0, w=0)

🛩️ Aircraft N284AK path (22 nodes): s_(u=0, v=0, w=0) ➡️  N284AK_(u=0, v=0, w=1) ➡️  PHX_PDX_356_453_(u=138, v=1, w=1) ➡️  PDX_FLL_541_1050_(u=449, v=2, w=1) ➡️  FLL_SFO_1118_1320_(u=802, v=3, w=1) ➡️  SFO_FLL_1383_1870_(u=1079, v=4, w=1) ➡️  FLL_PDX_2018_2231_(u=1440, v=5, w=2) ➡️  PDX_JFK_2322_2828_(u=1728, v=6, w=2) ➡️  JFK_PSP_3414_3583_(u=2053, v=7, w=3) ➡️  PSP_SEA_3697_3873_(u=2207, v=8, w=3) ➡️  SEA_ONT_3941_4070_(u=2317, v=9, w=3) ➡️  ONT_SEA_4675_4856_(u=2473, v=10, w=4) ➡️  SEA_CLE_4925_5380_(u=2708, v=11, w=4) ➡️  CLE_SEA_5435_5585_(u=2984, v=12, w=4) ➡️  SEA_DAL_6207_6549_(u=3183, v=13, w=5) ➡️  DAL_SEA_6619_6766_(u=3433, v=14, w=5) ➡️  SEA_STL_6837_7194_(u=3632, v=15, w=5) ➡️  STL_SEA_7614_7836_(u=3864, v=16, w=6) ➡️  SEA_MCI_7916_8251_(u=4049, v=17, w=6) ➡️  MCI_SEA_8308_8432_(u=4249, v=18, w=6) ➡️  SEA_JNU_8494_8605_(u=4395, v=19, w=6) ➡️  JNU_SEA_9259_9463_(u=4494, v=20, w=7) ➡️  SEA_BUR_9508_9638_(u=4601, v=21, w=7) ➡️  BUR_SEA_9709_9913_(u=4763, v=22, w=7) ➡️  t_(u=0, v=0, w=0)

🛩️ Aircraft N320AS path (28 nodes): s_(u=0, v=0, w=0) ➡️  N320AS_(u=0, v=0, w=1) ➡️  SJC_SEA_364_507_(u=106, v=1, w=1) ➡️  SEA_PHX_570_794_(u=247, v=2, w=1) ➡️  PHX_SEA_857_991_(u=412, v=3, w=1) ➡️  SEA_LAS_1064_1207_(u=522, v=4, w=1) ➡️  LAS_SFO_1317_1401_(u=588, v=5, w=1) ➡️  SFO_ORD_1859_2247_(u=820, v=6, w=2) ➡️  ORD_SFO_2309_2462_(u=1065, v=7, w=2) ➡️  SFO_AUS_2533_2855_(u=1242, v=8, w=2) ➡️  AUS_SFO_3432_3558_(u=1452, v=9, w=3) ➡️  SFO_SEA_3655_3795_(u=1561, v=10, w=3) ➡️  SEA_ATL_3841_4313_(u=1825, v=11, w=3) ➡️  ATL_SEA_4752_4910_(u=2112, v=12, w=4) ➡️  SEA_RDM_4991_5054_(u=2150, v=13, w=4) ➡️  RDM_SEA_5133_5199_(u=2198, v=14, w=4) ➡️  SEA_ANC_5295_5444_(u=2387, v=15, w=4) ➡️  ANC_SEA_5503_5765_(u=2568, v=16, w=4) ➡️  SEA_SLC_6187_6360_(u=2660, v=17, w=5) ➡️  SLC_SEA_6449_6557_(u=2772, v=18, w=5) ➡️  SEA_LAX_6651_6804_(u=2894, v=19, w=5) ➡️  LAX_SEA_6863_7042_(u=3047, v=20, w=5) ➡️  SEA_SMF_7089_7200_(u=3133, v=21, w=5) ➡️  SMF_SEA_7553_7682_(u=3229, v=22, w=6) ➡️  SEA_FLL_7746_8300_(u=3549, v=23, w=6) ➡️  FLL_SEA_8359_8570_(u=3908, v=24, w=6) ➡️  SEA_PHX_9068_9279_(u=4041, v=25, w=7) ➡️  PHX_SEA_9344_9480_(u=4210, v=26, w=7) ➡️  SEA_PHX_9550_9765_(u=4346, v=27, w=7) ➡️  PHX_SEA_9831_9982_(u=4529, v=28, w=7) ➡️  t_(u=0, v=0, w=0)

🛩️ Aircraft N277AK path (23 nodes): s_(u=0, v=0, w=0) ➡️  N277AK_(u=0, v=0, w=1) ➡️  SEA_FAT_375_503_(u=113, v=1, w=1) ➡️  FAT_SEA_559_687_(u=221, v=2, w=1) ➡️  SEA_ANC_799_933_(u=399, v=3, w=1) ➡️  ANC_SEA_1660_1931_(u=590, v=4, w=2) ➡️  SEA_IAD_2038_2527_(u=862, v=5, w=2) ➡️  IAD_SEA_2584_2741_(u=1171, v=6, w=2) ➡️  SEA_IAH_2838_3229_(u=1403, v=7, w=2) ➡️  IAH_SEA_3299_3463_(u=1647, v=8, w=3) ➡️  SEA_DEN_3550_3770_(u=1783, v=9, w=3) ➡️  DEN_SEA_3827_3928_(u=1922, v=10, w=3) ➡️  SEA_SAN_4005_4151_(u=2043, v=11, w=3) ➡️  SAN_TPA_4795_5235_(u=2276, v=12, w=4) ➡️  TPA_SAN_5307_5449_(u=2564, v=13, w=4) ➡️  SAN_SEA_5512_5695_(u=2718, v=14, w=4) ➡️  SEA_ATL_6289_6758_(u=2984, v=15, w=5) ➡️  ATL_SEA_6839_6970_(u=3275, v=16, w=5) ➡️  SEA_PDX_7152_7210_(u=3304, v=17, w=5) ➡️  PDX_SEA_7495_7564_(u=3336, v=18, w=6) ➡️  SEA_LIH_7702_8038_(u=3668, v=19, w=6) ➡️  LIH_SEA_8108_8604_(u=4008, v=20, w=6) ➡️  SEA_SAN_9117_9279_(u=4122, v=21, w=7) ➡️  SAN_MCO_9359_9801_(u=4358, v=22, w=7) ➡️  MCO_SEA_9867_10065_(u=4704, v=23, w=7) ➡️  t_(u=0, v=0, w=0)

🛠️ Maintenance at node SEA_MSP_9120_9435 by aircraft N607AS | ρ=20; λ=0; φ=-1
🛠️ Maintenance at node SEA_LAS_6225_6362 by aircraft N585AS | ρ=15; λ=1; φ=1

Nombre de maintenances au total: 1.9999979026107262
Stations de maintenance utilisées: Any["SEA"]
Nombre de stations de maintenance utilisées: 1
