

GRAPH REDUCING : false
-----------------------INSTANCE 354FL_8A_21--------------------------
Gurobi 13.0.0 (linux64) logging started Thu Mar 26 08:19:34 2026

Set parameter LogFile to value "RESULTS/A_MTN_5/result_354FL_8A_21_MILP.txt"

Gurobi 13.0.0 (linux64) logging started Thu Mar 26 08:19:37 2026

Set parameter LogFile to value "RESULTS/A_MTN_5/result_354FL_8A_21_MILP.txt"
Gurobi Optimizer version 13.0.0 build v13.0.0rc1 (linux64 - "AlmaLinux 9.6 (Sage Margay)")

CPU model: Intel(R) Xeon(R) 6972P, instruction set [SSE2|AVX|AVX2|AVX512]
Thread count: 192 physical cores, 192 logical processors, using up to 8 threads

Non-default parameters:
TimeLimit  18000
Threads  8

Optimize a model with 24480 rows, 4914 columns and 90862 nonzeros (Min)
Model fingerprint: 0xe25a123b
Model has 199 linear objective coefficients
Variable types: 1326 continuous, 3588 integer (3190 binary)
Coefficient statistics:
  Matrix range     [1e+00, 6e+03]
  Objective range  [1e+00, 1e+00]
  Bounds range     [1e+01, 6e+03]
  RHS range        [1e+00, 6e+03]
Presolve removed 6371 rows and 1307 columns
Presolve time: 0.24s
Presolved: 18109 rows, 3607 columns, 105561 nonzeros
Variable types: 569 continuous, 3038 integer (2863 binary)
Root relaxation presolved: 18109 rows, 3607 columns, 105561 nonzeros


Root relaxation: objective 0.000000e+00, 1976 iterations, 0.13 seconds (0.19 work units)

    Nodes    |    Current Node    |     Objective Bounds      |     Work
 Expl Unexpl |  Obj  Depth IntInf | Incumbent    BestBd   Gap | It/Node Time

     0     0    0.00000    0   76          -    0.00000      -     -    0s
     0     0    0.00000    0  101          -    0.00000      -     -    1s
     0     0    0.00000    0  101          -    0.00000      -     -    1s
     0     0    0.00000    0   84          -    0.00000      -     -    1s
     0     0    0.00000    0   14          -    0.00000      -     -    1s
H    0     0                      10.0000000    0.00000   100%     -    1s
H    0     0                       9.0000000    0.00000   100%     -    1s
     0     0    0.00000    0   14    9.00000    0.00000   100%     -    1s
H    0     0                       6.0000000    0.00000   100%     -    2s
     0     0    0.00000    0   24    6.00000    0.00000   100%     -    2s
     0     0    0.00000    0   14    6.00000    0.00000   100%     -    2s
     0     0    0.00000    0   14    6.00000    0.00000   100%     -    2s
     0     0    0.00000    0   13    6.00000    0.00000   100%     -    2s
     0     0    0.00000    0   13    6.00000    0.00000   100%     -    2s
     0     0    0.00000    0   15    6.00000    0.00000   100%     -    2s
     0     0    0.00000    0    7    6.00000    0.00000   100%     -    2s
     0     0    0.00000    0    7    6.00000    0.00000   100%     -    2s
     0     0    0.00000    0   14    6.00000    0.00000   100%     -    3s
     0     0    0.00000    0   10    6.00000    0.00000   100%     -    3s
     0     0    0.00000    0   10    6.00000    0.00000   100%     -    3s
     0     0    0.00000    0    7    6.00000    0.00000   100%     -    3s
     0     0    0.00000    0   27    6.00000    0.00000   100%     -    3s
     0     0    0.00000    0   10    6.00000    0.00000   100%     -    3s
     0     0    0.00000    0   10    6.00000    0.00000   100%     -    3s
     0     0    0.00000    0   10    6.00000    0.00000   100%     -    3s
     0     0    0.00000    0   10    6.00000    0.00000   100%     -    3s
     0     2    0.00000    0    9    6.00000    0.00000   100%     -    4s
    48    82    0.00000    8   57    6.00000    0.00000   100%   105    5s
H  690   784                       5.0000000    0.00000   100%  90.8    7s
  3381  3147    0.00000  137   10    5.00000    0.00000   100%  80.9   10s
  3394  3156    0.00000  132   25    5.00000    0.00000   100%  80.6   15s
H 3397  2999                       4.0000000    0.00000   100%  80.5   16s
  3404  3006    0.00000   12   17    4.00000    0.00000   100%  85.5   21s
  3727  3531    0.00000   32   41    4.00000    0.00000   100%  89.5   27s
  4044  4216    0.00000   63   54    4.00000    0.00000   100%  91.1   30s
  5882  4838    0.00000   94   23    4.00000    0.00000   100%  93.5   36s
  8474  5901    1.00000  101   25    4.00000    0.00000   100%  96.4   40s
 10862  6146    0.00000   42   14    4.00000    0.00000   100%  99.5   45s
 10879  6161    0.00000   21   26    4.00000    0.00000   100%   101   50s
 11695  7153    0.00000   84  105    4.00000    0.00000   100%   101   56s
 12164  7851    0.00000  113   39    4.00000    0.00000   100%   101   60s
 14240  8640    0.00000  120   95    4.00000    0.00000   100%   102   65s
 15117  8363    1.00000   42   13    4.00000    0.00000   100%   103   70s
 15250  8644    0.00000   42   92    4.00000    0.00000   100%   103   75s
 16233  9288    0.00000  107  114    4.00000    0.00000   100%   103   81s
H16427  8810                       3.0000000    0.00000   100%   103   83s
 16432  9443    0.00000  121   50    3.00000    0.00000   100%   103   85s
 18331 10382    0.00000  135   67    3.00000    0.00000   100%   103   90s
 20834 10865    0.00000  169   82    3.00000    0.00000   100%   103   95s
 22723 11107    0.00000  124  114    3.00000    0.00000   100%   102  100s
 26787 11585    0.00000  152   85    3.00000    0.00000   100%   101  105s
 29280 11681 infeasible  153         3.00000    0.00000   100%   100  110s
 32646 11774    0.00000  160   41    3.00000    0.00000   100%   100  115s
 36932 12127    0.00000  132   67    3.00000    0.00000   100%   101  120s
 38973 12128    0.00000  100   61    3.00000    0.00000   100%   102  125s
 42825 13732    0.00000  114  103    3.00000    0.00000   100%   103  130s
 45069 14184    0.00000   80   12    3.00000    0.00000   100%   103  154s
 45110 16804    0.00000   81   24    3.00000    0.00000   100%   103  167s
 53120 17001    1.00000   83   26    3.00000    0.00000   100%   105  170s
H53121 13464                       2.0000000    0.00000   100%   105  170s
 55322 14031 infeasible  130         2.00000    0.00000   100%   105  175s
 57529 14775 infeasible  119         2.00000    0.00000   100%   105  180s
 59933 15072    1.00000  161    9    2.00000    0.00000   100%   105  185s
 59952 15085    0.00000   77   16    2.00000    0.00000   100%   105  190s
 60701 15895    0.00000   84   40    2.00000    0.00000   100%   106  195s
 61531 16338    0.00000  139   27    2.00000    0.00000   100%   106  201s
 62297 17356    0.00000  177   50    2.00000    0.00000   100%   106  205s
 66471 17235    0.00000  180   78    2.00000    0.00000   100%   106  210s
 67525 17162    1.00000  169  119    2.00000    0.00000   100%   107  215s
 69998 16847    0.00000  197  102    2.00000    0.00000   100%   108  220s
 72752 16437    1.00000  208   97    2.00000    0.00000   100%   109  225s
 76177 16111    0.00000  179   30    2.00000    0.00000   100%   110  230s
 80781 15398    0.00000  169   52    2.00000    0.00000   100%   111  235s
 83336 14742 infeasible  186         2.00000    0.00000   100%   113  240s
 86361 14267    1.00000   79   31    2.00000    0.00000   100%   114  245s
 88913 13624    0.00000  131   10    2.00000    0.00000   100%   114  250s
 88931 13636    0.00000   82   17    2.00000    0.00000   100%   114  256s
 89244 14044    0.00000   74   45    2.00000    0.00000   100%   114  260s
 89450 14391    0.00000   96   99    2.00000    0.00000   100%   115  265s
 91262 15489    1.00000  201   68    2.00000    0.00000   100%   114  271s
 92947 16132    0.00000  192   84    2.00000    0.00000   100%   115  275s
 95511 17466    1.00000  192  121    2.00000    0.00000   100%   114  280s
 100095 17648    0.00000  132  148    2.00000    0.00000   100%   113  285s
 103343 18009    1.00000  159  145    2.00000    0.00000   100%   113  290s
 107420 17328    0.00000  194   23    2.00000    0.00000   100%   114  295s
 110271 16636 infeasible  179         2.00000    0.00000   100%   114  300s
 110503 16846 infeasible  174         2.00000    0.00000   100%   114  305s
 114610 17079    0.00000  113  104    2.00000    0.00000   100%   114  310s
 116604 18101 infeasible  154         2.00000    0.00000   100%   113  315s
 121964 18533 infeasible  142         2.00000    0.00000   100%   113  320s
 125979 18640 infeasible  147         2.00000    0.00000   100%   112  325s
 130773 19821    1.00000   93   60    2.00000    0.00000   100%   111  330s
 133865 20943 infeasible  115         2.00000    0.00000   100%   111  335s
 138240 22775 infeasible  111         2.00000    0.00000   100%   111  340s
 140809 23321    0.00000  114   42    2.00000    0.00000   100%   111  345s
 143601 24333 infeasible  134         2.00000    0.00000   100%   112  350s
 145862 24872    1.00000  134   76    2.00000    0.00000   100%   112  355s
 147997 25630     cutoff  144         2.00000    0.00000   100%   112  363s
 152265 25928 infeasible  139         2.00000    0.00000   100%   113  366s
 156120 26389 infeasible  134         2.00000    0.00000   100%   113  370s
 158704 26780 infeasible  135         2.00000    0.00000   100%   113  375s
 161210 27303    0.00000  124   26    2.00000    0.00000   100%   114  381s
 164126 27731    1.00000  179  114    2.00000    0.00000   100%   114  385s
 165859 27932 infeasible  138         2.00000    0.00000   100%   114  391s
 166803 28033 infeasible  139         2.00000    0.00000   100%   114  395s
 169212 28294 infeasible  145         2.00000    0.00000   100%   114  400s
 173216 29181    0.00000  133   21    2.00000    0.00000   100%   115  405s
 177513 29950    0.00000  193  119    2.00000    0.00000   100%   114  410s
 180637 30212 infeasible  175         2.00000    0.00000   100%   115  415s
 184319 30751    0.00000  169   71    2.00000    0.00000   100%   115  420s
 189209 31198 infeasible  183         2.00000    0.00000   100%   115  425s
 191777 31532    0.00000  181   66    2.00000    0.00000   100%   115  430s
 196720 31865 infeasible  192         2.00000    0.00000   100%   115  436s
 198753 32077     cutoff  184         2.00000    0.00000   100%   115  440s
 202600 32238 infeasible  174         2.00000    0.00000   100%   115  445s
 206201 32430 infeasible  174         2.00000    0.00000   100%   116  450s
 210663 32759    0.00000  174   24    2.00000    0.00000   100%   116  456s
 213553 33396 infeasible  171         2.00000    0.00000   100%   116  460s
 217590 34184    1.00000  128  129    2.00000    0.00000   100%   116  465s
 217997 34281    0.00000  118   81    2.00000    0.00000   100%   116  471s
 218628 34793    0.00000  124   18    2.00000    0.00000   100%   116  476s
 223120 35981    0.00000  139  108    2.00000    0.00000   100%   116  481s
 226660 36864 infeasible  148         2.00000    0.00000   100%   116  485s
 231035 37852    0.00000  135  140    2.00000    0.00000   100%   116  490s
 233622 38607    0.00000  141  104    2.00000    0.00000   100%   116  495s
 237163 39326 infeasible  134         2.00000    0.00000   100%   116  500s
 241199 40073    1.00000  137   83    2.00000    0.00000   100%   116  505s
 245411 41064    0.00000  146  143    2.00000    0.00000   100%   115  510s
 247780 42100 infeasible  129         2.00000    0.00000   100%   115  515s
 252544 43199 infeasible  135         2.00000    0.00000   100%   115  520s
 257063 44303    0.00000  167   38    2.00000    0.00000   100%   115  525s
*258921 25519             247       1.0000000    0.00000   100%   115  527s
 259892 25203    0.00000  114   12    1.00000    0.00000   100%   115  530s
 260009 25375    0.00000   77  135    1.00000    0.00000   100%   115  535s
 261278 26002    0.00000  103   91    1.00000    0.00000   100%   115  540s
 262384 26375    0.00000  107   65    1.00000    0.00000   100%   115  546s
 263161 26208    0.00000  109   69    1.00000    0.00000   100%   115  550s
 264663 26712    0.00000  105   88    1.00000    0.00000   100%   115  555s
 267986 26849 infeasible  134         1.00000    0.00000   100%   115  560s
 270685 26738    0.00000  153  113    1.00000    0.00000   100%   115  565s
 272604 26931    0.00000  159   79    1.00000    0.00000   100%   115  570s
 276693 26861    0.00000  160   51    1.00000    0.00000   100%   115  575s
 279730 26565 infeasible  154         1.00000    0.00000   100%   116  580s
 281949 26621 infeasible  187         1.00000    0.00000   100%   116  585s
 285388 26273    0.00000  123   46    1.00000    0.00000   100%   116  590s
 288317 26586 infeasible  160         1.00000    0.00000   100%   116  596s
 291924 26734 infeasible  139         1.00000    0.00000   100%   116  600s
 296095 26820 infeasible  176         1.00000    0.00000   100%   116  605s
 299693 27016    0.00000  144   68    1.00000    0.00000   100%   116  611s
 301727 27375    0.00000  139   84    1.00000    0.00000   100%   116  615s
 305918 27632    0.00000  147   50    1.00000    0.00000   100%   117  620s
 307698 27466    0.00000  125   90    1.00000    0.00000   100%   117  625s
 310660 27920    0.00000  125   45    1.00000    0.00000   100%   117  630s
 314851 28196 infeasible  135         1.00000    0.00000   100%   117  635s
 316516 28327    0.00000  140   30    1.00000    0.00000   100%   117  640s
 321355 28615    0.00000  125   77    1.00000    0.00000   100%   117  645s
 325695 28857    0.00000  147   36    1.00000    0.00000   100%   117  651s
 329519 29042    0.00000  136    9    1.00000    0.00000   100%   117  656s
 331801 29184    0.00000  143   54    1.00000    0.00000   100%   117  661s
 335424 29122    0.00000  141   52    1.00000    0.00000   100%   117  665s
 336050 29544    0.00000  146   82    1.00000    0.00000   100%   117  670s
 340083 30882 infeasible  151         1.00000    0.00000   100%   117  675s
 342815 32349    0.00000  118   48    1.00000    0.00000   100%   118  680s
 346839 33249 infeasible  174         1.00000    0.00000   100%   118  685s
 351957 35322    0.00000  150   54    1.00000    0.00000   100%   117  690s
 355742 36792 infeasible  157         1.00000    0.00000   100%   118  695s
 357356 40109    0.00000  158   12    1.00000    0.00000   100%   118  708s
 365915 40411    0.00000  137   61    1.00000    0.00000   100%   118  711s
 367535 41238    0.00000  142   75    1.00000    0.00000   100%   118  716s
 371161 42706    0.00000  156    8    1.00000    0.00000   100%   118  720s
 374922 43859    0.00000  129   54    1.00000    0.00000   100%   118  725s
 378721 45062 infeasible  166         1.00000    0.00000   100%   118  730s
 382898 46289 infeasible  138         1.00000    0.00000   100%   118  735s
 385083 47024 infeasible  167         1.00000    0.00000   100%   118  740s
 389767 48654    0.00000  135   58    1.00000    0.00000   100%   118  745s
 392991 49511 infeasible  165         1.00000    0.00000   100%   118  750s
 393054 49737 infeasible  128         1.00000    0.00000   100%   118  755s
 394565 50507    0.00000  158   42    1.00000    0.00000   100%   118  760s
 398346 51655 infeasible  167         1.00000    0.00000   100%   118  765s
 401711 52764    0.00000  157   17    1.00000    0.00000   100%   118  771s
 405539 53756    0.00000  162   36    1.00000    0.00000   100%   118  775s
 410405 55038 infeasible  167         1.00000    0.00000   100%   119  780s
 412434 55910    0.00000  154   88    1.00000    0.00000   100%   119  785s
 416202 57154    0.00000  127   44    1.00000    0.00000   100%   119  790s
 419937 58493    0.00000  121   38    1.00000    0.00000   100%   119  795s
 424520 59881 infeasible  166         1.00000    0.00000   100%   119  800s
 425923 60451    0.00000  165  127    1.00000    0.00000   100%   119  805s
 430709 62018    0.00000  176   17    1.00000    0.00000   100%   119  810s
 435261 63403    0.00000  160   58    1.00000    0.00000   100%   119  815s
 439767 64500 infeasible  172         1.00000    0.00000   100%   119  820s
 442191 65499    0.00000  119   50    1.00000    0.00000   100%   119  825s
 445733 67015    0.00000  146   67    1.00000    0.00000   100%   119  830s
 448620 67659 infeasible  144         1.00000    0.00000   100%   119  835s
 449514 68395    0.00000  115   42    1.00000    0.00000   100%   119  840s
 453211 69586 infeasible  142         1.00000    0.00000   100%   119  845s
 456520 70600    0.00000  156    8    1.00000    0.00000   100%   119  850s
 460469 71441    0.00000  134   47    1.00000    0.00000   100%   119  855s
 460481 73677    0.00000  135   44    1.00000    0.00000   100%   119  867s
 470026 74543    0.00000  149   35    1.00000    0.00000   100%   120  870s
 472360 75202    0.00000  156   12    1.00000    0.00000   100%   120  875s
 475712 76480    0.00000  147   20    1.00000    0.00000   100%   120  881s
 479173 77641 infeasible  154         1.00000    0.00000   100%   120  885s
 481600 78298 infeasible  146         1.00000    0.00000   100%   120  890s
 485778 79782    0.00000  127   80    1.00000    0.00000   100%   120  895s
 489575 80638    0.00000  115   35    1.00000    0.00000   100%   120  900s
 489602 80685    0.00000  118   28    1.00000    0.00000   100%   120  905s
 490239 81195    0.00000  122   31    1.00000    0.00000   100%   120  910s
 493929 82307 infeasible  142         1.00000    0.00000   100%   120  915s
 497860 83566 infeasible  156         1.00000    0.00000   100%   120  920s
 501725 85189    0.00000  160   56    1.00000    0.00000   100%   120  926s
 505671 86832    0.00000  137   58    1.00000    0.00000   100%   120  930s
 508893 87962    0.00000  135   82    1.00000    0.00000   100%   120  935s
 510219 88646    0.00000  156   89    1.00000    0.00000   100%   121  940s
 515239 89866 infeasible  177         1.00000    0.00000   100%   121  946s
 519176 91291    0.00000  146   91    1.00000    0.00000   100%   121  951s
 521955 91807    0.00000  144   68    1.00000    0.00000   100%   121  956s
 526028 92712    0.00000  161  119    1.00000    0.00000   100%   121  960s
 530615 93662 infeasible  156         1.00000    0.00000   100%   121  965s
 534391 94322 infeasible  156         1.00000    0.00000   100%   121  970s
 537622 95362    0.00000  155  103    1.00000    0.00000   100%   121  976s
 541247 96448    0.00000  136   33    1.00000    0.00000   100%   122  980s
 543596 96951    0.00000  143   43    1.00000    0.00000   100%   122  985s
 544225 97178    0.00000  146   23    1.00000    0.00000   100%   122  991s
 544911 97837    0.00000  147   88    1.00000    0.00000   100%   122  995s
 548908 99081    0.00000  146   30    1.00000    0.00000   100%   122 1000s
 553843 100669 infeasible  156         1.00000    0.00000   100%   122 1005s
 556960 101815    0.00000  135   74    1.00000    0.00000   100%   122 1010s
 559429 102598    0.00000  164   61    1.00000    0.00000   100%   122 1015s
 562936 103746 infeasible  147         1.00000    0.00000   100%   122 1020s
 567121 104960 infeasible  158         1.00000    0.00000   100%   122 1026s
 569835 105546 infeasible  128         1.00000    0.00000   100%   122 1030s
 573147 106481 infeasible  154         1.00000    0.00000   100%   122 1035s
 577446 107441    0.00000  168   31    1.00000    0.00000   100%   122 1040s
 581068 108366    0.00000  156   79    1.00000    0.00000   100%   122 1046s
 585148 109271    0.00000  140   67    1.00000    0.00000   100%   122 1050s
 589968 110490 infeasible  154         1.00000    0.00000   100%   122 1055s
 591009 110970    0.00000  146   59    1.00000    0.00000   100%   122 1060s
 595701 112091    0.00000  131   19    1.00000    0.00000   100%   122 1065s
 600198 113282    0.00000  146   56    1.00000    0.00000   100%   123 1070s
 601156 113337    0.00000  147   35    1.00000    0.00000   100%   123 1077s
 601402 113517    0.00000  149   35    1.00000    0.00000   100%   123 1080s
 603823 114462    0.00000  151   60    1.00000    0.00000   100%   123 1086s
 607912 115623    0.00000  158  103    1.00000    0.00000   100%   123 1090s
 611342 116499    0.00000  157   10    1.00000    0.00000   100%   123 1095s
 614967 117277    0.00000  161   40    1.00000    0.00000   100%   123 1100s
 619174 118726    0.00000  134   49    1.00000    0.00000   100%   123 1105s
 621348 119459    0.00000  146    8    1.00000    0.00000   100%   123 1110s
 625143 120640    0.00000  158  106    1.00000    0.00000   100%   123 1115s
 629424 121769    0.00000  155   27    1.00000    0.00000   100%   123 1120s
 633692 123187 infeasible  139         1.00000    0.00000   100%   123 1125s
 636709 124243 infeasible  144         1.00000    0.00000   100%   123 1130s
 639644 125412 infeasible  150         1.00000    0.00000   100%   123 1135s
 644002 126800    0.00000  140   41    1.00000    0.00000   100%   123 1140s
 648654 128224 infeasible  137         1.00000    0.00000   100%   123 1145s
 651161 129037    0.00000  159   25    1.00000    0.00000   100%   123 1150s
 654380 130175 infeasible  147         1.00000    0.00000   100%   123 1155s
 658848 131352    0.00000  105   30    1.00000    0.00000   100%   123 1160s
 662239 132192 infeasible  117         1.00000    0.00000   100%   123 1165s
 665366 132846    0.00000  153   99    1.00000    0.00000   100%   123 1170s
 665400 132852 infeasible  157         1.00000    0.00000   100%   123 1177s
 665718 133074    0.00000  139   78    1.00000    0.00000   100%   123 1180s
 667909 133763    0.00000  148   90    1.00000    0.00000   100%   123 1185s
 671978 135123    0.00000  140   39    1.00000    0.00000   100%   123 1190s
 676298 136159 infeasible  157         1.00000    0.00000   100%   123 1195s
 677975 137077    0.00000  147   32    1.00000    0.00000   100%   123 1200s
 681928 138278    0.00000  167  137    1.00000    0.00000   100%   123 1205s
 686863 139661 infeasible  127         1.00000    0.00000   100%   123 1210s
 688209 140212    0.00000  134   16    1.00000    0.00000   100%   123 1215s
 692923 141784    0.00000  132   57    1.00000    0.00000   100%   123 1220s
 697629 143122 infeasible  160         1.00000    0.00000   100%   123 1225s
 701293 144520 infeasible  144         1.00000    0.00000   100%   123 1230s
 703929 145467    0.00000  166   55    1.00000    0.00000   100%   123 1235s
 708348 146726    0.00000  117   47    1.00000    0.00000   100%   124 1240s
 712833 147901    0.00000  147   18    1.00000    0.00000   100%   124 1245s
 714818 148629 infeasible  117         1.00000    0.00000   100%   124 1250s
 719573 150036 infeasible  145         1.00000    0.00000   100%   124 1255s
 723425 151041    0.00000  167   22    1.00000    0.00000   100%   124 1260s
 725387 151509 infeasible  147         1.00000    0.00000   100%   124 1265s
 729088 152329    0.00000  147   24    1.00000    0.00000   100%   124 1270s
 733577 153393    0.00000  136   75    1.00000    0.00000   100%   124 1275s
 733626 153414    0.00000  140   83    1.00000    0.00000   100%   124 1282s
 733635 153495 infeasible  141         1.00000    0.00000   100%   124 1285s
 734132 153862    0.00000  142   95    1.00000    0.00000   100%   124 1290s
 738227 154888    0.00000  147   15    1.00000    0.00000   100%   124 1295s
 740835 155684 infeasible  154         1.00000    0.00000   100%   124 1300s
 745026 156437 infeasible  152         1.00000    0.00000   100%   124 1305s
 750200 157539    0.00000  127   18    1.00000    0.00000   100%   124 1310s
 752630 158263 infeasible  145         1.00000    0.00000   100%   124 1315s
 757400 159333    0.00000  146   85    1.00000    0.00000   100%   124 1320s
 761531 160289 infeasible  147         1.00000    0.00000   100%   124 1325s
 763342 160650    0.00000  143   62    1.00000    0.00000   100%   124 1330s
 768130 162027    0.00000  130   29    1.00000    0.00000   100%   124 1335s
 772112 163696 infeasible  167         1.00000    0.00000   100%   124 1340s
 775444 164912    0.00000  148   58    1.00000    0.00000   100%   124 1345s
 778171 165753 infeasible  157         1.00000    0.00000   100%   124 1351s
 781984 166837    0.00000  137   27    1.00000    0.00000   100%   124 1355s
 786331 168040    0.00000  156   16    1.00000    0.00000   100%   124 1360s
 788090 168647 infeasible  153         1.00000    0.00000   100%   124 1365s
 792830 170105    0.00000  131   59    1.00000    0.00000   100%   124 1370s
 796881 171297    0.00000  146   23    1.00000    0.00000   100%   124 1375s
 801170 172658    0.00000  146   15    1.00000    0.00000   100%   124 1380s
 803085 173326 infeasible  127         1.00000    0.00000   100%   124 1385s
 807298 174561    0.00000  175  111    1.00000    0.00000   100%   124 1390s
 811671 175469    0.00000  155   44    1.00000    0.00000   100%   124 1395s
 812983 175813 infeasible  149         1.00000    0.00000   100%   124 1402s
 813011 175820    0.00000  153   23    1.00000    0.00000   100%   124 1405s
 813448 175991    0.00000  157   18    1.00000    0.00000   100%   124 1410s
 815994 176965    0.00000  151   39    1.00000    0.00000   100%   124 1415s
 819863 177894    0.00000  147    9    1.00000    0.00000   100%   124 1420s
 822959 178729 infeasible  135         1.00000    0.00000   100%   124 1425s
 828148 180119    0.00000  157  132    1.00000    0.00000   100%   124 1430s
 832038 181477    0.00000  160   80    1.00000    0.00000   100%   124 1435s
 835725 182345    0.00000  162   28    1.00000    0.00000   100%   124 1440s
 838550 183238    0.00000  125   45    1.00000    0.00000   100%   124 1446s
 842188 183990 infeasible  153         1.00000    0.00000   100%   124 1450s
 846895 185367 infeasible  157         1.00000    0.00000   100%   124 1455s
 850693 186308    0.00000  157   25    1.00000    0.00000   100%   124 1460s
 852922 187060    0.00000  175   94    1.00000    0.00000   100%   124 1465s
 857624 188172    0.00000  146   19    1.00000    0.00000   100%   124 1470s
 860969 188976    0.00000  144   70    1.00000    0.00000   100%   124 1475s
 865283 190249 infeasible  172         1.00000    0.00000   100%   124 1480s
 869119 191278    0.00000  135   66    1.00000    0.00000   100%   124 1485s
 871519 191913    0.00000  166   96    1.00000    0.00000   100%   125 1490s
 875496 192757 infeasible  147         1.00000    0.00000   100%   124 1495s
 879097 193672    0.00000  147   68    1.00000    0.00000   100%   125 1500s
 882677 194609    0.00000  144   58    1.00000    0.00000   100%   125 1505s
 887019 195984 infeasible  157         1.00000    0.00000   100%   125 1510s
 891751 197373    0.00000  115   53    1.00000    0.00000   100%   124 1516s
 891807 200906 infeasible  123         1.00000    0.00000   100%   124 1526s
 899833 200914    0.00000  123   29    1.00000    0.00000   100%   124 1531s
 900042 201034    0.00000  126   29    1.00000    0.00000   100%   124 1535s
 901817 202056    0.00000  127   20    1.00000    0.00000   100%   124 1540s
 906031 203142    0.00000  127   15    1.00000    0.00000   100%   124 1545s
 908116 204418    0.00000  139   89    1.00000    0.00000   100%   124 1550s
 912865 206175    0.00000  131   34    1.00000    0.00000   100%   124 1556s
 916326 206952 infeasible  148         1.00000    0.00000   100%   124 1560s
 918478 207986    0.00000  142  102    1.00000    0.00000   100%   124 1565s
 922227 209456 infeasible  120         1.00000    0.00000   100%   124 1570s
 927903 211380    0.00000  137   24    1.00000    0.00000   100%   124 1575s
 931996 212809    0.00000  117   57    1.00000    0.00000   100%   124 1580s
 934661 214048    0.00000  151   83    1.00000    0.00000   100%   124 1585s
 938713 215598 infeasible  139         1.00000    0.00000   100%   124 1590s
 942959 216493 infeasible  143         1.00000    0.00000   100%   124 1595s
 943676 216857 infeasible  140         1.00000    0.00000   100%   124 1600s
 948003 218297    0.00000  154   96    1.00000    0.00000   100%   124 1605s
 952038 219470    0.00000  167   54    1.00000    0.00000   100%   124 1610s
 955678 220546    0.00000  147   44    1.00000    0.00000   100%   124 1615s
 960109 221808    0.00000  147   14    1.00000    0.00000   100%   124 1620s
 962812 222585    0.00000  181   61    1.00000    0.00000   100%   124 1625s
 965563 223467    0.00000  143   47    1.00000    0.00000   100%   124 1630s
 967533 223741 infeasible  138         1.00000    0.00000   100%   124 1635s
 967598 223949 infeasible  151         1.00000    0.00000   100%   124 1642s
 970393 224516 infeasible  153         1.00000    0.00000   100%   124 1646s
 972440 225252    0.00000  127   19    1.00000    0.00000   100%   124 1650s
 976358 226227    0.00000  136   17    1.00000    0.00000   100%   124 1655s
 978827 226718    0.00000  146   58    1.00000    0.00000   100%   124 1660s
 981699 227780 infeasible  147         1.00000    0.00000   100%   124 1666s
 985129 228548    0.00000  155   47    1.00000    0.00000   100%   124 1670s
 989056 230058 infeasible  121         1.00000    0.00000   100%   124 1675s
 991723 230577    0.00000  150   35    1.00000    0.00000   100%   124 1680s
 994372 231387    0.00000  159   83    1.00000    0.00000   100%   124 1685s
 998116 232146    0.00000  141   58    1.00000    0.00000   100%   124 1690s
 1002204 233151    0.00000  138   69    1.00000    0.00000   100%   124 1695s
 1006277 234118    0.00000  139   62    1.00000    0.00000   100%   124 1700s
 1008792 234819 infeasible  167         1.00000    0.00000   100%   124 1705s
 1012378 235855    0.00000  157   22    1.00000    0.00000   100%   124 1710s
 1017293 237031    0.00000  129   47    1.00000    0.00000   100%   124 1715s
 1019167 237598 infeasible  147         1.00000    0.00000   100%   124 1720s
 1023323 239053    0.00000  119   75    1.00000    0.00000   100%   124 1725s
 1027157 239992    0.00000  167   86    1.00000    0.00000   100%   124 1730s
 1031879 241331 infeasible  137         1.00000    0.00000   100%   124 1735s
 1035016 242091 infeasible  137         1.00000    0.00000   100%   124 1740s
 1038354 243082    0.00000  147   36    1.00000    0.00000   100%   124 1745s
 1039380 243145    0.00000  139   49    1.00000    0.00000   100%   124 1752s
 1039390 243815    0.00000  140   48    1.00000    0.00000   100%   124 1756s
 1043483 244419    0.00000  164  112    1.00000    0.00000   100%   124 1760s
 1047789 245807    0.00000  144   54    1.00000    0.00000   100%   124 1765s
 1051096 246487    0.00000  152   54    1.00000    0.00000   100%   124 1770s
 1054580 247523    0.00000  140   42    1.00000    0.00000   100%   124 1775s
 1059932 248602 infeasible  147         1.00000    0.00000   100%   124 1780s
 1063752 249159    0.00000  147   12    1.00000    0.00000   100%   124 1785s
 1066814 249910    0.00000  138   23    1.00000    0.00000   100%   124 1790s
 1071625 251049 infeasible  142         1.00000    0.00000   100%   125 1795s
 1076347 252035    0.00000  147   32    1.00000    0.00000   100%   125 1800s
 1078938 252696 infeasible  147         1.00000    0.00000   100%   125 1805s
 1083592 253886    0.00000  151   55    1.00000    0.00000   100%   125 1810s
 1088219 254658    0.00000  166  100    1.00000    0.00000   100%   125 1815s
 1092409 255637 infeasible  142         1.00000    0.00000   100%   125 1820s
 1095510 256371    0.00000  141   27    1.00000    0.00000   100%   125 1825s
 1099563 257208 infeasible  131         1.00000    0.00000   100%   125 1830s
 1104633 258152    0.00000  151  117    1.00000    0.00000   100%   125 1835s
 1109330 258917 infeasible  166         1.00000    0.00000   100%   125 1840s
 1112200 259643    0.00000  155   72    1.00000    0.00000   100%   125 1845s
 1116834 260338    0.00000  148   90    1.00000    0.00000   100%   125 1850s
 1119496 260758 infeasible  160         1.00000    0.00000   100%   125 1855s
 1123210 261676    0.00000  152   62    1.00000    0.00000   100%   125 1860s
 1126893 262167    0.00000  156   28    1.00000    0.00000   100%   125 1865s
 1126936 262168 infeasible  158         1.00000    0.00000   100%   125 1871s
 1126966 262184    0.00000  129   60    1.00000    0.00000   100%   125 1875s
 1128888 262436    0.00000  148   21    1.00000    0.00000   100%   125 1880s
 1131981 263313    0.00000  145   75    1.00000    0.00000   100%   125 1885s
 1136954 264290 infeasible  143         1.00000    0.00000   100%   125 1890s
 1141238 265258    0.00000  156   72    1.00000    0.00000   100%   125 1895s
 1144426 265860    0.00000  144   55    1.00000    0.00000   100%   125 1900s
 1148454 266912    0.00000  137   13    1.00000    0.00000   100%   125 1905s
 1152787 268117 infeasible  157         1.00000    0.00000   100%   125 1910s
 1157033 268915 infeasible  157         1.00000    0.00000   100%   125 1915s
 1158959 269374    0.00000  157   96    1.00000    0.00000   100%   125 1920s
 1163719 270888    0.00000  167    9    1.00000    0.00000   100%   125 1925s
 1168364 272215    0.00000  125   35    1.00000    0.00000   100%   125 1930s
 1171907 272981    0.00000  158   15    1.00000    0.00000   100%   125 1936s
 1173194 273460 infeasible  117         1.00000    0.00000   100%   125 1940s
 1176667 274423    0.00000  137   23    1.00000    0.00000   100%   125 1945s
 1182255 275980    0.00000  148   27    1.00000    0.00000   100%   125 1950s
 1185212 276916    0.00000  148   24    1.00000    0.00000   100%   125 1955s
 1189763 278178 infeasible  137         1.00000    0.00000   100%   125 1960s
 1194207 279253    0.00000  137   20    1.00000    0.00000   100%   125 1965s
 1196586 279785 infeasible  138         1.00000    0.00000   100%   125 1970s
 1200264 281031    0.00000  146   71    1.00000    0.00000   100%   125 1975s
 1203659 281922 infeasible  151         1.00000    0.00000   100%   125 1980s
 1208197 283031    0.00000  145   52    1.00000    0.00000   100%   125 1985s
 1211868 283832    0.00000  146    6    1.00000    0.00000   100%   125 1990s
 1212707 284078 infeasible  150         1.00000    0.00000   100%   125 1996s
 1212735 284083 infeasible  151         1.00000    0.00000   100%   125 2000s
 1213813 284786 infeasible  156         1.00000    0.00000   100%   125 2005s
 1217739 285886    0.00000  143  124    1.00000    0.00000   100%   125 2010s
 1220262 286548    0.00000  145   76    1.00000    0.00000   100%   125 2016s
 1223857 287720    0.00000  153  114    1.00000    0.00000   100%   125 2020s
 1227614 288732    0.00000  152   60    1.00000    0.00000   100%   125 2025s
 1232333 289973    0.00000  147   38    1.00000    0.00000   100%   125 2030s
 1235362 290421    0.00000  151   43    1.00000    0.00000   100%   125 2035s
 1238086 291242    0.00000  137   37    1.00000    0.00000   100%   125 2040s
 1243483 292752    0.00000  152  102    1.00000    0.00000   100%   125 2045s
 1247597 293759    0.00000  145   61    1.00000    0.00000   100%   125 2050s
 1251023 294766 infeasible  141         1.00000    0.00000   100%   125 2056s
 1253287 295042    0.00000  144  102    1.00000    0.00000   100%   125 2060s
 1258089 296550    0.00000  147   45    1.00000    0.00000   100%   125 2065s
 1262922 297589 infeasible  143         1.00000    0.00000   100%   125 2071s
 1267142 298361    0.00000  159   66    1.00000    0.00000   100%   125 2075s
 1270972 299537    0.00000  165   75    1.00000    0.00000   100%   125 2080s
 1275341 300339    0.00000  124   40    1.00000    0.00000   100%   125 2085s
 1277618 301202    0.00000  141   26    1.00000    0.00000   100%   125 2090s
 1282191 302209    0.00000  139   58    1.00000    0.00000   100%   125 2095s
 1287241 303183 infeasible  167         1.00000    0.00000   100%   125 2100s
 1289376 303614 infeasible  143         1.00000    0.00000   100%   125 2105s
 1294338 304339 infeasible  154         1.00000    0.00000   100%   125 2110s
 1295729 304431    0.00000  148   34    1.00000    0.00000   100%   125 2115s
 1295776 304466    0.00000  150   47    1.00000    0.00000   100%   125 2122s
 1296496 304575    0.00000  150   45    1.00000    0.00000   100%   125 2125s
 1299112 305399    0.00000  167   12    1.00000    0.00000   100%   125 2130s
 1303304 306336 infeasible  137         1.00000    0.00000   100%   125 2135s
 1307096 307335    0.00000  156   14    1.00000    0.00000   100%   125 2140s
 1310057 307822 infeasible  123         1.00000    0.00000   100%   125 2146s
 1312203 308556 infeasible  132         1.00000    0.00000   100%   125 2150s
 1316861 309464    0.00000  129   68    1.00000    0.00000   100%   125 2155s
 1320610 310317    0.00000  139   93    1.00000    0.00000   100%   125 2160s
 1323330 311771    0.00000  124   60    1.00000    0.00000   100%   125 2165s
 1327268 313227    0.00000  127   29    1.00000    0.00000   100%   125 2170s
 1329982 313888    0.00000  119   32    1.00000    0.00000   100%   125 2175s
 1334151 315602    0.00000  129   51    1.00000    0.00000   100%   125 2181s
 1338387 317000 infeasible  156         1.00000    0.00000   100%   125 2185s
 1342717 318245 infeasible  159         1.00000    0.00000   100%   125 2190s
 1346233 318964    0.00000  138   94    1.00000    0.00000   100%   125 2195s
 1349779 320392    0.00000  148   87    1.00000    0.00000   100%   125 2200s
 1354613 321747    0.00000  136   38    1.00000    0.00000   100%   125 2205s
 1358588 322816 infeasible  159         1.00000    0.00000   100%   125 2210s
 1361395 323885    0.00000  129   25    1.00000    0.00000   100%   125 2215s
 1364795 324798 infeasible  143         1.00000    0.00000   100%   125 2220s
 1369464 326180 infeasible  148         1.00000    0.00000   100%   125 2225s
 1372206 326603    0.00000  164   30    1.00000    0.00000   100%   125 2230s
 1376313 327626 infeasible  138         1.00000    0.00000   100%   125 2235s
 1380535 328451    0.00000  141   38    1.00000    0.00000   100%   125 2240s
 1382925 328786 infeasible  124         1.00000    0.00000   100%   125 2247s
 1382941 328785 infeasible  125         1.00000    0.00000   100%   125 2251s
 1383905 329102 infeasible  154         1.00000    0.00000   100%   125 2256s
 1385991 329820    0.00000  127   43    1.00000    0.00000   100%   125 2260s
 1390760 330817    0.00000  157   53    1.00000    0.00000   100%   125 2265s
 1393005 331389    0.00000  136    8    1.00000    0.00000   100%   125 2271s
 1396305 332005    0.00000  130   44    1.00000    0.00000   100%   125 2275s
 1400107 332892    0.00000  157   14    1.00000    0.00000   100%   125 2280s
 1404520 333777    0.00000  147   27    1.00000    0.00000   100%   125 2285s
 1408133 334792    0.00000  127   37    1.00000    0.00000   100%   125 2290s
 1411785 336131    0.00000  165   53    1.00000    0.00000   100%   125 2295s
 1415216 336893    0.00000  154   64    1.00000    0.00000   100%   125 2300s
 1419710 337931    0.00000  155   44    1.00000    0.00000   100%   125 2305s
 1424018 338765 infeasible  157         1.00000    0.00000   100%   125 2310s
 1427078 339585    0.00000  158   39    1.00000    0.00000   100%   125 2315s
 1431691 340475 infeasible  150         1.00000    0.00000   100%   125 2320s
 1436065 341619    0.00000  146   63    1.00000    0.00000   100%   125 2325s
 1439048 342569    0.00000  147   18    1.00000    0.00000   100%   125 2330s
 1442604 343420    0.00000  137   25    1.00000    0.00000   100%   125 2335s
 1447696 344288    0.00000  146   69    1.00000    0.00000   100%   125 2340s
 1450322 345030    0.00000  137   73    1.00000    0.00000   100%   125 2345s
 1454840 346388    0.00000  149   86    1.00000    0.00000   100%   125 2351s
 1458579 347118 infeasible  142         1.00000    0.00000   100%   125 2355s
 1462167 347760    0.00000  141   46    1.00000    0.00000   100%   125 2360s
 1464620 348614    0.00000  156   50    1.00000    0.00000   100%   125 2365s
 1467725 349259 infeasible  120         1.00000    0.00000   100%   125 2370s
 1467752 349268    0.00000  122   34    1.00000    0.00000   100%   125 2375s
 1468042 349659    0.00000  125   40    1.00000    0.00000   100%   125 2380s
 1470725 350679    0.00000  119   78    1.00000    0.00000   100%   125 2385s
 1474016 351662 infeasible  107         1.00000    0.00000   100%   125 2390s
 1478263 352746    0.00000  117   20    1.00000    0.00000   100%   125 2395s
 1483084 353682    0.00000  110   30    1.00000    0.00000   100%   124 2400s
 1485670 355478    0.00000  112   77    1.00000    0.00000   100%   124 2413s
 1494450 355810 infeasible  157         1.00000    0.00000   100%   124 2415s
 1499003 356684    0.00000  127   16    1.00000    0.00000   100%   124 2420s
 1501835 357319 infeasible  168         1.00000    0.00000   100%   124 2425s
 1506036 358190    0.00000  177   72    1.00000    0.00000   100%   124 2430s
 1508723 358686 infeasible  145         1.00000    0.00000   100%   124 2435s
 1513964 359606    0.00000  154   31    1.00000    0.00000   100%   124 2440s
 1517773 360552    0.00000  127   24    1.00000    0.00000   100%   124 2445s
 1521941 361383    0.00000  148   31    1.00000    0.00000   100%   124 2450s
 1524735 362335    0.00000  120   52    1.00000    0.00000   100%   124 2455s
 1528960 363348    0.00000  158   68    1.00000    0.00000   100%   124 2460s
 1532785 364144 infeasible  152         1.00000    0.00000   100%   124 2465s
 1536009 364678    0.00000  146   40    1.00000    0.00000   100%   124 2470s
 1538480 365556    0.00000  136   38    1.00000    0.00000   100%   124 2475s
 1543682 366871    0.00000  157   47    1.00000    0.00000   100%   124 2480s
 1547311 367615    0.00000  147   30    1.00000    0.00000   100%   124 2485s
 1548969 368274    0.00000  154  133    1.00000    0.00000   100%   124 2490s
 1554051 369149    0.00000  142   37    1.00000    0.00000   100%   124 2495s
 1555895 369352    0.00000  111   49    1.00000    0.00000   100%   124 2500s
 1555941 369405    0.00000  114   45    1.00000    0.00000   100%   124 2506s
 1557770 369837    0.00000  135   84    1.00000    0.00000   100%   124 2510s
 1560075 370666    0.00000  147   34    1.00000    0.00000   100%   124 2515s
 1563787 371574    0.00000  145   94    1.00000    0.00000   100%   124 2520s
 1566584 372122    0.00000  127   29    1.00000    0.00000   100%   124 2525s
 1571533 373763 infeasible  143         1.00000    0.00000   100%   124 2530s
 1575248 375090 infeasible  143         1.00000    0.00000   100%   124 2535s
 1579800 376430    0.00000  147  102    1.00000    0.00000   100%   124 2540s
 1582134 377245    0.00000  136   20    1.00000    0.00000   100%   124 2545s
 1586854 378561    0.00000  151   94    1.00000    0.00000   100%   124 2550s
 1589227 379372    0.00000  122   43    1.00000    0.00000   100%   124 2556s
 1592845 380582    0.00000  143  103    1.00000    0.00000   100%   124 2560s
 1596897 381752    0.00000  142   93    1.00000    0.00000   100%   124 2565s
 1601385 383113 infeasible  137         1.00000    0.00000   100%   124 2570s
 1605440 384150 infeasible  157         1.00000    0.00000   100%   124 2575s
 1606637 384584    0.00000  136   26    1.00000    0.00000   100%   124 2580s
 1611240 385863 infeasible  147         1.00000    0.00000   100%   124 2585s
 1616882 387023 infeasible  147         1.00000    0.00000   100%   124 2590s
 1620331 388045    0.00000  146   79    1.00000    0.00000   100%   124 2595s
 1624919 388942    0.00000  142   66    1.00000    0.00000   100%   124 2600s
 1627650 389548    0.00000  143   26    1.00000    0.00000   100%   124 2605s
 1631043 390307 infeasible  136         1.00000    0.00000   100%   124 2610s
 1635526 391008 infeasible  147         1.00000    0.00000   100%   124 2615s
 1636889 391525 infeasible  148         1.00000    0.00000   100%   124 2620s
 1639815 392057    0.00000  119   46    1.00000    0.00000   100%   124 2625s
 1643654 393128    0.00000  130  100    1.00000    0.00000   100%   124 2630s
 1644875 393213    0.00000  148   36    1.00000    0.00000   100%   124 2635s
 1644911 393223    0.00000  151   32    1.00000    0.00000   100%   124 2641s
 1646168 393861    0.00000  127   37    1.00000    0.00000   100%   124 2645s
 1649180 396102 infeasible  107         1.00000    0.00000   100%   124 2660s
 1661092 397066 infeasible  135         1.00000    0.00000   100%   124 2665s
 1663287 397821 infeasible  131         1.00000    0.00000   100%   124 2670s
 1666989 398529    0.00000  142   41    1.00000    0.00000   100%   124 2675s
 1671391 399458 infeasible  157         1.00000    0.00000   100%   124 2680s
 1675708 400547    0.00000  125   82    1.00000    0.00000   100%   124 2685s
 1677973 401019    0.00000  123   32    1.00000    0.00000   100%   124 2690s
 1682202 402136    0.00000  142   38    1.00000    0.00000   100%   124 2695s
 1686264 403133 infeasible  167         1.00000    0.00000   100%   124 2700s
 1690338 404029 infeasible  158         1.00000    0.00000   100%   124 2705s
 1693131 404782    0.00000  127   23    1.00000    0.00000   100%   124 2710s
 1697776 405939    0.00000  120   36    1.00000    0.00000   100%   124 2715s
 1701365 406918    0.00000  130   58    1.00000    0.00000   100%   124 2720s
 1706434 408110    0.00000  144   76    1.00000    0.00000   100%   124 2726s
 1708985 409018    0.00000  147   62    1.00000    0.00000   100%   124 2731s
 1713607 409774    0.00000  145   39    1.00000    0.00000   100%   124 2735s
 1717707 411083 infeasible  130         1.00000    0.00000   100%   124 2740s
 1721107 412239 infeasible  149         1.00000    0.00000   100%   124 2745s
 1725189 413262 infeasible  130         1.00000    0.00000   100%   124 2750s
 1727478 414180 infeasible  149         1.00000    0.00000   100%   124 2755s
 1732350 415235    0.00000  145   50    1.00000    0.00000   100%   124 2760s
 1732393 415245    0.00000  146   18    1.00000    0.00000   100%   124 2766s
 1732414 415265 infeasible  148         1.00000    0.00000   100%   124 2770s
 1733497 415583    0.00000  138   11    1.00000    0.00000   100%   124 2775s
 1738155 417145 infeasible  141         1.00000    0.00000   100%   124 2781s
 1741781 418150    0.00000  141   99    1.00000    0.00000   100%   124 2785s
 1745396 419120 infeasible  156         1.00000    0.00000   100%   124 2790s
 1749818 419927 infeasible  147         1.00000    0.00000   100%   124 2795s
 1753117 420837    0.00000  156    8    1.00000    0.00000   100%   124 2800s
 1756934 422032    0.00000  130  107    1.00000    0.00000   100%   124 2805s
 1760371 422991    0.00000  127   88    1.00000    0.00000   100%   124 2810s
 1764179 423854    0.00000  132   63    1.00000    0.00000   100%   124 2815s
 1767631 424642 infeasible  143         1.00000    0.00000   100%   124 2820s
 1770314 425662    0.00000  152   33    1.00000    0.00000   100%   124 2825s
 1774703 426752    0.00000  144   45    1.00000    0.00000   100%   124 2830s
 1778073 427498 infeasible  150         1.00000    0.00000   100%   124 2835s
 1783042 428920 infeasible  160         1.00000    0.00000   100%   124 2841s
 1787490 430109    0.00000  127   14    1.00000    0.00000   100%   124 2845s
 1789003 430696 infeasible  106         1.00000    0.00000   100%   124 2850s
 1793159 432065 infeasible  126         1.00000    0.00000   100%   124 2855s
 1797544 433474 infeasible  137         1.00000    0.00000   100%   124 2860s
 1801070 434457    0.00000  137   20    1.00000    0.00000   100%   124 2865s
 1804910 435356 infeasible  145         1.00000    0.00000   100%   124 2870s
 1808497 435957    0.00000  129   70    1.00000    0.00000   100%   124 2875s
 1809688 436237    0.00000  120   78    1.00000    0.00000   100%   124 2880s
 1813019 437175    0.00000  137   18    1.00000    0.00000   100%   124 2885s
 1817042 438291    0.00000  150   45    1.00000    0.00000   100%   124 2890s
 1821679 439231    0.00000  108   43    1.00000    0.00000   100%   124 2895s
 1821722 439227    0.00000  111   49    1.00000    0.00000   100%   124 2900s
 1821749 439234    0.00000  111   91    1.00000    0.00000   100%   124 2906s
 1822190 439555 infeasible  128         1.00000    0.00000   100%   124 2910s
 1824436 440144 infeasible  122         1.00000    0.00000   100%   124 2915s
 1829108 440949 infeasible  127         1.00000    0.00000   100%   124 2920s
 1831865 441747 infeasible  118         1.00000    0.00000   100%   124 2926s
 1834506 443060    0.00000  120   50    1.00000    0.00000   100%   124 2930s
 1839276 444484    0.00000  123   44    1.00000    0.00000   100%   124 2935s
 1842910 445306    0.00000  133  116    1.00000    0.00000   100%   124 2940s
 1845758 446441 infeasible  142         1.00000    0.00000   100%   124 2945s
 1849715 447290    0.00000  137   93    1.00000    0.00000   100%   124 2950s
 1853377 447900 infeasible  137         1.00000    0.00000   100%   124 2955s
 1856595 448898    0.00000  127   27    1.00000    0.00000   100%   124 2960s
 1861255 449803 infeasible  141         1.00000    0.00000   100%   124 2965s
 1865160 450797    0.00000  132  131    1.00000    0.00000   100%   124 2970s
 1868161 451881    0.00000  147   16    1.00000    0.00000   100%   124 2975s
 1871439 453255 infeasible  127         1.00000    0.00000   100%   124 2980s
 1874297 453908    0.00000  156   18    1.00000    0.00000   100%   124 2985s
 1878599 455369    0.00000  128   33    1.00000    0.00000   100%   124 2990s
 1882955 456661    0.00000  115   44    1.00000    0.00000   100%   124 2995s
 1886545 457902 infeasible  123         1.00000    0.00000   100%   124 3001s
 1890373 459182 infeasible  127         1.00000    0.00000   100%   124 3005s
 1893428 460231    0.00000  117   20    1.00000    0.00000   100%   124 3010s
 1897922 461441 infeasible  120         1.00000    0.00000   100%   123 3015s
 1901311 463514 infeasible  128         1.00000    0.00000   100%   123 3028s
 1910247 463793    0.00000  140   57    1.00000    0.00000   100%   123 3030s
 1914787 464866 infeasible  140         1.00000    0.00000   100%   123 3035s
 1916342 465835    0.00000  137   28    1.00000    0.00000   100%   123 3041s
 1919283 465849    0.00000  146   96    1.00000    0.00000   100%   123 3045s
 1919309 465855    0.00000  148  100    1.00000    0.00000   100%   123 3050s
 1920295 466441    0.00000  118   20    1.00000    0.00000   100%   123 3056s
 1922609 467782    0.00000  111   42    1.00000    0.00000   100%   123 3060s
 1926827 469107    0.00000  121   89    1.00000    0.00000   100%   123 3066s
 1930284 470090 infeasible  123         1.00000    0.00000   100%   123 3070s
 1931348 472472    0.00000  127  100    1.00000    0.00000   100%   123 3081s
 1940402 472874    0.00000  122   72    1.00000    0.00000   100%   123 3085s
 1945268 474553    0.00000  125   50    1.00000    0.00000   100%   123 3090s
 1949574 475738    0.00000  117   46    1.00000    0.00000   100%   123 3096s
 1952178 476432    0.00000  135   40    1.00000    0.00000   100%   123 3100s
 1956350 477471 infeasible  131         1.00000    0.00000   100%   123 3105s
 1961106 478686    0.00000  153   88    1.00000    0.00000   100%   123 3111s
 1964081 479316    0.00000  131   48    1.00000    0.00000   100%   123 3115s
 1967845 480321 infeasible  136         1.00000    0.00000   100%   123 3120s
 1970995 481148 infeasible  147         1.00000    0.00000   100%   123 3125s
 1974745 482095    0.00000  137   25    1.00000    0.00000   100%   123 3130s
 1978582 483009 infeasible  136         1.00000    0.00000   100%   123 3135s
 1980939 483835    0.00000  143   46    1.00000    0.00000   100%   123 3140s
 1986484 485173 infeasible  159         1.00000    0.00000   100%   123 3145s
 1989146 485688 infeasible  148         1.00000    0.00000   100%   123 3150s
 1992481 486922 infeasible  124         1.00000    0.00000   100%   123 3155s
 1997104 488483    0.00000  116   77    1.00000    0.00000   100%   123 3160s
 1999865 489281    0.00000  121   50    1.00000    0.00000   100%   123 3165s
 2003112 490268    0.00000  116   15    1.00000    0.00000   100%   123 3170s
 2004820 490520 infeasible  140         1.00000    0.00000   100%   123 3176s
 2004838 490529 infeasible  141         1.00000    0.00000   100%   123 3180s
 2005796 490789 infeasible  117         1.00000    0.00000   100%   123 3186s
 2005829 493202 infeasible  117         1.00000    0.00000   100%   123 3200s
 2017617 495146    0.00000  136   60    1.00000    0.00000   100%   123 3205s
 2023139 496576    0.00000  157   41    1.00000    0.00000   100%   123 3210s
 2026323 497477 infeasible  147         1.00000    0.00000   100%   123 3215s
 2029938 498549    0.00000  155   85    1.00000    0.00000   100%   123 3220s
 2033520 499840 infeasible  147         1.00000    0.00000   100%   123 3225s
 2035873 501697    0.00000  149   76    1.00000    0.00000   100%   123 3235s
 2045839 503541    0.00000  139   78    1.00000    0.00000   100%   123 3240s
 2050937 504933    0.00000  128   48    1.00000    0.00000   100%   123 3246s
 2053773 505297 infeasible  137         1.00000    0.00000   100%   123 3250s
 2056940 506121    0.00000  135   54    1.00000    0.00000   100%   123 3255s
 2060692 506947    0.00000  135   59    1.00000    0.00000   100%   123 3260s
 2063636 507706    0.00000  144   58    1.00000    0.00000   100%   123 3265s
 2068493 508682    0.00000  138   41    1.00000    0.00000   100%   123 3270s
 2070967 509558    0.00000  144   31    1.00000    0.00000   100%   123 3276s
 2074347 510321 infeasible  138         1.00000    0.00000   100%   123 3280s
 2078861 511369 infeasible  147         1.00000    0.00000   100%   123 3285s
 2082452 512452 infeasible  138         1.00000    0.00000   100%   123 3290s
 2085547 513103 infeasible  131         1.00000    0.00000   100%   123 3296s
 2089606 513770 infeasible  154         1.00000    0.00000   100%   123 3300s
 2092990 514153    0.00000  169  100    1.00000    0.00000   100%   123 3305s
 2093028 514177    0.00000  172   97    1.00000    0.00000   100%   123 3310s
 2093063 514195    0.00000  171  101    1.00000    0.00000   100%   123 3315s
 2095110 514825 infeasible  171         1.00000    0.00000   100%   123 3321s
 2098679 515469    0.00000  137   15    1.00000    0.00000   100%   123 3325s
 2101399 516151 infeasible  149         1.00000    0.00000   100%   123 3330s
 2106214 517142 infeasible  157         1.00000    0.00000   100%   123 3335s
 2110220 518541    0.00000  148   72    1.00000    0.00000   100%   123 3341s
 2113960 519468    0.00000  166   63    1.00000    0.00000   100%   123 3345s
 2117354 520287 infeasible  157         1.00000    0.00000   100%   123 3350s
 2121642 521248 infeasible  165         1.00000    0.00000   100%   123 3355s
 2125879 522129    0.00000  145   72    1.00000    0.00000   100%   123 3360s
 2129168 522862    0.00000  137   12    1.00000    0.00000   100%   123 3365s
 2134036 523906    0.00000  142   90    1.00000    0.00000   100%   123 3370s
 2137556 524720 infeasible  156         1.00000    0.00000   100%   123 3375s
 2141133 525526    0.00000  159   89    1.00000    0.00000   100%   123 3380s
 2145253 526477    0.00000  156   37    1.00000    0.00000   100%   123 3385s
 2148337 527162 infeasible  157         1.00000    0.00000   100%   123 3390s
 2153713 528300    0.00000  127   27    1.00000    0.00000   100%   123 3396s
 2157689 529096    0.00000  175   71    1.00000    0.00000   100%   123 3400s
 2159852 529448    0.00000  164   44    1.00000    0.00000   100%   123 3405s
 2164673 530302    0.00000  127   58    1.00000    0.00000   100%   123 3410s
 2168778 531788    0.00000  117   86    1.00000    0.00000   100%   123 3415s
 2172794 532764    0.00000  137   42    1.00000    0.00000   100%   122 3420s
 2175334 533457 infeasible  125         1.00000    0.00000   100%   123 3425s
 2179210 534497    0.00000  127   22    1.00000    0.00000   100%   123 3430s
 2183842 535354    0.00000  125   99    1.00000    0.00000   100%   123 3436s
 2186668 535983    0.00000  137   25    1.00000    0.00000   100%   123 3441s
 2191107 536646    0.00000  125   92    1.00000    0.00000   100%   123 3446s
 2191144 536661    0.00000  128   87    1.00000    0.00000   100%   123 3451s
 2191167 536725    0.00000  129   83    1.00000    0.00000   100%   123 3456s
 2191945 536984    0.00000  127   55    1.00000    0.00000   100%   123 3461s
 2193775 537839    0.00000  127   46    1.00000    0.00000   100%   123 3465s
 2197903 538936    0.00000  126   50    1.00000    0.00000   100%   123 3471s
 2201567 539842    0.00000  115   35    1.00000    0.00000   100%   123 3475s
 2203771 540324 infeasible  138         1.00000    0.00000   100%   123 3480s
 2207206 541493    0.00000  123   53    1.00000    0.00000   100%   123 3486s
 2211194 542214    0.00000  150   30    1.00000    0.00000   100%   123 3490s
 2214865 543159    0.00000  137   18    1.00000    0.00000   100%   123 3495s
 2217803 543684    0.00000  138   93    1.00000    0.00000   100%   123 3500s
 2221845 544670 infeasible  148         1.00000    0.00000   100%   123 3505s
 2226170 545813    0.00000  136   64    1.00000    0.00000   100%   123 3510s
 2228571 546170    0.00000  145   88    1.00000    0.00000   100%   123 3516s
 2232132 546725 infeasible  147         1.00000    0.00000   100%   123 3520s
 2236556 547574 infeasible  153         1.00000    0.00000   100%   123 3525s
 2240913 548678    0.00000  139   44    1.00000    0.00000   100%   123 3530s
 2243267 550748    0.00000  160   44    1.00000    0.00000   100%   123 3544s
 2251267 550897    0.00000  154   34    1.00000    0.00000   100%   123 3545s
 2255088 551769    0.00000  133   37    1.00000    0.00000   100%   123 3550s
 2257903 552567    0.00000  144   41    1.00000    0.00000   100%   123 3555s
 2262239 553422    0.00000  139   29    1.00000    0.00000   100%   123 3560s
 2265824 553905 infeasible  138         1.00000    0.00000   100%   123 3565s
 2269211 554781 infeasible  127         1.00000    0.00000   100%   123 3570s
 2273441 555993 infeasible  147         1.00000    0.00000   100%   123 3575s
 2276959 556714 infeasible  150         1.00000    0.00000   100%   123 3580s
 2280645 557455 infeasible  139         1.00000    0.00000   100%   123 3585s
 2283306 557831    0.00000  158   37    1.00000    0.00000   100%   123 3590s
 2283346 557845 infeasible  160         1.00000    0.00000   100%   123 3595s
 2283419 557932    0.00000  130   48    1.00000    0.00000   100%   123 3600s
 2284588 558378    0.00000  130   58    1.00000    0.00000   100%   123 3605s
 2288314 559120    0.00000  137   21    1.00000    0.00000   100%   123 3610s
 2293469 560135 infeasible  144         1.00000    0.00000   100%   123 3615s
 2297435 560868 infeasible  123         1.00000    0.00000   100%   123 3620s
 2300178 561748 infeasible  137         1.00000    0.00000   100%   123 3625s
 2303907 562734    0.00000  142   63    1.00000    0.00000   100%   123 3630s
 2307995 563433    0.00000  173  105    1.00000    0.00000   100%   123 3635s
 2311803 564555 infeasible  135         1.00000    0.00000   100%   123 3640s
 2315634 565378    0.00000  136   93    1.00000    0.00000   100%   123 3645s
 2318274 565959    0.00000  167  118    1.00000    0.00000   100%   123 3650s
 2322529 566815    0.00000  167   16    1.00000    0.00000   100%   123 3655s
 2326298 567618    0.00000  160   37    1.00000    0.00000   100%   123 3660s
 2328779 568093 infeasible  146         1.00000    0.00000   100%   123 3665s
 2333660 569095 infeasible  168         1.00000    0.00000   100%   123 3670s
 2337458 570048    0.00000  158   76    1.00000    0.00000   100%   123 3675s
 2341614 570918    0.00000  135  114    1.00000    0.00000   100%   123 3680s
 2344997 571695    0.00000  151  111    1.00000    0.00000   100%   123 3685s
 2348609 572639    0.00000  152   87    1.00000    0.00000   100%   123 3690s
 2349936 573050 infeasible  144         1.00000    0.00000   100%   123 3695s
 2354526 574054 infeasible  161         1.00000    0.00000   100%   123 3700s
 2359013 574932    0.00000  123  111    1.00000    0.00000   100%   123 3705s
 2363604 576202 infeasible  143         1.00000    0.00000   100%   123 3710s
 2365544 576439    0.00000  150   36    1.00000    0.00000   100%   123 3715s
 2365588 576447    0.00000  123   76    1.00000    0.00000   100%   123 3721s
 2365612 576566    0.00000  125   76    1.00000    0.00000   100%   123 3726s
 2368171 577390    0.00000  144   45    1.00000    0.00000   100%   123 3730s
 2372168 578092 infeasible  157         1.00000    0.00000   100%   123 3736s
 2376134 578969 infeasible  163         1.00000    0.00000   100%   123 3740s
 2379598 579806    0.00000  124  109    1.00000    0.00000   100%   123 3745s
 2382214 580333    0.00000  127   77    1.00000    0.00000   100%   123 3750s
 2386735 581547    0.00000  137   92    1.00000    0.00000   100%   123 3755s
 2390272 582293    0.00000  147   41    1.00000    0.00000   100%   123 3760s
 2393947 582868 infeasible  137         1.00000    0.00000   100%   123 3765s
 2396568 583560 infeasible  152         1.00000    0.00000   100%   123 3770s
 2400135 584321    0.00000  107   23    1.00000    0.00000   100%   123 3775s
 2404979 585647 infeasible  138         1.00000    0.00000   100%   123 3780s
 2406677 587225    0.00000  139   83    1.00000    0.00000   100%   123 3792s
 2414404 587830 infeasible  118         1.00000    0.00000   100%   123 3795s
 2417776 588780    0.00000  137   11    1.00000    0.00000   100%   123 3800s
 2421829 591738    0.00000  119   85    1.00000    0.00000   100%   123 3816s
 2432966 592632    0.00000  135   56    1.00000    0.00000   100%   123 3820s
 2436035 593251 infeasible  141         1.00000    0.00000   100%   123 3826s
 2439305 593941    0.00000  160  115    1.00000    0.00000   100%   123 3830s
 2444088 595076    0.00000  129   68    1.00000    0.00000   100%   123 3835s
 2448384 595732    0.00000  125   96    1.00000    0.00000   100%   123 3840s
 2450476 596355    0.00000  147   24    1.00000    0.00000   100%   123 3845s
 2452836 596873    0.00000  130   61    1.00000    0.00000   100%   123 3851s
 2453862 597185    0.00000  159   82    1.00000    0.00000   100%   123 3856s
 2457185 597740 infeasible  127         1.00000    0.00000   100%   123 3861s
 2459906 598264 infeasible  127         1.00000    0.00000   100%   123 3866s
 2464684 598912    0.00000  152   41    1.00000    0.00000   100%   123 3870s
 2468030 599677    0.00000  157   14    1.00000    0.00000   100%   123 3875s
 2470955 600880    0.00000  128  137    1.00000    0.00000   100%   123 3880s
 2473768 602148 infeasible  119         1.00000    0.00000   100%   123 3885s
 2478706 603990    0.00000  128   30    1.00000    0.00000   100%   123 3890s
 2482608 605123    0.00000  147   20    1.00000    0.00000   100%   123 3895s
 2486266 606148    0.00000  110   66    1.00000    0.00000   100%   123 3900s
 2490093 607218    0.00000  125  124    1.00000    0.00000   100%   123 3905s
 2494025 608219 infeasible  147         1.00000    0.00000   100%   123 3910s
 2498424 609697    0.00000  145   64    1.00000    0.00000   100%   122 3915s
 2501921 610854 infeasible  126         1.00000    0.00000   100%   122 3920s
 2502845 611012    0.00000  118   13    1.00000    0.00000   100%   122 3926s
 2502879 611008    0.00000  120   44    1.00000    0.00000   100%   122 3930s
 2503053 611208    0.00000  122   50    1.00000    0.00000   100%   122 3935s
 2505241 611818 infeasible  126         1.00000    0.00000   100%   122 3940s
 2509614 612906    0.00000  129   42    1.00000    0.00000   100%   122 3946s
 2513301 613900    0.00000  137   26    1.00000    0.00000   100%   122 3950s
 2518676 614864    0.00000  147   60    1.00000    0.00000   100%   122 3955s
 2520479 615207    0.00000  150   18    1.00000    0.00000   100%   122 3960s
 2524879 616471    0.00000  147   22    1.00000    0.00000   100%   122 3965s
 2529138 617366    0.00000  135  103    1.00000    0.00000   100%   122 3970s
 2533769 618289    0.00000  138   28    1.00000    0.00000   100%   122 3975s
 2537264 618867    0.00000  137   11    1.00000    0.00000   100%   122 3980s
 2540698 619670    0.00000  137   71    1.00000    0.00000   100%   122 3986s
 2545128 620540    0.00000  135   81    1.00000    0.00000   100%   122 3990s
 2549167 621515 infeasible  145         1.00000    0.00000   100%   122 3995s
 2553167 622498    0.00000  125   67    1.00000    0.00000   100%   122 4000s
 2554640 622776 infeasible  131         1.00000    0.00000   100%   122 4005s
 2560280 624264    0.00000  130  114    1.00000    0.00000   100%   122 4010s
 2563910 625489    0.00000  128   41    1.00000    0.00000   100%   122 4015s
 2568088 626271    0.00000  139   78    1.00000    0.00000   100%   122 4020s
 2570403 627043 infeasible  150         1.00000    0.00000   100%   122 4025s
 2574993 628006    0.00000  127   37    1.00000    0.00000   100%   122 4030s
 2579401 628799    0.00000  127   62    1.00000    0.00000   100%   122 4035s
 2581421 629165    0.00000  134   62    1.00000    0.00000   100%   122 4040s
 2585636 629991 infeasible  144         1.00000    0.00000   100%   122 4045s
 2590612 630862    0.00000  122   43    1.00000    0.00000   100%   122 4050s
 2594262 631524 infeasible  137         1.00000    0.00000   100%   122 4055s
 2596113 631970 infeasible  127         1.00000    0.00000   100%   122 4060s
 2600723 632851 infeasible  170         1.00000    0.00000   100%   122 4066s
 2601683 632865    0.00000  128   27    1.00000    0.00000   100%   122 4070s
 2601707 632871    0.00000  129   68    1.00000    0.00000   100%   122 4075s
 2603675 633209 infeasible  147         1.00000    0.00000   100%   122 4080s
 2606736 633901 infeasible  156         1.00000    0.00000   100%   122 4086s
 2611597 634739 infeasible  156         1.00000    0.00000   100%   122 4090s
 2616332 635805 infeasible  128         1.00000    0.00000   100%   122 4095s
 2619861 636389    0.00000  149   47    1.00000    0.00000   100%   122 4100s
 2622785 637320 infeasible  147         1.00000    0.00000   100%   122 4105s
 2627482 638327    0.00000  153   76    1.00000    0.00000   100%   122 4110s
 2631869 639133 infeasible  154         1.00000    0.00000   100%   122 4115s
 2635673 639835    0.00000  126   76    1.00000    0.00000   100%   122 4120s
 2638206 640447    0.00000  122   53    1.00000    0.00000   100%   122 4125s
 2642744 641398    0.00000  142  125    1.00000    0.00000   100%   122 4130s
 2647861 642313    0.00000  147   33    1.00000    0.00000   100%   122 4135s
 2650198 642701 infeasible  145         1.00000    0.00000   100%   122 4140s
 2654330 643613 infeasible  125         1.00000    0.00000   100%   122 4145s
 2658489 644301    0.00000  137   18    1.00000    0.00000   100%   122 4150s
 2662453 645112 infeasible  147         1.00000    0.00000   100%   122 4155s
 2665118 645781    0.00000  146   20    1.00000    0.00000   100%   122 4160s
 2669216 646525    0.00000  123   84    1.00000    0.00000   100%   122 4165s
 2673725 647304    0.00000  136   58    1.00000    0.00000   100%   122 4170s
 2675821 647711    0.00000  143   86    1.00000    0.00000   100%   122 4176s
 2680394 648855    0.00000  138   47    1.00000    0.00000   100%   122 4180s
 2684798 649823 infeasible  121         1.00000    0.00000   100%   122 4185s
 2689402 650887    0.00000  137   24    1.00000    0.00000   100%   122 4191s
 2692714 651631    0.00000  124   98    1.00000    0.00000   100%   122 4195s
 2696024 652114 infeasible  147         1.00000    0.00000   100%   122 4200s
 2697796 652284    0.00000  140   58    1.00000    0.00000   100%   122 4205s
 2697817 652303    0.00000  140   35    1.00000    0.00000   100%   122 4210s
 2698018 652412    0.00000  142   95    1.00000    0.00000   100%   122 4215s
 2698623 652605    0.00000  142   82    1.00000    0.00000   100%   122 4220s
 2702442 653578    0.00000  128   53    1.00000    0.00000   100%   122 4225s
 2705904 654147 infeasible  146         1.00000    0.00000   100%   122 4230s
 2707914 654534    0.00000  144   58    1.00000    0.00000   100%   122 4235s
 2711344 655369 infeasible  157         1.00000    0.00000   100%   122 4240s
 2716297 656475    0.00000  146   68    1.00000    0.00000   100%   122 4245s
 2719661 657108    0.00000  141   49    1.00000    0.00000   100%   122 4250s
 2723210 657679    0.00000  119   32    1.00000    0.00000   100%   122 4255s
 2725568 658918    0.00000  113   76    1.00000    0.00000   100%   122 4260s
 2729960 660404    0.00000  127   86    1.00000    0.00000   100%   122 4265s
 2732663 661001 infeasible  123         1.00000    0.00000   100%   122 4270s
 2735725 661997    0.00000  126   17    1.00000    0.00000   100%   122 4275s
 2739487 662779 infeasible  107         1.00000    0.00000   100%   122 4280s
 2743791 663886 infeasible  127         1.00000    0.00000   100%   122 4285s
 2746095 664454    0.00000  124   33    1.00000    0.00000   100%   122 4290s
 2749403 665277    0.00000  104   49    1.00000    0.00000   100%   122 4295s
 2753779 666494    0.00000  107   16    1.00000    0.00000   100%   122 4300s
 2756779 667010    0.00000  143   83    1.00000    0.00000   100%   122 4305s
 2760880 668040    0.00000  117   45    1.00000    0.00000   100%   122 4310s
 2764344 668937    0.00000  139   58    1.00000    0.00000   100%   122 4315s
 2766630 669346 infeasible  115         1.00000    0.00000   100%   122 4320s
 2771162 670225 infeasible  117         1.00000    0.00000   100%   122 4326s
 2774730 671121 infeasible  127         1.00000    0.00000   100%   122 4330s
 2779417 672229 infeasible  147         1.00000    0.00000   100%   122 4335s
 2783504 673260    0.00000  126   18    1.00000    0.00000   100%   122 4340s
 2786331 674090 infeasible  137         1.00000    0.00000   100%   122 4345s
 2791052 675125 infeasible  104         1.00000    0.00000   100%   122 4350s
 2793083 675329    0.00000  116    7    1.00000    0.00000   100%   122 4358s
 2793094 675334 infeasible  117         1.00000    0.00000   100%   122 4360s
 2793551 675458    0.00000   99   46    1.00000    0.00000   100%   122 4365s
 2794550 676134    0.00000  139   39    1.00000    0.00000   100%   122 4373s
 2799259 676405    0.00000  137   40    1.00000    0.00000   100%   122 4375s
 2804457 677337 infeasible  127         1.00000    0.00000   100%   122 4380s
 2808589 678266    0.00000  135  108    1.00000    0.00000   100%   122 4386s
 2812255 678897    0.00000  137   28    1.00000    0.00000   100%   122 4390s
 2814773 679433    0.00000  162   58    1.00000    0.00000   100%   122 4395s
 2818389 680176    0.00000  161   50    1.00000    0.00000   100%   122 4400s
 2822819 681009 infeasible  147         1.00000    0.00000   100%   122 4405s
 2827274 681922 infeasible  132         1.00000    0.00000   100%   122 4410s
 2829876 682367 infeasible  157         1.00000    0.00000   100%   122 4415s
 2834746 683388    0.00000  143   29    1.00000    0.00000   100%   122 4420s
 2837873 684123    0.00000  127   38    1.00000    0.00000   100%   122 4425s
 2841236 685364    0.00000  118   45    1.00000    0.00000   100%   122 4430s
 2844985 686260    0.00000  128   62    1.00000    0.00000   100%   122 4435s
 2848537 686995 infeasible  130         1.00000    0.00000   100%   122 4440s
 2852040 687645    0.00000  129   52    1.00000    0.00000   100%   122 4446s
 2855349 688428    0.00000  126   44    1.00000    0.00000   100%   122 4450s
 2859370 689303    0.00000  137   12    1.00000    0.00000   100%   122 4455s
 2861584 689580 infeasible  128         1.00000    0.00000   100%   122 4460s
 2865706 690730    0.00000  124   73    1.00000    0.00000   100%   122 4465s
 2869254 691441    0.00000  136   19    1.00000    0.00000   100%   122 4470s
 2873681 692765 infeasible  138         1.00000    0.00000   100%   122 4475s
 2877198 693270 infeasible  142         1.00000    0.00000   100%   122 4480s
 2879736 693975    0.00000  145   61    1.00000    0.00000   100%   122 4485s
 2884285 695010    0.00000  136   68    1.00000    0.00000   100%   122 4490s
 2885217 695027    0.00000  157    7    1.00000    0.00000   100%   122 4497s
 2885244 695023    0.00000  157   12    1.00000    0.00000   100%   122 4502s
 2885305 695125    0.00000  158    9    1.00000    0.00000   100%   122 4505s
 2887955 695808    0.00000  140   84    1.00000    0.00000   100%   122 4511s
 2891717 697029    0.00000  157   34    1.00000    0.00000   100%   122 4515s
 2896324 698047 infeasible  159         1.00000    0.00000   100%   122 4521s
 2900323 698883    0.00000  136   90    1.00000    0.00000   100%   122 4526s
 2901161 698971    0.00000  114   49    1.00000    0.00000   100%   122 4531s
 2903087 699991    0.00000  107   16    1.00000    0.00000   100%   122 4535s
 2907351 701143    0.00000  123   91    1.00000    0.00000   100%   122 4540s
 2911148 702238    0.00000  117   31    1.00000    0.00000   100%   122 4545s
 2915151 703055 infeasible  133         1.00000    0.00000   100%   122 4550s
 2918132 703740 infeasible  127         1.00000    0.00000   100%   122 4555s
 2921943 704488    0.00000  149   99    1.00000    0.00000   100%   122 4560s
 2926258 705190 infeasible  152         1.00000    0.00000   100%   122 4565s
 2928102 705707 infeasible  141         1.00000    0.00000   100%   122 4570s
 2932768 706689    0.00000  139   44    1.00000    0.00000   100%   122 4575s
 2938063 707667    0.00000  110   58    1.00000    0.00000   100%   122 4580s
 2940746 708301 infeasible  131         1.00000    0.00000   100%   122 4586s
 2944487 708942 infeasible  132         1.00000    0.00000   100%   122 4590s
 2948531 709751 infeasible  145         1.00000    0.00000   100%   122 4595s
 2953756 710519    0.00000  127   89    1.00000    0.00000   100%   122 4600s
 2956057 711249    0.00000  118   34    1.00000    0.00000   100%   122 4605s
 2959843 712152 infeasible  127         1.00000    0.00000   100%   122 4610s
 2964513 713064 infeasible  148         1.00000    0.00000   100%   122 4615s
 2967822 713881    0.00000  126   59    1.00000    0.00000   100%   122 4620s
 2971786 714776 infeasible  120         1.00000    0.00000   100%   122 4625s
 2976119 715899 infeasible  150         1.00000    0.00000   100%   122 4630s
 2978839 716389    0.00000  138   58    1.00000    0.00000   100%   122 4635s
 2979671 716410 infeasible  134         1.00000    0.00000   100%   122 4641s
 2979701 716446    0.00000  122   32    1.00000    0.00000   100%   122 4645s
 2980206 716518    0.00000  124   36    1.00000    0.00000   100%   122 4651s
 2982070 716962 infeasible  136         1.00000    0.00000   100%   122 4655s
 2985911 718045    0.00000  137   69    1.00000    0.00000   100%   122 4660s
 2989832 718771 infeasible  133         1.00000    0.00000   100%   122 4665s
 2993311 719527    0.00000  127   35    1.00000    0.00000   100%   122 4670s
 2997023 720240 infeasible  137         1.00000    0.00000   100%   122 4675s
 3000766 721366    0.00000  157  110    1.00000    0.00000   100%   122 4680s
 3004443 722170    0.00000  148  108    1.00000    0.00000   100%   122 4685s
 3009174 723478    0.00000  143  121    1.00000    0.00000   100%   122 4690s
 3013684 724634    0.00000  153   89    1.00000    0.00000   100%   122 4695s
 3017236 725242    0.00000  131   62    1.00000    0.00000   100%   122 4700s
 3021151 726033    0.00000  101   83    1.00000    0.00000   100%   122 4705s
 3025305 726953 infeasible  147         1.00000    0.00000   100%   122 4710s
 3029597 727811    0.00000  135   75    1.00000    0.00000   100%   122 4715s
 3032664 728685 infeasible  139         1.00000    0.00000   100%   122 4721s
 3036820 729606    0.00000  147   38    1.00000    0.00000   100%   122 4725s
 3040747 730610    0.00000  120   58    1.00000    0.00000   100%   122 4730s
 3043627 731446    0.00000  147   77    1.00000    0.00000   100%   122 4735s
 3047254 732117 infeasible  142         1.00000    0.00000   100%   122 4740s
 3051758 733025 infeasible  158         1.00000    0.00000   100%   122 4745s
 3054391 733587    0.00000  134   60    1.00000    0.00000   100%   122 4750s
 3058241 734427    0.00000  143   35    1.00000    0.00000   100%   122 4755s
 3062854 735275 infeasible  127         1.00000    0.00000   100%   122 4760s
 3065661 735916    0.00000  149   33    1.00000    0.00000   100%   122 4765s
 3070059 736895    0.00000  124   41    1.00000    0.00000   100%   122 4770s
 3070955 736906 infeasible  163         1.00000    0.00000   100%   122 4776s
 3070979 736967 infeasible  164         1.00000    0.00000   100%   122 4780s
 3071529 737203 infeasible  166         1.00000    0.00000   100%   122 4785s
 3073259 737709 infeasible  116         1.00000    0.00000   100%   122 4790s
 3077786 738478    0.00000  139   39    1.00000    0.00000   100%   122 4795s
 3081995 739410 infeasible  137         1.00000    0.00000   100%   122 4800s
 3085494 740159    0.00000  144   42    1.00000    0.00000   100%   122 4806s
 3088448 740751    0.00000  117   15    1.00000    0.00000   100%   122 4810s
 3091617 741532    0.00000  130   87    1.00000    0.00000   100%   122 4815s
 3095860 742305    0.00000  135   36    1.00000    0.00000   100%   122 4820s
 3099924 742955    0.00000  118   81    1.00000    0.00000   100%   122 4825s
 3102156 743257    0.00000  141   51    1.00000    0.00000   100%   122 4831s
 3104987 743948    0.00000  126  109    1.00000    0.00000   100%   122 4835s
 3108522 744710    0.00000  127   22    1.00000    0.00000   100%   122 4840s
 3111959 745135 infeasible  118         1.00000    0.00000   100%   122 4845s
 3115245 745847    0.00000  121   51    1.00000    0.00000   100%   122 4850s
 3119413 746878    0.00000  135   77    1.00000    0.00000   100%   122 4855s
 3123200 747501    0.00000  127   22    1.00000    0.00000   100%   122 4860s
 3125514 748036 infeasible  130         1.00000    0.00000   100%   122 4865s
 3130046 748991 infeasible  127         1.00000    0.00000   100%   122 4870s
 3134105 749940    0.00000  137   71    1.00000    0.00000   100%   122 4875s
 3138774 750835    0.00000  117   79    1.00000    0.00000   100%   122 4880s
 3142255 751362    0.00000  118   30    1.00000    0.00000   100%   122 4885s
 3146637 752246    0.00000  164  111    1.00000    0.00000   100%   122 4890s
 3150392 753062    0.00000  143   41    1.00000    0.00000   100%   122 4895s
 3154600 753966    0.00000  138   15    1.00000    0.00000   100%   122 4900s
 3158706 754757 infeasible  166         1.00000    0.00000   100%   122 4905s
 3161470 755113    0.00000  137   21    1.00000    0.00000   100%   122 4910s
 3161514 755122    0.00000  140   18    1.00000    0.00000   100%   122 4917s
 3161533 755171    0.00000  142   16    1.00000    0.00000   100%   122 4921s
 3162162 755374    0.00000  138   33    1.00000    0.00000   100%   122 4926s
 3164827 755725    0.00000  156   89    1.00000    0.00000   100%   122 4930s
 3164844 757319    0.00000  157   86    1.00000    0.00000   100%   122 4939s
 3172844 757463    0.00000  111   28    1.00000    0.00000   100%   122 4940s
 3177047 758296    0.00000  107   48    1.00000    0.00000   100%   122 4945s
 3179104 758770 infeasible  137         1.00000    0.00000   100%   122 4950s
 3182548 759920 infeasible  124         1.00000    0.00000   100%   122 4955s
 3186742 761244    0.00000  138   24    1.00000    0.00000   100%   122 4960s
 3191280 762288    0.00000  135   67    1.00000    0.00000   100%   122 4965s
 3195806 763216    0.00000  132  100    1.00000    0.00000   100%   122 4970s
 3199040 763978 infeasible  114         1.00000    0.00000   100%   122 4975s
 3202780 764732 infeasible  156         1.00000    0.00000   100%   122 4980s
 3207363 765508    0.00000  145   32    1.00000    0.00000   100%   122 4985s
 3208956 765734    0.00000  156   38    1.00000    0.00000   100%   122 4990s
 3213616 766598    0.00000  127   28    1.00000    0.00000   100%   122 4995s
 3218068 767601    0.00000  145   50    1.00000    0.00000   100%   122 5000s
 3221608 768264 infeasible  152         1.00000    0.00000   100%   122 5005s
 3224194 770285    0.00000  137   34    1.00000    0.00000   100%   122 5017s
 3233681 771056    0.00000  146   43    1.00000    0.00000   100%   122 5020s
 3237951 772163    0.00000  131   44    1.00000    0.00000   100%   122 5025s
 3240104 772571    0.00000  167   52    1.00000    0.00000   100%   122 5030s
 3243936 773159    0.00000  117   68    1.00000    0.00000   100%   122 5035s
 3248742 774158    0.00000  122   60    1.00000    0.00000   100%   122 5040s
 3252913 775002    0.00000  129   37    1.00000    0.00000   100%   122 5045s
 3253767 776514    0.00000  177   62    1.00000    0.00000   100%   122 5058s
 3262962 777083    0.00000  147   61    1.00000    0.00000   100%   122 5060s
 3265386 777260 infeasible  146         1.00000    0.00000   100%   122 5065s
 3265418 777261 infeasible  145         1.00000    0.00000   100%   122 5070s
 3266229 777380 infeasible  148         1.00000    0.00000   100%   122 5075s
 3267898 777872    0.00000  106   60    1.00000    0.00000   100%   122 5081s
 3272022 778518    0.00000  126   40    1.00000    0.00000   100%   122 5085s
 3276574 779325 infeasible  160         1.00000    0.00000   100%   122 5090s
 3278761 779846    0.00000  149   33    1.00000    0.00000   100%   122 5095s
 3282104 780497    0.00000  148   81    1.00000    0.00000   100%   122 5100s
 3286480 781501 infeasible  150         1.00000    0.00000   100%   122 5105s
 3291266 782914    0.00000  160   66    1.00000    0.00000   100%   122 5110s
 3293882 783399 infeasible  139         1.00000    0.00000   100%   122 5115s
 3298446 784950    0.00000  123   33    1.00000    0.00000   100%   122 5120s
 3303096 786531 infeasible  135         1.00000    0.00000   100%   121 5125s
 3307958 787526 infeasible  121         1.00000    0.00000   100%   121 5130s
 3311365 788255    0.00000  107   16    1.00000    0.00000   100%   121 5136s
 3315843 788939    0.00000  125   73    1.00000    0.00000   100%   121 5140s
 3318126 789587    0.00000  135   39    1.00000    0.00000   100%   121 5145s
 3322805 790665    0.00000  143   45    1.00000    0.00000   100%   121 5150s
 3326980 791577    0.00000  134   58    1.00000    0.00000   100%   121 5155s
 3330865 792441 infeasible  138         1.00000    0.00000   100%   121 5160s
 3333558 792913    0.00000  140   26    1.00000    0.00000   100%   121 5165s
 3338042 793836    0.00000  114   59    1.00000    0.00000   100%   121 5170s
 3342530 794485    0.00000  122   39    1.00000    0.00000   100%   121 5175s
 3345270 795008    0.00000  146   58    1.00000    0.00000   100%   121 5180s
 3348990 795939    0.00000  142  100    1.00000    0.00000   100%   121 5185s
 3354324 797703 infeasible  141         1.00000    0.00000   100%   121 5190s
 3357711 798178 infeasible  145         1.00000    0.00000   100%   121 5195s
 3358275 798498    0.00000  131   40    1.00000    0.00000   100%   121 5204s
 3359106 799109    0.00000  132   38    1.00000    0.00000   100%   121 5207s
 3363574 799614 infeasible  158         1.00000    0.00000   100%   121 5211s
 3365175 799931 infeasible  147         1.00000    0.00000   100%   121 5215s
 3369921 800804 infeasible  163         1.00000    0.00000   100%   121 5220s
 3375257 801465 infeasible  127         1.00000    0.00000   100%   121 5225s
 3378299 802072 infeasible  146         1.00000    0.00000   100%   121 5230s
 3381399 802691    0.00000  147  102    1.00000    0.00000   100%   121 5235s
 3386073 803552 infeasible  127         1.00000    0.00000   100%   121 5241s
 3389521 804344 infeasible  147         1.00000    0.00000   100%   121 5245s
 3392664 805075    0.00000  125   97    1.00000    0.00000   100%   121 5250s
 3396842 805756 infeasible  136         1.00000    0.00000   100%   121 5255s
 3400109 806275    0.00000  127   17    1.00000    0.00000   100%   121 5260s
 3403269 806835 infeasible  123         1.00000    0.00000   100%   121 5265s
 3407235 807601 infeasible  124         1.00000    0.00000   100%   121 5270s
 3411778 808544    0.00000  163   84    1.00000    0.00000   100%   121 5275s
 3414947 809081    0.00000  155  129    1.00000    0.00000   100%   121 5280s
 3418033 809888    0.00000  160   35    1.00000    0.00000   100%   121 5285s
 3422647 810589 infeasible  147         1.00000    0.00000   100%   121 5290s
 3427231 811151    0.00000  127   15    1.00000    0.00000   100%   121 5295s
 3427864 811298    0.00000  145   53    1.00000    0.00000   100%   121 5300s
 3428364 811380 infeasible  147         1.00000    0.00000   100%   121 5305s
 3428842 811433 infeasible  128         1.00000    0.00000   100%   121 5310s
 3430863 812120    0.00000  125   77    1.00000    0.00000   100%   121 5315s
 3434455 812694    0.00000  143   47    1.00000    0.00000   100%   121 5321s
 3438437 813236    0.00000  137   32    1.00000    0.00000   100%   121 5325s
 3442223 813894 infeasible  146         1.00000    0.00000   100%   121 5330s
 3444752 814350    0.00000  149  125    1.00000    0.00000   100%   121 5335s
 3448309 815081 infeasible  150         1.00000    0.00000   100%   121 5340s
 3453320 816208 infeasible  126         1.00000    0.00000   100%   121 5345s
 3456717 816994    0.00000  131   35    1.00000    0.00000   100%   121 5350s
 3459959 818048 infeasible  153         1.00000    0.00000   100%   121 5356s
 3463642 818909    0.00000  112   61    1.00000    0.00000   100%   121 5360s
 3467990 819966 infeasible  130         1.00000    0.00000   100%   121 5365s
 3471592 820494    0.00000  137    9    1.00000    0.00000   100%   121 5370s
 3474630 821059    0.00000  136   28    1.00000    0.00000   100%   121 5375s
 3478519 822010    0.00000  139   19    1.00000    0.00000   100%   121 5380s
 3482819 822807    0.00000  123   62    1.00000    0.00000   100%   121 5385s
 3486377 823301    0.00000  128   11    1.00000    0.00000   100%   121 5390s
 3489583 824194 infeasible  147         1.00000    0.00000   100%   121 5395s
 3493271 825010 infeasible  131         1.00000    0.00000   100%   121 5400s
 3495984 825651    0.00000  125   92    1.00000    0.00000   100%   121 5405s
 3496011 825658    0.00000  128   84    1.00000    0.00000   100%   121 5411s
 3496312 825732    0.00000  130   82    1.00000    0.00000   100%   121 5415s
 3499274 826810    0.00000  117   50    1.00000    0.00000   100%   121 5420s
 3503398 827709    0.00000  124   49    1.00000    0.00000   100%   121 5425s
 3506635 828016    0.00000  118   60    1.00000    0.00000   100%   121 5430s
 3509623 828652 infeasible  109         1.00000    0.00000   100%   121 5435s
 3513893 829280    0.00000  147   24    1.00000    0.00000   100%   121 5440s
 3517016 830008    0.00000  128   32    1.00000    0.00000   100%   121 5445s
 3521592 830890    0.00000  163  103    1.00000    0.00000   100%   121 5450s
 3524988 831759 infeasible  127         1.00000    0.00000   100%   121 5455s
 3528651 832678 infeasible  136         1.00000    0.00000   100%   121 5460s
 3531678 833069    0.00000  132   52    1.00000    0.00000   100%   121 5465s
 3534889 833851    0.00000  121   53    1.00000    0.00000   100%   121 5470s
 3538679 834699    0.00000  122   44    1.00000    0.00000   100%   121 5475s
 3544074 835853 infeasible  145         1.00000    0.00000   100%   121 5480s
 3546877 836461    0.00000  141   45    1.00000    0.00000   100%   121 5485s
 3550734 837426    0.00000  144   53    1.00000    0.00000   100%   121 5490s
 3554227 838114    0.00000  140   88    1.00000    0.00000   100%   121 5495s
 3559555 839010 infeasible  143         1.00000    0.00000   100%   121 5501s
 3562202 839521    0.00000  127   40    1.00000    0.00000   100%   121 5505s
 3565983 840249    0.00000  136   39    1.00000    0.00000   100%   121 5510s
 3566842 841899    0.00000  131   53    1.00000    0.00000   100%   121 5522s
 3576801 842498    0.00000  147   17    1.00000    0.00000   100%   121 5525s
 3580941 843163    0.00000  117   35    1.00000    0.00000   100%   121 5530s
 3580976 843173    0.00000  119   41    1.00000    0.00000   100%   121 5537s
 3581010 843226 infeasible  119         1.00000    0.00000   100%   121 5541s
 3581765 843562    0.00000  146   72    1.00000    0.00000   100%   121 5547s
 3585921 844225    0.00000  144   78    1.00000    0.00000   100%   121 5550s
 3589880 844988 infeasible  142         1.00000    0.00000   100%   121 5555s
 3594428 845752    0.00000  146   87    1.00000    0.00000   100%   121 5560s
 3599429 846486    0.00000  130   36    1.00000    0.00000   100%   121 5565s
 3602299 846954 infeasible  126         1.00000    0.00000   100%   121 5570s
 3606768 847596    0.00000  156  101    1.00000    0.00000   100%   121 5575s
 3609716 848251 infeasible  147         1.00000    0.00000   100%   121 5581s
 3613231 849194    0.00000  157   30    1.00000    0.00000   100%   121 5585s
 3617573 849923 infeasible  147         1.00000    0.00000   100%   121 5590s
 3620712 850572    0.00000  136   44    1.00000    0.00000   100%   121 5595s
 3625198 851346    0.00000  125   70    1.00000    0.00000   100%   121 5601s
 3626165 852880    0.00000  149   32    1.00000    0.00000   100%   121 5613s
 3635081 853223    0.00000  137   62    1.00000    0.00000   100%   121 5615s
 3637948 853784    0.00000  142   53    1.00000    0.00000   100%   121 5620s
 3641715 854525    0.00000  139   75    1.00000    0.00000   100%   121 5625s
 3645347 855105    0.00000  147   14    1.00000    0.00000   100%   121 5630s
 3650860 855939    0.00000  137   31    1.00000    0.00000   100%   121 5635s
 3653192 856327 infeasible  157         1.00000    0.00000   100%   121 5641s
 3656921 857431    0.00000  124   67    1.00000    0.00000   100%   121 5645s
 3661665 858590 infeasible  127         1.00000    0.00000   100%   121 5650s
 3664404 858979 infeasible  137         1.00000    0.00000   100%   121 5655s
 3667828 859716    0.00000  147    8    1.00000    0.00000   100%   121 5660s
 3672029 860424    0.00000  127   12    1.00000    0.00000   100%   121 5666s
 3674965 860705    0.00000  152   38    1.00000    0.00000   100%   121 5670s
 3674991 860711 infeasible  154         1.00000    0.00000   100%   121 5676s
 3675014 860751    0.00000  152   43    1.00000    0.00000   100%   121 5681s
 3675668 860920 infeasible  129         1.00000    0.00000   100%   121 5685s
 3677659 861519 infeasible  128         1.00000    0.00000   100%   121 5690s
 3683198 862422 infeasible  127         1.00000    0.00000   100%   121 5695s
 3685922 862727    0.00000  127   67    1.00000    0.00000   100%   121 5700s
 3690716 863521 infeasible  147         1.00000    0.00000   100%   121 5705s
 3693998 863897    0.00000  120   64    1.00000    0.00000   100%   121 5710s
 3697848 864677 infeasible  147         1.00000    0.00000   100%   121 5715s
 3701620 865330    0.00000  157   24    1.00000    0.00000   100%   121 5721s
 3705883 865940 infeasible  128         1.00000    0.00000   100%   121 5725s
 3707593 866227 infeasible  136         1.00000    0.00000   100%   121 5730s
 3711912 866925    0.00000  119   37    1.00000    0.00000   100%   121 5735s
 3715445 867812    0.00000  127   32    1.00000    0.00000   100%   121 5740s
 3719914 868469 infeasible  136         1.00000    0.00000   100%   121 5745s
 3720888 868774    0.00000  115   83    1.00000    0.00000   100%   121 5750s
 3725512 869590    0.00000  134   75    1.00000    0.00000   100%   121 5755s
 3730149 870397    0.00000  127   20    1.00000    0.00000   100%   121 5760s
 3733142 870770    0.00000  128   40    1.00000    0.00000   100%   121 5765s
 3735616 871271 infeasible  126         1.00000    0.00000   100%   121 5770s
 3740808 872267 infeasible  127         1.00000    0.00000   100%   121 5775s
 3744693 872896    0.00000  165  107    1.00000    0.00000   100%   121 5780s
 3748120 873454 infeasible  134         1.00000    0.00000   100%   121 5785s
 3752625 874356 infeasible  157         1.00000    0.00000   100%   121 5790s
 3755122 874676    0.00000  126   16    1.00000    0.00000   100%   121 5795s
 3759333 875436    0.00000  118   34    1.00000    0.00000   100%   121 5800s
 3762984 876024 infeasible  138         1.00000    0.00000   100%   121 5805s
 3766252 876934    0.00000  117   30    1.00000    0.00000   100%   121 5810s
 3770820 877817    0.00000  128   35    1.00000    0.00000   100%   121 5815s
 3773273 878086    0.00000  148   32    1.00000    0.00000   100%   121 5822s
 3773295 878096 infeasible  150         1.00000    0.00000   100%   121 5826s
 3773451 878178 infeasible  150         1.00000    0.00000   100%   121 5830s
 3774493 878448 infeasible  115         1.00000    0.00000   100%   121 5835s
 3779278 879206 infeasible  144         1.00000    0.00000   100%   121 5840s
 3783065 880143    0.00000  126   45    1.00000    0.00000   100%   121 5845s
 3788621 880952 infeasible  117         1.00000    0.00000   100%   121 5850s
 3791823 881438 infeasible  118         1.00000    0.00000   100%   121 5856s
 3796007 882336 infeasible  120         1.00000    0.00000   100%   121 5860s
 3799275 883101 infeasible  127         1.00000    0.00000   100%   121 5865s
 3802716 883685    0.00000  117   37    1.00000    0.00000   100%   121 5870s
 3806328 884155 infeasible  137         1.00000    0.00000   100%   121 5875s
 3810996 884815 infeasible  115         1.00000    0.00000   100%   121 5880s
 3812994 885336 infeasible  137         1.00000    0.00000   100%   121 5885s
 3818086 886432 infeasible  128         1.00000    0.00000   100%   121 5890s
 3821449 887214    0.00000  122   98    1.00000    0.00000   100%   121 5895s
 3825556 888157    0.00000  137   12    1.00000    0.00000   100%   121 5900s
 3828907 888858    0.00000  145   69    1.00000    0.00000   100%   121 5905s
 3833176 889887    0.00000  126   58    1.00000    0.00000   100%   121 5910s
 3836835 890994    0.00000  117   19    1.00000    0.00000   100%   121 5915s
 3839792 891676    0.00000  135   78    1.00000    0.00000   100%   121 5920s
 3844073 892497    0.00000  127   12    1.00000    0.00000   100%   121 5925s
 3848848 893377    0.00000  156   14    1.00000    0.00000   100%   121 5930s
 3849716 894457    0.00000  141   32    1.00000    0.00000   100%   121 5938s
 3856360 894726 infeasible  129         1.00000    0.00000   100%   121 5940s
 3857276 894725 infeasible  139         1.00000    0.00000   100%   121 5945s
 3857317 894746    0.00000  148   52    1.00000    0.00000   100%   121 5952s
 3858552 894952    0.00000  148   93    1.00000    0.00000   100%   121 5956s
 3860603 895583    0.00000  127   12    1.00000    0.00000   100%   121 5960s
 3865907 896589 infeasible  166         1.00000    0.00000   100%   121 5965s
 3867630 896908    0.00000  125   48    1.00000    0.00000   100%   121 5971s
 3871342 897588    0.00000  127   17    1.00000    0.00000   100%   121 5975s
 3876182 898540    0.00000  135  102    1.00000    0.00000   100%   121 5980s
 3878891 899234    0.00000  162   55    1.00000    0.00000   100%   121 5985s
 3882555 899983    0.00000  155   97    1.00000    0.00000   100%   121 5990s
 3887185 900592 infeasible  155         1.00000    0.00000   100%   121 5995s
 3889326 900949 infeasible  163         1.00000    0.00000   100%   121 6000s
 3894004 902006    0.00000  127   19    1.00000    0.00000   100%   121 6005s
 3897532 902641    0.00000  146   53    1.00000    0.00000   100%   121 6010s
 3901688 903398    0.00000  137   19    1.00000    0.00000   100%   121 6015s
 3904456 903717    0.00000  122   55    1.00000    0.00000   100%   121 6021s
 3907248 904556    0.00000  119   95    1.00000    0.00000   100%   121 6025s
 3911207 905268 infeasible  157         1.00000    0.00000   100%   121 6030s
 3916217 906269 infeasible  127         1.00000    0.00000   100%   121 6035s
 3920952 907631    0.00000  142   79    1.00000    0.00000   100%   121 6040s
 3922479 908014    0.00000  130   59    1.00000    0.00000   100%   121 6045s
 3926566 908801    0.00000  147   34    1.00000    0.00000   100%   121 6051s
 3930025 909527 infeasible  131         1.00000    0.00000   100%   121 6055s
 3934466 910584 infeasible  136         1.00000    0.00000   100%   121 6061s
 3936255 910966    0.00000   87   31    1.00000    0.00000   100%   121 6065s
 3941319 912831 infeasible  127         1.00000    0.00000   100%   121 6070s
 3944611 913616 infeasible  149         1.00000    0.00000   100%   121 6075s
 3944660 913620 infeasible  150         1.00000    0.00000   100%   121 6080s
 3944687 913629 infeasible  150         1.00000    0.00000   100%   121 6085s
 3946744 914376 infeasible  113         1.00000    0.00000   100%   121 6090s
 3951251 915445 infeasible  123         1.00000    0.00000   100%   121 6095s
 3954295 918686    0.00000  108   33    1.00000    0.00000   100%   121 6107s
 3964061 919587    0.00000  126   25    1.00000    0.00000   100%   121 6110s
 3968398 921113    0.00000  157   97    1.00000    0.00000   100%   121 6115s
 3971356 921824    0.00000  136   10    1.00000    0.00000   100%   121 6120s
 3974548 922714    0.00000  124   65    1.00000    0.00000   100%   121 6125s
 3979406 924222    0.00000  117   31    1.00000    0.00000   100%   121 6130s
 3984097 925612    0.00000  115   70    1.00000    0.00000   100%   121 6135s
 3985750 926066    0.00000  132   43    1.00000    0.00000   100%   121 6140s
 3990930 927466    0.00000  134   77    1.00000    0.00000   100%   121 6145s
 3995703 928806 infeasible  147         1.00000    0.00000   100%   121 6150s
 3999918 929946    0.00000  147   13    1.00000    0.00000   100%   121 6155s
 4002236 930515    0.00000  122  105    1.00000    0.00000   100%   121 6160s
 4007477 931844    0.00000  127   28    1.00000    0.00000   100%   121 6165s
 4011784 933027    0.00000  155   91    1.00000    0.00000   100%   121 6170s
 4014954 933562    0.00000  120   50    1.00000    0.00000   100%   121 6176s
 4017353 934574    0.00000  137   12    1.00000    0.00000   100%   121 6180s
 4022088 935657    0.00000  127   29    1.00000    0.00000   100%   121 6185s
 4027337 936915    0.00000  129   59    1.00000    0.00000   100%   121 6191s
 4030896 937855    0.00000  146   15    1.00000    0.00000   100%   121 6195s
 4032243 938179 infeasible  160         1.00000    0.00000   100%   121 6200s
 4037574 939103 infeasible  137         1.00000    0.00000   100%   121 6205s
 4038656 939116    0.00000  124   20    1.00000    0.00000   100%   121 6210s
 4038715 939208    0.00000  127   16    1.00000    0.00000   100%   121 6217s
 4039379 939375    0.00000  129   33    1.00000    0.00000   100%   121 6220s
 4042893 940436    0.00000  116   39    1.00000    0.00000   100%   121 6225s
 4048152 941636 infeasible  130         1.00000    0.00000   100%   121 6230s
 4051856 942759    0.00000  132   46    1.00000    0.00000   100%   121 6235s
 4054730 943433 infeasible  135         1.00000    0.00000   100%   121 6240s
 4059813 944669 infeasible  144         1.00000    0.00000   100%   121 6245s
 4063982 945367    0.00000  131  129    1.00000    0.00000   100%   121 6250s
 4066427 946013 infeasible  137         1.00000    0.00000   100%   121 6255s
 4070796 946925    0.00000  135   42    1.00000    0.00000   100%   121 6260s
 4075552 947761 infeasible  144         1.00000    0.00000   100%   121 6265s
 4076995 948187 infeasible  133         1.00000    0.00000   100%   121 6270s
 4079029 948550    0.00000  124   82    1.00000    0.00000   100%   121 6275s
 4083532 949924    0.00000  137   29    1.00000    0.00000   100%   121 6280s
 4087117 951012    0.00000  137    9    1.00000    0.00000   100%   121 6285s
 4092750 951971    0.00000  131   20    1.00000    0.00000   100%   121 6290s
 4093725 952194    0.00000  157  101    1.00000    0.00000   100%   121 6295s
 4098326 953346    0.00000  130   49    1.00000    0.00000   100%   121 6300s
 4101892 954392    0.00000  139   58    1.00000    0.00000   100%   121 6305s
 4107241 955521    0.00000  137   52    1.00000    0.00000   100%   121 6310s
 4111500 956358 infeasible  147         1.00000    0.00000   100%   121 6315s
 4113382 956911 infeasible  147         1.00000    0.00000   100%   121 6320s
 4117843 957792    0.00000  134   79    1.00000    0.00000   100%   121 6325s
 4122228 958781    0.00000  147   23    1.00000    0.00000   100%   121 6330s
 4127143 959616 infeasible  146         1.00000    0.00000   100%   121 6335s
 4131225 960203 infeasible  132         1.00000    0.00000   100%   121 6340s
 4133710 961015    0.00000  127   22    1.00000    0.00000   100%   121 6345s
 4138737 962036 infeasible  136         1.00000    0.00000   100%   120 6350s
 4141064 962231 infeasible  141         1.00000    0.00000   100%   120 6356s
 4141097 962247 infeasible  143         1.00000    0.00000   100%   120 6362s
 4141219 962288 infeasible  149         1.00000    0.00000   100%   120 6365s
 4142516 962748    0.00000  141   79    1.00000    0.00000   100%   120 6370s
 4147688 963627    0.00000  141   47    1.00000    0.00000   100%   120 6375s
 4153194 965060 infeasible  136         1.00000    0.00000   100%   120 6380s
 4156761 965729 infeasible  137         1.00000    0.00000   100%   120 6385s
 4161206 966626    0.00000  140   21    1.00000    0.00000   100%   120 6390s
 4165804 967376    0.00000  107   23    1.00000    0.00000   100%   120 6395s
 4170281 968135    0.00000  138   14    1.00000    0.00000   100%   120 6400s
 4172698 969098    0.00000  127   15    1.00000    0.00000   100%   120 6405s
 4176310 970435 infeasible  121         1.00000    0.00000   100%   120 6410s
 4179725 971387    0.00000  114   64    1.00000    0.00000   100%   120 6415s
 4183340 972119 infeasible  117         1.00000    0.00000   100%   120 6420s
 4187583 973299    0.00000  122   64    1.00000    0.00000   100%   120 6425s
 4189255 973688 infeasible  116         1.00000    0.00000   100%   120 6430s
 4193607 974782    0.00000  120   52    1.00000    0.00000   100%   120 6435s
 4196680 975525    0.00000  115   69    1.00000    0.00000   100%   120 6440s
 4201073 976902    0.00000  114   31    1.00000    0.00000   100%   120 6445s
 4204832 977661 infeasible  125         1.00000    0.00000   100%   120 6450s
 4207511 978330 infeasible  117         1.00000    0.00000   100%   120 6455s
 4211799 979071    0.00000  120   61    1.00000    0.00000   100%   120 6460s
 4214589 979572    0.00000  126   61    1.00000    0.00000   100%   120 6465s
 4217701 980491    0.00000  147   22    1.00000    0.00000   100%   120 6470s
 4222221 981353    0.00000  147   13    1.00000    0.00000   100%   120 6475s
 4226486 982207 infeasible  143         1.00000    0.00000   100%   120 6480s
 4228022 982427 infeasible  120         1.00000    0.00000   100%   120 6485s
 4228051 982441    0.00000  122   75    1.00000    0.00000   100%   120 6490s
 4228257 982473 infeasible  124         1.00000    0.00000   100%   120 6496s
 4228678 982559    0.00000  130   82    1.00000    0.00000   100%   120 6500s
 4229843 983209    0.00000  134   71    1.00000    0.00000   100%   120 6505s
 4235079 983998    0.00000  155   94    1.00000    0.00000   100%   120 6511s
 4237635 984550 infeasible  138         1.00000    0.00000   100%   120 6515s
 4241817 985419 infeasible  127         1.00000    0.00000   100%   120 6520s
 4245195 986015 infeasible  128         1.00000    0.00000   100%   120 6525s
 4249025 986736 infeasible  127         1.00000    0.00000   100%   120 6530s
 4252099 987605 infeasible  128         1.00000    0.00000   100%   120 6535s
 4256036 988505    0.00000  110  133    1.00000    0.00000   100%   120 6540s
 4260787 989325    0.00000  125   61    1.00000    0.00000   100%   120 6545s
 4263808 990006    0.00000  124   44    1.00000    0.00000   100%   120 6550s
 4269320 990772 infeasible  119         1.00000    0.00000   100%   120 6555s
 4273170 991362    0.00000  118   36    1.00000    0.00000   100%   120 6560s
 4276789 992115    0.00000  148   68    1.00000    0.00000   100%   120 6565s
 4280805 992995    0.00000  120   60    1.00000    0.00000   100%   120 6570s
 4285125 993787 infeasible  127         1.00000    0.00000   100%   120 6575s
 4288207 994248    0.00000  131   64    1.00000    0.00000   100%   120 6580s
 4292808 995040    0.00000  128   93    1.00000    0.00000   100%   120 6585s
 4296826 995730    0.00000  121   35    1.00000    0.00000   100%   120 6590s
 4300791 996487 infeasible  127         1.00000    0.00000   100%   120 6595s
 4302287 996790    0.00000  114   49    1.00000    0.00000   100%   120 6600s
 4306295 997835    0.00000  147   15    1.00000    0.00000   100%   120 6605s
 4310424 998807    0.00000  127   56    1.00000    0.00000   100%   120 6610s
 4314542 999533    0.00000  131   55    1.00000    0.00000   100%   120 6615s
 4318449 1000534    0.00000  114   64    1.00000    0.00000   100%   120 6620s
 4322084 1001320 infeasible  130         1.00000    0.00000   100%   120 6626s
 4325775 1002545    0.00000  116   56    1.00000    0.00000   100%   120 6630s
 4330316 1003751    0.00000  117   45    1.00000    0.00000   100%   120 6635s
 4331962 1004077    0.00000  128   86    1.00000    0.00000   100%   120 6640s
 4335888 1005291    0.00000  135   37    1.00000    0.00000   100%   120 6645s
 4339623 1006376    0.00000  117   13    1.00000    0.00000   100%   120 6650s
 4341657 1006671    0.00000  126   18    1.00000    0.00000   100%   120 6656s
 4341681 1006676    0.00000  128   24    1.00000    0.00000   100%   120 6660s
 4341963 1006899 infeasible  130         1.00000    0.00000   100%   120 6665s
 4344993 1007957 infeasible  119         1.00000    0.00000   100%   120 6670s
 4349180 1008851    0.00000  117   78    1.00000    0.00000   100%   120 6675s
 4353675 1009965    0.00000  121   96    1.00000    0.00000   100%   120 6680s
 4355389 1011978    0.00000  115   56    1.00000    0.00000   100%   120 6691s
 4365702 1012852    0.00000  110   73    1.00000    0.00000   100%   120 6695s
 4368413 1013396    0.00000  125   33    1.00000    0.00000   100%   120 6700s
 4372084 1014665    0.00000  121   78    1.00000    0.00000   100%   120 6705s
 4376768 1015668 infeasible  125         1.00000    0.00000   100%   120 6710s
 4379044 1015951    0.00000  126   30    1.00000    0.00000   100%   120 6715s
 4382929 1016832    0.00000  118   59    1.00000    0.00000   100%   120 6720s
 4386727 1017776    0.00000  142   83    1.00000    0.00000   100%   120 6725s
 4391793 1018652 infeasible  123         1.00000    0.00000   100%   120 6730s
 4393770 1019145    0.00000  131   56    1.00000    0.00000   100%   120 6735s
 4397753 1020067    0.00000  122   45    1.00000    0.00000   100%   120 6741s
 4401982 1020965 infeasible  108         1.00000    0.00000   100%   120 6745s
 4406015 1021879 infeasible  144         1.00000    0.00000   100%   120 6750s
 4409215 1022489    0.00000  123   36    1.00000    0.00000   100%   120 6755s
 4412718 1023254    0.00000  105   45    1.00000    0.00000   100%   120 6760s
 4416456 1023967 infeasible  123         1.00000    0.00000   100%   120 6765s
 4419173 1024839 infeasible  127         1.00000    0.00000   100%   120 6770s
 4423290 1025566 infeasible  137         1.00000    0.00000   100%   120 6775s
 4423881 1025577    0.00000  113   68    1.00000    0.00000   100%   120 6780s
 4423926 1025613    0.00000  115   64    1.00000    0.00000   100%   120 6786s
 4425119 1025823 infeasible  137         1.00000    0.00000   100%   120 6790s
 4428927 1026966 infeasible  127         1.00000    0.00000   100%   120 6796s
 4433115 1027670    0.00000  127   27    1.00000    0.00000   100%   120 6800s
 4437057 1028714 infeasible  131         1.00000    0.00000   100%   120 6805s
 4439334 1029343    0.00000  102   58    1.00000    0.00000   100%   120 6810s
 4443412 1030795    0.00000  120   45    1.00000    0.00000   100%   120 6816s
 4447080 1031613    0.00000  127    9    1.00000    0.00000   100%   120 6820s
 4450545 1032285    0.00000  122   62    1.00000    0.00000   100%   120 6825s
 4453066 1033354    0.00000  127   49    1.00000    0.00000   100%   120 6830s
 4457552 1034545    0.00000  128   53    1.00000    0.00000   100%   120 6835s
 4460892 1035321    0.00000  136   63    1.00000    0.00000   100%   120 6841s
 4463838 1035954    0.00000  157   98    1.00000    0.00000   100%   120 6846s
 4467981 1036861 infeasible  126         1.00000    0.00000   100%   120 6850s
 4468992 1036974    0.00000  123   43    1.00000    0.00000   100%   120 6855s
 4473853 1037917 infeasible  127         1.00000    0.00000   100%   120 6861s
 4477734 1038485 infeasible  126         1.00000    0.00000   100%   120 6865s
 4480139 1038964    0.00000  130   24    1.00000    0.00000   100%   120 6870s
 4483614 1039794 infeasible  143         1.00000    0.00000   100%   120 6875s
 4486593 1040558    0.00000  124   43    1.00000    0.00000   100%   120 6880s
 4491449 1041794    0.00000  121   24    1.00000    0.00000   100%   120 6886s
 4495803 1042579 infeasible  136         1.00000    0.00000   100%   120 6890s
 4497099 1042753    0.00000  119   27    1.00000    0.00000   100%   120 6895s
 4500514 1043118    0.00000  121   39    1.00000    0.00000   100%   120 6900s
 4500539 1043125    0.00000  122   89    1.00000    0.00000   100%   120 6905s
 4500565 1043150 infeasible  124         1.00000    0.00000   100%   120 6910s
 4502146 1043473    0.00000  124   33    1.00000    0.00000   100%   120 6915s
 4505145 1043896 infeasible  141         1.00000    0.00000   100%   120 6921s
 4508966 1044519 infeasible  147         1.00000    0.00000   100%   120 6925s
 4513865 1045362    0.00000  118   56    1.00000    0.00000   100%   120 6930s
 4517709 1046001    0.00000  112   77    1.00000    0.00000   100%   120 6935s
 4520682 1046513 infeasible  117         1.00000    0.00000   100%   120 6940s
 4524565 1047169 infeasible  123         1.00000    0.00000   100%   120 6945s
 4529586 1047896 infeasible  143         1.00000    0.00000   100%   120 6950s
 4532776 1049658 infeasible  115         1.00000    0.00000   100%   120 6965s
 4544655 1050676    0.00000  128   42    1.00000    0.00000   100%   120 6970s
 4547112 1051088    0.00000  141   87    1.00000    0.00000   100%   120 6975s
 4551930 1051810    0.00000  117   12    1.00000    0.00000   100%   120 6980s
 4556427 1052769 infeasible  136         1.00000    0.00000   100%   120 6985s
 4560642 1053676    0.00000  127   22    1.00000    0.00000   100%   120 6990s
 4563247 1055630    0.00000  128   82    1.00000    0.00000   100%   120 7004s
 4571247 1055954    0.00000  128   64    1.00000    0.00000   100%   120 7005s
 4576361 1056995    0.00000  126   95    1.00000    0.00000   100%   120 7010s
 4578676 1057480 infeasible  127         1.00000    0.00000   100%   120 7015s
 4583587 1058470    0.00000  130   34    1.00000    0.00000   100%   120 7020s
 4590459 1059586 infeasible  146         1.00000    0.00000   100%   120 7025s
 4595188 1060276    0.00000  127   17    1.00000    0.00000   100%   120 7030s
 4596986 1060838 infeasible  145         1.00000    0.00000   100%   120 7035s
 4601611 1061677 infeasible  137         1.00000    0.00000   100%   120 7040s
 4603420 1061896    0.00000  118    9    1.00000    0.00000   100%   120 7046s
 4603445 1061909    0.00000  118   40    1.00000    0.00000   100%   120 7050s
 4604652 1062212    0.00000  124   65    1.00000    0.00000   100%   120 7056s
 4607050 1062776    0.00000  137   38    1.00000    0.00000   100%   120 7060s
 4611866 1064129    0.00000  121   58    1.00000    0.00000   100%   120 7065s
 4617019 1064993 infeasible  132         1.00000    0.00000   100%   120 7070s
 4620321 1065451    0.00000  137   50    1.00000    0.00000   100%   120 7075s
 4624508 1066502 infeasible  157         1.00000    0.00000   100%   120 7080s
 4629131 1066978    0.00000  147   24    1.00000    0.00000   100%   120 7085s
 4633006 1067470    0.00000  117   19    1.00000    0.00000   100%   120 7090s
 4636056 1070484    0.00000  112   47    1.00000    0.00000   100%   120 7106s
 4646679 1071338 infeasible  118         1.00000    0.00000   100%   120 7110s
 4649988 1071900 infeasible  140         1.00000    0.00000   100%   120 7115s
 4653873 1072708 infeasible  147         1.00000    0.00000   100%   120 7121s
 4656774 1073310    0.00000  143   42    1.00000    0.00000   100%   120 7125s
 4660838 1073929    0.00000  155   41    1.00000    0.00000   100%   120 7131s
 4662509 1074228 infeasible  137         1.00000    0.00000   100%   120 7135s
 4667195 1074863 infeasible  140         1.00000    0.00000   100%   120 7140s
 4671730 1075486    0.00000  127   28    1.00000    0.00000   100%   120 7145s
 4675882 1076136 infeasible  122         1.00000    0.00000   100%   120 7150s
 4678054 1076559 infeasible  127         1.00000    0.00000   100%   120 7155s
 4682635 1077336 infeasible  137         1.00000    0.00000   100%   120 7160s
 4687148 1078525 infeasible  137         1.00000    0.00000   100%   120 7165s
 4690341 1079115    0.00000  107   16    1.00000    0.00000   100%   120 7170s
 4690377 1079127    0.00000  110   54    1.00000    0.00000   100%   120 7177s
 4690465 1079368    0.00000  109   30    1.00000    0.00000   100%   120 7181s
 4691865 1079717 infeasible  142         1.00000    0.00000   100%   120 7185s
 4695237 1080484    0.00000  114   54    1.00000    0.00000   100%   120 7190s
 4699455 1081138 infeasible  114         1.00000    0.00000   100%   120 7195s
 4701487 1081352    0.00000  123   43    1.00000    0.00000   100%   120 7200s
 4706056 1082326 infeasible  115         1.00000    0.00000   100%   120 7205s
 4709979 1083536 infeasible  127         1.00000    0.00000   100%   120 7210s
 4713800 1084316    0.00000  150  103    1.00000    0.00000   100%   120 7215s
 4717344 1084916    0.00000  141  114    1.00000    0.00000   100%   120 7220s
 4721612 1085522    0.00000  127   35    1.00000    0.00000   100%   120 7225s
 4726199 1086296 infeasible  137         1.00000    0.00000   100%   120 7230s
 4728434 1086729    0.00000  140   75    1.00000    0.00000   100%   120 7235s
 4731790 1087369    0.00000  143   54    1.00000    0.00000   100%   120 7240s
 4737112 1088272    0.00000  125   67    1.00000    0.00000   100%   120 7245s
 4740906 1088880    0.00000  128   65    1.00000    0.00000   100%   120 7250s
 4745502 1089649    0.00000  157   13    1.00000    0.00000   100%   120 7255s
 4748423 1090097    0.00000  123   27    1.00000    0.00000   100%   120 7260s
 4752231 1091111    0.00000  123   48    1.00000    0.00000   100%   120 7265s
 4756238 1091733 infeasible  141         1.00000    0.00000   100%   120 7270s
 4760724 1092473    0.00000  135   79    1.00000    0.00000   100%   120 7275s
 4763998 1093127    0.00000  130   35    1.00000    0.00000   100%   120 7280s
 4767246 1093714    0.00000  122   88    1.00000    0.00000   100%   120 7285s
 4770574 1094469    0.00000  121   49    1.00000    0.00000   100%   120 7291s
 4774647 1095043 infeasible  124         1.00000    0.00000   100%   120 7295s
 4778323 1095388    0.00000  144   58    1.00000    0.00000   100%   120 7300s
 4781407 1095854 infeasible  130         1.00000    0.00000   100%   120 7305s
 4785601 1096560 infeasible  145         1.00000    0.00000   100%   120 7310s
 4789343 1097299    0.00000  129   39    1.00000    0.00000   100%   120 7315s
 4790262 1097306 infeasible  124         1.00000    0.00000   100%   120 7321s
 4790365 1097311    0.00000  124   39    1.00000    0.00000   100%   120 7326s
 4790879 1097347    0.00000  126   12    1.00000    0.00000   100%   120 7332s
 4791205 1097447 infeasible  128         1.00000    0.00000   100%   120 7335s
 4794749 1098307 infeasible  144         1.00000    0.00000   100%   120 7340s
 4798286 1098872    0.00000  119   74    1.00000    0.00000   100%   120 7345s
 4801900 1099286 infeasible  122         1.00000    0.00000   100%   120 7350s
 4803387 1099537    0.00000  151   91    1.00000    0.00000   100%   120 7356s
 4806490 1100200    0.00000  117   20    1.00000    0.00000   100%   120 7360s
 4810909 1101049    0.00000  112   39    1.00000    0.00000   100%   120 7365s
 4814930 1101639    0.00000  154   35    1.00000    0.00000   100%   120 7370s
 4818624 1102272    0.00000  115   65    1.00000    0.00000   100%   120 7375s
 4822139 1102936    0.00000  136   72    1.00000    0.00000   100%   120 7380s
 4825719 1103459 infeasible  121         1.00000    0.00000   100%   120 7385s
 4829908 1104089    0.00000  147   15    1.00000    0.00000   100%   120 7390s
 4833411 1104894    0.00000  117   16    1.00000    0.00000   100%   120 7395s
 4835785 1105237    0.00000  121   60    1.00000    0.00000   100%   120 7400s
 4840717 1105828    0.00000  119   53    1.00000    0.00000   100%   120 7405s
 4845289 1106513    0.00000  120   44    1.00000    0.00000   100%   120 7410s
 4848839 1106970 infeasible  150         1.00000    0.00000   100%   120 7415s
 4851792 1107512 infeasible  128         1.00000    0.00000   100%   120 7420s
 4856373 1108691    0.00000  145   69    1.00000    0.00000   100%   120 7425s
 4858282 1110394    0.00000  128   21    1.00000    0.00000   100%   120 7437s
 4867050 1110808 infeasible  161         1.00000    0.00000   100%   120 7440s
 4871784 1111661 infeasible  147         1.00000    0.00000   100%   120 7445s
 4873373 1112243 infeasible  137         1.00000    0.00000   100%   120 7450s
 4877730 1112875 infeasible  136         1.00000    0.00000   100%   120 7455s
 4882122 1113660    0.00000  147   75    1.00000    0.00000   100%   120 7460s
 4884915 1114277 infeasible  127         1.00000    0.00000   100%   120 7466s
 4886914 1114732 infeasible  128         1.00000    0.00000   100%   120 7471s
 4890225 1115486    0.00000  122   85    1.00000    0.00000   100%   120 7475s
 4892727 1115758    0.00000  123   94    1.00000    0.00000   100%   120 7480s
 4892769 1115759 infeasible  125         1.00000    0.00000   100%   120 7486s
 4892973 1115933    0.00000  129   36    1.00000    0.00000   100%   120 7490s
 4895102 1116206 infeasible  141         1.00000    0.00000   100%   120 7495s
 4898581 1117255    0.00000  122   46    1.00000    0.00000   100%   120 7500s
 4902610 1118064 infeasible  132         1.00000    0.00000   100%   120 7506s
 4905090 1118576    0.00000  118   36    1.00000    0.00000   100%   120 7510s
 4906845 1118817 infeasible  130         1.00000    0.00000   100%   120 7515s
 4910590 1119419    0.00000  127   23    1.00000    0.00000   100%   120 7520s
 4914461 1120242 infeasible  117         1.00000    0.00000   100%   120 7525s
 4918394 1121085 infeasible  127         1.00000    0.00000   100%   120 7530s
 4920344 1121312    0.00000  120   48    1.00000    0.00000   100%   120 7536s
 4923507 1122032    0.00000  131   99    1.00000    0.00000   100%   120 7540s
 4927252 1122825    0.00000  134   47    1.00000    0.00000   100%   120 7545s
 4931723 1123619    0.00000  131   26    1.00000    0.00000   100%   120 7550s
 4935186 1124362 infeasible  123         1.00000    0.00000   100%   120 7555s
 4939098 1124984 infeasible  118         1.00000    0.00000   100%   120 7560s
 4941319 1125885    0.00000  121   45    1.00000    0.00000   100%   120 7565s
 4945265 1126888    0.00000  126   78    1.00000    0.00000   100%   120 7570s
 4948998 1128183 infeasible  137         1.00000    0.00000   100%   120 7575s
 4952246 1129306    0.00000  105   60    1.00000    0.00000   100%   120 7580s
 4957154 1130662    0.00000  130  117    1.00000    0.00000   100%   120 7585s
 4960762 1131500    0.00000  107   30    1.00000    0.00000   100%   120 7590s
 4962772 1131865    0.00000  107   64    1.00000    0.00000   100%   120 7595s
 4967075 1132837    0.00000  120   44    1.00000    0.00000   100%   120 7600s
 4971547 1133881    0.00000  124   35    1.00000    0.00000   100%   119 7606s
 4973477 1134011 infeasible  120         1.00000    0.00000   100%   119 7611s
 4973505 1134007 infeasible  120         1.00000    0.00000   100%   119 7616s
 4973651 1134125 infeasible  123         1.00000    0.00000   100%   119 7621s
 4975459 1134318    0.00000  109   53    1.00000    0.00000   100%   119 7625s
 4977672 1135009 infeasible  127         1.00000    0.00000   100%   119 7630s
 4981804 1135862 infeasible  127         1.00000    0.00000   100%   119 7635s
 4985282 1136426    0.00000  129   87    1.00000    0.00000   100%   119 7640s
 4987167 1136921    0.00000  117   18    1.00000    0.00000   100%   119 7645s
 4991551 1138244    0.00000  107   23    1.00000    0.00000   100%   119 7650s
 4995266 1139038    0.00000  110   44    1.00000    0.00000   100%   119 7655s
 4997498 1139551    0.00000  122   83    1.00000    0.00000   100%   119 7660s
 5001692 1140399    0.00000  127   27    1.00000    0.00000   100%   119 7666s
 5005400 1141099    0.00000  134   44    1.00000    0.00000   100%   119 7670s
 5008398 1141648    0.00000  121   54    1.00000    0.00000   100%   120 7676s
 5011592 1142155 infeasible  130         1.00000    0.00000   100%   120 7680s
 5015825 1142786    0.00000  149   63    1.00000    0.00000   100%   120 7686s
 5019954 1143345    0.00000  127   31    1.00000    0.00000   100%   120 7691s
 5022396 1143890    0.00000  111   57    1.00000    0.00000   100%   120 7696s
 5025927 1144695 infeasible  137         1.00000    0.00000   100%   120 7701s
 5029836 1145201    0.00000  136  107    1.00000    0.00000   100%   120 7705s
 5031302 1145387    0.00000  118   72    1.00000    0.00000   100%   120 7710s
 5035014 1145972 infeasible  141         1.00000    0.00000   100%   120 7716s
 5039025 1146451 infeasible  156         1.00000    0.00000   100%   119 7720s
 5043022 1147051    0.00000  147   41    1.00000    0.00000   100%   120 7725s
 5046524 1147594    0.00000  144   80    1.00000    0.00000   100%   120 7730s
 5050627 1148377    0.00000  129   53    1.00000    0.00000   100%   120 7735s
 5054204 1148906    0.00000  136   18    1.00000    0.00000   100%   120 7740s
 5056739 1149353    0.00000  127   26    1.00000    0.00000   100%   120 7746s
 5060636 1149860    0.00000  124  125    1.00000    0.00000   100%   120 7751s
 5063228 1150101    0.00000  122   52    1.00000    0.00000   100%   120 7755s
 5063256 1150102    0.00000  124   58    1.00000    0.00000   100%   120 7761s
 5063290 1150133 infeasible  125         1.00000    0.00000   100%   120 7767s
 5063968 1150227 infeasible  127         1.00000    0.00000   100%   120 7770s
 5066566 1150874    0.00000  127   65    1.00000    0.00000   100%   120 7776s
 5070568 1151423 infeasible  123         1.00000    0.00000   100%   120 7780s
 5072547 1151689    0.00000  160   47    1.00000    0.00000   100%   120 7785s
 5076213 1152183 infeasible  137         1.00000    0.00000   100%   120 7790s
 5079430 1152786    0.00000  128   28    1.00000    0.00000   100%   120 7795s
 5083003 1153426 infeasible  132         1.00000    0.00000   100%   120 7800s
 5086203 1153765    0.00000  127   52    1.00000    0.00000   100%   120 7805s
 5089786 1154537    0.00000  147   24    1.00000    0.00000   100%   120 7810s
 5094493 1155586    0.00000  135  105    1.00000    0.00000   100%   120 7815s
 5097860 1157456    0.00000  126   10    1.00000    0.00000   100%   120 7831s
 5108077 1157941 infeasible  142         1.00000    0.00000   100%   120 7835s
 5111688 1158680    0.00000  126   41    1.00000    0.00000   100%   120 7840s
 5114960 1159697    0.00000  127   74    1.00000    0.00000   100%   120 7845s
 5118533 1160542 infeasible  124         1.00000    0.00000   100%   120 7850s
 5121502 1161088    0.00000  122   89    1.00000    0.00000   100%   120 7855s
 5125210 1161755 infeasible  127         1.00000    0.00000   100%   119 7860s
 5129352 1162715    0.00000  127   24    1.00000    0.00000   100%   120 7865s
 5132267 1163292    0.00000  157   12    1.00000    0.00000   100%   120 7870s
 5134770 1163626    0.00000  124   57    1.00000    0.00000   100%   120 7875s
 5138781 1164732    0.00000  137   17    1.00000    0.00000   100%   119 7880s
 5142741 1165394    0.00000  127   42    1.00000    0.00000   100%   119 7886s
 5146536 1166280 infeasible  151         1.00000    0.00000   100%   119 7890s
 5150134 1166913 infeasible  156         1.00000    0.00000   100%   120 7895s
 5152882 1167361    0.00000  139  117    1.00000    0.00000   100%   119 7900s
 5157875 1168256 infeasible  126         1.00000    0.00000   100%   119 7905s
 5160331 1168736    0.00000  116   35    1.00000    0.00000   100%   120 7910s
 5162254 1168886 infeasible  130         1.00000    0.00000   100%   120 7916s
 5162285 1168886    0.00000  122   54    1.00000    0.00000   100%   119 7921s
 5162430 1169023    0.00000  123   57    1.00000    0.00000   100%   119 7925s
 5165409 1169590 infeasible  118         1.00000    0.00000   100%   119 7930s
 5168426 1170342 infeasible  145         1.00000    0.00000   100%   120 7935s
 5172515 1170864 infeasible  127         1.00000    0.00000   100%   120 7940s
 5176655 1171674    0.00000  127   38    1.00000    0.00000   100%   120 7945s
 5179357 1171959    0.00000  158   75    1.00000    0.00000   100%   120 7950s
 5183777 1172454    0.00000  125  122    1.00000    0.00000   100%   120 7955s
 5187278 1172923 infeasible  153         1.00000    0.00000   100%   120 7960s
 5192367 1173929    0.00000  122   53    1.00000    0.00000   100%   120 7965s
 5194704 1174366    0.00000  133   38    1.00000    0.00000   100%   120 7970s
 5199437 1174920 infeasible  146         1.00000    0.00000   100%   120 7975s
 5203842 1175544 infeasible  142         1.00000    0.00000   100%   120 7980s
 5205115 1175716 infeasible  123         1.00000    0.00000   100%   120 7985s
 5210002 1176530    0.00000  122   60    1.00000    0.00000   100%   120 7990s
 5214060 1177351    0.00000  125   88    1.00000    0.00000   100%   120 7995s
 5218525 1178153    0.00000  136   34    1.00000    0.00000   100%   120 8000s
 5222971 1178830 infeasible  128         1.00000    0.00000   100%   120 8005s
 5224796 1179411 infeasible  117         1.00000    0.00000   100%   120 8010s
 5227908 1179903    0.00000  144   51    1.00000    0.00000   100%   120 8015s
 5232451 1180426    0.00000  159   37    1.00000    0.00000   100%   120 8020s
 5236499 1180889 infeasible  142         1.00000    0.00000   100%   120 8025s
 5239377 1181458    0.00000  136   81    1.00000    0.00000   100%   120 8030s
 5243682 1182199 infeasible  153         1.00000    0.00000   100%   120 8035s
 5247473 1182780    0.00000  136   64    1.00000    0.00000   100%   120 8040s
 5250860 1183217    0.00000  114   50    1.00000    0.00000   100%   120 8045s
 5252116 1183549    0.00000  147   42    1.00000    0.00000   100%   120 8050s
 5253081 1183553    0.00000  108   42    1.00000    0.00000   100%   120 8055s
 5253110 1183572    0.00000  110   45    1.00000    0.00000   100%   120 8061s
 5253696 1183735    0.00000  142   46    1.00000    0.00000   100%   120 8065s
 5257795 1184392    0.00000  121   85    1.00000    0.00000   100%   120 8070s
 5259901 1184780 infeasible  127         1.00000    0.00000   100%   120 8075s
 5264777 1185900    0.00000  133   39    1.00000    0.00000   100%   120 8080s
 5269313 1186589    0.00000  136   69    1.00000    0.00000   100%   120 8085s
 5271795 1186952    0.00000  107   12    1.00000    0.00000   100%   120 8090s
 5275407 1187339 infeasible  133         1.00000    0.00000   100%   120 8095s
 5279738 1188269 infeasible  140         1.00000    0.00000   100%   120 8100s
 5282928 1188507 infeasible  147         1.00000    0.00000   100%   120 8106s
 5285809 1188933 infeasible  149         1.00000    0.00000   100%   120 8110s
 5289591 1189305 infeasible  142         1.00000    0.00000   100%   120 8115s
 5292219 1189654 infeasible  151         1.00000    0.00000   100%   120 8120s
 5293826 1190009 infeasible  154         1.00000    0.00000   100%   120 8125s
 5299052 1190801    0.00000  158   80    1.00000    0.00000   100%   120 8131s
 5302629 1191179 infeasible  139         1.00000    0.00000   100%   120 8135s
 5305985 1192117 infeasible  124         1.00000    0.00000   100%   120 8140s
 5309626 1192693    0.00000  125   34    1.00000    0.00000   100%   120 8145s
 5311761 1193303    0.00000  136   80    1.00000    0.00000   100%   120 8150s
 5316403 1194229    0.00000  127   16    1.00000    0.00000   100%   120 8155s
 5320082 1194801    0.00000  140   33    1.00000    0.00000   100%   120 8160s
 5321051 1196572    0.00000  149  102    1.00000    0.00000   100%   120 8171s
 5331812 1197607    0.00000  134   42    1.00000    0.00000   100%   120 8175s
 5335020 1198250 infeasible  141         1.00000    0.00000   100%   120 8180s
 5338455 1198560 infeasible  129         1.00000    0.00000   100%   120 8185s
 5338496 1198579    0.00000  113   54    1.00000    0.00000   100%   120 8190s
 5338629 1198670    0.00000  114   58    1.00000    0.00000   100%   120 8198s
 5339670 1198868    0.00000  132   35    1.00000    0.00000   100%   120 8200s
 5342158 1199857    0.00000  113   31    1.00000    0.00000   100%   120 8205s
 5346518 1200640 infeasible  129         1.00000    0.00000   100%   120 8210s
 5348947 1201526    0.00000  137   52    1.00000    0.00000   100%   120 8215s
 5353012 1202133    0.00000  147   43    1.00000    0.00000   100%   120 8220s
 5357138 1202862    0.00000  117   21    1.00000    0.00000   100%   120 8225s
 5360631 1203329    0.00000  122  103    1.00000    0.00000   100%   120 8230s
 5361975 1203717    0.00000  137   51    1.00000    0.00000   100%   120 8235s
 5365780 1204311    0.00000  127   30    1.00000    0.00000   100%   120 8240s
 5370485 1205075    0.00000  125   29    1.00000    0.00000   100%   120 8245s
 5375471 1206010    0.00000  134   66    1.00000    0.00000   100%   120 8250s
 5377940 1206437    0.00000  134   66    1.00000    0.00000   100%   120 8255s
 5382114 1207242    0.00000  123  110    1.00000    0.00000   100%   120 8261s
 5385471 1207790    0.00000  151   96    1.00000    0.00000   100%   120 8265s
 5390096 1208715 infeasible  114         1.00000    0.00000   100%   120 8270s
 5394171 1209617    0.00000  136   67    1.00000    0.00000   100%   120 8275s
 5395572 1210299    0.00000  119   82    1.00000    0.00000   100%   120 8280s
 5402016 1211262    0.00000  129   46    1.00000    0.00000   100%   120 8285s
 5406414 1212054 infeasible  126         1.00000    0.00000   100%   120 8290s
 5410278 1212705    0.00000  155   71    1.00000    0.00000   100%   120 8296s
 5412697 1213287    0.00000  127   22    1.00000    0.00000   100%   120 8300s
 5417506 1214388    0.00000  103   52    1.00000    0.00000   100%   120 8305s
 5422282 1215718    0.00000  117   12    1.00000    0.00000   100%   120 8310s
 5424669 1216298    0.00000  120   76    1.00000    0.00000   100%   120 8315s
 5428903 1217099    0.00000  117   32    1.00000    0.00000   100%   120 8320s
 5433148 1217982    0.00000  120   27    1.00000    0.00000   100%   120 8325s
 5433557 1218120    0.00000  121   27    1.00000    0.00000   100%   120 8330s
 5434052 1218325    0.00000  127   14    1.00000    0.00000   100%   120 8335s
 5435582 1218818 infeasible  119         1.00000    0.00000   100%   120 8340s
 5439263 1219697 infeasible  117         1.00000    0.00000   100%   120 8345s
 5442659 1220711 infeasible  114         1.00000    0.00000   100%   120 8350s
 5445583 1221244    0.00000  124   45    1.00000    0.00000   100%   120 8356s
 5448959 1221883    0.00000  117   12    1.00000    0.00000   100%   120 8360s
 5452658 1222326    0.00000  132   36    1.00000    0.00000   100%   120 8365s
 5454802 1222580 infeasible  127         1.00000    0.00000   100%   120 8370s
 5458255 1223222 infeasible  127         1.00000    0.00000   100%   120 8375s
 5462613 1223975    0.00000  136   27    1.00000    0.00000   100%   120 8380s
 5465627 1225045    0.00000  115   94    1.00000    0.00000   100%   120 8385s
 5469253 1225891 infeasible  127         1.00000    0.00000   100%   120 8390s
 5473924 1226941    0.00000  116  110    1.00000    0.00000   100%   120 8395s
 5476046 1227222    0.00000  129   31    1.00000    0.00000   100%   120 8400s
 5478909 1228017    0.00000  117   16    1.00000    0.00000   100%   120 8405s
 5483693 1229318    0.00000  127   17    1.00000    0.00000   100%   120 8411s
 5486977 1230355    0.00000  125   50    1.00000    0.00000   100%   119 8415s
 5490999 1231130 infeasible  130         1.00000    0.00000   100%   120 8420s
 5493650 1231772    0.00000  127  107    1.00000    0.00000   100%   120 8425s
 5496985 1232387    0.00000  127   67    1.00000    0.00000   100%   120 8430s
 5501652 1233114 infeasible  127         1.00000    0.00000   100%   120 8436s
 5502519 1233114    0.00000  127   24    1.00000    0.00000   100%   120 8440s
 5502546 1233121    0.00000  126   34    1.00000    0.00000   100%   120 8446s
 5502999 1233344 infeasible  127         1.00000    0.00000   100%   120 8451s
 5504357 1233510 infeasible  136         1.00000    0.00000   100%   120 8455s
 5508483 1234251 infeasible  124         1.00000    0.00000   100%   120 8461s
 5512999 1235048 infeasible  127         1.00000    0.00000   100%   119 8465s
 5516127 1235363    0.00000  125   86    1.00000    0.00000   100%   119 8470s
 5520140 1236213    0.00000  109   86    1.00000    0.00000   100%   119 8475s
 5523768 1236887    0.00000  117   36    1.00000    0.00000   100%   119 8480s
 5526992 1237409    0.00000  125   78    1.00000    0.00000   100%   119 8485s
 5528764 1238399    0.00000  145   58    1.00000    0.00000   100%   119 8492s
 5533382 1239164    0.00000  131   75    1.00000    0.00000   100%   119 8495s
 5538125 1240270    0.00000  109   94    1.00000    0.00000   100%   119 8501s
 5541914 1241409 infeasible  117         1.00000    0.00000   100%   119 8505s
 5545763 1242308    0.00000  101   35    1.00000    0.00000   100%   119 8510s
 5549113 1243232    0.00000  117   29    1.00000    0.00000   100%   119 8515s
 5554071 1244153 infeasible  135         1.00000    0.00000   100%   119 8520s
 5558007 1244963    0.00000  142   68    1.00000    0.00000   100%   119 8526s
 5560982 1245634 infeasible  121         1.00000    0.00000   100%   119 8530s
 5565548 1246476    0.00000  119   96    1.00000    0.00000   100%   119 8535s
 5567580 1246856    0.00000  127   32    1.00000    0.00000   100%   119 8540s
 5572011 1247553    0.00000  135   63    1.00000    0.00000   100%   119 8545s
 5575606 1248478 infeasible  114         1.00000    0.00000   100%   119 8550s
 5579394 1249176    0.00000  121   51    1.00000    0.00000   100%   119 8555s
 5581141 1249523 infeasible  128         1.00000    0.00000   100%   119 8560s
 5584556 1250235 infeasible  128         1.00000    0.00000   100%   119 8565s
 5586590 1250619 infeasible  118         1.00000    0.00000   100%   119 8571s
 5586614 1250623    0.00000  115   38    1.00000    0.00000   100%   119 8576s
 5586670 1250662    0.00000  117   51    1.00000    0.00000   100%   119 8582s
 5587683 1251105 infeasible  117         1.00000    0.00000   100%   119 8585s
 5588808 1251736    0.00000  128   31    1.00000    0.00000   100%   119 8590s
 5594159 1252466    0.00000  123  148    1.00000    0.00000   100%   119 8595s
 5598178 1253385    0.00000  125   79    1.00000    0.00000   100%   119 8601s
 5601226 1253936    0.00000  160   47    1.00000    0.00000   100%   119 8606s
 5604864 1254756 infeasible  117         1.00000    0.00000   100%   119 8610s
 5608464 1255958 infeasible  137         1.00000    0.00000   100%   119 8615s
 5612007 1256969    0.00000  114   53    1.00000    0.00000   100%   119 8620s
 5615344 1257662    0.00000  128   42    1.00000    0.00000   100%   119 8625s
 5618790 1258097    0.00000  130   43    1.00000    0.00000   100%   119 8630s
 5618835 1259591    0.00000  131   43    1.00000    0.00000   100%   119 8640s
 5629579 1260551    0.00000  116   51    1.00000    0.00000   100%   119 8645s
 5633595 1261277    0.00000  141   55    1.00000    0.00000   100%   119 8650s
 5635584 1261688 infeasible  148         1.00000    0.00000   100%   119 8655s
 5639919 1262504    0.00000  157   16    1.00000    0.00000   100%   119 8660s
 5643921 1263086 infeasible  123         1.00000    0.00000   100%   119 8665s
 5648340 1263742    0.00000  126   76    1.00000    0.00000   100%   119 8671s
 5652084 1264308    0.00000  118   40    1.00000    0.00000   100%   119 8675s
 5654111 1264839 infeasible  122         1.00000    0.00000   100%   119 8680s
 5657854 1265454    0.00000  147   19    1.00000    0.00000   100%   119 8685s
 5662540 1266124    0.00000  127   27    1.00000    0.00000   100%   119 8690s
 5664543 1266402    0.00000  117    8    1.00000    0.00000   100%   119 8695s
 5668961 1267568 infeasible  137         1.00000    0.00000   100%   119 8700s
 5673027 1268380    0.00000  137   96    1.00000    0.00000   100%   119 8705s
 5677510 1269109    0.00000  137   59    1.00000    0.00000   100%   119 8710s
 5683057 1269865    0.00000  139   60    1.00000    0.00000   100%   119 8715s
 5686300 1270451    0.00000  111   38    1.00000    0.00000   100%   119 8720s
 5690268 1270833    0.00000  134   42    1.00000    0.00000   100%   119 8725s
 5690677 1270874    0.00000  122   40    1.00000    0.00000   100%   119 8730s
 5690723 1270872    0.00000  124   55    1.00000    0.00000   100%   119 8737s
 5691091 1270980    0.00000  140  127    1.00000    0.00000   100%   119 8740s
 5694232 1271865    0.00000  137   11    1.00000    0.00000   100%   119 8746s
 5698405 1272394 infeasible  119         1.00000    0.00000   100%   119 8750s
 5701489 1272856 infeasible  123         1.00000    0.00000   100%   119 8755s
 5705146 1273363 infeasible  158         1.00000    0.00000   100%   119 8760s
 5708836 1274039 infeasible  147         1.00000    0.00000   100%   119 8765s
 5711697 1274259    0.00000  123   33    1.00000    0.00000   100%   119 8770s
 5712693 1274607    0.00000  130   42    1.00000    0.00000   100%   119 8775s
 5716602 1275218 infeasible  119         1.00000    0.00000   100%   119 8780s
 5720990 1275767 infeasible  127         1.00000    0.00000   100%   119 8785s
 5724925 1276359    0.00000  144   65    1.00000    0.00000   100%   119 8790s
 5729138 1276935 infeasible  137         1.00000    0.00000   100%   119 8796s
 5732531 1277383    0.00000  124   35    1.00000    0.00000   100%   119 8800s
 5735785 1278005    0.00000  120   35    1.00000    0.00000   100%   119 8805s
 5739443 1278727    0.00000  137   16    1.00000    0.00000   100%   119 8810s
 5744649 1279395    0.00000  120   58    1.00000    0.00000   100%   119 8815s
 5747011 1279736    0.00000  119   31    1.00000    0.00000   100%   119 8820s
 5749454 1280369    0.00000  133  116    1.00000    0.00000   100%   119 8825s
 5754346 1281019    0.00000  122   49    1.00000    0.00000   100%   119 8830s
 5758069 1282014 infeasible  117         1.00000    0.00000   100%   119 8835s
 5762245 1283013    0.00000  121   71    1.00000    0.00000   100%   119 8841s
 5765607 1283772    0.00000  118   58    1.00000    0.00000   100%   119 8845s
 5767013 1284093    0.00000  122   62    1.00000    0.00000   100%   119 8850s
 5770947 1284632 infeasible  157         1.00000    0.00000   100%   119 8855s
 5774992 1285338 infeasible  127         1.00000    0.00000   100%   119 8860s
 5777518 1285660 infeasible  169         1.00000    0.00000   100%   119 8866s
 5779996 1285939    0.00000  145   52    1.00000    0.00000   100%   119 8871s
 5780844 1286152    0.00000  148   25    1.00000    0.00000   100%   119 8877s
 5782849 1286599    0.00000  114   48    1.00000    0.00000   100%   119 8881s
 5786557 1287095 infeasible  126         1.00000    0.00000   100%   119 8885s
 5788233 1287374    0.00000  137   61    1.00000    0.00000   100%   119 8890s
 5792816 1288049    0.00000  129   53    1.00000    0.00000   100%   119 8895s
 5795984 1288710    0.00000  122   53    1.00000    0.00000   100%   119 8900s
 5800687 1289529 infeasible  146         1.00000    0.00000   100%   119 8905s
 5804064 1290101 infeasible  133         1.00000    0.00000   100%   119 8910s
 5807296 1290563    0.00000  140   40    1.00000    0.00000   100%   119 8915s
 5810980 1290985    0.00000  122   57    1.00000    0.00000   100%   119 8920s
 5814717 1291613 infeasible  116         1.00000    0.00000   100%   119 8925s
 5818134 1292057    0.00000  133   93    1.00000    0.00000   100%   119 8930s
 5821019 1292622    0.00000  109   35    1.00000    0.00000   100%   119 8935s
 5825689 1293394    0.00000  127   29    1.00000    0.00000   100%   119 8940s
 5829509 1294167 infeasible  140         1.00000    0.00000   100%   119 8945s
 5831525 1294803    0.00000  117   12    1.00000    0.00000   100%   119 8951s
 5835487 1295310    0.00000  137   29    1.00000    0.00000   100%   119 8956s
 5838722 1296020    0.00000  112   62    1.00000    0.00000   100%   119 8960s
 5842252 1296554    0.00000  137   38    1.00000    0.00000   100%   119 8966s
 5842262 1298501    0.00000  138   35    1.00000    0.00000   100%   119 8986s
 5851605 1298822 infeasible  117         1.00000    0.00000   100%   119 8990s
 5854287 1299566    0.00000  123   86    1.00000    0.00000   100%   119 8995s
 5858221 1300343 infeasible  117         1.00000    0.00000   100%   119 9000s
 5863091 1301287    0.00000   96    9    1.00000    0.00000   100%   119 9005s
 5866431 1301712 infeasible  116         1.00000    0.00000   100%   119 9010s
 5869487 1302331    0.00000  134  108    1.00000    0.00000   100%   119 9015s
 5873167 1302845    0.00000  107   37    1.00000    0.00000   100%   119 9020s
 5877942 1303621 infeasible  145         1.00000    0.00000   100%   119 9025s
 5880716 1304178    0.00000  134   65    1.00000    0.00000   100%   119 9030s
 5884728 1304937    0.00000  121   56    1.00000    0.00000   100%   119 9035s
 5887798 1305589    0.00000  117   19    1.00000    0.00000   100%   119 9040s
 5891460 1305980    0.00000  119   31    1.00000    0.00000   100%   119 9045s
 5893637 1306523    0.00000  150   57    1.00000    0.00000   100%   119 9050s
 5897287 1307202 infeasible  137         1.00000    0.00000   100%   119 9055s
 5901034 1308215 infeasible  117         1.00000    0.00000   100%   119 9060s
 5901849 1309408    0.00000  118   99    1.00000    0.00000   100%   119 9073s
 5910824 1309815 infeasible  124         1.00000    0.00000   100%   119 9075s
 5914689 1310229    0.00000  125   63    1.00000    0.00000   100%   119 9080s
 5916743 1310828    0.00000  137   23    1.00000    0.00000   100%   119 9086s
 5918731 1310921    0.00000  142   45    1.00000    0.00000   100%   119 9090s
 5918767 1310928    0.00000  144   63    1.00000    0.00000   100%   119 9097s
 5918785 1310932    0.00000  145   47    1.00000    0.00000   100%   119 9100s
 5919079 1311082 infeasible  146         1.00000    0.00000   100%   119 9105s
 5923227 1311896 infeasible  144         1.00000    0.00000   100%   119 9110s
 5927324 1312570 infeasible  142         1.00000    0.00000   100%   119 9115s
 5929202 1312836 infeasible  140         1.00000    0.00000   100%   119 9120s
 5934148 1313336    0.00000  136   45    1.00000    0.00000   100%   119 9125s
 5938642 1314157 infeasible  119         1.00000    0.00000   100%   119 9130s
 5943406 1315111    0.00000  141   78    1.00000    0.00000   100%   119 9135s
 5946222 1315703 infeasible  142         1.00000    0.00000   100%   119 9140s
 5950058 1316281    0.00000  142   38    1.00000    0.00000   100%   119 9145s
 5954776 1316916 infeasible  140         1.00000    0.00000   100%   119 9150s
 5959980 1317550    0.00000  137   11    1.00000    0.00000   100%   119 9155s
 5962075 1319247    0.00000  133   47    1.00000    0.00000   100%   119 9170s
 5972469 1320303    0.00000  117   34    1.00000    0.00000   100%   119 9175s
 5977212 1321563 infeasible  125         1.00000    0.00000   100%   119 9181s
 5980039 1322119    0.00000  122   62    1.00000    0.00000   100%   119 9185s
 5982284 1322792 infeasible  123         1.00000    0.00000   100%   119 9190s
 5985953 1323616    0.00000  116   13    1.00000    0.00000   100%   119 9195s
 5989597 1324224    0.00000  127   38    1.00000    0.00000   100%   119 9200s
 5993196 1324905    0.00000  117   21    1.00000    0.00000   100%   119 9205s
 5997032 1325605    0.00000  117   33    1.00000    0.00000   100%   119 9211s
 5998001 1325755 infeasible  117         1.00000    0.00000   100%   119 9215s
 6001851 1326474    0.00000  121   57    1.00000    0.00000   100%   119 9220s
 6005368 1327306    0.00000  134   89    1.00000    0.00000   100%   119 9225s
 6009093 1327952    0.00000  155   45    1.00000    0.00000   100%   119 9230s
 6013536 1328802    0.00000  157   43    1.00000    0.00000   100%   119 9235s
 6016067 1329210 infeasible  110         1.00000    0.00000   100%   119 9241s
 6016102 1329222    0.00000  113   81    1.00000    0.00000   100%   119 9247s
 6016125 1329274    0.00000  115   80    1.00000    0.00000   100%   119 9252s
 6016413 1329345 infeasible  116         1.00000    0.00000   100%   119 9255s
 6018693 1329610    0.00000  125   53    1.00000    0.00000   100%   119 9261s
 6020662 1330139 infeasible  118         1.00000    0.00000   100%   119 9265s
 6024516 1331154    0.00000  134   78    1.00000    0.00000   100%   119 9270s
 6028183 1332218 infeasible  125         1.00000    0.00000   100%   119 9275s
 6031836 1332886    0.00000  133   47    1.00000    0.00000   100%   119 9280s
 6035558 1333536 infeasible  126         1.00000    0.00000   100%   119 9285s
 6037561 1334325 infeasible  127         1.00000    0.00000   100%   119 9290s
 6042038 1335225    0.00000  130  119    1.00000    0.00000   100%   119 9295s
 6047456 1336076 infeasible  137         1.00000    0.00000   100%   119 9300s
 6049977 1336402    0.00000  129   34    1.00000    0.00000   100%   119 9305s
 6052743 1337407    0.00000  153  103    1.00000    0.00000   100%   119 9314s
 6057310 1337654 infeasible  137         1.00000    0.00000   100%   119 9315s
 6061295 1338225 infeasible  138         1.00000    0.00000   100%   119 9320s
 6063436 1338709    0.00000  129   47    1.00000    0.00000   100%   119 9325s
 6067669 1339310    0.00000  123   55    1.00000    0.00000   100%   119 9330s
 6071926 1339864    0.00000  107   29    1.00000    0.00000   100%   119 9335s
 6076344 1340434 infeasible  152         1.00000    0.00000   100%   119 9341s
 6077572 1340654    0.00000  157   24    1.00000    0.00000   100%   119 9345s
 6081247 1341193    0.00000  137   22    1.00000    0.00000   100%   119 9350s
 6083668 1341626    0.00000  137   15    1.00000    0.00000   100%   119 9355s
 6088600 1342178 infeasible  106         1.00000    0.00000   100%   119 9360s
 6091943 1342663 infeasible  125         1.00000    0.00000   100%   119 9365s
 6094043 1343175 infeasible  137         1.00000    0.00000   100%   119 9370s
 6097605 1343729    0.00000  122   48    1.00000    0.00000   100%   119 9375s
 6100610 1344163    0.00000  127   18    1.00000    0.00000   100%   119 9380s
 6103833 1344833    0.00000  137   47    1.00000    0.00000   100%   119 9386s
 6104984 1344846 infeasible  128         1.00000    0.00000   100%   119 9391s
 6105004 1344889 infeasible  130         1.00000    0.00000   100%   119 9396s
 6105402 1345010    0.00000  119   53    1.00000    0.00000   100%   119 9401s
 6106971 1345344    0.00000  131  102    1.00000    0.00000   100%   119 9405s
 6111046 1346085 infeasible  161         1.00000    0.00000   100%   119 9411s
 6114774 1346455 infeasible  127         1.00000    0.00000   100%   119 9415s
 6117308 1347130 infeasible  137         1.00000    0.00000   100%   119 9420s
 6120798 1348027    0.00000  139   41    1.00000    0.00000   100%   119 9425s
 6124591 1348611    0.00000  118   37    1.00000    0.00000   100%   119 9430s
 6127728 1349135    0.00000  127   16    1.00000    0.00000   100%   119 9436s
 6131421 1350025    0.00000  127   41    1.00000    0.00000   100%   119 9440s
 6133813 1350795    0.00000  113   75    1.00000    0.00000   100%   119 9445s
 6136889 1351880    0.00000  125  101    1.00000    0.00000   100%   119 9450s
 6141645 1353339    0.00000  127   27    1.00000    0.00000   100%   119 9456s
 6142549 1355622    0.00000  127   47    1.00000    0.00000   100%   119 9467s
 6150794 1355765    0.00000  136   23    1.00000    0.00000   100%   119 9470s
 6153412 1356342 infeasible  137         1.00000    0.00000   100%   119 9475s
 6157527 1357371 infeasible  138         1.00000    0.00000   100%   119 9480s
 6160434 1358082 infeasible  125         1.00000    0.00000   100%   119 9485s
 6163842 1358873    0.00000  137   47    1.00000    0.00000   100%   119 9490s
 6166838 1359279    0.00000  147   19    1.00000    0.00000   100%   119 9495s
 6170148 1359833 infeasible  145         1.00000    0.00000   100%   119 9500s
 6173994 1360384    0.00000  127   49    1.00000    0.00000   100%   119 9505s
 6175850 1360805    0.00000  133   94    1.00000    0.00000   100%   119 9511s
 6180104 1361968 infeasible  137         1.00000    0.00000   100%   119 9515s
 6184580 1362518 infeasible  140         1.00000    0.00000   100%   119 9520s
 6188285 1363115 infeasible  150         1.00000    0.00000   100%   119 9525s
 6191438 1363786    0.00000  134  111    1.00000    0.00000   100%   119 9530s
 6194852 1364890 infeasible  129         1.00000    0.00000   100%   119 9535s
 6198326 1365560 infeasible  137         1.00000    0.00000   100%   119 9540s
 6198361 1365579    0.00000  123   63    1.00000    0.00000   100%   119 9547s
 6198371 1365626    0.00000  124   60    1.00000    0.00000   100%   119 9550s
 6199578 1365927    0.00000  135  101    1.00000    0.00000   100%   119 9555s
 6203636 1366495    0.00000  115   53    1.00000    0.00000   100%   119 9560s
 6206630 1367302    0.00000  127   74    1.00000    0.00000   100%   119 9565s
 6210497 1368064    0.00000  156   32    1.00000    0.00000   100%   119 9570s
 6213005 1368839    0.00000  141   52    1.00000    0.00000   100%   119 9575s
 6216720 1369733    0.00000  108  109    1.00000    0.00000   100%   119 9580s
 6220070 1370416    0.00000  143   56    1.00000    0.00000   100%   119 9585s
 6222605 1370842    0.00000  139   16    1.00000    0.00000   100%   119 9590s
 6227517 1371810    0.00000  135   67    1.00000    0.00000   100%   119 9595s
 6230894 1372330    0.00000  147   29    1.00000    0.00000   100%   119 9600s
 6233580 1372819 infeasible  140         1.00000    0.00000   100%   119 9605s
 6238809 1373559 infeasible  147         1.00000    0.00000   100%   119 9611s
 6242307 1374189 infeasible  158         1.00000    0.00000   100%   119 9615s
 6246050 1374538    0.00000  137   12    1.00000    0.00000   100%   119 9620s
 6248227 1374926 infeasible  137         1.00000    0.00000   100%   119 9625s
 6252908 1375457 infeasible  125         1.00000    0.00000   100%   119 9630s
 6256027 1375766    0.00000  121   42    1.00000    0.00000   100%   119 9635s
 6258615 1376165    0.00000  135   69    1.00000    0.00000   100%   119 9640s
 6261954 1376636    0.00000  121   63    1.00000    0.00000   100%   119 9646s
 6265254 1377064 infeasible  137         1.00000    0.00000   100%   119 9650s
 6269621 1377520 infeasible  157         1.00000    0.00000   100%   119 9656s
 6272811 1377925    0.00000  140   46    1.00000    0.00000   100%   119 9660s
 6275797 1378401 infeasible  127         1.00000    0.00000   100%   119 9665s
 6280176 1378914 infeasible  126         1.00000    0.00000   100%   119 9670s
 6281719 1379212    0.00000  127   18    1.00000    0.00000   100%   119 9675s
 6284945 1379653    0.00000  128  103    1.00000    0.00000   100%   119 9680s
 6287801 1380018    0.00000  125   19    1.00000    0.00000   100%   119 9685s
 6287822 1380026    0.00000  126    9    1.00000    0.00000   100%   119 9690s
 6288368 1380260    0.00000  129   23    1.00000    0.00000   100%   119 9696s
 6291057 1380610    0.00000  125   32    1.00000    0.00000   100%   119 9700s
 6291066 1381949    0.00000  126   41    1.00000    0.00000   100%   119 9711s
 6301671 1382647    0.00000  127   26    1.00000    0.00000   100%   119 9716s
 6305382 1383073    0.00000  127   64    1.00000    0.00000   100%   119 9720s
 6308035 1383692    0.00000  127   14    1.00000    0.00000   100%   119 9726s
 6311438 1384093 infeasible  122         1.00000    0.00000   100%   119 9731s
 6315740 1385567    0.00000  127   26    1.00000    0.00000   100%   119 9735s
 6319970 1387035    0.00000  122   49    1.00000    0.00000   100%   119 9740s
 6321720 1387315    0.00000  128   41    1.00000    0.00000   100%   119 9745s
 6324718 1388308    0.00000  119   67    1.00000    0.00000   100%   119 9750s
 6329198 1389379 infeasible  137         1.00000    0.00000   100%   119 9755s
 6333089 1390179 infeasible  130         1.00000    0.00000   100%   119 9760s
 6336348 1390762 infeasible  127         1.00000    0.00000   100%   119 9765s
 6340786 1391405    0.00000  132   94    1.00000    0.00000   100%   119 9770s
 6343666 1391925    0.00000  129   91    1.00000    0.00000   100%   119 9775s
 6347940 1392878 infeasible  127         1.00000    0.00000   100%   119 9780s
 6352637 1393601    0.00000  133   68    1.00000    0.00000   100%   119 9785s
 6355081 1394235    0.00000  137   13    1.00000    0.00000   100%   119 9790s
 6358996 1394740 infeasible  127         1.00000    0.00000   100%   119 9795s
 6363701 1395367 infeasible  137         1.00000    0.00000   100%   119 9801s
 6365603 1396429 infeasible  154         1.00000    0.00000   100%   119 9809s
 6370185 1396428    0.00000  127   13    1.00000    0.00000   100%   119 9811s
 6370226 1396421    0.00000  128   54    1.00000    0.00000   100%   119 9815s
 6370249 1396451    0.00000  130   50    1.00000    0.00000   100%   119 9820s
 6371100 1396634    0.00000  125   46    1.00000    0.00000   100%   119 9826s
 6373817 1397378    0.00000  120   39    1.00000    0.00000   100%   119 9830s
 6376900 1397973    0.00000  127   13    1.00000    0.00000   100%   119 9835s
 6380925 1398438 infeasible  133         1.00000    0.00000   100%   119 9840s
 6384702 1398803 infeasible  117         1.00000    0.00000   100%   119 9845s
 6386655 1399156 infeasible  135         1.00000    0.00000   100%   119 9850s
 6390544 1400009 infeasible  127         1.00000    0.00000   100%   119 9856s
 6394957 1400884 infeasible  113         1.00000    0.00000   100%   119 9861s
 6398724 1401503    0.00000  127   15    1.00000    0.00000   100%   119 9865s
 6401262 1401939 infeasible  127         1.00000    0.00000   100%   119 9870s
 6405344 1402781    0.00000  122   35    1.00000    0.00000   100%   119 9875s
 6410117 1403861    0.00000  134  117    1.00000    0.00000   100%   119 9881s
 6411989 1404173 infeasible  147         1.00000    0.00000   100%   119 9885s
 6415882 1405081 infeasible  141         1.00000    0.00000   100%   119 9890s
 6420667 1405857 infeasible  138         1.00000    0.00000   100%   119 9895s
 6424418 1406782    0.00000  127   49    1.00000    0.00000   100%   119 9900s
 6429262 1407739    0.00000  127   34    1.00000    0.00000   100%   119 9905s
 6431478 1408342    0.00000  124   83    1.00000    0.00000   100%   119 9910s
 6436173 1409227    0.00000  122   74    1.00000    0.00000   100%   119 9915s
 6438799 1409630 infeasible  139         1.00000    0.00000   100%   119 9921s
 6440986 1410155    0.00000  117   22    1.00000    0.00000   100%   119 9925s
 6445370 1411191    0.00000  118   53    1.00000    0.00000   100%   119 9930s
 6449065 1411855 infeasible  127         1.00000    0.00000   100%   119 9935s
 6450793 1412016    0.00000  138   48    1.00000    0.00000   100%   119 9940s
 6450835 1412042 infeasible  141         1.00000    0.00000   100%   119 9947s
 6451546 1412216    0.00000  147   24    1.00000    0.00000   100%   119 9950s
 6453716 1412797    0.00000  132   63    1.00000    0.00000   100%   119 9955s
 6457315 1413371    0.00000  129   44    1.00000    0.00000   100%   119 9960s
 6461082 1414092    0.00000  126   65    1.00000    0.00000   100%   119 9965s
 6464008 1414989 infeasible  148         1.00000    0.00000   100%   119 9970s
 6467415 1415659 infeasible  137         1.00000    0.00000   100%   119 9975s
 6471877 1416944    0.00000  132   76    1.00000    0.00000   100%   119 9980s
 6476361 1417782    0.00000  117   14    1.00000    0.00000   100%   119 9985s
 6478855 1418269    0.00000  114   67    1.00000    0.00000   100%   119 9990s
 6482816 1418861 infeasible  136         1.00000    0.00000   100%   119 9995s
 6488174 1419998 infeasible  133         1.00000    0.00000   100%   119 10000s
 6492332 1420616 infeasible  139         1.00000    0.00000   100%   119 10005s
 6495513 1421367 infeasible  127         1.00000    0.00000   100%   119 10010s
 6498850 1422106 infeasible  129         1.00000    0.00000   100%   119 10015s
 6503252 1423238    0.00000  148  106    1.00000    0.00000   100%   119 10021s
 6505532 1423799    0.00000  114   53    1.00000    0.00000   100%   119 10025s
 6510656 1424812    0.00000  131   41    1.00000    0.00000   100%   119 10031s
 6512666 1425495    0.00000  116  102    1.00000    0.00000   100%   119 10037s
 6517943 1426051 infeasible  137         1.00000    0.00000   100%   119 10041s
 6521828 1426472    0.00000  119   50    1.00000    0.00000   100%   119 10045s
 6524616 1427160    0.00000  141   56    1.00000    0.00000   100%   119 10050s
 6528434 1427615    0.00000  133   53    1.00000    0.00000   100%   119 10055s
 6531516 1428022    0.00000  119   28    1.00000    0.00000   100%   119 10060s
 6534442 1428611    0.00000  135   82    1.00000    0.00000   100%   119 10065s
 6535637 1428631    0.00000  129   50    1.00000    0.00000   100%   119 10072s
 6535651 1428631    0.00000  130   50    1.00000    0.00000   100%   119 10075s
 6535675 1428688 infeasible  132         1.00000    0.00000   100%   119 10080s
 6537195 1428888    0.00000  117   15    1.00000    0.00000   100%   119 10085s
 6541809 1429597 infeasible  117         1.00000    0.00000   100%   119 10091s
 6544648 1430280    0.00000  101   68    1.00000    0.00000   100%   119 10095s
 6547976 1430826 infeasible  117         1.00000    0.00000   100%   119 10100s
 6549852 1431519    0.00000  132   93    1.00000    0.00000   100%   119 10105s
 6554316 1432501    0.00000  132   63    1.00000    0.00000   100%   119 10110s
 6558002 1433390    0.00000  117   25    1.00000    0.00000   100%   119 10115s
 6561638 1434306 infeasible  122         1.00000    0.00000   100%   119 10120s
 6565514 1434720 infeasible  128         1.00000    0.00000   100%   119 10125s
 6568752 1435150 infeasible  129         1.00000    0.00000   100%   119 10131s
 6570994 1435776 infeasible  147         1.00000    0.00000   100%   119 10135s
 6574903 1436439 infeasible  137         1.00000    0.00000   100%   119 10140s
 6579079 1437446 infeasible  117         1.00000    0.00000   100%   119 10145s
 6583457 1437977 infeasible  108         1.00000    0.00000   100%   119 10150s
 6585858 1438497 infeasible  117         1.00000    0.00000   100%   119 10155s
 6589475 1438909 infeasible  157         1.00000    0.00000   100%   119 10160s
 6593155 1439323    0.00000  145  100    1.00000    0.00000   100%   119 10165s
 6597104 1439768    0.00000  128   33    1.00000    0.00000   100%   119 10170s
 6599114 1440027    0.00000  132   36    1.00000    0.00000   100%   119 10175s
 6603255 1440646 infeasible  140         1.00000    0.00000   100%   119 10181s
 6607184 1440989    0.00000  136   60    1.00000    0.00000   100%   119 10185s
 6610684 1441797 infeasible  133         1.00000    0.00000   100%   119 10190s
 6615002 1443288    0.00000  136   80    1.00000    0.00000   100%   119 10195s
 6617489 1444292    0.00000  139   61    1.00000    0.00000   100%   119 10200s
 6620933 1445149    0.00000  150   44    1.00000    0.00000   100%   119 10205s
 6624595 1446135 infeasible  140         1.00000    0.00000   100%   119 10210s
 6628547 1446800 infeasible  109         1.00000    0.00000   100%   119 10215s
 6632012 1448042    0.00000  127   13    1.00000    0.00000   100%   119 10220s
 6633197 1448156    0.00000  156   73    1.00000    0.00000   100%   119 10226s
 6633209 1448314    0.00000  157   80    1.00000    0.00000   100%   119 10230s
 6637396 1449007    0.00000  117   21    1.00000    0.00000   100%   119 10235s
 6641184 1449643    0.00000  137   17    1.00000    0.00000   100%   119 10240s
 6645372 1450252    0.00000  167   29    1.00000    0.00000   100%   119 10245s
 6646778 1450795 infeasible  117         1.00000    0.00000   100%   119 10250s
 6651498 1451659 infeasible  127         1.00000    0.00000   100%   119 10255s
 6654709 1452652    0.00000  137   43    1.00000    0.00000   100%   119 10260s
 6659318 1453380    0.00000  139   55    1.00000    0.00000   100%   119 10265s
 6661733 1453895    0.00000  125   93    1.00000    0.00000   100%   119 10270s
 6666103 1454740    0.00000  107   35    1.00000    0.00000   100%   119 10275s
 6670725 1455395 infeasible  115         1.00000    0.00000   100%   119 10280s
 6674009 1455823 infeasible  137         1.00000    0.00000   100%   119 10285s
 6678572 1456588 infeasible  121         1.00000    0.00000   100%   119 10290s
 6683349 1457140 infeasible  167         1.00000    0.00000   100%   119 10295s
 6685510 1457743 infeasible  145         1.00000    0.00000   100%   119 10300s
 6689962 1458406 infeasible  122         1.00000    0.00000   100%   119 10305s
 6694666 1459054    0.00000  129   54    1.00000    0.00000   100%   119 10310s
 6697025 1459538    0.00000  147   15    1.00000    0.00000   100%   119 10315s
 6700624 1460242    0.00000  137   22    1.00000    0.00000   100%   119 10320s
 6705358 1461014 infeasible  126         1.00000    0.00000   100%   119 10325s
 6709482 1461689    0.00000  130   77    1.00000    0.00000   100%   119 10330s
 6712243 1462096    0.00000  127   28    1.00000    0.00000   100%   119 10335s
 6716785 1462876 infeasible  128         1.00000    0.00000   100%   119 10340s
 6716827 1462889    0.00000  123   87    1.00000    0.00000   100%   119 10345s
 6716852 1462967    0.00000  125   78    1.00000    0.00000   100%   119 10350s
 6719248 1463473 infeasible  127         1.00000    0.00000   100%   119 10356s
 6723051 1464043 infeasible  136         1.00000    0.00000   100%   119 10360s
 6725575 1464521    0.00000  123   58    1.00000    0.00000   100%   119 10365s
 6729758 1465074    0.00000  137   11    1.00000    0.00000   100%   119 10370s
 6734699 1466313    0.00000  133   48    1.00000    0.00000   100%   119 10376s
 6738308 1466834    0.00000  127   85    1.00000    0.00000   100%   119 10380s
 6740316 1467204 infeasible  135         1.00000    0.00000   100%   119 10385s
 6744312 1467777    0.00000  147   29    1.00000    0.00000   100%   119 10390s
 6749870 1468901    0.00000  134   36    1.00000    0.00000   100%   119 10395s
 6754683 1469573    0.00000  137   22    1.00000    0.00000   100%   119 10400s
 6756839 1469838 infeasible  142         1.00000    0.00000   100%   119 10405s
 6761587 1470385 infeasible  157         1.00000    0.00000   100%   119 10410s
 6766110 1471247    0.00000  117   13    1.00000    0.00000   100%   119 10415s
 6770558 1472158 infeasible  146         1.00000    0.00000   100%   119 10420s
 6772373 1472518    0.00000  140   62    1.00000    0.00000   100%   119 10425s
 6776999 1473120 infeasible  154         1.00000    0.00000   100%   119 10430s
 6780809 1474175 infeasible  136         1.00000    0.00000   100%   119 10435s
 6785008 1474984    0.00000  136   66    1.00000    0.00000   100%   119 10440s
 6789789 1475892    0.00000  117   18    1.00000    0.00000   100%   119 10445s
 6792397 1476508    0.00000  120   67    1.00000    0.00000   100%   119 10450s
 6796630 1477312    0.00000  134   97    1.00000    0.00000   100%   119 10456s
 6800979 1477934    0.00000  126   69    1.00000    0.00000   100%   119 10460s
 6801718 1477935    0.00000  133   43    1.00000    0.00000   100%   119 10465s
 6801753 1477938    0.00000  135   36    1.00000    0.00000   100%   119 10470s
 6802389 1477982    0.00000  107   12    1.00000    0.00000   100%   119 10475s
 6805349 1478653 infeasible  115         1.00000    0.00000   100%   119 10480s
 6810253 1479448    0.00000  123   28    1.00000    0.00000   100%   119 10486s
 6812717 1480203    0.00000  117   21    1.00000    0.00000   100%   119 10490s
 6816807 1480923 infeasible  137         1.00000    0.00000   100%   119 10496s
 6820296 1481385 infeasible  127         1.00000    0.00000   100%   119 10500s
 6822321 1481949 infeasible  127         1.00000    0.00000   100%   119 10505s
 6826387 1482469    0.00000  167   18    1.00000    0.00000   100%   119 10510s
 6830526 1482870    0.00000  153   55    1.00000    0.00000   100%   119 10515s
 6831990 1483176    0.00000  136   58    1.00000    0.00000   100%   119 10520s
 6834022 1483327 infeasible  147         1.00000    0.00000   100%   119 10525s
 6838779 1483985 infeasible  116         1.00000    0.00000   100%   119 10531s
 6841798 1484375    0.00000  142   51    1.00000    0.00000   100%   119 10535s
 6846190 1485075    0.00000  120   36    1.00000    0.00000   100%   119 10540s
 6848973 1485554    0.00000  123  109    1.00000    0.00000   100%   119 10545s
 6852099 1486018 infeasible  121         1.00000    0.00000   100%   119 10550s
 6855464 1486822    0.00000  127   12    1.00000    0.00000   100%   119 10555s
 6858487 1487647 infeasible  143         1.00000    0.00000   100%   119 10560s
 6862159 1488715    0.00000  126   12    1.00000    0.00000   100%   119 10565s
 6865524 1490079    0.00000  127   59    1.00000    0.00000   100%   119 10570s
 6869692 1490854    0.00000  121   64    1.00000    0.00000   100%   119 10575s
 6872430 1491389    0.00000  130   71    1.00000    0.00000   100%   119 10580s
 6876317 1492271    0.00000  117   28    1.00000    0.00000   100%   119 10585s
 6880553 1493142 infeasible  126         1.00000    0.00000   100%   119 10590s
 6883050 1493734    0.00000  120   53    1.00000    0.00000   100%   119 10595s
 6885976 1494325 infeasible  147         1.00000    0.00000   100%   119 10600s
 6886239 1494327    0.00000  155   98    1.00000    0.00000   100%   119 10605s
 6886253 1494775    0.00000  154   97    1.00000    0.00000   100%   119 10610s
 6891523 1495716    0.00000  132   48    1.00000    0.00000   100%   119 10616s
 6893584 1496359    0.00000  117   39    1.00000    0.00000   100%   119 10621s
 6898006 1496958    0.00000  117   63    1.00000    0.00000   100%   119 10626s
 6900926 1497378    0.00000  114   58    1.00000    0.00000   100%   119 10630s
 6903255 1497977    0.00000  127   93    1.00000    0.00000   100%   119 10635s
 6906756 1498706 infeasible  137         1.00000    0.00000   100%   119 10640s
 6910219 1499267 infeasible  127         1.00000    0.00000   100%   119 10645s
 6914949 1500503    0.00000  107   33    1.00000    0.00000   100%   119 10651s
 6916187 1501681    0.00000  108   51    1.00000    0.00000   100%   119 10655s
 6921139 1502481    0.00000  111   69    1.00000    0.00000   100%   119 10660s
 6924752 1503459    0.00000  128   65    1.00000    0.00000   100%   119 10665s
 6926719 1503938    0.00000  120   38    1.00000    0.00000   100%   119 10670s
 6931043 1504819 infeasible  116         1.00000    0.00000   100%   119 10675s
 6934806 1505499 infeasible  127         1.00000    0.00000   100%   119 10680s
 6939139 1506424    0.00000  117   33    1.00000    0.00000   100%   119 10685s
 6943737 1507267    0.00000  126   30    1.00000    0.00000   100%   119 10690s
 6946178 1508017 infeasible  128         1.00000    0.00000   100%   119 10696s
 6950383 1508576    0.00000  143   53    1.00000    0.00000   100%   119 10700s
 6953860 1509115 infeasible  125         1.00000    0.00000   100%   119 10705s
 6956979 1509491    0.00000  148   36    1.00000    0.00000   100%   119 10710s
 6961164 1510108 infeasible  148         1.00000    0.00000   100%   119 10715s
 6964533 1510512    0.00000  115   37    1.00000    0.00000   100%   119 10720s
 6969442 1511239    0.00000  127   20    1.00000    0.00000   100%   119 10725s
 6973155 1511779    0.00000  147   18    1.00000    0.00000   100%   119 10730s
 6975137 1512038    0.00000  143   32    1.00000    0.00000   100%   119 10735s
 6976313 1513128    0.00000  119   30    1.00000    0.00000   100%   119 10753s
 6985420 1513344    0.00000  127   82    1.00000    0.00000   100%   119 10756s
 6987694 1514084    0.00000  139   56    1.00000    0.00000   100%   119 10761s
 6991293 1514713 infeasible  155         1.00000    0.00000   100%   119 10765s
 6996501 1515429    0.00000  136   39    1.00000    0.00000   100%   119 10770s
 6999361 1515789    0.00000  123   81    1.00000    0.00000   100%   119 10775s
 7001801 1516215    0.00000  126   69    1.00000    0.00000   100%   119 10780s
 7006332 1517143    0.00000  137   45    1.00000    0.00000   100%   119 10786s
 7009561 1517672    0.00000  138   86    1.00000    0.00000   100%   119 10790s
 7014377 1518503    0.00000  127   45    1.00000    0.00000   100%   119 10795s
 7018861 1519110 infeasible  135         1.00000    0.00000   100%   119 10800s
 7022059 1519814    0.00000  137  102    1.00000    0.00000   100%   119 10805s
 7025875 1520460    0.00000  129   64    1.00000    0.00000   100%   119 10810s
 7028355 1520951 infeasible  135         1.00000    0.00000   100%   119 10815s
 7033111 1521927    0.00000  128   59    1.00000    0.00000   100%   119 10820s
 7036861 1522566    0.00000  127   15    1.00000    0.00000   100%   119 10825s
 7039598 1522820 infeasible  129         1.00000    0.00000   100%   119 10830s
 7043172 1523521 infeasible  133         1.00000    0.00000   100%   119 10835s
 7047681 1524091    0.00000  124  106    1.00000    0.00000   100%   119 10840s
 7051543 1524741    0.00000  123   29    1.00000    0.00000   100%   119 10845s
 7055993 1525088 infeasible  117         1.00000    0.00000   100%   119 10850s
 7058530 1525470    0.00000  127   20    1.00000    0.00000   100%   119 10855s
 7058577 1525476 infeasible  128         1.00000    0.00000   100%   119 10861s
 7058604 1525478    0.00000  139   28    1.00000    0.00000   100%   119 10865s
 7061600 1525994    0.00000  147   67    1.00000    0.00000   100%   119 10870s
 7063737 1527077    0.00000  116   83    1.00000    0.00000   100%   119 10875s
 7067279 1528057    0.00000  146   33    1.00000    0.00000   100%   119 10880s
 7072439 1529233    0.00000  122   91    1.00000    0.00000   100%   119 10885s
 7073829 1529532    0.00000  127   26    1.00000    0.00000   100%   119 10890s
 7076974 1530152 infeasible  120         1.00000    0.00000   100%   119 10895s
 7080322 1530657    0.00000  137   18    1.00000    0.00000   100%   119 10900s
 7084806 1531269    0.00000  119   61    1.00000    0.00000   100%   119 10905s
 7087029 1531829    0.00000  128   78    1.00000    0.00000   100%   119 10910s
 7090956 1532495 infeasible  122         1.00000    0.00000   100%   119 10915s
 7094851 1533127    0.00000  127   12    1.00000    0.00000   100%   119 10920s
 7097144 1533512    0.00000  142   94    1.00000    0.00000   100%   119 10925s
 7102112 1534506 infeasible  134         1.00000    0.00000   100%   119 10930s
 7105681 1535366    0.00000  121   98    1.00000    0.00000   100%   119 10935s
 7108275 1535847 infeasible  124         1.00000    0.00000   100%   119 10940s
 7112399 1536671    0.00000  126   40    1.00000    0.00000   100%   119 10945s
 7117500 1537666    0.00000  120   45    1.00000    0.00000   100%   119 10950s
 7121260 1538217 infeasible  127         1.00000    0.00000   100%   119 10955s
 7123443 1538799 infeasible  130         1.00000    0.00000   100%   119 10961s
 7127130 1539469    0.00000  127    8    1.00000    0.00000   100%   119 10965s
 7130805 1540127    0.00000  132   40    1.00000    0.00000   100%   119 10970s
 7134942 1540678 infeasible  137         1.00000    0.00000   100%   119 10975s
 7138069 1541485    0.00000  127    9    1.00000    0.00000   100%   119 10980s
 7142341 1542185 infeasible  125         1.00000    0.00000   100%   119 10985s
 7146004 1542797 infeasible  134         1.00000    0.00000   100%   119 10990s
 7147626 1543018    0.00000  143   58    1.00000    0.00000   100%   119 10995s
 7147645 1543028    0.00000  145   91    1.00000    0.00000   100%   119 11000s
 7147670 1543061    0.00000  146   12    1.00000    0.00000   100%   119 11005s
 7149824 1543491    0.00000  152   64    1.00000    0.00000   100%   119 11011s
 7151342 1543803    0.00000  122   43    1.00000    0.00000   100%   119 11016s
 7155276 1544392 infeasible  147         1.00000    0.00000   100%   119 11020s
 7159910 1545042    0.00000  105   47    1.00000    0.00000   100%   119 11025s
 7164617 1545711    0.00000  127   15    1.00000    0.00000   100%   119 11030s
 7167725 1546171    0.00000  132  108    1.00000    0.00000   100%   119 11035s
 7170522 1546748    0.00000  144   41    1.00000    0.00000   100%   119 11040s
 7174175 1547311    0.00000  118   47    1.00000    0.00000   100%   119 11045s
 7176751 1547580    0.00000  119   21    1.00000    0.00000   100%   119 11050s
 7179513 1548130 infeasible  127         1.00000    0.00000   100%   119 11055s
 7182345 1548509 infeasible  121         1.00000    0.00000   100%   119 11060s
 7185070 1549246    0.00000  131   84    1.00000    0.00000   100%   119 11065s
 7189020 1550176 infeasible  126         1.00000    0.00000   100%   119 11070s
 7193462 1550866    0.00000  118   56    1.00000    0.00000   100%   119 11075s
 7197050 1551371    0.00000  117   22    1.00000    0.00000   100%   119 11080s
 7199838 1551677    0.00000  123   53    1.00000    0.00000   100%   119 11085s
 7204844 1552336 infeasible  147         1.00000    0.00000   100%   119 11090s
 7209011 1552857 infeasible  132         1.00000    0.00000   100%   119 11095s
 7213095 1553402    0.00000  147   32    1.00000    0.00000   100%   119 11101s
 7216019 1554163    0.00000  114   39    1.00000    0.00000   100%   119 11105s
 7220301 1555160    0.00000  137   17    1.00000    0.00000   100%   119 11111s
 7222568 1555381    0.00000  124   32    1.00000    0.00000   100%   119 11115s
 7226728 1556119 infeasible  127         1.00000    0.00000   100%   119 11121s
 7231177 1556576    0.00000  145   37    1.00000    0.00000   100%   119 11125s
 7235539 1557249 infeasible  137         1.00000    0.00000   100%   119 11130s
 7237408 1557506    0.00000  146  112    1.00000    0.00000   100%   119 11136s
 7240422 1558059 infeasible  147         1.00000    0.00000   100%   119 11140s
 7242629 1558329    0.00000  127   71    1.00000    0.00000   100%   119 11147s
 7242646 1558335    0.00000  128   67    1.00000    0.00000   100%   119 11150s
 7242674 1558360    0.00000  130   63    1.00000    0.00000   100%   119 11156s
 7244785 1558866    0.00000  137   35    1.00000    0.00000   100%   119 11161s
 7247612 1559225 infeasible  145         1.00000    0.00000   100%   119 11166s
 7251407 1559819 infeasible  117         1.00000    0.00000   100%   119 11170s
 7255130 1560539    0.00000  132   92    1.00000    0.00000   100%   119 11175s
 7260147 1561076 infeasible  157         1.00000    0.00000   100%   119 11180s
 7261723 1561422 infeasible  147         1.00000    0.00000   100%   119 11185s
 7266125 1562072 infeasible  129         1.00000    0.00000   100%   119 11190s
 7270954 1562915    0.00000  112   47    1.00000    0.00000   100%   119 11195s
 7273274 1563276 infeasible  131         1.00000    0.00000   100%   119 11201s
 7277289 1564075 infeasible  126         1.00000    0.00000   100%   119 11205s
 7282204 1565032    0.00000  137   36    1.00000    0.00000   100%   119 11210s
 7286054 1565797    0.00000  154   39    1.00000    0.00000   100%   119 11215s
 7290476 1566385 infeasible  137         1.00000    0.00000   100%   119 11220s
 7292468 1566749    0.00000  155   42    1.00000    0.00000   100%   119 11225s
 7296795 1567663 infeasible  137         1.00000    0.00000   100%   119 11230s
 7300292 1568232 infeasible  157         1.00000    0.00000   100%   119 11235s
 7304032 1568939    0.00000  159   26    1.00000    0.00000   100%   119 11240s
 7307054 1569531    0.00000  124   91    1.00000    0.00000   100%   119 11245s
 7311616 1570132 infeasible  147         1.00000    0.00000   100%   119 11251s
 7313988 1570610 infeasible  116         1.00000    0.00000   100%   119 11256s
 7317842 1571075    0.00000  149   60    1.00000    0.00000   100%   119 11261s
 7321186 1571472    0.00000  114   55    1.00000    0.00000   100%   119 11265s
 7324823 1572122 infeasible  136         1.00000    0.00000   100%   119 11270s
 7326938 1572371    0.00000  121   55    1.00000    0.00000   100%   119 11275s
 7330536 1572896 infeasible  141         1.00000    0.00000   100%   119 11280s
 7334093 1573543    0.00000  144   45    1.00000    0.00000   100%   119 11285s
 7338538 1574113    0.00000  132   65    1.00000    0.00000   100%   119 11290s
 7338580 1574121    0.00000  129   19    1.00000    0.00000   100%   119 11295s
 7338638 1574184    0.00000  130   48    1.00000    0.00000   100%   119 11301s
 7340013 1574512 infeasible  127         1.00000    0.00000   100%   119 11305s
 7343900 1574934 infeasible  131         1.00000    0.00000   100%   119 11310s
 7348639 1575710    0.00000  137   72    1.00000    0.00000   100%   119 11315s
 7351181 1576229 infeasible  131         1.00000    0.00000   100%   119 11320s
 7355557 1576809 infeasible  126         1.00000    0.00000   100%   119 11325s
 7357860 1577281    0.00000  137   35    1.00000    0.00000   100%   119 11330s
 7361437 1577844    0.00000  139   50    1.00000    0.00000   100%   119 11335s
 7364788 1578381    0.00000  137   69    1.00000    0.00000   100%   119 11340s
 7369532 1579267 infeasible  117         1.00000    0.00000   100%   119 11346s
 7371354 1579631 infeasible  137         1.00000    0.00000   100%   119 11350s
 7374859 1580027 infeasible  127         1.00000    0.00000   100%   119 11355s
 7378388 1580559    0.00000  127   21    1.00000    0.00000   100%   119 11360s
 7382439 1581257    0.00000  137   14    1.00000    0.00000   100%   119 11365s
 7385579 1581691    0.00000  115   50    1.00000    0.00000   100%   119 11371s
 7389368 1582135 infeasible  135         1.00000    0.00000   100%   119 11375s
 7392318 1582428 infeasible  128         1.00000    0.00000   100%   119 11380s
 7394968 1582887 infeasible  154         1.00000    0.00000   100%   119 11385s
 7398941 1583385 infeasible  137         1.00000    0.00000   100%   119 11390s
 7402778 1584033 infeasible  117         1.00000    0.00000   100%   119 11395s
 7405404 1585192    0.00000  130   61    1.00000    0.00000   100%   119 11410s
 7415774 1585715    0.00000  155   35    1.00000    0.00000   100%   119 11415s
 7419475 1586523 infeasible  149         1.00000    0.00000   100%   119 11420s
 7423993 1587197    0.00000  153   66    1.00000    0.00000   100%   119 11425s
 7424964 1587207 infeasible  121         1.00000    0.00000   100%   119 11431s
 7424991 1587201    0.00000  123   70    1.00000    0.00000   100%   119 11437s
 7425181 1587241    0.00000  125   62    1.00000    0.00000   100%   119 11442s
 7425351 1587317 infeasible  126         1.00000    0.00000   100%   119 11445s
 7427241 1587769    0.00000  143   48    1.00000    0.00000   100%   119 11451s
 7432138 1588425    0.00000  148   72    1.00000    0.00000   100%   119 11456s
 7433759 1588542    0.00000  124   61    1.00000    0.00000   100%   119 11460s
 7436302 1589182    0.00000  113   74    1.00000    0.00000   100%   119 11466s
 7440133 1589832 infeasible  130         1.00000    0.00000   100%   119 11470s
 7443687 1590332    0.00000  125   85    1.00000    0.00000   100%   119 11475s
 7447773 1590989 infeasible  137         1.00000    0.00000   100%   119 11480s
 7451265 1591474    0.00000  117   24    1.00000    0.00000   100%   119 11485s
 7453009 1591826    0.00000  127   90    1.00000    0.00000   100%   119 11490s
 7456774 1592355    0.00000  129   36    1.00000    0.00000   100%   119 11495s
 7461788 1592915    0.00000  139   34    1.00000    0.00000   100%   119 11500s
 7464507 1593301    0.00000  149   71    1.00000    0.00000   100%   119 11506s
 7467019 1593754    0.00000  112   50    1.00000    0.00000   100%   119 11510s
 7471238 1594657    0.00000  138   52    1.00000    0.00000   100%   119 11516s
 7474744 1595323    0.00000  137   30    1.00000    0.00000   100%   119 11520s
 7479025 1595830 infeasible  124         1.00000    0.00000   100%   119 11525s
 7480325 1596608    0.00000  110   85    1.00000    0.00000   100%   119 11531s
 7484911 1597225 infeasible  137         1.00000    0.00000   100%   119 11535s
 7488310 1597849    0.00000  114   57    1.00000    0.00000   100%   119 11540s
 7491772 1598488    0.00000  129   86    1.00000    0.00000   100%   119 11545s
 7495175 1598825 infeasible  147         1.00000    0.00000   100%   119 11550s
 7495927 1599170    0.00000  140   33    1.00000    0.00000   100%   119 11555s
 7500325 1599900    0.00000  114   65    1.00000    0.00000   100%   119 11560s
 7504072 1600228 infeasible  116         1.00000    0.00000   100%   119 11565s
 7508888 1600767 infeasible  117         1.00000    0.00000   100%   119 11570s
 7511883 1601568    0.00000  133   98    1.00000    0.00000   100%   119 11575s
 7515600 1602151    0.00000  144   31    1.00000    0.00000   100%   119 11580s
 7517700 1602386    0.00000  114   34    1.00000    0.00000   100%   119 11585s
 7522529 1603287 infeasible  147         1.00000    0.00000   100%   119 11591s
 7526150 1603828    0.00000  126   98    1.00000    0.00000   100%   119 11595s
 7528067 1603973    0.00000  117   16    1.00000    0.00000   100%   119 11602s
 7528092 1603974    0.00000  119   72    1.00000    0.00000   100%   119 11606s
 7528170 1604174    0.00000  118   51    1.00000    0.00000   100%   119 11610s
 7529306 1605038    0.00000  112   65    1.00000    0.00000   100%   119 11615s
 7533160 1606621 infeasible  131         1.00000    0.00000   100%   119 11620s
 7537833 1607911    0.00000  130   50    1.00000    0.00000   100%   119 11626s
 7541257 1608970 infeasible  132         1.00000    0.00000   100%   119 11630s
 7544371 1610648    0.00000  122  144    1.00000    0.00000   100%   119 11635s
 7548830 1612394    0.00000  128   29    1.00000    0.00000   100%   119 11640s
 7551504 1613063    0.00000  116   10    1.00000    0.00000   100%   119 11645s
 7554834 1614335 infeasible  128         1.00000    0.00000   100%   119 11650s
 7558447 1615181 infeasible  135         1.00000    0.00000   100%   119 11655s
 7563420 1616452    0.00000  137   14    1.00000    0.00000   100%   119 11660s
 7564886 1616738 infeasible  128         1.00000    0.00000   100%   119 11665s
 7568722 1617707 infeasible  127         1.00000    0.00000   100%   119 11670s
 7573157 1618643    0.00000  125   54    1.00000    0.00000   100%   119 11675s
 7576493 1619346 infeasible  129         1.00000    0.00000   100%   119 11680s
 7580229 1620195    0.00000  117   49    1.00000    0.00000   100%   119 11685s
 7583784 1620835    0.00000  154  132    1.00000    0.00000   100%   119 11690s
 7586696 1621981 infeasible  129         1.00000    0.00000   100%   119 11696s
 7591008 1623098    0.00000  137   65    1.00000    0.00000   100%   119 11700s
 7593950 1623621    0.00000  129   74    1.00000    0.00000   100%   119 11705s
 7596820 1624476    0.00000  128   29    1.00000    0.00000   100%   119 11710s
 7601259 1625537    0.00000  127   37    1.00000    0.00000   100%   119 11715s
 7605486 1626331 infeasible  141         1.00000    0.00000   100%   119 11721s
 7606334 1626577    0.00000  122   71    1.00000    0.00000   100%   119 11725s
 7609704 1627574    0.00000  116   77    1.00000    0.00000   100%   119 11730s
 7614254 1628336    0.00000  136   23    1.00000    0.00000   100%   119 11735s
 7618440 1629035    0.00000  132   57    1.00000    0.00000   100%   119 11740s
 7620679 1629348    0.00000  140   71    1.00000    0.00000   100%   119 11745s
 7624183 1629970    0.00000  115   59    1.00000    0.00000   100%   119 11750s
 7626105 1630405    0.00000  118   57    1.00000    0.00000   100%   119 11757s
 7628647 1631088    0.00000  128   11    1.00000    0.00000   100%   119 11761s
 7631896 1631532    0.00000  141   20    1.00000    0.00000   100%   119 11765s
 7636044 1632535    0.00000  129   87    1.00000    0.00000   100%   119 11770s
 7639464 1634029    0.00000  117   24    1.00000    0.00000   100%   119 11775s
 7643848 1635283 infeasible  137         1.00000    0.00000   100%   119 11780s
 7645614 1636098    0.00000  127   26    1.00000    0.00000   100%   119 11785s
 7649331 1637476    0.00000  155  115    1.00000    0.00000   100%   119 11790s
 7653351 1639173 infeasible  147         1.00000    0.00000   100%   119 11795s
 7655651 1639853    0.00000  146   57    1.00000    0.00000   100%   119 11800s
 7659096 1640817    0.00000  143   76    1.00000    0.00000   100%   119 11805s
 7664201 1642376    0.00000  126   87    1.00000    0.00000   100%   119 11810s
 7667018 1642962    0.00000  164   74    1.00000    0.00000   100%   119 11815s
 7669892 1643777    0.00000  140   41    1.00000    0.00000   100%   119 11820s
 7669937 1643784    0.00000  141   73    1.00000    0.00000   100%   119 11825s
 7669962 1643869 infeasible  140         1.00000    0.00000   100%   119 11830s
 7671871 1644767 infeasible  127         1.00000    0.00000   100%   119 11835s
 7674745 1645486 infeasible  155         1.00000    0.00000   100%   119 11840s
 7678128 1646817 infeasible  137         1.00000    0.00000   100%   119 11845s
 7681566 1647829    0.00000  120   58    1.00000    0.00000   100%   119 11850s
 7685117 1649251    0.00000  146   72    1.00000    0.00000   100%   119 11855s
 7688959 1650040    0.00000  142   94    1.00000    0.00000   100%   119 11860s
 7693339 1651050    0.00000  132   32    1.00000    0.00000   100%   119 11865s
 7697028 1651707 infeasible  165         1.00000    0.00000   100%   119 11870s
 7701751 1652816 infeasible  157         1.00000    0.00000   100%   119 11876s
 7706123 1653581    0.00000  142   61    1.00000    0.00000   100%   119 11880s
 7710817 1654548    0.00000  143   43    1.00000    0.00000   100%   119 11885s
 7712830 1654711 infeasible  147         1.00000    0.00000   100%   119 11890s
 7716980 1655408    0.00000  143   20    1.00000    0.00000   100%   119 11895s
 7722628 1656149 infeasible  147         1.00000    0.00000   100%   119 11900s
 7726919 1656917    0.00000  135   34    1.00000    0.00000   100%   119 11905s
 7731850 1658451 infeasible  139         1.00000    0.00000   100%   119 11910s
 7734805 1659419 infeasible  147         1.00000    0.00000   100%   119 11915s
 7739095 1660606    0.00000  134   68    1.00000    0.00000   100%   119 11921s
 7740964 1661262    0.00000  149   83    1.00000    0.00000   100%   119 11925s
 7745023 1662446 infeasible  146         1.00000    0.00000   100%   119 11930s
 7748505 1663312    0.00000  127   12    1.00000    0.00000   100%   119 11935s
 7750988 1663932    0.00000  137   20    1.00000    0.00000   100%   119 11940s
 7754627 1665150    0.00000  134   71    1.00000    0.00000   100%   119 11945s
 7759095 1666047    0.00000  133   66    1.00000    0.00000   100%   119 11950s
 7759140 1666064    0.00000  138   58    1.00000    0.00000   100%   119 11956s
 7759162 1666111    0.00000  140   56    1.00000    0.00000   100%   119 11961s
 7759668 1666376    0.00000  142   72    1.00000    0.00000   100%   119 11965s
 7763049 1667320 infeasible  160         1.00000    0.00000   100%   119 11970s
 7766258 1667922 infeasible  148         1.00000    0.00000   100%   119 11975s
 7769443 1668938    0.00000  157   14    1.00000    0.00000   100%   119 11980s
 7773771 1670108 infeasible  140         1.00000    0.00000   100%   119 11985s
 7778018 1670849 infeasible  154         1.00000    0.00000   100%   119 11990s
 7780167 1671456    0.00000  138   87    1.00000    0.00000   100%   119 11995s
 7785400 1672649    0.00000  157   18    1.00000    0.00000   100%   119 12000s
 7788917 1673290 infeasible  127         1.00000    0.00000   100%   119 12005s
 7792949 1674411    0.00000  140   43    1.00000    0.00000   100%   119 12010s
 7797603 1675177 infeasible  154         1.00000    0.00000   100%   119 12015s
 7800031 1675849    0.00000  134   60    1.00000    0.00000   100%   119 12020s
 7803827 1676626    0.00000  148   80    1.00000    0.00000   100%   119 12025s
 7808634 1677278    0.00000  139   26    1.00000    0.00000   100%   119 12030s
 7809853 1677678    0.00000  147   13    1.00000    0.00000   100%   119 12036s
 7813515 1678308    0.00000  127   65    1.00000    0.00000   100%   119 12040s
 7818286 1679160 infeasible  181         1.00000    0.00000   100%   119 12045s
 7822906 1679884    0.00000  140   38    1.00000    0.00000   100%   119 12050s
 7825987 1680853    0.00000  111   38    1.00000    0.00000   100%   119 12055s
 7829921 1681775 infeasible  140         1.00000    0.00000   100%   119 12060s
 7833891 1682370 infeasible  151         1.00000    0.00000   100%   119 12065s
 7837446 1683014    0.00000  147   19    1.00000    0.00000   100%   119 12070s
 7841441 1683708 infeasible  154         1.00000    0.00000   100%   119 12075s
 7843807 1684271 infeasible  127         1.00000    0.00000   100%   119 12080s
 7847908 1685195    0.00000  159   47    1.00000    0.00000   100%   119 12085s
 7851873 1685787    0.00000  120  104    1.00000    0.00000   100%   119 12090s
 7852203 1686039    0.00000  122  123    1.00000    0.00000   100%   119 12095s
 7855335 1686375    0.00000  140   39    1.00000    0.00000   100%   119 12100s
 7855372 1686387    0.00000  143   39    1.00000    0.00000   100%   119 12107s
 7855382 1686440    0.00000  140   60    1.00000    0.00000   100%   119 12111s
 7856023 1686756    0.00000  142   37    1.00000    0.00000   100%   119 12115s
 7860446 1687319    0.00000  108   38    1.00000    0.00000   100%   119 12120s
 7863630 1687996    0.00000  147  114    1.00000    0.00000   100%   119 12125s
 7868382 1688663    0.00000  148   45    1.00000    0.00000   100%   119 12130s
 7872386 1689293    0.00000  127   29    1.00000    0.00000   100%   119 12135s
 7875336 1689685 infeasible  148         1.00000    0.00000   100%   119 12140s
 7878907 1690555 infeasible  135         1.00000    0.00000   100%   119 12145s
 7883505 1691308 infeasible  135         1.00000    0.00000   100%   119 12150s
 7888347 1692042    0.00000  141   40    1.00000    0.00000   100%   119 12155s
 7892514 1693698    0.00000  130   40    1.00000    0.00000   100%   119 12160s
 7895636 1694585    0.00000  132   63    1.00000    0.00000   100%   119 12166s
 7899102 1695535    0.00000  137   27    1.00000    0.00000   100%   119 12170s
 7902989 1696235    0.00000  139   25    1.00000    0.00000   100%   119 12176s
 7906808 1696701    0.00000  123   40    1.00000    0.00000   100%   119 12180s
 7909147 1697741 infeasible  151         1.00000    0.00000   100%   119 12185s
 7912487 1698864    0.00000  145   65    1.00000    0.00000   100%   119 12190s
 7917189 1700258 infeasible  138         1.00000    0.00000   100%   119 12195s
 7921158 1700988 infeasible  153         1.00000    0.00000   100%   119 12200s
 7925266 1702122    0.00000  150   86    1.00000    0.00000   100%   119 12205s
 7927592 1702738    0.00000  138   94    1.00000    0.00000   100%   119 12210s
 7931857 1703579    0.00000  126  124    1.00000    0.00000   100%   119 12215s
 7934941 1704287    0.00000  137   21    1.00000    0.00000   100%   119 12220s
 7939081 1705023    0.00000  147   83    1.00000    0.00000   100%   119 12225s
 7941826 1705798 infeasible  141         1.00000    0.00000   100%   119 12230s
 7944086 1706506    0.00000  152   61    1.00000    0.00000   100%   119 12235s
 7949407 1707609 infeasible  151         1.00000    0.00000   100%   119 12240s
 7952683 1708146    0.00000  143   80    1.00000    0.00000   100%   119 12245s
 7954335 1709779 infeasible  152         1.00000    0.00000   100%   119 12270s
 7965074 1710609 infeasible  158         1.00000    0.00000   100%   119 12275s
 7967426 1711051    0.00000  142   53    1.00000    0.00000   100%   119 12280s
 7972065 1711818    0.00000  136   59    1.00000    0.00000   100%   119 12285s
 7975642 1712462    0.00000  148   75    1.00000    0.00000   100%   119 12290s
 7980687 1713345 infeasible  145         1.00000    0.00000   100%   119 12295s
 7983464 1713828    0.00000  131   92    1.00000    0.00000   100%   119 12300s
 7987377 1714613    0.00000  141   37    1.00000    0.00000   100%   119 12305s
 7991911 1715360    0.00000  146   12    1.00000    0.00000   100%   119 12310s
 7996583 1715985 infeasible  141         1.00000    0.00000   100%   119 12315s
 7998541 1716491 infeasible  146         1.00000    0.00000   100%   119 12320s
 8003339 1716999    0.00000  134   33    1.00000    0.00000   100%   119 12325s
 8007519 1717615    0.00000  147   18    1.00000    0.00000   100%   119 12330s
 8011046 1718481    0.00000  135   32    1.00000    0.00000   100%   119 12335s
 8013558 1719156    0.00000  150   40    1.00000    0.00000   100%   119 12340s
 8017132 1720403    0.00000  141   25    1.00000    0.00000   100%   119 12345s
 8020970 1721413    0.00000  139   47    1.00000    0.00000   100%   119 12350s
 8024406 1721974    0.00000  140   80    1.00000    0.00000   100%   119 12355s
 8027119 1722486    0.00000  137   75    1.00000    0.00000   100%   119 12360s
 8029742 1722957    0.00000  141   50    1.00000    0.00000   100%   119 12365s
 8035622 1723450    0.00000  145   38    1.00000    0.00000   100%   119 12370s
 8039627 1724212 infeasible  137         1.00000    0.00000   100%   119 12375s
 8044202 1725313 infeasible  148         1.00000    0.00000   100%   118 12381s
 8045918 1725516    0.00000  126    9    1.00000    0.00000   100%   118 12385s
 8049189 1726250    0.00000  145  116    1.00000    0.00000   100%   118 12390s
 8052510 1726760 infeasible  146         1.00000    0.00000   100%   118 12395s
 8052536 1726765    0.00000  150   39    1.00000    0.00000   100%   118 12400s
 8052567 1726768 infeasible  152         1.00000    0.00000   100%   118 12406s
 8054269 1727353 infeasible  141         1.00000    0.00000   100%   118 12410s
 8056928 1728106 infeasible  136         1.00000    0.00000   100%   118 12415s
 8061117 1728651 infeasible  148         1.00000    0.00000   100%   118 12420s
 8065009 1729104 infeasible  150         1.00000    0.00000   100%   118 12425s
 8068530 1729700    0.00000  150   73    1.00000    0.00000   100%   118 12430s
 8072072 1730600    0.00000  140  126    1.00000    0.00000   100%   118 12435s
 8073741 1731534    0.00000  141   81    1.00000    0.00000   100%   118 12444s
 8078225 1731707 infeasible  144         1.00000    0.00000   100%   119 12445s
 8081753 1732167    0.00000  127   59    1.00000    0.00000   100%   119 12450s
 8083793 1732863    0.00000  163   38    1.00000    0.00000   100%   119 12455s
 8087413 1733867    0.00000  146   41    1.00000    0.00000   100%   119 12460s
 8091988 1734543 infeasible  138         1.00000    0.00000   100%   119 12465s
 8095938 1735233    0.00000  137   55    1.00000    0.00000   100%   119 12470s
 8098915 1735672    0.00000  158   48    1.00000    0.00000   100%   118 12475s
 8103080 1736366    0.00000  138   92    1.00000    0.00000   100%   118 12480s
 8106303 1736807    0.00000  147   46    1.00000    0.00000   100%   118 12485s
 8110774 1737794    0.00000  149  132    1.00000    0.00000   100%   118 12490s
 8113647 1738187 infeasible  148         1.00000    0.00000   100%   118 12495s
 8117856 1739192 infeasible  161         1.00000    0.00000   100%   118 12501s
 8122410 1740031    0.00000  139   40    1.00000    0.00000   100%   118 12505s
 8127551 1741081    0.00000  134   38    1.00000    0.00000   100%   118 12510s
 8131424 1741746 infeasible  137         1.00000    0.00000   100%   118 12515s
 8135812 1742520    0.00000  144   58    1.00000    0.00000   100%   118 12520s
 8139409 1743144 infeasible  149         1.00000    0.00000   100%   118 12525s
 8143933 1744262 infeasible  137         1.00000    0.00000   100%   118 12530s
 8145766 1744564    0.00000  147   26    1.00000    0.00000   100%   118 12535s
 8146751 1744573    0.00000  153   49    1.00000    0.00000   100%   118 12541s
 8146779 1746165    0.00000  133   46    1.00000    0.00000   100%   118 12557s
 8155411 1746288 infeasible  144         1.00000    0.00000   100%   118 12560s
 8159302 1747043    0.00000  148   44    1.00000    0.00000   100%   118 12566s
 8163831 1747512 infeasible  157         1.00000    0.00000   100%   118 12570s
 8167088 1747966    0.00000  157   37    1.00000    0.00000   100%   118 12576s
 8171184 1748804 infeasible  147         1.00000    0.00000   100%   118 12580s
 8176180 1749354    0.00000  145   51    1.00000    0.00000   100%   118 12586s
 8176344 1750260    0.00000  146   51    1.00000    0.00000   100%   118 12592s
 8183275 1750742    0.00000  143   33    1.00000    0.00000   100%   118 12595s
 8185375 1751271 infeasible  152         1.00000    0.00000   100%   118 12600s
 8188861 1751942    0.00000  122  109    1.00000    0.00000   100%   118 12605s
 8193446 1752769    0.00000  151   85    1.00000    0.00000   100%   118 12610s
 8197935 1753467 infeasible  152         1.00000    0.00000   100%   118 12615s
 8200399 1753854 infeasible  146         1.00000    0.00000   100%   118 12620s
 8202229 1754901 infeasible  142         1.00000    0.00000   100%   118 12625s
 8206871 1756489 infeasible  146         1.00000    0.00000   100%   118 12630s
 8211179 1757510 infeasible  137         1.00000    0.00000   100%   118 12635s
 8214778 1758403    0.00000  140   34    1.00000    0.00000   100%   118 12640s
 8216627 1758817    0.00000  154  129    1.00000    0.00000   100%   118 12645s
 8219982 1759761    0.00000  135   87    1.00000    0.00000   100%   118 12650s
 8224255 1760728    0.00000  160   73    1.00000    0.00000   100%   118 12655s
 8229492 1761411    0.00000  147   35    1.00000    0.00000   100%   118 12660s
 8231392 1762008    0.00000  148   64    1.00000    0.00000   100%   118 12665s
 8234924 1762584 infeasible  144         1.00000    0.00000   100%   118 12670s
 8240318 1763564 infeasible  165         1.00000    0.00000   100%   118 12675s
 8242711 1763929    0.00000  143   34    1.00000    0.00000   100%   118 12680s
 8245737 1764716 infeasible  140         1.00000    0.00000   100%   118 12685s
 8248409 1765149    0.00000  140   83    1.00000    0.00000   100%   118 12690s
 8248432 1765163    0.00000  141   85    1.00000    0.00000   100%   118 12698s
 8248441 1765181    0.00000  142   81    1.00000    0.00000   100%   118 12700s
 8248994 1765355    0.00000  147   19    1.00000    0.00000   100%   118 12706s
 8250467 1765911    0.00000  132  100    1.00000    0.00000   100%   118 12710s
 8255083 1767058    0.00000  144   42    1.00000    0.00000   100%   118 12715s
 8258058 1767573 infeasible  147         1.00000    0.00000   100%   118 12720s
 8263648 1768294    0.00000  134   49    1.00000    0.00000   100%   118 12725s
 8267443 1769217    0.00000  155   48    1.00000    0.00000   100%   118 12730s
 8270511 1769864    0.00000  151  117    1.00000    0.00000   100%   118 12735s
 8273716 1770189    0.00000  157   14    1.00000    0.00000   100%   118 12740s
 8275685 1770594    0.00000  147   26    1.00000    0.00000   100%   118 12745s
 8280860 1771277    0.00000  157   15    1.00000    0.00000   100%   118 12750s
 8285116 1771871 infeasible  149         1.00000    0.00000   100%   118 12755s
 8289491 1772508    0.00000  152   31    1.00000    0.00000   100%   118 12760s
 8291945 1773201 infeasible  148         1.00000    0.00000   100%   118 12765s
 8296150 1774193    0.00000  147   42    1.00000    0.00000   100%   118 12770s
 8300921 1775053    0.00000  142   74    1.00000    0.00000   100%   118 12775s
 8304721 1775485 infeasible  146         1.00000    0.00000   100%   118 12780s
 8306667 1775779    0.00000  145   76    1.00000    0.00000   100%   118 12785s
 8309706 1776342    0.00000  157   19    1.00000    0.00000   100%   118 12790s
 8314932 1777028    0.00000  147   31    1.00000    0.00000   100%   118 12795s
 8319764 1777604 infeasible  138         1.00000    0.00000   100%   118 12801s
 8323646 1778286    0.00000  138  106    1.00000    0.00000   100%   118 12805s
 8327377 1778817 infeasible  139         1.00000    0.00000   100%   118 12810s
 8329308 1779020    0.00000  142   40    1.00000    0.00000   100%   118 12815s
 8332674 1779408    0.00000  142   35    1.00000    0.00000   100%   118 12820s
 8336530 1779933    0.00000  132   42    1.00000    0.00000   100%   118 12825s
 8340967 1780652 infeasible  142         1.00000    0.00000   100%   118 12831s
 8345153 1781057    0.00000  137   42    1.00000    0.00000   100%   118 12835s
 8349812 1781922 infeasible  149         1.00000    0.00000   100%   118 12840s
 8354235 1782715 infeasible  153         1.00000    0.00000   100%   118 12846s
 8358003 1783266 infeasible  143         1.00000    0.00000   100%   118 12850s
 8361015 1783802 infeasible  148         1.00000    0.00000   100%   118 12855s
 8362593 1784020    0.00000  149   37    1.00000    0.00000   100%   118 12860s
 8362619 1784024    0.00000  151   42    1.00000    0.00000   100%   118 12866s
 8362629 1784031 infeasible  152         1.00000    0.00000   100%   118 12870s
 8362646 1784072    0.00000  154   34    1.00000    0.00000   100%   118 12875s
 8364211 1784553    0.00000  152   43    1.00000    0.00000   100%   118 12880s
 8368019 1785268    0.00000  136   15    1.00000    0.00000   100%   118 12885s
 8372948 1786504 infeasible  144         1.00000    0.00000   100%   118 12890s
 8376351 1786933    0.00000  149   40    1.00000    0.00000   100%   118 12895s
 8379569 1787482    0.00000  140   30    1.00000    0.00000   100%   118 12900s
 8383873 1788461    0.00000  157   30    1.00000    0.00000   100%   118 12906s
 8386781 1789058 infeasible  147         1.00000    0.00000   100%   118 12910s
 8389907 1789685    0.00000  147   27    1.00000    0.00000   100%   118 12915s
 8393883 1790238 infeasible  144         1.00000    0.00000   100%   118 12920s
 8398352 1791147 infeasible  144         1.00000    0.00000   100%   118 12925s
 8401373 1791697    0.00000  151   58    1.00000    0.00000   100%   118 12931s
 8405252 1792383    0.00000  136   16    1.00000    0.00000   100%   118 12936s
 8408152 1792834 infeasible  150         1.00000    0.00000   100%   118 12940s
 8412232 1793462    0.00000  146   20    1.00000    0.00000   100%   118 12945s
 8414001 1794020 infeasible  187         1.00000    0.00000   100%   118 12950s
 8418761 1794450    0.00000  146   78    1.00000    0.00000   100%   118 12955s
 8423636 1795220    0.00000  167   21    1.00000    0.00000   100%   118 12961s
 8427219 1796123 infeasible  185         1.00000    0.00000   100%   118 12965s
 8430517 1796547    0.00000  145   44    1.00000    0.00000   100%   118 12971s
 8434818 1797113    0.00000  151   28    1.00000    0.00000   100%   118 12975s
 8438530 1797495    0.00000  159   32    1.00000    0.00000   100%   118 12981s
 8442871 1798258    0.00000  137   92    1.00000    0.00000   100%   118 12986s
 8446843 1798790    0.00000  133   39    1.00000    0.00000   100%   118 12990s
 8449440 1799294    0.00000  148   85    1.00000    0.00000   100%   118 12996s
 8452973 1800015    0.00000  151   76    1.00000    0.00000   100%   118 13000s
 8457799 1800883    0.00000  134   77    1.00000    0.00000   100%   118 13005s
 8463181 1801465 infeasible  157         1.00000    0.00000   100%   118 13010s
 8468367 1802124 infeasible  151         1.00000    0.00000   100%   118 13015s
 8470872 1802747 infeasible  138         1.00000    0.00000   100%   118 13020s
 8470916 1802749    0.00000  138   32    1.00000    0.00000   100%   118 13027s
 8470942 1802763    0.00000  139   82    1.00000    0.00000   100%   118 13032s
 8471490 1802959 infeasible  135         1.00000    0.00000   100%   118 13035s
 8472651 1803320 infeasible  140         1.00000    0.00000   100%   118 13040s
 8477981 1804190    0.00000  136   87    1.00000    0.00000   100%   118 13045s
 8482817 1804938 infeasible  138         1.00000    0.00000   100%   118 13050s
 8483789 1804993    0.00000  141   35    1.00000    0.00000   100%   118 13055s
 8489766 1805707    0.00000  140   40    1.00000    0.00000   100%   118 13060s
 8493786 1806230 infeasible  149         1.00000    0.00000   100%   118 13065s
 8498903 1806851 infeasible  139         1.00000    0.00000   100%   118 13070s
 8504080 1807480    0.00000  137   95    1.00000    0.00000   100%   118 13075s
 8507931 1807915    0.00000  127   29    1.00000    0.00000   100%   118 13080s
 8511797 1808708    0.00000  140   31    1.00000    0.00000   100%   118 13085s
 8516972 1809865 infeasible  143         1.00000    0.00000   100%   118 13090s
 8519189 1810094 infeasible  158         1.00000    0.00000   100%   118 13095s
 8523654 1810660    0.00000  128   38    1.00000    0.00000   100%   118 13100s
 8527368 1811435    0.00000  157   34    1.00000    0.00000   100%   118 13105s
 8531910 1812167    0.00000  134   43    1.00000    0.00000   100%   118 13110s
 8536605 1812733    0.00000  147   38    1.00000    0.00000   100%   118 13115s
 8541463 1813560 infeasible  127         1.00000    0.00000   100%   118 13120s
 8542518 1813993    0.00000  125   88    1.00000    0.00000   100%   118 13125s
 8546761 1815372    0.00000  134   52    1.00000    0.00000   100%   118 13130s
 8550270 1816223    0.00000  144   88    1.00000    0.00000   100%   118 13135s
 8555071 1817049    0.00000  131  112    1.00000    0.00000   100%   118 13140s
 8559653 1817667    0.00000  144   29    1.00000    0.00000   100%   118 13145s
 8561256 1818059    0.00000  153  129    1.00000    0.00000   100%   118 13151s
 8564742 1818673 infeasible  127         1.00000    0.00000   100%   118 13155s
 8569715 1819517    0.00000  147   20    1.00000    0.00000   100%   118 13161s
 8573708 1820068 infeasible  138         1.00000    0.00000   100%   118 13165s
 8577590 1820861    0.00000  144   57    1.00000    0.00000   100%   118 13170s
 8578647 1820875    0.00000  141   36    1.00000    0.00000   100%   118 13175s
 8578670 1820880 infeasible  141         1.00000    0.00000   100%   118 13180s
 8579074 1821108 infeasible  143         1.00000    0.00000   100%   118 13186s
 8579574 1821144    0.00000  143   68    1.00000    0.00000   100%   118 13190s
 8582428 1821788 infeasible  143         1.00000    0.00000   100%   118 13195s
 8585583 1822379    0.00000  131   36    1.00000    0.00000   100%   118 13200s
 8589076 1822823    0.00000  153   60    1.00000    0.00000   100%   118 13205s
 8594201 1823817 infeasible  147         1.00000    0.00000   100%   118 13210s
 8597052 1824250 infeasible  137         1.00000    0.00000   100%   118 13215s
 8601607 1824807    0.00000  138   44    1.00000    0.00000   100%   118 13220s
 8605679 1825416    0.00000  142   55    1.00000    0.00000   100%   118 13225s
 8610043 1826175 infeasible  150         1.00000    0.00000   100%   118 13230s
 8614039 1826503    0.00000  148   57    1.00000    0.00000   100%   118 13235s
 8618086 1826902 infeasible  149         1.00000    0.00000   100%   118 13240s
 8620905 1827253    0.00000  147   46    1.00000    0.00000   100%   118 13245s
 8625342 1827920    0.00000  151   88    1.00000    0.00000   100%   118 13251s
 8629840 1828559 infeasible  153         1.00000    0.00000   100%   118 13255s
 8631734 1828850    0.00000  140   74    1.00000    0.00000   100%   118 13260s
 8636297 1829314    0.00000  156  124    1.00000    0.00000   100%   118 13266s
 8640587 1829996 infeasible  150         1.00000    0.00000   100%   118 13270s
 8645822 1830507 infeasible  145         1.00000    0.00000   100%   118 13275s
 8648213 1830938    0.00000  166   68    1.00000    0.00000   100%   118 13280s
 8652708 1831545    0.00000  171   55    1.00000    0.00000   100%   118 13285s
 8657145 1832621 infeasible  187         1.00000    0.00000   100%   118 13290s
 8659844 1833209    0.00000  147   69    1.00000    0.00000   100%   118 13295s
 8663457 1834131 infeasible  124         1.00000    0.00000   100%   118 13301s
 8667433 1834743    0.00000  146   73    1.00000    0.00000   100%   118 13305s
 8670448 1835153    0.00000  144   47    1.00000    0.00000   100%   118 13310s
 8674286 1835684 infeasible  144         1.00000    0.00000   100%   118 13315s
 8677912 1836168    0.00000  156   49    1.00000    0.00000   100%   118 13320s
 8679603 1836438 infeasible  154         1.00000    0.00000   100%   118 13325s
 8683196 1836865    0.00000  147   21    1.00000    0.00000   100%   118 13330s
 8688222 1837446 infeasible  148         1.00000    0.00000   100%   118 13335s
 8692409 1838107 infeasible  143         1.00000    0.00000   100%   118 13340s
 8695572 1838624    0.00000  140   75    1.00000    0.00000   100%   118 13345s
 8696938 1838656 infeasible  153         1.00000    0.00000   100%   118 13352s
 8697292 1838718    0.00000  153   72    1.00000    0.00000   100%   118 13355s
 8700596 1839243    0.00000  147   43    1.00000    0.00000   100%   118 13360s
 8702286 1839454 infeasible  158         1.00000    0.00000   100%   118 13365s
 8707379 1840074 infeasible  156         1.00000    0.00000   100%   118 13370s
 8711890 1840669    0.00000  141   88    1.00000    0.00000   100%   118 13375s
 8716098 1841279 infeasible  147         1.00000    0.00000   100%   118 13380s
 8720586 1841783    0.00000  141   47    1.00000    0.00000   100%   118 13385s
 8722204 1842194 infeasible  151         1.00000    0.00000   100%   118 13390s
 8726840 1842903 infeasible  143         1.00000    0.00000   100%   118 13395s
 8730754 1843431 infeasible  148         1.00000    0.00000   100%   118 13400s
 8734720 1844027 infeasible  146         1.00000    0.00000   100%   118 13405s
 8737196 1844259    0.00000  147   29    1.00000    0.00000   100%   118 13410s
 8740326 1844834    0.00000  138   95    1.00000    0.00000   100%   118 13415s
 8744998 1845485    0.00000  126   60    1.00000    0.00000   100%   118 13421s
 8748439 1845998    0.00000  155   40    1.00000    0.00000   100%   118 13425s
 8753391 1846849    0.00000  132   65    1.00000    0.00000   100%   118 13430s
 8755204 1847773    0.00000  148   30    1.00000    0.00000   100%   118 13437s
 8761211 1847945    0.00000  136   10    1.00000    0.00000   100%   118 13440s
 8761250 1847948 infeasible  139         1.00000    0.00000   100%   118 13445s
 8761287 1847951    0.00000  140   40    1.00000    0.00000   100%   118 13450s
 8762269 1848091    0.00000  142   41    1.00000    0.00000   100%   118 13455s
 8766769 1848904    0.00000  141   78    1.00000    0.00000   100%   118 13460s
 8769749 1850381 infeasible  131         1.00000    0.00000   100%   118 13475s
 8780554 1851049 infeasible  157         1.00000    0.00000   100%   118 13480s
 8784413 1851869 infeasible  147         1.00000    0.00000   100%   118 13485s
 8786735 1852373    0.00000  139   28    1.00000    0.00000   100%   118 13490s
 8790338 1853137    0.00000  125   68    1.00000    0.00000   100%   118 13495s
 8796157 1853889 infeasible  151         1.00000    0.00000   100%   118 13500s
 8800484 1854661 infeasible  144         1.00000    0.00000   100%   118 13505s
 8803888 1855172    0.00000  139   71    1.00000    0.00000   100%   118 13511s
 8806605 1856086    0.00000  137   14    1.00000    0.00000   100%   118 13515s
 8809665 1856557    0.00000  147   58    1.00000    0.00000   100%   118 13520s
 8814358 1857223 infeasible  141         1.00000    0.00000   100%   118 13525s
 8818212 1857653 infeasible  137         1.00000    0.00000   100%   118 13530s
 8822058 1858185 infeasible  131         1.00000    0.00000   100%   118 13535s
 8827800 1858918    0.00000  144   30    1.00000    0.00000   100%   118 13540s
 8834351 1859786 infeasible  147         1.00000    0.00000   100%   118 13545s
 8839208 1860195    0.00000  151   85    1.00000    0.00000   100%   118 13550s
 8843552 1860604    0.00000  116   19    1.00000    0.00000   100%   118 13555s
 8849023 1861007    0.00000  138   59    1.00000    0.00000   100%   118 13560s
 8852025 1861273 infeasible  139         1.00000    0.00000   100%   118 13565s
 8855820 1861787 infeasible  139         1.00000    0.00000   100%   118 13570s
 8860430 1862378 infeasible  143         1.00000    0.00000   100%   118 13575s
 8865355 1863132    0.00000  144   33    1.00000    0.00000   100%   118 13580s
 8869843 1863865    0.00000  147   23    1.00000    0.00000   100%   118 13585s
 8873972 1864122 infeasible  137         1.00000    0.00000   100%   118 13590s
 8874007 1864168    0.00000  129   62    1.00000    0.00000   100%   118 13598s
 8874355 1864543    0.00000  130   57    1.00000    0.00000   100%   118 13602s
 8876866 1864947 infeasible  147         1.00000    0.00000   100%   118 13606s
 8881892 1865521    0.00000  137   22    1.00000    0.00000   100%   118 13610s
 8886011 1866111 infeasible  145         1.00000    0.00000   100%   118 13615s
 8890473 1866753 infeasible  156         1.00000    0.00000   100%   118 13620s
 8893310 1867204 infeasible  167         1.00000    0.00000   100%   118 13626s
 8896261 1868084 infeasible  127         1.00000    0.00000   100%   118 13630s
 8900976 1869642    0.00000  138   60    1.00000    0.00000   100%   118 13635s
 8905850 1870569    0.00000  123  128    1.00000    0.00000   100%   118 13640s
 8909985 1871611 infeasible  131         1.00000    0.00000   100%   118 13645s
 8913362 1872365    0.00000  167   46    1.00000    0.00000   100%   118 13650s
 8915379 1872794 infeasible  151         1.00000    0.00000   100%   118 13655s
 8919956 1873743    0.00000  132   38    1.00000    0.00000   100%   118 13660s
 8924502 1874555    0.00000  128   35    1.00000    0.00000   100%   118 13665s
 8926939 1875255 infeasible  136         1.00000    0.00000   100%   118 13670s
 8931296 1876181 infeasible  137         1.00000    0.00000   100%   118 13675s
 8935997 1877132    0.00000  128   50    1.00000    0.00000   100%   118 13680s
 8937975 1877707    0.00000  134   39    1.00000    0.00000   100%   118 13685s
 8941786 1878620 infeasible  127         1.00000    0.00000   100%   118 13690s
 8947144 1879992 infeasible  146         1.00000    0.00000   100%   118 13695s
 8950200 1880713 infeasible  116         1.00000    0.00000   100%   118 13700s
 8954475 1881438    0.00000  142   73    1.00000    0.00000   100%   118 13705s
 8956887 1882021    0.00000  147   38    1.00000    0.00000   100%   118 13710s
 8959988 1882430    0.00000  119   47    1.00000    0.00000   100%   118 13716s
 8960009 1882440    0.00000  121   73    1.00000    0.00000   100%   118 13721s
 8960029 1882490    0.00000  123   69    1.00000    0.00000   100%   118 13726s
 8960665 1882636    0.00000  119   37    1.00000    0.00000   100%   118 13730s
 8963537 1883556 infeasible  126         1.00000    0.00000   100%   117 13735s
 8967872 1884312 infeasible  128         1.00000    0.00000   100%   118 13741s
 8969709 1884579    0.00000  133   68    1.00000    0.00000   100%   118 13746s
 8972376 1885105 infeasible  158         1.00000    0.00000   100%   117 13750s
 8976447 1885599    0.00000  127   18    1.00000    0.00000   100%   117 13755s
 8982491 1886151    0.00000  137   16    1.00000    0.00000   100%   117 13760s
 8987051 1887386 infeasible  147         1.00000    0.00000   100%   117 13765s
 8990573 1888226    0.00000  143   73    1.00000    0.00000   100%   117 13770s
 8994783 1889089 infeasible  147         1.00000    0.00000   100%   117 13775s
 8996886 1889528 infeasible  144         1.00000    0.00000   100%   117 13780s
 9001693 1891129    0.00000  122   61    1.00000    0.00000   100%   117 13785s
 9003552 1891625    0.00000  126   19    1.00000    0.00000   100%   117 13790s
 9007664 1892587    0.00000  140   62    1.00000    0.00000   100%   117 13796s
 9011165 1893302 infeasible  137         1.00000    0.00000   100%   117 13800s
 9014571 1893988    0.00000  147   85    1.00000    0.00000   100%   117 13805s
 9017975 1894876    0.00000  147   16    1.00000    0.00000   100%   117 13810s
 9022744 1895637    0.00000  158   72    1.00000    0.00000   100%   117 13815s
 9026899 1896039 infeasible  157         1.00000    0.00000   100%   117 13820s
 9029133 1896652    0.00000  150   30    1.00000    0.00000   100%   117 13825s
 9033914 1897275    0.00000  143   80    1.00000    0.00000   100%   117 13830s
 9037776 1897901 infeasible  147         1.00000    0.00000   100%   117 13835s
 9039655 1898050    0.00000  148   78    1.00000    0.00000   100%   117 13840s
 9043265 1898890 infeasible  137         1.00000    0.00000   100%   117 13845s
 9047202 1899531    0.00000  140   38    1.00000    0.00000   100%   117 13850s
 9050871 1900032    0.00000  139   43    1.00000    0.00000   100%   117 13855s
 9054602 1900396    0.00000  152   52    1.00000    0.00000   100%   117 13861s
 9055916 1900861    0.00000  134   30    1.00000    0.00000   100%   117 13865s
 9058632 1901203 infeasible  139         1.00000    0.00000   100%   117 13870s
 9058660 1901211    0.00000  136   31    1.00000    0.00000   100%   117 13875s
 9058684 1901280    0.00000  138   33    1.00000    0.00000   100%   117 13882s
 9060058 1901491    0.00000  147   31    1.00000    0.00000   100%   117 13886s
 9063506 1901968 infeasible  157         1.00000    0.00000   100%   117 13890s
 9067573 1902720 infeasible  149         1.00000    0.00000   100%   117 13895s
 9071217 1903227 infeasible  155         1.00000    0.00000   100%   117 13900s
 9075118 1903857 infeasible  154         1.00000    0.00000   100%   117 13905s
 9078748 1904376    0.00000  147   21    1.00000    0.00000   100%   117 13910s
 9080998 1904826    0.00000  146   92    1.00000    0.00000   100%   117 13915s
 9085807 1905551 infeasible  144         1.00000    0.00000   100%   117 13920s
 9089852 1906603    0.00000  157   64    1.00000    0.00000   100%   117 13926s
 9093788 1907287 infeasible  147         1.00000    0.00000   100%   117 13930s
 9095371 1907693 infeasible  150         1.00000    0.00000   100%   117 13935s
 9099243 1908248    0.00000  145   46    1.00000    0.00000   100%   117 13940s
 9103370 1908847 infeasible  130         1.00000    0.00000   100%   117 13945s
 9107446 1909554    0.00000  147   78    1.00000    0.00000   100%   117 13950s
 9108151 1909962    0.00000  137   34    1.00000    0.00000   100%   117 13955s
 9112619 1910934    0.00000  133   24    1.00000    0.00000   100%   117 13960s
 9116156 1911429    0.00000  155   82    1.00000    0.00000   100%   117 13965s
 9120194 1912405    0.00000  136   19    1.00000    0.00000   100%   117 13970s
 9121733 1912577    0.00000  147   27    1.00000    0.00000   100%   117 13976s
 9125322 1913046    0.00000  140   39    1.00000    0.00000   100%   117 13980s
 9129243 1913670 infeasible  146         1.00000    0.00000   100%   117 13985s
 9133509 1914391 infeasible  138         1.00000    0.00000   100%   117 13990s
 9136821 1914886    0.00000  146   54    1.00000    0.00000   100%   117 13996s
 9138717 1915168 infeasible  158         1.00000    0.00000   100%   117 14000s
 9143589 1915693    0.00000  154   36    1.00000    0.00000   100%   117 14005s
 9147493 1916346 infeasible  157         1.00000    0.00000   100%   117 14010s
 9151373 1917017 infeasible  135         1.00000    0.00000   100%   117 14015s
 9154429 1917593    0.00000  155   38    1.00000    0.00000   100%   117 14020s
 9157380 1919424    0.00000  131   57    1.00000    0.00000   100%   117 14042s
 9166841 1919867    0.00000  134   86    1.00000    0.00000   100%   117 14045s
 9167716 1920072 infeasible  147         1.00000    0.00000   100%   117 14051s
 9171548 1920650    0.00000  161   73    1.00000    0.00000   100%   117 14055s
 9175879 1920992    0.00000  144   56    1.00000    0.00000   100%   117 14060s
 9180367 1921429    0.00000  138   46    1.00000    0.00000   100%   117 14065s
 9184397 1921868    0.00000  147   25    1.00000    0.00000   100%   117 14070s
 9187448 1922439    0.00000  137   52    1.00000    0.00000   100%   117 14075s
 9191400 1922973 infeasible  167         1.00000    0.00000   100%   117 14081s
 9196018 1923438    0.00000  147   72    1.00000    0.00000   100%   117 14085s
 9198465 1923923    0.00000  148   82    1.00000    0.00000   100%   117 14090s
 9202415 1924689    0.00000  149   87    1.00000    0.00000   100%   117 14095s
 9206634 1924885    0.00000  147   25    1.00000    0.00000   100%   117 14100s
 9208940 1925200 infeasible  147         1.00000    0.00000   100%   117 14105s
 9212710 1925687 infeasible  146         1.00000    0.00000   100%   117 14110s
 9217267 1926519 infeasible  148         1.00000    0.00000   100%   117 14116s
 9221016 1926768    0.00000  151   87    1.00000    0.00000   100%   117 14120s
 9225159 1927163    0.00000  137   69    1.00000    0.00000   100%   117 14125s
 9228198 1927484 infeasible  146         1.00000    0.00000   100%   117 14130s
 9232304 1928030    0.00000  157   37    1.00000    0.00000   100%   117 14136s
 9236125 1928422    0.00000  147   39    1.00000    0.00000   100%   117 14140s
 9241128 1928895 infeasible  137         1.00000    0.00000   100%   117 14145s
 9245206 1929470 infeasible  155         1.00000    0.00000   100%   117 14150s
 9249869 1930091 infeasible  127         1.00000    0.00000   100%   117 14155s
 9252751 1930318 infeasible  149         1.00000    0.00000   100%   117 14160s
 9255428 1930618    0.00000  151   29    1.00000    0.00000   100%   117 14166s
 9255452 1930628    0.00000  153   25    1.00000    0.00000   100%   117 14171s
 9255801 1930698 infeasible  153         1.00000    0.00000   100%   117 14175s
 9257732 1931198 infeasible  154         1.00000    0.00000   100%   117 14180s
 9262022 1931570 infeasible  126         1.00000    0.00000   100%   117 14185s
 9266068 1931916    0.00000  172   68    1.00000    0.00000   100%   117 14190s
 9269404 1932612    0.00000  127   15    1.00000    0.00000   100%   117 14195s
 9272918 1932981    0.00000  157   35    1.00000    0.00000   100%   117 14200s
 9275328 1933678    0.00000  146   12    1.00000    0.00000   100%   117 14205s
 9280236 1934190    0.00000  146   19    1.00000    0.00000   100%   117 14210s
 9283451 1934362 infeasible  144         1.00000    0.00000   100%   117 14215s
 9286244 1934706 infeasible  142         1.00000    0.00000   100%   117 14220s
 9292154 1935041 infeasible  147         1.00000    0.00000   100%   117 14226s
 9295413 1935584 infeasible  137         1.00000    0.00000   100%   117 14230s
 9298891 1935884    0.00000  141   30    1.00000    0.00000   100%   117 14235s
 9302118 1936365 infeasible  149         1.00000    0.00000   100%   117 14240s
 9306085 1936975    0.00000  137   22    1.00000    0.00000   100%   117 14245s
 9309884 1937373 infeasible  147         1.00000    0.00000   100%   117 14250s
 9312142 1937590    0.00000  147   12    1.00000    0.00000   100%   117 14255s
 9316412 1938125 infeasible  144         1.00000    0.00000   100%   117 14260s
 9320066 1938705    0.00000  137   32    1.00000    0.00000   100%   117 14265s
 9324720 1939171    0.00000  157   27    1.00000    0.00000   100%   117 14270s
 9329607 1939852    0.00000  145   48    1.00000    0.00000   100%   117 14275s
 9331086 1940075 infeasible  167         1.00000    0.00000   100%   117 14280s
 9335578 1940955    0.00000  149   42    1.00000    0.00000   100%   117 14285s
 9338111 1941383 infeasible  142         1.00000    0.00000   100%   117 14290s
 9342826 1942114    0.00000  127   27    1.00000    0.00000   100%   117 14295s
 9346176 1942513 infeasible  144         1.00000    0.00000   100%   117 14300s
 9349105 1943060 infeasible  148         1.00000    0.00000   100%   117 14306s
 9353162 1943658 infeasible  139         1.00000    0.00000   100%   117 14310s
 9358007 1944096 infeasible  157         1.00000    0.00000   100%   117 14315s
 9358054 1944102 infeasible  139         1.00000    0.00000   100%   117 14320s
 9358100 1944102    0.00000  142   40    1.00000    0.00000   100%   117 14326s
 9358323 1944132    0.00000  145   40    1.00000    0.00000   100%   117 14330s
 9358665 1944176 infeasible  140         1.00000    0.00000   100%   117 14335s
 9361488 1944675    0.00000  137   37    1.00000    0.00000   100%   117 14340s
 9364775 1945129 infeasible  147         1.00000    0.00000   100%   117 14345s
 9368299 1945663 infeasible  139         1.00000    0.00000   100%   117 14350s
 9372699 1946310    0.00000  136   63    1.00000    0.00000   100%   117 14355s
 9374373 1946736 infeasible  130         1.00000    0.00000   100%   117 14360s
 9378894 1947597    0.00000  156   53    1.00000    0.00000   100%   117 14366s
 9381519 1948297 infeasible  140         1.00000    0.00000   100%   117 14370s
 9384142 1948908    0.00000  134   49    1.00000    0.00000   100%   117 14375s
 9387907 1949696    0.00000  142   46    1.00000    0.00000   100%   117 14380s
 9391628 1950397 infeasible  137         1.00000    0.00000   100%   117 14385s
 9395012 1951139    0.00000  125   76    1.00000    0.00000   100%   117 14390s
 9397124 1951642 infeasible  137         1.00000    0.00000   100%   117 14395s
 9401190 1952321 infeasible  137         1.00000    0.00000   100%   117 14400s
 9404866 1952850 infeasible  146         1.00000    0.00000   100%   117 14405s
 9408943 1953556    0.00000  141   56    1.00000    0.00000   100%   117 14410s
 9411908 1954496 infeasible  142         1.00000    0.00000   100%   117 14415s
 9415515 1955309    0.00000  146   58    1.00000    0.00000   100%   117 14420s
 9418833 1955900    0.00000  139   61    1.00000    0.00000   100%   117 14425s
 9420868 1956157    0.00000  145  105    1.00000    0.00000   100%   117 14430s
 9424587 1957117    0.00000  141   94    1.00000    0.00000   100%   117 14435s
 9428583 1957701 infeasible  138         1.00000    0.00000   100%   117 14441s
 9432808 1958651 infeasible  137         1.00000    0.00000   100%   117 14445s
 9436949 1959897 infeasible  142         1.00000    0.00000   100%   117 14450s
 9440546 1961120 infeasible  147         1.00000    0.00000   100%   117 14455s
 9444157 1962398 infeasible  144         1.00000    0.00000   100%   117 14460s
 9447369 1963171 infeasible  147         1.00000    0.00000   100%   117 14465s
 9450990 1963832    0.00000  147   20    1.00000    0.00000   100%   117 14470s
 9453745 1964448 infeasible  137         1.00000    0.00000   100%   117 14475s
 9457084 1965248 infeasible  147         1.00000    0.00000   100%   117 14480s
 9458414 1965419    0.00000  148   40    1.00000    0.00000   100%   117 14486s
 9458435 1965431    0.00000  146   81    1.00000    0.00000   100%   117 14492s
 9458445 1965439    0.00000  147   82    1.00000    0.00000   100%   117 14495s
 9459737 1965910 infeasible  156         1.00000    0.00000   100%   117 14500s
 9463283 1966144    0.00000  139   56    1.00000    0.00000   100%   117 14505s
 9465646 1966915    0.00000  148   32    1.00000    0.00000   100%   117 14510s
 9469013 1967662    0.00000  147   54    1.00000    0.00000   100%   117 14515s
 9473382 1968654 infeasible  167         1.00000    0.00000   100%   117 14520s
 9477444 1969368    0.00000  157   16    1.00000    0.00000   100%   117 14525s
 9481049 1970302    0.00000  151   60    1.00000    0.00000   100%   117 14530s
 9484513 1971069    0.00000  142   58    1.00000    0.00000   100%   117 14535s
 9489050 1971920    0.00000  147   14    1.00000    0.00000   100%   117 14540s
 9491983 1972454    0.00000  147   25    1.00000    0.00000   100%   117 14545s
 9496955 1973404 infeasible  147         1.00000    0.00000   100%   117 14550s
 9500655 1974061 infeasible  149         1.00000    0.00000   100%   117 14556s
 9503017 1974709    0.00000  154   69    1.00000    0.00000   100%   117 14560s
 9506932 1975509 infeasible  147         1.00000    0.00000   100%   117 14565s
 9511985 1976102    0.00000  136   12    1.00000    0.00000   100%   117 14570s
 9514445 1976677    0.00000  141   63    1.00000    0.00000   100%   117 14576s
 9518153 1977382 infeasible  158         1.00000    0.00000   100%   117 14580s
 9523248 1978249 infeasible  146         1.00000    0.00000   100%   117 14585s
 9526847 1978824 infeasible  155         1.00000    0.00000   100%   117 14590s
 9530515 1979424    0.00000  135   74    1.00000    0.00000   100%   117 14595s
 9532690 1980023    0.00000  145   40    1.00000    0.00000   100%   117 14600s
 9537022 1980846 infeasible  144         1.00000    0.00000   100%   117 14606s
 9541192 1981631    0.00000  139   31    1.00000    0.00000   100%   117 14611s
 9544971 1982066    0.00000  137   51    1.00000    0.00000   100%   117 14615s
 9547772 1982619 infeasible  147         1.00000    0.00000   100%   117 14620s
 9552538 1983439    0.00000  148   19    1.00000    0.00000   100%   117 14625s
 9555811 1984283 infeasible  130         1.00000    0.00000   100%   117 14631s
 9558507 1985280 infeasible  147         1.00000    0.00000   100%   117 14635s
 9562314 1986307    0.00000  139   16    1.00000    0.00000   100%   117 14640s
 9562348 1986303 infeasible  141         1.00000    0.00000   100%   117 14645s
 9562368 1986380    0.00000  138   24    1.00000    0.00000   100%   117 14650s
 9562974 1986693 infeasible  147         1.00000    0.00000   100%   117 14655s
 9564747 1987514    0.00000  128   43    1.00000    0.00000   100%   117 14661s
 9567775 1988388 infeasible  129         1.00000    0.00000   100%   117 14665s
 9571652 1989553 infeasible  141         1.00000    0.00000   100%   117 14671s
 9573228 1989837 infeasible  136         1.00000    0.00000   100%   117 14675s
 9576605 1990840    0.00000  133   33    1.00000    0.00000   100%   117 14680s
 9580276 1991505    0.00000  122   72    1.00000    0.00000   100%   117 14685s
 9584126 1992392    0.00000  131   47    1.00000    0.00000   100%   117 14690s
 9587565 1992954    0.00000  137   16    1.00000    0.00000   100%   117 14695s
 9589419 1993449    0.00000  139  121    1.00000    0.00000   100%   117 14700s
 9593433 1994257 infeasible  128         1.00000    0.00000   100%   117 14705s
 9597783 1995275    0.00000  146   14    1.00000    0.00000   100%   117 14710s
 9599565 1995653    0.00000  144   62    1.00000    0.00000   100%   117 14715s
 9602752 1996207    0.00000  143   44    1.00000    0.00000   100%   117 14720s
 9607121 1996916 infeasible  145         1.00000    0.00000   100%   117 14725s
 9611055 1997650 infeasible  147         1.00000    0.00000   100%   117 14730s
 9614073 1998204 infeasible  154         1.00000    0.00000   100%   117 14735s
 9617742 1998857    0.00000  144   51    1.00000    0.00000   100%   117 14740s
 9621464 1999192    0.00000  143   85    1.00000    0.00000   100%   117 14745s
 9623599 1999813    0.00000  137   25    1.00000    0.00000   100%   117 14750s
 9627657 2000382    0.00000  124   82    1.00000    0.00000   100%   117 14755s
 9632296 2001314 infeasible  147         1.00000    0.00000   100%   117 14761s
 9635018 2001562    0.00000  150   81    1.00000    0.00000   100%   117 14765s
 9637990 2001951    0.00000  142   96    1.00000    0.00000   100%   117 14770s
 9641738 2002669    0.00000  154   53    1.00000    0.00000   100%   117 14775s
 9642867 2002829    0.00000  128   41    1.00000    0.00000   100%   117 14780s
 9644413 2003111    0.00000  153   54    1.00000    0.00000   100%   117 14786s
 9645047 2003336    0.00000  155   48    1.00000    0.00000   100%   117 14791s
 9645845 2003823 infeasible  157         1.00000    0.00000   100%   117 14796s
 9649799 2004578 infeasible  136         1.00000    0.00000   100%   117 14800s
 9654709 2005353    0.00000  146  110    1.00000    0.00000   100%   117 14805s
 9656940 2005724    0.00000  128   48    1.00000    0.00000   100%   117 14810s
 9660294 2006233 infeasible  131         1.00000    0.00000   100%   117 14815s
 9664437 2006924 infeasible  144         1.00000    0.00000   100%   117 14820s
 9667536 2007325    0.00000  156   50    1.00000    0.00000   100%   117 14825s
 9670966 2007759 infeasible  135         1.00000    0.00000   100%   117 14831s
 9674435 2008421    0.00000  148   39    1.00000    0.00000   100%   117 14835s
 9677078 2008827 infeasible  146         1.00000    0.00000   100%   117 14840s
 9682527 2009644 infeasible  172         1.00000    0.00000   100%   117 14845s
 9685343 2010192 infeasible  151         1.00000    0.00000   100%   117 14850s
 9689098 2010742    0.00000  137   24    1.00000    0.00000   100%   117 14855s
 9693067 2011326 infeasible  136         1.00000    0.00000   100%   117 14860s
 9694686 2011591    0.00000  151   99    1.00000    0.00000   100%   117 14866s
 9698353 2012206    0.00000  136   87    1.00000    0.00000   100%   117 14871s
 9702117 2013223 infeasible  138         1.00000    0.00000   100%   117 14875s
 9707316 2013988 infeasible  132         1.00000    0.00000   100%   117 14880s
 9710003 2014174 infeasible  136         1.00000    0.00000   100%   117 14885s
 9715500 2014761 infeasible  136         1.00000    0.00000   100%   117 14890s
 9718208 2015142    0.00000  133   30    1.00000    0.00000   100%   117 14895s
 9718802 2015209    0.00000  134   97    1.00000    0.00000   100%   117 14900s
 9719228 2015363    0.00000  128   48    1.00000    0.00000   100%   117 14905s
 9721289 2015757    0.00000  143   65    1.00000    0.00000   100%   117 14911s
 9726012 2016375 infeasible  131         1.00000    0.00000   100%   117 14915s
 9728804 2016686    0.00000  139   46    1.00000    0.00000   100%   117 14920s
 9732079 2017330    0.00000  154   38    1.00000    0.00000   100%   117 14926s
 9735295 2017835    0.00000  143   94    1.00000    0.00000   100%   117 14930s
 9738956 2018291 infeasible  127         1.00000    0.00000   100%   117 14935s
 9742627 2018826 infeasible  136         1.00000    0.00000   100%   117 14940s
 9744240 2019265    0.00000  135   39    1.00000    0.00000   100%   117 14945s
 9748013 2019897 infeasible  138         1.00000    0.00000   100%   117 14950s
 9753313 2020421    0.00000  137   12    1.00000    0.00000   100%   117 14955s
 9757636 2021112 infeasible  168         1.00000    0.00000   100%   117 14960s
 9760967 2021707    0.00000  148   40    1.00000    0.00000   100%   117 14965s
 9765784 2022174    0.00000  135  120    1.00000    0.00000   100%   117 14970s
 9771454 2022410 infeasible  161         1.00000    0.00000   100%   117 14975s
 9777006 2022730 infeasible  152         1.00000    0.00000   100%   117 14980s
 9781501 2023323 infeasible  142         1.00000    0.00000   100%   117 14985s
 9784362 2023938    0.00000  153  112    1.00000    0.00000   100%   117 14990s
 9788462 2024391 infeasible  148         1.00000    0.00000   100%   117 14995s
 9792928 2025671    0.00000  136   58    1.00000    0.00000   100%   117 15000s
 9795307 2026209    0.00000  129   34    1.00000    0.00000   100%   117 15005s
 9796682 2026217 infeasible  125         1.00000    0.00000   100%   117 15012s
 9796707 2026283    0.00000  129   41    1.00000    0.00000   100%   117 15016s
 9797303 2026679    0.00000  149   56    1.00000    0.00000   100%   117 15020s
 9800708 2027739    0.00000  137   19    1.00000    0.00000   100%   117 15025s
 9803656 2028386 infeasible  139         1.00000    0.00000   100%   117 15030s
 9807750 2029267    0.00000  139  109    1.00000    0.00000   100%   117 15036s
 9811176 2029842 infeasible  137         1.00000    0.00000   100%   117 15040s
 9813301 2030365 infeasible  137         1.00000    0.00000   100%   117 15045s
 9817948 2031220    0.00000  136   25    1.00000    0.00000   100%   117 15050s
 9820078 2031765    0.00000  138   61    1.00000    0.00000   100%   117 15055s
 9823579 2032602 infeasible  137         1.00000    0.00000   100%   117 15061s
 9827110 2033570    0.00000  147   86    1.00000    0.00000   100%   117 15066s
 9829943 2033902 infeasible  131         1.00000    0.00000   100%   117 15070s
 9832678 2034493    0.00000  124   75    1.00000    0.00000   100%   117 15075s
 9837145 2035393 infeasible  136         1.00000    0.00000   100%   117 15080s
 9840797 2035809    0.00000  131   68    1.00000    0.00000   100%   117 15085s
 9843411 2036374    0.00000  132   80    1.00000    0.00000   100%   117 15091s
 9847089 2037056    0.00000  134   91    1.00000    0.00000   100%   117 15096s
 9851229 2037558 infeasible  127         1.00000    0.00000   100%   117 15100s
 9853037 2037829    0.00000  125   62    1.00000    0.00000   100%   117 15106s
 9856582 2038367 infeasible  147         1.00000    0.00000   100%   117 15110s
 9861362 2039043    0.00000  141   69    1.00000    0.00000   100%   117 15115s
 9865211 2039822    0.00000  142   51    1.00000    0.00000   100%   117 15120s
 9868379 2040503 infeasible  128         1.00000    0.00000   100%   117 15126s
 9870538 2040790    0.00000  141   89    1.00000    0.00000   100%   117 15130s
 9871794 2040979    0.00000  140   82    1.00000    0.00000   100%   117 15135s
 9873349 2041209    0.00000  143   83    1.00000    0.00000   100%   117 15141s
 9876028 2041798 infeasible  137         1.00000    0.00000   100%   117 15146s
 9879495 2042302    0.00000  143   35    1.00000    0.00000   100%   117 15150s
 9884431 2043009 infeasible  133         1.00000    0.00000   100%   117 15155s
 9887113 2043487    0.00000  147   82    1.00000    0.00000   100%   117 15161s
 9890087 2043860    0.00000  146   56    1.00000    0.00000   100%   117 15165s
 9895399 2044536 infeasible  147         1.00000    0.00000   100%   117 15170s
 9898572 2044827 infeasible  147         1.00000    0.00000   100%   117 15176s
 9901468 2045320    0.00000  157   28    1.00000    0.00000   100%   117 15180s
 9906327 2046436    0.00000  140   62    1.00000    0.00000   100%   117 15185s
 9910781 2047107    0.00000  136   15    1.00000    0.00000   100%   117 15190s
 9913684 2048230    0.00000  142   71    1.00000    0.00000   100%   117 15198s
 9917798 2048422    0.00000  130  107    1.00000    0.00000   100%   117 15200s
 9920753 2049055    0.00000  132  143    1.00000    0.00000   100%   117 15205s
 9924199 2049791    0.00000  135   47    1.00000    0.00000   100%   117 15210s
 9926326 2050128 infeasible  135         1.00000    0.00000   100%   117 15215s
 9926368 2050141    0.00000  123   27    1.00000    0.00000   100%   117 15223s
 9926390 2050202    0.00000  125   31    1.00000    0.00000   100%   117 15228s
 9927216 2050469 infeasible  127         1.00000    0.00000   100%   117 15231s
 9928995 2050715 infeasible  149         1.00000    0.00000   100%   117 15235s
 9932401 2051671    0.00000  146   16    1.00000    0.00000   100%   117 15241s
 9935501 2052764    0.00000  147   33    1.00000    0.00000   100%   117 15245s
 9940205 2053983 infeasible  137         1.00000    0.00000   100%   117 15250s
 9942420 2054441 infeasible  154         1.00000    0.00000   100%   117 15255s
 9945889 2055042    0.00000  147   18    1.00000    0.00000   100%   117 15260s
 9949435 2055802    0.00000  137   26    1.00000    0.00000   100%   117 15265s
 9954040 2056766    0.00000  132  103    1.00000    0.00000   100%   117 15270s
 9955782 2057151 infeasible  148         1.00000    0.00000   100%   117 15275s
 9959216 2057756 infeasible  137         1.00000    0.00000   100%   117 15280s
 9963586 2058808    0.00000  121   32    1.00000    0.00000   100%   117 15285s
 9966302 2059329 infeasible  129         1.00000    0.00000   100%   117 15291s
 9970271 2059928    0.00000  131   93    1.00000    0.00000   100%   117 15295s
 9974298 2060567    0.00000  122   79    1.00000    0.00000   100%   117 15300s
 9977745 2061678    0.00000  128   93    1.00000    0.00000   100%   117 15306s
 9980627 2062663 infeasible  117         1.00000    0.00000   100%   117 15310s
 9983264 2063792    0.00000  135   98    1.00000    0.00000   100%   117 15315s
 9987294 2064726    0.00000  133   57    1.00000    0.00000   100%   117 15320s
 9991676 2065873 infeasible  137         1.00000    0.00000   100%   117 15325s
 9994864 2066597    0.00000  128   34    1.00000    0.00000   100%   117 15330s
 9997125 2067443    0.00000  127   24    1.00000    0.00000   100%   117 15335s
 10001122 2068157    0.00000  148  130    1.00000    0.00000   100%   117 15340s
 10005433 2069523    0.00000  133   36    1.00000    0.00000   100%   117 15345s
 10009248 2070211    0.00000  150   53    1.00000    0.00000   100%   117 15350s
 10013862 2071420 infeasible  157         1.00000    0.00000   100%   117 15355s
 10017381 2072033 infeasible  127         1.00000    0.00000   100%   117 15360s
 10017394 2073882 infeasible  128         1.00000    0.00000   100%   117 15376s
 10026629 2074309    0.00000  126  110    1.00000    0.00000   100%   117 15380s
 10028121 2074956 infeasible  131         1.00000    0.00000   100%   117 15385s
 10032311 2075633 infeasible  136         1.00000    0.00000   100%   117 15390s
 10035713 2076165 infeasible  144         1.00000    0.00000   100%   117 15395s
 10039132 2077179    0.00000  115   40    1.00000    0.00000   100%   117 15400s
 10044101 2078153    0.00000  128   43    1.00000    0.00000   100%   117 15405s
 10047738 2078680    0.00000  137   78    1.00000    0.00000   100%   117 15410s
 10050530 2079270    0.00000  130  102    1.00000    0.00000   100%   117 15415s
 10054623 2080053    0.00000  137   42    1.00000    0.00000   100%   117 15420s
 10059307 2080951    0.00000  130   62    1.00000    0.00000   100%   117 15426s
 10061394 2081317    0.00000  141   90    1.00000    0.00000   100%   117 15431s
 10065403 2082103 infeasible  159         1.00000    0.00000   100%   117 15435s
 10069738 2082933    0.00000  130   50    1.00000    0.00000   100%   117 15440s
 10073588 2083704    0.00000  109   65    1.00000    0.00000   100%   117 15446s
 10076993 2084323    0.00000  119   79    1.00000    0.00000   100%   117 15451s
 10079108 2085101    0.00000  129   23    1.00000    0.00000   100%   117 15455s
 10082169 2085696    0.00000  125   51    1.00000    0.00000   100%   117 15460s
 10087050 2086475    0.00000  137   21    1.00000    0.00000   100%   117 15466s
 10090863 2087013 infeasible  123         1.00000    0.00000   100%   117 15470s
 10092782 2087208    0.00000  117   44    1.00000    0.00000   100%   117 15476s
 10092801 2087215    0.00000  119   25    1.00000    0.00000   100%   117 15482s
 10092817 2087228    0.00000  120   25    1.00000    0.00000   100%   117 15485s
 10095000 2087495 infeasible  113         1.00000    0.00000   100%   117 15490s
 10095854 2087751    0.00000  117   68    1.00000    0.00000   100%   117 15495s
 10100573 2088397 infeasible  124         1.00000    0.00000   100%   117 15501s
 10104643 2089141    0.00000  147   71    1.00000    0.00000   100%   117 15506s
 10108466 2089571 infeasible  147         1.00000    0.00000   100%   117 15510s
 10112698 2089950 infeasible  158         1.00000    0.00000   100%   117 15515s
 10116232 2090546    0.00000  140   47    1.00000    0.00000   100%   117 15521s
 10118900 2090876 infeasible  127         1.00000    0.00000   100%   117 15525s
 10122326 2091272 infeasible  131         1.00000    0.00000   100%   117 15530s
 10125995 2091636 infeasible  147         1.00000    0.00000   100%   117 15535s
 10130244 2092491    0.00000  105   54    1.00000    0.00000   100%   117 15540s
 10133852 2092895 infeasible  147         1.00000    0.00000   100%   117 15545s
 10137540 2093328    0.00000  148   48    1.00000    0.00000   100%   117 15550s
 10140583 2093861    0.00000  127   65    1.00000    0.00000   100%   117 15555s
 10144754 2094479    0.00000  121   55    1.00000    0.00000   100%   117 15560s
 10147829 2095230    0.00000  142  122    1.00000    0.00000   100%   117 15565s
 10152497 2095759 infeasible  137         1.00000    0.00000   100%   117 15570s
 10155245 2096292    0.00000  127   10    1.00000    0.00000   100%   117 15576s
 10158827 2097116 infeasible  128         1.00000    0.00000   100%   117 15580s
 10161963 2097597 infeasible  129         1.00000    0.00000   100%   117 15585s
 10165223 2098176    0.00000  116    8    1.00000    0.00000   100%   117 15590s
 10168439 2098554    0.00000  130   74    1.00000    0.00000   100%   117 15595s
 10173274 2099390 infeasible  124         1.00000    0.00000   100%   117 15600s
 10176917 2100078    0.00000  119   55    1.00000    0.00000   100%   117 15605s
 10178584 2100833    0.00000  123   50    1.00000    0.00000   100%   117 15610s
 10182165 2101661    0.00000  125   67    1.00000    0.00000   100%   117 15615s
 10184852 2102051    0.00000  149   55    1.00000    0.00000   100%   117 15620s
 10187327 2102523 infeasible  137         1.00000    0.00000   100%   117 15625s
 10190816 2102815    0.00000  124  106    1.00000    0.00000   100%   117 15630s
 10190870 2102813    0.00000  125  133    1.00000    0.00000   100%   117 15636s
 10190903 2102833    0.00000  120   33    1.00000    0.00000   100%   117 15641s
 10191209 2102858 infeasible  125         1.00000    0.00000   100%   117 15645s
 10193891 2103416 infeasible  126         1.00000    0.00000   100%   117 15650s
 10197533 2104099    0.00000  129   68    1.00000    0.00000   100%   117 15655s
 10201583 2104790 infeasible  127         1.00000    0.00000   100%   117 15660s
 10203578 2105233 infeasible  137         1.00000    0.00000   100%   117 15665s
 10206981 2106040 infeasible  130         1.00000    0.00000   100%   117 15670s
 10210837 2106783    0.00000  123   38    1.00000    0.00000   100%   117 15675s
 10216079 2107560    0.00000  130  103    1.00000    0.00000   100%   117 15680s
 10218627 2108075 infeasible  147         1.00000    0.00000   100%   117 15685s
 10222407 2108576    0.00000  117   33    1.00000    0.00000   100%   117 15690s
 10226340 2109237    0.00000  113   71    1.00000    0.00000   100%   117 15695s
 10229291 2109749    0.00000  145   45    1.00000    0.00000   100%   117 15701s
 10233295 2110385    0.00000  137   25    1.00000    0.00000   100%   117 15705s
 10236778 2111098    0.00000  154   56    1.00000    0.00000   100%   117 15710s
 10239768 2112830 infeasible  117         1.00000    0.00000   100%   117 15725s
 10250415 2113373 infeasible  156         1.00000    0.00000   100%   117 15730s
 10252909 2113780    0.00000  137  102    1.00000    0.00000   100%   117 15735s
 10256096 2114274    0.00000  127   29    1.00000    0.00000   100%   117 15740s
 10260017 2115156 infeasible  146         1.00000    0.00000   100%   117 15745s
 10264564 2115902 infeasible  137         1.00000    0.00000   100%   117 15750s
 10267355 2116306 infeasible  125         1.00000    0.00000   100%   117 15755s
 10270474 2117265 infeasible  135         1.00000    0.00000   100%   117 15760s
 10274051 2118039    0.00000  125  115    1.00000    0.00000   100%   117 15766s
 10278446 2119137    0.00000  117   19    1.00000    0.00000   100%   117 15771s
 10282487 2120136 infeasible  117         1.00000    0.00000   100%   117 15775s
 10283710 2121473 infeasible  159         1.00000    0.00000   100%   117 15795s
 10293538 2121755 infeasible  155         1.00000    0.00000   100%   117 15800s
 10295305 2122292    0.00000  134  128    1.00000    0.00000   100%   117 15805s
 10300538 2122940 infeasible  117         1.00000    0.00000   100%   117 15810s
 10303787 2123266    0.00000  129   41    1.00000    0.00000   100%   117 15815s
 10307383 2123900 infeasible  132         1.00000    0.00000   100%   117 15820s
 10311570 2124846 infeasible  127         1.00000    0.00000   100%   117 15825s
 10314730 2125636    0.00000  127   39    1.00000    0.00000   100%   117 15830s
 10318872 2126422    0.00000  121   85    1.00000    0.00000   100%   117 15835s
 10320897 2126725    0.00000  111   79    1.00000    0.00000   100%   117 15840s
 10324809 2127752 infeasible  122         1.00000    0.00000   100%   117 15845s
 10328103 2128482 infeasible  127         1.00000    0.00000   100%   117 15850s
 10331623 2128958    0.00000  139   84    1.00000    0.00000   100%   117 15855s
 10335993 2129525    0.00000  149  119    1.00000    0.00000   100%   117 15860s
 10339588 2129964    0.00000  107   17    1.00000    0.00000   100%   117 15865s
 10342229 2130429 infeasible  142         1.00000    0.00000   100%   117 15870s
 10346242 2131027 infeasible  155         1.00000    0.00000   100%   117 15875s
 10350347 2131779    0.00000  124   38    1.00000    0.00000   100%   117 15880s
 10354930 2132404    0.00000  108   43    1.00000    0.00000   100%   117 15886s
 10356907 2132797 infeasible  152         1.00000    0.00000   100%   117 15890s
 10359212 2134303    0.00000  144   77    1.00000    0.00000   100%   117 15912s
 10368759 2134913    0.00000  117   16    1.00000    0.00000   100%   117 15915s
 10370644 2135723    0.00000  127   38    1.00000    0.00000   100%   117 15921s
 10374505 2136703    0.00000  145   85    1.00000    0.00000   100%   117 15925s
 10377326 2137207    0.00000  127   20    1.00000    0.00000   100%   117 15930s
 10380874 2137682 infeasible  132         1.00000    0.00000   100%   117 15935s
 10383408 2138075    0.00000  120   37    1.00000    0.00000   100%   117 15941s
 10386738 2138597 infeasible  137         1.00000    0.00000   100%   117 15945s
 10390484 2139714 infeasible  142         1.00000    0.00000   100%   117 15950s
 10395111 2140946    0.00000  157   26    1.00000    0.00000   100%   117 15955s
 10398973 2141614    0.00000  121   45    1.00000    0.00000   100%   117 15960s
 10400867 2142110 infeasible  142         1.00000    0.00000   100%   117 15965s
 10404366 2142463    0.00000  133   64    1.00000    0.00000   100%   117 15970s
 10409208 2143299 infeasible  162         1.00000    0.00000   100%   117 15975s
 10412453 2143585 infeasible  138         1.00000    0.00000   100%   117 15980s
 10415119 2143973 infeasible  127         1.00000    0.00000   100%   117 15985s
 10419648 2144429    0.00000  121   42    1.00000    0.00000   100%   117 15990s
 10423858 2145069    0.00000  133   49    1.00000    0.00000   100%   117 15995s
 10427315 2145616    0.00000  129   49    1.00000    0.00000   100%   117 16000s
 10431265 2146348    0.00000  125   50    1.00000    0.00000   100%   117 16005s
 10433404 2146725    0.00000  113   64    1.00000    0.00000   100%   117 16010s
 10436200 2147066 infeasible  153         1.00000    0.00000   100%   117 16016s
 10436230 2147073    0.00000  123   27    1.00000    0.00000   100%   117 16020s
 10436251 2147077    0.00000  125   47    1.00000    0.00000   100%   117 16025s
 10438067 2147366    0.00000  117  105    1.00000    0.00000   100%   117 16030s
 10441247 2148126    0.00000  121   41    1.00000    0.00000   100%   117 16036s
 10445372 2148999    0.00000  127   10    1.00000    0.00000   100%   117 16040s
 10449033 2149786    0.00000  116   48    1.00000    0.00000   100%   117 16045s
 10451042 2150142 infeasible  117         1.00000    0.00000   100%   117 16050s
 10456016 2150873    0.00000  118   79    1.00000    0.00000   100%   117 16055s
 10458938 2151394    0.00000  117   24    1.00000    0.00000   100%   117 16060s
 10463742 2152208    0.00000  134   66    1.00000    0.00000   100%   117 16066s
 10465669 2152424 infeasible  126         1.00000    0.00000   100%   117 16071s
 10468834 2152862 infeasible  121         1.00000    0.00000   100%   117 16075s
 10473799 2153739    0.00000  122   89    1.00000    0.00000   100%   117 16080s
 10478288 2154443    0.00000  117   12    1.00000    0.00000   100%   117 16085s
 10482624 2155301 infeasible  127         1.00000    0.00000   100%   117 16090s
 10484739 2155729    0.00000  117   18    1.00000    0.00000   100%   117 16095s
 10488428 2156262    0.00000  115  103    1.00000    0.00000   100%   117 16100s
 10492301 2156816    0.00000  129   88    1.00000    0.00000   100%   117 16105s
 10496026 2157431 infeasible  137         1.00000    0.00000   100%   117 16110s
 10499898 2158065 infeasible  127         1.00000    0.00000   100%   117 16115s
 10501861 2158302    0.00000  136   56    1.00000    0.00000   100%   117 16120s
 10505714 2159036 infeasible  126         1.00000    0.00000   100%   117 16125s
 10509382 2159754    0.00000  117   17    1.00000    0.00000   100%   117 16130s
 10513725 2160572    0.00000  137   58    1.00000    0.00000   100%   117 16135s
 10518441 2161412    0.00000  127   22    1.00000    0.00000   100%   117 16140s
 10520874 2161764 infeasible  130         1.00000    0.00000   100%   117 16145s
 10525266 2162293    0.00000  130   48    1.00000    0.00000   100%   117 16151s
 10526936 2162318    0.00000  145   89    1.00000    0.00000   100%   117 16155s
 10526955 2162332    0.00000  147   51    1.00000    0.00000   100%   117 16161s
 10527572 2162451    0.00000  148   59    1.00000    0.00000   100%   117 16166s
 10529559 2162924    0.00000  147   12    1.00000    0.00000   100%   117 16170s
 10531654 2163259 infeasible  148         1.00000    0.00000   100%   117 16175s
 10535880 2163996 infeasible  147         1.00000    0.00000   100%   117 16180s
 10540630 2164730 infeasible  125         1.00000    0.00000   100%   117 16185s
 10545042 2165460    0.00000  150   80    1.00000    0.00000   100%   117 16190s
 10547764 2165941    0.00000  129   59    1.00000    0.00000   100%   117 16195s
 10550751 2167041    0.00000  136   62    1.00000    0.00000   100%   117 16200s
 10554353 2167623    0.00000  117   26    1.00000    0.00000   100%   117 16205s
 10558725 2168333    0.00000  116   58    1.00000    0.00000   100%   117 16210s
 10562413 2169140    0.00000  135   40    1.00000    0.00000   100%   117 16215s
 10565422 2169686    0.00000  138   42    1.00000    0.00000   100%   117 16220s
 10568886 2170125    0.00000  149   94    1.00000    0.00000   100%   117 16225s
 10572931 2170994    0.00000  106   59    1.00000    0.00000   100%   117 16230s
 10575815 2171597    0.00000  141   79    1.00000    0.00000   100%   117 16235s
 10578132 2172227    0.00000  131   85    1.00000    0.00000   100%   117 16240s
 10581031 2172478 infeasible  123         1.00000    0.00000   100%   117 16245s
 10584721 2173032    0.00000  131   81    1.00000    0.00000   100%   117 16250s
 10587068 2173415    0.00000  128   75    1.00000    0.00000   100%   117 16255s
 10590169 2173797 infeasible  122         1.00000    0.00000   100%   117 16260s
 10595062 2174433 infeasible  118         1.00000    0.00000   100%   117 16265s
 10598877 2175152 infeasible  142         1.00000    0.00000   100%   117 16270s
 10602051 2175914    0.00000  147   79    1.00000    0.00000   100%   117 16275s
 10605743 2176515    0.00000  115   38    1.00000    0.00000   100%   117 16281s
 10608790 2177054 infeasible  117         1.00000    0.00000   100%   117 16286s
 10612089 2177531    0.00000  117   18    1.00000    0.00000   100%   117 16291s
 10614049 2177803    0.00000  122   53    1.00000    0.00000   100%   117 16295s
 10617129 2178477    0.00000  117   23    1.00000    0.00000   100%   117 16300s
 10621094 2179034    0.00000  130   95    1.00000    0.00000   100%   117 16305s
 10624413 2179436    0.00000  145   62    1.00000    0.00000   100%   117 16312s
 10624427 2179438 infeasible  146         1.00000    0.00000   100%   117 16315s
 10624454 2179475    0.00000  120   41    1.00000    0.00000   100%   117 16320s
 10625120 2179550    0.00000  118   35    1.00000    0.00000   100%   117 16325s
 10628099 2180075 infeasible  133         1.00000    0.00000   100%   117 16330s
 10632947 2180800    0.00000  127   22    1.00000    0.00000   100%   117 16335s
 10635802 2181461 infeasible  137         1.00000    0.00000   100%   117 16340s
 10638814 2181940    0.00000  132   39    1.00000    0.00000   100%   117 16345s
 10642669 2182301    0.00000  144   69    1.00000    0.00000   100%   117 16350s
 10643728 2182624    0.00000  130   38    1.00000    0.00000   100%   117 16355s
 10648735 2183442    0.00000  136   48    1.00000    0.00000   100%   117 16360s
 10652882 2184052    0.00000  123   65    1.00000    0.00000   100%   117 16365s
 10656939 2184713    0.00000  127   74    1.00000    0.00000   100%   117 16371s
 10660789 2184974 infeasible  153         1.00000    0.00000   100%   117 16375s
 10663006 2185367    0.00000  134   76    1.00000    0.00000   100%   117 16381s
 10665870 2185755    0.00000  117   20    1.00000    0.00000   100%   117 16385s
 10669387 2186312 infeasible  136         1.00000    0.00000   100%   117 16390s
 10673175 2187296    0.00000  122   47    1.00000    0.00000   100%   117 16395s
 10677360 2188359    0.00000  111   52    1.00000    0.00000   100%   117 16400s
 10681855 2189017    0.00000  129   32    1.00000    0.00000   100%   117 16405s
 10685970 2189960 infeasible  125         1.00000    0.00000   100%   117 16411s
 10689258 2190760    0.00000  119   95    1.00000    0.00000   100%   117 16415s
 10691460 2191217    0.00000  102   90    1.00000    0.00000   100%   117 16420s
 10695397 2192129 infeasible  128         1.00000    0.00000   100%   117 16425s
 10699795 2192820    0.00000  116   37    1.00000    0.00000   100%   117 16430s
 10700460 2193020    0.00000  124   53    1.00000    0.00000   100%   117 16435s
 10704169 2193568    0.00000  124   57    1.00000    0.00000   100%   117 16440s
 10707382 2194087 infeasible  127         1.00000    0.00000   100%   117 16445s
 10711613 2195008 infeasible  124         1.00000    0.00000   100%   117 16451s
 10715248 2195697    0.00000  122   36    1.00000    0.00000   100%   117 16455s
 10717480 2195928    0.00000  116   38    1.00000    0.00000   100%   117 16460s
 10719321 2196206 infeasible  123         1.00000    0.00000   100%   117 16468s
 10719334 2196209 infeasible  130         1.00000    0.00000   100%   117 16470s
 10719426 2196293 infeasible  128         1.00000    0.00000   100%   117 16476s
 10720514 2196386    0.00000  117   30    1.00000    0.00000   100%   117 16481s
 10722554 2197140    0.00000  115   86    1.00000    0.00000   100%   117 16486s
 10726474 2197583    0.00000  154   44    1.00000    0.00000   100%   117 16490s
 10729627 2197874 infeasible  128         1.00000    0.00000   100%   117 16496s
 10732419 2198424 infeasible  131         1.00000    0.00000   100%   117 16500s
 10735871 2199204    0.00000  137   18    1.00000    0.00000   100%   117 16505s
 10740290 2199743    0.00000  133  102    1.00000    0.00000   100%   117 16510s
 10743216 2200322 infeasible  138         1.00000    0.00000   100%   117 16515s
 10746945 2200923    0.00000  147   26    1.00000    0.00000   100%   117 16520s
 10751048 2201667 infeasible  124         1.00000    0.00000   100%   117 16525s
 10754430 2202260    0.00000  118   31    1.00000    0.00000   100%   117 16530s
 10757904 2202988    0.00000  116    8    1.00000    0.00000   100%   117 16535s
 10762535 2203808    0.00000  152   34    1.00000    0.00000   100%   117 16540s
 10765176 2204213 infeasible  117         1.00000    0.00000   100%   117 16545s
 10768825 2204681    0.00000  117   92    1.00000    0.00000   100%   117 16550s
 10772770 2205156 infeasible  127         1.00000    0.00000   100%   117 16555s
 10777280 2205901 infeasible  147         1.00000    0.00000   100%   117 16560s
 10779388 2206453 infeasible  134         1.00000    0.00000   100%   117 16565s
 10783542 2207174 infeasible  127         1.00000    0.00000   100%   117 16570s
 10786964 2207668    0.00000  127    8    1.00000    0.00000   100%   117 16575s
 10790547 2208189    0.00000  124   89    1.00000    0.00000   100%   117 16580s
 10794877 2208867 infeasible  135         1.00000    0.00000   100%   117 16585s
 10797633 2209319    0.00000  127   49    1.00000    0.00000   100%   117 16590s
 10801112 2210168 infeasible  131         1.00000    0.00000   100%   117 16595s
 10805821 2210979 infeasible  130         1.00000    0.00000   100%   117 16600s
 10809934 2211608    0.00000  139   65    1.00000    0.00000   100%   117 16605s
 10812444 2212128    0.00000  118   47    1.00000    0.00000   100%   117 16610s
 10816433 2212931    0.00000  127   30    1.00000    0.00000   100%   117 16615s
 10820408 2213520 infeasible  129         1.00000    0.00000   100%   117 16621s
 10823441 2213807    0.00000  128   17    1.00000    0.00000   100%   117 16625s
 10823470 2213806 infeasible  128         1.00000    0.00000   100%   117 16630s
 10823514 2213857    0.00000  126   36    1.00000    0.00000   100%   117 16636s
 10823968 2214050    0.00000  117   28    1.00000    0.00000   100%   117 16640s
 10828477 2214624    0.00000  121   51    1.00000    0.00000   100%   117 16645s
 10832313 2214990    0.00000  133   70    1.00000    0.00000   100%   117 16650s
 10835292 2215486    0.00000  141   96    1.00000    0.00000   100%   117 16655s
 10838923 2215738    0.00000  125   79    1.00000    0.00000   100%   117 16660s
 10842068 2216201 infeasible  152         1.00000    0.00000   100%   117 16666s
 10846210 2216740 infeasible  125         1.00000    0.00000   100%   117 16670s
 10850226 2217116    0.00000  139   75    1.00000    0.00000   100%   117 16675s
 10852314 2217365    0.00000  123  103    1.00000    0.00000   100%   117 16680s
 10854674 2217898    0.00000  120   32    1.00000    0.00000   100%   117 16685s
 10857513 2218423 infeasible  125         1.00000    0.00000   100%   117 16690s
 10861406 2219197 infeasible  119         1.00000    0.00000   100%   117 16696s
 10863940 2219876    0.00000  137   27    1.00000    0.00000   100%   117 16700s
 10869855 2221003 infeasible  167         1.00000    0.00000   100%   117 16705s
 10872904 2221375    0.00000  117   13    1.00000    0.00000   100%   117 16710s
 10876222 2222147 infeasible  141         1.00000    0.00000   100%   117 16715s
 10879974 2222413    0.00000  138   44    1.00000    0.00000   100%   117 16721s
 10883997 2223147 infeasible  147         1.00000    0.00000   100%   117 16725s
 10888842 2223891    0.00000  139   44    1.00000    0.00000   100%   117 16730s
 10892322 2224129 infeasible  134         1.00000    0.00000   100%   117 16735s
 10895308 2224467 infeasible  143         1.00000    0.00000   100%   117 16740s
 10899473 2225455    0.00000  146   11    1.00000    0.00000   100%   117 16745s
 10901116 2225686    0.00000  131   61    1.00000    0.00000   100%   117 16750s
 10905500 2226433    0.00000  157   16    1.00000    0.00000   100%   117 16756s
 10909128 2227232    0.00000  138   26    1.00000    0.00000   100%   117 16760s
 10912782 2227855 infeasible  137         1.00000    0.00000   100%   117 16765s
 10915903 2228303    0.00000  136   38    1.00000    0.00000   100%   117 16770s
 10920084 2228645 infeasible  153         1.00000    0.00000   100%   117 16775s
 10923767 2229210    0.00000  119   89    1.00000    0.00000   100%   117 16780s
 10924898 2229217    0.00000  122   56    1.00000    0.00000   100%   117 16786s
 10924920 2229226    0.00000  123   51    1.00000    0.00000   100%   117 16790s
 10925256 2229397 infeasible  125         1.00000    0.00000   100%   117 16795s
 10926877 2229517 infeasible  125         1.00000    0.00000   100%   117 16800s
 10931204 2230077    0.00000  135   90    1.00000    0.00000   100%   117 16806s
 10934313 2230394 infeasible  132         1.00000    0.00000   100%   117 16810s
 10938019 2231143    0.00000  117   14    1.00000    0.00000   100%   117 16815s
 10941198 2231602    0.00000  139   41    1.00000    0.00000   100%   117 16821s
 10944810 2232115    0.00000  140   87    1.00000    0.00000   100%   117 16826s
 10948116 2232450    0.00000  133  134    1.00000    0.00000   100%   117 16830s
 10952573 2232997 infeasible  146         1.00000    0.00000   100%   117 16835s
 10956472 2233288    0.00000  139   57    1.00000    0.00000   100%   117 16840s
 10959419 2233780    0.00000  131  115    1.00000    0.00000   100%   117 16845s
 10962818 2234202 infeasible  137         1.00000    0.00000   100%   117 16850s
 10967066 2234739    0.00000  127   47    1.00000    0.00000   100%   117 16855s
 10970062 2235030    0.00000  141   77    1.00000    0.00000   100%   117 16860s
 10972766 2235739    0.00000  137   46    1.00000    0.00000   100%   117 16865s
 10976882 2236338 infeasible  137         1.00000    0.00000   100%   117 16870s
 10980769 2236996    0.00000  132   59    1.00000    0.00000   100%   117 16875s
 10985764 2237520    0.00000  141   60    1.00000    0.00000   100%   117 16880s
 10988159 2238023    0.00000  146   19    1.00000    0.00000   100%   117 16885s
 10992089 2238518    0.00000  104   46    1.00000    0.00000   100%   117 16890s
 10995229 2238957 infeasible  129         1.00000    0.00000   100%   117 16895s
 10999230 2239567 infeasible  169         1.00000    0.00000   100%   117 16900s
 11003442 2240154    0.00000  118   51    1.00000    0.00000   100%   117 16905s
 11006131 2240625 infeasible  155         1.00000    0.00000   100%   117 16911s
 11009244 2241092 infeasible  157         1.00000    0.00000   100%   117 16915s
 11013816 2241833    0.00000  132   38    1.00000    0.00000   100%   117 16920s
 11018188 2242731    0.00000  127   35    1.00000    0.00000   100%   117 16925s
 11020185 2243291    0.00000  125   47    1.00000    0.00000   100%   117 16930s
 11024782 2243765    0.00000  127   26    1.00000    0.00000   100%   117 16935s
 11025115 2243756    0.00000  125   45    1.00000    0.00000   100%   117 16940s
 11025151 2243813 infeasible  128         1.00000    0.00000   100%   117 16945s
 11028203 2244443 infeasible  147         1.00000    0.00000   100%   117 16950s
 11032137 2245071    0.00000  136   73    1.00000    0.00000   100%   117 16955s
 11036439 2245701    0.00000  133   56    1.00000    0.00000   100%   117 16960s
 11039023 2246673    0.00000  123   55    1.00000    0.00000   100%   117 16965s
 11044089 2248252    0.00000  133   40    1.00000    0.00000   100%   117 16970s
 11048515 2249080    0.00000  126   33    1.00000    0.00000   100%   117 16975s
 11052318 2250064    0.00000  143   63    1.00000    0.00000   100%   117 16980s
 11056563 2251147    0.00000  154   33    1.00000    0.00000   100%   117 16985s
 11059708 2251646 infeasible  147         1.00000    0.00000   100%   117 16990s
 11061706 2252165    0.00000  157   24    1.00000    0.00000   100%   117 16995s
 11066725 2253006    0.00000  146   12    1.00000    0.00000   100%   117 17000s
 11070838 2253821    0.00000  138   46    1.00000    0.00000   100%   117 17006s
 11073022 2254054    0.00000  141   44    1.00000    0.00000   100%   117 17010s
 11077020 2254779 infeasible  146         1.00000    0.00000   100%   117 17015s
 11082061 2255472 infeasible  153         1.00000    0.00000   100%   117 17020s
 11085626 2255795 infeasible  168         1.00000    0.00000   100%   117 17026s
 11087812 2256228 infeasible  119         1.00000    0.00000   100%   117 17030s
 11091478 2256808    0.00000  111   50    1.00000    0.00000   100%   117 17035s
 11096646 2257434 infeasible  126         1.00000    0.00000   100%   117 17040s
 11099902 2257732    0.00000  142   34    1.00000    0.00000   100%   117 17045s
 11103034 2258664 infeasible  147         1.00000    0.00000   100%   117 17050s
 11106897 2259129 infeasible  157         1.00000    0.00000   100%   117 17055s
 11111236 2259926    0.00000  148   57    1.00000    0.00000   100%   117 17060s
 11114690 2260581 infeasible  112         1.00000    0.00000   100%   117 17065s
 11114733 2260585 infeasible  112         1.00000    0.00000   100%   117 17072s
 11114746 2260588 infeasible  112         1.00000    0.00000   100%   117 17075s
 11114979 2260624    0.00000  148   89    1.00000    0.00000   100%   117 17080s
 11116090 2260894 infeasible  128         1.00000    0.00000   100%   117 17085s
 11119921 2261588 infeasible  147         1.00000    0.00000   100%   117 17090s
 11125419 2262163 infeasible  115         1.00000    0.00000   100%   117 17095s
 11127648 2262627 infeasible  157         1.00000    0.00000   100%   117 17100s
 11131273 2263160    0.00000  121   77    1.00000    0.00000   100%   117 17105s
 11135681 2263915    0.00000  121   58    1.00000    0.00000   100%   117 17110s
 11138708 2264599 infeasible  132         1.00000    0.00000   100%   117 17115s
 11142894 2265479    0.00000  137   33    1.00000    0.00000   100%   117 17120s
 11145202 2266218    0.00000  127   41    1.00000    0.00000   100%   117 17125s
 11150030 2267100    0.00000  126   17    1.00000    0.00000   100%   117 17131s
 11152680 2267388    0.00000  122   29    1.00000    0.00000   100%   117 17135s
 11157294 2268477 infeasible  122         1.00000    0.00000   100%   117 17140s
 11161090 2269132 infeasible  132         1.00000    0.00000   100%   117 17145s
 11162787 2270230    0.00000  118   36    1.00000    0.00000   100%   117 17159s
 11170787 2270352    0.00000  132   59    1.00000    0.00000   100%   117 17160s
 11175175 2271034    0.00000  123   45    1.00000    0.00000   100%   117 17165s
 11178817 2271563    0.00000  119   83    1.00000    0.00000   100%   117 17170s
 11182798 2271906    0.00000  140   84    1.00000    0.00000   100%   117 17175s
 11187046 2272748    0.00000  147   12    1.00000    0.00000   100%   117 17181s
 11191512 2273282 infeasible  147         1.00000    0.00000   100%   117 17185s
 11195213 2273743    0.00000  145   98    1.00000    0.00000   100%   117 17190s
 11200862 2274172    0.00000  147   32    1.00000    0.00000   100%   117 17195s
 11205405 2274545    0.00000  138   69    1.00000    0.00000   100%   117 17200s
 11211014 2274791    0.00000  142   31    1.00000    0.00000   100%   117 17205s
 11215331 2274955    0.00000  147   23    1.00000    0.00000   100%   117 17210s
 11217527 2275220    0.00000  147   48    1.00000    0.00000   100%   117 17216s
 11218787 2275259    0.00000  147   26    1.00000    0.00000   100%   117 17220s
 11222690 2275544    0.00000  141   63    1.00000    0.00000   100%   117 17225s
 11225438 2276067    0.00000  153   88    1.00000    0.00000   100%   117 17230s
 11229149 2276465 infeasible  133         1.00000    0.00000   100%   117 17235s
 11233756 2276907 infeasible  149         1.00000    0.00000   100%   117 17240s
 11237586 2277426 infeasible  149         1.00000    0.00000   100%   117 17245s
 11240984 2277928 infeasible  126         1.00000    0.00000   100%   117 17250s
 11244541 2278402    0.00000  155   78    1.00000    0.00000   100%   117 17255s
 11248302 2278926    0.00000  137   44    1.00000    0.00000   100%   117 17260s
 11250001 2279039    0.00000  150   40    1.00000    0.00000   100%   117 17266s
 11250617 2279171 infeasible  127         1.00000    0.00000   100%   117 17272s
 11250922 2279312    0.00000  139   62    1.00000    0.00000   100%   117 17275s
 11251593 2280396 infeasible  155         1.00000    0.00000   100%   117 17287s
 11260652 2280780 infeasible  157         1.00000    0.00000   100%   117 17290s
 11263869 2281027 infeasible  138         1.00000    0.00000   100%   117 17295s
 11266890 2281543    0.00000  147   31    1.00000    0.00000   100%   117 17300s
 11271374 2281993    0.00000  149   76    1.00000    0.00000   100%   117 17305s
 11274845 2282573 infeasible  137         1.00000    0.00000   100%   117 17310s
 11278380 2283536    0.00000  135   87    1.00000    0.00000   100%   117 17315s
 11281404 2284478    0.00000  141   33    1.00000    0.00000   100%   117 17320s
 11285616 2285405 infeasible  157         1.00000    0.00000   100%   117 17325s
 11289388 2286198    0.00000  147   61    1.00000    0.00000   100%   117 17330s
 11291942 2286791    0.00000  136   92    1.00000    0.00000   100%   117 17336s
 11295444 2287439    0.00000  147   82    1.00000    0.00000   100%   117 17340s
 11299940 2288106    0.00000  128   46    1.00000    0.00000   100%   117 17345s
 11303636 2288905 infeasible  136         1.00000    0.00000   100%   117 17350s
 11306228 2289538 infeasible  136         1.00000    0.00000   100%   117 17355s
 11311053 2290297    0.00000  137   24    1.00000    0.00000   100%   117 17361s
 11315550 2290674    0.00000  138   82    1.00000    0.00000   100%   117 17365s
 11317783 2291065    0.00000  138   31    1.00000    0.00000   100%   117 17370s
 11320939 2291490 infeasible  140         1.00000    0.00000   100%   117 17375s
 11322879 2291672    0.00000  148   84    1.00000    0.00000   100%   117 17381s
 11322900 2291676    0.00000  148   39    1.00000    0.00000   100%   117 17386s
 11322975 2291726    0.00000  148   39    1.00000    0.00000   100%   117 17391s
 11324284 2291969 infeasible  142         1.00000    0.00000   100%   117 17396s
 11328056 2292615    0.00000  140   72    1.00000    0.00000   100%   117 17400s
 11331805 2293226 infeasible  138         1.00000    0.00000   100%   117 17405s
 11335924 2293710    0.00000  144   79    1.00000    0.00000   100%   117 17410s
 11338163 2294498 infeasible  128         1.00000    0.00000   100%   117 17415s
 11342351 2295510    0.00000  143   36    1.00000    0.00000   100%   117 17420s
 11346524 2296083    0.00000  127   29    1.00000    0.00000   100%   117 17426s
 11349664 2296624 infeasible  133         1.00000    0.00000   100%   117 17430s
 11353683 2297197    0.00000  117   59    1.00000    0.00000   100%   117 17435s
 11355963 2297697    0.00000  130   60    1.00000    0.00000   100%   117 17441s
 11359781 2298195    0.00000  138   32    1.00000    0.00000   100%   117 17445s
 11364384 2298690 infeasible  145         1.00000    0.00000   100%   117 17450s
 11369002 2299028 infeasible  144         1.00000    0.00000   100%   117 17455s
 11372519 2299501    0.00000  137   19    1.00000    0.00000   100%   117 17460s
 11378193 2300053    0.00000  148   62    1.00000    0.00000   100%   117 17465s
 11381898 2300384    0.00000  147   36    1.00000    0.00000   100%   117 17470s
 11387098 2300650 infeasible  148         1.00000    0.00000   100%   117 17475s
 11391125 2300910    0.00000  138   22    1.00000    0.00000   100%   117 17480s
 11393928 2301090 infeasible  157         1.00000    0.00000   100%   117 17485s
 11399467 2301526 infeasible  145         1.00000    0.00000   100%   117 17490s
 11403041 2301976    0.00000  147   37    1.00000    0.00000   100%   117 17495s
 11407314 2302453 infeasible  142         1.00000    0.00000   100%   117 17500s
 11411285 2303045 infeasible  136         1.00000    0.00000   100%   117 17505s
 11413470 2303386    0.00000  137   10    1.00000    0.00000   100%   117 17510s
 11417759 2304069    0.00000  131   65    1.00000    0.00000   100%   117 17515s
 11421798 2304731    0.00000  147   22    1.00000    0.00000   100%   117 17520s
 11424562 2305167 infeasible  127         1.00000    0.00000   100%   117 17527s
 11426671 2305463 infeasible  133         1.00000    0.00000   100%   117 17530s
 11431114 2306274 infeasible  138         1.00000    0.00000   100%   117 17535s
 11433864 2306517    0.00000  139   24    1.00000    0.00000   100%   117 17541s
 11433882 2306524 infeasible  141         1.00000    0.00000   100%   117 17545s
 11433965 2306553    0.00000  142   29    1.00000    0.00000   100%   117 17550s
 11435189 2306924    0.00000  132   26    1.00000    0.00000   100%   117 17555s
 11437849 2307183    0.00000  145   41    1.00000    0.00000   100%   117 17560s
 11442846 2307984    0.00000  147   13    1.00000    0.00000   100%   117 17565s
 11447329 2308521 infeasible  123         1.00000    0.00000   100%   117 17570s
 11451162 2308812 infeasible  155         1.00000    0.00000   100%   117 17575s
 11454433 2309929    0.00000  118   30    1.00000    0.00000   100%   117 17580s
 11457852 2311270 infeasible  118         1.00000    0.00000   100%   117 17585s
 11461454 2312229 infeasible  116         1.00000    0.00000   100%   117 17590s
 11465590 2313131 infeasible  117         1.00000    0.00000   100%   117 17595s
 11469294 2314297 infeasible  117         1.00000    0.00000   100%   117 17600s
 11470994 2314493    0.00000  108   25    1.00000    0.00000   100%   117 17605s
 11473806 2315319 infeasible  117         1.00000    0.00000   100%   117 17610s
 11477814 2316119    0.00000  117   27    1.00000    0.00000   100%   117 17615s
 11481128 2316801 infeasible  127         1.00000    0.00000   100%   117 17620s
 11485266 2317692    0.00000  122   30    1.00000    0.00000   100%   117 17625s
 11488555 2318514 infeasible  117         1.00000    0.00000   100%   117 17630s
 11490867 2319304 infeasible  115         1.00000    0.00000   100%   117 17636s
 11494854 2319938 infeasible  122         1.00000    0.00000   100%   117 17640s
 11498257 2320740 infeasible  127         1.00000    0.00000   100%   117 17645s
 11500187 2321128    0.00000  121   53    1.00000    0.00000   100%   117 17650s
 11504205 2321954 infeasible  119         1.00000    0.00000   100%   117 17655s
 11508895 2322737    0.00000  127   38    1.00000    0.00000   100%   117 17660s
 11510478 2323376    0.00000  120   41    1.00000    0.00000   100%   117 17665s
 11515001 2324756 infeasible  110         1.00000    0.00000   100%   117 17670s
 11519038 2325625 infeasible  131         1.00000    0.00000   100%   117 17675s
 11521406 2326279    0.00000  125   50    1.00000    0.00000   100%   117 17680s
 11525168 2327136    0.00000  117   16    1.00000    0.00000   100%   117 17685s
 11529913 2328094    0.00000  101   45    1.00000    0.00000   100%   117 17690s
 11531870 2328330    0.00000  116   11    1.00000    0.00000   100%   117 17696s
 11531899 2328336    0.00000  117   51    1.00000    0.00000   100%   117 17702s
 11531912 2328341    0.00000  118   50    1.00000    0.00000   100%   117 17705s
 11532609 2328528 infeasible  106         1.00000    0.00000   100%   117 17711s
 11533566 2328719    0.00000  107   36    1.00000    0.00000   100%   117 17716s
 11536444 2329334    0.00000  107   22    1.00000    0.00000   100%   117 17721s
 11538987 2329840 infeasible  127         1.00000    0.00000   100%   117 17725s
 11544118 2330713    0.00000  116   72    1.00000    0.00000   100%   117 17731s
 11547883 2331262 infeasible  107         1.00000    0.00000   100%   117 17735s
 11549076 2331611 infeasible  113         1.00000    0.00000   100%   117 17740s
 11553891 2332491    0.00000  118   39    1.00000    0.00000   100%   117 17745s
 11557420 2333153 infeasible  119         1.00000    0.00000   100%   117 17750s
 11559112 2333455    0.00000  121   69    1.00000    0.00000   100%   117 17755s
 11563570 2334150 infeasible  114         1.00000    0.00000   100%   117 17761s
 11567266 2334856    0.00000  117   30    1.00000    0.00000   100%   117 17765s
 11570307 2335489 infeasible  127         1.00000    0.00000   100%   117 17770s
 11574531 2336105 infeasible  119         1.00000    0.00000   100%   117 17775s
 11577064 2336497    0.00000  109   53    1.00000    0.00000   100%   117 17780s
 11580181 2337265 infeasible  129         1.00000    0.00000   100%   117 17785s
 11584545 2338142    0.00000  116   28    1.00000    0.00000   100%   117 17790s
 11586405 2338503    0.00000  133   58    1.00000    0.00000   100%   117 17795s
 11588634 2339045 infeasible  127         1.00000    0.00000   100%   117 17800s
 11592767 2339831 infeasible  136         1.00000    0.00000   100%   117 17805s
 11596069 2340512 infeasible  140         1.00000    0.00000   100%   117 17810s
 11599973 2341070 infeasible  116         1.00000    0.00000   100%   117 17815s
 11601803 2341300    0.00000  117   45    1.00000    0.00000   100%   117 17820s
 11606157 2341947    0.00000  129   45    1.00000    0.00000   100%   117 17825s
 11610013 2342317    0.00000  158   54    1.00000    0.00000   100%   117 17830s
 11614847 2343018 infeasible  139         1.00000    0.00000   100%   117 17835s
 11617841 2343341 infeasible  137         1.00000    0.00000   100%   117 17840s
 11621922 2343792 infeasible  127         1.00000    0.00000   100%   117 17845s
 11625392 2344141    0.00000  132   57    1.00000    0.00000   100%   117 17850s
 11627712 2344475    0.00000  120   41    1.00000    0.00000   100%   117 17857s
 11627722 2344481    0.00000  121   41    1.00000    0.00000   100%   117 17860s
 11627751 2344477    0.00000  121   41    1.00000    0.00000   100%   117 17865s
 11627847 2344579    0.00000  129   89    1.00000    0.00000   100%   117 17870s
 11629626 2344987    0.00000  133   35    1.00000    0.00000   100%   117 17876s
 11633210 2345520 infeasible  137         1.00000    0.00000   100%   117 17880s
 11636677 2346043    0.00000  132   29    1.00000    0.00000   100%   117 17885s
 11641092 2346875 infeasible  152         1.00000    0.00000   100%   117 17890s
 11644893 2347239    0.00000  135   54    1.00000    0.00000   100%   117 17895s
 11649534 2347712    0.00000  140   36    1.00000    0.00000   100%   117 17900s
 11650855 2347858    0.00000  132   40    1.00000    0.00000   100%   117 17905s
 11655243 2348462 infeasible  147         1.00000    0.00000   100%   117 17910s
 11659194 2349054    0.00000  143   45    1.00000    0.00000   100%   117 17915s
 11663395 2349645    0.00000  137   19    1.00000    0.00000   100%   117 17920s
 11667478 2350045    0.00000  147   25    1.00000    0.00000   100%   117 17925s
 11669344 2350268    0.00000  149   95    1.00000    0.00000   100%   117 17930s
 11673452 2350980    0.00000  147   34    1.00000    0.00000   100%   117 17935s
 11678736 2351900    0.00000  155   49    1.00000    0.00000   100%   117 17940s
 11680910 2352216    0.00000  127   20    1.00000    0.00000   100%   117 17945s
 11684488 2352741    0.00000  127   57    1.00000    0.00000   100%   117 17950s
 11688810 2353178    0.00000  142   69    1.00000    0.00000   100%   117 17955s
 11693620 2353697    0.00000  135   51    1.00000    0.00000   100%   117 17960s
 11698476 2354354 infeasible  132         1.00000    0.00000   100%   117 17965s
 11700955 2354790 infeasible  145         1.00000    0.00000   100%   117 17970s
 11705122 2355489    0.00000  137   25    1.00000    0.00000   100%   117 17975s
 11709681 2356231 infeasible  159         1.00000    0.00000   100%   117 17980s
 11711510 2356558 infeasible  160         1.00000    0.00000   100%   117 17985s
 11715256 2357055    0.00000  145   62    1.00000    0.00000   100%   117 17990s
 11719692 2357604    0.00000  130   39    1.00000    0.00000   100%   117 17995s
 11723433 2358018 infeasible  146         1.00000    0.00000   100%   117 18000s

Cutting planes:
  Gomory: 1
  Implied bound: 3
  Projected implied bound: 21
  MIR: 11
  Flow cover: 39
  RLT: 9
  Relax-and-lift: 11
  BQP: 1

Explored 11724096 nodes (1371989341 simplex iterations) in 18000.02 seconds (41661.16 work units)
Thread count was 8 (of 192 available processors)

Solution count 8: 1 2 3 ... 10

Time limit reached
Best objective 1.000000000000e+00, best bound 0.000000000000e+00, gap 100.0000%

User-callback calls 5105186, time in user-callback 4.12 sec

Remaining value of each indicator
obj_rho = 135
obj_lambda = 1
obj_phi = 1
✅ Solution trouvée (status: TIME_LIMIT)
🎯 Objective global: 1.0
⏱️ Time used: 18000.02

✈️ Paths for each aircraft:
🛩️ Aircraft N121 path (48 nodes): s_(u=0.0, v=0.0, w=0.0) ➡️  N121_(u=5890.0, v=77.0, w=11.0) ➡️  MLX_ESB_31920_31995_(u=5965.0, v=78.0, w=12.0) ➡️  ESB_ADB_32490_32570_(u=80.0, v=1.0, w=1.0) ➡️  ADB_ESB_32605_32680_(u=155.0, v=2.0, w=1.0) ➡️  ESB_ECN_32865_32935_(u=225.0, v=3.0, w=1.0) ➡️  ECN_ESB_33360_33430_(u=295.0, v=4.0, w=2.0) ➡️  ESB_AJI_33490_33585_(u=390.0, v=5.0, w=2.0) ➡️  AJI_ESB_33620_33725_(u=495.0, v=6.0, w=2.0) ➡️  ESB_ERC_33810_33890_(u=575.0, v=7.0, w=2.0) ➡️  ERC_ESB_33925_34005_(u=655.0, v=8.0, w=2.0) ➡️  ESB_YEI_34315_34375_(u=715.0, v=9.0, w=2.0) ➡️  YEI_ESB_34800_34860_(u=775.0, v=10.0, w=3.0) ➡️  ESB_BAL_34945_35035_(u=865.0, v=11.0, w=3.0) ➡️  BAL_ESB_35070_35165_(u=960.0, v=12.0, w=3.0) ➡️  ESB_ERC_35250_35330_(u=1040.0, v=13.0, w=3.0) ➡️  ERC_ESB_35365_35445_(u=1120.0, v=14.0, w=3.0) ➡️  ESB_GNY_35500_35575_(u=1195.0, v=15.0, w=3.0) ➡️  GNY_ESB_35610_35690_(u=1275.0, v=16.0, w=3.0) ➡️  ESB_HTY_35750_35830_(u=1355.0, v=17.0, w=3.0) ➡️  HTY_ESB_36240_36315_(u=1430.0, v=18.0, w=4.0) ➡️  ESB_BAL_36385_36475_(u=1520.0, v=19.0, w=4.0) ➡️  BAL_ESB_36510_36605_(u=1615.0, v=20.0, w=4.0) ➡️  ESB_ERC_36690_36770_(u=1695.0, v=21.0, w=4.0) ➡️  ERC_ESB_36805_36885_(u=1775.0, v=22.0, w=4.0) ➡️  ESB_GNY_36940_37015_(u=1850.0, v=23.0, w=4.0) ➡️  GNY_ESB_37050_37130_(u=1930.0, v=24.0, w=4.0) ➡️  ESB_MLX_37180_37255_(u=2005.0, v=25.0, w=4.0) ➡️  MLX_ESB_37680_37755_(u=2080.0, v=26.0, w=5.0) ➡️  ESB_BAL_37825_37915_(u=2170.0, v=27.0, w=5.0) ➡️  BAL_ESB_37950_38045_(u=2265.0, v=28.0, w=5.0) ➡️  ESB_MQM_38090_38185_(u=2360.0, v=29.0, w=5.0) ➡️  MQM_ESB_38220_38315_(u=2455.0, v=30.0, w=5.0) ➡️  ESB_GNY_38380_38455_(u=2530.0, v=31.0, w=5.0) ➡️  GNY_ESB_38490_38570_(u=2610.0, v=32.0, w=5.0) ➡️  ESB_MLX_38620_38695_(u=2685.0, v=33.0, w=5.0) ➡️  MLX_ESB_39120_39195_(u=2760.0, v=34.0, w=6.0) ➡️  ESB_EZS_39555_39630_(u=2835.0, v=35.0, w=6.0) ➡️  EZS_ESB_39665_39745_(u=2915.0, v=36.0, w=6.0) ➡️  ESB_SZF_39860_39920_(u=2975.0, v=37.0, w=6.0) ➡️  SZF_ESB_39955_40015_(u=3035.0, v=38.0, w=6.0) ➡️  ESB_HTY_40070_40150_(u=3115.0, v=39.0, w=6.0) ➡️  HTY_ESB_40560_40635_(u=3190.0, v=40.0, w=7.0) ➡️  ESB_TZX_40680_40760_(u=3270.0, v=41.0, w=7.0) ➡️  TZX_ESB_40795_40875_(u=3350.0, v=42.0, w=7.0) ➡️  ESB_SAW_40920_40980_(u=3410.0, v=43.0, w=7.0) ➡️  SAW_AYT_41025_41090_(u=3475.0, v=44.0, w=7.0) ➡️  AYT_SAW_41130_41195_(u=3540.0, v=45.0, w=7.0) ➡️  SAW_ADB_41250_41310_(u=3600.0, v=46.0, w=7.0) ➡️  ADB_SAW_41345_41405_(u=3660.0, v=47.0, w=7.0) ➡️  t_(u=0.0, v=0.0, w=0.0)

🛩️ Aircraft N122 path (33 nodes): s_(u=0.0, v=0.0, w=0.0) ➡️  N122_(u=5135.0, v=67.0, w=10.0) ➡️  SAW_TZX_32145_32245_(u=5235.0, v=68.0, w=10.0) ➡️  TZX_SAW_32280_32385_(u=5340.0, v=69.0, w=10.0) ➡️  SAW_ESB_32520_32580_(u=5400.0, v=70.0, w=10.0) ➡️  ESB_GNY_32620_32695_(u=5475.0, v=71.0, w=10.0) ➡️  GNY_ESB_32730_32810_(u=5555.0, v=72.0, w=10.0) ➡️  ESB_ADB_33930_34010_(u=5635.0, v=73.0, w=11.0) ➡️  ADB_ESB_34045_34120_(u=5710.0, v=74.0, w=11.0) ➡️  ESB_AYT_35100_35165_(u=5775.0, v=75.0, w=12.0) ➡️  AYT_ESB_35200_35265_(u=5840.0, v=76.0, w=12.0) ➡️  ESB_ADB_35370_35450_(u=5920.0, v=77.0, w=12.0) ➡️  ADB_ESB_35485_35560_(u=5995.0, v=78.0, w=12.0) ➡️  ESB_SAW_36360_36420_(u=60.0, v=1.0, w=1.0) ➡️  SAW_ESB_36480_36540_(u=120.0, v=2.0, w=1.0) ➡️  ESB_SAW_36600_36660_(u=180.0, v=3.0, w=1.0) ➡️  SAW_AYT_36705_36770_(u=245.0, v=4.0, w=1.0) ➡️  AYT_SAW_36810_36875_(u=310.0, v=5.0, w=1.0) ➡️  SAW_ASR_36975_37060_(u=395.0, v=6.0, w=1.0) ➡️  ASR_SAW_37095_37185_(u=485.0, v=7.0, w=1.0) ➡️  SAW_ESB_37740_37800_(u=545.0, v=8.0, w=2.0) ➡️  ESB_VAN_37885_37980_(u=640.0, v=9.0, w=2.0) ➡️  VAN_ESB_38015_38120_(u=745.0, v=10.0, w=2.0) ➡️  ESB_SAW_38160_38220_(u=805.0, v=11.0, w=2.0) ➡️  SAW_ASR_38415_38500_(u=890.0, v=12.0, w=2.0) ➡️  ASR_SAW_38535_38625_(u=980.0, v=13.0, w=2.0) ➡️  SAW_ADB_39120_39180_(u=1040.0, v=14.0, w=3.0) ➡️  ADB_SAW_39215_39275_(u=1100.0, v=15.0, w=3.0) ➡️  SAW_NAJ_39350_39490_(u=1240.0, v=16.0, w=3.0) ➡️  NAJ_SAW_39555_39710_(u=1395.0, v=17.0, w=3.0) ➡️  SAW_ESB_40800_40860_(u=1455.0, v=18.0, w=4.0) ➡️  ESB_MQM_40970_41065_(u=1550.0, v=19.0, w=4.0) ➡️  MQM_ESB_41100_41195_(u=1645.0, v=20.0, w=4.0) ➡️  ESB_SZF_41300_41360_(u=1705.0, v=21.0, w=4.0) ➡️  SZF_ESB_41395_41455_(u=1765.0, v=22.0, w=4.0) ➡️  t_(u=0.0, v=0.0, w=0.0)

🛩️ Aircraft N123 path (37 nodes): s_(u=0.0, v=0.0, w=0.0) ➡️  N123_(u=5050.0, v=66.0, w=10.0) ➡️  ESB_SAW_32040_32100_(u=5110.0, v=67.0, w=10.0) ➡️  SAW_VAS_32370_32450_(u=5190.0, v=68.0, w=10.0) ➡️  VAS_SAW_32485_32565_(u=5270.0, v=69.0, w=10.0) ➡️  SAW_KYA_32670_32740_(u=5340.0, v=70.0, w=10.0) ➡️  KYA_SAW_32775_32845_(u=5410.0, v=71.0, w=10.0) ➡️  SAW_VAS_33810_33890_(u=5490.0, v=72.0, w=11.0) ➡️  VAS_SAW_33925_34005_(u=5570.0, v=73.0, w=11.0) ➡️  SAW_NAJ_35030_35170_(u=5710.0, v=74.0, w=12.0) ➡️  NAJ_SAW_35235_35390_(u=5865.0, v=75.0, w=12.0) ➡️  SAW_ADB_35490_35550_(u=5925.0, v=76.0, w=12.0) ➡️  ADB_SAW_35585_35645_(u=5985.0, v=77.0, w=12.0) ➡️  SAW_ADB_36240_36300_(u=60.0, v=1.0, w=1.0) ➡️  ADB_SAW_36335_36395_(u=120.0, v=2.0, w=1.0) ➡️  SAW_VAS_36690_36770_(u=200.0, v=3.0, w=1.0) ➡️  VAS_SAW_36805_36885_(u=280.0, v=4.0, w=1.0) ➡️  SAW_KYA_36990_37060_(u=350.0, v=5.0, w=1.0) ➡️  KYA_SAW_37095_37165_(u=420.0, v=6.0, w=1.0) ➡️  SAW_ESB_37920_37980_(u=480.0, v=7.0, w=2.0) ➡️  ESB_ERC_38130_38210_(u=560.0, v=8.0, w=2.0) ➡️  ERC_ESB_38245_38325_(u=640.0, v=9.0, w=2.0) ➡️  ESB_ADA_38400_38460_(u=700.0, v=10.0, w=2.0) ➡️  ADA_ESB_38500_38565_(u=765.0, v=11.0, w=2.0) ➡️  ESB_ECN_38625_38695_(u=835.0, v=12.0, w=2.0) ➡️  ECN_ESB_39120_39190_(u=905.0, v=13.0, w=3.0) ➡️  ESB_TZX_39240_39320_(u=985.0, v=14.0, w=3.0) ➡️  TZX_ESB_39355_39435_(u=1065.0, v=15.0, w=3.0) ➡️  ESB_SAW_39480_39540_(u=1125.0, v=16.0, w=3.0) ➡️  SAW_AYT_39585_39650_(u=1190.0, v=17.0, w=3.0) ➡️  AYT_SAW_39690_39755_(u=1255.0, v=18.0, w=3.0) ➡️  SAW_ASR_39855_39940_(u=1340.0, v=19.0, w=3.0) ➡️  ASR_SAW_39975_40065_(u=1430.0, v=20.0, w=3.0) ➡️  SAW_ADB_40560_40620_(u=1490.0, v=21.0, w=4.0) ➡️  ADB_SAW_40655_40715_(u=1550.0, v=22.0, w=4.0) ➡️  SAW_TZX_40785_40885_(u=1650.0, v=23.0, w=4.0) ➡️  TZX_SAW_40920_41025_(u=1755.0, v=24.0, w=4.0) ➡️  SAW_KYA_41310_41380_(u=1825.0, v=25.0, w=4.0) ➡️  KYA_SAW_41415_41485_(u=1895.0, v=26.0, w=4.0) ➡️  t_(u=0.0, v=0.0, w=0.0)

🛩️ Aircraft N124 path (44 nodes): s_(u=0.0, v=0.0, w=0.0) ➡️  N124_(u=4455.0, v=58.0, w=9.0) ➡️  HTY_ESB_31920_31995_(u=4530.0, v=59.0, w=9.0) ➡️  ESB_AJI_32050_32145_(u=4625.0, v=60.0, w=9.0) ➡️  AJI_ESB_32180_32285_(u=4730.0, v=61.0, w=9.0) ➡️  ESB_ECN_32340_32410_(u=4800.0, v=62.0, w=9.0) ➡️  ECN_HTY_32520_32585_(u=4865.0, v=63.0, w=9.0) ➡️  HTY_ECN_32625_32690_(u=4930.0, v=64.0, w=9.0) ➡️  ECN_ESB_32735_32805_(u=5000.0, v=65.0, w=9.0) ➡️  ESB_MLX_32860_32935_(u=5075.0, v=66.0, w=9.0) ➡️  MLX_ESB_33360_33435_(u=5150.0, v=67.0, w=10.0) ➡️  ESB_SAW_33480_33540_(u=5210.0, v=68.0, w=10.0) ➡️  SAW_TZX_33585_33685_(u=5310.0, v=69.0, w=10.0) ➡️  TZX_SAW_33720_33825_(u=5415.0, v=70.0, w=10.0) ➡️  SAW_ADB_34050_34110_(u=5475.0, v=71.0, w=10.0) ➡️  ADB_SAW_34145_34205_(u=5535.0, v=72.0, w=10.0) ➡️  SAW_ESB_34860_34920_(u=5595.0, v=73.0, w=11.0) ➡️  ESB_VAN_35005_35100_(u=5690.0, v=74.0, w=11.0) ➡️  VAN_ESB_35135_35240_(u=5795.0, v=75.0, w=11.0) ➡️  ESB_SAW_35280_35340_(u=5855.0, v=76.0, w=11.0) ➡️  SAW_KYA_35550_35620_(u=5925.0, v=77.0, w=11.0) ➡️  KYA_SAW_35655_35725_(u=5995.0, v=78.0, w=11.0) ➡️  SAW_TZX_36465_36565_(u=100.0, v=1.0, w=1.0) ➡️  TZX_SAW_36600_36705_(u=205.0, v=2.0, w=1.0) ➡️  SAW_ADB_36930_36990_(u=265.0, v=3.0, w=1.0) ➡️  ADB_SAW_37025_37085_(u=325.0, v=4.0, w=1.0) ➡️  SAW_ADB_37680_37740_(u=385.0, v=5.0, w=2.0) ➡️  ADB_SAW_37775_37835_(u=445.0, v=6.0, w=2.0) ➡️  SAW_VAS_38130_38210_(u=525.0, v=7.0, w=2.0) ➡️  VAS_SAW_38245_38325_(u=605.0, v=8.0, w=2.0) ➡️  SAW_KYA_38430_38500_(u=675.0, v=9.0, w=2.0) ➡️  KYA_SAW_38535_38605_(u=745.0, v=10.0, w=2.0) ➡️  SAW_TZX_39345_39445_(u=845.0, v=11.0, w=3.0) ➡️  TZX_SAW_39480_39585_(u=950.0, v=12.0, w=3.0) ➡️  SAW_ESB_39720_39780_(u=1010.0, v=13.0, w=3.0) ➡️  ESB_GNY_39820_39895_(u=1085.0, v=14.0, w=3.0) ➡️  GNY_ESB_39930_40010_(u=1165.0, v=15.0, w=3.0) ➡️  ESB_MLX_40060_40135_(u=1240.0, v=16.0, w=3.0) ➡️  MLX_ESB_40560_40635_(u=1315.0, v=17.0, w=4.0) ➡️  ESB_VAN_40765_40860_(u=1410.0, v=18.0, w=4.0) ➡️  VAN_ESB_40895_41000_(u=1515.0, v=19.0, w=4.0) ➡️  ESB_SAW_41040_41100_(u=1575.0, v=20.0, w=4.0) ➡️  SAW_ESB_41160_41220_(u=1635.0, v=21.0, w=4.0) ➡️  ESB_GNY_41260_41335_(u=1710.0, v=22.0, w=4.0) ➡️  GNY_ESB_41370_41450_(u=1790.0, v=23.0, w=4.0) ➡️  ESB_HTY_41510_41590_(u=1870.0, v=24.0, w=4.0) ➡️  t_(u=0.0, v=0.0, w=0.0)

🛩️ Aircraft N125 path (36 nodes): s_(u=0.0, v=0.0, w=0.0) ➡️  N125_(u=3625.0, v=47.0, w=7.0) ➡️  ECN_ESB_31920_31990_(u=3695.0, v=48.0, w=7.0) ➡️  ESB_BAL_32065_32155_(u=3785.0, v=49.0, w=7.0) ➡️  BAL_ESB_32190_32285_(u=3880.0, v=50.0, w=7.0) ➡️  ESB_ERC_32370_32450_(u=3960.0, v=51.0, w=7.0) ➡️  ERC_ESB_32485_32565_(u=4040.0, v=52.0, w=7.0) ➡️  ESB_ADA_32640_32700_(u=4100.0, v=53.0, w=7.0) ➡️  ADA_ESB_32740_32805_(u=4165.0, v=54.0, w=7.0) ➡️  ESB_YEI_32875_32935_(u=4225.0, v=55.0, w=7.0) ➡️  YEI_ESB_33360_33420_(u=4285.0, v=56.0, w=8.0) ➡️  ESB_BAL_33505_33595_(u=4375.0, v=57.0, w=8.0) ➡️  BAL_ESB_33630_33725_(u=4470.0, v=58.0, w=8.0) ➡️  ESB_SZF_34100_34160_(u=4530.0, v=59.0, w=8.0) ➡️  SZF_ESB_34195_34255_(u=4590.0, v=60.0, w=8.0) ➡️  ESB_MLX_34300_34375_(u=4665.0, v=61.0, w=8.0) ➡️  MLX_ESB_34800_34875_(u=4740.0, v=62.0, w=9.0) ➡️  ESB_TZX_34920_35000_(u=4820.0, v=63.0, w=9.0) ➡️  TZX_ESB_35035_35115_(u=4900.0, v=64.0, w=9.0) ➡️  ESB_SAW_35160_35220_(u=4960.0, v=65.0, w=9.0) ➡️  SAW_AYT_35265_35330_(u=5025.0, v=66.0, w=9.0) ➡️  AYT_SAW_35370_35435_(u=5090.0, v=67.0, w=9.0) ➡️  SAW_ASR_35535_35620_(u=5175.0, v=68.0, w=9.0) ➡️  ASR_SAW_35655_35745_(u=5265.0, v=69.0, w=9.0) ➡️  SAW_ESB_36300_36360_(u=5325.0, v=70.0, w=10.0) ➡️  ESB_ADB_36810_36890_(u=5405.0, v=71.0, w=10.0) ➡️  ADB_ESB_36925_37000_(u=5480.0, v=72.0, w=10.0) ➡️  ESB_AYT_37980_38045_(u=5545.0, v=73.0, w=11.0) ➡️  AYT_ESB_38080_38145_(u=5610.0, v=74.0, w=11.0) ➡️  ESB_ADB_38250_38330_(u=5690.0, v=75.0, w=11.0) ➡️  ADB_ESB_38365_38440_(u=5765.0, v=76.0, w=11.0) ➡️  ESB_ERC_39570_39650_(u=5845.0, v=77.0, w=12.0) ➡️  ERC_ESB_39685_39765_(u=5925.0, v=78.0, w=12.0) ➡️  ESB_AYT_40860_40925_(u=65.0, v=1.0, w=1.0) ➡️  AYT_ESB_40960_41025_(u=130.0, v=2.0, w=1.0) ➡️  ESB_ADB_41130_41210_(u=210.0, v=3.0, w=1.0) ➡️  ADB_ESB_41245_41320_(u=285.0, v=4.0, w=1.0) ➡️  ESB_MLX_41500_41575_(u=360.0, v=5.0, w=1.0) ➡️  t_(u=0.0, v=0.0, w=0.0)

🛩️ Aircraft N126 path (54 nodes): s_(u=0.0, v=0.0, w=0.0) ➡️  N126_(u=0.0, v=0.0, w=1.0) ➡️  SAW_ESB_31980_32040_(u=60.0, v=1.0, w=1.0) ➡️  ESB_VAN_32125_32220_(u=155.0, v=2.0, w=1.0) ➡️  VAN_ESB_32255_32360_(u=260.0, v=3.0, w=1.0) ➡️  ESB_SAW_32400_32460_(u=320.0, v=4.0, w=1.0) ➡️  SAW_ADB_32610_32670_(u=380.0, v=5.0, w=1.0) ➡️  ADB_SAW_32705_32765_(u=440.0, v=6.0, w=1.0) ➡️  SAW_ESB_33420_33480_(u=500.0, v=7.0, w=2.0) ➡️  ESB_VAN_33565_33660_(u=595.0, v=8.0, w=2.0) ➡️  VAN_ESB_33695_33800_(u=700.0, v=9.0, w=2.0) ➡️  ESB_SAW_33840_33900_(u=760.0, v=10.0, w=2.0) ➡️  SAW_ESB_33960_34020_(u=820.0, v=11.0, w=2.0) ➡️  ESB_GNY_34060_34135_(u=895.0, v=12.0, w=2.0) ➡️  GNY_ESB_34170_34250_(u=975.0, v=13.0, w=2.0) ➡️  ESB_ECN_34305_34375_(u=1045.0, v=14.0, w=2.0) ➡️  ECN_ESB_34800_34870_(u=1115.0, v=15.0, w=3.0) ➡️  ESB_AJI_34930_35025_(u=1210.0, v=16.0, w=3.0) ➡️  AJI_ESB_35060_35165_(u=1315.0, v=17.0, w=3.0) ➡️  ESB_ECN_35220_35290_(u=1385.0, v=18.0, w=3.0) ➡️  ECN_HTY_35400_35465_(u=1450.0, v=19.0, w=3.0) ➡️  HTY_ECN_35505_35570_(u=1515.0, v=20.0, w=3.0) ➡️  ECN_ESB_35615_35685_(u=1585.0, v=21.0, w=3.0) ➡️  ESB_YEI_35755_35815_(u=1645.0, v=22.0, w=3.0) ➡️  YEI_ESB_36240_36300_(u=1705.0, v=23.0, w=4.0) ➡️  ESB_TZX_36360_36440_(u=1785.0, v=24.0, w=4.0) ➡️  TZX_ESB_36475_36555_(u=1865.0, v=25.0, w=4.0) ➡️  ESB_ECN_36660_36730_(u=1935.0, v=26.0, w=4.0) ➡️  ECN_HTY_36840_36905_(u=2000.0, v=27.0, w=4.0) ➡️  HTY_ECN_36945_37010_(u=2065.0, v=28.0, w=4.0) ➡️  ECN_ESB_37055_37125_(u=2135.0, v=29.0, w=4.0) ➡️  ESB_ECN_37185_37255_(u=2205.0, v=30.0, w=4.0) ➡️  ECN_ESB_37680_37750_(u=2275.0, v=31.0, w=5.0) ➡️  ESB_AJI_37810_37905_(u=2370.0, v=32.0, w=5.0) ➡️  AJI_ESB_37940_38045_(u=2475.0, v=33.0, w=5.0) ➡️  ESB_ECN_38100_38170_(u=2545.0, v=34.0, w=5.0) ➡️  ECN_HTY_38280_38345_(u=2610.0, v=35.0, w=5.0) ➡️  HTY_ECN_38385_38450_(u=2675.0, v=36.0, w=5.0) ➡️  ECN_ESB_38495_38565_(u=2745.0, v=37.0, w=5.0) ➡️  ESB_YEI_38635_38695_(u=2805.0, v=38.0, w=5.0) ➡️  YEI_ESB_39120_39180_(u=2865.0, v=39.0, w=6.0) ➡️  ESB_BAL_39265_39355_(u=2955.0, v=40.0, w=6.0) ➡️  BAL_ESB_39390_39485_(u=3050.0, v=41.0, w=6.0) ➡️  ESB_MQM_39530_39625_(u=3145.0, v=42.0, w=6.0) ➡️  MQM_ESB_39660_39755_(u=3240.0, v=43.0, w=6.0) ➡️  ESB_ADA_39840_39900_(u=3300.0, v=44.0, w=6.0) ➡️  ADA_ESB_39940_40005_(u=3365.0, v=45.0, w=6.0) ➡️  ESB_YEI_40075_40135_(u=3425.0, v=46.0, w=6.0) ➡️  YEI_ESB_40560_40620_(u=3485.0, v=47.0, w=7.0) ➡️  ESB_AJI_40690_40785_(u=3580.0, v=48.0, w=7.0) ➡️  AJI_ESB_40820_40925_(u=3685.0, v=49.0, w=7.0) ➡️  ESB_ECN_40980_41050_(u=3755.0, v=50.0, w=7.0) ➡️  ECN_HTY_41160_41225_(u=3820.0, v=51.0, w=7.0) ➡️  HTY_ECN_41265_41330_(u=3885.0, v=52.0, w=7.0) ➡️  ECN_ESB_41375_41445_(u=3955.0, v=53.0, w=7.0) ➡️  ESB_YEI_41515_41575_(u=4015.0, v=54.0, w=7.0) ➡️  t_(u=0.0, v=0.0, w=0.0)

🛩️ Aircraft N127 path (48 nodes): s_(u=0.0, v=0.0, w=0.0) ➡️  N127_(u=0.0, v=0.0, w=1.0) ➡️  YEI_ESB_31920_31980_(u=60.0, v=1.0, w=1.0) ➡️  ESB_TZX_32040_32120_(u=140.0, v=2.0, w=1.0) ➡️  TZX_ESB_32155_32235_(u=220.0, v=3.0, w=1.0) ➡️  ESB_MQM_32330_32425_(u=315.0, v=4.0, w=1.0) ➡️  MQM_ESB_32460_32555_(u=410.0, v=5.0, w=1.0) ➡️  ESB_SZF_32660_32720_(u=470.0, v=6.0, w=1.0) ➡️  SZF_ESB_32755_32815_(u=530.0, v=7.0, w=1.0) ➡️  ESB_HTY_32870_32950_(u=610.0, v=8.0, w=1.0) ➡️  HTY_ESB_33360_33435_(u=685.0, v=9.0, w=2.0) ➡️  ESB_TZX_33480_33560_(u=765.0, v=10.0, w=2.0) ➡️  TZX_ESB_33595_33675_(u=845.0, v=11.0, w=2.0) ➡️  ESB_MQM_33770_33865_(u=940.0, v=12.0, w=2.0) ➡️  MQM_ESB_33900_33995_(u=1035.0, v=13.0, w=2.0) ➡️  ESB_ADA_34080_34140_(u=1095.0, v=14.0, w=2.0) ➡️  ADA_ESB_34180_34245_(u=1160.0, v=15.0, w=2.0) ➡️  ESB_HTY_34310_34390_(u=1240.0, v=16.0, w=2.0) ➡️  HTY_ESB_34800_34875_(u=1315.0, v=17.0, w=3.0) ➡️  ESB_SAW_34920_34980_(u=1375.0, v=18.0, w=3.0) ➡️  SAW_TZX_35025_35125_(u=1475.0, v=19.0, w=3.0) ➡️  TZX_SAW_35160_35265_(u=1580.0, v=20.0, w=3.0) ➡️  SAW_ESB_35400_35460_(u=1640.0, v=21.0, w=3.0) ➡️  ESB_ADA_35520_35580_(u=1700.0, v=22.0, w=3.0) ➡️  ADA_ESB_35620_35685_(u=1765.0, v=23.0, w=3.0) ➡️  ESB_ECN_35745_35815_(u=1835.0, v=24.0, w=3.0) ➡️  ECN_ESB_36240_36310_(u=1905.0, v=25.0, w=4.0) ➡️  ESB_VAN_36445_36540_(u=2000.0, v=26.0, w=4.0) ➡️  VAN_ESB_36575_36680_(u=2105.0, v=27.0, w=4.0) ➡️  ESB_SAW_36720_36780_(u=2165.0, v=28.0, w=4.0) ➡️  SAW_ESB_36840_36900_(u=2225.0, v=29.0, w=4.0) ➡️  ESB_SZF_36980_37040_(u=2285.0, v=30.0, w=4.0) ➡️  SZF_ESB_37075_37135_(u=2345.0, v=31.0, w=4.0) ➡️  ESB_HTY_37190_37270_(u=2425.0, v=32.0, w=4.0) ➡️  HTY_ESB_37680_37755_(u=2500.0, v=33.0, w=5.0) ➡️  ESB_TZX_37800_37880_(u=2580.0, v=34.0, w=5.0) ➡️  TZX_ESB_37915_37995_(u=2660.0, v=35.0, w=5.0) ➡️  ESB_SAW_38040_38100_(u=2720.0, v=36.0, w=5.0) ➡️  SAW_AYT_38145_38210_(u=2785.0, v=37.0, w=5.0) ➡️  AYT_SAW_38250_38315_(u=2850.0, v=38.0, w=5.0) ➡️  SAW_ADB_38370_38430_(u=2910.0, v=39.0, w=5.0) ➡️  ADB_SAW_38465_38525_(u=2970.0, v=40.0, w=5.0) ➡️  SAW_ESB_39360_39420_(u=3030.0, v=41.0, w=6.0) ➡️  ESB_SAW_39600_39660_(u=3090.0, v=42.0, w=6.0) ➡️  SAW_ADB_39810_39870_(u=3150.0, v=43.0, w=6.0) ➡️  ADB_SAW_39905_39965_(u=3210.0, v=44.0, w=6.0) ➡️  SAW_VAS_41010_41090_(u=3290.0, v=45.0, w=7.0) ➡️  VAS_SAW_41125_41205_(u=3370.0, v=46.0, w=7.0) ➡️  SAW_ASR_41295_41380_(u=3455.0, v=47.0, w=7.0) ➡️  ASR_SAW_41415_41505_(u=3545.0, v=48.0, w=7.0) ➡️  t_(u=0.0, v=0.0, w=0.0)

🛩️ Aircraft N128 path (54 nodes): s_(u=0.0, v=0.0, w=0.0) ➡️  N128_(u=0.0, v=0.0, w=1.0) ➡️  SAW_ADB_31920_31980_(u=60.0, v=1.0, w=1.0) ➡️  ADB_SAW_32015_32075_(u=120.0, v=2.0, w=1.0) ➡️  SAW_ESB_32160_32220_(u=180.0, v=3.0, w=1.0) ➡️  ESB_SAW_32280_32340_(u=240.0, v=4.0, w=1.0) ➡️  SAW_AYT_32385_32450_(u=305.0, v=5.0, w=1.0) ➡️  AYT_SAW_32490_32555_(u=370.0, v=6.0, w=1.0) ➡️  SAW_ASR_32655_32740_(u=455.0, v=7.0, w=1.0) ➡️  ASR_SAW_32775_32865_(u=545.0, v=8.0, w=1.0) ➡️  SAW_ADB_33360_33420_(u=605.0, v=9.0, w=2.0) ➡️  ADB_SAW_33455_33515_(u=665.0, v=10.0, w=2.0) ➡️  SAW_ESB_33600_33660_(u=725.0, v=11.0, w=2.0) ➡️  ESB_SAW_33720_33780_(u=785.0, v=12.0, w=2.0) ➡️  SAW_AYT_33825_33890_(u=850.0, v=13.0, w=2.0) ➡️  AYT_SAW_33930_33995_(u=915.0, v=14.0, w=2.0) ➡️  SAW_ASR_34095_34180_(u=1000.0, v=15.0, w=2.0) ➡️  ASR_SAW_34215_34305_(u=1090.0, v=16.0, w=2.0) ➡️  SAW_ADB_34800_34860_(u=1150.0, v=17.0, w=3.0) ➡️  ADB_SAW_34895_34955_(u=1210.0, v=18.0, w=3.0) ➡️  SAW_ESB_35040_35100_(u=1270.0, v=19.0, w=3.0) ➡️  ESB_MQM_35210_35305_(u=1365.0, v=20.0, w=3.0) ➡️  MQM_ESB_35340_35435_(u=1460.0, v=21.0, w=3.0) ➡️  ESB_SZF_35540_35600_(u=1520.0, v=22.0, w=3.0) ➡️  SZF_ESB_35635_35695_(u=1580.0, v=23.0, w=3.0) ➡️  ESB_MLX_35740_35815_(u=1655.0, v=24.0, w=3.0) ➡️  MLX_ESB_36240_36315_(u=1730.0, v=25.0, w=4.0) ➡️  ESB_AJI_36370_36465_(u=1825.0, v=26.0, w=4.0) ➡️  AJI_ESB_36500_36605_(u=1930.0, v=27.0, w=4.0) ➡️  ESB_MQM_36650_36745_(u=2025.0, v=28.0, w=4.0) ➡️  MQM_ESB_36780_36875_(u=2120.0, v=29.0, w=4.0) ➡️  ESB_ADA_36960_37020_(u=2180.0, v=30.0, w=4.0) ➡️  ADA_ESB_37060_37125_(u=2245.0, v=31.0, w=4.0) ➡️  ESB_YEI_37195_37255_(u=2305.0, v=32.0, w=4.0) ➡️  YEI_ESB_37680_37740_(u=2365.0, v=33.0, w=5.0) ➡️  ESB_SAW_37800_37860_(u=2425.0, v=34.0, w=5.0) ➡️  SAW_TZX_37905_38005_(u=2525.0, v=35.0, w=5.0) ➡️  TZX_SAW_38040_38145_(u=2630.0, v=36.0, w=5.0) ➡️  SAW_ESB_38280_38340_(u=2690.0, v=37.0, w=5.0) ➡️  ESB_SZF_38420_38480_(u=2750.0, v=38.0, w=5.0) ➡️  SZF_ESB_38515_38575_(u=2810.0, v=39.0, w=5.0) ➡️  ESB_HTY_38630_38710_(u=2890.0, v=40.0, w=5.0) ➡️  HTY_ESB_39120_39195_(u=2965.0, v=41.0, w=6.0) ➡️  ESB_VAN_39325_39420_(u=3060.0, v=42.0, w=6.0) ➡️  VAN_ESB_39455_39560_(u=3165.0, v=43.0, w=6.0) ➡️  ESB_ADB_39690_39770_(u=3245.0, v=44.0, w=6.0) ➡️  ADB_ESB_39805_39880_(u=3320.0, v=45.0, w=6.0) ➡️  ESB_ECN_40065_40135_(u=3390.0, v=46.0, w=6.0) ➡️  ECN_ESB_40560_40630_(u=3460.0, v=47.0, w=7.0) ➡️  ESB_BAL_40705_40795_(u=3550.0, v=48.0, w=7.0) ➡️  BAL_ESB_40830_40925_(u=3645.0, v=49.0, w=7.0) ➡️  ESB_ERC_41010_41090_(u=3725.0, v=50.0, w=7.0) ➡️  ERC_ESB_41125_41205_(u=3805.0, v=51.0, w=7.0) ➡️  ESB_ADA_41280_41340_(u=3865.0, v=52.0, w=7.0) ➡️  ADA_ESB_41380_41445_(u=3930.0, v=53.0, w=7.0) ➡️  ESB_ECN_41505_41575_(u=4000.0, v=54.0, w=7.0) ➡️  t_(u=0.0, v=0.0, w=0.0)


🛠️ Maintenance at node SAW_ADB_36240_36300 by aircraft N123 | ρ=15.0; λ=1.0; φ=0.0

🛠️ Maintenance at node ESB_AYT_40860_40925 by aircraft N125 | ρ=75.0; λ=0.0; φ=0.0

🛠️ Maintenance at node SAW_TZX_36465_36565 by aircraft N124 | ρ=5.0; λ=0.0; φ=1.0

🛠️ Maintenance at node ESB_SAW_36360_36420 by aircraft N122 | ρ=5.0; λ=0.0; φ=0.0

🛠️ Maintenance at node ESB_ADB_32490_32570 by aircraft N121 | ρ=35.0; λ=0.0; φ=0.0
CSV Summary saved to: RESULTS/A_MTN_5/summary_354FL_8A_21_MILP.csv