

GRAPH REDUCING : false
-----------------------INSTANCE 354FL_8A_24--------------------------
Gurobi 13.0.0 (linux64) logging started Thu Mar 26 08:55:59 2026

Set parameter LogFile to value "RESULTS/A_MTN_5/result_354FL_8A_24_MILP.txt"

Gurobi 13.0.0 (linux64) logging started Thu Mar 26 08:56:01 2026

Set parameter LogFile to value "RESULTS/A_MTN_5/result_354FL_8A_24_MILP.txt"
Gurobi Optimizer version 13.0.0 build v13.0.0rc1 (linux64 - "AlmaLinux 9.6 (Sage Margay)")

CPU model: Intel(R) Xeon(R) 6972P, instruction set [SSE2|AVX|AVX2|AVX512]
Thread count: 192 physical cores, 192 logical processors, using up to 8 threads

Non-default parameters:
TimeLimit  18000
Threads  8

Optimize a model with 24480 rows, 4914 columns and 90863 nonzeros (Min)
Model fingerprint: 0xac2a80b1
Model has 199 linear objective coefficients
Variable types: 1326 continuous, 3588 integer (3190 binary)
Coefficient statistics:
  Matrix range     [1e+00, 6e+03]
  Objective range  [1e+00, 1e+00]
  Bounds range     [1e+01, 6e+03]
  RHS range        [1e+00, 6e+03]
Presolve removed 6379 rows and 1304 columns
Presolve time: 0.25s
Presolved: 18101 rows, 3610 columns, 104743 nonzeros
Variable types: 569 continuous, 3041 integer (2866 binary)
Root relaxation presolved: 18101 rows, 3610 columns, 104743 nonzeros


Root relaxation: objective 0.000000e+00, 1883 iterations, 0.12 seconds (0.18 work units)

    Nodes    |    Current Node    |     Objective Bounds      |     Work
 Expl Unexpl |  Obj  Depth IntInf | Incumbent    BestBd   Gap | It/Node Time

     0     0    0.00000    0   62          -    0.00000      -     -    0s
     0     0    0.00000    0   59          -    0.00000      -     -    1s
H    0     0                      10.0000000    0.00000   100%     -    1s
     0     0    0.00000    0   53   10.00000    0.00000   100%     -    1s
     0     0    0.00000    0   57   10.00000    0.00000   100%     -    1s
     0     0    0.00000    0   14   10.00000    0.00000   100%     -    1s
H    0     0                       9.0000000    0.00000   100%     -    1s
     0     0    0.00000    0   14    9.00000    0.00000   100%     -    1s
     0     0    0.00000    0   21    9.00000    0.00000   100%     -    1s
     0     0    0.00000    0   17    9.00000    0.00000   100%     -    1s
H    0     0                       8.0000000    0.00000   100%     -    1s
     0     0    0.00000    0   17    8.00000    0.00000   100%     -    1s
     0     0    0.00000    0   17    8.00000    0.00000   100%     -    2s
     0     0    0.00000    0   12    8.00000    0.00000   100%     -    2s
     0     0    0.00000    0   12    8.00000    0.00000   100%     -    2s
     0     0    0.00000    0   16    8.00000    0.00000   100%     -    2s
     0     0    0.00000    0    9    8.00000    0.00000   100%     -    2s
     0     0    0.00000    0    9    8.00000    0.00000   100%     -    2s
     0     0    0.00000    0    9    8.00000    0.00000   100%     -    2s
     0     0    0.00000    0    9    8.00000    0.00000   100%     -    2s
     0     0    0.00000    0    9    8.00000    0.00000   100%     -    2s
     0     2    0.00000    0    9    8.00000    0.00000   100%     -    3s
   167   530    0.00000   16   53    8.00000    0.00000   100%  83.4    5s
H 2542  2282                       6.0000000    0.00000   100%  81.7    9s
  2544  2284    0.00000   90   13    6.00000    0.00000   100%  81.6   10s
H 2555  2176                       5.0000000    0.00000   100%  81.3   14s
  2557  2177    0.00000   55   14    5.00000    0.00000   100%  81.2   15s
  2783  2614    0.00000   32   43    5.00000    0.00000   100%  87.2   20s
  3615  4098    0.00000   85   42    5.00000    0.00000   100%  88.0   25s
  6987  5154    0.00000  142   21    5.00000    0.00000   100%  86.5   30s
* 7945  5036             183       4.0000000    0.00000   100%  87.3   31s
 10599  6461    2.00000  132   33    4.00000    0.00000   100%  89.7   35s
 14927  8597    0.00000  138    9    4.00000    0.00000   100%  89.8   41s
H14937  8173                       3.0000000    0.00000   100%  89.8   44s
 14941  8175    1.00000  120    9    3.00000    0.00000   100%  89.8   45s
 15214  8714    0.00000   41   65    3.00000    0.00000   100%  90.6   50s
 16394  9834    0.00000  131   50    3.00000    0.00000   100%  92.9   56s
 18834 10347    0.00000   90   73    3.00000    0.00000   100%  90.4   60s
 23127 12132    2.00000  152  110    3.00000    0.00000   100%  90.2   65s
H26710 10140                       2.0000000    0.00000   100%  88.6   70s
 31129 10108    0.00000  150  132    2.00000    0.00000   100%  89.9   75s
 34712  9634    1.00000  164   68    2.00000    0.00000   100%  91.1   80s
 38364  8759    0.00000  185  101    2.00000    0.00000   100%  93.1   85s
 42237  9299 infeasible  178         2.00000    0.00000   100%  95.4   90s
 43877  9514    1.00000  154   10    2.00000    0.00000   100%  96.3   95s
 44077  9888    0.00000   44  149    2.00000    0.00000   100%  96.6  100s
 44869 10328    0.00000   87   54    2.00000    0.00000   100%  96.4  105s
 45933 11335    0.00000  124   27    2.00000    0.00000   100%  96.5  111s
 48097 11916    0.00000  112   94    2.00000    0.00000   100%  96.9  115s
 52135 12298    0.00000  143  156    2.00000    0.00000   100%  96.0  120s
 54509 12713    0.00000  164  124    2.00000    0.00000   100%  95.8  125s
 59099 13258    1.00000  203   31    2.00000    0.00000   100%  95.4  148s
 61015 13260    0.00000  143   47    2.00000    0.00000   100%  95.7  150s
 64943 13370    0.00000  176  118    2.00000    0.00000   100%  96.5  155s
 68462 13197    0.00000  184   32    2.00000    0.00000   100%  98.1  160s
H70061  9847                       1.0000000    0.00000   100%  98.6  161s
 70266  9639    0.00000  186    7    1.00000    0.00000   100%  98.6  165s
 70453  9964    0.00000   66   20    1.00000    0.00000   100%  98.8  170s
 71604 10492    0.00000  135   85    1.00000    0.00000   100%  99.1  175s
 72525 11284    0.00000  125   82    1.00000    0.00000   100%  99.0  180s
 74988 11689    0.00000  136   90    1.00000    0.00000   100%   100  186s
 77066 12389    0.00000  146   83    1.00000    0.00000   100%   101  190s
 80497 12803 infeasible  166         1.00000    0.00000   100%   102  195s
 81078 13234 infeasible  166         1.00000    0.00000   100%   102  200s
 84726 13664    0.00000  171   73    1.00000    0.00000   100%   103  205s
 87223 14202 infeasible  134         1.00000    0.00000   100%   103  210s
 91118 14937    0.00000  137   92    1.00000    0.00000   100%   104  215s
 93917 15569    0.00000  146   48    1.00000    0.00000   100%   105  221s
 97662 16182 infeasible  161         1.00000    0.00000   100%   106  226s
 101254 17307    0.00000  156   14    1.00000    0.00000   100%   106  230s
 103785 21783    0.00000  198   29    1.00000    0.00000   100%   107  248s
 111785 22280    0.00000  188   26    1.00000    0.00000   100%   109  250s
 113205 23010    0.00000  129   49    1.00000    0.00000   100%   109  255s
 117346 24939    0.00000  152  116    1.00000    0.00000   100%   110  261s
 120468 26383    0.00000  155   76    1.00000    0.00000   100%   111  265s
 123311 27397    0.00000  151   35    1.00000    0.00000   100%   111  270s
 123861 28105 infeasible  162         1.00000    0.00000   100%   111  275s
 127514 29916    0.00000  186  116    1.00000    0.00000   100%   111  280s
 131955 31930    0.00000  167   24    1.00000    0.00000   100%   112  285s
 133767 34083    0.00000  135  107    1.00000    0.00000   100%   112  293s
 138163 34968    0.00000  175   82    1.00000    0.00000   100%   113  295s
 140845 35981    0.00000  156   14    1.00000    0.00000   100%   113  300s
 144337 37397 infeasible  169         1.00000    0.00000   100%   114  305s
 146943 38750    0.00000  144   76    1.00000    0.00000   100%   115  311s
 149846 40206 infeasible  150         1.00000    0.00000   100%   115  315s
 154324 42177 infeasible  163         1.00000    0.00000   100%   115  320s
 155300 42289 infeasible  187         1.00000    0.00000   100%   116  326s
 156515 43463 infeasible  138         1.00000    0.00000   100%   116  330s
 160303 44967    0.00000  155   44    1.00000    0.00000   100%   116  335s
 162551 45882    0.00000  154   65    1.00000    0.00000   100%   116  340s
 165768 47103    0.00000  137   15    1.00000    0.00000   100%   116  346s
 169310 48800    0.00000  184   82    1.00000    0.00000   100%   117  350s
 172540 50039    0.00000  171   86    1.00000    0.00000   100%   117  355s
 176003 51923 infeasible  134         1.00000    0.00000   100%   117  360s
 179480 53396 infeasible  168         1.00000    0.00000   100%   118  365s
 183128 54884    0.00000  146   45    1.00000    0.00000   100%   118  370s
 186183 55894    0.00000  148   23    1.00000    0.00000   100%   118  375s
 189527 57572 infeasible  167         1.00000    0.00000   100%   119  381s
 193151 59578    0.00000  185   95    1.00000    0.00000   100%   119  385s
 195151 59967    0.00000  146   20    1.00000    0.00000   100%   119  390s
 196330 60500    0.00000  132  114    1.00000    0.00000   100%   119  395s
 199915 62117 infeasible  162         1.00000    0.00000   100%   119  401s
 203603 63991 infeasible  169         1.00000    0.00000   100%   119  405s
 206989 65389    0.00000  162   81    1.00000    0.00000   100%   119  410s
 211098 66929    0.00000  190   90    1.00000    0.00000   100%   119  415s
 215622 68704    0.00000  174   54    1.00000    0.00000   100%   119  420s
 218144 69485    0.00000  134   95    1.00000    0.00000   100%   119  425s
 221163 70705    0.00000  166   11    1.00000    0.00000   100%   120  430s
 225867 72356    0.00000  171   37    1.00000    0.00000   100%   120  435s
 227946 73291    0.00000  139   86    1.00000    0.00000   100%   120  440s
 231284 74872    0.00000  141   60    1.00000    0.00000   100%   120  445s
 235322 76633 infeasible  161         1.00000    0.00000   100%   120  450s
 238708 77800    0.00000  165  103    1.00000    0.00000   100%   121  456s
 239421 77844    0.00000  169   12    1.00000    0.00000   100%   121  461s
 240714 78721    0.00000  166   11    1.00000    0.00000   100%   121  465s
 244474 80037    0.00000  127   17    1.00000    0.00000   100%   121  470s
 247110 80837    0.00000  141   29    1.00000    0.00000   100%   121  475s
 250327 82316    0.00000  147   20    1.00000    0.00000   100%   121  480s
 254398 83966    0.00000  157   52    1.00000    0.00000   100%   121  485s
 257895 85480    0.00000  173   39    1.00000    0.00000   100%   121  490s
 260036 86478    0.00000  155   76    1.00000    0.00000   100%   122  495s
 264802 88184    0.00000  193   20    1.00000    0.00000   100%   122  500s
 268602 89736    0.00000  166   17    1.00000    0.00000   100%   122  505s
 269989 90320    0.00000  161   68    1.00000    0.00000   100%   122  510s
 273936 91848    0.00000  172   77    1.00000    0.00000   100%   122  515s
 278589 93945    0.00000  157   29    1.00000    0.00000   100%   122  520s
 281270 95035    0.00000  149   76    1.00000    0.00000   100%   122  525s
 284959 96318    0.00000  151   26    1.00000    0.00000   100%   122  530s
 285071 96595    0.00000  150   77    1.00000    0.00000   100%   122  535s
 287531 97709    0.00000  167   64    1.00000    0.00000   100%   122  540s
 291275 99052    0.00000  117   23    1.00000    0.00000   100%   122  545s
 294389 100462    0.00000  154   58    1.00000    0.00000   100%   123  550s
 298364 102030    0.00000  171   35    1.00000    0.00000   100%   123  555s
 301311 103316    0.00000  153   82    1.00000    0.00000   100%   123  560s
 305182 105008    0.00000  177   87    1.00000    0.00000   100%   123  565s
 308992 106418 infeasible  164         1.00000    0.00000   100%   123  570s
 312721 107685    0.00000  156   67    1.00000    0.00000   100%   123  575s
 315431 108904 infeasible  167         1.00000    0.00000   100%   123  580s
 319915 110353    0.00000  139   93    1.00000    0.00000   100%   123  585s
 322370 111329    0.00000  106   14    1.00000    0.00000   100%   123  590s
 324648 112332    0.00000  156   13    1.00000    0.00000   100%   123  595s
 328381 113867    0.00000  167   11    1.00000    0.00000   100%   124  600s
 329309 113884    0.00000  150   57    1.00000    0.00000   100%   124  605s
 330672 115127    0.00000  147   19    1.00000    0.00000   100%   124  610s
 333436 115924    0.00000  153   88    1.00000    0.00000   100%   124  615s
 335581 117296 infeasible  189         1.00000    0.00000   100%   124  620s
 339300 118683    0.00000  131   36    1.00000    0.00000   100%   124  625s
 342714 120049 infeasible  157         1.00000    0.00000   100%   124  630s
 345249 121058    0.00000  176   86    1.00000    0.00000   100%   124  635s
 348682 122747    0.00000   95   76    1.00000    0.00000   100%   124  640s
 353842 124886    0.00000  165   83    1.00000    0.00000   100%   124  645s
 355489 125714    0.00000  157   79    1.00000    0.00000   100%   124  650s
 360511 127944    0.00000  151  113    1.00000    0.00000   100%   124  655s
 362798 128933 infeasible  159         1.00000    0.00000   100%   124  660s
 365478 130370    0.00000  165   89    1.00000    0.00000   100%   124  665s
 369150 131767    0.00000  163   67    1.00000    0.00000   100%   125  670s
 372787 133260 infeasible  173         1.00000    0.00000   100%   125  675s
 375880 134524 infeasible  181         1.00000    0.00000   100%   125  680s
 380519 136146    0.00000  157   21    1.00000    0.00000   100%   125  685s
 383818 137701    0.00000  197   49    1.00000    0.00000   100%   125  690s
 385779 138235    0.00000  149   21    1.00000    0.00000   100%   125  695s
 388998 139611    0.00000  143   87    1.00000    0.00000   100%   125  700s
 389869 139622 infeasible  180         1.00000    0.00000   100%   125  705s
 389908 139799    0.00000  181   44    1.00000    0.00000   100%   125  710s
 393429 140922    0.00000  157   90    1.00000    0.00000   100%   125  715s
 395949 141842    0.00000  157   14    1.00000    0.00000   100%   125  720s
 398701 143242    0.00000  172  105    1.00000    0.00000   100%   125  725s
 402315 144755    0.00000  165   60    1.00000    0.00000   100%   126  730s
 405867 146444 infeasible  168         1.00000    0.00000   100%   126  735s
 409288 147903    0.00000  151   68    1.00000    0.00000   100%   126  740s
 413390 149470    0.00000  150   31    1.00000    0.00000   100%   126  745s
 415336 149926    0.00000  175   22    1.00000    0.00000   100%   126  750s
 418371 151369    0.00000  177   18    1.00000    0.00000   100%   126  756s
 422104 152893 infeasible  161         1.00000    0.00000   100%   126  760s
 425499 154380    0.00000  182  131    1.00000    0.00000   100%   126  765s
 428661 156155 infeasible  157         1.00000    0.00000   100%   126  771s
 432162 157890 infeasible  167         1.00000    0.00000   100%   126  775s
 435769 159658    0.00000  156   88    1.00000    0.00000   100%   126  780s
 438371 160890    0.00000  161   91    1.00000    0.00000   100%   126  786s
 441701 162311    0.00000  163   90    1.00000    0.00000   100%   126  790s
 445397 163733    0.00000  159   51    1.00000    0.00000   100%   127  795s
 448117 165005    0.00000  166   16    1.00000    0.00000   100%   127  800s
 451614 166421    0.00000  167  103    1.00000    0.00000   100%   127  805s
 453380 166722    0.00000  150   46    1.00000    0.00000   100%   127  811s
 454664 167100 infeasible  173         1.00000    0.00000   100%   127  815s
 457479 168594 infeasible  166         1.00000    0.00000   100%   127  820s
 460670 170133    0.00000  159   31    1.00000    0.00000   100%   127  825s
 464425 171400 infeasible  158         1.00000    0.00000   100%   127  831s
 467317 172761    0.00000  167   38    1.00000    0.00000   100%   127  835s
 470089 173864    0.00000  181   98    1.00000    0.00000   100%   127  840s
 473892 175195 infeasible  157         1.00000    0.00000   100%   127  845s
 477327 176726 infeasible  166         1.00000    0.00000   100%   127  850s
 480908 177750    0.00000  157   63    1.00000    0.00000   100%   127  855s
 484508 179454    0.00000  146   11    1.00000    0.00000   100%   127  860s
 488008 181173    0.00000  136   11    1.00000    0.00000   100%   127  865s
 490753 182233    0.00000  146   16    1.00000    0.00000   100%   127  870s
 494774 183905    0.00000  164  116    1.00000    0.00000   100%   127  876s
 498398 185292    0.00000  183   61    1.00000    0.00000   100%   127  880s
 501748 186592    0.00000  124   33    1.00000    0.00000   100%   127  885s
 502707 189855    0.00000  159   59    1.00000    0.00000   100%   127  897s
 510722 189863    0.00000   58   17    1.00000    0.00000   100%   127  900s
 510748 190064    0.00000   61   48    1.00000    0.00000   100%   127  906s
 511783 190976    0.00000   77   36    1.00000    0.00000   100%   127  910s
 514649 193108    0.00000  157   16    1.00000    0.00000   100%   127  915s
 518523 194978    0.00000  158   30    1.00000    0.00000   100%   127  920s
 521984 196646    0.00000  153   22    1.00000    0.00000   100%   127  925s
 525647 198218    0.00000  157   23    1.00000    0.00000   100%   127  930s
 529787 199793    0.00000  123   94    1.00000    0.00000   100%   127  935s
 531973 200995    0.00000  155   94    1.00000    0.00000   100%   127  940s
 534846 202343    0.00000  182  104    1.00000    0.00000   100%   127  945s
 538838 204035    0.00000  147    8    1.00000    0.00000   100%   127  950s
 543215 205802    0.00000  155   71    1.00000    0.00000   100%   127  955s
 545447 206976    0.00000  116    9    1.00000    0.00000   100%   128  960s
 548921 208474    0.00000  148   20    1.00000    0.00000   100%   128  965s
 552475 210027    0.00000  127   61    1.00000    0.00000   100%   128  970s
 555422 211019    0.00000  138   78    1.00000    0.00000   100%   128  976s
 558229 212491    0.00000  143   30    1.00000    0.00000   100%   128  981s
 562127 214026    0.00000  129   62    1.00000    0.00000   100%   128  986s
 564789 214718    0.00000  172   95    1.00000    0.00000   100%   128  990s
 564829 214725    0.00000  172   95    1.00000    0.00000   100%   128  996s
 564854 214767    0.00000  168   42    1.00000    0.00000   100%   128 1001s
 565311 215398    0.00000  137   13    1.00000    0.00000   100%   128 1005s
 566677 215796    0.00000  184   99    1.00000    0.00000   100%   128 1010s
 570971 217619 infeasible  127         1.00000    0.00000   100%   128 1015s
 574973 219321 infeasible  133         1.00000    0.00000   100%   128 1020s
 576937 219894 infeasible  177         1.00000    0.00000   100%   128 1025s
 580089 220949    0.00000  127   22    1.00000    0.00000   100%   128 1030s
 584579 222697    0.00000  146  110    1.00000    0.00000   100%   128 1035s
 587589 223917    0.00000  147   42    1.00000    0.00000   100%   128 1040s
 592107 225574    0.00000  145   48    1.00000    0.00000   100%   128 1046s
 595675 226742    0.00000  131   63    1.00000    0.00000   100%   128 1050s
 598187 227584    0.00000  177   30    1.00000    0.00000   100%   128 1055s
 602336 229296    0.00000  172   48    1.00000    0.00000   100%   128 1060s
 604810 229912    0.00000  148   62    1.00000    0.00000   100%   128 1065s
 606885 231086 infeasible  163         1.00000    0.00000   100%   128 1070s
 609506 232214    0.00000  115   64    1.00000    0.00000   100%   128 1075s
 613670 233965    0.00000  123   28    1.00000    0.00000   100%   128 1080s
 617058 235091    0.00000  167   12    1.00000    0.00000   100%   128 1085s
 620276 236506 infeasible  171         1.00000    0.00000   100%   128 1090s
 623815 237808    0.00000  141   59    1.00000    0.00000   100%   128 1095s
 628284 239137 infeasible  147         1.00000    0.00000   100%   128 1100s
 630519 239925    0.00000  166   69    1.00000    0.00000   100%   128 1105s
 634443 241561 infeasible  167         1.00000    0.00000   100%   128 1110s
 637981 242890 infeasible  127         1.00000    0.00000   100%   128 1115s
 641029 243670 infeasible  147         1.00000    0.00000   100%   128 1120s
 644334 245128 infeasible  113         1.00000    0.00000   100%   129 1126s
 648053 246345    0.00000  167   33    1.00000    0.00000   100%   129 1130s
 649973 247168 infeasible  146         1.00000    0.00000   100%   129 1135s
 651871 249392    0.00000  169   79    1.00000    0.00000   100%   129 1143s
 656337 249397    0.00000  158   22    1.00000    0.00000   100%   129 1146s
 656358 249440    0.00000  160   67    1.00000    0.00000   100%   129 1150s
 658213 250634    0.00000  167   35    1.00000    0.00000   100%   129 1155s
 660526 251551 infeasible  166         1.00000    0.00000   100%   129 1161s
 662921 252370    0.00000  172   30    1.00000    0.00000   100%   129 1165s
 666712 254085 infeasible  173         1.00000    0.00000   100%   129 1170s
 671327 255721 infeasible  159         1.00000    0.00000   100%   129 1175s
 674469 256949 infeasible  186         1.00000    0.00000   100%   129 1180s
 677558 258328    0.00000  127   12    1.00000    0.00000   100%   129 1185s
 681817 259912 infeasible  149         1.00000    0.00000   100%   129 1191s
 683625 260195    0.00000  136   98    1.00000    0.00000   100%   129 1195s
 686899 261859    0.00000  147   18    1.00000    0.00000   100%   129 1201s
 690588 263892    0.00000  137   39    1.00000    0.00000   100%   129 1205s
 694333 265281    0.00000  143   59    1.00000    0.00000   100%   129 1210s
 696845 266768 infeasible  177         1.00000    0.00000   100%   129 1215s
 700217 268258    0.00000  133   57    1.00000    0.00000   100%   129 1220s
 703860 269764    0.00000  164   63    1.00000    0.00000   100%   129 1225s
 706360 270773    0.00000  146   58    1.00000    0.00000   100%   129 1230s
 710009 272169    0.00000  147   35    1.00000    0.00000   100%   129 1235s
 710052 272178    0.00000  145   54    1.00000    0.00000   100%   129 1240s
 711900 273300    0.00000  165   81    1.00000    0.00000   100%   129 1246s
 714167 274111    0.00000  167   75    1.00000    0.00000   100%   129 1251s
 716980 275249    0.00000  164   29    1.00000    0.00000   100%   129 1255s
 720716 276562    0.00000  161   51    1.00000    0.00000   100%   129 1260s
 724276 277674 infeasible  174         1.00000    0.00000   100%   129 1265s
 727678 278910    0.00000  148   44    1.00000    0.00000   100%   129 1270s
 731841 280379    0.00000  127   26    1.00000    0.00000   100%   129 1275s
 735388 282025    0.00000  148   80    1.00000    0.00000   100%   129 1280s
 738575 283243    0.00000  133   70    1.00000    0.00000   100%   129 1285s
 742151 284400    0.00000  159   38    1.00000    0.00000   100%   129 1290s
 744631 285375    0.00000  144   63    1.00000    0.00000   100%   129 1295s
 747871 286392    0.00000  152   63    1.00000    0.00000   100%   129 1300s
 752435 288097    0.00000  147   19    1.00000    0.00000   100%   129 1305s
 755817 289438 infeasible  143         1.00000    0.00000   100%   129 1310s
 758496 290487    0.00000  157   60    1.00000    0.00000   100%   129 1315s
 762925 291950 infeasible  158         1.00000    0.00000   100%   129 1320s
 765002 292898 infeasible  167         1.00000    0.00000   100%   129 1325s
 768542 294684    0.00000  147   92    1.00000    0.00000   100%   129 1330s
 769468 294737 infeasible  170         1.00000    0.00000   100%   129 1336s
 769488 294749 infeasible  172         1.00000    0.00000   100%   129 1340s
 769563 295014    0.00000  159   92    1.00000    0.00000   100%   129 1345s
 773247 296742 infeasible  174         1.00000    0.00000   100%   129 1350s
 776356 297678 infeasible  144         1.00000    0.00000   100%   129 1356s
 779609 298693    0.00000  157   49    1.00000    0.00000   100%   129 1360s
 782419 299983 infeasible  169         1.00000    0.00000   100%   129 1365s
 785844 301140 infeasible  173         1.00000    0.00000   100%   130 1370s
 789535 302537    0.00000  175   57    1.00000    0.00000   100%   130 1375s
 791408 303313    0.00000  157   16    1.00000    0.00000   100%   130 1380s
 795164 304928 infeasible  172         1.00000    0.00000   100%   130 1385s
 799645 306586    0.00000  171   89    1.00000    0.00000   100%   130 1390s
 800578 308131 infeasible  163         1.00000    0.00000   100%   130 1396s
 806562 309358    0.00000  108   45    1.00000    0.00000   100%   130 1400s
 809877 310777 infeasible  124         1.00000    0.00000   100%   130 1405s
 813112 311984 infeasible  164         1.00000    0.00000   100%   130 1410s
 816193 312568    0.00000  155   78    1.00000    0.00000   100%   130 1415s
 818230 313692    0.00000  157   68    1.00000    0.00000   100%   130 1420s
 821705 315057    0.00000  134   65    1.00000    0.00000   100%   130 1425s
 825476 316692    0.00000  126   14    1.00000    0.00000   100%   130 1430s
 829237 318172    0.00000  171   29    1.00000    0.00000   100%   130 1435s
 832089 319153    0.00000  115   66    1.00000    0.00000   100%   130 1440s
 836298 320762    0.00000  181   90    1.00000    0.00000   100%   130 1446s
 838918 321908    0.00000  167  102    1.00000    0.00000   100%   130 1450s
 842456 323172    0.00000  166   73    1.00000    0.00000   100%   130 1455s
 845510 324715 infeasible  180         1.00000    0.00000   100%   130 1460s
 849874 326321 infeasible  178         1.00000    0.00000   100%   130 1465s
 853011 327185    0.00000  168   23    1.00000    0.00000   100%   130 1470s
 853488 327391    0.00000  172   65    1.00000    0.00000   100%   130 1475s
 855362 328537    0.00000  143   41    1.00000    0.00000   100%   130 1480s
 859373 329903 infeasible  152         1.00000    0.00000   100%   130 1485s
 860080 332225    0.00000  155   57    1.00000    0.00000   100%   130 1494s
 866012 332225 infeasible  157         1.00000    0.00000   100%   130 1495s
 869722 333930    0.00000  147   15    1.00000    0.00000   100%   130 1500s
 873187 335356 infeasible  187         1.00000    0.00000   100%   130 1505s
 876052 336665    0.00000  145   46    1.00000    0.00000   100%   130 1510s
 879788 338265    0.00000  147   27    1.00000    0.00000   100%   130 1515s
 883019 339270    0.00000  176   81    1.00000    0.00000   100%   130 1520s
 886721 341042 infeasible  159         1.00000    0.00000   100%   130 1525s
 889310 342083    0.00000  147   20    1.00000    0.00000   100%   130 1530s
 894485 343467 infeasible  177         1.00000    0.00000   100%   130 1535s
 898344 344717 infeasible  145         1.00000    0.00000   100%   130 1540s
 901316 346062 infeasible  177         1.00000    0.00000   100%   130 1545s
 904172 347159    0.00000  156  104    1.00000    0.00000   100%   130 1550s
 908776 348763 infeasible  145         1.00000    0.00000   100%   130 1555s
 910664 349279    0.00000  164   66    1.00000    0.00000   100%   130 1560s
 910680 349295    0.00000  166   65    1.00000    0.00000   100%   130 1565s
 910918 349491    0.00000  169   80    1.00000    0.00000   100%   130 1572s
 911908 349952    0.00000  177   75    1.00000    0.00000   100%   130 1575s
 915167 351213    0.00000  145   55    1.00000    0.00000   100%   130 1580s
 917985 352089    0.00000  148   76    1.00000    0.00000   100%   130 1585s
 919422 355158    0.00000  174   81    1.00000    0.00000   100%   130 1598s
 928324 355794    0.00000  176   97    1.00000    0.00000   100%   130 1600s
 930632 356685    0.00000  150   40    1.00000    0.00000   100%   130 1605s
 935378 358283 infeasible  162         1.00000    0.00000   100%   130 1611s
 938577 359355    0.00000  175   53    1.00000    0.00000   100%   130 1615s
 941723 360369 infeasible  144         1.00000    0.00000   100%   130 1620s
 944964 361476    0.00000  158   31    1.00000    0.00000   100%   130 1625s
 949292 363061 infeasible  166         1.00000    0.00000   100%   130 1631s
 951901 363924    0.00000  155   82    1.00000    0.00000   100%   130 1635s
 956377 365307    0.00000  157   70    1.00000    0.00000   100%   130 1640s
 958793 366254 infeasible  176         1.00000    0.00000   100%   130 1645s
 961717 367464    0.00000  196  135    1.00000    0.00000   100%   130 1651s
 964305 368523    0.00000  165   33    1.00000    0.00000   100%   130 1655s
 968550 370274    0.00000  132  106    1.00000    0.00000   100%   130 1660s
 971964 371410 infeasible  173         1.00000    0.00000   100%   130 1665s
 975835 372917    0.00000  149   43    1.00000    0.00000   100%   130 1670s
 979071 374377 infeasible  162         1.00000    0.00000   100%   130 1676s
 983047 375591 infeasible  175         1.00000    0.00000   100%   130 1680s
 985922 376876 infeasible  158         1.00000    0.00000   100%   130 1685s
 990362 378583 infeasible  159         1.00000    0.00000   100%   130 1690s
 993331 379590    0.00000  170   60    1.00000    0.00000   100%   130 1695s
 996517 380853    0.00000  151   91    1.00000    0.00000   100%   130 1700s
 999309 381802 infeasible  198         1.00000    0.00000   100%   131 1705s
 1002852 383037 infeasible  181         1.00000    0.00000   100%   131 1710s
 1004584 383459    0.00000  158   33    1.00000    0.00000   100%   131 1716s
 1006100 384128    0.00000  176   21    1.00000    0.00000   100%   131 1721s
 1008517 385124 infeasible  168         1.00000    0.00000   100%   131 1725s
 1011474 386172    0.00000  149   96    1.00000    0.00000   100%   131 1730s
 1014232 386980    0.00000  152   93    1.00000    0.00000   100%   131 1735s
 1017656 388516    0.00000  173  119    1.00000    0.00000   100%   131 1740s
 1022119 389852    0.00000  156   80    1.00000    0.00000   100%   131 1745s
 1023116 392877    0.00000  151   47    1.00000    0.00000   100%   131 1757s
 1031202 393148 infeasible  144         1.00000    0.00000   100%   131 1760s
 1035589 394802    0.00000  153   21    1.00000    0.00000   100%   131 1765s
 1039149 395859 infeasible  147         1.00000    0.00000   100%   131 1770s
 1040961 396463    0.00000  172   24    1.00000    0.00000   100%   131 1776s
 1040994 396500    0.00000  174   54    1.00000    0.00000   100%   131 1781s
 1041933 397430    0.00000  128   92    1.00000    0.00000   100%   131 1786s
 1044984 399335    0.00000  163   48    1.00000    0.00000   100%   131 1790s
 1049369 401151    0.00000  135   69    1.00000    0.00000   100%   131 1795s
 1052444 402055    0.00000  163   81    1.00000    0.00000   100%   131 1800s
 1054966 403538    0.00000  147   13    1.00000    0.00000   100%   131 1806s
 1058563 404991    0.00000  160  113    1.00000    0.00000   100%   131 1811s
 1061900 406470    0.00000  129   36    1.00000    0.00000   100%   131 1815s
 1064396 407278 infeasible  173         1.00000    0.00000   100%   131 1820s
 1067874 408595    0.00000  152   61    1.00000    0.00000   100%   131 1825s
 1070237 409620    0.00000  178   88    1.00000    0.00000   100%   131 1830s
 1073212 410796    0.00000  156   91    1.00000    0.00000   100%   131 1835s
 1077292 412358 infeasible  160         1.00000    0.00000   100%   131 1840s
 1082068 413987    0.00000  167   13    1.00000    0.00000   100%   131 1846s
 1083862 414523 infeasible  134         1.00000    0.00000   100%   131 1850s
 1088388 416077    0.00000  154  107    1.00000    0.00000   100%   131 1855s
 1091848 417111    0.00000  167   56    1.00000    0.00000   100%   131 1860s
 1094541 418273    0.00000  180   79    1.00000    0.00000   100%   131 1865s
 1097766 419899    0.00000  167   13    1.00000    0.00000   100%   131 1870s
 1102066 421312    0.00000  167   21    1.00000    0.00000   100%   131 1875s
 1104355 422006    0.00000  177   86    1.00000    0.00000   100%   131 1880s
 1107059 422703    0.00000  147   16    1.00000    0.00000   100%   131 1886s
 1108539 423203    0.00000  167   27    1.00000    0.00000   100%   131 1890s
 1110926 424183 infeasible  128         1.00000    0.00000   100%   131 1895s
 1112773 427203 infeasible  148         1.00000    0.00000   100%   131 1908s
 1120773 427229    0.00000  150   91    1.00000    0.00000   100%   131 1910s
 1124209 428829 infeasible  170         1.00000    0.00000   100%   131 1915s
 1126565 429643 infeasible  161         1.00000    0.00000   100%   131 1920s
 1130008 430757    0.00000  128   76    1.00000    0.00000   100%   131 1925s
 1132748 431445    0.00000  123   93    1.00000    0.00000   100%   131 1932s
 1133196 431560    0.00000  122   44    1.00000    0.00000   100%   132 1935s
 1135183 432539    0.00000  167   37    1.00000    0.00000   100%   132 1940s
 1139230 433416 infeasible  137         1.00000    0.00000   100%   132 1945s
 1141634 434380 infeasible  177         1.00000    0.00000   100%   132 1950s
 1143904 435241 infeasible  158         1.00000    0.00000   100%   132 1955s
 1148691 437002 infeasible  177         1.00000    0.00000   100%   132 1960s
 1152945 438323 infeasible  164         1.00000    0.00000   100%   132 1965s
 1156135 439483    0.00000  180   73    1.00000    0.00000   100%   132 1970s
 1158591 440444    0.00000  157   42    1.00000    0.00000   100%   132 1976s
 1162635 441601    0.00000  107   58    1.00000    0.00000   100%   132 1980s
 1166185 443167    0.00000  160   49    1.00000    0.00000   100%   132 1985s
 1169828 444415 infeasible  158         1.00000    0.00000   100%   132 1990s
 1173335 445391 infeasible  139         1.00000    0.00000   100%   132 1995s
 1176687 446833    0.00000  157   13    1.00000    0.00000   100%   132 2000s
 1180217 448188    0.00000  157   81    1.00000    0.00000   100%   132 2005s
 1182018 448523 infeasible  155         1.00000    0.00000   100%   132 2010s
 1182120 448593    0.00000  161   72    1.00000    0.00000   100%   132 2016s
 1182912 448972 infeasible  170         1.00000    0.00000   100%   132 2021s
 1184574 449912    0.00000  139   69    1.00000    0.00000   100%   132 2025s
 1187722 450868 infeasible  189         1.00000    0.00000   100%   132 2030s
 1192256 452573 infeasible  165         1.00000    0.00000   100%   132 2035s
 1195217 453235    0.00000  134   44    1.00000    0.00000   100%   132 2040s
 1197969 454494    0.00000  177   61    1.00000    0.00000   100%   132 2045s
 1202195 456340    0.00000  157   13    1.00000    0.00000   100%   132 2050s
 1205782 457144    0.00000  137   24    1.00000    0.00000   100%   132 2055s
 1208795 458748    0.00000  155   68    1.00000    0.00000   100%   132 2060s
 1212848 460484 infeasible  137         1.00000    0.00000   100%   132 2065s
 1215431 461762 infeasible  147         1.00000    0.00000   100%   132 2070s
 1217511 462709 infeasible  152         1.00000    0.00000   100%   132 2075s
 1221118 464215    0.00000  148   41    1.00000    0.00000   100%   132 2081s
 1224553 465433    0.00000  135   60    1.00000    0.00000   100%   132 2086s
 1226584 466012 infeasible  147         1.00000    0.00000   100%   132 2091s
 1229331 467468 infeasible  143         1.00000    0.00000   100%   132 2096s
 1232096 468622    0.00000  134   35    1.00000    0.00000   100%   132 2100s
 1236340 470564    0.00000  128   96    1.00000    0.00000   100%   132 2105s
 1238836 471865    0.00000  143   83    1.00000    0.00000   100%   132 2110s
 1242297 473508    0.00000  105   37    1.00000    0.00000   100%   132 2115s
 1245358 474407    0.00000  139   26    1.00000    0.00000   100%   132 2121s
 1245382 474418    0.00000  141   38    1.00000    0.00000   100%   132 2125s
 1246159 475123    0.00000  117   24    1.00000    0.00000   100%   132 2131s
 1247807 475800    0.00000  137   70    1.00000    0.00000   100%   132 2136s
 1249899 476973    0.00000  118   72    1.00000    0.00000   100%   132 2140s
 1253090 478285    0.00000  149   19    1.00000    0.00000   100%   132 2145s
 1257394 479484    0.00000  103  105    1.00000    0.00000   100%   132 2150s
 1259626 480616    0.00000  137   21    1.00000    0.00000   100%   132 2156s
 1263348 481856    0.00000  127   12    1.00000    0.00000   100%   132 2161s
 1266144 483103    0.00000  102   46    1.00000    0.00000   100%   132 2165s
 1268756 483946    0.00000  145   60    1.00000    0.00000   100%   132 2170s
 1271117 484825 infeasible  147         1.00000    0.00000   100%   132 2175s
 1275086 485983    0.00000  136   42    1.00000    0.00000   100%   133 2180s
 1278633 487040    0.00000  136   17    1.00000    0.00000   100%   133 2185s
 1280897 488001 infeasible  127         1.00000    0.00000   100%   133 2190s
 1285309 489584    0.00000  135   45    1.00000    0.00000   100%   133 2196s
 1289020 490586    0.00000  157   11    1.00000    0.00000   100%   133 2200s
 1291698 491706 infeasible  141         1.00000    0.00000   100%   133 2205s
 1295914 493540    0.00000  133  105    1.00000    0.00000   100%   133 2210s
 1299284 494537    0.00000  134   73    1.00000    0.00000   100%   133 2215s
 1301479 495661 infeasible  141         1.00000    0.00000   100%   133 2221s
 1304762 496789    0.00000  137   27    1.00000    0.00000   100%   133 2226s
 1307587 497785 infeasible  153         1.00000    0.00000   100%   133 2230s
 1310269 498457    0.00000  136   34    1.00000    0.00000   100%   133 2237s
 1310294 498466    0.00000  137   33    1.00000    0.00000   100%   133 2240s
 1311265 499230    0.00000  136   57    1.00000    0.00000   100%   133 2246s
 1314596 500179    0.00000  128   18    1.00000    0.00000   100%   133 2250s
 1318383 501308    0.00000  132   22    1.00000    0.00000   100%   133 2255s
 1321100 502043    0.00000  139   29    1.00000    0.00000   100%   133 2260s
 1324203 503184    0.00000  158   13    1.00000    0.00000   100%   133 2265s
 1328599 504617 infeasible  153         1.00000    0.00000   100%   133 2270s
 1331309 505302 infeasible  151         1.00000    0.00000   100%   133 2275s
 1334892 506666    0.00000  127   20    1.00000    0.00000   100%   133 2280s
 1338604 507841    0.00000  157   77    1.00000    0.00000   100%   133 2285s
 1340774 508724    0.00000  143   20    1.00000    0.00000   100%   133 2290s
 1344615 509970 infeasible  145         1.00000    0.00000   100%   133 2296s
 1348267 511299    0.00000  138   33    1.00000    0.00000   100%   133 2300s
 1351860 512336    0.00000  137   24    1.00000    0.00000   100%   133 2305s
 1353990 512858 infeasible  140         1.00000    0.00000   100%   133 2310s
 1357909 514972 infeasible  147         1.00000    0.00000   100%   133 2316s
 1362202 516783    0.00000  132   24    1.00000    0.00000   100%   133 2320s
 1364575 517405    0.00000  137   19    1.00000    0.00000   100%   133 2325s
 1367698 518719    0.00000  130   78    1.00000    0.00000   100%   133 2330s
 1369371 519018    0.00000  141   64    1.00000    0.00000   100%   133 2335s
 1369435 519222 infeasible  144         1.00000    0.00000   100%   133 2341s
 1371373 519991    0.00000  131   22    1.00000    0.00000   100%   133 2345s
 1375629 521523    0.00000  148  109    1.00000    0.00000   100%   133 2351s
 1377870 522536 infeasible  154         1.00000    0.00000   100%   133 2356s
 1380829 523387    0.00000  146   43    1.00000    0.00000   100%   133 2360s
 1384572 524326    0.00000  133   64    1.00000    0.00000   100%   133 2365s
 1385212 524891    0.00000  137   41    1.00000    0.00000   100%   133 2370s
 1388381 526076    0.00000  146   63    1.00000    0.00000   100%   133 2375s
 1391997 527851    0.00000  137   31    1.00000    0.00000   100%   133 2380s
 1395569 529446    0.00000  144   55    1.00000    0.00000   100%   133 2385s
 1398565 530459    0.00000  140   83    1.00000    0.00000   100%   133 2390s
 1402432 531641    0.00000  134   35    1.00000    0.00000   100%   133 2395s
 1405013 532653    0.00000  146   34    1.00000    0.00000   100%   133 2400s
 1408206 534036    0.00000  137   54    1.00000    0.00000   100%   133 2405s
 1413250 535685    0.00000  146   16    1.00000    0.00000   100%   133 2410s
 1417330 536819    0.00000  135   54    1.00000    0.00000   100%   133 2415s
 1419961 537638    0.00000  141   33    1.00000    0.00000   100%   133 2420s
 1424047 538963    0.00000  160  122    1.00000    0.00000   100%   133 2425s
 1427825 540087 infeasible  174         1.00000    0.00000   100%   133 2430s
 1431070 541305    0.00000  138   33    1.00000    0.00000   100%   133 2435s
 1435301 542433 infeasible  151         1.00000    0.00000   100%   133 2440s
 1437725 543159    0.00000  128   54    1.00000    0.00000   100%   133 2445s
 1439593 546052    0.00000  166   72    1.00000    0.00000   100%   133 2466s
 1448930 546851    0.00000  142   59    1.00000    0.00000   100%   133 2470s
 1450640 547252    0.00000  130   34    1.00000    0.00000   100%   133 2475s
 1455662 548906    0.00000  145   73    1.00000    0.00000   100%   133 2480s
 1458572 549791    0.00000  145   66    1.00000    0.00000   100%   133 2485s
 1461186 550612    0.00000  152   84    1.00000    0.00000   100%   133 2490s
 1466169 551933    0.00000  163   32    1.00000    0.00000   100%   133 2495s
 1470207 553018    0.00000  162   99    1.00000    0.00000   100%   133 2500s
 1473783 553982    0.00000  143   45    1.00000    0.00000   100%   133 2505s
 1478405 555062    0.00000  158   34    1.00000    0.00000   100%   133 2510s
 1481156 555948    0.00000  163   91    1.00000    0.00000   100%   133 2515s
 1484291 557038    0.00000  151   76    1.00000    0.00000   100%   133 2521s
 1487823 558071    0.00000  157   73    1.00000    0.00000   100%   133 2525s
 1491806 559258    0.00000  137   45    1.00000    0.00000   100%   133 2530s
 1494831 560783    0.00000  137   71    1.00000    0.00000   100%   133 2535s
 1498461 562041    0.00000  147   42    1.00000    0.00000   100%   133 2540s
 1502019 563135    0.00000  139   55    1.00000    0.00000   100%   133 2545s
 1504345 563627    0.00000  142   28    1.00000    0.00000   100%   133 2550s
 1507227 564938    0.00000  166   82    1.00000    0.00000   100%   133 2555s
 1512300 566636    0.00000  136   52    1.00000    0.00000   100%   133 2560s
 1514907 567735    0.00000  114   33    1.00000    0.00000   100%   133 2565s
 1518826 568998    0.00000  163   76    1.00000    0.00000   100%   133 2570s
 1522481 569941    0.00000  168   30    1.00000    0.00000   100%   133 2575s
 1524763 570609 infeasible  155         1.00000    0.00000   100%   133 2581s
 1524799 570643    0.00000  157  125    1.00000    0.00000   100%   133 2587s
 1526156 571050 infeasible  167         1.00000    0.00000   100%   133 2590s
 1528575 572431    0.00000  151   61    1.00000    0.00000   100%   133 2596s
 1532077 573414 infeasible  174         1.00000    0.00000   100%   133 2600s
 1535728 574360 infeasible  158         1.00000    0.00000   100%   133 2605s
 1538160 575313    0.00000  160   69    1.00000    0.00000   100%   133 2610s
 1542391 576761 infeasible  154         1.00000    0.00000   100%   133 2615s
 1545900 577964    0.00000  143   44    1.00000    0.00000   100%   133 2620s
 1548551 579601 infeasible  157         1.00000    0.00000   100%   133 2625s
 1552758 581325    0.00000  154   78    1.00000    0.00000   100%   133 2631s
 1555614 582011    0.00000  137   16    1.00000    0.00000   100%   133 2635s
 1557189 582891    0.00000  145   62    1.00000    0.00000   100%   133 2640s
 1560500 584028    0.00000  147   27    1.00000    0.00000   100%   133 2645s
 1564093 585032 infeasible  161         1.00000    0.00000   100%   133 2650s
 1567404 585989 infeasible  155         1.00000    0.00000   100%   133 2655s
 1570780 587184    0.00000  149   40    1.00000    0.00000   100%   134 2660s
 1574356 588036    0.00000  137   16    1.00000    0.00000   100%   134 2665s
 1576765 589023 infeasible  164         1.00000    0.00000   100%   134 2670s
 1580049 589901    0.00000  157   22    1.00000    0.00000   100%   134 2675s
 1584513 591133    0.00000  153   95    1.00000    0.00000   100%   134 2680s
 1587647 592441    0.00000  157   31    1.00000    0.00000   100%   134 2687s
 1590056 592889    0.00000  157   72    1.00000    0.00000   100%   134 2690s
 1592187 593215    0.00000  153   38    1.00000    0.00000   100%   134 2696s
 1592576 593644 infeasible  157         1.00000    0.00000   100%   134 2700s
 1594096 594566    0.00000  159   79    1.00000    0.00000   100%   134 2705s
 1598617 596136    0.00000  177   79    1.00000    0.00000   100%   134 2710s
 1600689 596719 infeasible  150         1.00000    0.00000   100%   134 2715s
 1603590 597874    0.00000  142   77    1.00000    0.00000   100%   134 2720s
 1606751 599275    0.00000  156   35    1.00000    0.00000   100%   134 2725s
 1610394 600886 infeasible  190         1.00000    0.00000   100%   134 2730s
 1614167 602756 infeasible  158         1.00000    0.00000   100%   134 2736s
 1617083 603977    0.00000  173   63    1.00000    0.00000   100%   134 2740s
 1619543 604910 infeasible  159         1.00000    0.00000   100%   134 2745s
 1623509 606397 infeasible  162         1.00000    0.00000   100%   134 2750s
 1627700 608086    0.00000  134   55    1.00000    0.00000   100%   134 2755s
 1630408 608929    0.00000  162   52    1.00000    0.00000   100%   134 2760s
 1632699 611097    0.00000  144   74    1.00000    0.00000   100%   134 2768s
 1636985 611719    0.00000  158   68    1.00000    0.00000   100%   134 2770s
 1641191 613265 infeasible  159         1.00000    0.00000   100%   134 2775s
 1644936 614691    0.00000  157   48    1.00000    0.00000   100%   134 2780s
 1648641 616437    0.00000  157   25    1.00000    0.00000   100%   134 2785s
 1652745 618065    0.00000  142   55    1.00000    0.00000   100%   134 2790s
 1654932 618893 infeasible  164         1.00000    0.00000   100%   134 2795s
 1656784 619156    0.00000  150   56    1.00000    0.00000   100%   134 2800s
 1656805 619163    0.00000  151   41    1.00000    0.00000   100%   134 2807s
 1656896 619397    0.00000  156   86    1.00000    0.00000   100%   134 2812s
 1658217 619811 infeasible  143         1.00000    0.00000   100%   134 2815s
 1661248 621218    0.00000  157   80    1.00000    0.00000   100%   134 2820s
 1665257 622682 infeasible  146         1.00000    0.00000   100%   134 2825s
 1668612 623799 infeasible  127         1.00000    0.00000   100%   134 2830s
 1672910 625162    0.00000  158   90    1.00000    0.00000   100%   134 2835s
 1675837 626337    0.00000  146    9    1.00000    0.00000   100%   134 2840s
 1679555 627537    0.00000  155   56    1.00000    0.00000   100%   134 2845s
 1683842 628605    0.00000  137   74    1.00000    0.00000   100%   134 2850s
 1685668 629316 infeasible  157         1.00000    0.00000   100%   134 2855s
 1688570 630827    0.00000  165   83    1.00000    0.00000   100%   134 2861s
 1692246 632081 infeasible  167         1.00000    0.00000   100%   134 2866s
 1695778 633064    0.00000  159   92    1.00000    0.00000   100%   134 2870s
 1699283 634440    0.00000  150   60    1.00000    0.00000   100%   134 2875s
 1703370 635701 infeasible  166         1.00000    0.00000   100%   134 2880s
 1706868 636650    0.00000  162   76    1.00000    0.00000   100%   134 2885s
 1706982 638905 infeasible  166         1.00000    0.00000   100%   134 2893s
 1714743 639398    0.00000  147   26    1.00000    0.00000   100%   134 2895s
 1717164 640047 infeasible  166         1.00000    0.00000   100%   134 2900s
 1720465 641404 infeasible  156         1.00000    0.00000   100%   134 2905s
 1724105 642721    0.00000  151   16    1.00000    0.00000   100%   134 2910s
 1727690 643757    0.00000  138   57    1.00000    0.00000   100%   134 2915s
 1731212 644943 infeasible  161         1.00000    0.00000   100%   134 2920s
 1735596 646139    0.00000  182   60    1.00000    0.00000   100%   134 2925s
 1736494 647233    0.00000  119   88    1.00000    0.00000   100%   134 2930s
 1741368 647931    0.00000  143  111    1.00000    0.00000   100%   134 2935s
 1741400 647957    0.00000  148   31    1.00000    0.00000   100%   134 2941s
 1742547 648607    0.00000  157   10    1.00000    0.00000   100%   134 2945s
 1745624 649566 infeasible  187         1.00000    0.00000   100%   134 2951s
 1749764 650617 infeasible  157         1.00000    0.00000   100%   134 2956s
 1752843 651931    0.00000  166   90    1.00000    0.00000   100%   134 2960s
 1756355 653017    0.00000  137   29    1.00000    0.00000   100%   134 2965s
 1759368 653677 infeasible  157         1.00000    0.00000   100%   134 2970s
 1761490 654809    0.00000  147   29    1.00000    0.00000   100%   134 2975s
 1765339 656121    0.00000  160   94    1.00000    0.00000   100%   134 2980s
 1768896 657467 infeasible  168         1.00000    0.00000   100%   134 2985s
 1772117 658532    0.00000  127   43    1.00000    0.00000   100%   134 2990s
 1776273 660138    0.00000  147   17    1.00000    0.00000   100%   134 2995s
 1779633 661163    0.00000  145  102    1.00000    0.00000   100%   134 3000s
 1782325 661914    0.00000  161   58    1.00000    0.00000   100%   134 3005s
 1785924 663221 infeasible  146         1.00000    0.00000   100%   134 3010s
 1789304 664312    0.00000  138   52    1.00000    0.00000   100%   134 3015s
 1792841 664940    0.00000  162   43    1.00000    0.00000   100%   134 3020s
 1796048 666296 infeasible  137         1.00000    0.00000   100%   134 3025s
 1799764 667508    0.00000  143   81    1.00000    0.00000   100%   134 3030s
 1801115 668016 infeasible  157         1.00000    0.00000   100%   134 3035s
 1802107 668019 infeasible  177         1.00000    0.00000   100%   134 3040s
 1803268 668442    0.00000  149   67    1.00000    0.00000   100%   134 3045s
 1806007 669667 infeasible  163         1.00000    0.00000   100%   134 3050s
 1809001 670612    0.00000  150   29    1.00000    0.00000   100%   134 3055s
 1812804 671820 infeasible  156         1.00000    0.00000   100%   134 3061s
 1815483 672744    0.00000  154   73    1.00000    0.00000   100%   134 3065s
 1820207 674303 infeasible  149         1.00000    0.00000   100%   134 3070s
 1823581 675372    0.00000  154   57    1.00000    0.00000   100%   134 3075s
 1824662 677053    0.00000  157   16    1.00000    0.00000   100%   134 3084s
 1830109 677429 infeasible  197         1.00000    0.00000   100%   134 3085s
 1834883 678775    0.00000  157   28    1.00000    0.00000   100%   134 3090s
 1836946 679739    0.00000  166   51    1.00000    0.00000   100%   134 3095s
 1840347 680921    0.00000  167   25    1.00000    0.00000   100%   134 3100s
 1843998 681800    0.00000  177   23    1.00000    0.00000   100%   134 3105s
 1846325 682872 infeasible  137         1.00000    0.00000   100%   134 3110s
 1851474 684267 infeasible  159         1.00000    0.00000   100%   134 3116s
 1855036 685166    0.00000  121   22    1.00000    0.00000   100%   134 3120s
 1856861 685988    0.00000  146   80    1.00000    0.00000   100%   134 3125s
 1860778 687068 infeasible  164         1.00000    0.00000   100%   134 3130s
 1863865 687687    0.00000  148   34    1.00000    0.00000   100%   134 3136s
 1863895 687693    0.00000  150   35    1.00000    0.00000   100%   134 3141s
 1863948 687835 infeasible  150         1.00000    0.00000   100%   134 3146s
 1865448 688570    0.00000  144   57    1.00000    0.00000   100%   134 3151s
 1868425 689567    0.00000  154   74    1.00000    0.00000   100%   134 3155s
 1872100 690675 infeasible  151         1.00000    0.00000   100%   134 3160s
 1876438 692068    0.00000  190  123    1.00000    0.00000   100%   134 3165s
 1879582 693147 infeasible  137         1.00000    0.00000   100%   134 3170s
 1883009 694270 infeasible  151         1.00000    0.00000   100%   134 3175s
 1886129 695333 infeasible  159         1.00000    0.00000   100%   134 3181s
 1889612 696785 infeasible  166         1.00000    0.00000   100%   134 3185s
 1894169 698328 infeasible  146         1.00000    0.00000   100%   134 3191s
 1896809 699115    0.00000  170   88    1.00000    0.00000   100%   134 3195s
 1899455 701179    0.00000  150   56    1.00000    0.00000   100%   134 3204s
 1903849 701383 infeasible  148         1.00000    0.00000   100%   134 3205s
 1907613 702456    0.00000  147   58    1.00000    0.00000   100%   134 3210s
 1911464 703533    0.00000  146   16    1.00000    0.00000   100%   134 3215s
 1915321 704458    0.00000  117   16    1.00000    0.00000   100%   134 3220s
 1918039 705507    0.00000  119   20    1.00000    0.00000   100%   134 3226s
 1920748 706593 infeasible  152         1.00000    0.00000   100%   134 3230s
 1924474 707758    0.00000  145   65    1.00000    0.00000   100%   134 3235s
 1927951 708952    0.00000  134   28    1.00000    0.00000   100%   134 3240s
 1930777 709783    0.00000  157   63    1.00000    0.00000   100%   134 3245s
 1935368 711048    0.00000  124   40    1.00000    0.00000   100%   134 3250s
 1937983 711627    0.00000  137   90    1.00000    0.00000   100%   134 3255s
 1941242 712694 infeasible  155         1.00000    0.00000   100%   134 3261s
 1944487 713924 infeasible  151         1.00000    0.00000   100%   134 3265s
 1947896 714574    0.00000  130   56    1.00000    0.00000   100%   134 3270s
 1947932 714610    0.00000  131   69    1.00000    0.00000   100%   134 3276s
 1948766 715013    0.00000  140   52    1.00000    0.00000   100%   134 3280s
 1951332 715588    0.00000  142   69    1.00000    0.00000   100%   134 3285s
 1953594 716669    0.00000  127   21    1.00000    0.00000   100%   134 3291s
 1956768 717875    0.00000  147   18    1.00000    0.00000   100%   134 3295s
 1961829 719242    0.00000  137   63    1.00000    0.00000   100%   134 3300s
 1964161 719988    0.00000  146   47    1.00000    0.00000   100%   134 3305s
 1968238 721440 infeasible  166         1.00000    0.00000   100%   134 3310s
 1972610 722812    0.00000  123   23    1.00000    0.00000   100%   134 3315s
 1973827 723922 infeasible  135         1.00000    0.00000   100%   134 3321s
 1978593 724747 infeasible  136         1.00000    0.00000   100%   134 3325s
 1981452 725437    0.00000  143  109    1.00000    0.00000   100%   134 3330s
 1985218 726515 infeasible  142         1.00000    0.00000   100%   134 3335s
 1989220 727593 infeasible  128         1.00000    0.00000   100%   134 3340s
 1993223 728898    0.00000  136   83    1.00000    0.00000   100%   134 3345s
 1996273 729677 infeasible  142         1.00000    0.00000   100%   134 3350s
 1999578 730658    0.00000  152   79    1.00000    0.00000   100%   134 3355s
 2002531 731761 infeasible  126         1.00000    0.00000   100%   134 3360s
 2005522 732791 infeasible  141         1.00000    0.00000   100%   134 3365s
 2008729 733870 infeasible  146         1.00000    0.00000   100%   134 3370s
 2012837 735167 infeasible  146         1.00000    0.00000   100%   134 3375s
 2016295 736186    0.00000  139   99    1.00000    0.00000   100%   134 3380s
 2019343 737226    0.00000  132   39    1.00000    0.00000   100%   134 3385s
 2021855 737663    0.00000  179   42    1.00000    0.00000   100%   134 3391s
 2021885 737687    0.00000  181   63    1.00000    0.00000   100%   134 3396s
 2022829 738332    0.00000  121   27    1.00000    0.00000   100%   134 3400s
 2025752 739319 infeasible  139         1.00000    0.00000   100%   134 3405s
 2028739 740339    0.00000  121   25    1.00000    0.00000   100%   134 3410s
 2033679 741783    0.00000  148   64    1.00000    0.00000   100%   134 3416s
 2037210 742603    0.00000  161   59    1.00000    0.00000   100%   134 3420s
 2038290 743448 infeasible  157         1.00000    0.00000   100%   134 3425s
 2042251 744853    0.00000  147   34    1.00000    0.00000   100%   134 3430s
 2046056 746123 infeasible  147         1.00000    0.00000   100%   134 3435s
 2048695 747271    0.00000  113   89    1.00000    0.00000   100%   134 3440s
 2053053 748625    0.00000  124   39    1.00000    0.00000   100%   134 3445s
 2056330 749707    0.00000  134   72    1.00000    0.00000   100%   134 3450s
 2059178 750544    0.00000  137   11    1.00000    0.00000   100%   134 3455s
 2062595 751804 infeasible  183         1.00000    0.00000   100%   134 3460s
 2066067 752529    0.00000  151   54    1.00000    0.00000   100%   134 3465s
 2069041 753397    0.00000  134   58    1.00000    0.00000   100%   134 3470s
 2071841 754446 infeasible  139         1.00000    0.00000   100%   134 3475s
 2076271 755935    0.00000  132   91    1.00000    0.00000   100%   134 3481s
 2078217 759047    0.00000  129   77    1.00000    0.00000   100%   134 3495s
 2086645 759427    0.00000  159   61    1.00000    0.00000   100%   135 3502s
 2087442 759747    0.00000  161   73    1.00000    0.00000   100%   135 3505s
 2089081 760563    0.00000  169   20    1.00000    0.00000   100%   135 3511s
 2092664 761858 infeasible  185         1.00000    0.00000   100%   135 3515s
 2097139 763184    0.00000  125   45    1.00000    0.00000   100%   135 3520s
 2099580 764070    0.00000  129   43    1.00000    0.00000   100%   135 3525s
 2104261 765591    0.00000  172   53    1.00000    0.00000   100%   135 3530s
 2106514 766313    0.00000  148   91    1.00000    0.00000   100%   135 3535s
 2107539 767877 infeasible  175         1.00000    0.00000   100%   135 3542s
 2113226 768409 infeasible  127         1.00000    0.00000   100%   135 3545s
 2117559 769752    0.00000  146   94    1.00000    0.00000   100%   135 3550s
 2120014 770721    0.00000  154   61    1.00000    0.00000   100%   135 3555s
 2123762 772034    0.00000  106   52    1.00000    0.00000   100%   135 3560s
 2126996 773133    0.00000  157   17    1.00000    0.00000   100%   135 3565s
 2129891 774233 infeasible  139         1.00000    0.00000   100%   135 3570s
 2133851 775626 infeasible  166         1.00000    0.00000   100%   135 3576s
 2134932 775634    0.00000  149   16    1.00000    0.00000   100%   135 3580s
 2135110 775892    0.00000  152   50    1.00000    0.00000   100%   135 3585s
 2136853 776734 infeasible  167         1.00000    0.00000   100%   135 3590s
 2138871 777740 infeasible  168         1.00000    0.00000   100%   135 3595s
 2143364 779164    0.00000  160   68    1.00000    0.00000   100%   135 3600s
 2147552 780715    0.00000  150   86    1.00000    0.00000   100%   135 3606s
 2150186 781499    0.00000  162   96    1.00000    0.00000   100%   135 3610s
 2153975 782639    0.00000  162   57    1.00000    0.00000   100%   135 3615s
 2156364 783555    0.00000  164   33    1.00000    0.00000   100%   135 3620s
 2159801 784671    0.00000  151   60    1.00000    0.00000   100%   135 3625s
 2163252 785760 infeasible  157         1.00000    0.00000   100%   135 3630s
 2166920 786936    0.00000  166  110    1.00000    0.00000   100%   135 3635s
 2170350 787661 infeasible  152         1.00000    0.00000   100%   135 3640s
 2173320 788718    0.00000  166   15    1.00000    0.00000   100%   135 3645s
 2177135 790143 infeasible  140         1.00000    0.00000   100%   135 3650s
 2180242 791349    0.00000  137   56    1.00000    0.00000   100%   135 3656s
 2182935 792388    0.00000  142   28    1.00000    0.00000   100%   135 3661s
 2186585 793759    0.00000  137   34    1.00000    0.00000   100%   135 3665s
 2190486 794948 infeasible  166         1.00000    0.00000   100%   135 3670s
 2193724 795699    0.00000  184   89    1.00000    0.00000   100%   135 3676s
 2193766 795705 infeasible  187         1.00000    0.00000   100%   135 3680s
 2194545 796397 infeasible  162         1.00000    0.00000   100%   135 3686s
 2197476 797168 infeasible  169         1.00000    0.00000   100%   135 3690s
 2200367 798196    0.00000  158   94    1.00000    0.00000   100%   135 3695s
 2203709 799221    0.00000  155   20    1.00000    0.00000   100%   135 3700s
 2207326 800541    0.00000  145   87    1.00000    0.00000   100%   135 3705s
 2211271 801626 infeasible  178         1.00000    0.00000   100%   135 3710s
 2213314 802085    0.00000  164   73    1.00000    0.00000   100%   135 3715s
 2216293 803267    0.00000  151   79    1.00000    0.00000   100%   135 3720s
 2220844 804666    0.00000  157   16    1.00000    0.00000   100%   135 3725s
 2224046 805449 infeasible  164         1.00000    0.00000   100%   135 3730s
 2226630 806620    0.00000  141   49    1.00000    0.00000   100%   135 3735s
 2231145 807995    0.00000  167   23    1.00000    0.00000   100%   135 3740s
 2234020 809014 infeasible  157         1.00000    0.00000   100%   135 3745s
 2236387 810093    0.00000  167   29    1.00000    0.00000   100%   135 3750s
 2240592 811798    0.00000  147   22    1.00000    0.00000   100%   135 3756s
 2244480 813269    0.00000  137   11    1.00000    0.00000   100%   135 3760s
 2246979 814130    0.00000  147   29    1.00000    0.00000   100%   135 3765s
 2251359 815610    0.00000  156   87    1.00000    0.00000   100%   135 3770s
 2253416 816405    0.00000  167   21    1.00000    0.00000   100%   135 3775s
 2256830 817783    0.00000  130   31    1.00000    0.00000   100%   135 3780s
 2260339 819071    0.00000  155   98    1.00000    0.00000   100%   135 3785s
 2262890 819744    0.00000  141   15    1.00000    0.00000   100%   135 3791s
 2262914 819749    0.00000  143   32    1.00000    0.00000   100%   135 3796s
 2262995 819889    0.00000  142   26    1.00000    0.00000   100%   135 3800s
 2265948 820786    0.00000  170  115    1.00000    0.00000   100%   135 3806s
 2267332 821590    0.00000  160   67    1.00000    0.00000   100%   135 3811s
 2271741 822928    0.00000  167    8    1.00000    0.00000   100%   135 3816s
 2275459 824305    0.00000  169   49    1.00000    0.00000   100%   135 3820s
 2278407 825118    0.00000  172   46    1.00000    0.00000   100%   135 3825s
 2281898 826377    0.00000  167   30    1.00000    0.00000   100%   135 3830s
 2286112 828092    0.00000  160   93    1.00000    0.00000   100%   135 3835s
 2287954 831244    0.00000  165   81    1.00000    0.00000   100%   135 3849s
 2295954 831560    0.00000  153   50    1.00000    0.00000   100%   135 3851s
 2298843 832171    0.00000  149   77    1.00000    0.00000   100%   135 3855s
 2301562 833373 infeasible  167         1.00000    0.00000   100%   135 3860s
 2305230 834636    0.00000  147   95    1.00000    0.00000   100%   135 3865s
 2309535 835658 infeasible  159         1.00000    0.00000   100%   135 3870s
 2311878 836678 infeasible  125         1.00000    0.00000   100%   135 3875s
 2315952 838044    0.00000  129   37    1.00000    0.00000   100%   135 3880s
 2317841 840903    0.00000  160   77    1.00000    0.00000   100%   135 3894s
 2325841 840917    0.00000  167  100    1.00000    0.00000   100%   135 3895s
 2328414 842253    0.00000  165   62    1.00000    0.00000   100%   135 3900s
 2332311 843501    0.00000  169   44    1.00000    0.00000   100%   135 3905s
 2335028 844371    0.00000  167   38    1.00000    0.00000   100%   135 3910s
 2338496 845775    0.00000  138  104    1.00000    0.00000   100%   135 3916s
 2342427 847095    0.00000  128   16    1.00000    0.00000   100%   135 3920s
 2346250 847890    0.00000  179   64    1.00000    0.00000   100%   135 3925s
 2346297 847910 infeasible  180         1.00000    0.00000   100%   135 3931s
 2347165 848431 infeasible  180         1.00000    0.00000   100%   135 3935s
 2350637 849441 infeasible  127         1.00000    0.00000   100%   135 3940s
 2354268 851205    0.00000  154   46    1.00000    0.00000   100%   135 3945s
 2356367 851962    0.00000  142  103    1.00000    0.00000   100%   135 3950s
 2358719 853572    0.00000  148   42    1.00000    0.00000   100%   135 3956s
 2362305 855411    0.00000  159   66    1.00000    0.00000   100%   135 3961s
 2365047 856991    0.00000  127   72    1.00000    0.00000   100%   135 3965s
 2367390 858041    0.00000  127   28    1.00000    0.00000   100%   135 3970s
 2370803 859571 infeasible  157         1.00000    0.00000   100%   135 3975s
 2374223 861221 infeasible  154         1.00000    0.00000   100%   135 3981s
 2377072 862202 infeasible  147         1.00000    0.00000   100%   135 3985s
 2377192 864965    0.00000  147   29    1.00000    0.00000   100%   135 3993s
 2383292 865293    0.00000  136   48    1.00000    0.00000   100%   135 3995s
 2385358 866454    0.00000  150   27    1.00000    0.00000   100%   135 4000s
 2388247 867765    0.00000  134   96    1.00000    0.00000   100%   135 4005s
 2391926 869323    0.00000  149   33    1.00000    0.00000   100%   135 4011s
 2394633 870424    0.00000  127   30    1.00000    0.00000   100%   135 4015s
 2397858 871609 infeasible  153         1.00000    0.00000   100%   135 4021s
 2399968 872733 infeasible  144         1.00000    0.00000   100%   135 4025s
 2403474 874565    0.00000  136   66    1.00000    0.00000   100%   135 4030s
 2405869 875666    0.00000  133   72    1.00000    0.00000   100%   135 4036s
 2407460 876634    0.00000  156   68    1.00000    0.00000   100%   135 4042s
 2408318 876869    0.00000  151   42    1.00000    0.00000   100%   135 4045s
 2409898 877947    0.00000  147   20    1.00000    0.00000   100%   135 4050s
 2414105 879181    0.00000  143   96    1.00000    0.00000   100%   135 4055s
 2416615 880507 infeasible  157         1.00000    0.00000   100%   135 4060s
 2419550 881349    0.00000  120  108    1.00000    0.00000   100%   135 4065s
 2421867 882751 infeasible  137         1.00000    0.00000   100%   135 4070s
 2425898 883915    0.00000  128   61    1.00000    0.00000   100%   135 4075s
 2428010 885032    0.00000  157   77    1.00000    0.00000   100%   135 4080s
 2428971 885044    0.00000  145   86    1.00000    0.00000   100%   135 4085s
 2428993 885087    0.00000  147   73    1.00000    0.00000   100%   135 4090s
 2429978 885417    0.00000  138   44    1.00000    0.00000   100%   135 4096s
 2431692 886442 infeasible  137         1.00000    0.00000   100%   135 4100s
 2435649 887713    0.00000  151   50    1.00000    0.00000   100%   135 4106s
 2438251 888645    0.00000  139   57    1.00000    0.00000   100%   135 4110s
 2441250 890039    0.00000  167   22    1.00000    0.00000   100%   135 4116s
 2444590 891202    0.00000  136   71    1.00000    0.00000   100%   135 4121s
 2448492 892440 infeasible  137         1.00000    0.00000   100%   135 4126s
 2450596 893455 infeasible  146         1.00000    0.00000   100%   135 4130s
 2451511 896354 infeasible  143         1.00000    0.00000   100%   135 4143s
 2460320 896978 infeasible  139         1.00000    0.00000   100%   135 4145s
 2461958 897487    0.00000  154   44    1.00000    0.00000   100%   135 4151s
 2464761 899125    0.00000  147   35    1.00000    0.00000   100%   135 4155s
 2468708 900733    0.00000  150   56    1.00000    0.00000   100%   135 4160s
 2471790 901882 infeasible  126         1.00000    0.00000   100%   135 4165s
 2474128 902897    0.00000  135   80    1.00000    0.00000   100%   135 4170s
 2477453 904108 infeasible  157         1.00000    0.00000   100%   135 4175s
 2480969 905463    0.00000  138   35    1.00000    0.00000   100%   135 4180s
 2482893 906036    0.00000  136   20    1.00000    0.00000   100%   135 4185s
 2486066 907325    0.00000  145   26    1.00000    0.00000   100%   135 4190s
 2489576 908494    0.00000  156   96    1.00000    0.00000   100%   135 4195s
 2492807 909387    0.00000  148   85    1.00000    0.00000   100%   135 4200s
 2493880 910125    0.00000  139  118    1.00000    0.00000   100%   135 4205s
 2497348 911579    0.00000  146   15    1.00000    0.00000   100%   135 4210s
 2498043 911577    0.00000  138   68    1.00000    0.00000   100%   135 4217s
 2498261 912270    0.00000  140   67    1.00000    0.00000   100%   135 4222s
 2499734 912846 infeasible  148         1.00000    0.00000   100%   135 4226s
 2503528 913830    0.00000  142  100    1.00000    0.00000   100%   135 4231s
 2504857 914254    0.00000  124   43    1.00000    0.00000   100%   135 4235s
 2508269 915781    0.00000  139   27    1.00000    0.00000   100%   135 4241s
 2511297 917128    0.00000  142   25    1.00000    0.00000   100%   135 4245s
 2514666 918302    0.00000  141   29    1.00000    0.00000   100%   135 4251s
 2516126 919045    0.00000  127   35    1.00000    0.00000   100%   135 4255s
 2520101 920436    0.00000  144   68    1.00000    0.00000   100%   135 4260s
 2522768 921254    0.00000  166   79    1.00000    0.00000   100%   135 4265s
 2526187 922222    0.00000  151   93    1.00000    0.00000   100%   135 4271s
 2526250 925153    0.00000  149   61    1.00000    0.00000   100%   135 4283s
 2535151 925497    0.00000  147   41    1.00000    0.00000   100%   135 4286s
 2536867 926194    0.00000  183   81    1.00000    0.00000   100%   135 4291s
 2539278 927291 infeasible  153         1.00000    0.00000   100%   135 4295s
 2542814 928489    0.00000  143   70    1.00000    0.00000   100%   135 4300s
 2546372 929816    0.00000  149  144    1.00000    0.00000   100%   135 4305s
 2548723 930761    0.00000  150   95    1.00000    0.00000   100%   135 4310s
 2552250 932466    0.00000  139   65    1.00000    0.00000   100%   135 4315s
 2555076 934054    0.00000  145   87    1.00000    0.00000   100%   135 4321s
 2557791 934838 infeasible  176         1.00000    0.00000   100%   135 4325s
 2557826 934896 infeasible  176         1.00000    0.00000   100%   135 4330s
 2558358 935341    0.00000  149   72    1.00000    0.00000   100%   135 4335s
 2560977 936634    0.00000  157   65    1.00000    0.00000   100%   135 4341s
 2564622 938032    0.00000  137   67    1.00000    0.00000   100%   135 4346s
 2567545 939475    0.00000  137  123    1.00000    0.00000   100%   135 4350s
 2569753 940155    0.00000  140   76    1.00000    0.00000   100%   135 4355s
 2573370 941518 infeasible  171         1.00000    0.00000   100%   135 4361s
 2577078 942894    0.00000  141   97    1.00000    0.00000   100%   135 4365s
 2579131 943335    0.00000  142   62    1.00000    0.00000   100%   135 4371s
 2580576 944246    0.00000  161   45    1.00000    0.00000   100%   135 4375s
 2584545 945957    0.00000  148   45    1.00000    0.00000   100%   135 4380s
 2588200 947051 infeasible  137         1.00000    0.00000   100%   135 4385s
 2590224 947682    0.00000  141   83    1.00000    0.00000   100%   135 4390s
 2592017 948288    0.00000  137  112    1.00000    0.00000   100%   135 4395s
 2594309 949263    0.00000  161  102    1.00000    0.00000   100%   135 4400s
 2598040 950578    0.00000  147   44    1.00000    0.00000   100%   135 4405s
 2600518 951355    0.00000  146   57    1.00000    0.00000   100%   135 4411s
 2600695 952928 infeasible  139         1.00000    0.00000   100%   135 4417s
 2606074 953387    0.00000  157   35    1.00000    0.00000   100%   135 4420s
 2609512 954592    0.00000  137   28    1.00000    0.00000   100%   135 4425s
 2612381 955693    0.00000  146   10    1.00000    0.00000   100%   135 4431s
 2615015 956726 infeasible  147         1.00000    0.00000   100%   135 4435s
 2616866 957135    0.00000  159  102    1.00000    0.00000   100%   135 4441s
 2617075 957307    0.00000  162  106    1.00000    0.00000   100%   135 4446s
 2618351 957675 infeasible  156         1.00000    0.00000   100%   135 4450s
 2621898 958834    0.00000  149   27    1.00000    0.00000   100%   135 4456s
 2623843 959987    0.00000  118   46    1.00000    0.00000   100%   135 4460s
 2627355 961055    0.00000  137   89    1.00000    0.00000   100%   135 4465s
 2631188 962357    0.00000  127   57    1.00000    0.00000   100%   135 4470s
 2633213 963064    0.00000  155   68    1.00000    0.00000   100%   135 4475s
 2636887 964233    0.00000  156   14    1.00000    0.00000   100%   135 4480s
 2639603 965204    0.00000  154   93    1.00000    0.00000   100%   135 4485s
 2642041 966039    0.00000  142   87    1.00000    0.00000   100%   135 4490s
 2644644 967109    0.00000  137   26    1.00000    0.00000   100%   135 4495s
 2648107 968269    0.00000  143  104    1.00000    0.00000   100%   135 4500s
 2651425 969437    0.00000  132   37    1.00000    0.00000   100%   135 4505s
 2653810 969973 infeasible  141         1.00000    0.00000   100%   135 4510s
 2656100 971055 infeasible  147         1.00000    0.00000   100%   135 4515s
 2659487 972133    0.00000  127   24    1.00000    0.00000   100%   135 4520s
 2662174 973058 infeasible  141         1.00000    0.00000   100%   135 4525s
 2665082 974148 infeasible  160         1.00000    0.00000   100%   135 4530s
 2668574 975529    0.00000  143   59    1.00000    0.00000   100%   135 4536s
 2671427 976326 infeasible  142         1.00000    0.00000   100%   135 4540s
 2673068 977015 infeasible  147         1.00000    0.00000   100%   135 4545s
 2674009 979771 infeasible  149         1.00000    0.00000   100%   135 4565s
 2683064 980618    0.00000  152   96    1.00000    0.00000   100%   135 4571s
 2685708 981438    0.00000  157   19    1.00000    0.00000   100%   135 4575s
 2689086 982514 infeasible  157         1.00000    0.00000   100%   135 4580s
 2691659 983073    0.00000  148  112    1.00000    0.00000   100%   135 4585s
 2692673 983692    0.00000  142   28    1.00000    0.00000   100%   135 4590s
 2696508 984951    0.00000  147   39    1.00000    0.00000   100%   135 4595s
 2700454 986237    0.00000  129   37    1.00000    0.00000   100%   135 4601s
 2702757 987051    0.00000  144   30    1.00000    0.00000   100%   135 4606s
 2705563 988042 infeasible  147         1.00000    0.00000   100%   135 4610s
 2709065 989087 infeasible  161         1.00000    0.00000   100%   135 4615s
 2712889 990352 infeasible  146         1.00000    0.00000   100%   135 4620s
 2715851 991641 infeasible  147         1.00000    0.00000   100%   135 4625s
 2719379 993084 infeasible  147         1.00000    0.00000   100%   135 4631s
 2722779 993941    0.00000  127   32    1.00000    0.00000   100%   135 4636s
 2723347 994503 infeasible  154         1.00000    0.00000   100%   135 4640s
 2726891 995855 infeasible  147         1.00000    0.00000   100%   135 4645s
 2730720 996876    0.00000  140   31    1.00000    0.00000   100%   135 4650s
 2730750 996895    0.00000  142   33    1.00000    0.00000   100%   135 4656s
 2730768 996981    0.00000  144   55    1.00000    0.00000   100%   135 4660s
 2732091 997526    0.00000  137   59    1.00000    0.00000   100%   135 4665s
 2733714 998865    0.00000  142   70    1.00000    0.00000   100%   135 4674s
 2736086 999332 infeasible  150         1.00000    0.00000   100%   135 4675s
 2739989 1000347    0.00000  139   42    1.00000    0.00000   100%   135 4681s
 2742924 1001157    0.00000  136   21    1.00000    0.00000   100%   135 4685s
 2744126 1001486    0.00000  145   55    1.00000    0.00000   100%   135 4691s
 2747225 1002704 infeasible  160         1.00000    0.00000   100%   135 4695s
 2750753 1003754 infeasible  151         1.00000    0.00000   100%   135 4700s
 2754360 1004949 infeasible  142         1.00000    0.00000   100%   135 4706s
 2757455 1006108    0.00000  164   54    1.00000    0.00000   100%   135 4710s
 2760901 1007292 infeasible  140         1.00000    0.00000   100%   135 4715s
 2764650 1008299    0.00000  147   33    1.00000    0.00000   100%   135 4720s
 2767226 1009229 infeasible  140         1.00000    0.00000   100%   135 4725s
 2770578 1010313    0.00000  157   15    1.00000    0.00000   100%   135 4730s
 2773268 1011224    0.00000  142   54    1.00000    0.00000   100%   135 4735s
 2775907 1012212 infeasible  153         1.00000    0.00000   100%   135 4740s
 2779836 1013204    0.00000  147   10    1.00000    0.00000   100%   135 4745s
 2783152 1014226    0.00000  140   34    1.00000    0.00000   100%   135 4750s
 2785966 1015206 infeasible  157         1.00000    0.00000   100%   135 4755s
 2788628 1016491    0.00000  178   77    1.00000    0.00000   100%   135 4760s
 2792252 1017735    0.00000  141   77    1.00000    0.00000   100%   135 4765s
 2795800 1018838    0.00000  137   25    1.00000    0.00000   100%   135 4770s
 2797024 1019277    0.00000  139   47    1.00000    0.00000   100%   135 4775s
 2801780 1021022 infeasible  147         1.00000    0.00000   100%   135 4781s
 2804255 1022099    0.00000  116   53    1.00000    0.00000   100%   135 4786s
 2804276 1022107    0.00000  115   63    1.00000    0.00000   100%   135 4790s
 2804552 1022320 infeasible  127         1.00000    0.00000   100%   135 4796s
 2805799 1023215    0.00000  137   24    1.00000    0.00000   100%   135 4800s
 2807659 1024002    0.00000  119   36    1.00000    0.00000   100%   135 4805s
 2811217 1025701    0.00000  137   41    1.00000    0.00000   100%   135 4810s
 2814729 1027212 infeasible  124         1.00000    0.00000   100%   135 4815s
 2817011 1028175    0.00000  116   12    1.00000    0.00000   100%   135 4820s
 2820072 1029697    0.00000  147   27    1.00000    0.00000   100%   135 4826s
 2822300 1030545    0.00000  137   67    1.00000    0.00000   100%   135 4830s
 2824441 1031419 infeasible  141         1.00000    0.00000   100%   135 4836s
 2827595 1032329    0.00000  136   30    1.00000    0.00000   100%   135 4840s
 2830641 1033455 infeasible  157         1.00000    0.00000   100%   135 4845s
 2834061 1034887    0.00000  125   50    1.00000    0.00000   100%   135 4851s
 2836746 1036110    0.00000  147   23    1.00000    0.00000   100%   135 4855s
 2838455 1036541    0.00000  126   18    1.00000    0.00000   100%   135 4860s
 2841913 1038127 infeasible  134         1.00000    0.00000   100%   135 4865s
 2845316 1039530 infeasible  133         1.00000    0.00000   100%   135 4870s
 2848660 1040514    0.00000  127   19    1.00000    0.00000   100%   135 4876s
 2850570 1041401    0.00000  144   61    1.00000    0.00000   100%   135 4880s
 2854030 1042754 infeasible  127         1.00000    0.00000   100%   135 4885s
 2857041 1043942 infeasible  151         1.00000    0.00000   100%   135 4891s
 2858724 1044233    0.00000  127   17    1.00000    0.00000   100%   135 4895s
 2858816 1044386    0.00000  129   29    1.00000    0.00000   100%   135 4901s
 2859433 1044713    0.00000  134   43    1.00000    0.00000   100%   135 4905s
 2862180 1045756 infeasible  129         1.00000    0.00000   100%   136 4910s
 2863784 1046247    0.00000  142   54    1.00000    0.00000   100%   136 4915s
 2867806 1047607    0.00000  144   63    1.00000    0.00000   100%   136 4920s
 2870324 1048542 infeasible  133         1.00000    0.00000   100%   136 4925s
 2873950 1049316    0.00000  135   47    1.00000    0.00000   100%   136 4930s
 2876893 1050680 infeasible  148         1.00000    0.00000   100%   136 4936s
 2880210 1051857    0.00000  169   24    1.00000    0.00000   100%   136 4941s
 2881653 1052442    0.00000  128   17    1.00000    0.00000   100%   136 4945s
 2885338 1053619    0.00000  124   33    1.00000    0.00000   100%   136 4950s
 2889249 1054766    0.00000  137   12    1.00000    0.00000   100%   136 4956s
 2891655 1055336 infeasible  130         1.00000    0.00000   100%   136 4961s
 2893631 1056599 infeasible  137         1.00000    0.00000   100%   136 4966s
 2896509 1057679 infeasible  142         1.00000    0.00000   100%   136 4970s
 2900016 1058807    0.00000  107   35    1.00000    0.00000   100%   136 4975s
 2903609 1059828    0.00000  156   10    1.00000    0.00000   100%   136 4981s
 2907116 1060953 infeasible  136         1.00000    0.00000   100%   136 4985s
 2910313 1061848    0.00000  163   80    1.00000    0.00000   100%   136 4991s
 2912360 1062492    0.00000  129   72    1.00000    0.00000   100%   136 4995s
 2914966 1063103    0.00000  154   39    1.00000    0.00000   100%   136 5001s
 2914985 1063119    0.00000  156   42    1.00000    0.00000   100%   136 5006s
 2915146 1063396 infeasible  158         1.00000    0.00000   100%   136 5011s
 2915799 1063484    0.00000  157   46    1.00000    0.00000   100%   136 5015s
 2918154 1064676 infeasible  157         1.00000    0.00000   100%   136 5020s
 2922356 1065886 infeasible  147         1.00000    0.00000   100%   136 5026s
 2925063 1066666 infeasible  137         1.00000    0.00000   100%   136 5030s
 2926274 1068983 infeasible  148         1.00000    0.00000   100%   136 5041s
 2933298 1069559    0.00000  138   30    1.00000    0.00000   100%   136 5045s
 2936724 1070887    0.00000  135   83    1.00000    0.00000   100%   136 5050s
 2940592 1072321 infeasible  149         1.00000    0.00000   100%   136 5056s
 2942642 1072748    0.00000  140   18    1.00000    0.00000   100%   136 5060s
 2945873 1073763    0.00000  144   67    1.00000    0.00000   100%   136 5066s
 2948624 1074753    0.00000  137   18    1.00000    0.00000   100%   136 5070s
 2951963 1075846    0.00000  138   40    1.00000    0.00000   100%   136 5075s
 2955241 1076758    0.00000  118   46    1.00000    0.00000   100%   136 5080s
 2955250 1079129    0.00000  119   46    1.00000    0.00000   100%   136 5093s
 2963250 1079455    0.00000  156   19    1.00000    0.00000   100%   136 5095s
 2966774 1080819 infeasible  159         1.00000    0.00000   100%   136 5100s
 2969305 1081749 infeasible  143         1.00000    0.00000   100%   136 5105s
 2972994 1082703 infeasible  155         1.00000    0.00000   100%   136 5110s
 2975142 1083352    0.00000  123   71    1.00000    0.00000   100%   136 5115s
 2978511 1084384    0.00000  165   38    1.00000    0.00000   100%   136 5120s
 2981944 1085554    0.00000  155   65    1.00000    0.00000   100%   136 5125s
 2983734 1085970    0.00000  139   74    1.00000    0.00000   100%   136 5130s
 2984959 1088779 infeasible  149         1.00000    0.00000   100%   136 5150s
 2994819 1089349 infeasible  127         1.00000    0.00000   100%   136 5155s
 2996831 1090768    0.00000  137   36    1.00000    0.00000   100%   136 5160s
 3000052 1092001 infeasible  137         1.00000    0.00000   100%   136 5165s
 3002177 1092671    0.00000  129   45    1.00000    0.00000   100%   136 5170s
 3005114 1093727    0.00000  149  141    1.00000    0.00000   100%   136 5175s
 3008480 1095478    0.00000  137   41    1.00000    0.00000   100%   136 5180s
 3011895 1097052    0.00000  116   30    1.00000    0.00000   100%   136 5185s
 3015139 1098466    0.00000  141   70    1.00000    0.00000   100%   136 5191s
 3017687 1099581    0.00000  146   11    1.00000    0.00000   100%   136 5196s
 3020782 1100787 infeasible  145         1.00000    0.00000   100%   136 5200s
 3023231 1101698 infeasible  121         1.00000    0.00000   100%   136 5205s
 3026327 1102725    0.00000  145   59    1.00000    0.00000   100%   136 5210s
 3029698 1104097 infeasible  146         1.00000    0.00000   100%   136 5216s
 3033159 1105458 infeasible  136         1.00000    0.00000   100%   136 5221s
 3036479 1106457 infeasible  150         1.00000    0.00000   100%   136 5226s
 3037680 1107164 infeasible  153         1.00000    0.00000   100%   136 5230s
 3041143 1108560 infeasible  144         1.00000    0.00000   100%   136 5235s
 3044893 1109756 infeasible  151         1.00000    0.00000   100%   136 5241s
 3044925 1112835    0.00000  131   28    1.00000    0.00000   100%   136 5261s
 3053239 1113217    0.00000  124   97    1.00000    0.00000   100%   136 5265s
 3056626 1114689 infeasible  144         1.00000    0.00000   100%   136 5271s
 3059311 1115248    0.00000  144   50    1.00000    0.00000   100%   136 5275s
 3062531 1115944    0.00000  156   95    1.00000    0.00000   100%   136 5280s
 3064002 1116480    0.00000  127   16    1.00000    0.00000   100%   136 5285s
 3067159 1117902    0.00000  131   51    1.00000    0.00000   100%   136 5291s
 3069874 1118812    0.00000  133   52    1.00000    0.00000   100%   136 5295s
 3073613 1120142    0.00000  141   54    1.00000    0.00000   100%   136 5301s
 3075509 1120821    0.00000  160   29    1.00000    0.00000   100%   136 5305s
 3079241 1121937    0.00000  147   91    1.00000    0.00000   100%   136 5310s
 3082186 1122728 infeasible  161         1.00000    0.00000   100%   136 5315s
 3084358 1123744    0.00000  140   82    1.00000    0.00000   100%   136 5320s
 3087073 1124725    0.00000  127   18    1.00000    0.00000   100%   136 5325s
 3090684 1125994 infeasible  142         1.00000    0.00000   100%   136 5331s
 3094384 1127196    0.00000  132   32    1.00000    0.00000   100%   136 5336s
 3096389 1127745    0.00000  137   18    1.00000    0.00000   100%   136 5341s
 3099920 1129094    0.00000  133   67    1.00000    0.00000   100%   136 5346s
 3100933 1129093    0.00000  147   87    1.00000    0.00000   100%   136 5350s
 3100977 1129108    0.00000  150   77    1.00000    0.00000   100%   136 5356s
 3101364 1129383 infeasible  152         1.00000    0.00000   100%   136 5360s
 3103207 1130235    0.00000  138   58    1.00000    0.00000   100%   136 5365s
 3106857 1131197    0.00000  137   12    1.00000    0.00000   100%   136 5371s
 3109080 1132160 infeasible  157         1.00000    0.00000   100%   136 5375s
 3112407 1133213    0.00000  145   30    1.00000    0.00000   100%   136 5380s
 3114862 1134219 infeasible  160         1.00000    0.00000   100%   136 5385s
 3117533 1134998    0.00000  170   86    1.00000    0.00000   100%   136 5390s
 3120993 1136151 infeasible  121         1.00000    0.00000   100%   136 5395s
 3124556 1137229    0.00000  132   17    1.00000    0.00000   100%   136 5400s
 3127427 1137989    0.00000  139   42    1.00000    0.00000   100%   136 5405s
 3130293 1139105 infeasible  141         1.00000    0.00000   100%   136 5411s
 3133560 1139968    0.00000  149   15    1.00000    0.00000   100%   136 5415s
 3137122 1140966 infeasible  150         1.00000    0.00000   100%   136 5420s
 3139540 1141643    0.00000  147   11    1.00000    0.00000   100%   136 5425s
 3142987 1142621    0.00000  146   58    1.00000    0.00000   100%   136 5430s
 3146478 1143552 infeasible  148         1.00000    0.00000   100%   136 5435s
 3148525 1144145    0.00000  160   48    1.00000    0.00000   100%   136 5440s
 3149728 1145461    0.00000  145   23    1.00000    0.00000   100%   136 5446s
 3155047 1146128    0.00000  114   67    1.00000    0.00000   100%   136 5450s
 3158706 1147254    0.00000  160   84    1.00000    0.00000   100%   136 5455s
 3162177 1148105 infeasible  146         1.00000    0.00000   100%   136 5460s
 3164848 1149046    0.00000  148   82    1.00000    0.00000   100%   136 5465s
 3168026 1150034    0.00000  127   14    1.00000    0.00000   100%   136 5471s
 3170949 1150902    0.00000  157   27    1.00000    0.00000   100%   136 5476s
 3174698 1152334    0.00000  167  106    1.00000    0.00000   100%   136 5480s
 3178329 1153682 infeasible  137         1.00000    0.00000   100%   136 5485s
 3181418 1154554    0.00000  148   26    1.00000    0.00000   100%   136 5490s
 3184879 1155472    0.00000  157  114    1.00000    0.00000   100%   136 5495s
 3184913 1155499    0.00000  159  121    1.00000    0.00000   100%   136 5500s
 3185536 1155696 infeasible  163         1.00000    0.00000   100%   136 5506s
 3187269 1156419 infeasible  166         1.00000    0.00000   100%   136 5510s
 3189904 1157126 infeasible  157         1.00000    0.00000   100%   136 5515s
 3192422 1158057    0.00000  146    7    1.00000    0.00000   100%   136 5520s
 3196123 1159265    0.00000  137  102    1.00000    0.00000   100%   136 5525s
 3199459 1160601    0.00000  139   33    1.00000    0.00000   100%   136 5530s
 3203101 1161453 infeasible  133         1.00000    0.00000   100%   136 5535s
 3205161 1162299    0.00000  154   82    1.00000    0.00000   100%   136 5540s
 3208253 1163627    0.00000  153   75    1.00000    0.00000   100%   136 5545s
 3211828 1164750 infeasible  163         1.00000    0.00000   100%   136 5550s
 3213355 1165352 infeasible  176         1.00000    0.00000   100%   136 5555s
 3217262 1166985    0.00000  135   58    1.00000    0.00000   100%   136 5560s
 3221524 1168470 infeasible  147         1.00000    0.00000   100%   136 5565s
 3224266 1170221 infeasible  140         1.00000    0.00000   100%   136 5575s
 3230879 1171534 infeasible  161         1.00000    0.00000   100%   136 5580s
 3233795 1172410    0.00000  151   35    1.00000    0.00000   100%   136 5585s
 3236690 1173264    0.00000  150   55    1.00000    0.00000   100%   136 5590s
 3240610 1174353 infeasible  156         1.00000    0.00000   100%   136 5595s
 3243242 1174959 infeasible  149         1.00000    0.00000   100%   136 5600s
 3244621 1175699    0.00000  162   69    1.00000    0.00000   100%   136 5605s
 3247645 1176527 infeasible  150         1.00000    0.00000   100%   136 5610s
 3251626 1177777 infeasible  147         1.00000    0.00000   100%   136 5615s
 3252471 1177782    0.00000  152  120    1.00000    0.00000   100%   136 5620s
 3252492 1177841    0.00000  154  123    1.00000    0.00000   100%   136 5625s
 3254771 1178756    0.00000  157   75    1.00000    0.00000   100%   136 5630s
 3256606 1179296    0.00000  147   40    1.00000    0.00000   100%   136 5635s
 3260704 1180719    0.00000  143   55    1.00000    0.00000   100%   136 5640s
 3265012 1182165    0.00000  150   62    1.00000    0.00000   100%   136 5646s
 3266701 1183157    0.00000  165  117    1.00000    0.00000   100%   136 5651s
 3268213 1184238    0.00000  136   22    1.00000    0.00000   100%   136 5655s
 3271587 1185666 infeasible  132         1.00000    0.00000   100%   137 5660s
 3275104 1187095    0.00000  144   46    1.00000    0.00000   100%   137 5665s
 3277852 1188093    0.00000  150   56    1.00000    0.00000   100%   137 5670s
 3281292 1189410    0.00000  145   87    1.00000    0.00000   100%   137 5675s
 3283770 1190406    0.00000  166   65    1.00000    0.00000   100%   137 5680s
 3286832 1191539    0.00000  157   30    1.00000    0.00000   100%   137 5685s
 3289093 1192261    0.00000  155   37    1.00000    0.00000   100%   137 5690s
 3292923 1193787    0.00000  157   85    1.00000    0.00000   100%   137 5696s
 3295595 1194997    0.00000  156   18    1.00000    0.00000   100%   137 5700s
 3298097 1195772    0.00000  152   87    1.00000    0.00000   100%   137 5705s
 3298310 1197110 infeasible  156         1.00000    0.00000   100%   137 5710s
 3304903 1198709    0.00000  146   16    1.00000    0.00000   100%   137 5715s
 3308475 1199992 infeasible  149         1.00000    0.00000   100%   137 5720s
 3310671 1201235    0.00000  147   52    1.00000    0.00000   100%   137 5725s
 3313269 1205169 infeasible  152         1.00000    0.00000   100%   137 5749s
 3321269 1205290 infeasible  152         1.00000    0.00000   100%   137 5750s
 3323285 1206463    0.00000  157   18    1.00000    0.00000   100%   137 5756s
 3325810 1207416 infeasible  167         1.00000    0.00000   100%   137 5760s
 3330134 1208715    0.00000  154   90    1.00000    0.00000   100%   137 5765s
 3332150 1209526    0.00000  140   64    1.00000    0.00000   100%   137 5770s
 3335708 1210736    0.00000  143   94    1.00000    0.00000   100%   137 5775s
 3339432 1212064 infeasible  166         1.00000    0.00000   100%   137 5780s
 3343359 1213434 infeasible  167         1.00000    0.00000   100%   137 5786s
 3346790 1214642    0.00000  166  122    1.00000    0.00000   100%   137 5790s
 3350926 1215581 infeasible  152         1.00000    0.00000   100%   137 5795s
 3353375 1216655    0.00000  148   68    1.00000    0.00000   100%   137 5800s
 3357865 1218564    0.00000  177  109    1.00000    0.00000   100%   137 5806s
 3361395 1220052    0.00000  163   93    1.00000    0.00000   100%   137 5810s
 3364480 1221383    0.00000  171   64    1.00000    0.00000   100%   137 5816s
 3367854 1222673 infeasible  166         1.00000    0.00000   100%   137 5821s
 3371539 1223718    0.00000  145   65    1.00000    0.00000   100%   137 5825s
 3373707 1224998    0.00000  134   43    1.00000    0.00000   100%   137 5830s
 3377190 1226446    0.00000  155   65    1.00000    0.00000   100%   137 5835s
 3381624 1227937    0.00000  152   20    1.00000    0.00000   100%   137 5840s
 3383357 1228326    0.00000  153   49    1.00000    0.00000   100%   137 5846s
 3383389 1228388    0.00000  155   39    1.00000    0.00000   100%   137 5850s
 3384766 1228970    0.00000  157   38    1.00000    0.00000   100%   137 5855s
 3387429 1230028    0.00000  169   67    1.00000    0.00000   100%   137 5861s
 3390950 1231316    0.00000  134   32    1.00000    0.00000   100%   137 5865s
 3394505 1232662    0.00000  152   22    1.00000    0.00000   100%   137 5870s
 3398292 1234039    0.00000  173  114    1.00000    0.00000   100%   137 5875s
 3401912 1235414 infeasible  156         1.00000    0.00000   100%   137 5880s
 3406278 1236530    0.00000  149   57    1.00000    0.00000   100%   137 5885s
 3409808 1237641    0.00000  151   59    1.00000    0.00000   100%   137 5890s
 3413442 1238879    0.00000  142   91    1.00000    0.00000   100%   137 5895s
 3416394 1240015 infeasible  167         1.00000    0.00000   100%   137 5901s
 3419634 1241050 infeasible  158         1.00000    0.00000   100%   137 5905s
 3423232 1242267    0.00000  149   54    1.00000    0.00000   100%   137 5910s
 3425790 1243002 infeasible  162         1.00000    0.00000   100%   137 5915s
 3428507 1243922 infeasible  171         1.00000    0.00000   100%   137 5920s
 3432275 1245043 infeasible  176         1.00000    0.00000   100%   137 5925s
 3436304 1246504    0.00000  150   48    1.00000    0.00000   100%   137 5930s
 3438349 1247192    0.00000  129   42    1.00000    0.00000   100%   137 5936s
 3441544 1248568 infeasible  167         1.00000    0.00000   100%   137 5940s
 3445048 1249868    0.00000  146  115    1.00000    0.00000   100%   137 5945s
 3448838 1250938 infeasible  163         1.00000    0.00000   100%   137 5950s
 3451282 1251901    0.00000  155   47    1.00000    0.00000   100%   137 5955s
 3454764 1253027    0.00000  149   81    1.00000    0.00000   100%   137 5960s
 3458880 1254034    0.00000  154   35    1.00000    0.00000   100%   137 5965s
 3459182 1254178    0.00000  164   89    1.00000    0.00000   100%   137 5970s
 3459718 1254303 infeasible  146         1.00000    0.00000   100%   137 5975s
 3460683 1254911 infeasible  147         1.00000    0.00000   100%   137 5980s
 3463485 1255920    0.00000  181   96    1.00000    0.00000   100%   137 5985s
 3467344 1257470    0.00000  132   42    1.00000    0.00000   100%   137 5990s
 3470330 1258415 infeasible  139         1.00000    0.00000   100%   137 5995s
 3473889 1259493    0.00000  157   16    1.00000    0.00000   100%   137 6000s
 3478159 1260751 infeasible  147         1.00000    0.00000   100%   137 6005s
 3480332 1261487    0.00000  147   13    1.00000    0.00000   100%   137 6010s
 3482878 1262717    0.00000  157   32    1.00000    0.00000   100%   137 6015s
 3486587 1263798 infeasible  147         1.00000    0.00000   100%   137 6020s
 3489914 1264688 infeasible  147         1.00000    0.00000   100%   137 6025s
 3490845 1266473 infeasible  155         1.00000    0.00000   100%   137 6034s
 3495639 1266772    0.00000  157   21    1.00000    0.00000   100%   137 6035s
 3499380 1267807    0.00000  160   61    1.00000    0.00000   100%   137 6040s
 3502764 1268990    0.00000  156   23    1.00000    0.00000   100%   137 6045s
 3506402 1270251 infeasible  170         1.00000    0.00000   100%   137 6050s
 3508989 1270841    0.00000  172   92    1.00000    0.00000   100%   137 6055s
 3511941 1271945    0.00000  165   56    1.00000    0.00000   100%   137 6060s
 3515705 1273408 infeasible  152         1.00000    0.00000   100%   137 6065s
 3520226 1274683    0.00000  156   63    1.00000    0.00000   100%   137 6070s
 3523032 1275777    0.00000  147   23    1.00000    0.00000   100%   137 6075s
 3524122 1275795    0.00000  140   40    1.00000    0.00000   100%   137 6081s
 3524148 1275813    0.00000  142   68    1.00000    0.00000   100%   137 6086s
 3524743 1276104    0.00000  148   20    1.00000    0.00000   100%   137 6092s
 3525890 1276761    0.00000  158   66    1.00000    0.00000   100%   137 6095s
 3529302 1277513 infeasible  156         1.00000    0.00000   100%   137 6100s
 3531525 1278568 infeasible  157         1.00000    0.00000   100%   137 6106s
 3533840 1279348    0.00000  157   25    1.00000    0.00000   100%   137 6110s
 3537380 1280554    0.00000  143  111    1.00000    0.00000   100%   137 6115s
 3541205 1281620    0.00000  140   80    1.00000    0.00000   100%   137 6120s
 3544001 1282848    0.00000  125   40    1.00000    0.00000   100%   137 6125s
 3547778 1284227    0.00000  132   19    1.00000    0.00000   100%   137 6130s
 3551658 1285452 infeasible  159         1.00000    0.00000   100%   137 6135s
 3554160 1286317    0.00000  149   78    1.00000    0.00000   100%   137 6141s
 3557780 1287579 infeasible  149         1.00000    0.00000   100%   137 6145s
 3561235 1288565    0.00000  162   34    1.00000    0.00000   100%   137 6150s
 3563676 1289287    0.00000  149   26    1.00000    0.00000   100%   137 6155s
 3565290 1290575 infeasible  147         1.00000    0.00000   100%   137 6162s
 3570222 1291711    0.00000  177   77    1.00000    0.00000   100%   137 6166s
 3573835 1293010 infeasible  157         1.00000    0.00000   100%   137 6170s
 3575922 1293659    0.00000  160   60    1.00000    0.00000   100%   137 6175s
 3579438 1294760 infeasible  169         1.00000    0.00000   100%   137 6180s
 3583198 1296190 infeasible  150         1.00000    0.00000   100%   137 6185s
 3586740 1297186 infeasible  157         1.00000    0.00000   100%   137 6190s
 3591041 1298158    0.00000  173   82    1.00000    0.00000   100%   137 6195s
 3594110 1299287 infeasible  148         1.00000    0.00000   100%   137 6201s
 3596539 1300051    0.00000  124   40    1.00000    0.00000   100%   137 6205s
 3599946 1301655    0.00000  146   11    1.00000    0.00000   100%   137 6210s
 3603498 1302911    0.00000  157   14    1.00000    0.00000   100%   137 6215s
 3607190 1303720    0.00000  144   38    1.00000    0.00000   100%   137 6220s
 3609305 1304415    0.00000  206  109    1.00000    0.00000   100%   137 6225s
 3609355 1304461 infeasible  153         1.00000    0.00000   100%   137 6231s
 3609436 1306820 infeasible  154         1.00000    0.00000   100%   137 6244s
 3617390 1306877    0.00000  147   21    1.00000    0.00000   100%   137 6245s
 3619367 1307741    0.00000  152   99    1.00000    0.00000   100%   137 6251s
 3622610 1308667    0.00000  164   99    1.00000    0.00000   100%   137 6255s
 3626089 1309671    0.00000  157   11    1.00000    0.00000   100%   137 6260s
 3628633 1310167 infeasible  167         1.00000    0.00000   100%   137 6265s
 3631231 1311374    0.00000  147   25    1.00000    0.00000   100%   137 6270s
 3635034 1312503    0.00000  120   51    1.00000    0.00000   100%   137 6275s
 3639362 1313839 infeasible  166         1.00000    0.00000   100%   137 6281s
 3639595 1314896    0.00000  167   82    1.00000    0.00000   100%   137 6285s
 3645777 1315995    0.00000  142  125    1.00000    0.00000   100%   137 6290s
 3649535 1317001 infeasible  163         1.00000    0.00000   100%   137 6295s
 3653455 1318264    0.00000  157   28    1.00000    0.00000   100%   137 6301s
 3655599 1318886    0.00000  151   87    1.00000    0.00000   100%   137 6305s
 3659594 1319686    0.00000  151   36    1.00000    0.00000   100%   137 6311s
 3662409 1320650    0.00000  169   13    1.00000    0.00000   100%   137 6316s
 3666376 1322009    0.00000  133   26    1.00000    0.00000   100%   137 6320s
 3670154 1322895    0.00000  155   34    1.00000    0.00000   100%   137 6325s
 3671519 1323709    0.00000  132   49    1.00000    0.00000   100%   137 6331s
 3675414 1324892 infeasible  170         1.00000    0.00000   100%   137 6335s
 3676416 1324901    0.00000  139   50    1.00000    0.00000   100%   137 6340s
 3676456 1325008 infeasible  139         1.00000    0.00000   100%   137 6346s
 3679585 1325875    0.00000  142   34    1.00000    0.00000   100%   137 6350s
 3681840 1326496    0.00000  157   35    1.00000    0.00000   100%   137 6355s
 3683919 1327331    0.00000  131   57    1.00000    0.00000   100%   137 6360s
 3688338 1328473 infeasible  155         1.00000    0.00000   100%   137 6365s
 3692430 1329649    0.00000  122   26    1.00000    0.00000   100%   137 6370s
 3695541 1330857 infeasible  137         1.00000    0.00000   100%   137 6375s
 3698895 1331977    0.00000  127   60    1.00000    0.00000   100%   137 6380s
 3701485 1332616 infeasible  137         1.00000    0.00000   100%   137 6385s
 3705101 1333972    0.00000  169   21    1.00000    0.00000   100%   137 6390s
 3708174 1334866 infeasible  167         1.00000    0.00000   100%   137 6396s
 3712152 1336316    0.00000  172   88    1.00000    0.00000   100%   137 6400s
 3713875 1337856 infeasible  157         1.00000    0.00000   100%   137 6409s
 3718034 1338156 infeasible  147         1.00000    0.00000   100%   137 6411s
 3720800 1338729    0.00000  165  100    1.00000    0.00000   100%   137 6416s
 3722861 1339442 infeasible  147         1.00000    0.00000   100%   137 6420s
 3725379 1340259    0.00000  167   26    1.00000    0.00000   100%   137 6425s
 3729404 1341527    0.00000  131   50    1.00000    0.00000   100%   137 6430s
 3732571 1342824    0.00000  147   11    1.00000    0.00000   100%   137 6435s
 3735529 1343872    0.00000  162  111    1.00000    0.00000   100%   137 6440s
 3739212 1345352    0.00000  149   63    1.00000    0.00000   100%   137 6445s
 3743176 1346648 infeasible  177         1.00000    0.00000   100%   137 6450s
 3745421 1347366    0.00000  146   39    1.00000    0.00000   100%   137 6455s
 3747616 1348042    0.00000  118  104    1.00000    0.00000   100%   137 6460s
 3748574 1348875    0.00000  120  118    1.00000    0.00000   100%   137 6465s
 3752658 1351380    0.00000  144  111    1.00000    0.00000   100%   137 6471s
 3755881 1352272    0.00000  131   63    1.00000    0.00000   100%   137 6475s
 3757581 1353525    0.00000  121   50    1.00000    0.00000   100%   137 6481s
 3760441 1354778 infeasible  144         1.00000    0.00000   100%   137 6485s
 3764559 1356484    0.00000  145   79    1.00000    0.00000   100%   137 6490s
 3767752 1357444    0.00000  160   54    1.00000    0.00000   100%   137 6495s
 3770761 1358741    0.00000  106   37    1.00000    0.00000   100%   137 6500s
 3774532 1360207    0.00000  145   39    1.00000    0.00000   100%   137 6505s
 3777473 1361431    0.00000  118   34    1.00000    0.00000   100%   137 6510s
 3779746 1362425    0.00000  136   69    1.00000    0.00000   100%   137 6515s
 3779779 1362436    0.00000  138   30    1.00000    0.00000   100%   137 6521s
 3780665 1363365    0.00000  136   48    1.00000    0.00000   100%   137 6526s
 3783991 1364577 infeasible  141         1.00000    0.00000   100%   137 6530s
 3787645 1366290    0.00000  145   70    1.00000    0.00000   100%   137 6535s
 3788770 1368672 infeasible  153         1.00000    0.00000   100%   137 6544s
 3794364 1368695    0.00000  168   64    1.00000    0.00000   100%   137 6545s
 3796603 1369862    0.00000  149   63    1.00000    0.00000   100%   137 6550s
 3798788 1370643    0.00000  144   89    1.00000    0.00000   100%   137 6555s
 3801555 1372057    0.00000  149   90    1.00000    0.00000   100%   137 6560s
 3804459 1373248    0.00000  136   47    1.00000    0.00000   100%   137 6565s
 3807915 1374843 infeasible  148         1.00000    0.00000   100%   137 6570s
 3810525 1376150    0.00000  131   56    1.00000    0.00000   100%   137 6575s
 3815089 1378158 infeasible  157         1.00000    0.00000   100%   137 6581s
 3817327 1379204    0.00000  156   45    1.00000    0.00000   100%   137 6586s
 3820571 1380351    0.00000  157   28    1.00000    0.00000   100%   137 6591s
 3822552 1381353 infeasible  175         1.00000    0.00000   100%   137 6595s
 3826215 1383034    0.00000  151   20    1.00000    0.00000   100%   137 6600s
 3829760 1384426    0.00000  127   23    1.00000    0.00000   100%   137 6605s
 3831678 1385080 infeasible  147         1.00000    0.00000   100%   137 6610s
 3834883 1387004 infeasible  164         1.00000    0.00000   100%   137 6616s
 3838842 1388600    0.00000  137   11    1.00000    0.00000   100%   137 6620s
 3842031 1389338    0.00000  157   25    1.00000    0.00000   100%   137 6625s
 3844599 1390149    0.00000  140   28    1.00000    0.00000   100%   137 6630s
 3844619 1390161    0.00000  141   75    1.00000    0.00000   100%   137 6635s
 3845064 1390544    0.00000  141   25    1.00000    0.00000   100%   137 6640s
 3848048 1391860    0.00000  138   26    1.00000    0.00000   100%   137 6646s
 3850077 1392536 infeasible  152         1.00000    0.00000   100%   137 6650s
 3852849 1393585 infeasible  187         1.00000    0.00000   100%   137 6655s
 3856431 1394709    0.00000  152   77    1.00000    0.00000   100%   137 6660s
 3860108 1396409    0.00000  137   10    1.00000    0.00000   100%   137 6665s
 3863807 1397607    0.00000  152   59    1.00000    0.00000   100%   137 6670s
 3867015 1398637 infeasible  150         1.00000    0.00000   100%   137 6675s
 3870557 1399604    0.00000  154   93    1.00000    0.00000   100%   137 6680s
 3873724 1400821    0.00000  164   94    1.00000    0.00000   100%   137 6685s
 3877227 1402049    0.00000  173   64    1.00000    0.00000   100%   137 6691s
 3880171 1403128    0.00000  116   64    1.00000    0.00000   100%   137 6695s
 3883425 1404622 infeasible  158         1.00000    0.00000   100%   137 6700s
 3886290 1405766 infeasible  151         1.00000    0.00000   100%   137 6706s
 3889765 1407070    0.00000  136    8    1.00000    0.00000   100%   137 6710s
 3893290 1408231    0.00000  167   89    1.00000    0.00000   100%   137 6716s
 3895859 1408958    0.00000  143   49    1.00000    0.00000   100%   137 6721s
 3899732 1410340 infeasible  165         1.00000    0.00000   100%   137 6725s
 3903036 1411449 infeasible  182         1.00000    0.00000   100%   137 6730s
 3904989 1412119    0.00000  142   65    1.00000    0.00000   100%   137 6735s
 3907818 1413181    0.00000   99   52    1.00000    0.00000   100%   137 6741s
 3911299 1414221 infeasible  161         1.00000    0.00000   100%   137 6745s
 3915562 1415494 infeasible  147         1.00000    0.00000   100%   137 6751s
 3915607 1415497    0.00000  138   33    1.00000    0.00000   100%   137 6756s
 3915635 1415511    0.00000  140   40    1.00000    0.00000   100%   137 6761s
 3915870 1415823    0.00000  140   42    1.00000    0.00000   100%   137 6766s
 3917195 1416131 infeasible  138         1.00000    0.00000   100%   137 6770s
 3919160 1417689    0.00000  158   37    1.00000    0.00000   100%   137 6775s
 3922820 1419311    0.00000  162   94    1.00000    0.00000   100%   137 6781s
 3925624 1420423    0.00000  157   33    1.00000    0.00000   100%   137 6785s
 3928192 1421269    0.00000  155   81    1.00000    0.00000   100%   137 6790s
 3931639 1422843    0.00000  163   76    1.00000    0.00000   100%   137 6795s
 3935131 1424091 infeasible  154         1.00000    0.00000   100%   137 6800s
 3937880 1425345    0.00000  155   68    1.00000    0.00000   100%   137 6805s
 3939464 1426129    0.00000  140   70    1.00000    0.00000   100%   137 6810s
 3943960 1427516    0.00000  154   87    1.00000    0.00000   100%   137 6815s
 3947642 1428695 infeasible  177         1.00000    0.00000   100%   137 6820s
 3948978 1429446    0.00000  151   45    1.00000    0.00000   100%   137 6825s
 3952334 1430540    0.00000  149   77    1.00000    0.00000   100%   137 6830s
 3956073 1431689    0.00000  167   44    1.00000    0.00000   100%   137 6835s
 3959366 1432648    0.00000  174   99    1.00000    0.00000   100%   137 6840s
 3963109 1434005    0.00000  154   49    1.00000    0.00000   100%   137 6846s
 3966350 1435165 infeasible  157         1.00000    0.00000   100%   137 6850s
 3970040 1436417 infeasible  149         1.00000    0.00000   100%   137 6855s
 3973196 1437891    0.00000  140   55    1.00000    0.00000   100%   137 6860s
 3976695 1438958    0.00000  152  121    1.00000    0.00000   100%   137 6865s
 3978257 1439423 infeasible  160         1.00000    0.00000   100%   137 6870s
 3981500 1440271    0.00000  152   21    1.00000    0.00000   100%   137 6875s
 3985195 1441358    0.00000  147   21    1.00000    0.00000   100%   137 6880s
 3989323 1442313    0.00000  143   45    1.00000    0.00000   100%   137 6886s
 3991815 1442886    0.00000  148   12    1.00000    0.00000   100%   137 6890s
 3995535 1444084    0.00000  147   18    1.00000    0.00000   100%   137 6895s
 3999116 1445205    0.00000  145   53    1.00000    0.00000   100%   137 6900s
 4001279 1445959    0.00000  154   45    1.00000    0.00000   100%   137 6905s
 4004516 1447318    0.00000  177   40    1.00000    0.00000   100%   137 6910s
 4006539 1447723    0.00000  150   63    1.00000    0.00000   100%   137 6915s
 4006574 1447759    0.00000  152   70    1.00000    0.00000   100%   137 6921s
 4007665 1448377    0.00000  160  100    1.00000    0.00000   100%   137 6925s
 4010915 1449210 infeasible  137         1.00000    0.00000   100%   137 6931s
 4012383 1449865    0.00000  137   14    1.00000    0.00000   100%   137 6935s
 4016544 1451556    0.00000  153   96    1.00000    0.00000   100%   137 6940s
 4020328 1453317    0.00000  137   24    1.00000    0.00000   100%   137 6945s
 4023178 1454276    0.00000  155   70    1.00000    0.00000   100%   137 6951s
 4026530 1455564 infeasible  160         1.00000    0.00000   100%   137 6956s
 4029647 1456817    0.00000  148   51    1.00000    0.00000   100%   137 6960s
 4032343 1457979    0.00000  143   65    1.00000    0.00000   100%   137 6966s
 4035064 1459076    0.00000  167   86    1.00000    0.00000   100%   137 6971s
 4039309 1460386    0.00000  157   11    1.00000    0.00000   100%   137 6975s
 4043210 1461403    0.00000  159   60    1.00000    0.00000   100%   137 6980s
 4046208 1462537    0.00000  146   84    1.00000    0.00000   100%   137 6985s
 4049661 1463732 infeasible  149         1.00000    0.00000   100%   137 6990s
 4053306 1464949    0.00000  163   94    1.00000    0.00000   100%   137 6995s
 4055589 1465851    0.00000  136   42    1.00000    0.00000   100%   137 7000s
 4059787 1467332 infeasible  141         1.00000    0.00000   100%   137 7005s
 4062845 1468290 infeasible  157         1.00000    0.00000   100%   137 7010s
 4065068 1468940 infeasible  172         1.00000    0.00000   100%   137 7015s
 4068633 1470373 infeasible  157         1.00000    0.00000   100%   137 7020s
 4071700 1471105    0.00000  138   43    1.00000    0.00000   100%   137 7025s
 4073427 1471471    0.00000  129   53    1.00000    0.00000   100%   137 7031s
 4073475 1471513    0.00000  131   62    1.00000    0.00000   100%   137 7035s
 4076134 1472489    0.00000  134   48    1.00000    0.00000   100%   137 7041s
 4079459 1473516    0.00000  127   74    1.00000    0.00000   100%   137 7045s
 4083003 1474575 infeasible  156         1.00000    0.00000   100%   137 7050s
 4085831 1476214    0.00000  137   20    1.00000    0.00000   100%   137 7058s
 4090024 1476850 infeasible  117         1.00000    0.00000   100%   137 7061s
 4093046 1478085    0.00000  136   17    1.00000    0.00000   100%   137 7066s
 4096563 1479075 infeasible  173         1.00000    0.00000   100%   137 7070s
 4098852 1480192 infeasible  177         1.00000    0.00000   100%   137 7075s
 4102788 1481658    0.00000  159   63    1.00000    0.00000   100%   136 7080s
 4106062 1482774    0.00000  151   91    1.00000    0.00000   100%   136 7085s
 4109211 1483842    0.00000  150   50    1.00000    0.00000   100%   137 7091s
 4112596 1484902 infeasible  143         1.00000    0.00000   100%   137 7095s
 4114883 1485570 infeasible  159         1.00000    0.00000   100%   137 7100s
 4117754 1486599    0.00000  110   54    1.00000    0.00000   100%   137 7105s
 4121800 1488007    0.00000  131  123    1.00000    0.00000   100%   137 7110s
 4126264 1489969 infeasible  150         1.00000    0.00000   100%   136 7115s
 4129900 1491336    0.00000  133   46    1.00000    0.00000   100%   136 7121s
 4131702 1492210    0.00000  168   22    1.00000    0.00000   100%   136 7126s
 4134993 1493220    0.00000  167   88    1.00000    0.00000   100%   136 7130s
 4137073 1493617    0.00000  139   51    1.00000    0.00000   100%   136 7135s
 4137111 1493726    0.00000  143   28    1.00000    0.00000   100%   136 7141s
 4137530 1493928    0.00000  122   60    1.00000    0.00000   100%   136 7146s
 4138618 1494327    0.00000  124   35    1.00000    0.00000   100%   136 7151s
 4141332 1495721    0.00000  135   88    1.00000    0.00000   100%   136 7155s
 4144509 1496821    0.00000  147   32    1.00000    0.00000   100%   136 7160s
 4145450 1499363    0.00000  151   42    1.00000    0.00000   100%   136 7173s
 4153450 1499416    0.00000  166   11    1.00000    0.00000   100%   136 7175s
 4155820 1500979    0.00000  133   56    1.00000    0.00000   100%   136 7180s
 4159721 1502280 infeasible  147         1.00000    0.00000   100%   136 7185s
 4160744 1504968 infeasible  158         1.00000    0.00000   100%   136 7198s
 4168830 1505224 infeasible  145         1.00000    0.00000   100%   136 7201s
 4172306 1506241    0.00000  157   14    1.00000    0.00000   100%   136 7205s
 4175699 1507581    0.00000  146   47    1.00000    0.00000   100%   137 7211s
 4177482 1508509 infeasible  124         1.00000    0.00000   100%   137 7216s
 4179639 1509271 infeasible  145         1.00000    0.00000   100%   137 7221s
 4183067 1510919    0.00000  135   56    1.00000    0.00000   100%   137 7225s
 4187151 1512336    0.00000  115   39    1.00000    0.00000   100%   137 7231s
 4190211 1513237    0.00000  127   64    1.00000    0.00000   100%   137 7235s
 4190380 1514806    0.00000  125   53    1.00000    0.00000   100%   137 7241s
 4196472 1515752    0.00000  142   22    1.00000    0.00000   100%   137 7245s
 4198964 1516385 infeasible  134         1.00000    0.00000   100%   137 7250s
 4201989 1517363    0.00000  147   76    1.00000    0.00000   100%   137 7255s
 4206237 1518556 infeasible  164         1.00000    0.00000   100%   137 7260s
 4209506 1519503    0.00000  163   43    1.00000    0.00000   100%   137 7265s
 4211519 1520192 infeasible  136         1.00000    0.00000   100%   137 7270s
 4215027 1521358 infeasible  148         1.00000    0.00000   100%   137 7275s
 4218650 1522689    0.00000  169   39    1.00000    0.00000   100%   137 7280s
 4221819 1523447    0.00000  157   16    1.00000    0.00000   100%   137 7285s
 4223620 1524182 infeasible  134         1.00000    0.00000   100%   137 7290s
 4223655 1524249    0.00000  136   17    1.00000    0.00000   100%   137 7295s
 4226424 1525176    0.00000  133   33    1.00000    0.00000   100%   137 7301s
 4228483 1525940 infeasible  139         1.00000    0.00000   100%   137 7305s
 4231367 1526937    0.00000  139  104    1.00000    0.00000   100%   137 7310s
 4233399 1527680    0.00000  173   67    1.00000    0.00000   100%   137 7315s
 4237303 1528841    0.00000  158   63    1.00000    0.00000   100%   137 7320s
 4240464 1529878 infeasible  157         1.00000    0.00000   100%   137 7325s
 4243641 1531262    0.00000  128   95    1.00000    0.00000   100%   137 7331s
 4246602 1532639    0.00000  122   86    1.00000    0.00000   100%   137 7336s
 4248801 1533526    0.00000  126   10    1.00000    0.00000   100%   137 7341s
 4252295 1534277 infeasible  123         1.00000    0.00000   100%   137 7345s
 4254496 1535044 infeasible  167         1.00000    0.00000   100%   137 7350s
 4258201 1536344    0.00000  137    9    1.00000    0.00000   100%   137 7355s
 4262510 1537551    0.00000  124   59    1.00000    0.00000   100%   137 7360s
 4263630 1538926    0.00000  127   37    1.00000    0.00000   100%   137 7368s
 4267815 1539315    0.00000  145   61    1.00000    0.00000   100%   137 7370s
 4270593 1540335    0.00000  147   12    1.00000    0.00000   100%   137 7375s
 4273423 1541058 infeasible  126         1.00000    0.00000   100%   137 7380s
 4275757 1542063    0.00000  124   46    1.00000    0.00000   100%   137 7386s
 4278637 1542731    0.00000  147   41    1.00000    0.00000   100%   137 7390s
 4281435 1543454 infeasible  149         1.00000    0.00000   100%   137 7396s
 4281456 1543461 infeasible  149         1.00000    0.00000   100%   137 7400s
 4282570 1544430    0.00000  137   78    1.00000    0.00000   100%   137 7406s
 4285126 1545252    0.00000  146   70    1.00000    0.00000   100%   137 7411s
 4288399 1546565    0.00000  121   75    1.00000    0.00000   100%   137 7415s
 4292392 1547588    0.00000  151   91    1.00000    0.00000   100%   137 7420s
 4294646 1548241    0.00000  156   69    1.00000    0.00000   100%   137 7425s
 4297282 1549161    0.00000  143   73    1.00000    0.00000   100%   137 7430s
 4300569 1550513    0.00000  157   15    1.00000    0.00000   100%   137 7435s
 4303842 1551903    0.00000  157   69    1.00000    0.00000   100%   137 7440s
 4306470 1552882 infeasible  169         1.00000    0.00000   100%   137 7445s
 4309928 1554765    0.00000  117   36    1.00000    0.00000   100%   137 7450s
 4313226 1556110    0.00000  118   31    1.00000    0.00000   100%   137 7455s
 4315836 1557164    0.00000  152   27    1.00000    0.00000   100%   137 7460s
 4318588 1558054 infeasible  129         1.00000    0.00000   100%   137 7466s
 4322090 1559318    0.00000  137   61    1.00000    0.00000   100%   137 7470s
 4324836 1560217    0.00000  136    9    1.00000    0.00000   100%   137 7475s
 4327060 1560760    0.00000  117   31    1.00000    0.00000   100%   137 7480s
 4329914 1562594    0.00000  134   58    1.00000    0.00000   100%   137 7485s
 4333974 1564401    0.00000  126   63    1.00000    0.00000   100%   137 7491s
 4337839 1565644    0.00000  119   80    1.00000    0.00000   100%   137 7496s
 4338062 1566844    0.00000  126   67    1.00000    0.00000   100%   137 7501s
 4341623 1566855    0.00000  130   58    1.00000    0.00000   100%   137 7508s
 4341631 1566858 infeasible  131         1.00000    0.00000   100%   137 7510s
 4342470 1567198    0.00000  137   24    1.00000    0.00000   100%   137 7515s
 4344381 1568520    0.00000  124   23    1.00000    0.00000   100%   137 7520s
 4347848 1569516    0.00000  134   56    1.00000    0.00000   100%   137 7525s
 4350783 1570688    0.00000  124   50    1.00000    0.00000   100%   137 7530s
 4354082 1571542    0.00000  134  133    1.00000    0.00000   100%   137 7535s
 4358162 1572830    0.00000  137    8    1.00000    0.00000   100%   137 7540s
 4361080 1573805    0.00000  117   74    1.00000    0.00000   100%   137 7545s
 4364140 1574669    0.00000  121   59    1.00000    0.00000   100%   137 7550s
 4367100 1575825    0.00000  132   65    1.00000    0.00000   100%   137 7555s
 4370070 1576570    0.00000  132   69    1.00000    0.00000   100%   137 7560s
 4373112 1577842    0.00000  126   52    1.00000    0.00000   100%   137 7565s
 4376336 1578927 infeasible  124         1.00000    0.00000   100%   137 7570s
 4379562 1579902    0.00000  127   21    1.00000    0.00000   100%   137 7575s
 4381666 1580946    0.00000  114   67    1.00000    0.00000   100%   137 7580s
 4385224 1582146 infeasible  147         1.00000    0.00000   100%   137 7585s
 4388170 1582938 infeasible  113         1.00000    0.00000   100%   137 7591s
 4390860 1583709    0.00000  131   54    1.00000    0.00000   100%   137 7595s
 4394300 1584758 infeasible  137         1.00000    0.00000   100%   137 7600s
 4397285 1586131    0.00000  133  110    1.00000    0.00000   100%   137 7605s
 4401556 1587173    0.00000  142   34    1.00000    0.00000   100%   137 7611s
 4402161 1587656 infeasible  147         1.00000    0.00000   100%   137 7615s
 4405686 1588718    0.00000  139   50    1.00000    0.00000   100%   137 7620s
 4409018 1589575    0.00000  141   32    1.00000    0.00000   100%   137 7625s
 4409915 1589589    0.00000  118   32    1.00000    0.00000   100%   137 7630s
 4410170 1589810    0.00000  118   28    1.00000    0.00000   100%   137 7636s
 4411509 1590258    0.00000  139   59    1.00000    0.00000   100%   137 7640s
 4412282 1591386 infeasible  140         1.00000    0.00000   100%   137 7647s
 4417248 1592250 infeasible  147         1.00000    0.00000   100%   137 7650s
 4420971 1593512    0.00000  129   84    1.00000    0.00000   100%   137 7656s
 4423580 1594115    0.00000  143   50    1.00000    0.00000   100%   137 7660s
 4427006 1595148    0.00000  133   65    1.00000    0.00000   100%   137 7665s
 4430504 1596251    0.00000  134   82    1.00000    0.00000   100%   137 7670s
 4432083 1596738 infeasible  147         1.00000    0.00000   100%   137 7675s
 4435123 1597992 infeasible  140         1.00000    0.00000   100%   137 7680s
 4439522 1599380    0.00000  146   17    1.00000    0.00000   100%   137 7686s
 4442179 1600005    0.00000  147   21    1.00000    0.00000   100%   137 7690s
 4442190 1602601    0.00000  148   28    1.00000    0.00000   100%   137 7702s
 4450708 1603067    0.00000  161   78    1.00000    0.00000   100%   137 7705s
 4455213 1604273    0.00000  145   70    1.00000    0.00000   100%   137 7711s
 4458002 1605194    0.00000  122   53    1.00000    0.00000   100%   137 7715s
 4460415 1605947 infeasible  137         1.00000    0.00000   100%   137 7720s
 4462549 1607099    0.00000  142   32    1.00000    0.00000   100%   137 7725s
 4466560 1608348 infeasible  137         1.00000    0.00000   100%   137 7730s
 4470403 1609540    0.00000  123   94    1.00000    0.00000   100%   137 7735s
 4471674 1610305    0.00000  134   76    1.00000    0.00000   100%   137 7741s
 4476267 1611171 infeasible  141         1.00000    0.00000   100%   137 7745s
 4477195 1611188    0.00000  119   25    1.00000    0.00000   100%   137 7750s
 4477323 1611457    0.00000  136   50    1.00000    0.00000   100%   137 7755s
 4478935 1612012    0.00000  118   18    1.00000    0.00000   100%   137 7760s
 4481796 1612813    0.00000  119   27    1.00000    0.00000   100%   137 7765s
 4485444 1614003    0.00000  131   24    1.00000    0.00000   100%   137 7770s
 4489186 1614809 infeasible  152         1.00000    0.00000   100%   137 7775s
 4491275 1615453    0.00000  155   85    1.00000    0.00000   100%   137 7780s
 4495290 1616400    0.00000  140   54    1.00000    0.00000   100%   137 7785s
 4499808 1617742    0.00000  137   13    1.00000    0.00000   100%   137 7791s
 4503310 1618608    0.00000  159  120    1.00000    0.00000   100%   137 7796s
 4506085 1619603    0.00000  127   23    1.00000    0.00000   100%   137 7800s
 4509914 1620658    0.00000  133   53    1.00000    0.00000   100%   137 7805s
 4512381 1621179    0.00000  136   78    1.00000    0.00000   100%   137 7810s
 4514136 1622016    0.00000  146   78    1.00000    0.00000   100%   137 7815s
 4517909 1623265    0.00000  138   56    1.00000    0.00000   100%   137 7820s
 4521147 1624257    0.00000  127   50    1.00000    0.00000   100%   137 7825s
 4524347 1625009 infeasible  128         1.00000    0.00000   100%   137 7831s
 4527725 1625845    0.00000  127   13    1.00000    0.00000   100%   137 7835s
 4531371 1626530    0.00000  134   63    1.00000    0.00000   100%   137 7840s
 4535311 1627457    0.00000  129   24    1.00000    0.00000   100%   137 7846s
 4538390 1628486 infeasible  136         1.00000    0.00000   100%   137 7850s
 4541852 1629325    0.00000  137   17    1.00000    0.00000   100%   137 7855s
 4543112 1629417    0.00000  128   52    1.00000    0.00000   100%   137 7860s
 4543128 1629432    0.00000  130   62    1.00000    0.00000   100%   137 7865s
 4543192 1629525    0.00000  131   47    1.00000    0.00000   100%   137 7870s
 4545885 1630199    0.00000  123   96    1.00000    0.00000   100%   137 7875s
 4545896 1632654    0.00000  121   73    1.00000    0.00000   100%   137 7887s
 4555900 1633658    0.00000  136   71    1.00000    0.00000   100%   137 7891s
 4558539 1634611    0.00000  157   19    1.00000    0.00000   100%   137 7895s
 4562375 1635581    0.00000  137   31    1.00000    0.00000   100%   137 7901s
 4565013 1636301 infeasible  137         1.00000    0.00000   100%   137 7905s
 4567384 1636941 infeasible  185         1.00000    0.00000   100%   137 7910s
 4570924 1637918    0.00000  136   56    1.00000    0.00000   100%   137 7915s
 4574347 1638801    0.00000  137   24    1.00000    0.00000   100%   137 7920s
 4577473 1639446    0.00000  155   90    1.00000    0.00000   100%   137 7926s
 4579635 1640226    0.00000  137   42    1.00000    0.00000   100%   137 7930s
 4583300 1641338    0.00000  134   57    1.00000    0.00000   100%   137 7935s
 4586315 1642348    0.00000  117   23    1.00000    0.00000   100%   137 7940s
 4588276 1642820    0.00000  126   30    1.00000    0.00000   100%   137 7945s
 4591026 1643611    0.00000  137   18    1.00000    0.00000   100%   137 7950s
 4595281 1644762    0.00000  147   24    1.00000    0.00000   100%   137 7955s
 4598747 1645531    0.00000  136   30    1.00000    0.00000   100%   137 7960s
 4601187 1646412    0.00000  185  100    1.00000    0.00000   100%   137 7965s
 4605198 1648158    0.00000  135   89    1.00000    0.00000   100%   137 7971s
 4607875 1648741 infeasible  142         1.00000    0.00000   100%   137 7975s
 4609561 1649369    0.00000  137   34    1.00000    0.00000   100%   137 7980s
 4612436 1650256    0.00000  136   69    1.00000    0.00000   100%   137 7985s
 4614783 1650663    0.00000  128   23    1.00000    0.00000   100%   137 7990s
 4614822 1650726 infeasible  131         1.00000    0.00000   100%   137 7996s
 4616876 1651528 infeasible  147         1.00000    0.00000   100%   137 8000s
 4620285 1652172 infeasible  138         1.00000    0.00000   100%   137 8006s
 4620396 1654247    0.00000  135   63    1.00000    0.00000   100%   137 8015s
 4629653 1655011    0.00000  131   53    1.00000    0.00000   100%   137 8020s
 4632244 1655984 infeasible  156         1.00000    0.00000   100%   137 8026s
 4635569 1657261 infeasible  146         1.00000    0.00000   100%   137 8031s
 4638024 1658038    0.00000  137   12    1.00000    0.00000   100%   137 8035s
 4640971 1658822 infeasible  151         1.00000    0.00000   100%   137 8040s
 4642629 1659430 infeasible  177         1.00000    0.00000   100%   137 8045s
 4646194 1660462    0.00000  157   38    1.00000    0.00000   100%   137 8050s
 4649773 1661626    0.00000  166   47    1.00000    0.00000   100%   137 8056s
 4652016 1662289    0.00000  146  102    1.00000    0.00000   100%   137 8060s
 4655766 1663544 infeasible  137         1.00000    0.00000   100%   137 8065s
 4658365 1664425    0.00000  136   75    1.00000    0.00000   100%   137 8071s
 4661205 1665370 infeasible  122         1.00000    0.00000   100%   137 8075s
 4664130 1666250 infeasible  138         1.00000    0.00000   100%   137 8080s
 4667925 1667019 infeasible  139         1.00000    0.00000   100%   137 8085s
 4670168 1668020 infeasible  137         1.00000    0.00000   100%   137 8090s
 4673435 1668927    0.00000  162   72    1.00000    0.00000   100%   137 8095s
 4675150 1669134    0.00000  149   14    1.00000    0.00000   100%   137 8101s
 4675310 1669316    0.00000  151   25    1.00000    0.00000   100%   137 8105s
 4677564 1670330    0.00000  157  105    1.00000    0.00000   100%   137 8111s
 4680437 1671057    0.00000  134   53    1.00000    0.00000   100%   137 8115s
 4683774 1671988    0.00000  127   53    1.00000    0.00000   100%   137 8121s
 4685979 1673051 infeasible  139         1.00000    0.00000   100%   137 8125s
 4689697 1674119    0.00000  134   54    1.00000    0.00000   100%   137 8130s
 4692162 1674921    0.00000  135   97    1.00000    0.00000   100%   137 8135s
 4695244 1675905 infeasible  137         1.00000    0.00000   100%   137 8141s
 4698842 1676744 infeasible  168         1.00000    0.00000   100%   137 8145s
 4701322 1677955    0.00000  124   18    1.00000    0.00000   100%   137 8150s
 4704278 1679255 infeasible  137         1.00000    0.00000   100%   137 8155s
 4706507 1680176    0.00000  134   58    1.00000    0.00000   100%   137 8160s
 4710009 1681459    0.00000  137   23    1.00000    0.00000   100%   137 8165s
 4713700 1682826    0.00000  117   16    1.00000    0.00000   100%   137 8171s
 4715488 1683235    0.00000  134   75    1.00000    0.00000   100%   137 8175s
 4718635 1684467 infeasible  135         1.00000    0.00000   100%   137 8180s
 4721673 1685667 infeasible  137         1.00000    0.00000   100%   137 8185s
 4723967 1686590    0.00000  127   44    1.00000    0.00000   100%   137 8190s
 4725903 1687249    0.00000  160   81    1.00000    0.00000   100%   137 8195s
 4727991 1687724 infeasible  148         1.00000    0.00000   100%   137 8201s
 4728226 1688116    0.00000  140   37    1.00000    0.00000   100%   137 8206s
 4730963 1689347    0.00000  143   48    1.00000    0.00000   100%   137 8211s
 4733203 1689940    0.00000  120   38    1.00000    0.00000   100%   137 8216s
 4736143 1690745    0.00000  136   24    1.00000    0.00000   100%   137 8220s
 4738272 1691751    0.00000  124   17    1.00000    0.00000   100%   137 8225s
 4742166 1693142    0.00000  143   65    1.00000    0.00000   100%   137 8230s
 4745278 1694121 infeasible  153         1.00000    0.00000   100%   137 8235s
 4747457 1695041 infeasible  148         1.00000    0.00000   100%   137 8240s
 4750698 1696045    0.00000  143   79    1.00000    0.00000   100%   137 8245s
 4755153 1697546    0.00000  151   34    1.00000    0.00000   100%   137 8251s
 4757616 1698265 infeasible  134         1.00000    0.00000   100%   137 8255s
 4760371 1699409    0.00000  147   23    1.00000    0.00000   100%   137 8260s
 4763048 1700027 infeasible  138         1.00000    0.00000   100%   137 8265s
 4765974 1701035    0.00000  127   18    1.00000    0.00000   100%   137 8271s
 4768006 1701575 infeasible  155         1.00000    0.00000   100%   137 8275s
 4770693 1702534    0.00000  153   41    1.00000    0.00000   100%   137 8280s
 4775114 1703633    0.00000  127   10    1.00000    0.00000   100%   137 8285s
 4777555 1704593 infeasible  148         1.00000    0.00000   100%   137 8290s
 4779026 1705031    0.00000  129   33    1.00000    0.00000   100%   137 8295s
 4782365 1706477    0.00000  125   75    1.00000    0.00000   100%   137 8300s
 4786049 1707586 infeasible  159         1.00000    0.00000   100%   137 8305s
 4788589 1708133    0.00000  137   64    1.00000    0.00000   100%   137 8310s
 4788624 1708143 infeasible  139         1.00000    0.00000   100%   137 8315s
 4788813 1708389    0.00000  138   38    1.00000    0.00000   100%   137 8321s
 4790618 1709145 infeasible  138         1.00000    0.00000   100%   137 8325s
 4794295 1710146    0.00000  138   42    1.00000    0.00000   100%   137 8330s
 4797139 1711051    0.00000  135   89    1.00000    0.00000   100%   137 8336s
 4798989 1711752    0.00000  162   48    1.00000    0.00000   100%   137 8340s
 4801780 1712577 infeasible  137         1.00000    0.00000   100%   137 8345s
 4805046 1713576    0.00000  123   33    1.00000    0.00000   100%   137 8350s
 4808456 1714791    0.00000  134   58    1.00000    0.00000   100%   137 8356s
 4810082 1715375 infeasible  145         1.00000    0.00000   100%   137 8360s
 4813709 1716458 infeasible  135         1.00000    0.00000   100%   137 8365s
 4816671 1716991    0.00000  146   17    1.00000    0.00000   100%   137 8370s
 4819172 1718128    0.00000  127   58    1.00000    0.00000   100%   137 8375s
 4821550 1718771    0.00000  133   61    1.00000    0.00000   100%   137 8381s
 4825602 1719942    0.00000  128   27    1.00000    0.00000   100%   137 8385s
 4828803 1720843    0.00000  136   42    1.00000    0.00000   100%   137 8390s
 4831501 1721676 infeasible  137         1.00000    0.00000   100%   137 8396s
 4834143 1722521    0.00000  138   67    1.00000    0.00000   100%   137 8400s
 4837725 1723402    0.00000  136   89    1.00000    0.00000   100%   137 8405s
 4840620 1724389    0.00000  147   38    1.00000    0.00000   100%   137 8410s
 4843117 1725104    0.00000  148   90    1.00000    0.00000   100%   137 8416s
 4845887 1725831    0.00000  130   36    1.00000    0.00000   100%   137 8420s
 4848272 1726187    0.00000  117   64    1.00000    0.00000   100%   137 8426s
 4848298 1726196    0.00000  118   62    1.00000    0.00000   100%   137 8432s
 4848306 1726206    0.00000  118   20    1.00000    0.00000   100%   137 8435s
 4848630 1726383    0.00000  151   89    1.00000    0.00000   100%   137 8440s
 4850828 1727534    0.00000  145   72    1.00000    0.00000   100%   137 8445s
 4853200 1728359    0.00000  129   38    1.00000    0.00000   100%   137 8450s
 4856426 1729481    0.00000  127   13    1.00000    0.00000   100%   137 8455s
 4860423 1730803    0.00000  143   24    1.00000    0.00000   100%   137 8460s
 4862635 1731223 infeasible  143         1.00000    0.00000   100%   137 8466s
 4864545 1732102 infeasible  158         1.00000    0.00000   100%   137 8470s
 4868153 1733011    0.00000  137   51    1.00000    0.00000   100%   137 8475s
 4872090 1734220    0.00000  126   23    1.00000    0.00000   100%   137 8481s
 4873664 1734813    0.00000  126   56    1.00000    0.00000   100%   137 8485s
 4877190 1736109    0.00000  127   55    1.00000    0.00000   100%   137 8490s
 4880669 1737095 infeasible  149         1.00000    0.00000   100%   137 8495s
 4883415 1737715    0.00000  127   42    1.00000    0.00000   100%   137 8500s
 4885605 1738544    0.00000  154   83    1.00000    0.00000   100%   137 8506s
 4888303 1739422    0.00000  152   80    1.00000    0.00000   100%   137 8510s
 4891666 1740445 infeasible  147         1.00000    0.00000   100%   137 8515s
 4893564 1740945    0.00000  127   20    1.00000    0.00000   100%   137 8520s
 4895415 1741653 infeasible  146         1.00000    0.00000   100%   137 8525s
 4898694 1742930    0.00000  138   23    1.00000    0.00000   100%   137 8531s
 4901475 1743864    0.00000  145   66    1.00000    0.00000   100%   137 8535s
 4904145 1745926    0.00000  140   58    1.00000    0.00000   100%   137 8547s
 4910380 1746569    0.00000  128   49    1.00000    0.00000   100%   137 8550s
 4912805 1747361    0.00000  136   56    1.00000    0.00000   100%   137 8555s
 4914881 1748077 infeasible  160         1.00000    0.00000   100%   137 8560s
 4918668 1749414 infeasible  137         1.00000    0.00000   100%   137 8566s
 4921306 1749892 infeasible  158         1.00000    0.00000   100%   137 8571s
 4921327 1749899    0.00000  157   26    1.00000    0.00000   100%   137 8575s
 4921602 1750230 infeasible  159         1.00000    0.00000   100%   137 8580s
 4923678 1751053 infeasible  137         1.00000    0.00000   100%   137 8585s
 4926121 1751769    0.00000  136   14    1.00000    0.00000   100%   137 8591s
 4929370 1752767    0.00000  147   12    1.00000    0.00000   100%   137 8595s
 4933392 1753956    0.00000  141   61    1.00000    0.00000   100%   137 8601s
 4936051 1754535 infeasible  136         1.00000    0.00000   100%   137 8606s
 4939107 1755471 infeasible  153         1.00000    0.00000   100%   137 8611s
 4942552 1756545    0.00000  129   34    1.00000    0.00000   100%   137 8616s
 4945404 1757544    0.00000  138   44    1.00000    0.00000   100%   137 8621s
 4946352 1757766    0.00000  135   74    1.00000    0.00000   100%   137 8625s
 4949935 1759140    0.00000  136   11    1.00000    0.00000   100%   137 8630s
 4952876 1760127    0.00000  147   52    1.00000    0.00000   100%   137 8635s
 4956465 1760945 infeasible  154         1.00000    0.00000   100%   137 8640s
 4958832 1761823    0.00000  142   50    1.00000    0.00000   100%   137 8645s
 4963027 1763283    0.00000  134   63    1.00000    0.00000   100%   137 8651s
 4965845 1764134    0.00000  130   50    1.00000    0.00000   100%   137 8655s
 4968106 1764590 infeasible  127         1.00000    0.00000   100%   137 8660s
 4971029 1765251    0.00000  138   48    1.00000    0.00000   100%   137 8666s
 4973360 1766122    0.00000  149   51    1.00000    0.00000   100%   137 8670s
 4974773 1766607    0.00000  132   47    1.00000    0.00000   100%   137 8675s
 4977942 1768556 infeasible  140         1.00000    0.00000   100%   137 8686s
 4984843 1769224    0.00000  130   90    1.00000    0.00000   100%   137 8690s
 4986353 1769386 infeasible  127         1.00000    0.00000   100%   137 8696s
 4986383 1769398    0.00000  129   53    1.00000    0.00000   100%   137 8700s
 4987467 1769790 infeasible  137         1.00000    0.00000   100%   137 8705s
 4989551 1770602    0.00000  166   80    1.00000    0.00000   100%   137 8711s
 4992681 1771408    0.00000  143   45    1.00000    0.00000   100%   137 8715s
 4996410 1772460    0.00000  139   31    1.00000    0.00000   100%   137 8720s
 4998458 1772935    0.00000  148   85    1.00000    0.00000   100%   137 8725s
 5001391 1773726    0.00000  124   31    1.00000    0.00000   100%   137 8730s
 5004822 1774590    0.00000  136   14    1.00000    0.00000   100%   137 8735s
 5008546 1775491    0.00000  146   15    1.00000    0.00000   100%   137 8740s
 5011526 1776193 infeasible  137         1.00000    0.00000   100%   137 8745s
 5014652 1776887 infeasible  140         1.00000    0.00000   100%   137 8750s
 5016741 1777509 infeasible  134         1.00000    0.00000   100%   137 8755s
 5020069 1778255    0.00000  146   34    1.00000    0.00000   100%   137 8760s
 5022885 1779286    0.00000  153   60    1.00000    0.00000   100%   137 8765s
 5026013 1780117    0.00000  145   80    1.00000    0.00000   100%   137 8770s
 5029370 1781153    0.00000  147   23    1.00000    0.00000   100%   137 8776s
 5030633 1781330 infeasible  146         1.00000    0.00000   100%   137 8780s
 5033770 1782278    0.00000  138   36    1.00000    0.00000   100%   137 8785s
 5037318 1783192    0.00000  166   17    1.00000    0.00000   100%   137 8791s
 5040964 1784082 infeasible  139         1.00000    0.00000   100%   137 8795s
 5043828 1784747    0.00000  151   46    1.00000    0.00000   100%   137 8800s
 5047102 1785584    0.00000  143   72    1.00000    0.00000   100%   137 8805s
 5049172 1786138    0.00000  149   67    1.00000    0.00000   100%   137 8810s
 5050282 1786186    0.00000  132   81    1.00000    0.00000   100%   137 8816s
 5050535 1786225 infeasible  134         1.00000    0.00000   100%   137 8820s
 5051534 1786421    0.00000  134   50    1.00000    0.00000   100%   137 8825s
 5051673 1787284 infeasible  146         1.00000    0.00000   100%   137 8832s
 5056700 1787965 infeasible  155         1.00000    0.00000   100%   137 8836s
 5059750 1788859    0.00000  145   80    1.00000    0.00000   100%   137 8840s
 5062424 1789465 infeasible  141         1.00000    0.00000   100%   137 8846s
 5065727 1790188 infeasible  140         1.00000    0.00000   100%   137 8850s
 5068530 1791244    0.00000  134   73    1.00000    0.00000   100%   137 8855s
 5071865 1792382    0.00000  139   24    1.00000    0.00000   100%   137 8860s
 5076339 1793571 infeasible  137         1.00000    0.00000   100%   137 8865s
 5078700 1794541    0.00000  139   63    1.00000    0.00000   100%   137 8870s
 5081556 1795556 infeasible  152         1.00000    0.00000   100%   137 8875s
 5085049 1796603    0.00000  147   26    1.00000    0.00000   100%   137 8881s
 5087659 1797284    0.00000  147   22    1.00000    0.00000   100%   137 8885s
 5090984 1798134 infeasible  147         1.00000    0.00000   100%   138 8890s
 5094234 1799074    0.00000  137   23    1.00000    0.00000   100%   138 8895s
 5096947 1800675    0.00000  165   75    1.00000    0.00000   100%   138 8908s
 5103119 1801275 infeasible  137         1.00000    0.00000   100%   138 8911s
 5106099 1802100 infeasible  136         1.00000    0.00000   100%   138 8915s
 5108781 1802793 infeasible  146         1.00000    0.00000   100%   138 8920s
 5111411 1803573    0.00000  135   68    1.00000    0.00000   100%   138 8925s
 5112740 1803776    0.00000  147   88    1.00000    0.00000   100%   138 8930s
 5113377 1804076    0.00000  156   46    1.00000    0.00000   100%   138 8935s
 5116298 1804996    0.00000  134   26    1.00000    0.00000   100%   138 8942s
 5118353 1805816 infeasible  140         1.00000    0.00000   100%   138 8945s
 5123024 1806798    0.00000  146   73    1.00000    0.00000   100%   138 8951s
 5124634 1807559    0.00000  126   19    1.00000    0.00000   100%   138 8955s
 5127468 1808386 infeasible  127         1.00000    0.00000   100%   138 8960s
 5130958 1808959 infeasible  156         1.00000    0.00000   100%   138 8965s
 5133165 1809613 infeasible  138         1.00000    0.00000   100%   138 8970s
 5136211 1810717    0.00000  133   39    1.00000    0.00000   100%   138 8975s
 5139940 1811577    0.00000  151   37    1.00000    0.00000   100%   138 8981s
 5142636 1812284    0.00000  116   59    1.00000    0.00000   100%   138 8985s
 5145389 1812975    0.00000  127   23    1.00000    0.00000   100%   138 8990s
 5149044 1813915 infeasible  140         1.00000    0.00000   100%   138 8996s
 5150645 1814319    0.00000  145   54    1.00000    0.00000   100%   138 9000s
 5154477 1815410    0.00000  157   47    1.00000    0.00000   100%   138 9005s
 5155255 1815650    0.00000  155   33    1.00000    0.00000   100%   138 9010s
 5155416 1815909 infeasible  157         1.00000    0.00000   100%   138 9015s
 5159077 1816805    0.00000  154   79    1.00000    0.00000   100%   138 9020s
 5161739 1817716    0.00000  132   92    1.00000    0.00000   100%   138 9025s
 5165076 1818645    0.00000  139   41    1.00000    0.00000   100%   138 9030s
 5167711 1819641    0.00000  137   57    1.00000    0.00000   100%   138 9035s
 5170892 1820599    0.00000  118   42    1.00000    0.00000   100%   138 9040s
 5173890 1821546    0.00000  134   48    1.00000    0.00000   100%   138 9045s
 5176430 1822449    0.00000  147   59    1.00000    0.00000   100%   138 9050s
 5180583 1823732    0.00000  156   24    1.00000    0.00000   100%   138 9055s
 5183933 1824648 infeasible  137         1.00000    0.00000   100%   138 9060s
 5186051 1825279    0.00000  163   36    1.00000    0.00000   100%   138 9066s
 5188665 1826026    0.00000  138   78    1.00000    0.00000   100%   138 9070s
 5192821 1827335    0.00000  122   31    1.00000    0.00000   100%   138 9076s
 5195565 1827957    0.00000  138   57    1.00000    0.00000   100%   138 9080s
 5197741 1828668 infeasible  133         1.00000    0.00000   100%   138 9085s
 5200986 1830236    0.00000  123   15    1.00000    0.00000   100%   138 9091s
 5204558 1831471    0.00000  127   23    1.00000    0.00000   100%   138 9095s
 5208075 1832574    0.00000  140   31    1.00000    0.00000   100%   138 9100s
 5210909 1833852 infeasible  147         1.00000    0.00000   100%   138 9105s
 5215441 1835056    0.00000  127   21    1.00000    0.00000   100%   138 9111s
 5215449 1837564    0.00000  128   21    1.00000    0.00000   100%   138 9131s
 5223905 1838294    0.00000  144   32    1.00000    0.00000   100%   138 9136s
 5227255 1839340 infeasible  145         1.00000    0.00000   100%   138 9141s
 5229585 1839988 infeasible  147         1.00000    0.00000   100%   138 9145s
 5233825 1841007    0.00000  136   93    1.00000    0.00000   100%   138 9150s
 5235329 1841793    0.00000  125   46    1.00000    0.00000   100%   138 9155s
 5239049 1842748 infeasible  169         1.00000    0.00000   100%   138 9160s
 5242680 1843804    0.00000  126   18    1.00000    0.00000   100%   138 9165s
 5246044 1844877    0.00000  150  100    1.00000    0.00000   100%   138 9171s
 5249577 1845803    0.00000  127   99    1.00000    0.00000   100%   138 9175s
 5252797 1846590 infeasible  142         1.00000    0.00000   100%   138 9180s
 5255733 1847480    0.00000  133   81    1.00000    0.00000   100%   138 9185s
 5259119 1848347    0.00000  151   66    1.00000    0.00000   100%   138 9190s
 5261021 1850024    0.00000  131   40    1.00000    0.00000   100%   138 9200s
 5269142 1851140 infeasible  147         1.00000    0.00000   100%   138 9206s
 5272548 1852081 infeasible  147         1.00000    0.00000   100%   138 9210s
 5275553 1855381 infeasible  152         1.00000    0.00000   100%   138 9226s
 5283728 1855563 infeasible  131         1.00000    0.00000   100%   138 9230s
 5286746 1856831    0.00000  132   70    1.00000    0.00000   100%   138 9235s
 5290471 1857960 infeasible  124         1.00000    0.00000   100%   138 9241s
 5292368 1858446    0.00000  138   66    1.00000    0.00000   100%   138 9245s
 5292396 1858479    0.00000  141   68    1.00000    0.00000   100%   138 9251s
 5293624 1859254    0.00000  127   22    1.00000    0.00000   100%   138 9256s
 5295298 1859868    0.00000  131   39    1.00000    0.00000   100%   138 9261s
 5298406 1861043 infeasible  165         1.00000    0.00000   100%   138 9266s
 5301298 1862306    0.00000  129   36    1.00000    0.00000   100%   138 9270s
 5304527 1863320 infeasible  137         1.00000    0.00000   100%   138 9275s
 5305798 1864296 infeasible  128         1.00000    0.00000   100%   138 9282s
 5310239 1864909 infeasible  124         1.00000    0.00000   100%   138 9285s
 5314080 1866290    0.00000  164   44    1.00000    0.00000   100%   138 9290s
 5316372 1866719    0.00000  113   67    1.00000    0.00000   100%   138 9295s
 5319411 1867907    0.00000  137    9    1.00000    0.00000   100%   138 9301s
 5323101 1868979    0.00000  164   83    1.00000    0.00000   100%   138 9306s
 5326556 1870262    0.00000  147   29    1.00000    0.00000   100%   138 9310s
 5330030 1871350 infeasible  149         1.00000    0.00000   100%   138 9315s
 5333087 1872255    0.00000  171  117    1.00000    0.00000   100%   138 9320s
 5336962 1873652    0.00000  118   41    1.00000    0.00000   100%   138 9325s
 5340505 1874669    0.00000  137   14    1.00000    0.00000   100%   138 9330s
 5344923 1875825    0.00000  148   52    1.00000    0.00000   100%   138 9335s
 5347071 1876307    0.00000  152   43    1.00000    0.00000   100%   138 9340s
 5350252 1877367    0.00000  137   27    1.00000    0.00000   100%   138 9345s
 5353168 1878268    0.00000  154   42    1.00000    0.00000   100%   138 9350s
 5357463 1879714    0.00000  144   63    1.00000    0.00000   100%   138 9355s
 5359199 1880047    0.00000  147   89    1.00000    0.00000   100%   138 9360s
 5360157 1880282    0.00000  147   28    1.00000    0.00000   100%   138 9366s
 5360889 1880598 infeasible  152         1.00000    0.00000   100%   138 9371s
 5362532 1881014    0.00000  126   69    1.00000    0.00000   100%   138 9375s
 5365962 1882107    0.00000  146   88    1.00000    0.00000   100%   138 9381s
 5369674 1882970 infeasible  160         1.00000    0.00000   100%   138 9385s
 5372025 1883881    0.00000  147   13    1.00000    0.00000   100%   138 9390s
 5375876 1885185 infeasible  147         1.00000    0.00000   100%   138 9396s
 5379169 1886499    0.00000  147   27    1.00000    0.00000   100%   138 9401s
 5380545 1887026 infeasible  137         1.00000    0.00000   100%   138 9405s
 5384859 1888529    0.00000  135   83    1.00000    0.00000   100%   138 9411s
 5388114 1889198 infeasible  177         1.00000    0.00000   100%   138 9415s
 5390078 1890176    0.00000  124   42    1.00000    0.00000   100%   138 9420s
 5393008 1891233    0.00000  136   30    1.00000    0.00000   100%   138 9425s
 5396647 1892297    0.00000  136   47    1.00000    0.00000   100%   138 9430s
 5400316 1893667    0.00000  148   34    1.00000    0.00000   100%   138 9435s
 5403329 1894537    0.00000  133   88    1.00000    0.00000   100%   138 9441s
 5406915 1895854 infeasible  167         1.00000    0.00000   100%   138 9446s
 5409630 1896661    0.00000  127   21    1.00000    0.00000   100%   138 9451s
 5412060 1897157 infeasible  127         1.00000    0.00000   100%   138 9456s
 5412080 1897168    0.00000  141   91    1.00000    0.00000   100%   138 9460s
 5412118 1897282    0.00000  143  122    1.00000    0.00000   100%   138 9466s
 5413886 1898223 infeasible  178         1.00000    0.00000   100%   138 9471s
 5416537 1898846    0.00000  169   47    1.00000    0.00000   100%   138 9476s
 5418652 1899790    0.00000  142   31    1.00000    0.00000   100%   138 9481s
 5421534 1900654    0.00000  142   66    1.00000    0.00000   100%   138 9485s
 5423859 1901295 infeasible  136         1.00000    0.00000   100%   138 9490s
 5427543 1902491    0.00000  137   15    1.00000    0.00000   100%   138 9495s
 5431790 1903302    0.00000  145   60    1.00000    0.00000   100%   138 9500s
 5433765 1904210 infeasible  150         1.00000    0.00000   100%   138 9505s
 5436816 1905050    0.00000  138   30    1.00000    0.00000   100%   138 9510s
 5440167 1906170    0.00000  155   71    1.00000    0.00000   100%   138 9515s
 5443244 1907032    0.00000  177   28    1.00000    0.00000   100%   138 9520s
 5446090 1907950    0.00000  147   15    1.00000    0.00000   100%   138 9525s
 5449498 1909388    0.00000  145   73    1.00000    0.00000   100%   138 9530s
 5451703 1910322 infeasible  142         1.00000    0.00000   100%   138 9535s
 5454635 1911204    0.00000  138   20    1.00000    0.00000   100%   138 9540s
 5457381 1912082    0.00000  139   62    1.00000    0.00000   100%   138 9545s
 5461648 1913613    0.00000  137   14    1.00000    0.00000   100%   138 9550s
 5465067 1914848    0.00000  137   13    1.00000    0.00000   100%   138 9555s
 5467086 1915863 infeasible  140         1.00000    0.00000   100%   138 9561s
 5470044 1916819    0.00000  137   25    1.00000    0.00000   100%   138 9565s
 5474006 1918127    0.00000  180   52    1.00000    0.00000   100%   138 9570s
 5475932 1918675    0.00000  138   58    1.00000    0.00000   100%   138 9575s
 5479284 1919754 infeasible  147         1.00000    0.00000   100%   138 9580s
 5482870 1920957    0.00000  117   11    1.00000    0.00000   100%   138 9585s
 5486343 1922213    0.00000  147   54    1.00000    0.00000   100%   138 9590s
 5486523 1922234 infeasible  151         1.00000    0.00000   100%   138 9596s
 5487480 1922553 infeasible  127         1.00000    0.00000   100%   138 9600s
 5489569 1923690    0.00000  138   40    1.00000    0.00000   100%   138 9605s
 5493779 1924665    0.00000  137   20    1.00000    0.00000   100%   138 9610s
 5495978 1925117 infeasible  127         1.00000    0.00000   100%   138 9615s
 5499149 1925990    0.00000  130   27    1.00000    0.00000   100%   138 9621s
 5502711 1927106    0.00000  144   41    1.00000    0.00000   100%   138 9626s
 5506386 1928265    0.00000  123   68    1.00000    0.00000   100%   138 9630s
 5508675 1928991 infeasible  127         1.00000    0.00000   100%   138 9635s
 5512968 1930323 infeasible  165         1.00000    0.00000   100%   138 9640s
 5516370 1931115    0.00000  154   57    1.00000    0.00000   100%   138 9645s
 5517740 1931993    0.00000  132   74    1.00000    0.00000   100%   138 9650s
 5521410 1933452    0.00000  147   32    1.00000    0.00000   100%   138 9655s
 5525431 1934582    0.00000  170   47    1.00000    0.00000   100%   138 9660s
 5528282 1935416    0.00000  176  112    1.00000    0.00000   100%   138 9665s
 5531721 1936460    0.00000  137   22    1.00000    0.00000   100%   138 9670s
 5534766 1937603    0.00000  148   56    1.00000    0.00000   100%   138 9675s
 5537866 1938573    0.00000  150   26    1.00000    0.00000   100%   138 9680s
 5539325 1939179    0.00000  159   92    1.00000    0.00000   100%   138 9685s
 5542923 1940437    0.00000  156   15    1.00000    0.00000   100%   138 9690s
 5545111 1940740    0.00000  135   64    1.00000    0.00000   100%   138 9696s
 5545130 1940755    0.00000  137   64    1.00000    0.00000   100%   138 9700s
 5546639 1941277 infeasible  136         1.00000    0.00000   100%   138 9706s
 5547973 1942220 infeasible  151         1.00000    0.00000   100%   138 9710s
 5550174 1943389    0.00000  105   20    1.00000    0.00000   100%   138 9715s
 5554176 1945067    0.00000  107   56    1.00000    0.00000   100%   138 9721s
 5557122 1946345 infeasible  127         1.00000    0.00000   100%   138 9725s
 5559674 1946892 infeasible  134         1.00000    0.00000   100%   138 9730s
 5561924 1948255    0.00000  127  107    1.00000    0.00000   100%   138 9736s
 5564850 1949568 infeasible  134         1.00000    0.00000   100%   138 9740s
 5568515 1950763    0.00000  114   95    1.00000    0.00000   100%   138 9746s
 5570502 1951349    0.00000  108   23    1.00000    0.00000   100%   138 9751s
 5573122 1952305 infeasible  128         1.00000    0.00000   100%   138 9755s
 5576965 1953293    0.00000  120   42    1.00000    0.00000   100%   138 9761s
 5578461 1954212    0.00000  137   23    1.00000    0.00000   100%   138 9765s
 5581252 1955131 infeasible  117         1.00000    0.00000   100%   138 9770s
 5584430 1956117    0.00000  135   61    1.00000    0.00000   100%   138 9776s
 5587153 1956991 infeasible  124         1.00000    0.00000   100%   138 9780s
 5589931 1957681 infeasible  127         1.00000    0.00000   100%   138 9786s
 5591876 1958412 infeasible  132         1.00000    0.00000   100%   138 9791s
 5594668 1959291    0.00000  126   42    1.00000    0.00000   100%   138 9795s
 5597521 1960204    0.00000  119   55    1.00000    0.00000   100%   138 9800s
 5599482 1960496 infeasible  119         1.00000    0.00000   100%   138 9807s
 5599509 1960608 infeasible  119         1.00000    0.00000   100%   138 9811s
 5601294 1961153    0.00000  127   20    1.00000    0.00000   100%   138 9816s
 5602054 1961481    0.00000  130   72    1.00000    0.00000   100%   138 9820s
 5604403 1962364 infeasible  137         1.00000    0.00000   100%   138 9825s
 5607892 1963450    0.00000  124   43    1.00000    0.00000   100%   138 9830s
 5611778 1964159 infeasible  120         1.00000    0.00000   100%   138 9835s
 5612922 1964526    0.00000  123   25    1.00000    0.00000   100%   138 9840s
 5616216 1965569 infeasible  126         1.00000    0.00000   100%   138 9845s
 5619686 1966579    0.00000  119   47    1.00000    0.00000   100%   138 9850s
 5623374 1967304 infeasible  131         1.00000    0.00000   100%   138 9855s
 5626096 1968120 infeasible  119         1.00000    0.00000   100%   138 9861s
 5628461 1968637    0.00000  127   15    1.00000    0.00000   100%   138 9865s
 5631466 1969669 infeasible  125         1.00000    0.00000   100%   138 9870s
 5634314 1970171    0.00000  136   63    1.00000    0.00000   100%   138 9876s
 5636271 1971002    0.00000  120   55    1.00000    0.00000   100%   138 9880s
 5639141 1971696    0.00000  137   15    1.00000    0.00000   100%   138 9885s
 5642688 1972857    0.00000  117   18    1.00000    0.00000   100%   138 9891s
 5644727 1973597 infeasible  127         1.00000    0.00000   100%   138 9895s
 5648492 1974807    0.00000  122   54    1.00000    0.00000   100%   138 9901s
 5650790 1975192    0.00000  102   55    1.00000    0.00000   100%   138 9905s
 5652101 1975838    0.00000  104   66    1.00000    0.00000   100%   138 9910s
 5655381 1976753 infeasible  128         1.00000    0.00000   100%   138 9916s
 5657922 1977463 infeasible  133         1.00000    0.00000   100%   138 9920s
 5659778 1977707    0.00000  128   29    1.00000    0.00000   100%   138 9925s
 5659850 1977774    0.00000  130   34    1.00000    0.00000   100%   138 9931s
 5661351 1978322    0.00000  141   41    1.00000    0.00000   100%   138 9935s
 5663918 1979043    0.00000  126   44    1.00000    0.00000   100%   138 9940s
 5666357 1979831    0.00000  128   56    1.00000    0.00000   100%   138 9946s
 5669416 1980655 infeasible  127         1.00000    0.00000   100%   138 9950s
 5671861 1981107    0.00000  132   69    1.00000    0.00000   100%   138 9955s
 5674742 1982095    0.00000  147   19    1.00000    0.00000   100%   138 9961s
 5676848 1982568    0.00000  127   52    1.00000    0.00000   100%   138 9965s
 5680310 1983818 infeasible  128         1.00000    0.00000   100%   138 9970s
 5683880 1984810 infeasible  128         1.00000    0.00000   100%   138 9975s
 5686189 1985473    0.00000  118   16    1.00000    0.00000   100%   138 9980s
 5688243 1986141 infeasible  140         1.00000    0.00000   100%   138 9985s
 5691670 1987208 infeasible  126         1.00000    0.00000   100%   138 9990s
 5694395 1988008    0.00000  123   29    1.00000    0.00000   100%   138 9995s
 5697995 1989011    0.00000  132   71    1.00000    0.00000   100%   138 10001s
 5700493 1989682    0.00000  124  115    1.00000    0.00000   100%   138 10005s
 5703821 1990701    0.00000  131   35    1.00000    0.00000   100%   138 10010s
 5706153 1991362    0.00000  129   52    1.00000    0.00000   100%   138 10016s
 5708660 1991851    0.00000  127   55    1.00000    0.00000   100%   138 10020s
 5710648 1992572    0.00000  131   54    1.00000    0.00000   100%   138 10025s
 5714360 1993997 infeasible  129         1.00000    0.00000   100%   138 10030s
 5717665 1994894 infeasible  130         1.00000    0.00000   100%   138 10035s
 5717706 1994890 infeasible  129         1.00000    0.00000   100%   138 10041s
 5718096 1995077    0.00000  138   31    1.00000    0.00000   100%   138 10046s
 5719685 1995775    0.00000  132  105    1.00000    0.00000   100%   138 10050s
 5723285 1996721    0.00000  121   51    1.00000    0.00000   100%   138 10055s
 5724981 1997143    0.00000  120   29    1.00000    0.00000   100%   138 10060s
 5728353 1998003    0.00000  129   18    1.00000    0.00000   100%   138 10065s
 5730465 1998521    0.00000  144   45    1.00000    0.00000   100%   138 10070s
 5733973 1999321    0.00000  137   32    1.00000    0.00000   100%   138 10076s
 5736853 2000041    0.00000  127   18    1.00000    0.00000   100%   138 10081s
 5739393 2000606    0.00000  136   84    1.00000    0.00000   100%   138 10085s
 5742082 2001341    0.00000  137   21    1.00000    0.00000   100%   138 10091s
 5744921 2002053    0.00000  125   34    1.00000    0.00000   100%   138 10095s
 5746706 2002355    0.00000  138   85    1.00000    0.00000   100%   138 10101s
 5749470 2003224 infeasible  129         1.00000    0.00000   100%   138 10105s
 5752916 2004381 infeasible  147         1.00000    0.00000   100%   138 10110s
 5756651 2005343    0.00000  129   61    1.00000    0.00000   100%   138 10116s
 5759181 2006027    0.00000  118   38    1.00000    0.00000   100%   138 10121s
 5761639 2006549    0.00000  139   63    1.00000    0.00000   100%   138 10125s
 5764619 2007287    0.00000  132   47    1.00000    0.00000   100%   138 10130s
 5768115 2008178 infeasible  125         1.00000    0.00000   100%   138 10135s
 5770125 2008619    0.00000  137   23    1.00000    0.00000   100%   138 10140s
 5771812 2008833    0.00000  112   53    1.00000    0.00000   100%   138 10146s
 5771835 2008844    0.00000  114   52    1.00000    0.00000   100%   138 10151s
 5772045 2009017 infeasible  127         1.00000    0.00000   100%   138 10155s
 5774177 2010048    0.00000  132   41    1.00000    0.00000   100%   138 10160s
 5777552 2011118 infeasible  137         1.00000    0.00000   100%   138 10165s
 5779984 2011828 infeasible  147         1.00000    0.00000   100%   138 10171s
 5782659 2012418 infeasible  126         1.00000    0.00000   100%   138 10175s
 5785340 2013314    0.00000  137   12    1.00000    0.00000   100%   138 10180s
 5788657 2014300    0.00000  129   29    1.00000    0.00000   100%   138 10186s
 5792010 2014971 infeasible  129         1.00000    0.00000   100%   138 10191s
 5793375 2015402    0.00000  135   92    1.00000    0.00000   100%   138 10195s
 5795997 2016357    0.00000  139   22    1.00000    0.00000   100%   138 10200s
 5799412 2017003    0.00000  123   65    1.00000    0.00000   100%   138 10205s
 5802640 2017988 infeasible  140         1.00000    0.00000   100%   138 10210s
 5805176 2018747 infeasible  147         1.00000    0.00000   100%   138 10215s
 5808733 2019788 infeasible  153         1.00000    0.00000   100%   139 10220s
 5811360 2023570    0.00000  120   13    1.00000    0.00000   100%   139 10237s
 5819479 2024015    0.00000  128   41    1.00000    0.00000   100%   139 10240s
 5822891 2025313    0.00000  131   57    1.00000    0.00000   100%   139 10246s
 5824381 2025844 infeasible  143         1.00000    0.00000   100%   139 10250s
 5828028 2026807 infeasible  128         1.00000    0.00000   100%   139 10256s
 5830215 2027373    0.00000  124   50    1.00000    0.00000   100%   139 10260s
 5833317 2028409    0.00000  126   62    1.00000    0.00000   100%   139 10266s
 5835142 2029027    0.00000  127   60    1.00000    0.00000   100%   139 10270s
 5838120 2029627    0.00000  138   27    1.00000    0.00000   100%   139 10276s
 5838145 2029631    0.00000  138   62    1.00000    0.00000   100%   139 10280s
 5839936 2030411 infeasible  140         1.00000    0.00000   100%   139 10285s
 5841449 2030958    0.00000  134   38    1.00000    0.00000   100%   139 10290s
 5845695 2031760    0.00000  138   36    1.00000    0.00000   100%   139 10296s
 5848426 2032247    0.00000  137   31    1.00000    0.00000   100%   139 10300s
 5850373 2033014 infeasible  147         1.00000    0.00000   100%   139 10305s
 5853484 2034076    0.00000  125   76    1.00000    0.00000   100%   139 10311s
 5856342 2034812 infeasible  126         1.00000    0.00000   100%   139 10315s
 5859079 2035499 infeasible  135         1.00000    0.00000   100%   139 10321s
 5861794 2036412 infeasible  138         1.00000    0.00000   100%   139 10325s
 5863809 2036882    0.00000  134   30    1.00000    0.00000   100%   139 10330s
 5867546 2038082    0.00000  127   26    1.00000    0.00000   100%   139 10335s
 5870060 2038921    0.00000  120   35    1.00000    0.00000   100%   139 10340s
 5873674 2039682    0.00000  127   44    1.00000    0.00000   100%   139 10346s
 5875618 2040295    0.00000  123   33    1.00000    0.00000   100%   139 10350s
 5879083 2040886 infeasible  117         1.00000    0.00000   100%   139 10355s
 5880469 2041533    0.00000  129   65    1.00000    0.00000   100%   139 10360s
 5884481 2042389 infeasible  127         1.00000    0.00000   100%   139 10365s
 5887272 2043317    0.00000  145   72    1.00000    0.00000   100%   139 10370s
 5890421 2044089    0.00000  127   19    1.00000    0.00000   100%   139 10375s
 5891251 2044094    0.00000  116   15    1.00000    0.00000   100%   139 10380s
 5891293 2044107    0.00000  118   28    1.00000    0.00000   100%   139 10385s
 5892440 2044564    0.00000  125   64    1.00000    0.00000   100%   139 10391s
 5895030 2045056    0.00000  137    9    1.00000    0.00000   100%   139 10395s
 5897889 2046019    0.00000  126   12    1.00000    0.00000   100%   139 10400s
 5900732 2046663    0.00000  137   35    1.00000    0.00000   100%   139 10405s
 5903096 2047357    0.00000  124   62    1.00000    0.00000   100%   139 10410s
 5905619 2047860 infeasible  147         1.00000    0.00000   100%   139 10415s
 5908612 2048833    0.00000  126   59    1.00000    0.00000   100%   139 10421s
 5911224 2049633    0.00000  123   59    1.00000    0.00000   100%   139 10425s
 5913789 2050312 infeasible  135         1.00000    0.00000   100%   139 10431s
 5916488 2050820 infeasible  131         1.00000    0.00000   100%   139 10435s
 5918596 2051606    0.00000  144   27    1.00000    0.00000   100%   139 10440s
 5923190 2052642 infeasible  124         1.00000    0.00000   100%   139 10445s
 5925885 2053575 infeasible  132         1.00000    0.00000   100%   139 10451s
 5927821 2054075 infeasible  137         1.00000    0.00000   100%   139 10455s
 5930647 2054851    0.00000  131   47    1.00000    0.00000   100%   139 10460s
 5933150 2055416 infeasible  127         1.00000    0.00000   100%   139 10465s
 5936644 2056466 infeasible  137         1.00000    0.00000   100%   139 10470s
 5939004 2057209    0.00000  124   86    1.00000    0.00000   100%   139 10475s
 5942610 2058266 infeasible  152         1.00000    0.00000   100%   139 10480s
 5946101 2059229    0.00000  126  114    1.00000    0.00000   100%   139 10485s
 5947908 2059894    0.00000  129   25    1.00000    0.00000   100%   139 10491s
 5950532 2060873    0.00000  111   41    1.00000    0.00000   100%   139 10495s
 5951501 2060879    0.00000  146   59    1.00000    0.00000   100%   139 10500s
 5951594 2060991 infeasible  148         1.00000    0.00000   100%   139 10506s
 5953825 2061816    0.00000  143   92    1.00000    0.00000   100%   139 10511s
 5955528 2062332    0.00000  152   99    1.00000    0.00000   100%   139 10515s
 5958704 2063436    0.00000  136   49    1.00000    0.00000   100%   139 10521s
 5961549 2064297    0.00000  127   38    1.00000    0.00000   100%   139 10525s
 5965572 2065537    0.00000  146   84    1.00000    0.00000   100%   139 10530s
 5968483 2066538    0.00000  137   70    1.00000    0.00000   100%   139 10535s
 5971688 2067371 infeasible  155         1.00000    0.00000   100%   139 10540s
 5974026 2068098 infeasible  174         1.00000    0.00000   100%   139 10545s
 5976742 2069033    0.00000  127   41    1.00000    0.00000   100%   139 10550s
 5979955 2069909 infeasible  156         1.00000    0.00000   100%   139 10555s
 5983534 2071306 infeasible  134         1.00000    0.00000   100%   139 10560s
 5987081 2072260 infeasible  162         1.00000    0.00000   100%   139 10565s
 5988255 2072890 infeasible  137         1.00000    0.00000   100%   139 10570s
 5991362 2073882    0.00000  147   14    1.00000    0.00000   100%   139 10576s
 5995364 2074803 infeasible  157         1.00000    0.00000   100%   139 10581s
 5998431 2075607    0.00000  147   28    1.00000    0.00000   100%   139 10586s
 6001124 2076054 infeasible  137         1.00000    0.00000   100%   139 10590s
 6003603 2077012    0.00000  138   52    1.00000    0.00000   100%   139 10595s
 6007283 2077950    0.00000  152   87    1.00000    0.00000   100%   139 10600s
 6010760 2078775 infeasible  181         1.00000    0.00000   100%   139 10605s
 6012377 2079752    0.00000  141   35    1.00000    0.00000   100%   139 10610s
 6016080 2081270    0.00000  147   32    1.00000    0.00000   100%   139 10615s
 6019523 2082462    0.00000  153   61    1.00000    0.00000   100%   139 10620s
 6022259 2082951    0.00000  163   79    1.00000    0.00000   100%   139 10625s
 6022566 2083094    0.00000  165   90    1.00000    0.00000   100%   139 10631s
 6023458 2083592    0.00000  152  108    1.00000    0.00000   100%   139 10635s
 6027753 2084670    0.00000  158   68    1.00000    0.00000   100%   139 10641s
 6029695 2085360    0.00000  158   89    1.00000    0.00000   100%   139 10645s
 6032981 2086447 infeasible  139         1.00000    0.00000   100%   139 10650s
 6036614 2087615    0.00000  136   81    1.00000    0.00000   100%   139 10655s
 6039841 2088500    0.00000  126   47    1.00000    0.00000   100%   139 10660s
 6043101 2089160 infeasible  143         1.00000    0.00000   100%   139 10666s
 6044895 2089939    0.00000  138   55    1.00000    0.00000   100%   139 10670s
 6048553 2090878 infeasible  132         1.00000    0.00000   100%   139 10675s
 6051295 2091553    0.00000  126   54    1.00000    0.00000   100%   139 10680s
 6053802 2092423    0.00000  149   45    1.00000    0.00000   100%   139 10685s
 6057224 2093606    0.00000  125   42    1.00000    0.00000   100%   139 10690s
 6060570 2094648    0.00000  139   76    1.00000    0.00000   100%   139 10695s
 6063514 2095366    0.00000  134   95    1.00000    0.00000   100%   139 10700s
 6064221 2095470    0.00000  133   52    1.00000    0.00000   100%   139 10709s
 6064384 2097661 infeasible  134         1.00000    0.00000   100%   139 10721s
 6073523 2098217    0.00000  125   42    1.00000    0.00000   100%   139 10725s
 6075816 2098883    0.00000  127   16    1.00000    0.00000   100%   139 10731s
 6079199 2099855 infeasible  147         1.00000    0.00000   100%   139 10735s
 6083453 2100920    0.00000  152   61    1.00000    0.00000   100%   139 10740s
 6085269 2101455 infeasible  129         1.00000    0.00000   100%   139 10745s
 6087660 2102224 infeasible  151         1.00000    0.00000   100%   139 10750s
 6091625 2103391    0.00000  143   67    1.00000    0.00000   100%   139 10755s
 6095421 2104446    0.00000  158   90    1.00000    0.00000   100%   139 10760s
 6097140 2105042    0.00000  150   63    1.00000    0.00000   100%   139 10766s
 6100232 2106044    0.00000  147   42    1.00000    0.00000   100%   139 10770s
 6104251 2107050 infeasible  133         1.00000    0.00000   100%   139 10775s
 6107014 2107956    0.00000  177   12    1.00000    0.00000   100%   139 10780s
 6110767 2109072    0.00000  137   15    1.00000    0.00000   100%   139 10785s
 6113715 2109847    0.00000  152   84    1.00000    0.00000   100%   139 10790s
 6115940 2110534    0.00000  158   70    1.00000    0.00000   100%   139 10795s
 6118981 2111186 infeasible  137         1.00000    0.00000   100%   139 10800s
 6122604 2112104    0.00000  160   80    1.00000    0.00000   100%   139 10805s
 6126196 2113096 infeasible  143         1.00000    0.00000   100%   139 10810s
 6127838 2113395 infeasible  151         1.00000    0.00000   100%   139 10815s
 6127877 2113411    0.00000  152   31    1.00000    0.00000   100%   139 10820s
 6128445 2113821    0.00000  154   45    1.00000    0.00000   100%   139 10826s
 6131564 2114574 infeasible  151         1.00000    0.00000   100%   139 10830s
 6134893 2115565    0.00000  137   38    1.00000    0.00000   100%   139 10835s
 6138063 2116330    0.00000  143   49    1.00000    0.00000   100%   139 10840s
 6139382 2116716    0.00000  122   89    1.00000    0.00000   100%   139 10845s
 6143048 2117792    0.00000  138   25    1.00000    0.00000   100%   139 10850s
 6147175 2119080    0.00000  137   18    1.00000    0.00000   100%   139 10856s
 6150032 2119668 infeasible  127         1.00000    0.00000   100%   139 10861s
 6152521 2120393 infeasible  141         1.00000    0.00000   100%   139 10865s
 6156101 2121405 infeasible  143         1.00000    0.00000   100%   139 10870s
 6159661 2122215 infeasible  148         1.00000    0.00000   100%   139 10876s
 6160907 2122606    0.00000  137   31    1.00000    0.00000   100%   139 10880s
 6164156 2123729 infeasible  159         1.00000    0.00000   100%   139 10885s
 6167622 2124781    0.00000  137   28    1.00000    0.00000   100%   139 10890s
 6171098 2125429    0.00000  141   15    1.00000    0.00000   100%   139 10895s
 6173813 2126572    0.00000  160   64    1.00000    0.00000   100%   139 10900s
 6177271 2127444 infeasible  157         1.00000    0.00000   100%   139 10905s
 6180448 2128029    0.00000  144   63    1.00000    0.00000   100%   139 10910s
 6182990 2128967 infeasible  154         1.00000    0.00000   100%   139 10915s
 6186473 2129821 infeasible  150         1.00000    0.00000   100%   139 10920s
 6188929 2130451    0.00000  130   23    1.00000    0.00000   100%   139 10925s
 6189549 2130463    0.00000  139   40    1.00000    0.00000   100%   139 10930s
 6189735 2130678    0.00000  141   61    1.00000    0.00000   100%   139 10935s
 6191169 2131208    0.00000  141   78    1.00000    0.00000   100%   139 10940s
 6193035 2131854    0.00000  170   63    1.00000    0.00000   100%   139 10945s
 6196622 2133122 infeasible  147         1.00000    0.00000   100%   139 10951s
 6199554 2134073    0.00000  138   46    1.00000    0.00000   100%   139 10955s
 6203481 2135124    0.00000  144   80    1.00000    0.00000   100%   139 10960s
 6205757 2135952    0.00000  139   41    1.00000    0.00000   100%   139 10965s
 6209874 2137057 infeasible  147         1.00000    0.00000   100%   139 10970s
 6211740 2137596 infeasible  147         1.00000    0.00000   100%   139 10975s
 6215190 2138519 infeasible  156         1.00000    0.00000   100%   139 10980s
 6219146 2139666    0.00000  157   21    1.00000    0.00000   100%   139 10985s
 6222077 2140749 infeasible  147         1.00000    0.00000   100%   139 10990s
 6224813 2141397    0.00000  175  164    1.00000    0.00000   100%   139 10995s
 6228068 2142602 infeasible  137         1.00000    0.00000   100%   139 11000s
 6231578 2144612    0.00000  147   26    1.00000    0.00000   100%   139 11005s
 6235168 2146085    0.00000  169   89    1.00000    0.00000   100%   139 11010s
 6238316 2147426    0.00000  148   47    1.00000    0.00000   100%   139 11015s
 6242083 2148504    0.00000  146   72    1.00000    0.00000   100%   139 11020s
 6244621 2149724    0.00000  151  114    1.00000    0.00000   100%   139 11026s
 6246745 2150654    0.00000  132   67    1.00000    0.00000   100%   139 11030s
 6250703 2152098    0.00000  136   18    1.00000    0.00000   100%   139 11035s
 6255774 2153651 infeasible  166         1.00000    0.00000   100%   139 11041s
 6255914 2154784 infeasible  169         1.00000    0.00000   100%   139 11050s
 6258681 2155242    0.00000  125   93    1.00000    0.00000   100%   139 11056s
 6260144 2156168    0.00000  130   29    1.00000    0.00000   100%   139 11061s
 6263468 2157526    0.00000  172   87    1.00000    0.00000   100%   139 11065s
 6266458 2158527 infeasible  198         1.00000    0.00000   100%   139 11071s
 6270080 2159996    0.00000  157   54    1.00000    0.00000   100%   139 11076s
 6272978 2160921    0.00000  137   37    1.00000    0.00000   100%   139 11080s
 6276648 2161980    0.00000  156    9    1.00000    0.00000   100%   139 11085s
 6279484 2163144    0.00000  161   55    1.00000    0.00000   100%   139 11090s
 6283011 2164284    0.00000  139   24    1.00000    0.00000   100%   139 11096s
 6285093 2165068 infeasible  132         1.00000    0.00000   100%   139 11100s
 6288080 2166199    0.00000  157   62    1.00000    0.00000   100%   139 11106s
 6292143 2167281    0.00000  153   15    1.00000    0.00000   100%   139 11110s
 6295852 2168681 infeasible  164         1.00000    0.00000   100%   139 11115s
 6298863 2169822 infeasible  153         1.00000    0.00000   100%   139 11121s
 6301907 2171094    0.00000  164  101    1.00000    0.00000   100%   139 11125s
 6304436 2171703    0.00000  164  144    1.00000    0.00000   100%   139 11130s
 6307399 2173090    0.00000  166   63    1.00000    0.00000   100%   139 11135s
 6309858 2173997    0.00000  157   85    1.00000    0.00000   100%   139 11140s
 6313233 2175192    0.00000  148   30    1.00000    0.00000   100%   139 11145s
 6317066 2176674 infeasible  164         1.00000    0.00000   100%   139 11150s
 6319575 2177211 infeasible  158         1.00000    0.00000   100%   139 11156s
 6319622 2177231    0.00000  143   36    1.00000    0.00000   100%   139 11161s
 6321298 2177759 infeasible  140         1.00000    0.00000   100%   139 11165s
 6324490 2179105 infeasible  164         1.00000    0.00000   100%   139 11171s
 6327786 2180044    0.00000  137   25    1.00000    0.00000   100%   139 11176s
 6329150 2180212 infeasible  154         1.00000    0.00000   100%   139 11180s
 6332492 2181524    0.00000  133   51    1.00000    0.00000   100%   139 11185s
 6335643 2182631 infeasible  170         1.00000    0.00000   100%   139 11190s
 6339740 2183426 infeasible  137         1.00000    0.00000   100%   139 11195s
 6342193 2184393    0.00000  140   78    1.00000    0.00000   100%   139 11200s
 6345888 2185457 infeasible  146         1.00000    0.00000   100%   139 11206s
 6349468 2186478 infeasible  145         1.00000    0.00000   100%   139 11210s
 6352834 2187501 infeasible  138         1.00000    0.00000   100%   139 11216s
 6356445 2188575 infeasible  147         1.00000    0.00000   100%   139 11220s
 6359423 2189623    0.00000  156   16    1.00000    0.00000   100%   139 11225s
 6360390 2192057    0.00000  141   34    1.00000    0.00000   100%   139 11240s
 6370997 2193061 infeasible  187         1.00000    0.00000   100%   139 11245s
 6373644 2193550    0.00000  147   23    1.00000    0.00000   100%   139 11250s
 6376331 2194638    0.00000  137   58    1.00000    0.00000   100%   139 11255s
 6379493 2195488    0.00000  146   26    1.00000    0.00000   100%   139 11260s
 6380382 2195504    0.00000  139   18    1.00000    0.00000   100%   139 11265s
 6380409 2195509    0.00000  141   12    1.00000    0.00000   100%   139 11270s
 6381390 2196010 infeasible  143         1.00000    0.00000   100%   139 11275s
 6384564 2197063    0.00000  127   94    1.00000    0.00000   100%   139 11280s
 6387276 2197907    0.00000  138   49    1.00000    0.00000   100%   139 11285s
 6390037 2198986    0.00000  147   21    1.00000    0.00000   100%   139 11291s
 6393476 2199966    0.00000  137   48    1.00000    0.00000   100%   139 11295s
 6396831 2200892    0.00000  137   28    1.00000    0.00000   100%   139 11300s
 6399447 2201594 infeasible  157         1.00000    0.00000   100%   139 11305s
 6402477 2203028    0.00000  156  111    1.00000    0.00000   100%   139 11310s
 6406107 2203982    0.00000  123   21    1.00000    0.00000   100%   139 11315s
 6409134 2204799 infeasible  166         1.00000    0.00000   100%   139 11320s
 6410668 2205487    0.00000  147   30    1.00000    0.00000   100%   139 11326s
 6413470 2206342    0.00000  127   24    1.00000    0.00000   100%   139 11330s
 6417124 2207862    0.00000  137   49    1.00000    0.00000   100%   139 11335s
 6419978 2210294 infeasible  156         1.00000    0.00000   100%   139 11346s
 6427539 2211185    0.00000  156  124    1.00000    0.00000   100%   139 11350s
 6430161 2211755 infeasible  162         1.00000    0.00000   100%   139 11355s
 6432434 2212859    0.00000  136   66    1.00000    0.00000   100%   139 11360s
 6435004 2213584 infeasible  137         1.00000    0.00000   100%   139 11365s
 6439486 2215102    0.00000  167   58    1.00000    0.00000   100%   139 11371s
 6442136 2215955    0.00000  128   30    1.00000    0.00000   100%   139 11375s
 6445495 2216859    0.00000  137   23    1.00000    0.00000   100%   139 11380s
 6449233 2218374    0.00000  134   60    1.00000    0.00000   100%   139 11385s
 6451505 2219330    0.00000  140   92    1.00000    0.00000   100%   139 11391s
 6455373 2221093    0.00000  129   43    1.00000    0.00000   100%   139 11395s
 6456452 2221106    0.00000  141   67    1.00000    0.00000   100%   139 11401s
 6456474 2221143    0.00000  142   64    1.00000    0.00000   100%   139 11406s
 6457324 2221725    0.00000  138   64    1.00000    0.00000   100%   139 11410s
 6460035 2222949 infeasible  143         1.00000    0.00000   100%   139 11416s
 6462218 2223830    0.00000  145   73    1.00000    0.00000   100%   139 11420s
 6466402 2225507    0.00000  147   87    1.00000    0.00000   100%   139 11426s
 6470166 2226880    0.00000  147   55    1.00000    0.00000   100%   139 11430s
 6473061 2227645 infeasible  130         1.00000    0.00000   100%   139 11435s
 6476819 2228997 infeasible  156         1.00000    0.00000   100%   139 11440s
 6479420 2232336    0.00000  146   75    1.00000    0.00000   100%   139 11454s
 6487420 2232345    0.00000  144   60    1.00000    0.00000   100%   139 11455s
 6489502 2233074    0.00000  144   38    1.00000    0.00000   100%   139 11460s
 6492055 2233727 infeasible  151         1.00000    0.00000   100%   139 11465s
 6495566 2234689 infeasible  150         1.00000    0.00000   100%   139 11470s
 6498134 2235338 infeasible  120         1.00000    0.00000   100%   139 11475s
 6501503 2236729    0.00000  138   75    1.00000    0.00000   100%   139 11480s
 6506190 2238188    0.00000  181   14    1.00000    0.00000   100%   139 11485s
 6508497 2238834    0.00000  184   95    1.00000    0.00000   100%   139 11490s
 6511808 2239909    0.00000  161   74    1.00000    0.00000   100%   139 11495s
 6515054 2240555    0.00000  127   15    1.00000    0.00000   100%   139 11500s
 6517663 2241530    0.00000  138   26    1.00000    0.00000   100%   139 11505s
 6520759 2242443 infeasible  159         1.00000    0.00000   100%   139 11511s
 6524247 2243667    0.00000  146   77    1.00000    0.00000   100%   139 11516s
 6525281 2243655 infeasible  162         1.00000    0.00000   100%   139 11521s
 6525316 2243674    0.00000  152   51    1.00000    0.00000   100%   139 11525s
 6526975 2244367    0.00000  137   26    1.00000    0.00000   100%   139 11530s
 6528938 2245056 infeasible  138         1.00000    0.00000   100%   139 11535s
 6531507 2245716    0.00000  135   56    1.00000    0.00000   100%   139 11540s
 6534775 2246777    0.00000  167   30    1.00000    0.00000   100%   139 11545s
 6539115 2248088    0.00000  139   83    1.00000    0.00000   100%   139 11550s
 6540988 2248541 infeasible  156         1.00000    0.00000   100%   139 11555s
 6544900 2249873 infeasible  152         1.00000    0.00000   100%   139 11560s
 6548744 2250957 infeasible  157         1.00000    0.00000   100%   139 11565s
 6551210 2251706 infeasible  156         1.00000    0.00000   100%   139 11570s
 6555028 2252896    0.00000  146   40    1.00000    0.00000   100%   139 11575s
 6558313 2253905    0.00000  137   31    1.00000    0.00000   100%   139 11580s
 6561043 2254784    0.00000  153   68    1.00000    0.00000   100%   139 11585s
 6563569 2255870 infeasible  159         1.00000    0.00000   100%   139 11591s
 6567068 2257324 infeasible  171         1.00000    0.00000   100%   139 11596s
 6569610 2257951    0.00000  139   62    1.00000    0.00000   100%   139 11600s
 6572146 2258805 infeasible  167         1.00000    0.00000   100%   139 11606s
 6574228 2259751    0.00000  147   20    1.00000    0.00000   100%   139 11611s
 6577051 2260723 infeasible  160         1.00000    0.00000   100%   139 11615s
 6580822 2261906 infeasible  167         1.00000    0.00000   100%   139 11620s
 6583655 2262777    0.00000  146   67    1.00000    0.00000   100%   139 11626s
 6587229 2263669    0.00000  158   55    1.00000    0.00000   100%   139 11630s
 6590425 2264321    0.00000  141   41    1.00000    0.00000   100%   139 11636s
 6590475 2264326    0.00000  141   48    1.00000    0.00000   100%   139 11641s
 6590504 2264341 infeasible  143         1.00000    0.00000   100%   139 11646s
 6591695 2264873    0.00000  164   39    1.00000    0.00000   100%   139 11650s
 6593973 2265561 infeasible  145         1.00000    0.00000   100%   139 11656s
 6597070 2266427    0.00000  149   87    1.00000    0.00000   100%   139 11660s
 6600960 2267624    0.00000  120   61    1.00000    0.00000   100%   139 11665s
 6602892 2268203    0.00000  146   96    1.00000    0.00000   100%   139 11670s
 6605547 2269015 infeasible  157         1.00000    0.00000   100%   139 11676s
 6608488 2269812    0.00000  132   55    1.00000    0.00000   100%   139 11680s
 6612291 2271149    0.00000  158   65    1.00000    0.00000   100%   139 11685s
 6614354 2273259    0.00000  154   56    1.00000    0.00000   100%   139 11696s
 6622700 2274179    0.00000  148   15    1.00000    0.00000   100%   139 11701s
 6625139 2275017    0.00000  162   64    1.00000    0.00000   100%   139 11705s
 6628643 2276116    0.00000  120   24    1.00000    0.00000   100%   139 11710s
 6632240 2277255    0.00000  153   90    1.00000    0.00000   100%   139 11715s
 6634559 2277915    0.00000  129   57    1.00000    0.00000   100%   139 11720s
 6636858 2278734    0.00000  126   32    1.00000    0.00000   100%   139 11725s
 6640523 2279791 infeasible  173         1.00000    0.00000   100%   139 11731s
 6644074 2280847    0.00000  145   50    1.00000    0.00000   100%   139 11736s
 6646794 2281380    0.00000  165   45    1.00000    0.00000   100%   139 11740s
 6649352 2282368 infeasible  152         1.00000    0.00000   100%   139 11745s
 6652764 2283414    0.00000  128   32    1.00000    0.00000   100%   139 11750s
 6655620 2283980 infeasible  140         1.00000    0.00000   100%   139 11756s
 6657812 2284674 infeasible  138         1.00000    0.00000   100%   139 11761s
 6660355 2285355    0.00000  137   32    1.00000    0.00000   100%   139 11765s
 6663885 2286297 infeasible  157         1.00000    0.00000   100%   139 11770s
 6668240 2287259    0.00000  133   63    1.00000    0.00000   100%   139 11775s
 6668944 2287512 infeasible  139         1.00000    0.00000   100%   139 11780s
 6668981 2287601    0.00000  160   30    1.00000    0.00000   100%   139 11785s
 6671172 2288987    0.00000  130   63    1.00000    0.00000   100%   139 11790s
 6673374 2292303    0.00000  150   57    1.00000    0.00000   100%   139 11804s
 6681374 2292378    0.00000  150   50    1.00000    0.00000   100%   139 11805s
 6682801 2292990    0.00000  140   50    1.00000    0.00000   100%   139 11810s
 6685493 2293813 infeasible  142         1.00000    0.00000   100%   139 11815s
 6689258 2294681    0.00000  148   18    1.00000    0.00000   100%   139 11820s
 6691949 2295592    0.00000  154   62    1.00000    0.00000   100%   139 11825s
 6694914 2296602    0.00000  141   38    1.00000    0.00000   100%   139 11830s
 6699385 2297626    0.00000  157   22    1.00000    0.00000   100%   139 11836s
 6700760 2298193    0.00000  140   41    1.00000    0.00000   100%   139 11840s
 6703866 2299113    0.00000  148   59    1.00000    0.00000   100%   139 11845s
 6707235 2300065 infeasible  147         1.00000    0.00000   100%   139 11850s
 6711803 2301240 infeasible  163         1.00000    0.00000   100%   139 11855s
 6714188 2301939    0.00000  143   86    1.00000    0.00000   100%   139 11861s
 6717485 2302891 infeasible  135         1.00000    0.00000   100%   139 11865s
 6721126 2303821    0.00000  146   40    1.00000    0.00000   100%   139 11870s
 6724112 2304468    0.00000  140   65    1.00000    0.00000   100%   139 11875s
 6728272 2305507    0.00000  131   53    1.00000    0.00000   100%   139 11881s
 6731825 2306459 infeasible  155         1.00000    0.00000   100%   139 11885s
 6732719 2308449 infeasible  133         1.00000    0.00000   100%   139 11900s
 6741063 2308707    0.00000  117   43    1.00000    0.00000   100%   139 11905s
 6742257 2309049    0.00000  119   74    1.00000    0.00000   100%   139 11910s
 6744951 2309945    0.00000  157   30    1.00000    0.00000   100%   139 11916s
 6748236 2310669 infeasible  176         1.00000    0.00000   100%   139 11920s
 6750861 2311245 infeasible  157         1.00000    0.00000   100%   139 11925s
 6753949 2312339    0.00000  128   52    1.00000    0.00000   100%   139 11931s
 6757710 2313454    0.00000  148   78    1.00000    0.00000   100%   139 11935s
 6761490 2314545    0.00000  127   19    1.00000    0.00000   100%   139 11940s
 6764350 2315687 infeasible  118         1.00000    0.00000   100%   139 11946s
 6767907 2316540    0.00000  137   51    1.00000    0.00000   100%   139 11950s
 6770403 2317407 infeasible  134         1.00000    0.00000   100%   139 11955s
 6771997 2317771    0.00000  136   12    1.00000    0.00000   100%   139 11960s
 6772300 2317825    0.00000  136   57    1.00000    0.00000   100%   139 11966s
 6772417 2317955    0.00000  139   77    1.00000    0.00000   100%   139 11971s
 6774250 2318826    0.00000  144   60    1.00000    0.00000   100%   139 11975s
 6778447 2320121    0.00000  136   58    1.00000    0.00000   100%   139 11980s
 6781793 2320976    0.00000  130   14    1.00000    0.00000   100%   139 11985s
 6785175 2322107    0.00000  128   70    1.00000    0.00000   100%   139 11990s
 6788369 2323398 infeasible  170         1.00000    0.00000   100%   139 11995s
 6791186 2324224 infeasible  128         1.00000    0.00000   100%   139 12000s
 6792940 2324712    0.00000  131   55    1.00000    0.00000   100%   139 12005s
 6797269 2326178    0.00000  124   43    1.00000    0.00000   100%   139 12010s
 6801188 2327411 infeasible  137         1.00000    0.00000   100%   139 12015s
 6803554 2328494 infeasible  144         1.00000    0.00000   100%   139 12020s
 6806883 2329555 infeasible  147         1.00000    0.00000   100%   139 12025s
 6811295 2330831 infeasible  157         1.00000    0.00000   100%   139 12030s
 6814418 2331467    0.00000  147   67    1.00000    0.00000   100%   139 12035s
 6817696 2332321    0.00000  123   53    1.00000    0.00000   100%   139 12040s
 6821453 2333611    0.00000  136   50    1.00000    0.00000   100%   139 12046s
 6823228 2334377 infeasible  134         1.00000    0.00000   100%   139 12050s
 6825470 2335211 infeasible  127         1.00000    0.00000   100%   139 12055s
 6829422 2337021 infeasible  178         1.00000    0.00000   100%   139 12060s
 6832643 2338400 infeasible  168         1.00000    0.00000   100%   139 12065s
 6835497 2339664    0.00000  157   31    1.00000    0.00000   100%   139 12070s
 6839090 2341120    0.00000  167   51    1.00000    0.00000   100%   139 12075s
 6841623 2341930    0.00000  164   67    1.00000    0.00000   100%   139 12080s
 6845361 2343176 infeasible  173         1.00000    0.00000   100%   139 12086s
 6845920 2343560    0.00000  148   21    1.00000    0.00000   100%   139 12091s
 6847140 2344099    0.00000  162   69    1.00000    0.00000   100%   139 12095s
 6849569 2345192    0.00000  157   26    1.00000    0.00000   100%   139 12100s
 6853416 2346523    0.00000  158   55    1.00000    0.00000   100%   139 12105s
 6855782 2347237    0.00000  157   20    1.00000    0.00000   100%   139 12110s
 6858841 2348681 infeasible  167         1.00000    0.00000   100%   139 12115s
 6862647 2349789    0.00000  165  102    1.00000    0.00000   100%   139 12120s
 6866180 2351033 infeasible  167         1.00000    0.00000   100%   139 12126s
 6869123 2352465    0.00000  177   13    1.00000    0.00000   100%   139 12130s
 6872726 2353844    0.00000  167   34    1.00000    0.00000   100%   139 12135s
 6874558 2354344 infeasible  170         1.00000    0.00000   100%   139 12140s
 6877254 2355420    0.00000  166   12    1.00000    0.00000   100%   139 12145s
 6880170 2356507    0.00000  167   15    1.00000    0.00000   100%   139 12150s
 6883836 2357913    0.00000  177   20    1.00000    0.00000   100%   139 12155s
 6885478 2358142 infeasible  167         1.00000    0.00000   100%   139 12161s
 6885568 2358293    0.00000  152   56    1.00000    0.00000   100%   139 12166s
 6886611 2358826    0.00000  168   37    1.00000    0.00000   100%   139 12170s
 6890504 2360277 infeasible  160         1.00000    0.00000   100%   139 12176s
 6893303 2361173    0.00000  173  102    1.00000    0.00000   100%   139 12180s
 6895694 2361902    0.00000  171   73    1.00000    0.00000   100%   139 12186s
 6898369 2362567    0.00000  151   49    1.00000    0.00000   100%   139 12190s
 6901349 2363571 infeasible  159         1.00000    0.00000   100%   139 12195s
 6905078 2364823    0.00000  180   95    1.00000    0.00000   100%   139 12200s
 6908440 2365732    0.00000  167   76    1.00000    0.00000   100%   139 12205s
 6910412 2366525    0.00000  147   49    1.00000    0.00000   100%   139 12211s
 6913889 2367352    0.00000  157   27    1.00000    0.00000   100%   139 12215s
 6917841 2368551 infeasible  160         1.00000    0.00000   100%   139 12221s
 6919223 2368990 infeasible  161         1.00000    0.00000   100%   139 12225s
 6922623 2369929    0.00000  167   14    1.00000    0.00000   100%   139 12230s
 6926521 2371426 infeasible  187         1.00000    0.00000   100%   139 12235s
 6929514 2372197 infeasible  175         1.00000    0.00000   100%   139 12240s
 6932076 2373554    0.00000  169   58    1.00000    0.00000   100%   139 12245s
 6936041 2375142    0.00000  169   74    1.00000    0.00000   100%   139 12250s
 6939692 2376093    0.00000  167   12    1.00000    0.00000   100%   139 12255s
 6941790 2377060    0.00000  173  109    1.00000    0.00000   100%   139 12260s
 6945571 2378083    0.00000  164   25    1.00000    0.00000   100%   139 12265s
 6948919 2379034    0.00000  174   74    1.00000    0.00000   100%   139 12270s
 6948963 2379039    0.00000  175   77    1.00000    0.00000   100%   139 12276s
 6948988 2379066 infeasible  176         1.00000    0.00000   100%   139 12280s
 6949885 2379654    0.00000  149   24    1.00000    0.00000   100%   139 12285s
 6952959 2380760    0.00000  168  105    1.00000    0.00000   100%   139 12290s
 6956035 2381665    0.00000  127   35    1.00000    0.00000   100%   139 12295s
 6959141 2382770 infeasible  169         1.00000    0.00000   100%   139 12300s
 6961827 2383749    0.00000  144   43    1.00000    0.00000   100%   139 12305s
 6965861 2385101    0.00000  159   33    1.00000    0.00000   100%   139 12310s
 6969347 2386133    0.00000  184   77    1.00000    0.00000   100%   139 12315s
 6970239 2388621    0.00000  161   25    1.00000    0.00000   100%   139 12331s
 6980047 2389376 infeasible  198         1.00000    0.00000   100%   139 12335s
 6983395 2390225 infeasible  117         1.00000    0.00000   100%   139 12340s
 6984844 2390841    0.00000  160   43    1.00000    0.00000   100%   139 12345s
 6988861 2391867 infeasible  151         1.00000    0.00000   100%   139 12350s
 6991738 2393306    0.00000  162   55    1.00000    0.00000   100%   139 12355s
 6995189 2394312 infeasible  182         1.00000    0.00000   100%   139 12360s
 6998189 2395402    0.00000  177   28    1.00000    0.00000   100%   139 12366s
 6999863 2396051    0.00000  157   74    1.00000    0.00000   100%   139 12370s
 7003501 2397098    0.00000  176   55    1.00000    0.00000   100%   139 12375s
 7006903 2398467    0.00000  124   28    1.00000    0.00000   100%   139 12380s
 7009524 2399418 infeasible  148         1.00000    0.00000   100%   139 12385s
 7013431 2400910    0.00000  146   12    1.00000    0.00000   100%   139 12390s
 7016965 2401947 infeasible  145         1.00000    0.00000   100%   139 12395s
 7019853 2402584    0.00000  152   57    1.00000    0.00000   100%   139 12401s
 7022552 2403544    0.00000  143   33    1.00000    0.00000   100%   139 12406s
 7026214 2404771    0.00000  130   41    1.00000    0.00000   100%   139 12410s
 7029121 2408071    0.00000  170   82    1.00000    0.00000   100%   139 12431s
 7038198 2408571 infeasible  147         1.00000    0.00000   100%   139 12435s
 7041499 2409956    0.00000  152   68    1.00000    0.00000   100%   139 12441s
 7043489 2410615    0.00000  126   51    1.00000    0.00000   100%   139 12446s
 7046451 2411292    0.00000  161   30    1.00000    0.00000   100%   139 12450s
 7049011 2412309 infeasible  167         1.00000    0.00000   100%   139 12455s
 7053664 2413788    0.00000  157   19    1.00000    0.00000   100%   139 12460s
 7057637 2414716    0.00000  144   34    1.00000    0.00000   100%   139 12465s
 7059783 2415542    0.00000  141   43    1.00000    0.00000   100%   139 12470s
 7064030 2416917    0.00000  157   12    1.00000    0.00000   100%   139 12475s
 7068456 2418119    0.00000  151   21    1.00000    0.00000   100%   139 12480s
 7071806 2419102    0.00000  137   23    1.00000    0.00000   100%   139 12485s
 7074437 2420010    0.00000  163   85    1.00000    0.00000   100%   139 12491s
 7078085 2420689    0.00000  134   27    1.00000    0.00000   100%   139 12495s
 7081404 2421796    0.00000  157   22    1.00000    0.00000   100%   139 12500s
 7085652 2422897 infeasible  187         1.00000    0.00000   100%   139 12505s
 7087645 2424035    0.00000  140   65    1.00000    0.00000   100%   139 12510s
 7088655 2424108 infeasible  147         1.00000    0.00000   100%   139 12516s
 7088911 2424190 infeasible  152         1.00000    0.00000   100%   139 12520s
 7089128 2425298    0.00000  150   86    1.00000    0.00000   100%   139 12526s
 7094643 2426651    0.00000  134   58    1.00000    0.00000   100%   139 12530s
 7098658 2427772    0.00000  154   34    1.00000    0.00000   100%   139 12535s
 7101949 2428594 infeasible  147         1.00000    0.00000   100%   139 12540s
 7104784 2429473    0.00000  168   58    1.00000    0.00000   100%   139 12545s
 7109015 2430437    0.00000  130   74    1.00000    0.00000   100%   139 12551s
 7110954 2430950 infeasible  137         1.00000    0.00000   100%   139 12555s
 7114363 2431903    0.00000  163   40    1.00000    0.00000   100%   139 12560s
 7118642 2433324 infeasible  177         1.00000    0.00000   100%   139 12566s
 7120317 2433627    0.00000  147   44    1.00000    0.00000   100%   139 12571s
 7123101 2434670    0.00000  140   16    1.00000    0.00000   100%   139 12575s
 7127184 2435528    0.00000  149   55    1.00000    0.00000   100%   139 12580s
 7130851 2436348 infeasible  165         1.00000    0.00000   100%   139 12585s
 7133454 2437578    0.00000  168   76    1.00000    0.00000   100%   139 12590s
 7136964 2438471 infeasible  138         1.00000    0.00000   100%   139 12595s
 7140484 2439203    0.00000  124   70    1.00000    0.00000   100%   139 12600s
 7141968 2440086 infeasible  160         1.00000    0.00000   100%   139 12605s
 7145582 2441168 infeasible  177         1.00000    0.00000   100%   139 12610s
 7149333 2442363    0.00000  170   62    1.00000    0.00000   100%   139 12615s
 7152308 2443268    0.00000  137   25    1.00000    0.00000   100%   139 12621s
 7154414 2443803    0.00000  148   52    1.00000    0.00000   100%   139 12625s
 7156849 2444689    0.00000  168   46    1.00000    0.00000   100%   139 12630s
 7157878 2444966    0.00000  169   41    1.00000    0.00000   100%   139 12635s
 7161760 2446052    0.00000  146   36    1.00000    0.00000   100%   139 12640s
 7164573 2446756    0.00000  137   17    1.00000    0.00000   100%   139 12645s
 7167870 2447674 infeasible  164         1.00000    0.00000   100%   139 12650s
 7171685 2448921    0.00000  174   53    1.00000    0.00000   100%   139 12655s
 7173695 2449621    0.00000  149   46    1.00000    0.00000   100%   139 12660s
 7177223 2450669 infeasible  143         1.00000    0.00000   100%   139 12665s
 7180888 2451753 infeasible  177         1.00000    0.00000   100%   139 12670s
 7181543 2451987    0.00000  137   21    1.00000    0.00000   100%   139 12676s
 7182232 2452551    0.00000  118   59    1.00000    0.00000   100%   139 12680s
 7185220 2453610    0.00000  151   94    1.00000    0.00000   100%   139 12686s
 7188515 2454566    0.00000  153   72    1.00000    0.00000   100%   139 12690s
 7192448 2455584 infeasible  160         1.00000    0.00000   100%   139 12695s
 7195332 2456453    0.00000  141   28    1.00000    0.00000   100%   139 12700s
 7199206 2457787    0.00000  138   31    1.00000    0.00000   100%   139 12706s
 7201890 2459170    0.00000  147   21    1.00000    0.00000   100%   139 12711s
 7204267 2460087    0.00000  153   77    1.00000    0.00000   100%   139 12715s
 7207100 2461327    0.00000  127   20    1.00000    0.00000   100%   139 12720s
 7210635 2463311    0.00000  137   78    1.00000    0.00000   100%   139 12725s
 7213061 2464027    0.00000  147   70    1.00000    0.00000   100%   139 12730s
 7215837 2465264 infeasible  160         1.00000    0.00000   100%   139 12735s
 7218584 2466613 infeasible  155         1.00000    0.00000   100%   139 12740s
 7222327 2468058    0.00000  158   28    1.00000    0.00000   100%   139 12746s
 7225133 2468953    0.00000  152   63    1.00000    0.00000   100%   139 12750s
 7227141 2469317    0.00000  145   89    1.00000    0.00000   100%   139 12755s
 7227537 2469471    0.00000  147   43    1.00000    0.00000   100%   139 12761s
 7228529 2470220    0.00000  152   55    1.00000    0.00000   100%   139 12765s
 7231698 2471512    0.00000  135   73    1.00000    0.00000   100%   139 12770s
 7234852 2472642    0.00000  132   26    1.00000    0.00000   100%   139 12775s
 7237088 2475103    0.00000  142  118    1.00000    0.00000   100%   139 12785s
 7244863 2476715    0.00000  157   26    1.00000    0.00000   100%   139 12790s
 7247608 2477895    0.00000  154   93    1.00000    0.00000   100%   139 12795s
 7250997 2479170 infeasible  153         1.00000    0.00000   100%   139 12800s
 7254355 2480453    0.00000  149   48    1.00000    0.00000   100%   139 12805s
 7257121 2481207    0.00000  159   33    1.00000    0.00000   100%   139 12810s
 7258901 2482060 infeasible  167         1.00000    0.00000   100%   139 12815s
 7262420 2483281 infeasible  159         1.00000    0.00000   100%   139 12820s
 7265154 2484306    0.00000  157   28    1.00000    0.00000   100%   139 12825s
 7268917 2485584    0.00000  145   69    1.00000    0.00000   100%   139 12830s
 7271267 2486698    0.00000  135   51    1.00000    0.00000   100%   139 12835s
 7275094 2487990    0.00000  166   61    1.00000    0.00000   100%   139 12840s
 7279491 2489286 infeasible  168         1.00000    0.00000   100%   139 12846s
 7281104 2489820    0.00000  155   66    1.00000    0.00000   100%   139 12852s
 7281125 2489824    0.00000  157   69    1.00000    0.00000   100%   139 12857s
 7281185 2489974 infeasible  146         1.00000    0.00000   100%   139 12861s
 7283240 2490926    0.00000  151   68    1.00000    0.00000   100%   139 12865s
 7285654 2492105    0.00000  159   32    1.00000    0.00000   100%   139 12871s
 7289397 2493314    0.00000  146  114    1.00000    0.00000   100%   139 12875s
 7291517 2494039    0.00000  152   42    1.00000    0.00000   100%   139 12880s
 7294840 2495142    0.00000  162   69    1.00000    0.00000   100%   139 12886s
 7297245 2496263    0.00000  137   20    1.00000    0.00000   100%   139 12890s
 7299377 2496858    0.00000  157   21    1.00000    0.00000   100%   139 12895s
 7301597 2497867 infeasible  147         1.00000    0.00000   100%   139 12900s
 7305725 2499326    0.00000  157   22    1.00000    0.00000   100%   139 12905s
 7309744 2500670    0.00000  153   80    1.00000    0.00000   100%   139 12910s
 7313118 2502155    0.00000  119   57    1.00000    0.00000   100%   139 12916s
 7315909 2503122 infeasible  147         1.00000    0.00000   100%   139 12920s
 7319206 2503886    0.00000  173   57    1.00000    0.00000   100%   139 12925s
 7321506 2504614    0.00000  149   28    1.00000    0.00000   100%   139 12930s
 7324337 2505797 infeasible  147         1.00000    0.00000   100%   139 12935s
 7327710 2507176    0.00000  168   84    1.00000    0.00000   100%   139 12941s
 7331436 2508262 infeasible  162         1.00000    0.00000   100%   139 12945s
 7333038 2508772    0.00000  147   21    1.00000    0.00000   100%   139 12950s
 7336502 2509871 infeasible  150         1.00000    0.00000   100%   139 12955s
 7341013 2511056 infeasible  137         1.00000    0.00000   100%   139 12960s
 7342727 2511723    0.00000  146   17    1.00000    0.00000   100%   139 12965s
 7346796 2513307    0.00000  136   28    1.00000    0.00000   100%   139 12971s
 7350709 2514822    0.00000  145   88    1.00000    0.00000   100%   139 12975s
 7353613 2515536 infeasible  121         1.00000    0.00000   100%   139 12980s
 7356319 2517063    0.00000  140   66    1.00000    0.00000   100%   139 12985s
 7357601 2517076    0.00000  137   69    1.00000    0.00000   100%   139 12990s
 7357631 2517179    0.00000  137   50    1.00000    0.00000   100%   139 12995s
 7358991 2517821    0.00000  135   67    1.00000    0.00000   100%   139 13000s
 7361496 2518543    0.00000  145   74    1.00000    0.00000   100%   139 13005s
 7365305 2519608    0.00000  134   72    1.00000    0.00000   100%   139 13010s
 7368811 2520525 infeasible  168         1.00000    0.00000   100%   139 13015s
 7370801 2521503 infeasible  163         1.00000    0.00000   100%   139 13021s
 7374308 2522207    0.00000  164   34    1.00000    0.00000   100%   139 13025s
 7377028 2523325 infeasible  157         1.00000    0.00000   100%   139 13030s
 7380890 2524585 infeasible  151         1.00000    0.00000   100%   139 13035s
 7384458 2525484    0.00000  146   16    1.00000    0.00000   100%   139 13040s
 7386020 2526675    0.00000  165  102    1.00000    0.00000   100%   139 13046s
 7389579 2527685    0.00000  147   23    1.00000    0.00000   100%   139 13050s
 7392669 2528545    0.00000  150   40    1.00000    0.00000   100%   139 13055s
 7396136 2529605 infeasible  185         1.00000    0.00000   100%   139 13060s
 7399158 2531178    0.00000  153   41    1.00000    0.00000   100%   139 13065s
 7402570 2532445    0.00000  163   52    1.00000    0.00000   100%   139 13071s
 7404554 2533188    0.00000  139   17    1.00000    0.00000   100%   139 13076s
 7406519 2533617    0.00000  147   21    1.00000    0.00000   100%   139 13080s
 7410306 2535044    0.00000  161   89    1.00000    0.00000   100%   139 13085s
 7413334 2535910    0.00000  149   73    1.00000    0.00000   100%   139 13090s
 7416361 2536612 infeasible  167         1.00000    0.00000   100%   139 13095s
 7418481 2537319 infeasible  167         1.00000    0.00000   100%   139 13100s
 7422399 2538361 infeasible  158         1.00000    0.00000   100%   139 13105s
 7425341 2538861    0.00000  148   39    1.00000    0.00000   100%   139 13111s
 7425367 2538872    0.00000  150   75    1.00000    0.00000   100%   139 13115s
 7426235 2539398 infeasible  157         1.00000    0.00000   100%   139 13120s
 7428105 2540375    0.00000  147   16    1.00000    0.00000   100%   139 13125s
 7432241 2541558 infeasible  140         1.00000    0.00000   100%   139 13130s
 7436175 2542656 infeasible  157         1.00000    0.00000   100%   139 13135s
 7438997 2543564    0.00000  143   36    1.00000    0.00000   100%   139 13141s
 7442603 2544702 infeasible  177         1.00000    0.00000   100%   139 13145s
 7445478 2545693    0.00000  134   58    1.00000    0.00000   100%   139 13150s
 7448183 2546335 infeasible  168         1.00000    0.00000   100%   139 13155s
 7450612 2547155    0.00000  152   53    1.00000    0.00000   100%   139 13160s
 7454424 2548227    0.00000  164   61    1.00000    0.00000   100%   139 13165s
 7457775 2549272    0.00000  149   45    1.00000    0.00000   100%   139 13170s
 7460530 2551804 infeasible  160         1.00000    0.00000   100%   139 13183s
 7468081 2551987 infeasible  154         1.00000    0.00000   100%   139 13185s
 7470509 2552901 infeasible  158         1.00000    0.00000   100%   139 13191s
 7473912 2554221 infeasible  150         1.00000    0.00000   100%   139 13195s
 7476860 2555078    0.00000  166  106    1.00000    0.00000   100%   139 13200s
 7479837 2556332    0.00000  156   32    1.00000    0.00000   100%   139 13205s
 7482111 2556999    0.00000  156  116    1.00000    0.00000   100%   139 13210s
 7486141 2558002 infeasible  146         1.00000    0.00000   100%   139 13215s
 7490113 2559161    0.00000  139   54    1.00000    0.00000   100%   139 13220s
 7492453 2559605    0.00000  160   38    1.00000    0.00000   100%   139 13225s
 7494928 2560487 infeasible  138         1.00000    0.00000   100%   139 13232s
 7494961 2560519    0.00000  138   20    1.00000    0.00000   100%   139 13237s
 7495325 2560956    0.00000  140   25    1.00000    0.00000   100%   139 13240s
 7496998 2561872    0.00000  147   61    1.00000    0.00000   100%   139 13246s
 7500574 2563419    0.00000  164   57    1.00000    0.00000   100%   139 13250s
 7503089 2564583    0.00000  156   18    1.00000    0.00000   100%   139 13255s
 7506074 2565611    0.00000  156   14    1.00000    0.00000   100%   139 13260s
 7509498 2566691    0.00000  129   33    1.00000    0.00000   100%   139 13265s
 7512856 2567610    0.00000  153   35    1.00000    0.00000   100%   139 13270s
 7513998 2567933    0.00000  154  108    1.00000    0.00000   100%   139 13275s
 7517612 2569268    0.00000  177   19    1.00000    0.00000   100%   139 13280s
 7521634 2570284 infeasible  150         1.00000    0.00000   100%   139 13285s
 7524916 2571151 infeasible  156         1.00000    0.00000   100%   139 13290s
 7528777 2572269 infeasible  157         1.00000    0.00000   100%   139 13295s
 7532124 2573265 infeasible  167         1.00000    0.00000   100%   139 13300s
 7534938 2574673    0.00000  139   69    1.00000    0.00000   100%   139 13307s
 7539311 2575619    0.00000  109   27    1.00000    0.00000   100%   139 13311s
 7541657 2576421    0.00000  138   81    1.00000    0.00000   100%   139 13316s
 7544845 2577495    0.00000  136   81    1.00000    0.00000   100%   139 13320s
 7547431 2578112 infeasible  167         1.00000    0.00000   100%   139 13325s
 7550162 2578866    0.00000  165   51    1.00000    0.00000   100%   139 13330s
 7554606 2579935 infeasible  142         1.00000    0.00000   100%   139 13335s
 7556325 2580447    0.00000  153   57    1.00000    0.00000   100%   139 13341s
 7558469 2581245 infeasible  147         1.00000    0.00000   100%   139 13345s
 7562265 2582677    0.00000  158   82    1.00000    0.00000   100%   139 13350s
 7566152 2583909    0.00000  167   66    1.00000    0.00000   100%   139 13355s
 7568145 2584463    0.00000  153   44    1.00000    0.00000   100%   139 13360s
 7571255 2585623    0.00000  128   48    1.00000    0.00000   100%   139 13366s
 7574549 2586878    0.00000  158   88    1.00000    0.00000   100%   139 13371s
 7575998 2587792 infeasible  171         1.00000    0.00000   100%   139 13375s
 7577894 2588479    0.00000  149   21    1.00000    0.00000   100%   139 13380s
 7580422 2589202    0.00000  151   58    1.00000    0.00000   100%   139 13386s
 7580447 2589211    0.00000  153   57    1.00000    0.00000   100%   139 13390s
 7581392 2589931 infeasible  148         1.00000    0.00000   100%   139 13395s
 7585300 2591211    0.00000  146   88    1.00000    0.00000   100%   139 13401s
 7587185 2591673    0.00000  158   25    1.00000    0.00000   100%   139 13405s
 7589794 2592741 infeasible  167         1.00000    0.00000   100%   139 13411s
 7592986 2593977    0.00000  172   28    1.00000    0.00000   100%   139 13415s
 7596533 2595335    0.00000  167   29    1.00000    0.00000   100%   139 13420s
 7599201 2596190 infeasible  150         1.00000    0.00000   100%   139 13425s
 7603052 2597611 infeasible  146         1.00000    0.00000   100%   139 13431s
 7605569 2598438    0.00000  130   97    1.00000    0.00000   100%   139 13435s
 7609118 2599337    0.00000  148   49    1.00000    0.00000   100%   139 13440s
 7611549 2600352    0.00000  156   14    1.00000    0.00000   100%   139 13446s
 7615248 2601602    0.00000  152   42    1.00000    0.00000   100%   139 13451s
 7618043 2602598    0.00000  153   58    1.00000    0.00000   100%   139 13455s
 7620077 2602945 infeasible  157         1.00000    0.00000   100%   139 13460s
 7622905 2604081    0.00000  136   16    1.00000    0.00000   100%   139 13466s
 7626455 2605098    0.00000  160   46    1.00000    0.00000   100%   139 13470s
 7630054 2606153    0.00000  157   18    1.00000    0.00000   100%   139 13475s
 7633325 2607231 infeasible  149         1.00000    0.00000   100%   139 13480s
 7636696 2608558 infeasible  157         1.00000    0.00000   100%   139 13485s
 7640244 2609630 infeasible  137         1.00000    0.00000   100%   139 13490s
 7643347 2610401    0.00000  147    7    1.00000    0.00000   100%   139 13495s
 7645625 2610728 infeasible  159         1.00000    0.00000   100%   139 13501s
 7646124 2610904 infeasible  161         1.00000    0.00000   100%   139 13505s
 7647013 2611235    0.00000  161  107    1.00000    0.00000   100%   139 13511s
 7649113 2612127    0.00000  170   49    1.00000    0.00000   100%   139 13515s
 7652032 2612883 infeasible  154         1.00000    0.00000   100%   139 13520s
 7652096 2615559    0.00000  154   63    1.00000    0.00000   100%   139 13533s
 7660914 2616184    0.00000  135   57    1.00000    0.00000   100%   139 13535s
 7663492 2617086    0.00000  159   48    1.00000    0.00000   100%   139 13540s
 7667335 2618311 infeasible  144         1.00000    0.00000   100%   139 13546s
 7670024 2618938 infeasible  157         1.00000    0.00000   100%   139 13551s
 7671868 2619924 infeasible  152         1.00000    0.00000   100%   139 13555s
 7674563 2620991    0.00000  157   12    1.00000    0.00000   100%   139 13561s
 7677446 2621943 infeasible  157         1.00000    0.00000   100%   139 13565s
 7681419 2623199    0.00000  126   62    1.00000    0.00000   100%   139 13570s
 7684221 2624155    0.00000  134   61    1.00000    0.00000   100%   139 13576s
 7686725 2625305    0.00000  121   30    1.00000    0.00000   100%   139 13580s
 7690245 2626744 infeasible  161         1.00000    0.00000   100%   139 13585s
 7694071 2627708 infeasible  150         1.00000    0.00000   100%   139 13590s
 7695195 2628398    0.00000  139   30    1.00000    0.00000   100%   139 13595s
 7699165 2629640 infeasible  157         1.00000    0.00000   100%   139 13601s
 7702314 2630732 infeasible  149         1.00000    0.00000   100%   139 13606s
 7704762 2631420    0.00000  133  118    1.00000    0.00000   100%   139 13611s
 7707669 2632487 infeasible  145         1.00000    0.00000   100%   139 13616s
 7708651 2632500    0.00000  147   36    1.00000    0.00000   100%   139 13620s
 7708867 2632704    0.00000  148   36    1.00000    0.00000   100%   139 13626s
 7710993 2633147    0.00000  156   11    1.00000    0.00000   100%   139 13630s
 7713158 2634029 infeasible  182         1.00000    0.00000   100%   139 13635s
 7716122 2635121 infeasible  167         1.00000    0.00000   100%   139 13640s
 7719379 2636413    0.00000  155   83    1.00000    0.00000   100%   139 13645s
 7723174 2637521    0.00000  147   43    1.00000    0.00000   100%   139 13651s
 7725529 2638127    0.00000  127   35    1.00000    0.00000   100%   139 13655s
 7728141 2639074 infeasible  166         1.00000    0.00000   100%   139 13660s
 7731377 2640296    0.00000  163   88    1.00000    0.00000   100%   139 13665s
 7735890 2641462    0.00000  144   74    1.00000    0.00000   100%   139 13670s
 7738494 2642475    0.00000  161   84    1.00000    0.00000   100%   139 13675s
 7742239 2643494    0.00000  153   82    1.00000    0.00000   100%   139 13680s
 7745722 2644776 infeasible  151         1.00000    0.00000   100%   139 13685s
 7748391 2645602 infeasible  143         1.00000    0.00000   100%   139 13690s
 7752059 2646776    0.00000  137   48    1.00000    0.00000   100%   139 13695s
 7755116 2648019 infeasible  150         1.00000    0.00000   100%   139 13700s
 7757465 2649230 infeasible  145         1.00000    0.00000   100%   139 13706s
 7761546 2650178    0.00000  147   12    1.00000    0.00000   100%   139 13710s
 7766110 2651482 infeasible  141         1.00000    0.00000   100%   139 13715s
 7769954 2652711    0.00000  143   82    1.00000    0.00000   100%   139 13721s
 7773132 2653587    0.00000  147   74    1.00000    0.00000   100%   139 13725s
 7773995 2653701    0.00000  158   14    1.00000    0.00000   100%   139 13731s
 7774678 2653913    0.00000  158   36    1.00000    0.00000   100%   139 13735s
 7777443 2654943    0.00000  140   72    1.00000    0.00000   100%   139 13740s
 7781110 2656320    0.00000  165   71    1.00000    0.00000   100%   139 13745s
 7784427 2657044    0.00000  130   59    1.00000    0.00000   100%   139 13750s
 7787392 2658386 infeasible  158         1.00000    0.00000   100%   139 13755s
 7789861 2659231    0.00000  147   19    1.00000    0.00000   100%   139 13760s
 7793526 2660227    0.00000  153   78    1.00000    0.00000   100%   139 13765s
 7796961 2661470    0.00000  173   63    1.00000    0.00000   100%   139 13771s
 7799901 2662347    0.00000  177   21    1.00000    0.00000   100%   139 13776s
 7802666 2663121 infeasible  185         1.00000    0.00000   100%   139 13780s
 7805749 2664041    0.00000  175   46    1.00000    0.00000   100%   139 13785s
 7810337 2664929    0.00000  151   74    1.00000    0.00000   100%   139 13791s
 7811533 2665598    0.00000  140   52    1.00000    0.00000   100%   139 13795s
 7816088 2666957    0.00000  157   21    1.00000    0.00000   100%   139 13800s
 7819925 2668263    0.00000  139   41    1.00000    0.00000   100%   139 13806s
 7820706 2668536    0.00000  131   37    1.00000    0.00000   100%   139 13810s
 7825407 2669979    0.00000  150   32    1.00000    0.00000   100%   139 13816s
 7827986 2670650    0.00000  157   61    1.00000    0.00000   100%   139 13820s
 7828016 2670688 infeasible  160         1.00000    0.00000   100%   139 13825s
 7829510 2671095    0.00000  162   50    1.00000    0.00000   100%   139 13831s
 7829938 2671512    0.00000  164   64    1.00000    0.00000   100%   139 13835s
 7833101 2672419 infeasible  187         1.00000    0.00000   100%   139 13840s
 7837222 2673699    0.00000  155   89    1.00000    0.00000   100%   139 13845s
 7840673 2674790 infeasible  163         1.00000    0.00000   100%   139 13850s
 7842974 2675485    0.00000  148   32    1.00000    0.00000   100%   139 13855s
 7847404 2677000 infeasible  142         1.00000    0.00000   100%   139 13861s
 7851175 2678141    0.00000  171   84    1.00000    0.00000   100%   139 13865s
 7854107 2679152    0.00000  127   26    1.00000    0.00000   100%   139 13870s
 7858074 2680012    0.00000  159   57    1.00000    0.00000   100%   139 13875s
 7860209 2680873    0.00000  160   38    1.00000    0.00000   100%   139 13880s
 7863649 2682031    0.00000  172   25    1.00000    0.00000   100%   139 13886s
 7867500 2683453 infeasible  147         1.00000    0.00000   100%   139 13890s
 7870509 2684416    0.00000  137   29    1.00000    0.00000   100%   139 13895s
 7873467 2685450 infeasible  145         1.00000    0.00000   100%   139 13901s
 7874632 2686033    0.00000  137   18    1.00000    0.00000   100%   139 13905s
 7879418 2687239    0.00000  151   34    1.00000    0.00000   100%   139 13911s
 7882629 2688426    0.00000  126   48    1.00000    0.00000   100%   139 13915s
 7885170 2689375    0.00000  137   14    1.00000    0.00000   100%   139 13920s
 7889389 2690576    0.00000  135   81    1.00000    0.00000   100%   139 13925s
 7892968 2691516    0.00000  144   52    1.00000    0.00000   100%   139 13930s
 7895354 2692458    0.00000  136   28    1.00000    0.00000   100%   139 13935s
 7896298 2692472    0.00000  144   86    1.00000    0.00000   100%   139 13940s
 7896355 2692571 infeasible  147         1.00000    0.00000   100%   139 13945s
 7898125 2693189    0.00000  122   70    1.00000    0.00000   100%   139 13950s
 7900838 2694308    0.00000  147   22    1.00000    0.00000   100%   139 13955s
 7904254 2695405    0.00000  156   73    1.00000    0.00000   100%   139 13961s
 7906808 2696345    0.00000  167   48    1.00000    0.00000   100%   139 13966s
 7910176 2697365    0.00000  167   12    1.00000    0.00000   100%   139 13971s
 7912791 2698025 infeasible  166         1.00000    0.00000   100%   139 13975s
 7915804 2698790 infeasible  137         1.00000    0.00000   100%   139 13980s
 7918815 2699822    0.00000  175   69    1.00000    0.00000   100%   139 13985s
 7921997 2701166 infeasible  145         1.00000    0.00000   100%   139 13990s
 7925478 2702284 infeasible  133         1.00000    0.00000   100%   139 13995s
 7928231 2703047 infeasible  156         1.00000    0.00000   100%   139 14000s
 7931800 2703966 infeasible  171         1.00000    0.00000   100%   139 14005s
 7935440 2704861    0.00000  160   43    1.00000    0.00000   100%   139 14010s
 7937460 2705600    0.00000  147   11    1.00000    0.00000   100%   139 14015s
 7940961 2706683 infeasible  141         1.00000    0.00000   100%   139 14020s
 7944314 2707756    0.00000  164   40    1.00000    0.00000   100%   139 14026s
 7947357 2708619    0.00000  139   33    1.00000    0.00000   100%   139 14031s
 7948357 2709242    0.00000  141   68    1.00000    0.00000   100%   139 14035s
 7952421 2710421    0.00000  167   27    1.00000    0.00000   100%   139 14040s
 7955794 2711663    0.00000  164   46    1.00000    0.00000   100%   139 14045s
 7959004 2712770 infeasible  177         1.00000    0.00000   100%   139 14051s
 7962538 2713901 infeasible  175         1.00000    0.00000   100%   139 14055s
 7965775 2714994 infeasible  177         1.00000    0.00000   100%   139 14060s
 7966820 2717345    0.00000  176  111    1.00000    0.00000   100%   139 14081s
 7975075 2717499 infeasible  158         1.00000    0.00000   100%   139 14085s
 7977325 2718701    0.00000  124   52    1.00000    0.00000   100%   139 14090s
 7980760 2719776    0.00000  137   16    1.00000    0.00000   100%   139 14095s
 7983314 2720394    0.00000  129   32    1.00000    0.00000   100%   139 14100s
 7985293 2721030    0.00000  176   12    1.00000    0.00000   100%   139 14105s
 7988448 2722115 infeasible  149         1.00000    0.00000   100%   139 14110s
 7992066 2723000    0.00000  140   49    1.00000    0.00000   100%   139 14115s
 7995776 2723858    0.00000  147   31    1.00000    0.00000   100%   139 14121s
 7998247 2724764    0.00000  149   71    1.00000    0.00000   100%   139 14125s
 8001599 2725493    0.00000  157   15    1.00000    0.00000   100%   139 14130s
 8005518 2726501    0.00000  129  100    1.00000    0.00000   100%   139 14135s
 8006420 2726991 infeasible  168         1.00000    0.00000   100%   139 14140s
 8011138 2728577 infeasible  177         1.00000    0.00000   100%   139 14146s
 8014662 2729468    0.00000  160   52    1.00000    0.00000   100%   139 14150s
 8016989 2730091 infeasible  145         1.00000    0.00000   100%   139 14155s
 8020280 2731024    0.00000  136  114    1.00000    0.00000   100%   139 14160s
 8023396 2731579    0.00000  137   70    1.00000    0.00000   100%   139 14165s
 8023430 2731595    0.00000  140   59    1.00000    0.00000   100%   139 14171s
 8023635 2731733    0.00000  166    9    1.00000    0.00000   100%   139 14175s
 8025359 2732239    0.00000  137   15    1.00000    0.00000   100%   139 14180s
 8027364 2732649    0.00000  147   58    1.00000    0.00000   100%   139 14186s
 8029232 2733300    0.00000  168   85    1.00000    0.00000   100%   139 14190s
 8032814 2734224 infeasible  137         1.00000    0.00000   100%   139 14195s
 8036203 2735428    0.00000  164   72    1.00000    0.00000   100%   139 14200s
 8039008 2736096    0.00000  162   43    1.00000    0.00000   100%   139 14205s
 8042749 2737101 infeasible  158         1.00000    0.00000   100%   139 14210s
 8045814 2738032    0.00000  137   15    1.00000    0.00000   100%   139 14215s
 8048045 2738622    0.00000  153   43    1.00000    0.00000   100%   139 14220s
 8050739 2739315 infeasible  161         1.00000    0.00000   100%   139 14226s
 8054541 2740291    0.00000  147   41    1.00000    0.00000   100%   139 14231s
 8057064 2741455 infeasible  154         1.00000    0.00000   100%   139 14235s
 8060476 2743009    0.00000  127   64    1.00000    0.00000   100%   139 14240s
 8064144 2744527    0.00000  156   40    1.00000    0.00000   100%   139 14246s
 8066528 2745360 infeasible  153         1.00000    0.00000   100%   139 14250s
 8069356 2746785    0.00000  146   86    1.00000    0.00000   100%   139 14255s
 8070395 2749607    0.00000  145   68    1.00000    0.00000   100%   139 14266s
 8079580 2750817    0.00000  148   35    1.00000    0.00000   100%   139 14271s
 8082357 2751723    0.00000  147   27    1.00000    0.00000   100%   139 14276s
 8084829 2752596    0.00000  157   31    1.00000    0.00000   100%   139 14280s
 8088370 2753679    0.00000  139   38    1.00000    0.00000   100%   139 14286s
 8091269 2754177    0.00000  138   50    1.00000    0.00000   100%   139 14290s
 8091311 2754189    0.00000  139  100    1.00000    0.00000   100%   139 14296s
 8091472 2754591    0.00000  152   61    1.00000    0.00000   100%   139 14300s
 8094528 2755578 infeasible  164         1.00000    0.00000   100%   139 14305s
 8098379 2756812    0.00000  145   74    1.00000    0.00000   100%   139 14310s
 8101300 2757928 infeasible  147         1.00000    0.00000   100%   139 14315s
 8104472 2758761 infeasible  159         1.00000    0.00000   100%   139 14321s
 8107083 2759391    0.00000  143   68    1.00000    0.00000   100%   139 14325s
 8110257 2760411    0.00000  157   19    1.00000    0.00000   100%   139 14330s
 8112548 2761178    0.00000  160   33    1.00000    0.00000   100%   139 14335s
 8116492 2762726    0.00000  147   30    1.00000    0.00000   100%   139 14340s
 8120922 2764462    0.00000  149   46    1.00000    0.00000   100%   139 14345s
 8123477 2765337    0.00000  175   90    1.00000    0.00000   100%   139 14350s
 8127934 2766875 infeasible  177         1.00000    0.00000   100%   139 14355s
 8131588 2768078    0.00000  161   40    1.00000    0.00000   100%   139 14360s
 8133983 2768964    0.00000  144   36    1.00000    0.00000   100%   139 14365s
 8138061 2770562 infeasible  187         1.00000    0.00000   100%   139 14370s
 8141674 2771812    0.00000  170   44    1.00000    0.00000   100%   139 14375s
 8143798 2772294    0.00000  171   73    1.00000    0.00000   100%   139 14380s
 8147293 2773718 infeasible  167         1.00000    0.00000   100%   139 14385s
 8151211 2774665 infeasible  177         1.00000    0.00000   100%   139 14391s
 8154677 2775331 infeasible  147         1.00000    0.00000   100%   139 14395s
 8158092 2776621    0.00000  151   46    1.00000    0.00000   100%   139 14400s
 8161740 2777776    0.00000  162   91    1.00000    0.00000   100%   139 14405s
 8164241 2778346    0.00000  169   82    1.00000    0.00000   100%   139 14410s
 8164958 2778472    0.00000  168   73    1.00000    0.00000   100%   139 14416s
 8166303 2779026    0.00000  167   70    1.00000    0.00000   100%   139 14421s
 8169059 2779604    0.00000  163   45    1.00000    0.00000   100%   139 14425s
 8172403 2780545    0.00000  173   44    1.00000    0.00000   100%   139 14430s
 8175308 2781367    0.00000  158   26    1.00000    0.00000   100%   139 14436s
 8178969 2782407 infeasible  164         1.00000    0.00000   100%   139 14440s
 8182433 2783245 infeasible  167         1.00000    0.00000   100%   139 14445s
 8184616 2783950 infeasible  127         1.00000    0.00000   100%   139 14450s
 8187254 2784760 infeasible  144         1.00000    0.00000   100%   139 14455s
 8191061 2785928 infeasible  172         1.00000    0.00000   100%   139 14460s
 8195154 2787206    0.00000  128   67    1.00000    0.00000   100%   139 14465s
 8198732 2788328 infeasible  165         1.00000    0.00000   100%   139 14470s
 8201895 2789632    0.00000  152   53    1.00000    0.00000   100%   139 14475s
 8202803 2791927    0.00000  164   72    1.00000    0.00000   100%   139 14487s
 8210862 2792145 infeasible  168         1.00000    0.00000   100%   139 14490s
 8213719 2793036    0.00000  156   32    1.00000    0.00000   100%   139 14495s
 8217369 2794140    0.00000  167   36    1.00000    0.00000   100%   139 14500s
 8218079 2794144 infeasible  158         1.00000    0.00000   100%   139 14505s
 8218104 2794259 infeasible  158         1.00000    0.00000   100%   139 14510s
 8219983 2794962 infeasible  167         1.00000    0.00000   100%   139 14515s
 8223592 2796183    0.00000  168   19    1.00000    0.00000   100%   139 14521s
 8227122 2797069 infeasible  167         1.00000    0.00000   100%   139 14525s
 8230081 2797737    0.00000  160  124    1.00000    0.00000   100%   139 14530s
 8232395 2798912    0.00000  166   37    1.00000    0.00000   100%   139 14538s
 8236458 2799356    0.00000  134   25    1.00000    0.00000   100%   139 14540s
 8240042 2800416 infeasible  174         1.00000    0.00000   100%   139 14545s
 8242761 2801090    0.00000  155   62    1.00000    0.00000   100%   139 14550s
 8246779 2802467 infeasible  177         1.00000    0.00000   100%   139 14556s
 8250343 2803154    0.00000  157   54    1.00000    0.00000   100%   139 14560s
 8253220 2804078    0.00000  167   24    1.00000    0.00000   100%   139 14565s
 8255782 2805213    0.00000  144   33    1.00000    0.00000   100%   139 14570s
 8259581 2806576    0.00000  157   19    1.00000    0.00000   100%   139 14575s
 8262102 2807491    0.00000  128   18    1.00000    0.00000   100%   139 14581s
 8264455 2808077    0.00000  132   65    1.00000    0.00000   100%   139 14585s
 8268245 2809240 infeasible  150         1.00000    0.00000   100%   139 14590s
 8272055 2810414 infeasible  129         1.00000    0.00000   100%   139 14595s
 8275040 2811313    0.00000  136   49    1.00000    0.00000   100%   139 14600s
 8277744 2812232    0.00000  157   24    1.00000    0.00000   100%   139 14605s
 8282181 2813358    0.00000  167   28    1.00000    0.00000   100%   139 14610s
 8285275 2814142    0.00000  138   88    1.00000    0.00000   100%   139 14615s
 8287606 2815035    0.00000  152   52    1.00000    0.00000   100%   139 14620s
 8291353 2815903    0.00000  154   45    1.00000    0.00000   100%   139 14626s
 8291380 2815910    0.00000  156   37    1.00000    0.00000   100%   139 14630s
 8291504 2816039 infeasible  153         1.00000    0.00000   100%   139 14637s
 8292984 2816870 infeasible  142         1.00000    0.00000   100%   139 14641s
 8295072 2817783    0.00000  126   82    1.00000    0.00000   100%   139 14646s
 8297485 2818668    0.00000  137   36    1.00000    0.00000   100%   139 14650s
 8300755 2819758 infeasible  138         1.00000    0.00000   100%   139 14655s
 8304883 2820888 infeasible  137         1.00000    0.00000   100%   139 14660s
 8307436 2821382    0.00000  144   62    1.00000    0.00000   100%   139 14666s
 8309530 2822334 infeasible  143         1.00000    0.00000   100%   139 14670s
 8313347 2823280    0.00000  137   12    1.00000    0.00000   100%   139 14676s
 8316415 2824016 infeasible  127         1.00000    0.00000   100%   139 14680s
 8319174 2825130    0.00000  139   34    1.00000    0.00000   100%   139 14685s
 8323768 2826498    0.00000  156    9    1.00000    0.00000   100%   139 14690s
 8326380 2827130 infeasible  148         1.00000    0.00000   100%   139 14695s
 8328322 2827779    0.00000  147   26    1.00000    0.00000   100%   139 14700s
 8332297 2829018    0.00000  167   12    1.00000    0.00000   100%   139 14706s
 8334909 2829737 infeasible  167         1.00000    0.00000   100%   139 14710s
 8338608 2830645 infeasible  176         1.00000    0.00000   100%   139 14716s
 8341828 2831641    0.00000  136   60    1.00000    0.00000   100%   139 14721s
 8345297 2832700 infeasible  167         1.00000    0.00000   100%   139 14725s
 8349044 2833774    0.00000  126   33    1.00000    0.00000   100%   139 14731s
 8351605 2834774 infeasible  137         1.00000    0.00000   100%   139 14735s
 8355976 2835921    0.00000  147   27    1.00000    0.00000   100%   139 14740s
 8357889 2836610    0.00000  137   27    1.00000    0.00000   100%   139 14745s
 8361167 2837450    0.00000  129   28    1.00000    0.00000   100%   139 14751s
 8362378 2837519 infeasible  131         1.00000    0.00000   100%   139 14755s
 8362416 2837600    0.00000  133   34    1.00000    0.00000   100%   139 14760s
 8365494 2838707    0.00000  121   28    1.00000    0.00000   100%   139 14766s
 8368033 2839391    0.00000  128   45    1.00000    0.00000   100%   139 14771s
 8370239 2839864    0.00000  137   17    1.00000    0.00000   100%   139 14775s
 8373267 2840937    0.00000  153   59    1.00000    0.00000   100%   139 14780s
 8377110 2841964 infeasible  157         1.00000    0.00000   100%   139 14785s
 8379884 2843828    0.00000  159   34    1.00000    0.00000   100%   139 14796s
 8386527 2844548    0.00000  177   24    1.00000    0.00000   100%   139 14800s
 8389794 2845586    0.00000  131   75    1.00000    0.00000   100%   139 14805s
 8392756 2846450    0.00000  118   24    1.00000    0.00000   100%   139 14810s
 8395582 2847116    0.00000  135   72    1.00000    0.00000   100%   139 14815s
 8398264 2848065    0.00000  125   33    1.00000    0.00000   100%   139 14820s
 8402781 2849215 infeasible  143         1.00000    0.00000   100%   139 14825s
 8405391 2849883    0.00000  149   86    1.00000    0.00000   100%   139 14830s
 8407543 2850630    0.00000  146   13    1.00000    0.00000   100%   139 14835s
 8411207 2851702 infeasible  169         1.00000    0.00000   100%   139 14840s
 8414755 2852450    0.00000  156   69    1.00000    0.00000   100%   139 14845s
 8417037 2853219 infeasible  155         1.00000    0.00000   100%   139 14850s
 8420515 2854253    0.00000  144   62    1.00000    0.00000   100%   139 14855s
 8424128 2855165 infeasible  160         1.00000    0.00000   100%   139 14860s
 8426320 2855615    0.00000  136   13    1.00000    0.00000   100%   139 14865s
 8427345 2855748    0.00000  146   61    1.00000    0.00000   100%   139 14871s
 8427688 2855939 infeasible  148         1.00000    0.00000   100%   139 14877s
 8428883 2856740 infeasible  166         1.00000    0.00000   100%   139 14880s
 8431462 2857464 infeasible  167         1.00000    0.00000   100%   139 14885s
 8434773 2858343    0.00000  157   69    1.00000    0.00000   100%   139 14890s
 8438318 2859261 infeasible  177         1.00000    0.00000   100%   139 14895s
 8441808 2860063 infeasible  142         1.00000    0.00000   100%   139 14900s
 8445463 2861134 infeasible  153         1.00000    0.00000   100%   139 14905s
 8447656 2861824 infeasible  158         1.00000    0.00000   100%   139 14910s
 8450670 2862664 infeasible  147         1.00000    0.00000   100%   139 14916s
 8454091 2863683    0.00000  137   16    1.00000    0.00000   100%   139 14921s
 8457534 2864609 infeasible  147         1.00000    0.00000   100%   139 14925s
 8459870 2865173    0.00000  137   11    1.00000    0.00000   100%   139 14930s
 8463150 2866211    0.00000  143   67    1.00000    0.00000   100%   139 14935s
 8467663 2867381    0.00000  130   20    1.00000    0.00000   100%   139 14940s
 8470598 2868079    0.00000  155  105    1.00000    0.00000   100%   139 14945s
 8474153 2869026 infeasible  139         1.00000    0.00000   100%   139 14950s
 8476923 2869734    0.00000  161   69    1.00000    0.00000   100%   139 14955s
 8480481 2870376    0.00000  161   80    1.00000    0.00000   100%   139 14960s
 8483785 2871427    0.00000  137   74    1.00000    0.00000   100%   139 14966s
 8487322 2872399    0.00000  151   36    1.00000    0.00000   100%   139 14970s
 8489677 2872989    0.00000  145   78    1.00000    0.00000   100%   139 14975s
 8492627 2873814 infeasible  151         1.00000    0.00000   100%   139 14980s
 8496579 2875051    0.00000  123   39    1.00000    0.00000   100%   139 14985s
 8500141 2876515    0.00000  136   15    1.00000    0.00000   100%   139 14991s
 8501699 2876648 infeasible  143         1.00000    0.00000   100%   139 14995s
 8501741 2876662    0.00000  145   70    1.00000    0.00000   100%   139 15001s
 8503105 2877258 infeasible  136         1.00000    0.00000   100%   139 15006s
 8506185 2877824 infeasible  137         1.00000    0.00000   100%   139 15010s
 8507832 2878570    0.00000  147   33    1.00000    0.00000   100%   139 15015s
 8511648 2879474    0.00000  125   19    1.00000    0.00000   100%   139 15020s
 8513802 2880420    0.00000  157   17    1.00000    0.00000   100%   139 15025s
 8517267 2881131    0.00000  126   16    1.00000    0.00000   100%   139 15030s
 8521904 2882188    0.00000  150   97    1.00000    0.00000   100%   139 15035s
 8524084 2882989 infeasible  137         1.00000    0.00000   100%   139 15040s
 8527438 2883888    0.00000  129   35    1.00000    0.00000   100%   139 15045s
 8528260 2885922 infeasible  147         1.00000    0.00000   100%   139 15059s
 8536260 2885979 infeasible  163         1.00000    0.00000   100%   139 15060s
 8538811 2886972    0.00000  144   64    1.00000    0.00000   100%   139 15065s
 8542176 2888182    0.00000  130   72    1.00000    0.00000   100%   139 15070s
 8544909 2888745    0.00000  142   87    1.00000    0.00000   100%   139 15075s
 8547045 2889858    0.00000  126   35    1.00000    0.00000   100%   139 15080s
 8550779 2891115 infeasible  161         1.00000    0.00000   100%   139 15086s
 8554681 2892143    0.00000  157   43    1.00000    0.00000   100%   139 15091s
 8557412 2892902 infeasible  169         1.00000    0.00000   100%   139 15095s
 8559800 2893658 infeasible  148         1.00000    0.00000   100%   139 15100s
 8563364 2894960    0.00000  150   16    1.00000    0.00000   100%   139 15105s
 8565142 2895330 infeasible  143         1.00000    0.00000   100%   139 15110s
 8566185 2895585    0.00000  141   50    1.00000    0.00000   100%   139 15115s
 8566241 2895687    0.00000  143   77    1.00000    0.00000   100%   139 15121s
 8567111 2896000    0.00000  140   70    1.00000    0.00000   100%   139 15125s
 8569747 2896767 infeasible  147         1.00000    0.00000   100%   139 15130s
 8572779 2897500    0.00000  129   28    1.00000    0.00000   100%   139 15135s
 8575363 2898073 infeasible  144         1.00000    0.00000   100%   139 15140s
 8578702 2898829    0.00000  128   44    1.00000    0.00000   100%   139 15145s
 8581457 2899985 infeasible  158         1.00000    0.00000   100%   139 15150s
 8585122 2900965    0.00000  137   74    1.00000    0.00000   100%   139 15155s
 8588691 2901937    0.00000  131   77    1.00000    0.00000   100%   139 15160s
 8590172 2902790    0.00000  138   22    1.00000    0.00000   100%   139 15165s
 8594466 2903989    0.00000  147   25    1.00000    0.00000   100%   139 15170s
 8598339 2905035    0.00000  137   11    1.00000    0.00000   100%   139 15175s
 8599988 2905707    0.00000  134   49    1.00000    0.00000   100%   139 15180s
 8604032 2907540    0.00000  147   54    1.00000    0.00000   100%   139 15186s
 8607224 2908769    0.00000  153   62    1.00000    0.00000   100%   139 15190s
 8610578 2909961    0.00000  134   57    1.00000    0.00000   100%   139 15195s
 8613774 2911092 infeasible  162         1.00000    0.00000   100%   139 15200s
 8617903 2912628    0.00000  137   22    1.00000    0.00000   100%   139 15206s
 8620778 2913323 infeasible  144         1.00000    0.00000   100%   139 15210s
 8623864 2914356 infeasible  144         1.00000    0.00000   100%   139 15215s
 8627350 2915234 infeasible  144         1.00000    0.00000   100%   139 15220s
 8629930 2916176 infeasible  147         1.00000    0.00000   100%   139 15225s
 8630753 2916187 infeasible  149         1.00000    0.00000   100%   139 15231s
 8630788 2916196    0.00000  120   68    1.00000    0.00000   100%   139 15236s
 8630993 2916311    0.00000  121   41    1.00000    0.00000   100%   139 15240s
 8632182 2917011    0.00000  144   98    1.00000    0.00000   100%   139 15245s
 8635023 2917693 infeasible  149         1.00000    0.00000   100%   139 15250s
 8639444 2919090    0.00000  138   71    1.00000    0.00000   100%   139 15256s
 8641883 2920014    0.00000  147   16    1.00000    0.00000   100%   139 15260s
 8645023 2921237 infeasible  147         1.00000    0.00000   100%   139 15265s
 8648021 2922092 infeasible  143         1.00000    0.00000   100%   139 15270s
 8649830 2922575    0.00000  143   28    1.00000    0.00000   100%   139 15275s
 8651862 2923062    0.00000  147   11    1.00000    0.00000   100%   139 15280s
 8655797 2924331    0.00000  157   19    1.00000    0.00000   100%   139 15286s
 8658727 2925266    0.00000  138   30    1.00000    0.00000   100%   139 15290s
 8662482 2926087    0.00000  114   83    1.00000    0.00000   100%   139 15296s
 8662624 2927540    0.00000  117   12    1.00000    0.00000   100%   139 15304s
 8668275 2927546    0.00000  132   38    1.00000    0.00000   100%   139 15305s
 8670606 2928554    0.00000  144   63    1.00000    0.00000   100%   139 15310s
 8673349 2929233    0.00000  129  111    1.00000    0.00000   100%   139 15316s
 8676020 2930062    0.00000  155   48    1.00000    0.00000   100%   139 15320s
 8679545 2930987    0.00000  147   23    1.00000    0.00000   100%   139 15325s
 8682936 2931939    0.00000  137   66    1.00000    0.00000   100%   139 15331s
 8684655 2932653 infeasible  144         1.00000    0.00000   100%   139 15336s
 8688028 2933680    0.00000  161   85    1.00000    0.00000   100%   139 15340s
 8691670 2934938    0.00000  149   90    1.00000    0.00000   100%   139 15346s
 8694558 2935455    0.00000  152   53    1.00000    0.00000   100%   139 15350s
 8696918 2936327 infeasible  147         1.00000    0.00000   100%   139 15355s
 8700557 2937435    0.00000  142   86    1.00000    0.00000   100%   139 15360s
 8704091 2938377    0.00000  142   76    1.00000    0.00000   100%   139 15365s
 8706487 2939122    0.00000  157   59    1.00000    0.00000   100%   139 15370s
 8709805 2939897 infeasible  143         1.00000    0.00000   100%   139 15375s
 8710716 2939933 infeasible  149         1.00000    0.00000   100%   139 15380s
 8711133 2940221    0.00000  150   76    1.00000    0.00000   100%   139 15386s
 8714132 2941445    0.00000  133   45    1.00000    0.00000   100%   139 15390s
 8715340 2941732    0.00000  139   46    1.00000    0.00000   100%   139 15395s
 8718054 2942701 infeasible  132         1.00000    0.00000   100%   139 15400s
 8721884 2944208    0.00000  142   40    1.00000    0.00000   100%   139 15406s
 8724533 2945370    0.00000  126   20    1.00000    0.00000   100%   139 15410s
 8726707 2946429    0.00000  122   77    1.00000    0.00000   100%   139 15415s
 8729972 2947947 infeasible  141         1.00000    0.00000   100%   139 15421s
 8731681 2948723    0.00000  127   21    1.00000    0.00000   100%   139 15426s
 8734515 2949771 infeasible  135         1.00000    0.00000   100%   139 15431s
 8736981 2950780    0.00000  121   64    1.00000    0.00000   100%   139 15436s
 8739907 2951554 infeasible  117         1.00000    0.00000   100%   139 15440s
 8742736 2952909    0.00000  134   38    1.00000    0.00000   100%   139 15446s
 8745703 2953623 infeasible  147         1.00000    0.00000   100%   139 15450s
 8746830 2954238 infeasible  147         1.00000    0.00000   100%   139 15455s
 8749417 2955230    0.00000  126   34    1.00000    0.00000   100%   139 15460s
 8753169 2956632 infeasible  157         1.00000    0.00000   100%   139 15465s
 8756421 2957742 infeasible  149         1.00000    0.00000   100%   139 15470s
 8757224 2957911    0.00000  127   29    1.00000    0.00000   100%   139 15476s
 8757524 2958005    0.00000  129   54    1.00000    0.00000   100%   139 15481s
 8757986 2958392    0.00000  130   30    1.00000    0.00000   100%   139 15485s
 8760771 2959163    0.00000  147   11    1.00000    0.00000   100%   139 15490s
 8763423 2960493    0.00000  137   40    1.00000    0.00000   100%   139 15496s
 8766602 2961431    0.00000  138   44    1.00000    0.00000   100%   139 15501s
 8768194 2962184 infeasible  142         1.00000    0.00000   100%   139 15505s
 8772031 2963390 infeasible  145         1.00000    0.00000   100%   139 15511s
 8774502 2964297    0.00000  146   63    1.00000    0.00000   100%   139 15515s
 8776777 2965155    0.00000  120   34    1.00000    0.00000   100%   139 15520s
 8778601 2965872 infeasible  141         1.00000    0.00000   100%   139 15525s
 8782311 2966901 infeasible  120         1.00000    0.00000   100%   139 15530s
 8785854 2968079 infeasible  148         1.00000    0.00000   100%   139 15535s
 8788028 2968715 infeasible  132         1.00000    0.00000   100%   139 15540s
 8791462 2969938    0.00000  146   16    1.00000    0.00000   100%   139 15545s
 8794855 2971101 infeasible  127         1.00000    0.00000   100%   139 15550s
 8796630 2971998    0.00000  126  107    1.00000    0.00000   100%   139 15556s
 8800049 2972504    0.00000  129  105    1.00000    0.00000   100%   139 15561s
 8802770 2973281 infeasible  124         1.00000    0.00000   100%   139 15565s
 8806199 2974408 infeasible  122         1.00000    0.00000   100%   139 15571s
 8809153 2975254 infeasible  128         1.00000    0.00000   100%   139 15576s
 8811278 2976045 infeasible  127         1.00000    0.00000   100%   139 15580s
 8815069 2977186    0.00000  146   12    1.00000    0.00000   100%   139 15585s
 8817871 2978079    0.00000  134   36    1.00000    0.00000   100%   139 15590s
 8819823 2978529    0.00000  155   66    1.00000    0.00000   100%   139 15595s
 8821038 2978903 infeasible  158         1.00000    0.00000   100%   139 15600s
 8822874 2979689 infeasible  143         1.00000    0.00000   100%   139 15605s
 8826949 2980830    0.00000  139   50    1.00000    0.00000   100%   139 15610s
 8828781 2981124    0.00000  172   45    1.00000    0.00000   100%   139 15616s
 8830049 2981697    0.00000  126   17    1.00000    0.00000   100%   139 15620s
 8833482 2982783    0.00000  124   80    1.00000    0.00000   100%   139 15625s
 8837233 2983931 infeasible  135         1.00000    0.00000   100%   139 15631s
 8840570 2984640    0.00000  144   84    1.00000    0.00000   100%   139 15636s
 8843157 2985782    0.00000  167   25    1.00000    0.00000   100%   139 15641s
 8847113 2986427 infeasible  135         1.00000    0.00000   100%   139 15645s
 8849353 2987154    0.00000  144   55    1.00000    0.00000   100%   139 15650s
 8851833 2987611    0.00000  125   89    1.00000    0.00000   100%   139 15655s
 8855110 2988643    0.00000  148   28    1.00000    0.00000   100%   139 15660s
 8859457 2989646 infeasible  148         1.00000    0.00000   100%   139 15666s
 8861006 2989800 infeasible  140         1.00000    0.00000   100%   139 15670s
 8861267 2989870 infeasible  143         1.00000    0.00000   100%   139 15676s
 8861572 2989949    0.00000  153   50    1.00000    0.00000   100%   139 15681s
 8862755 2990565    0.00000  147   55    1.00000    0.00000   100%   139 15685s
 8866025 2991485 infeasible  149         1.00000    0.00000   100%   139 15690s
 8869999 2993032    0.00000  124   75    1.00000    0.00000   100%   139 15696s
 8871758 2993647    0.00000  137   18    1.00000    0.00000   100%   139 15700s
 8875372 2995043    0.00000  128   72    1.00000    0.00000   100%   139 15705s
 8879277 2996205    0.00000  149   96    1.00000    0.00000   100%   139 15710s
 8882313 2996816 infeasible  130         1.00000    0.00000   100%   139 15715s
 8884775 2998001    0.00000  137   19    1.00000    0.00000   100%   139 15721s
 8888280 2999081    0.00000  129   69    1.00000    0.00000   100%   139 15725s
 8891565 2999751 infeasible  136         1.00000    0.00000   100%   139 15730s
 8893031 3000520    0.00000  147   24    1.00000    0.00000   100%   139 15735s
 8897237 3001905    0.00000  147   12    1.00000    0.00000   100%   139 15740s
 8899609 3002872 infeasible  137         1.00000    0.00000   100%   139 15745s
 8903137 3003800 infeasible  127         1.00000    0.00000   100%   139 15750s
 8905821 3004917    0.00000  136   56    1.00000    0.00000   100%   139 15755s
 8909028 3006015 infeasible  135         1.00000    0.00000   100%   139 15760s
 8911859 3006978    0.00000  151   49    1.00000    0.00000   100%   139 15765s
 8914282 3007593    0.00000  133   48    1.00000    0.00000   100%   139 15770s
 8917946 3008584    0.00000  137   20    1.00000    0.00000   100%   139 15775s
 8921906 3009673    0.00000  147   19    1.00000    0.00000   100%   139 15780s
 8925524 3010793 infeasible  137         1.00000    0.00000   100%   139 15786s
 8926512 3010803    0.00000  153   51    1.00000    0.00000   100%   139 15790s
 8926552 3010855    0.00000  156   49    1.00000    0.00000   100%   139 15796s
 8927452 3011483    0.00000  135   35    1.00000    0.00000   100%   139 15800s
 8931211 3012659 infeasible  146         1.00000    0.00000   100%   139 15805s
 8933927 3013417 infeasible  144         1.00000    0.00000   100%   139 15810s
 8936473 3014405 infeasible  125         1.00000    0.00000   100%   139 15815s
 8940996 3015585    0.00000  147   26    1.00000    0.00000   100%   139 15821s
 8943557 3016385 infeasible  147         1.00000    0.00000   100%   139 15825s
 8945874 3017050    0.00000  157   93    1.00000    0.00000   100%   139 15830s
 8949538 3018105    0.00000  139   37    1.00000    0.00000   100%   139 15835s
 8952930 3018961 infeasible  156         1.00000    0.00000   100%   139 15840s
 8955794 3019829    0.00000  154   67    1.00000    0.00000   100%   139 15845s
 8958841 3020827    0.00000  162   69    1.00000    0.00000   100%   139 15850s
 8962209 3021909 infeasible  173         1.00000    0.00000   100%   139 15856s
 8965933 3022921    0.00000  146   21    1.00000    0.00000   100%   139 15860s
 8968751 3023939    0.00000  152   49    1.00000    0.00000   100%   139 15865s
 8972211 3024921 infeasible  147         1.00000    0.00000   100%   139 15870s
 8975758 3025572    0.00000  157   21    1.00000    0.00000   100%   139 15875s
 8977631 3026407    0.00000  131   39    1.00000    0.00000   100%   139 15880s
 8982039 3028067 infeasible  140         1.00000    0.00000   100%   139 15885s
 8985844 3029177 infeasible  137         1.00000    0.00000   100%   139 15890s
 8988740 3030125 infeasible  163         1.00000    0.00000   100%   139 15895s
 8991487 3030631    0.00000  139   48    1.00000    0.00000   100%   139 15901s
 8991518 3030639    0.00000  141   53    1.00000    0.00000   100%   139 15905s
 8992476 3031182    0.00000  155   66    1.00000    0.00000   100%   139 15911s
 8995935 3032193    0.00000  177    7    1.00000    0.00000   100%   139 15915s
 8998387 3033014 infeasible  167         1.00000    0.00000   100%   139 15920s
 9002298 3034172    0.00000  137   19    1.00000    0.00000   100%   139 15926s
 9004274 3034795 infeasible  121         1.00000    0.00000   100%   139 15930s
 9007374 3035575 infeasible  157         1.00000    0.00000   100%   139 15935s
 9009741 3036325    0.00000  146   45    1.00000    0.00000   100%   139 15940s
 9013322 3037186 infeasible  137         1.00000    0.00000   100%   139 15945s
 9016916 3038232 infeasible  132         1.00000    0.00000   100%   139 15950s
 9018212 3038649    0.00000  142   60    1.00000    0.00000   100%   139 15955s
 9021908 3039917    0.00000  137   21    1.00000    0.00000   100%   139 15961s
 9025756 3041077    0.00000  134   57    1.00000    0.00000   100%   139 15966s
 9029742 3041833    0.00000  135   66    1.00000    0.00000   100%   139 15970s
 9032642 3043085 infeasible  132         1.00000    0.00000   100%   139 15975s
 9035927 3044134 infeasible  154         1.00000    0.00000   100%   139 15980s
 9039453 3044783 infeasible  159         1.00000    0.00000   100%   139 15985s
 9040992 3045487    0.00000  126   14    1.00000    0.00000   100%   139 15990s
 9044701 3046392    0.00000  148   47    1.00000    0.00000   100%   139 15995s
 9048668 3047537 infeasible  152         1.00000    0.00000   100%   139 16000s
 9050045 3047600    0.00000  153  102    1.00000    0.00000   100%   139 16005s
 9050180 3047661    0.00000  122   69    1.00000    0.00000   100%   139 16011s
 9051208 3048197    0.00000  147   58    1.00000    0.00000   100%   139 16015s
 9055211 3049405    0.00000  133   47    1.00000    0.00000   100%   139 16020s
 9059179 3050358 infeasible  130         1.00000    0.00000   100%   139 16025s
 9061955 3051243    0.00000  144   48    1.00000    0.00000   100%   139 16030s
 9065373 3052083 infeasible  139         1.00000    0.00000   100%   139 16035s
 9069638 3053171    0.00000  167  104    1.00000    0.00000   100%   139 16040s
 9072812 3054044 infeasible  143         1.00000    0.00000   100%   139 16046s
 9076294 3055080    0.00000  146   15    1.00000    0.00000   100%   139 16050s
 9079806 3055945 infeasible  151         1.00000    0.00000   100%   139 16055s
 9082754 3056749 infeasible  159         1.00000    0.00000   100%   139 16060s
 9084640 3057430 infeasible  137         1.00000    0.00000   100%   139 16065s
 9088329 3058245 infeasible  168         1.00000    0.00000   100%   139 16070s
 9092313 3059701    0.00000  125   54    1.00000    0.00000   100%   139 16076s
 9094233 3060266    0.00000  122   50    1.00000    0.00000   100%   139 16080s
 9098558 3061606 infeasible  147         1.00000    0.00000   100%   139 16085s
 9100821 3062257 infeasible  163         1.00000    0.00000   100%   139 16090s
 9103713 3063096 infeasible  137         1.00000    0.00000   100%   139 16095s
 9107358 3064260 infeasible  154         1.00000    0.00000   100%   139 16100s
 9110875 3065331    0.00000  121   44    1.00000    0.00000   100%   139 16105s
 9114301 3066173    0.00000  150   21    1.00000    0.00000   100%   139 16110s
 9114822 3066176    0.00000  149   57    1.00000    0.00000   100%   139 16115s
 9114864 3066280 infeasible  151         1.00000    0.00000   100%   139 16120s
 9116880 3067161 infeasible  149         1.00000    0.00000   100%   139 16126s
 9120756 3068337    0.00000  144   64    1.00000    0.00000   100%   139 16131s
 9123869 3069081 infeasible  151         1.00000    0.00000   100%   139 16136s
 9125265 3069664 infeasible  147         1.00000    0.00000   100%   139 16140s
 9129354 3070731    0.00000  146   87    1.00000    0.00000   100%   139 16145s
 9133550 3071776    0.00000  137   52    1.00000    0.00000   100%   139 16150s
 9136449 3072495 infeasible  160         1.00000    0.00000   100%   139 16155s
 9140965 3074068    0.00000  154   80    1.00000    0.00000   100%   139 16160s
 9144118 3075064 infeasible  153         1.00000    0.00000   100%   139 16165s
 9146746 3076134 infeasible  153         1.00000    0.00000   100%   139 16170s
 9149924 3077175    0.00000  131   81    1.00000    0.00000   100%   139 16175s
 9154509 3078375 infeasible  137         1.00000    0.00000   100%   139 16180s
 9157184 3079363 infeasible  140         1.00000    0.00000   100%   139 16185s
 9161072 3081425 infeasible  145         1.00000    0.00000   100%   139 16190s
 9165944 3083120    0.00000  136   97    1.00000    0.00000   100%   139 16195s
 9167944 3083785    0.00000  132   25    1.00000    0.00000   100%   139 16200s
 9172226 3085438 infeasible  147         1.00000    0.00000   100%   139 16205s
 9176673 3086865    0.00000  131   43    1.00000    0.00000   100%   139 16210s
 9179704 3087769    0.00000  133   27    1.00000    0.00000   100%   139 16215s
 9184177 3089609 infeasible  171         1.00000    0.00000   100%   139 16220s
 9188184 3090963 infeasible  157         1.00000    0.00000   100%   139 16225s
 9189442 3091191    0.00000  162   38    1.00000    0.00000   100%   139 16230s
 9190566 3091643    0.00000  164   41    1.00000    0.00000   100%   139 16235s
 9192852 3092368    0.00000  157   74    1.00000    0.00000   100%   139 16240s
 9196526 3093346    0.00000  144   52    1.00000    0.00000   100%   139 16245s
 9200071 3094308 infeasible  139         1.00000    0.00000   100%   139 16250s
 9204347 3095395 infeasible  129         1.00000    0.00000   100%   139 16255s
 9207696 3096277 infeasible  134         1.00000    0.00000   100%   139 16260s
 9209856 3097211    0.00000  153   45    1.00000    0.00000   100%   139 16266s
 9212586 3098007 infeasible  137         1.00000    0.00000   100%   139 16270s
 9217658 3099286    0.00000  154   73    1.00000    0.00000   100%   139 16275s
 9220879 3100055    0.00000  115   36    1.00000    0.00000   100%   139 16280s
 9224356 3100956    0.00000  147   17    1.00000    0.00000   100%   139 16285s
 9227107 3101822    0.00000  128   52    1.00000    0.00000   100%   139 16290s
 9229170 3102197 infeasible  127         1.00000    0.00000   100%   139 16296s
 9229190 3102221    0.00000  127   27    1.00000    0.00000   100%   139 16300s
 9230562 3102654    0.00000  126   11    1.00000    0.00000   100%   139 16305s
 9233165 3103435    0.00000  123   50    1.00000    0.00000   100%   139 16310s
 9237379 3104523 infeasible  136         1.00000    0.00000   100%   139 16315s
 9239633 3105664    0.00000  137   17    1.00000    0.00000   100%   139 16320s
 9241574 3106512 infeasible  151         1.00000    0.00000   100%   139 16325s
 9246758 3108128 infeasible  137         1.00000    0.00000   100%   139 16331s
 9249513 3109153    0.00000  137   16    1.00000    0.00000   100%   139 16335s
 9252901 3110117 infeasible  127         1.00000    0.00000   100%   139 16340s
 9256500 3111262    0.00000  115   41    1.00000    0.00000   100%   139 16346s
 9259920 3111928    0.00000  129   45    1.00000    0.00000   100%   139 16350s
 9261440 3112625    0.00000  127   11    1.00000    0.00000   100%   139 16355s
 9264387 3113394    0.00000  137   18    1.00000    0.00000   100%   139 16360s
 9267975 3114340    0.00000  125   38    1.00000    0.00000   100%   139 16365s
 9271376 3115404 infeasible  143         1.00000    0.00000   100%   139 16370s
 9274203 3116276 infeasible  127         1.00000    0.00000   100%   139 16375s
 9277792 3116925    0.00000  138   35    1.00000    0.00000   100%   139 16380s
 9280578 3117788    0.00000  134   62    1.00000    0.00000   100%   139 16385s
 9284210 3118457    0.00000  136   87    1.00000    0.00000   100%   139 16390s
 9286802 3119234    0.00000  136   71    1.00000    0.00000   100%   139 16395s
 9290190 3119906    0.00000  128   36    1.00000    0.00000   100%   139 16400s
 9293125 3120904    0.00000  127   21    1.00000    0.00000   100%   139 16405s
 9296311 3121854    0.00000  127   18    1.00000    0.00000   100%   139 16410s
 9297128 3121861    0.00000  109   34    1.00000    0.00000   100%   139 16415s
 9298098 3122191 infeasible  145         1.00000    0.00000   100%   139 16421s
 9300706 3123451    0.00000  137   25    1.00000    0.00000   100%   139 16425s
 9304372 3124530    0.00000  140   48    1.00000    0.00000   100%   139 16430s
 9305754 3124932    0.00000  121   84    1.00000    0.00000   100%   139 16435s
 9310378 3126153    0.00000  128   20    1.00000    0.00000   100%   139 16440s
 9313981 3127177 infeasible  137         1.00000    0.00000   100%   139 16445s
 9316934 3127980 infeasible  137         1.00000    0.00000   100%   139 16451s
 9319967 3128605 infeasible  127         1.00000    0.00000   100%   139 16455s
 9323845 3129702    0.00000  141   40    1.00000    0.00000   100%   139 16460s
 9326499 3130338    0.00000  136   65    1.00000    0.00000   100%   139 16465s
 9329810 3131412 infeasible  140         1.00000    0.00000   100%   139 16470s
 9334300 3132480    0.00000  155   36    1.00000    0.00000   100%   139 16475s
 9337315 3133312 infeasible  137         1.00000    0.00000   100%   139 16480s
 9339563 3134774    0.00000  141   86    1.00000    0.00000   100%   139 16485s
 9343894 3136248 infeasible  139         1.00000    0.00000   100%   139 16490s
 9348168 3137429    0.00000  152  100    1.00000    0.00000   100%   139 16495s
 9351076 3138456 infeasible  132         1.00000    0.00000   100%   140 16500s
 9354345 3139424 infeasible  132         1.00000    0.00000   100%   140 16505s
 9357971 3140252    0.00000  116   19    1.00000    0.00000   100%   140 16510s
 9358700 3140502 infeasible  134         1.00000    0.00000   100%   140 16515s
 9360970 3141179    0.00000  139   52    1.00000    0.00000   100%   140 16520s
 9364665 3142098    0.00000  129   27    1.00000    0.00000   100%   140 16525s
 9367804 3143121    0.00000  149   31    1.00000    0.00000   100%   140 16530s
 9370617 3143871    0.00000  163   49    1.00000    0.00000   100%   140 16535s
 9374228 3144742    0.00000  145   96    1.00000    0.00000   100%   140 16540s
 9378559 3145837    0.00000  137   83    1.00000    0.00000   100%   140 16545s
 9381624 3146780    0.00000  177   21    1.00000    0.00000   100%   140 16550s
 9385563 3147905    0.00000  141   65    1.00000    0.00000   100%   140 16555s
 9385606 3147916    0.00000  144   65    1.00000    0.00000   100%   140 16560s
 9385643 3147922    0.00000  146   78    1.00000    0.00000   100%   140 16566s
 9386073 3148262 infeasible  136         1.00000    0.00000   100%   140 16570s
 9389348 3149202    0.00000  154   93    1.00000    0.00000   100%   140 16575s
 9392378 3150046 infeasible  157         1.00000    0.00000   100%   140 16580s
 9395780 3150956    0.00000  133   45    1.00000    0.00000   100%   140 16585s
 9398305 3151739 infeasible  127         1.00000    0.00000   100%   140 16590s
 9401712 3152521    0.00000  131   35    1.00000    0.00000   100%   140 16596s
 9404600 3153167    0.00000  135   61    1.00000    0.00000   100%   140 16600s
 9408241 3154050    0.00000  137   38    1.00000    0.00000   100%   140 16605s
 9410447 3154502    0.00000  125   36    1.00000    0.00000   100%   140 16610s
 9413457 3155276 infeasible  137         1.00000    0.00000   100%   140 16615s
 9417006 3156206 infeasible  127         1.00000    0.00000   100%   140 16620s
 9420753 3157008 infeasible  132         1.00000    0.00000   100%   140 16625s
 9423547 3157763    0.00000  135  101    1.00000    0.00000   100%   140 16630s
 9428047 3159567    0.00000  157   40    1.00000    0.00000   100%   140 16635s
 9430487 3161130    0.00000  163   43    1.00000    0.00000   100%   140 16640s
 9432714 3161993 infeasible  161         1.00000    0.00000   100%   140 16645s
 9437229 3163832 infeasible  162         1.00000    0.00000   100%   140 16650s
 9441390 3165698    0.00000  147   12    1.00000    0.00000   100%   140 16655s
 9444527 3166847    0.00000  177   15    1.00000    0.00000   100%   140 16660s
 9448471 3168333 infeasible  163         1.00000    0.00000   100%   140 16665s
 9449191 3171733    0.00000  147   55    1.00000    0.00000   100%   140 16677s
 9457537 3171910 infeasible  189         1.00000    0.00000   100%   140 16680s
 9458127 3172129    0.00000  165   29    1.00000    0.00000   100%   140 16685s
 9459891 3173055    0.00000  162   67    1.00000    0.00000   100%   140 16690s
 9463280 3174296    0.00000  165   50    1.00000    0.00000   100%   140 16695s
 9467708 3175581 infeasible  157         1.00000    0.00000   100%   140 16700s
 9471203 3177390 infeasible  161         1.00000    0.00000   100%   140 16705s
 9474677 3178755 infeasible  177         1.00000    0.00000   100%   140 16710s
 9477458 3179853    0.00000  166   50    1.00000    0.00000   100%   140 16715s
 9480061 3180797    0.00000  158   32    1.00000    0.00000   100%   140 16720s
 9483727 3181854    0.00000  155   66    1.00000    0.00000   100%   140 16725s
 9487882 3183363    0.00000  168   47    1.00000    0.00000   100%   140 16730s
 9490554 3184189    0.00000  167   25    1.00000    0.00000   100%   140 16735s
 9494855 3185742    0.00000  156   72    1.00000    0.00000   100%   140 16740s
 9497718 3186618    0.00000  173   48    1.00000    0.00000   100%   140 16745s
 9500526 3187813    0.00000  166   73    1.00000    0.00000   100%   140 16750s
 9505246 3189369    0.00000  154   36    1.00000    0.00000   100%   140 16755s
 9508436 3190810 infeasible  173         1.00000    0.00000   100%   140 16760s
 9510710 3191481    0.00000  157   38    1.00000    0.00000   100%   140 16766s
 9511584 3191810    0.00000  194   36    1.00000    0.00000   100%   140 16770s
 9513819 3192873 infeasible  174         1.00000    0.00000   100%   140 16775s
 9517515 3193855 infeasible  148         1.00000    0.00000   100%   140 16780s
 9519542 3194577 infeasible  168         1.00000    0.00000   100%   140 16785s
 9522590 3195633    0.00000  173   71    1.00000    0.00000   100%   140 16790s
 9526303 3196816    0.00000  170   63    1.00000    0.00000   100%   140 16795s
 9529748 3198039    0.00000  166    9    1.00000    0.00000   100%   140 16800s
 9532837 3198985    0.00000  149   46    1.00000    0.00000   100%   140 16805s
 9537421 3200727    0.00000  163   57    1.00000    0.00000   100%   140 16810s
 9540905 3202243 infeasible  187         1.00000    0.00000   100%   140 16816s
 9543525 3203277    0.00000  159   33    1.00000    0.00000   100%   140 16820s
 9548141 3205076 infeasible  177         1.00000    0.00000   100%   139 16826s
 9548906 3205085    0.00000  161   28    1.00000    0.00000   100%   139 16830s
 9549014 3205246    0.00000  164   68    1.00000    0.00000   100%   139 16835s
 9551142 3206294    0.00000  174   38    1.00000    0.00000   100%   140 16840s
 9553104 3209440    0.00000  175   43    1.00000    0.00000   100%   139 16854s
 9561104 3209716    0.00000  183  107    1.00000    0.00000   100%   139 16855s
 9564404 3210558    0.00000  157   19    1.00000    0.00000   100%   139 16860s
 9567819 3211649    0.00000  158   25    1.00000    0.00000   100%   139 16866s
 9571549 3212627 infeasible  183         1.00000    0.00000   100%   139 16871s
 9573733 3213285 infeasible  180         1.00000    0.00000   100%   139 16875s
 9575691 3213958 infeasible  164         1.00000    0.00000   100%   139 16880s
 9580643 3215559    0.00000  135   73    1.00000    0.00000   100%   139 16885s
 9584428 3216540    0.00000  153   31    1.00000    0.00000   100%   139 16890s
 9588167 3218055    0.00000  167   15    1.00000    0.00000   100%   139 16896s
 9592120 3219268    0.00000  187    8    1.00000    0.00000   100%   139 16900s
 9595762 3220597    0.00000  186   29    1.00000    0.00000   100%   139 16905s
 9600186 3222367    0.00000  171  145    1.00000    0.00000   100%   139 16910s
 9603064 3223564    0.00000  180   29    1.00000    0.00000   100%   139 16915s
 9605703 3224659    0.00000  159   71    1.00000    0.00000   100%   139 16920s
 9610261 3226211    0.00000  171   40    1.00000    0.00000   100%   139 16925s
 9613716 3227353    0.00000  167   12    1.00000    0.00000   100%   139 16930s
 9615936 3227759    0.00000  162   74    1.00000    0.00000   100%   139 16935s
 9618797 3228858    0.00000  157   22    1.00000    0.00000   100%   139 16940s
 9620715 3229118    0.00000  179   47    1.00000    0.00000   100%   139 16945s
 9621589 3229659    0.00000  159   64    1.00000    0.00000   100%   139 16951s
 9625600 3231259    0.00000  175   25    1.00000    0.00000   100%   139 16955s
 9626672 3233764    0.00000  167   51    1.00000    0.00000   100%   139 16966s
 9635120 3234473 infeasible  173         1.00000    0.00000   100%   139 16971s
 9637544 3235254 infeasible  186         1.00000    0.00000   100%   139 16975s
 9641466 3236422    0.00000  158   53    1.00000    0.00000   100%   139 16980s
 9644859 3237397    0.00000  165   60    1.00000    0.00000   100%   139 16985s
 9648538 3238567    0.00000  173   34    1.00000    0.00000   100%   139 16990s
 9653050 3240043 infeasible  196         1.00000    0.00000   100%   139 16995s
 9656405 3241222    0.00000  177   15    1.00000    0.00000   100%   139 17000s
 9660037 3242318    0.00000  162   86    1.00000    0.00000   100%   139 17005s
 9664251 3243649    0.00000  163   47    1.00000    0.00000   100%   139 17010s
 9666400 3244734 infeasible  167         1.00000    0.00000   100%   139 17015s
 9669533 3245963    0.00000  140   36    1.00000    0.00000   100%   139 17020s
 9673125 3247270 infeasible  177         1.00000    0.00000   100%   139 17025s
 9677511 3248664    0.00000  177   13    1.00000    0.00000   100%   139 17030s
 9680579 3249646    0.00000  186    9    1.00000    0.00000   100%   139 17035s
 9685011 3251220 infeasible  187         1.00000    0.00000   100%   139 17041s
 9686010 3253404 infeasible  175         1.00000    0.00000   100%   139 17059s
 9694010 3253448    0.00000  170  100    1.00000    0.00000   100%   139 17060s
 9695335 3254209    0.00000  158   69    1.00000    0.00000   100%   139 17065s
 9697747 3255146    0.00000  144   33    1.00000    0.00000   100%   139 17070s
 9702505 3256436 infeasible  167         1.00000    0.00000   100%   139 17075s
 9704725 3256972    0.00000  164   55    1.00000    0.00000   100%   139 17080s
 9707673 3258038    0.00000  177   17    1.00000    0.00000   100%   139 17085s
 9712057 3259557 infeasible  176         1.00000    0.00000   100%   139 17090s
 9715564 3260754 infeasible  168         1.00000    0.00000   100%   139 17096s
 9719050 3261917    0.00000  155   32    1.00000    0.00000   100%   139 17100s
 9723154 3263256    0.00000  173   57    1.00000    0.00000   100%   139 17105s
 9726124 3264074 infeasible  182         1.00000    0.00000   100%   139 17110s
 9729162 3264980    0.00000  167   12    1.00000    0.00000   100%   139 17115s
 9729995 3264984    0.00000  167   25    1.00000    0.00000   100%   139 17120s
 9730080 3265060    0.00000  161   94    1.00000    0.00000   100%   139 17125s
 9731119 3266289    0.00000  157   25    1.00000    0.00000   100%   139 17132s
 9734649 3266734 infeasible  167         1.00000    0.00000   100%   139 17135s
 9738144 3267895    0.00000  167   24    1.00000    0.00000   100%   139 17140s
 9741872 3268960 infeasible  170         1.00000    0.00000   100%   139 17145s
 9746572 3270379 infeasible  167         1.00000    0.00000   100%   139 17150s
 9747506 3270716 infeasible  169         1.00000    0.00000   100%   139 17155s
 9751219 3272393    0.00000  156   37    1.00000    0.00000   100%   139 17160s
 9755853 3273959 infeasible  177         1.00000    0.00000   100%   139 17165s
 9759583 3275532 infeasible  175         1.00000    0.00000   100%   139 17170s
 9764151 3276975 infeasible  186         1.00000    0.00000   100%   139 17175s
 9768205 3278165    0.00000  157   26    1.00000    0.00000   100%   139 17180s
 9770552 3279148    0.00000  177   40    1.00000    0.00000   100%   139 17185s
 9774738 3280587 infeasible  176         1.00000    0.00000   100%   139 17190s
 9775791 3281500    0.00000  167   12    1.00000    0.00000   100%   139 17195s
 9781069 3282459    0.00000  162   97    1.00000    0.00000   100%   139 17200s
 9785319 3283808    0.00000  158   25    1.00000    0.00000   100%   139 17205s
 9789127 3284579 infeasible  177         1.00000    0.00000   100%   139 17210s
 9790569 3285175    0.00000  166   19    1.00000    0.00000   100%   139 17215s
 9794105 3286066 infeasible  176         1.00000    0.00000   100%   139 17220s
 9798360 3287448    0.00000  180   46    1.00000    0.00000   100%   139 17225s
 9800826 3288202    0.00000  125   70    1.00000    0.00000   100%   139 17230s
 9802676 3288500    0.00000  130   36    1.00000    0.00000   100%   139 17238s
 9802687 3288503 infeasible  131         1.00000    0.00000   100%   139 17240s
 9804116 3289091    0.00000  147   19    1.00000    0.00000   100%   139 17246s
 9807747 3290288    0.00000  160   79    1.00000    0.00000   100%   139 17250s
 9810946 3290766    0.00000  157   17    1.00000    0.00000   100%   139 17255s
 9814216 3291864    0.00000  137   33    1.00000    0.00000   100%   139 17260s
 9818239 3293048    0.00000  134   50    1.00000    0.00000   100%   139 17266s
 9821173 3293672    0.00000  127   19    1.00000    0.00000   100%   139 17270s
 9823418 3294576 infeasible  135         1.00000    0.00000   100%   139 17275s
 9828292 3295560 infeasible  131         1.00000    0.00000   100%   139 17280s
 9831951 3296339    0.00000  156   29    1.00000    0.00000   100%   139 17285s
 9835271 3297348 infeasible  147         1.00000    0.00000   100%   139 17290s
 9839573 3298550    0.00000  164   41    1.00000    0.00000   100%   139 17295s
 9842645 3299289    0.00000  157   26    1.00000    0.00000   100%   139 17300s
 9845855 3300333 infeasible  137         1.00000    0.00000   100%   139 17305s
 9849104 3301496 infeasible  133         1.00000    0.00000   100%   139 17310s
 9851766 3302122 infeasible  128         1.00000    0.00000   100%   139 17315s
 9854983 3303079    0.00000  127   53    1.00000    0.00000   100%   139 17320s
 9858762 3304058 infeasible  125         1.00000    0.00000   100%   139 17325s
 9862359 3305000 infeasible  127         1.00000    0.00000   100%   139 17330s
 9864837 3305901    0.00000  145   86    1.00000    0.00000   100%   139 17335s
 9869155 3306751    0.00000  127   42    1.00000    0.00000   100%   139 17340s
 9871407 3307609    0.00000  124   25    1.00000    0.00000   100%   139 17345s
 9871968 3307623    0.00000  125   20    1.00000    0.00000   100%   139 17352s
 9871995 3307630    0.00000  162   17    1.00000    0.00000   100%   139 17356s
 9872581 3307944    0.00000  158   32    1.00000    0.00000   100%   139 17360s
 9875030 3308742    0.00000  164   60    1.00000    0.00000   100%   139 17365s
 9878608 3309637 infeasible  117         1.00000    0.00000   100%   139 17370s
 9882366 3310515 infeasible  137         1.00000    0.00000   100%   139 17375s
 9884648 3310980 infeasible  162         1.00000    0.00000   100%   139 17380s
 9887439 3312221 infeasible  123         1.00000    0.00000   100%   139 17385s
 9891065 3313507    0.00000  113   23    1.00000    0.00000   100%   139 17390s
 9894800 3314340    0.00000  119   75    1.00000    0.00000   100%   139 17395s
 9898583 3315634 infeasible  137         1.00000    0.00000   100%   139 17400s
 9900931 3316527    0.00000  131   61    1.00000    0.00000   100%   139 17405s
 9904724 3317868    0.00000  137   14    1.00000    0.00000   100%   139 17410s
 9907776 3318898    0.00000  104   42    1.00000    0.00000   100%   139 17415s
 9911522 3319661    0.00000  147   23    1.00000    0.00000   100%   139 17420s
 9913931 3320348    0.00000  128   26    1.00000    0.00000   100%   139 17425s
 9917248 3321318 infeasible  149         1.00000    0.00000   100%   139 17431s
 9920845 3322174    0.00000  127   12    1.00000    0.00000   100%   139 17435s
 9924192 3322969 infeasible  137         1.00000    0.00000   100%   139 17440s
 9926936 3323544    0.00000  128   40    1.00000    0.00000   100%   139 17445s
 9929181 3324389    0.00000  127   13    1.00000    0.00000   100%   139 17450s
 9934040 3325740    0.00000  127   32    1.00000    0.00000   100%   139 17456s
 9937427 3326452 infeasible  137         1.00000    0.00000   100%   139 17460s
 9939179 3327381 infeasible  137         1.00000    0.00000   100%   139 17465s
 9943521 3328598    0.00000  137   14    1.00000    0.00000   100%   139 17470s
 9943624 3328606    0.00000  139   23    1.00000    0.00000   100%   139 17476s
 9943656 3328645    0.00000  139   23    1.00000    0.00000   100%   139 17480s
 9945174 3329245    0.00000  134   52    1.00000    0.00000   100%   139 17485s
 9948244 3330116 infeasible  155         1.00000    0.00000   100%   139 17491s
 9951191 3331088 infeasible  148         1.00000    0.00000   100%   139 17495s
 9956124 3332265 infeasible  131         1.00000    0.00000   100%   139 17500s
 9958367 3332619    0.00000  121  102    1.00000    0.00000   100%   139 17505s
 9961939 3333723    0.00000  145   74    1.00000    0.00000   100%   139 17510s
 9965026 3334558 infeasible  149         1.00000    0.00000   100%   139 17515s
 9968777 3335405 infeasible  134         1.00000    0.00000   100%   139 17520s
 9968926 3336873    0.00000  136   94    1.00000    0.00000   100%   139 17526s
 9975858 3337553    0.00000  137   19    1.00000    0.00000   100%   139 17530s
 9978398 3338708    0.00000  125   46    1.00000    0.00000   100%   139 17535s
 9981121 3339448 infeasible  123         1.00000    0.00000   100%   139 17540s
 9984559 3340743    0.00000  114   30    1.00000    0.00000   100%   139 17545s
 9987688 3341457 infeasible  131         1.00000    0.00000   100%   139 17550s
 9989561 3342150    0.00000  128   56    1.00000    0.00000   100%   139 17555s
 9993336 3343016    0.00000  132   65    1.00000    0.00000   100%   139 17560s
 9996728 3343968 infeasible  149         1.00000    0.00000   100%   139 17565s
 9999027 3344859    0.00000  141   60    1.00000    0.00000   100%   139 17570s
 10002957 3345652    0.00000  145   93    1.00000    0.00000   100%   139 17576s
 10005783 3346708    0.00000  133  110    1.00000    0.00000   100%   139 17580s
 10009059 3347286    0.00000  142   46    1.00000    0.00000   100%   139 17585s
 10009095 3347330 infeasible  143         1.00000    0.00000   100%   139 17590s
 10011517 3348162    0.00000  148   20    1.00000    0.00000   100%   139 17596s
 10015395 3349319 infeasible  144         1.00000    0.00000   100%   139 17600s
 10017884 3349966    0.00000  149   36    1.00000    0.00000   100%   139 17605s
 10020988 3350854    0.00000  147   37    1.00000    0.00000   100%   139 17611s
 10023260 3351671    0.00000  117   16    1.00000    0.00000   100%   139 17615s
 10026729 3352990    0.00000  126   16    1.00000    0.00000   100%   139 17620s
 10030360 3354171 infeasible  137         1.00000    0.00000   100%   139 17625s
 10032696 3354783    0.00000  150   85    1.00000    0.00000   100%   139 17630s
 10036316 3355874    0.00000  133   53    1.00000    0.00000   100%   139 17635s
 10040876 3356990 infeasible  147         1.00000    0.00000   100%   139 17640s
 10043177 3357744    0.00000  154   84    1.00000    0.00000   100%   139 17646s
 10046185 3358661    0.00000  141   64    1.00000    0.00000   100%   139 17650s
 10051032 3360213    0.00000  152   53    1.00000    0.00000   100%   139 17655s
 10054269 3360954    0.00000  152   52    1.00000    0.00000   100%   139 17660s
 10057524 3362077    0.00000  139   53    1.00000    0.00000   100%   139 17665s
 10061104 3363052    0.00000  147   40    1.00000    0.00000   100%   139 17671s
 10063676 3363901 infeasible  167         1.00000    0.00000   100%   139 17675s
 10066634 3364709    0.00000  132   55    1.00000    0.00000   100%   139 17680s
 10069640 3365257    0.00000  147   46    1.00000    0.00000   100%   139 17685s
 10069669 3365275 infeasible  150         1.00000    0.00000   100%   139 17690s
 10070825 3365718    0.00000  126   14    1.00000    0.00000   100%   139 17695s
 10073139 3366399    0.00000  147   17    1.00000    0.00000   100%   139 17701s
 10075684 3367188    0.00000  142   19    1.00000    0.00000   100%   139 17705s
 10079870 3368545    0.00000  157   61    1.00000    0.00000   100%   139 17710s
 10083977 3370041    0.00000  111  102    1.00000    0.00000   100%   139 17715s
 10086960 3371052    0.00000  140   45    1.00000    0.00000   100%   139 17720s
 10090375 3372455 infeasible  143         1.00000    0.00000   100%   139 17725s
 10092983 3373008    0.00000  145   67    1.00000    0.00000   100%   139 17730s
 10096510 3373998    0.00000  124   64    1.00000    0.00000   100%   139 17735s
 10100480 3375542    0.00000  143   42    1.00000    0.00000   100%   139 17740s
 10104327 3376838    0.00000  141   80    1.00000    0.00000   100%   139 17745s
 10107783 3377988    0.00000  150   67    1.00000    0.00000   100%   139 17750s
 10111141 3378805 infeasible  147         1.00000    0.00000   100%   139 17755s
 10115754 3380187    0.00000  163   42    1.00000    0.00000   100%   139 17760s
 10117457 3383102    0.00000  130   22    1.00000    0.00000   100%   139 17774s
 10125157 3383644    0.00000  139   36    1.00000    0.00000   100%   139 17775s
 10129140 3384946 infeasible  145         1.00000    0.00000   100%   139 17780s
 10132467 3386089    0.00000  152   57    1.00000    0.00000   100%   139 17785s
 10134671 3386818    0.00000  149   51    1.00000    0.00000   100%   139 17790s
 10138237 3387753    0.00000  127   23    1.00000    0.00000   100%   139 17796s
 10138268 3387877    0.00000  130   61    1.00000    0.00000   100%   139 17801s
 10141212 3389005 infeasible  147         1.00000    0.00000   100%   139 17805s
 10145246 3389827    0.00000  147   18    1.00000    0.00000   100%   139 17810s
 10148012 3390892    0.00000  150   49    1.00000    0.00000   100%   139 17815s
 10152503 3391802    0.00000  142   22    1.00000    0.00000   100%   139 17820s
 10155438 3392485    0.00000  140   47    1.00000    0.00000   100%   139 17825s
 10158446 3393765    0.00000  142   37    1.00000    0.00000   100%   139 17830s
 10162345 3394843    0.00000  152   31    1.00000    0.00000   100%   139 17835s
 10166296 3395708 infeasible  145         1.00000    0.00000   100%   139 17840s
 10170530 3397132    0.00000  130   31    1.00000    0.00000   100%   139 17845s
 10174370 3398006    0.00000  142   67    1.00000    0.00000   100%   139 17850s
 10176272 3398803    0.00000  172   51    1.00000    0.00000   100%   139 17855s
 10179739 3400237    0.00000  123   78    1.00000    0.00000   100%   139 17860s
 10184169 3401546    0.00000  134   43    1.00000    0.00000   100%   139 17865s
 10187512 3402528    0.00000  140   41    1.00000    0.00000   100%   139 17870s
 10191251 3403575    0.00000  147   12    1.00000    0.00000   100%   139 17875s
 10194803 3405249 infeasible  139         1.00000    0.00000   100%   139 17880s
 10197663 3406348    0.00000  129   40    1.00000    0.00000   100%   139 17885s
 10201521 3407836    0.00000  134   83    1.00000    0.00000   100%   139 17890s
 10202448 3407838    0.00000  140   31    1.00000    0.00000   100%   139 17896s
 10202741 3408012    0.00000  132   67    1.00000    0.00000   100%   139 17900s
 10205800 3408982    0.00000  149   52    1.00000    0.00000   100%   139 17905s
 10208615 3410258    0.00000  141   31    1.00000    0.00000   100%   139 17910s
 10212241 3411659 infeasible  152         1.00000    0.00000   100%   139 17915s
 10217665 3413236    0.00000  158   59    1.00000    0.00000   100%   139 17920s
 10220354 3414057    0.00000  125   26    1.00000    0.00000   100%   139 17925s
 10224674 3415815 infeasible  147         1.00000    0.00000   100%   139 17930s
 10228918 3417340    0.00000  157   19    1.00000    0.00000   100%   139 17935s
 10232078 3418486    0.00000  140   39    1.00000    0.00000   100%   139 17940s
 10236353 3420048 infeasible  148         1.00000    0.00000   100%   139 17945s
 10239099 3420829    0.00000  144   37    1.00000    0.00000   100%   139 17950s
 10242813 3422070 infeasible  146         1.00000    0.00000   100%   139 17955s
 10246376 3423105    0.00000  143   46    1.00000    0.00000   100%   139 17960s
 10250651 3424147    0.00000  131   28    1.00000    0.00000   100%   139 17965s
 10254455 3425549 infeasible  139         1.00000    0.00000   100%   139 17970s
 10257352 3426357 infeasible  134         1.00000    0.00000   100%   139 17975s
 10261001 3427220    0.00000  147   69    1.00000    0.00000   100%   139 17980s
 10261691 3427230    0.00000  141   80    1.00000    0.00000   100%   139 17985s
 10261723 3427285    0.00000  143   85    1.00000    0.00000   100%   139 17991s
 10264336 3428254    0.00000  147   33    1.00000    0.00000   100%   139 17995s
 10267272 3428837    0.00000  141   52    1.00000    0.00000   100%   139 18000s

Cutting planes:
  Gomory: 1
  Cover: 1
  MIR: 1
  Flow cover: 3
  GUB cover: 1
  RLT: 1

Explored 10267770 nodes (1430708971 simplex iterations) in 18000.02 seconds (40147.97 work units)
Thread count was 8 (of 192 available processors)

Solution count 9: 1 2 3 ... 10

Time limit reached
Best objective 1.000000000000e+00, best bound 0.000000000000e+00, gap 100.0000%

User-callback calls 5510602, time in user-callback 3.47 sec

Remaining value of each indicator
obj_rho = 270
obj_lambda = 5
obj_phi = 1
✅ Solution trouvée (status: TIME_LIMIT)
🎯 Objective global: 1.0
⏱️ Time used: 18000.02

✈️ Paths for each aircraft:
🛩️ Aircraft N121 path (49 nodes): s_(u=0.0, v=0.0, w=0.0) ➡️  N121_(u=5810.0, v=76.0, w=11.0) ➡️  HTY_ESB_31920_31995_(u=5885.0, v=77.0, w=12.0) ➡️  ESB_ADB_32490_32570_(u=80.0, v=0.0, w=1.0) ➡️  ADB_ESB_32605_32680_(u=155.0, v=1.0, w=1.0) ➡️  ESB_MLX_32860_32935_(u=230.0, v=2.0, w=1.0) ➡️  MLX_ESB_33360_33435_(u=305.0, v=3.0, w=2.0) ➡️  ESB_AJI_33490_33585_(u=400.0, v=4.0, w=2.0) ➡️  AJI_ESB_33620_33725_(u=505.0, v=5.0, w=2.0) ➡️  ESB_MQM_33770_33865_(u=600.0, v=6.0, w=2.0) ➡️  MQM_ESB_33900_33995_(u=695.0, v=7.0, w=2.0) ➡️  ESB_ADA_34080_34140_(u=755.0, v=8.0, w=2.0) ➡️  ADA_ESB_34180_34245_(u=820.0, v=9.0, w=2.0) ➡️  ESB_ECN_34305_34375_(u=890.0, v=10.0, w=2.0) ➡️  ECN_ESB_34800_34870_(u=960.0, v=11.0, w=3.0) ➡️  ESB_AYT_35100_35165_(u=1025.0, v=12.0, w=3.0) ➡️  AYT_ESB_35200_35265_(u=1090.0, v=13.0, w=3.0) ➡️  ESB_ADB_35370_35450_(u=1170.0, v=14.0, w=3.0) ➡️  ADB_ESB_35485_35560_(u=1245.0, v=15.0, w=3.0) ➡️  ESB_ECN_35745_35815_(u=1315.0, v=16.0, w=3.0) ➡️  ECN_ESB_36240_36310_(u=1385.0, v=17.0, w=4.0) ➡️  ESB_AJI_36370_36465_(u=1480.0, v=18.0, w=4.0) ➡️  AJI_ESB_36500_36605_(u=1585.0, v=19.0, w=4.0) ➡️  ESB_MQM_36650_36745_(u=1680.0, v=20.0, w=4.0) ➡️  MQM_ESB_36780_36875_(u=1775.0, v=21.0, w=4.0) ➡️  ESB_ADA_36960_37020_(u=1835.0, v=22.0, w=4.0) ➡️  ADA_ESB_37060_37125_(u=1900.0, v=23.0, w=4.0) ➡️  ESB_YEI_37195_37255_(u=1960.0, v=24.0, w=4.0) ➡️  YEI_ESB_37680_37740_(u=2020.0, v=25.0, w=5.0) ➡️  ESB_BAL_37825_37915_(u=2110.0, v=26.0, w=5.0) ➡️  BAL_ESB_37950_38045_(u=2205.0, v=27.0, w=5.0) ➡️  ESB_ERC_38130_38210_(u=2285.0, v=28.0, w=5.0) ➡️  ERC_ESB_38245_38325_(u=2365.0, v=29.0, w=5.0) ➡️  ESB_SZF_38420_38480_(u=2425.0, v=30.0, w=5.0) ➡️  SZF_ESB_38515_38575_(u=2485.0, v=31.0, w=5.0) ➡️  ESB_YEI_38635_38695_(u=2545.0, v=32.0, w=5.0) ➡️  YEI_ESB_39120_39180_(u=2605.0, v=33.0, w=6.0) ➡️  ESB_BAL_39265_39355_(u=2695.0, v=34.0, w=6.0) ➡️  BAL_ESB_39390_39485_(u=2790.0, v=35.0, w=6.0) ➡️  ESB_EZS_39555_39630_(u=2865.0, v=36.0, w=6.0) ➡️  EZS_ESB_39665_39745_(u=2945.0, v=37.0, w=6.0) ➡️  ESB_GNY_39820_39895_(u=3020.0, v=38.0, w=6.0) ➡️  GNY_ESB_39930_40010_(u=3100.0, v=39.0, w=6.0) ➡️  ESB_HTY_40070_40150_(u=3180.0, v=40.0, w=6.0) ➡️  HTY_ESB_40560_40635_(u=3255.0, v=41.0, w=7.0) ➡️  ESB_BAL_40705_40795_(u=3345.0, v=42.0, w=7.0) ➡️  BAL_ESB_40830_40925_(u=3440.0, v=43.0, w=7.0) ➡️  ESB_MQM_40970_41065_(u=3535.0, v=44.0, w=7.0) ➡️  MQM_ESB_41100_41195_(u=3630.0, v=45.0, w=7.0) ➡️  ESB_SZF_41300_41360_(u=3690.0, v=46.0, w=7.0) ➡️  SZF_ESB_41395_41455_(u=3750.0, v=47.0, w=7.0) ➡️  t_(u=0.0, v=0.0, w=0.0)

🛩️ Aircraft N122 path (38 nodes): s_(u=0.0, v=0.0, w=0.0) ➡️  N122_(u=4580.0, v=60.0, w=9.0) ➡️  SAW_TZX_32145_32245_(u=4680.0, v=61.0, w=9.0) ➡️  TZX_SAW_32280_32385_(u=4785.0, v=62.0, w=9.0) ➡️  SAW_ASR_32655_32740_(u=4870.0, v=63.0, w=9.0) ➡️  ASR_SAW_32775_32865_(u=4960.0, v=64.0, w=9.0) ➡️  SAW_ESB_33420_33480_(u=5020.0, v=65.0, w=10.0) ➡️  ESB_MLX_34300_34375_(u=5095.0, v=66.0, w=10.0) ➡️  MLX_ESB_34800_34875_(u=5170.0, v=67.0, w=11.0) ➡️  ESB_TZX_34920_35000_(u=5250.0, v=68.0, w=11.0) ➡️  TZX_ESB_35035_35115_(u=5330.0, v=69.0, w=11.0) ➡️  ESB_SAW_35160_35220_(u=5390.0, v=70.0, w=11.0) ➡️  SAW_AYT_35265_35330_(u=5455.0, v=71.0, w=11.0) ➡️  AYT_SAW_35370_35435_(u=5520.0, v=72.0, w=11.0) ➡️  SAW_ASR_35535_35620_(u=5605.0, v=73.0, w=11.0) ➡️  ASR_SAW_35655_35745_(u=5695.0, v=74.0, w=11.0) ➡️  SAW_VAS_36690_36770_(u=5775.0, v=75.0, w=12.0) ➡️  VAS_SAW_36805_36885_(u=5855.0, v=76.0, w=12.0) ➡️  SAW_KYA_36990_37060_(u=5925.0, v=77.0, w=12.0) ➡️  KYA_SAW_37095_37165_(u=5995.0, v=78.0, w=12.0) ➡️  SAW_ESB_37740_37800_(u=60.0, v=1.0, w=1.0) ➡️  ESB_VAN_37885_37980_(u=155.0, v=2.0, w=1.0) ➡️  VAN_ESB_38015_38120_(u=260.0, v=3.0, w=1.0) ➡️  ESB_SAW_38160_38220_(u=320.0, v=4.0, w=1.0) ➡️  SAW_ESB_38280_38340_(u=380.0, v=5.0, w=1.0) ➡️  ESB_ADA_38400_38460_(u=440.0, v=6.0, w=1.0) ➡️  ADA_ESB_38500_38565_(u=505.0, v=7.0, w=1.0) ➡️  ESB_HTY_38630_38710_(u=585.0, v=8.0, w=1.0) ➡️  HTY_ESB_39120_39195_(u=660.0, v=9.0, w=2.0) ➡️  ESB_MQM_39530_39625_(u=755.0, v=10.0, w=2.0) ➡️  MQM_ESB_39660_39755_(u=850.0, v=11.0, w=2.0) ➡️  ESB_SZF_39860_39920_(u=910.0, v=12.0, w=2.0) ➡️  SZF_ESB_39955_40015_(u=970.0, v=13.0, w=2.0) ➡️  ESB_YEI_40075_40135_(u=1030.0, v=14.0, w=2.0) ➡️  YEI_ESB_40560_40620_(u=1090.0, v=15.0, w=3.0) ➡️  ESB_VAN_40765_40860_(u=1185.0, v=16.0, w=3.0) ➡️  VAN_ESB_40895_41000_(u=1290.0, v=17.0, w=3.0) ➡️  ESB_SAW_41040_41100_(u=1350.0, v=18.0, w=3.0) ➡️  SAW_ADB_41250_41310_(u=1410.0, v=19.0, w=3.0) ➡️  ADB_SAW_41345_41405_(u=1470.0, v=20.0, w=3.0) ➡️  t_(u=0.0, v=0.0, w=0.0)

🛩️ Aircraft N123 path (34 nodes): s_(u=0.0, v=0.0, w=0.0) ➡️  N123_(u=4155.0, v=54.0, w=8.0) ➡️  ECN_ESB_31920_31990_(u=4225.0, v=55.0, w=8.0) ➡️  ESB_SAW_32040_32100_(u=4285.0, v=56.0, w=8.0) ➡️  SAW_VAS_32370_32450_(u=4365.0, v=57.0, w=8.0) ➡️  VAS_SAW_32485_32565_(u=4445.0, v=58.0, w=8.0) ➡️  SAW_KYA_32670_32740_(u=4515.0, v=59.0, w=8.0) ➡️  KYA_SAW_32775_32845_(u=4585.0, v=60.0, w=8.0) ➡️  SAW_VAS_33810_33890_(u=4665.0, v=61.0, w=9.0) ➡️  VAS_SAW_33925_34005_(u=4745.0, v=62.0, w=9.0) ➡️  SAW_NAJ_35030_35170_(u=4885.0, v=63.0, w=10.0) ➡️  NAJ_SAW_35235_35390_(u=5040.0, v=64.0, w=10.0) ➡️  SAW_ADB_35490_35550_(u=5100.0, v=65.0, w=10.0) ➡️  ADB_SAW_35585_35645_(u=5160.0, v=66.0, w=10.0) ➡️  SAW_ESB_36300_36360_(u=5220.0, v=67.0, w=11.0) ➡️  ESB_VAN_36445_36540_(u=5315.0, v=68.0, w=11.0) ➡️  VAN_ESB_36575_36680_(u=5420.0, v=69.0, w=11.0) ➡️  ESB_ADB_36810_36890_(u=5500.0, v=70.0, w=11.0) ➡️  ADB_ESB_36925_37000_(u=5575.0, v=71.0, w=11.0) ➡️  ESB_ECN_37185_37255_(u=5645.0, v=72.0, w=11.0) ➡️  ECN_ESB_37680_37750_(u=5715.0, v=73.0, w=12.0) ➡️  ESB_AYT_37980_38045_(u=5780.0, v=74.0, w=12.0) ➡️  AYT_ESB_38080_38145_(u=5845.0, v=75.0, w=12.0) ➡️  ESB_ADB_38250_38330_(u=5925.0, v=76.0, w=12.0) ➡️  ADB_ESB_38365_38440_(u=6000.0, v=77.0, w=12.0) ➡️  ESB_ERC_39570_39650_(u=80.0, v=0.0, w=1.0) ➡️  ERC_ESB_39685_39765_(u=160.0, v=1.0, w=1.0) ➡️  ESB_MLX_40060_40135_(u=235.0, v=2.0, w=1.0) ➡️  MLX_ESB_40560_40635_(u=310.0, v=3.0, w=2.0) ➡️  ESB_AJI_40690_40785_(u=405.0, v=4.0, w=2.0) ➡️  AJI_ESB_40820_40925_(u=510.0, v=5.0, w=2.0) ➡️  ESB_ERC_41010_41090_(u=590.0, v=6.0, w=2.0) ➡️  ERC_ESB_41125_41205_(u=670.0, v=7.0, w=2.0) ➡️  ESB_GNY_41260_41335_(u=745.0, v=8.0, w=2.0) ➡️  GNY_ESB_41370_41450_(u=825.0, v=9.0, w=2.0) ➡️  ESB_YEI_41515_41575_(u=885.0, v=10.0, w=2.0) ➡️  t_(u=0.0, v=0.0, w=0.0)

🛩️ Aircraft N124 path (44 nodes): s_(u=0.0, v=0.0, w=0.0) ➡️  N124_(u=3875.0, v=50.0, w=8.0) ➡️  YEI_ESB_31920_31980_(u=3935.0, v=51.0, w=8.0) ➡️  ESB_TZX_32040_32120_(u=4015.0, v=52.0, w=8.0) ➡️  TZX_ESB_32155_32235_(u=4095.0, v=53.0, w=8.0) ➡️  ESB_MQM_32330_32425_(u=4190.0, v=54.0, w=8.0) ➡️  MQM_ESB_32460_32555_(u=4285.0, v=55.0, w=8.0) ➡️  ESB_ADA_32640_32700_(u=4345.0, v=56.0, w=8.0) ➡️  ADA_ESB_32740_32805_(u=4410.0, v=57.0, w=8.0) ➡️  ESB_SAW_33480_33540_(u=4470.0, v=58.0, w=9.0) ➡️  SAW_TZX_33585_33685_(u=4570.0, v=59.0, w=9.0) ➡️  TZX_SAW_33720_33825_(u=4675.0, v=60.0, w=9.0) ➡️  SAW_ESB_33960_34020_(u=4735.0, v=61.0, w=9.0) ➡️  ESB_SZF_34100_34160_(u=4795.0, v=62.0, w=9.0) ➡️  SZF_ESB_34195_34255_(u=4855.0, v=63.0, w=9.0) ➡️  ESB_SAW_34920_34980_(u=4915.0, v=64.0, w=10.0) ➡️  SAW_ESB_35040_35100_(u=4975.0, v=65.0, w=10.0) ➡️  ESB_MQM_35210_35305_(u=5070.0, v=66.0, w=10.0) ➡️  MQM_ESB_35340_35435_(u=5165.0, v=67.0, w=10.0) ➡️  ESB_SZF_35540_35600_(u=5225.0, v=68.0, w=10.0) ➡️  SZF_ESB_35635_35695_(u=5285.0, v=69.0, w=10.0) ➡️  ESB_MLX_35740_35815_(u=5360.0, v=70.0, w=10.0) ➡️  MLX_ESB_36240_36315_(u=5435.0, v=71.0, w=11.0) ➡️  ESB_BAL_36385_36475_(u=5525.0, v=72.0, w=11.0) ➡️  BAL_ESB_36510_36605_(u=5620.0, v=73.0, w=11.0) ➡️  ESB_SAW_36720_36780_(u=5680.0, v=74.0, w=11.0) ➡️  SAW_ESB_36840_36900_(u=5740.0, v=75.0, w=11.0) ➡️  ESB_GNY_36940_37015_(u=5815.0, v=76.0, w=11.0) ➡️  GNY_ESB_37050_37130_(u=5895.0, v=77.0, w=11.0) ➡️  ESB_TZX_37800_37880_(u=80.0, v=0.0, w=1.0) ➡️  TZX_ESB_37915_37995_(u=160.0, v=1.0, w=1.0) ➡️  ESB_ECN_38100_38170_(u=230.0, v=2.0, w=1.0) ➡️  ECN_HTY_38280_38345_(u=295.0, v=3.0, w=1.0) ➡️  HTY_ECN_38385_38450_(u=360.0, v=4.0, w=1.0) ➡️  ECN_ESB_38495_38565_(u=430.0, v=5.0, w=1.0) ➡️  ESB_MLX_38620_38695_(u=505.0, v=6.0, w=1.0) ➡️  MLX_ESB_39120_39195_(u=580.0, v=7.0, w=2.0) ➡️  ESB_VAN_39325_39420_(u=675.0, v=8.0, w=2.0) ➡️  VAN_ESB_39455_39560_(u=780.0, v=9.0, w=2.0) ➡️  ESB_ADB_39690_39770_(u=860.0, v=10.0, w=2.0) ➡️  ADB_ESB_39805_39880_(u=935.0, v=11.0, w=2.0) ➡️  ESB_AYT_40860_40925_(u=1000.0, v=12.0, w=3.0) ➡️  AYT_ESB_40960_41025_(u=1065.0, v=13.0, w=3.0) ➡️  ESB_ADB_41130_41210_(u=1145.0, v=14.0, w=3.0) ➡️  ADB_ESB_41245_41320_(u=1220.0, v=15.0, w=3.0) ➡️  ESB_HTY_41510_41590_(u=1300.0, v=16.0, w=3.0) ➡️  t_(u=0.0, v=0.0, w=0.0)

🛩️ Aircraft N125 path (37 nodes): s_(u=0.0, v=0.0, w=0.0) ➡️  N125_(u=3485.0, v=45.0, w=7.0) ➡️  ESB_AJI_32050_32145_(u=3580.0, v=46.0, w=7.0) ➡️  AJI_ESB_32180_32285_(u=3685.0, v=47.0, w=7.0) ➡️  ESB_ECN_32340_32410_(u=3755.0, v=48.0, w=7.0) ➡️  ECN_HTY_32520_32585_(u=3820.0, v=49.0, w=7.0) ➡️  HTY_ECN_32625_32690_(u=3885.0, v=50.0, w=7.0) ➡️  ECN_ESB_32735_32805_(u=3955.0, v=51.0, w=7.0) ➡️  ESB_HTY_32870_32950_(u=4035.0, v=52.0, w=7.0) ➡️  HTY_ESB_33360_33435_(u=4110.0, v=53.0, w=8.0) ➡️  ESB_BAL_33505_33595_(u=4200.0, v=54.0, w=8.0) ➡️  BAL_ESB_33630_33725_(u=4295.0, v=55.0, w=8.0) ➡️  ESB_ADB_33930_34010_(u=4375.0, v=56.0, w=8.0) ➡️  ADB_ESB_34045_34120_(u=4450.0, v=57.0, w=8.0) ➡️  ESB_YEI_34315_34375_(u=4510.0, v=58.0, w=8.0) ➡️  YEI_ESB_34800_34860_(u=4570.0, v=59.0, w=9.0) ➡️  ESB_BAL_34945_35035_(u=4660.0, v=60.0, w=9.0) ➡️  BAL_ESB_35070_35165_(u=4755.0, v=61.0, w=9.0) ➡️  ESB_ECN_35220_35290_(u=4825.0, v=62.0, w=9.0) ➡️  ECN_HTY_35400_35465_(u=4890.0, v=63.0, w=9.0) ➡️  HTY_ECN_35505_35570_(u=4955.0, v=64.0, w=9.0) ➡️  ECN_ESB_35615_35685_(u=5025.0, v=65.0, w=9.0) ➡️  ESB_SAW_36360_36420_(u=5085.0, v=66.0, w=10.0) ➡️  SAW_TZX_36465_36565_(u=5185.0, v=67.0, w=10.0) ➡️  TZX_SAW_36600_36705_(u=5290.0, v=68.0, w=10.0) ➡️  SAW_ASR_36975_37060_(u=5375.0, v=69.0, w=10.0) ➡️  ASR_SAW_37095_37185_(u=5465.0, v=70.0, w=10.0) ➡️  SAW_ESB_37920_37980_(u=5525.0, v=71.0, w=11.0) ➡️  ESB_SAW_38040_38100_(u=5585.0, v=72.0, w=11.0) ➡️  SAW_AYT_38145_38210_(u=5650.0, v=73.0, w=11.0) ➡️  AYT_SAW_38250_38315_(u=5715.0, v=74.0, w=11.0) ➡️  SAW_ADB_38370_38430_(u=5775.0, v=75.0, w=11.0) ➡️  ADB_SAW_38465_38525_(u=5835.0, v=76.0, w=11.0) ➡️  SAW_ESB_39360_39420_(u=5895.0, v=77.0, w=12.0) ➡️  ESB_SAW_39600_39660_(u=5955.0, v=78.0, w=12.0) ➡️  SAW_VAS_41010_41090_(u=80.0, v=1.0, w=1.0) ➡️  VAS_SAW_41125_41205_(u=160.0, v=2.0, w=1.0) ➡️  SAW_KYA_41310_41380_(u=230.0, v=3.0, w=1.0) ➡️  KYA_SAW_41415_41485_(u=300.0, v=4.0, w=1.0) ➡️  t_(u=0.0, v=0.0, w=0.0)

🛩️ Aircraft N126 path (48 nodes): s_(u=0.0, v=0.0, w=0.0) ➡️  N126_(u=0.0, v=0.0, w=1.0) ➡️  SAW_ESB_31980_32040_(u=60.0, v=1.0, w=1.0) ➡️  ESB_VAN_32125_32220_(u=155.0, v=2.0, w=1.0) ➡️  VAN_ESB_32255_32360_(u=260.0, v=3.0, w=1.0) ➡️  ESB_SAW_32400_32460_(u=320.0, v=4.0, w=1.0) ➡️  SAW_ESB_32520_32580_(u=380.0, v=5.0, w=1.0) ➡️  ESB_GNY_32620_32695_(u=455.0, v=6.0, w=1.0) ➡️  GNY_ESB_32730_32810_(u=535.0, v=7.0, w=1.0) ➡️  ESB_YEI_32875_32935_(u=595.0, v=8.0, w=1.0) ➡️  YEI_ESB_33360_33420_(u=655.0, v=9.0, w=2.0) ➡️  ESB_VAN_33565_33660_(u=750.0, v=10.0, w=2.0) ➡️  VAN_ESB_33695_33800_(u=855.0, v=11.0, w=2.0) ➡️  ESB_SAW_33840_33900_(u=915.0, v=12.0, w=2.0) ➡️  SAW_ADB_34050_34110_(u=975.0, v=13.0, w=2.0) ➡️  ADB_SAW_34145_34205_(u=1035.0, v=14.0, w=2.0) ➡️  SAW_ADB_34800_34860_(u=1095.0, v=15.0, w=3.0) ➡️  ADB_SAW_34895_34955_(u=1155.0, v=16.0, w=3.0) ➡️  SAW_TZX_35025_35125_(u=1255.0, v=17.0, w=3.0) ➡️  TZX_SAW_35160_35265_(u=1360.0, v=18.0, w=3.0) ➡️  SAW_ESB_35400_35460_(u=1420.0, v=19.0, w=3.0) ➡️  ESB_ADA_35520_35580_(u=1480.0, v=20.0, w=3.0) ➡️  ADA_ESB_35620_35685_(u=1545.0, v=21.0, w=3.0) ➡️  ESB_HTY_35750_35830_(u=1625.0, v=22.0, w=3.0) ➡️  HTY_ESB_36240_36315_(u=1700.0, v=23.0, w=4.0) ➡️  ESB_TZX_36360_36440_(u=1780.0, v=24.0, w=4.0) ➡️  TZX_ESB_36475_36555_(u=1860.0, v=25.0, w=4.0) ➡️  ESB_SAW_36600_36660_(u=1920.0, v=26.0, w=4.0) ➡️  SAW_AYT_36705_36770_(u=1985.0, v=27.0, w=4.0) ➡️  AYT_SAW_36810_36875_(u=2050.0, v=28.0, w=4.0) ➡️  SAW_ADB_36930_36990_(u=2110.0, v=29.0, w=4.0) ➡️  ADB_SAW_37025_37085_(u=2170.0, v=30.0, w=4.0) ➡️  SAW_ADB_37680_37740_(u=2230.0, v=31.0, w=5.0) ➡️  ADB_SAW_37775_37835_(u=2290.0, v=32.0, w=5.0) ➡️  SAW_VAS_38130_38210_(u=2370.0, v=33.0, w=5.0) ➡️  VAS_SAW_38245_38325_(u=2450.0, v=34.0, w=5.0) ➡️  SAW_KYA_38430_38500_(u=2520.0, v=35.0, w=5.0) ➡️  KYA_SAW_38535_38605_(u=2590.0, v=36.0, w=5.0) ➡️  SAW_NAJ_39350_39490_(u=2730.0, v=37.0, w=6.0) ➡️  NAJ_SAW_39555_39710_(u=2885.0, v=38.0, w=6.0) ➡️  SAW_ASR_39855_39940_(u=2970.0, v=39.0, w=6.0) ➡️  ASR_SAW_39975_40065_(u=3060.0, v=40.0, w=6.0) ➡️  SAW_ADB_40560_40620_(u=3120.0, v=41.0, w=7.0) ➡️  ADB_SAW_40655_40715_(u=3180.0, v=42.0, w=7.0) ➡️  SAW_TZX_40785_40885_(u=3280.0, v=43.0, w=7.0) ➡️  TZX_SAW_40920_41025_(u=3385.0, v=44.0, w=7.0) ➡️  SAW_ESB_41160_41220_(u=3445.0, v=45.0, w=7.0) ➡️  ESB_ADA_41280_41340_(u=3505.0, v=46.0, w=7.0) ➡️  ADA_ESB_41380_41445_(u=3570.0, v=47.0, w=7.0) ➡️  ESB_MLX_41500_41575_(u=3645.0, v=48.0, w=7.0) ➡️  t_(u=0.0, v=0.0, w=0.0)

🛩️ Aircraft N127 path (52 nodes): s_(u=0.0, v=0.0, w=0.0) ➡️  N127_(u=0.0, v=0.0, w=1.0) ➡️  SAW_ADB_31920_31980_(u=60.0, v=1.0, w=1.0) ➡️  ADB_SAW_32015_32075_(u=120.0, v=2.0, w=1.0) ➡️  SAW_ESB_32160_32220_(u=180.0, v=3.0, w=1.0) ➡️  ESB_SAW_32280_32340_(u=240.0, v=4.0, w=1.0) ➡️  SAW_AYT_32385_32450_(u=305.0, v=5.0, w=1.0) ➡️  AYT_SAW_32490_32555_(u=370.0, v=6.0, w=1.0) ➡️  SAW_ADB_32610_32670_(u=430.0, v=7.0, w=1.0) ➡️  ADB_SAW_32705_32765_(u=490.0, v=8.0, w=1.0) ➡️  SAW_ADB_33360_33420_(u=550.0, v=9.0, w=2.0) ➡️  ADB_SAW_33455_33515_(u=610.0, v=10.0, w=2.0) ➡️  SAW_ESB_33600_33660_(u=670.0, v=11.0, w=2.0) ➡️  ESB_SAW_33720_33780_(u=730.0, v=12.0, w=2.0) ➡️  SAW_AYT_33825_33890_(u=795.0, v=13.0, w=2.0) ➡️  AYT_SAW_33930_33995_(u=860.0, v=14.0, w=2.0) ➡️  SAW_ASR_34095_34180_(u=945.0, v=15.0, w=2.0) ➡️  ASR_SAW_34215_34305_(u=1035.0, v=16.0, w=2.0) ➡️  SAW_ESB_34860_34920_(u=1095.0, v=17.0, w=3.0) ➡️  ESB_VAN_35005_35100_(u=1190.0, v=18.0, w=3.0) ➡️  VAN_ESB_35135_35240_(u=1295.0, v=19.0, w=3.0) ➡️  ESB_SAW_35280_35340_(u=1355.0, v=20.0, w=3.0) ➡️  SAW_KYA_35550_35620_(u=1425.0, v=21.0, w=3.0) ➡️  KYA_SAW_35655_35725_(u=1495.0, v=22.0, w=3.0) ➡️  SAW_ADB_36240_36300_(u=1555.0, v=23.0, w=4.0) ➡️  ADB_SAW_36335_36395_(u=1615.0, v=24.0, w=4.0) ➡️  SAW_ESB_36480_36540_(u=1675.0, v=25.0, w=4.0) ➡️  ESB_ECN_36660_36730_(u=1745.0, v=26.0, w=4.0) ➡️  ECN_HTY_36840_36905_(u=1810.0, v=27.0, w=4.0) ➡️  HTY_ECN_36945_37010_(u=1875.0, v=28.0, w=4.0) ➡️  ECN_ESB_37055_37125_(u=1945.0, v=29.0, w=4.0) ➡️  ESB_MLX_37180_37255_(u=2020.0, v=30.0, w=4.0) ➡️  MLX_ESB_37680_37755_(u=2095.0, v=31.0, w=5.0) ➡️  ESB_SAW_37800_37860_(u=2155.0, v=32.0, w=5.0) ➡️  SAW_TZX_37905_38005_(u=2255.0, v=33.0, w=5.0) ➡️  TZX_SAW_38040_38145_(u=2360.0, v=34.0, w=5.0) ➡️  SAW_ASR_38415_38500_(u=2445.0, v=35.0, w=5.0) ➡️  ASR_SAW_38535_38625_(u=2535.0, v=36.0, w=5.0) ➡️  SAW_ADB_39120_39180_(u=2595.0, v=37.0, w=6.0) ➡️  ADB_SAW_39215_39275_(u=2655.0, v=38.0, w=6.0) ➡️  SAW_TZX_39345_39445_(u=2755.0, v=39.0, w=6.0) ➡️  TZX_SAW_39480_39585_(u=2860.0, v=40.0, w=6.0) ➡️  SAW_ESB_39720_39780_(u=2920.0, v=41.0, w=6.0) ➡️  ESB_ADA_39840_39900_(u=2980.0, v=42.0, w=6.0) ➡️  ADA_ESB_39940_40005_(u=3045.0, v=43.0, w=6.0) ➡️  ESB_ECN_40065_40135_(u=3115.0, v=44.0, w=6.0) ➡️  ECN_ESB_40560_40630_(u=3185.0, v=45.0, w=7.0) ➡️  ESB_TZX_40680_40760_(u=3265.0, v=46.0, w=7.0) ➡️  TZX_ESB_40795_40875_(u=3345.0, v=47.0, w=7.0) ➡️  ESB_ECN_40980_41050_(u=3415.0, v=48.0, w=7.0) ➡️  ECN_HTY_41160_41225_(u=3480.0, v=49.0, w=7.0) ➡️  HTY_ECN_41265_41330_(u=3545.0, v=50.0, w=7.0) ➡️  ECN_ESB_41375_41445_(u=3615.0, v=51.0, w=7.0) ➡️  ESB_ECN_41505_41575_(u=3685.0, v=52.0, w=7.0) ➡️  t_(u=0.0, v=0.0, w=0.0)

🛩️ Aircraft N128 path (52 nodes): s_(u=0.0, v=0.0, w=0.0) ➡️  N128_(u=0.0, v=0.0, w=1.0) ➡️  MLX_ESB_31920_31995_(u=75.0, v=1.0, w=1.0) ➡️  ESB_BAL_32065_32155_(u=165.0, v=2.0, w=1.0) ➡️  BAL_ESB_32190_32285_(u=260.0, v=3.0, w=1.0) ➡️  ESB_ERC_32370_32450_(u=340.0, v=4.0, w=1.0) ➡️  ERC_ESB_32485_32565_(u=420.0, v=5.0, w=1.0) ➡️  ESB_SZF_32660_32720_(u=480.0, v=6.0, w=1.0) ➡️  SZF_ESB_32755_32815_(u=540.0, v=7.0, w=1.0) ➡️  ESB_ECN_32865_32935_(u=610.0, v=8.0, w=1.0) ➡️  ECN_ESB_33360_33430_(u=680.0, v=9.0, w=2.0) ➡️  ESB_TZX_33480_33560_(u=760.0, v=10.0, w=2.0) ➡️  TZX_ESB_33595_33675_(u=840.0, v=11.0, w=2.0) ➡️  ESB_ERC_33810_33890_(u=920.0, v=12.0, w=2.0) ➡️  ERC_ESB_33925_34005_(u=1000.0, v=13.0, w=2.0) ➡️  ESB_GNY_34060_34135_(u=1075.0, v=14.0, w=2.0) ➡️  GNY_ESB_34170_34250_(u=1155.0, v=15.0, w=2.0) ➡️  ESB_HTY_34310_34390_(u=1235.0, v=16.0, w=2.0) ➡️  HTY_ESB_34800_34875_(u=1310.0, v=17.0, w=3.0) ➡️  ESB_AJI_34930_35025_(u=1405.0, v=18.0, w=3.0) ➡️  AJI_ESB_35060_35165_(u=1510.0, v=19.0, w=3.0) ➡️  ESB_ERC_35250_35330_(u=1590.0, v=20.0, w=3.0) ➡️  ERC_ESB_35365_35445_(u=1670.0, v=21.0, w=3.0) ➡️  ESB_GNY_35500_35575_(u=1745.0, v=22.0, w=3.0) ➡️  GNY_ESB_35610_35690_(u=1825.0, v=23.0, w=3.0) ➡️  ESB_YEI_35755_35815_(u=1885.0, v=24.0, w=3.0) ➡️  YEI_ESB_36240_36300_(u=1945.0, v=25.0, w=4.0) ➡️  ESB_ERC_36690_36770_(u=2025.0, v=26.0, w=4.0) ➡️  ERC_ESB_36805_36885_(u=2105.0, v=27.0, w=4.0) ➡️  ESB_SZF_36980_37040_(u=2165.0, v=28.0, w=4.0) ➡️  SZF_ESB_37075_37135_(u=2225.0, v=29.0, w=4.0) ➡️  ESB_HTY_37190_37270_(u=2305.0, v=30.0, w=4.0) ➡️  HTY_ESB_37680_37755_(u=2380.0, v=31.0, w=5.0) ➡️  ESB_AJI_37810_37905_(u=2475.0, v=32.0, w=5.0) ➡️  AJI_ESB_37940_38045_(u=2580.0, v=33.0, w=5.0) ➡️  ESB_MQM_38090_38185_(u=2675.0, v=34.0, w=5.0) ➡️  MQM_ESB_38220_38315_(u=2770.0, v=35.0, w=5.0) ➡️  ESB_GNY_38380_38455_(u=2845.0, v=36.0, w=5.0) ➡️  GNY_ESB_38490_38570_(u=2925.0, v=37.0, w=5.0) ➡️  ESB_ECN_38625_38695_(u=2995.0, v=38.0, w=5.0) ➡️  ECN_ESB_39120_39190_(u=3065.0, v=39.0, w=6.0) ➡️  ESB_TZX_39240_39320_(u=3145.0, v=40.0, w=6.0) ➡️  TZX_ESB_39355_39435_(u=3225.0, v=41.0, w=6.0) ➡️  ESB_SAW_39480_39540_(u=3285.0, v=42.0, w=6.0) ➡️  SAW_AYT_39585_39650_(u=3350.0, v=43.0, w=6.0) ➡️  AYT_SAW_39690_39755_(u=3415.0, v=44.0, w=6.0) ➡️  SAW_ADB_39810_39870_(u=3475.0, v=45.0, w=6.0) ➡️  ADB_SAW_39905_39965_(u=3535.0, v=46.0, w=6.0) ➡️  SAW_ESB_40800_40860_(u=3595.0, v=47.0, w=7.0) ➡️  ESB_SAW_40920_40980_(u=3655.0, v=48.0, w=7.0) ➡️  SAW_AYT_41025_41090_(u=3720.0, v=49.0, w=7.0) ➡️  AYT_SAW_41130_41195_(u=3785.0, v=50.0, w=7.0) ➡️  SAW_ASR_41295_41380_(u=3870.0, v=51.0, w=7.0) ➡️  ASR_SAW_41415_41505_(u=3960.0, v=52.0, w=7.0) ➡️  t_(u=0.0, v=0.0, w=0.0)


🛠️ Maintenance at node SAW_ESB_37740_37800 by aircraft N122 | ρ=5.0; λ=0.0; φ=0.0

🛠️ Maintenance at node ESB_TZX_37800_37880 by aircraft N124 | ρ=105.0; λ=1.0; φ=1.0

🛠️ Maintenance at node ESB_ERC_39570_39650 by aircraft N123 | ρ=0.0; λ=2.0; φ=0.0

🛠️ Maintenance at node SAW_VAS_41010_41090 by aircraft N125 | ρ=45.0; λ=1.0; φ=0.0

🛠️ Maintenance at node ESB_ADB_32490_32570 by aircraft N121 | ρ=115.0; λ=1.0; φ=0.0
CSV Summary saved to: RESULTS/A_MTN_5/summary_354FL_8A_24_MILP.csv