

GRAPH REDUCING : false
-----------------------INSTANCE 354FL_8A_27--------------------------
Gurobi 13.0.0 (linux64) logging started Thu Mar 26 10:01:25 2026

Set parameter LogFile to value "RESULTS/A_MTN_5/result_354FL_8A_27_MILP.txt"

Gurobi 13.0.0 (linux64) logging started Thu Mar 26 10:01:28 2026

Set parameter LogFile to value "RESULTS/A_MTN_5/result_354FL_8A_27_MILP.txt"
Gurobi Optimizer version 13.0.0 build v13.0.0rc1 (linux64 - "AlmaLinux 9.6 (Sage Margay)")

CPU model: Intel(R) Xeon(R) 6972P, instruction set [SSE2|AVX|AVX2|AVX512]
Thread count: 192 physical cores, 192 logical processors, using up to 8 threads

Non-default parameters:
TimeLimit  18000
Threads  8

Optimize a model with 24480 rows, 4914 columns and 90863 nonzeros (Min)
Model fingerprint: 0x3b46e289
Model has 199 linear objective coefficients
Variable types: 1326 continuous, 3588 integer (3190 binary)
Coefficient statistics:
  Matrix range     [1e+00, 6e+03]
  Objective range  [1e+00, 1e+00]
  Bounds range     [1e+01, 6e+03]
  RHS range        [1e+00, 6e+03]
Presolve removed 6380 rows and 1300 columns
Presolve time: 0.24s
Presolved: 18100 rows, 3614 columns, 104692 nonzeros
Variable types: 573 continuous, 3041 integer (2866 binary)
Root relaxation presolved: 18100 rows, 3614 columns, 104692 nonzeros


Root relaxation: objective 0.000000e+00, 1910 iterations, 0.12 seconds (0.17 work units)

    Nodes    |    Current Node    |     Objective Bounds      |     Work
 Expl Unexpl |  Obj  Depth IntInf | Incumbent    BestBd   Gap | It/Node Time

     0     0    0.00000    0   64          -    0.00000      -     -    0s
     0     0    0.00000    0  109          -    0.00000      -     -    1s
     0     0    0.00000    0   98          -    0.00000      -     -    1s
H    0     0                    1925.0000000    0.00000   100%     -    1s
     0     0    0.00000    0  103 1925.00000    0.00000   100%     -    1s
     0     0    0.00000    0   15 1925.00000    0.00000   100%     -    1s
H    0     0                      13.0000000    0.00000   100%     -    1s
H    0     0                      12.0000000    0.00000   100%     -    2s
H    0     0                      11.0000000    0.00000   100%     -    2s
     0     0    0.00000    0   23   11.00000    0.00000   100%     -    2s
     0     0    0.00000    0    6   11.00000    0.00000   100%     -    2s
     0     0    0.00000    0    8   11.00000    0.00000   100%     -    2s
H    0     0                       8.0000000    0.00000   100%     -    2s
     0     0    0.00000    0    8    8.00000    0.00000   100%     -    2s
     0     0    0.00000    0    8    8.00000    0.00000   100%     -    3s
     0     2    0.00000    0    8    8.00000    0.00000   100%     -    3s
H   43    50                       6.0000000    0.00000   100%  87.7    4s
    49   256    0.00000    9   46    6.00000    0.00000   100%  90.6    5s
  2970  2805    0.00000  182   92    6.00000    0.00000   100%  74.8   10s
H 2971  2665                       5.0000000    0.00000   100%  74.7   13s
  2975  2668    0.00000   52   12    5.00000    0.00000   100%  74.6   15s
H 2979  2536                       4.0000000    0.00000   100%  74.5   17s
  2986  2541    0.00000  103    6    4.00000    0.00000   100%  74.4   20s
  3240  3242    0.00000   38   15    4.00000    0.00000   100%  81.4   26s
  4773  3655    3.00000  126   20    4.00000    0.00000   100%  82.6   30s
  4929  4126    3.00000  144   18    4.00000    0.00000   100%  83.1   35s
  9008  5563    0.00000   88   20    4.00000    0.00000   100%  82.8   40s
 12522  7746 infeasible  148         4.00000    0.00000   100%  82.7   45s
 14734  8612    2.00000  125   26    4.00000    0.00000   100%  83.0   50s
 14752  8624    0.00000  122    9    4.00000    0.00000   100%  82.9   55s
 15382  9533    0.00000   63   64    4.00000    0.00000   100%  84.6   60s
 16619 10872    0.00000  122   20    4.00000    0.00000   100%  85.3   65s
 20641 12142 infeasible  172         4.00000    0.00000   100%  84.8   70s
 25556 13203    0.00000  153   61    4.00000    0.00000   100%  83.9   75s
*25877 12055             232       3.0000000    0.00000   100%  83.8   75s
 27897 12721    0.18777  142   26    3.00000    0.00000   100%  83.2   80s
 32573 14339    0.00000  134  118    3.00000    0.00000   100%  83.8   85s
 36921 14645    0.00000  122   28    3.00000    0.00000   100%  83.6   90s
 41512 16657    0.00000  132    9    3.00000    0.00000   100%  83.3   95s
 44200 17092    2.00000  137   25    3.00000    0.00000   100%  82.7  100s
 44218 17104    0.00000  160    9    3.00000    0.00000   100%  82.6  105s
 44784 17635    0.00000   70   75    3.00000    0.00000   100%  83.1  110s
 45578 18270    0.00000  127   27    3.00000    0.00000   100%  83.7  115s
 46991 19437    0.00000  192   24    3.00000    0.00000   100%  84.0  120s
 51251 20085    2.00000  177   64    3.00000    0.00000   100%  83.7  125s
 54743 21263    2.00000  197   97    3.00000    0.00000   100%  83.2  130s
 58268 21705     cutoff  195         3.00000    0.00000   100%  84.2  135s
 59172 21556    2.00000  193   15    3.00000    0.00000   100%  84.6  153s
 60878 21473    1.00000  192   56    3.00000    0.00000   100%  85.8  155s
 65654 21066 infeasible  171         3.00000    0.00000   100%  87.2  160s
 69953 20879    2.00000  165   97    3.00000    0.00000   100%  88.1  165s
 72940 21227    2.00000  189   69    3.00000    0.00000   100%  89.0  170s
 73917 20916    0.00000  178   13    3.00000    0.00000   100%  89.1  175s
 74073 21173    0.00000   57   11    3.00000    0.00000   100%  89.3  180s
 75142 21738    0.00000  118   13    3.00000    0.00000   100%  89.6  186s
 75540 22575    0.00000  136   39    3.00000    0.00000   100%  89.7  190s
 78821 23741    0.00000  134  120    3.00000    0.00000   100%  90.0  195s
 81015 25463    0.00000  253   46    3.00000    0.00000   100%  90.3  200s
 84705 26477    0.00000  204  101    3.00000    0.00000   100%  90.2  206s
 87322 27520    0.00000  186   21    3.00000    0.00000   100%  90.6  210s
 91941 27981    0.00000  198   25    3.00000    0.00000   100%  90.8  215s
 95165 28684    0.00000  169   12    3.00000    0.00000   100%  90.6  220s
 99698 29060    0.00000   67  114    3.00000    0.00000   100%  90.9  225s
 103589 30143    2.00000  201   27    3.00000    0.00000   100%  91.1  230s
 107847 29797    0.00000  181   65    3.00000    0.00000   100%  91.6  235s
 112492 30087    0.00000   86   97    3.00000    0.00000   100%  91.8  240s
 115570 31605    0.00000  105   83    3.00000    0.00000   100%  92.1  245s
 118442 31899    0.00000  185   99    3.00000    0.00000   100%  92.6  251s
 120860 31633     cutoff  191         3.00000    0.00000   100%  93.2  256s
 123640 31215    0.00000  199   63    3.00000    0.00000   100%  94.1  260s
*126967 25684             251       2.0000000    0.00000   100%  94.8  264s
 127153 26034    0.00000  190   27    2.00000    0.00000   100%  94.8  265s
 132514 26001    0.00000  240   29    2.00000    0.00000   100%  94.8  270s
 137110 26848    0.00000  162  103    2.00000    0.00000   100%  95.2  275s
 141221 28172    0.00000  164   51    2.00000    0.00000   100%  95.4  280s
 145618 29468    0.00000  190   80    2.00000    0.00000   100%  96.5  285s
 147305 29962    0.66685  185   66    2.00000    0.00000   100%  96.6  290s
 148153 31010    0.00000  115  106    2.00000    0.00000   100%  96.6  295s
 152966 33055 infeasible  195         2.00000    0.00000   100%  96.9  300s
 157390 34202 infeasible  178         2.00000    0.00000   100%  97.3  305s
 160209 34843 infeasible  183         2.00000    0.00000   100%  97.8  310s
 164805 35468 infeasible  186         2.00000    0.00000   100%  97.7  315s
 168461 35854 infeasible  200         2.00000    0.00000   100%  98.1  320s
 173147 36431    1.00000  183   70    2.00000    0.00000   100%  98.6  325s
 177669 36933 infeasible  183         2.00000    0.00000   100%  98.7  331s
 181352 37320    1.00000  171   54    2.00000    0.00000   100%  98.5  335s
 186428 38312 infeasible  188         2.00000    0.00000   100%  98.6  340s
 189237 39407    0.00000  179   83    2.00000    0.00000   100%  99.0  345s
 189952 40219    1.00000  192   89    2.00000    0.00000   100%  98.9  350s
 193383 41198    1.00000  198  102    2.00000    0.00000   100%  99.3  355s
 195977 41986    0.00000  173   61    2.00000    0.00000   100%   100  360s
 199553 42773 infeasible  204         2.00000    0.00000   100%   100  365s
 203831 43494    0.00000  149  134    2.00000    0.00000   100%   101  370s
 207084 44483 infeasible  187         2.00000    0.00000   100%   102  376s
 210105 45734    1.00000  170   59    2.00000    0.00000   100%   102  380s
 214824 47735    0.00000  193   78    2.00000    0.00000   100%   103  385s
 219024 49263 infeasible  226         2.00000    0.00000   100%   103  390s
 221772 50076    0.00000  200   93    2.00000    0.00000   100%   103  396s
 225299 50589    0.00000  188   92    2.00000    0.00000   100%   104  400s
 228859 50907    0.00000  187   12    2.00000    0.00000   100%   104  405s
 231823 51167    1.00000  200   96    2.00000    0.00000   100%   105  410s
 235188 51460    0.00000  197   16    2.00000    0.00000   100%   105  415s
 236013 51484    0.00000  187   66    2.00000    0.00000   100%   105  420s
 236987 51694    1.00000  201   49    2.00000    0.00000   100%   106  425s
 241295 51883    0.00000  198   84    2.00000    0.00000   100%   106  430s
 244331 52218    0.00000  188   71    2.00000    0.00000   100%   107  436s
 248233 52979    0.00000  167   20    2.00000    0.00000   100%   107  440s
 251729 54702    0.00000  196  105    2.00000    0.00000   100%   107  453s
 260670 54796    0.00000  208   71    2.00000    0.00000   100%   108  455s
 262809 55053 infeasible  197         2.00000    0.00000   100%   108  460s
 266589 55443    0.00000  187   27    2.00000    0.00000   100%   108  465s
 270809 55695 infeasible  197         2.00000    0.00000   100%   108  470s
 274584 56364    0.00000  191   83    2.00000    0.00000   100%   109  475s
 278655 57686    0.00000  157   20    2.00000    0.00000   100%   109  480s
 283107 59356    1.00000  204   73    2.00000    0.00000   100%   109  485s
 286531 60585 infeasible  207         2.00000    0.00000   100%   109  490s
 287699 60590    0.00000  194   57    2.00000    0.00000   100%   109  497s
 287713 60670    0.00000  195   61    2.00000    0.00000   100%   109  500s
 290290 61183    0.00000  199   44    2.00000    0.00000   100%   109  505s
 292817 61622    0.00000  197   52    2.00000    0.00000   100%   110  510s
 295040 61921 infeasible  184         2.00000    0.00000   100%   110  515s
 298732 62299    0.00000  191   78    2.00000    0.00000   100%   110  520s
 302836 62657 infeasible  232         2.00000    0.00000   100%   111  525s
 305139 63051    0.00000  190   58    2.00000    0.00000   100%   111  530s
 309653 64073    0.00000  143   65    2.00000    0.00000   100%   111  536s
 313334 64844 infeasible  178         2.00000    0.00000   100%   112  540s
 316318 65491 infeasible  176         2.00000    0.00000   100%   112  545s
 319533 66008    0.00000  167   66    2.00000    0.00000   100%   112  550s
 323861 66490 infeasible  168         2.00000    0.00000   100%   113  555s
 325997 66875    0.00000  177   86    2.00000    0.00000   100%   113  561s
 328867 67664    1.00000  176   85    2.00000    0.00000   100%   113  565s
 332738 68496    0.00000  159   90    2.00000    0.00000   100%   114  571s
 334818 69040 infeasible  167         2.00000    0.00000   100%   114  575s
 337408 69470    0.00000  171  104    2.00000    0.00000   100%   114  580s
 341242 70138 infeasible  162         2.00000    0.00000   100%   115  585s
 345490 70615    0.00000  162  111    2.00000    0.00000   100%   115  590s
 348211 71039    0.00000   83  116    2.00000    0.00000   100%   115  595s
 351790 71915 infeasible  177         2.00000    0.00000   100%   115  600s
 355043 72496 infeasible  172         2.00000    0.00000   100%   115  605s
 355098 72481 infeasible  175         2.00000    0.00000   100%   115  610s
 357643 73022    0.00000  157   21    2.00000    0.00000   100%   115  616s
 359937 73150 infeasible  149         2.00000    0.00000   100%   116  620s
 362994 73326 infeasible  220         2.00000    0.00000   100%   116  626s
 364852 73447    0.00000  166   18    2.00000    0.00000   100%   117  630s
 368029 73549    0.00000  127   14    2.00000    0.00000   100%   117  635s
 370860 74212    0.00000  155  106    2.00000    0.00000   100%   117  641s
 374479 75407    1.00000  197   45    2.00000    0.00000   100%   118  645s
 378474 76267 infeasible  207         2.00000    0.00000   100%   118  650s
 381101 76942    0.00000  197   14    2.00000    0.00000   100%   118  655s
 385607 77391 infeasible  203         2.00000    0.00000   100%   118  660s
 388886 77558    0.00000  210   80    2.00000    0.00000   100%   118  666s
 391745 77751    1.00000  206   73    2.00000    0.00000   100%   118  670s
 396202 78011    0.00000  205   48    2.00000    0.00000   100%   118  675s
 399833 78243 infeasible  210         2.00000    0.00000   100%   118  680s
 404461 78410 infeasible  208         2.00000    0.00000   100%   119  685s
 408563 78581    0.00000  211   29    2.00000    0.00000   100%   119  690s
 411652 78675 infeasible  207         2.00000    0.00000   100%   119  695s
 415796 78917    0.00000  175  103    2.00000    0.00000   100%   119  701s
 419322 79162    0.00000  169   68    2.00000    0.00000   100%   119  705s
 419384 79173    0.00000  184   95    2.00000    0.00000   100%   119  710s
 420309 79402    1.00000  231   50    2.00000    0.00000   100%   119  715s
 425622 79733 infeasible  187         2.00000    0.00000   100%   119  720s
 429313 79942 infeasible  177         2.00000    0.00000   100%   119  725s
 430232 79998    0.00000  204   73    2.00000    0.00000   100%   119  730s
 434682 80517 infeasible  177         2.00000    0.00000   100%   120  735s
 438460 80782    0.00000  167   23    2.00000    0.00000   100%   120  740s
 440748 80895 infeasible  181         2.00000    0.00000   100%   120  745s
 443305 81068    0.00000  177   42    2.00000    0.00000   100%   120  750s
 446765 81214 infeasible  168         2.00000    0.00000   100%   121  755s
 450672 81672    0.00000  167   31    2.00000    0.00000   100%   121  761s
 453687 82209    1.00000  173   80    2.00000    0.00000   100%   121  765s
 458942 83005 infeasible  167         2.00000    0.00000   100%   121  770s
 462343 83314    0.00000  191   65    2.00000    0.00000   100%   121  775s
 464936 83781    0.00000  186  100    2.00000    0.00000   100%   121  780s
 469900 84184 infeasible  166         2.00000    0.00000   100%   122  785s
 473271 84606 infeasible  178         2.00000    0.00000   100%   122  790s
 473532 84667    0.00000  169   40    2.00000    0.00000   100%   122  796s
 474766 84959    0.00000  181   69    2.00000    0.00000   100%   122  801s
 477743 85176    0.00000  162   63    2.00000    0.00000   100%   122  806s
 481459 85576    0.00000  167   84    2.00000    0.00000   100%   122  810s
 483512 85940 infeasible  178         2.00000    0.00000   100%   122  815s
 487693 86349    0.00000  187   10    2.00000    0.00000   100%   122  820s
 492416 86885    1.00000  163  103    2.00000    0.00000   100%   122  825s
 496268 87334    0.00000  171  109    2.00000    0.00000   100%   122  830s
 500494 87767 infeasible  179         2.00000    0.00000   100%   122  835s
 504095 88571 infeasible  170         2.00000    0.00000   100%   122  848s
 513748 88706    1.00000  173   95    2.00000    0.00000   100%   122  850s
 516083 89156 infeasible  171         2.00000    0.00000   100%   122  855s
 520828 89837 infeasible  190         2.00000    0.00000   100%   122  860s
 524894 90333 infeasible  176         2.00000    0.00000   100%   122  866s
 528489 90913    0.00000  163   74    2.00000    0.00000   100%   122  870s
 533097 91606    1.00000  193   82    2.00000    0.00000   100%   122  875s
 536153 92168    0.00000  168   37    2.00000    0.00000   100%   122  880s
 541245 92571 infeasible  177         2.00000    0.00000   100%   122  885s
 545657 93094    0.00000  197   58    2.00000    0.00000   100%   122  890s
 548709 93695 infeasible  175         2.00000    0.00000   100%   122  895s
 554924 94434    0.00000  186   19    2.00000    0.00000   100%   122  900s
 557645 95037    1.00000  188   31    2.00000    0.00000   100%   121  905s
 562896 95906    1.00000  212   62    2.00000    0.00000   100%   121  910s
 566134 96355    0.00000  202   60    2.00000    0.00000   100%   121  915s
 570441 97030    0.00000  177   16    2.00000    0.00000   100%   121  920s
 574635 98125    1.00000  209   60    2.00000    0.00000   100%   121  925s
 576396 98629 infeasible  181         2.00000    0.00000   100%   121  930s
 576968 98967    0.00000  127   18    2.00000    0.00000   100%   121  936s
 578829 100250 infeasible  176         2.00000    0.00000   100%   121  941s
 583263 101739    1.00000  182   87    2.00000    0.00000   100%   121  945s
 587352 103224    1.00000  221   84    2.00000    0.00000   100%   121  950s
 590261 104190    1.00000  215   85    2.00000    0.00000   100%   121  955s
 593578 105004 infeasible  222         2.00000    0.00000   100%   121  960s
 596779 105755 infeasible  224         2.00000    0.00000   100%   121  965s
 600669 106562 infeasible  197         2.00000    0.00000   100%   121  970s
 605378 107554    1.00000  225   42    2.00000    0.00000   100%   121  975s
 608924 108284    0.00000  221   50    2.00000    0.00000   100%   121  980s
 612503 108901 infeasible  217         2.00000    0.00000   100%   121  985s
 616727 109752 infeasible  224         2.00000    0.00000   100%   121  990s
 620369 110203 infeasible  214         2.00000    0.00000   100%   121  995s
 623507 110715 infeasible  237         2.00000    0.00000   100%   122 1000s
 627916 111216    0.00000  210  101    2.00000    0.00000   100%   122 1005s
 630806 111483    1.00000  225   75    2.00000    0.00000   100%   122 1010s
 635745 111945 infeasible  216         2.00000    0.00000   100%   122 1015s
 638323 113344    0.00000  213   67    2.00000    0.00000   100%   122 1036s
 646617 113506    0.00000  176   30    2.00000    0.00000   100%   122 1040s
 649452 114108    0.00000  197   21    2.00000    0.00000   100%   122 1045s
 654793 115431 infeasible  227         2.00000    0.00000   100%   122 1050s
 660565 116095    0.00000  193   76    2.00000    0.00000   100%   122 1055s
 664286 116416    0.00000  182  105    2.00000    0.00000   100%   122 1060s
 667501 117070    0.00000  194   18    2.00000    0.00000   100%   121 1065s
 671830 117788    1.00000  200   79    2.00000    0.00000   100%   121 1070s
 677515 118877    0.00000  177   20    2.00000    0.00000   100%   121 1075s
 681612 119721 infeasible  175         2.00000    0.00000   100%   121 1080s
 686258 120564    1.00000  164  122    2.00000    0.00000   100%   121 1085s
 689762 120948    0.00000  177   70    2.00000    0.00000   100%   121 1090s
 693942 121387    0.00000  218   75    2.00000    0.00000   100%   121 1095s
 697575 121751    0.00000  189   74    2.00000    0.00000   100%   121 1100s
 701866 122037 infeasible  219         2.00000    0.00000   100%   121 1105s
 706406 122657    1.00000  218  112    2.00000    0.00000   100%   121 1110s
 709956 122922    0.00000  204   74    2.00000    0.00000   100%   121 1115s
 712249 123309 infeasible  229         2.00000    0.00000   100%   121 1121s
 715690 124166 infeasible  193         2.00000    0.00000   100%   121 1125s
 719741 124935 infeasible  191         2.00000    0.00000   100%   121 1130s
 721915 125461 infeasible  207         2.00000    0.00000   100%   121 1135s
 726406 126213    0.00000  186   79    2.00000    0.00000   100%   121 1141s
 729211 126734 infeasible  195         2.00000    0.00000   100%   122 1145s
 732119 126870    0.00000  207   20    2.00000    0.00000   100%   122 1150s
 732176 126875    0.00000  205   95    2.00000    0.00000   100%   122 1155s
 733956 127163    0.00000  211   73    2.00000    0.00000   100%   122 1160s
 737465 127509    0.00000  193   40    2.00000    0.00000   100%   122 1165s
 741974 127857    0.00000  207   53    2.00000    0.00000   100%   122 1171s
 743363 127978    0.00000  182   66    2.00000    0.00000   100%   122 1175s
 746837 128302    0.00000  196   15    2.00000    0.00000   100%   122 1180s
 751503 128845    0.00000  173  116    2.00000    0.00000   100%   122 1186s
 754571 129286    0.00000  195   85    2.00000    0.00000   100%   122 1190s
 757437 129514    0.00000  196   10    2.00000    0.00000   100%   122 1195s
 761642 129904    0.00000  201   46    2.00000    0.00000   100%   122 1200s
 764222 130150 infeasible  174         2.00000    0.00000   100%   122 1205s
 768652 130681    0.00000  180   42    2.00000    0.00000   100%   122 1210s
 771999 131021    0.00000  179   84    2.00000    0.00000   100%   122 1215s
 774864 131329    0.00000  174   78    2.00000    0.00000   100%   122 1220s
 779280 132006    1.00000  197    6    2.00000    0.00000   100%   122 1225s
 783202 132451 infeasible  197         2.00000    0.00000   100%   122 1230s
 785247 132554 infeasible  207         2.00000    0.00000   100%   122 1235s
 787834 132983 infeasible  213         2.00000    0.00000   100%   122 1240s
 791937 133350    0.00000  192   34    2.00000    0.00000   100%   122 1245s
 796205 133598 infeasible  207         2.00000    0.00000   100%   122 1250s
 800203 133831    0.00000  192   77    2.00000    0.00000   100%   122 1255s
 803540 133912 infeasible  217         2.00000    0.00000   100%   122 1261s
 803580 133919 infeasible  207         2.00000    0.00000   100%   122 1265s
 804421 134055 infeasible  204         2.00000    0.00000   100%   122 1270s
 806907 134178    0.00000  197   25    2.00000    0.00000   100%   122 1275s
 811222 134324    0.00000  212   52    2.00000    0.00000   100%   122 1281s
 815423 134486 infeasible  206         2.00000    0.00000   100%   122 1285s
 817386 134719    0.00000  207   59    2.00000    0.00000   100%   122 1291s
 821232 134908 infeasible  203         2.00000    0.00000   100%   122 1295s
 825182 134991 infeasible  204         2.00000    0.00000   100%   122 1300s
 827281 135055    0.00000  198   82    2.00000    0.00000   100%   122 1305s
 830812 135188    0.00000  203   82    2.00000    0.00000   100%   123 1311s
 834230 135253    1.00000  201   47    2.00000    0.00000   100%   123 1315s
 837248 135369 infeasible  210         2.00000    0.00000   100%   123 1320s
 840826 135592 infeasible  205         2.00000    0.00000   100%   123 1325s
 843991 136386 infeasible  187         2.00000    0.00000   100%   123 1330s
 847169 137736    1.00000  194   76    2.00000    0.00000   100%   123 1335s
 849541 138693    0.00000  191   92    2.00000    0.00000   100%   123 1340s
 854608 140858    1.00000  213   91    2.00000    0.00000   100%   123 1345s
 858865 142320 infeasible  208         2.00000    0.00000   100%   123 1350s
 862987 143615 infeasible  209         2.00000    0.00000   100%   123 1355s
 867386 144615    1.00000  220   73    2.00000    0.00000   100%   123 1360s
 869769 145088 infeasible  210         2.00000    0.00000   100%   123 1365s
 869812 145093 infeasible  211         2.00000    0.00000   100%   123 1371s
 869924 145240    1.00000  205   34    2.00000    0.00000   100%   123 1375s
 871862 145665    0.00000  209   74    2.00000    0.00000   100%   123 1380s
 875377 146469    0.37120  187   61    2.00000    0.00000   100%   123 1386s
 879846 146973 infeasible  209         2.00000    0.00000   100%   123 1390s
 883019 147689 infeasible  206         2.00000    0.00000   100%   123 1395s
 888595 148615 infeasible  177         2.00000    0.00000   100%   123 1400s
 890506 150390 infeasible  211         2.00000    0.00000   100%   123 1409s
 898240 150573    1.00000  234   38    2.00000    0.00000   100%   123 1410s
 901812 151186 infeasible  207         2.00000    0.00000   100%   123 1415s
 906827 152357 infeasible  197         2.00000    0.00000   100%   123 1420s
 911379 153280 infeasible  210         2.00000    0.00000   100%   123 1425s
 916270 154352    1.00000  204  135    2.00000    0.00000   100%   122 1430s
 922181 155329    1.00000  207   64    2.00000    0.00000   100%   122 1435s
 926462 156227 infeasible  191         2.00000    0.00000   100%   122 1440s
 932751 157144    0.00000  184   82    2.00000    0.00000   100%   122 1445s
 935967 157982 infeasible  221         2.00000    0.00000   100%   122 1450s
 942440 159091 infeasible  213         2.00000    0.00000   100%   122 1455s
 946719 159912 infeasible  227         2.00000    0.00000   100%   121 1460s
 952276 160599 infeasible  209         2.00000    0.00000   100%   121 1465s
 957000 161097    0.00000  190  112    2.00000    0.00000   100%   121 1470s
 963164 161760    1.00000  171   39    2.00000    0.00000   100%   121 1475s
 965411 161998 infeasible  199         2.00000    0.00000   100%   121 1480s
 971292 162685    1.00000  179   89    2.00000    0.00000   100%   121 1485s
 975289 163216    1.00000  172   88    2.00000    0.00000   100%   121 1490s
 979506 163879    1.00000  190   59    2.00000    0.00000   100%   121 1495s
 983883 164504    0.00000  199   40    2.00000    0.00000   100%   121 1500s
 987608 164965    0.00000  200   60    2.00000    0.00000   100%   121 1505s
 992721 165647    0.00000  169   61    2.00000    0.00000   100%   121 1510s
 993402 165658    0.00000  185   67    2.00000    0.00000   100%   121 1515s
 994164 165860    1.00000  187   19    2.00000    0.00000   100%   121 1520s
 997659 166237    0.00000  176   96    2.00000    0.00000   100%   121 1525s
 1002580 166831    1.00000  193   53    2.00000    0.00000   100%   121 1530s
 1006117 167237    1.00000  182   71    2.00000    0.00000   100%   121 1535s
 1009895 167814 infeasible  185         2.00000    0.00000   100%   121 1541s
 1014270 168436    0.00000  166   12    2.00000    0.00000   100%   121 1545s
 1017796 168853    0.00000  175   70    2.00000    0.00000   100%   121 1550s
 1022678 169577    0.00000  168   70    2.00000    0.00000   100%   121 1555s
 1026172 170026 infeasible  205         2.00000    0.00000   100%   121 1560s
 1030304 170495 infeasible  182         2.00000    0.00000   100%   121 1565s
 1034506 171046 infeasible  180         2.00000    0.00000   100%   121 1570s
 1038155 171486    1.00000  172  113    2.00000    0.00000   100%   121 1575s
 1041584 171923    0.00000  194   68    2.00000    0.00000   100%   121 1580s
 1046020 172312 infeasible  174         2.00000    0.00000   100%   121 1585s
 1049192 172507    0.00000  197   77    2.00000    0.00000   100%   121 1590s
 1053627 172836 infeasible  181         2.00000    0.00000   100%   121 1595s
 1057318 173122 infeasible  195         2.00000    0.00000   100%   121 1600s
 1060236 173383    0.00000  168  114    2.00000    0.00000   100%   121 1605s
 1064501 173577 infeasible  197         2.00000    0.00000   100%   121 1610s
 1069650 173782 infeasible  182         2.00000    0.00000   100%   121 1616s
 1069667 173984 infeasible  182         2.00000    0.00000   100%   121 1627s
 1077700 173984    0.00000  194   81    2.00000    0.00000   100%   121 1631s
 1077749 174008    0.00000  197   69    2.00000    0.00000   100%   121 1636s
 1079007 174124    0.00000  204   42    2.00000    0.00000   100%   121 1640s
 1080693 174266    0.00000  193   68    2.00000    0.00000   100%   121 1645s
 1084861 174446 infeasible  180         2.00000    0.00000   100%   121 1650s
 1087363 174639 infeasible  201         2.00000    0.00000   100%   121 1656s
 1090023 174774 infeasible  206         2.00000    0.00000   100%   121 1660s
 1092619 174870 infeasible  205         2.00000    0.00000   100%   121 1665s
 1097302 174990    0.00000  205   89    2.00000    0.00000   100%   121 1670s
 1099750 175085 infeasible  202         2.00000    0.00000   100%   121 1675s
 1103138 175160 infeasible  217         2.00000    0.00000   100%   121 1681s
 1106635 175273    0.00000  203   62    2.00000    0.00000   100%   121 1685s
 1110268 175430    0.00000  206   71    2.00000    0.00000   100%   121 1690s
 1112296 175501    0.00000  208   16    2.00000    0.00000   100%   121 1695s
 1116120 175639    0.00000  196   56    2.00000    0.00000   100%   121 1700s
 1120120 175746 infeasible  199         2.00000    0.00000   100%   121 1705s
 1122691 175789    0.00000  198   75    2.00000    0.00000   100%   121 1710s
 1126245 175875 infeasible  165         2.00000    0.00000   100%   122 1716s
 1129492 175905 infeasible  158         2.00000    0.00000   100%   122 1720s
 1132375 176112 infeasible  197         2.00000    0.00000   100%   122 1725s
 1135211 176153 infeasible  199         2.00000    0.00000   100%   122 1730s
 1138386 176311    0.00000  199   67    2.00000    0.00000   100%   122 1735s
 1141671 176410 infeasible  199         2.00000    0.00000   100%   122 1740s
 1143988 176539    0.00000  198   78    2.00000    0.00000   100%   122 1745s
 1147930 177105    0.00000  147   34    2.00000    0.00000   100%   122 1750s
 1151810 177639 infeasible  199         2.00000    0.00000   100%   122 1755s
 1154971 177915 infeasible  209         2.00000    0.00000   100%   122 1761s
 1155015 177919    0.00000  207   59    2.00000    0.00000   100%   122 1765s
 1155061 177929    0.00000  208   69    2.00000    0.00000   100%   122 1772s
 1155542 178046    0.00000  210   71    2.00000    0.00000   100%   122 1776s
 1156720 178167    0.00000  212   75    2.00000    0.00000   100%   122 1780s
 1160023 178384    1.00000  187   63    2.00000    0.00000   100%   122 1785s
 1163261 178711 infeasible  211         2.00000    0.00000   100%   122 1791s
 1165564 178874 infeasible  208         2.00000    0.00000   100%   122 1796s
 1169326 179227    0.00000  195  139    2.00000    0.00000   100%   122 1801s
 1173238 179565    0.00000  197   24    2.00000    0.00000   100%   122 1805s
 1175991 179713    1.00000  200   75    2.00000    0.00000   100%   122 1810s
 1179537 179975    0.00000  198  115    2.00000    0.00000   100%   122 1815s
 1184426 180382    0.00000  197   19    2.00000    0.00000   100%   122 1821s
 1187532 180795    0.00000  187   22    2.00000    0.00000   100%   122 1826s
 1190479 181123 infeasible  165         2.00000    0.00000   100%   122 1830s
 1195503 182398    0.00000  206   25    2.00000    0.00000   100%   122 1835s
 1198203 183388    0.00000  205   83    2.00000    0.00000   100%   122 1840s
 1202046 184188    0.00000  201   76    2.00000    0.00000   100%   122 1845s
 1205237 184730    0.00000  157   30    2.00000    0.00000   100%   122 1850s
 1208242 185192    0.00000  193   61    2.00000    0.00000   100%   122 1855s
 1211638 185691 infeasible  227         2.00000    0.00000   100%   122 1860s
 1215221 186190 infeasible  207         2.00000    0.00000   100%   122 1865s
 1218002 186545    0.00000  207   68    2.00000    0.00000   100%   122 1870s
 1221337 186830    0.00000  197   18    2.00000    0.00000   100%   123 1875s
 1226102 187279    0.00000  209   49    2.00000    0.00000   100%   123 1880s
 1228864 187623 infeasible  147         2.00000    0.00000   100%   123 1885s
 1233527 187847    0.00000  205   47    2.00000    0.00000   100%   123 1890s
 1236948 188186 infeasible  204         2.00000    0.00000   100%   123 1895s
 1240146 188611    0.00000  214   78    2.00000    0.00000   100%   123 1900s
 1244114 188764    0.00000  132  133    2.00000    0.00000   100%   123 1905s
 1247720 189119 infeasible  219         2.00000    0.00000   100%   123 1910s
 1249733 190053    0.00000  204   87    2.00000    0.00000   100%   123 1921s
 1260296 190559    1.00000  147   98    2.00000    0.00000   100%   122 1925s
 1264284 191411    0.00000  189   48    2.00000    0.00000   100%   122 1931s
 1268755 191889    0.00000  197   47    2.00000    0.00000   100%   122 1935s
 1268803 191903 infeasible  201         2.00000    0.00000   100%   122 1941s
 1269145 192034 infeasible  202         2.00000    0.00000   100%   122 1945s
 1270943 192246 infeasible  163         2.00000    0.00000   100%   122 1950s
 1275220 192836    0.00000  174   71    2.00000    0.00000   100%   122 1955s
 1279269 193181    0.00000  169   58    2.00000    0.00000   100%   122 1961s
 1281228 193330 infeasible  162         2.00000    0.00000   100%   122 1965s
 1286753 193837    0.00000  154   92    2.00000    0.00000   100%   122 1970s
 1291166 194066    0.00000  152   70    2.00000    0.00000   100%   122 1975s
 1295535 194461    0.00000  160   80    2.00000    0.00000   100%   122 1980s
 1301517 194952 infeasible  161         2.00000    0.00000   100%   122 1985s
 1304054 195234 infeasible  177         2.00000    0.00000   100%   122 1990s
 1307492 195532    0.00000  165  115    2.00000    0.00000   100%   122 1995s
 1310779 195705 infeasible  166         2.00000    0.00000   100%   122 2000s
 1313238 195811 infeasible  161         2.00000    0.00000   100%   122 2005s
 1317604 196473    0.00000  119  125    2.00000    0.00000   100%   122 2010s
 1319895 197048 infeasible  175         2.00000    0.00000   100%   122 2015s
 1322204 197391    0.00000  127   45    2.00000    0.00000   100%   122 2020s
 1323371 197945 infeasible  164         2.00000    0.00000   100%   122 2025s
 1327081 200148    0.00000  127   57    2.00000    0.00000   100%   122 2030s
 1332054 202364 infeasible  193         2.00000    0.00000   100%   122 2035s
 1335281 203238    0.00000  188   56    2.00000    0.00000   100%   122 2040s
 1338474 203657 infeasible  201         2.00000    0.00000   100%   122 2045s
 1342271 204208    0.00000  187   38    2.00000    0.00000   100%   122 2050s
 1344392 204428 infeasible  197         2.00000    0.00000   100%   122 2055s
 1348127 204973    0.00000  177   51    2.00000    0.00000   100%   122 2060s
 1353090 205610    0.00000  167   38    2.00000    0.00000   100%   122 2066s
 1355789 205858 infeasible  202         2.00000    0.00000   100%   122 2070s
 1360711 206122 infeasible  200         2.00000    0.00000   100%   122 2075s
 1363442 206424    1.00000  181   96    2.00000    0.00000   100%   122 2080s
 1363490 206444    1.00000  181   87    2.00000    0.00000   100%   122 2086s
 1363812 206563 infeasible  187         2.00000    0.00000   100%   122 2090s
 1366289 206999    0.00000  204   79    2.00000    0.00000   100%   122 2095s
 1369877 207432    0.00000  174   68    2.00000    0.00000   100%   122 2100s
 1373404 208018 infeasible  197         2.00000    0.00000   100%   122 2105s
 1375904 208438    0.00000  167   32    2.00000    0.00000   100%   122 2110s
 1380505 208984 infeasible  201         2.00000    0.00000   100%   122 2115s
 1383976 209416    0.00000  198   95    2.00000    0.00000   100%   122 2120s
 1387380 209872    0.00000  207   44    2.00000    0.00000   100%   122 2125s
 1392168 210447 infeasible  206         2.00000    0.00000   100%   122 2130s
 1396382 211019    1.00000  185   61    2.00000    0.00000   100%   122 2135s
 1397797 211204    0.00000  205   73    2.00000    0.00000   100%   122 2140s
 1402116 211532    0.00000  205   82    2.00000    0.00000   100%   122 2145s
 1406002 211835    0.00000  206   88    2.00000    0.00000   100%   122 2150s
 1409339 212034    0.00000  177   33    2.00000    0.00000   100%   122 2155s
 1412917 212293    0.00000  203   85    2.00000    0.00000   100%   122 2160s
 1417568 212601    0.00000  174   64    2.00000    0.00000   100%   122 2165s
 1421830 212929 infeasible  188         2.00000    0.00000   100%   122 2170s
 1427011 213093 infeasible  179         2.00000    0.00000   100%   122 2175s
 1427888 213258    1.00000  183   60    2.00000    0.00000   100%   122 2180s
 1435545 213503    0.00000  187   25    2.00000    0.00000   100%   122 2185s
 1438628 213656    0.00000  188   89    2.00000    0.00000   100%   122 2190s
 1443645 213942 infeasible  195         2.00000    0.00000   100%   122 2195s
 1448594 214231    0.00000  187   27    2.00000    0.00000   100%   121 2200s
 1453837 214461    0.00000  176   82    2.00000    0.00000   100%   121 2205s
 1458700 214564    0.00000  172   73    2.00000    0.00000   100%   121 2210s
 1462331 214592    0.00000  179   62    2.00000    0.00000   100%   121 2215s
 1462382 214608    0.00000  181   93    2.00000    0.00000   100%   121 2220s
 1462412 214618    1.00000  182   65    2.00000    0.00000   100%   121 2225s
 1464149 214657    1.00000  197   14    2.00000    0.00000   100%   121 2230s
 1467721 214761    0.00000  197   85    2.00000    0.00000   100%   121 2235s
 1472325 215712    0.00000  195   55    2.00000    0.00000   100%   121 2241s
 1476716 216372    0.00000  217   17    2.00000    0.00000   100%   121 2245s
 1479740 216693 infeasible  217         2.00000    0.00000   100%   121 2250s
 1483233 217203 infeasible  216         2.00000    0.00000   100%   121 2255s
 1486758 217526 infeasible  217         2.00000    0.00000   100%   121 2260s
 1490331 217769 infeasible  227         2.00000    0.00000   100%   121 2265s
 1493336 218319    0.00000  217   16    2.00000    0.00000   100%   121 2270s
 1497180 218640 infeasible  170         2.00000    0.00000   100%   121 2275s
 1501069 218916    1.00000  220   52    2.00000    0.00000   100%   121 2280s
 1503558 219064    0.00000  219   56    2.00000    0.00000   100%   121 2285s
 1507833 219220    0.00000  212   35    2.00000    0.00000   100%   121 2290s
 1511158 219444    0.00000  217   71    2.00000    0.00000   100%   122 2295s
 1513735 219672    0.00000  218   62    2.00000    0.00000   100%   122 2300s
 1517360 219846    0.00000  219   65    2.00000    0.00000   100%   122 2305s
 1521253 220016 infeasible  217         2.00000    0.00000   100%   122 2310s
 1523098 220352    1.00000  218   65    2.00000    0.00000   100%   122 2316s
 1526715 221083    0.00000  197   34    2.00000    0.00000   100%   122 2320s
 1530959 221892    0.00000  194   73    2.00000    0.00000   100%   122 2326s
 1533148 222531    1.00000  207   20    2.00000    0.00000   100%   122 2331s
 1536530 223345    0.00000  188   63    2.00000    0.00000   100%   122 2335s
 1540135 223984 infeasible  214         2.00000    0.00000   100%   122 2340s
 1543550 224318    1.00000  209   90    2.00000    0.00000   100%   122 2345s
 1545778 224752 infeasible  217         2.00000    0.00000   100%   122 2350s
 1549023 225227    0.00000  204   82    2.00000    0.00000   100%   122 2355s
 1553263 225638 infeasible  208         2.00000    0.00000   100%   122 2360s
 1555856 225813 infeasible  216         2.00000    0.00000   100%   122 2365s
 1555924 225809    0.00000  202   58    2.00000    0.00000   100%   122 2371s
 1556275 225999    0.00000  187   29    2.00000    0.00000   100%   122 2375s
 1558450 226233    0.00000  192   96    2.00000    0.00000   100%   122 2381s
 1560978 226453    0.00000  208   87    2.00000    0.00000   100%   122 2385s
 1564158 226758    0.00000  204   78    2.00000    0.00000   100%   122 2390s
 1565818 227063    0.00000  212   86    2.00000    0.00000   100%   122 2395s
 1570057 227319 infeasible  209         2.00000    0.00000   100%   122 2400s
 1573143 227629 infeasible  204         2.00000    0.00000   100%   122 2405s
 1575299 227743    0.00000  194   92    2.00000    0.00000   100%   122 2410s
 1578260 227969    1.00000  192   87    2.00000    0.00000   100%   122 2415s
 1581693 228208 infeasible  207         2.00000    0.00000   100%   122 2420s
 1584908 228352    0.00000  206   73    2.00000    0.00000   100%   122 2425s
 1586854 228551    1.00000  206  108    2.00000    0.00000   100%   122 2430s
 1590640 228756    0.00000  195   94    2.00000    0.00000   100%   122 2435s
 1595109 229410    0.00000  180   78    2.00000    0.00000   100%   122 2440s
 1598438 229687    0.00000  192  107    2.00000    0.00000   100%   122 2445s
 1602711 230213    1.00000  182   41    2.00000    0.00000   100%   122 2450s
 1605436 230486    1.00000  167   12    2.00000    0.00000   100%   122 2455s
 1608277 230736 infeasible  177         2.00000    0.00000   100%   122 2461s
 1612836 231075    0.00000  172   69    2.00000    0.00000   100%   122 2465s
 1616026 231345 infeasible  184         2.00000    0.00000   100%   122 2470s
 1619031 231908    0.00000  183   85    2.00000    0.00000   100%   122 2475s
 1622522 232881    0.00000  171   30    2.00000    0.00000   100%   122 2480s
 1626283 233877    0.00000  173  116    2.00000    0.00000   100%   122 2485s
 1629899 234493    0.00000  177   23    2.00000    0.00000   100%   122 2491s
 1631038 234510    0.00000  202   69    2.00000    0.00000   100%   122 2496s
 1631127 234641 infeasible  204         2.00000    0.00000   100%   122 2500s
 1633326 235199    0.00000  180   64    2.00000    0.00000   100%   122 2505s
 1636111 235584    1.00000  182   82    2.00000    0.00000   100%   123 2511s
 1638497 235857 infeasible  188         2.00000    0.00000   100%   123 2515s
 1642636 236072    0.00000  176   12    2.00000    0.00000   100%   123 2520s
 1645917 236328    0.00000  197   95    2.00000    0.00000   100%   123 2525s
 1648940 236604 infeasible  196         2.00000    0.00000   100%   123 2530s
 1651939 236762 infeasible  181         2.00000    0.00000   100%   123 2535s
 1656821 236935    0.00000  187   80    2.00000    0.00000   100%   123 2540s
 1658944 237031    0.00000  196   79    2.00000    0.00000   100%   123 2545s
 1662656 237213 infeasible  212         2.00000    0.00000   100%   123 2550s
 1666434 237465 infeasible  199         2.00000    0.00000   100%   123 2555s
 1669240 237592    0.00000  200   64    2.00000    0.00000   100%   123 2561s
 1672950 237797 infeasible  197         2.00000    0.00000   100%   123 2565s
 1676992 237923    0.00000  207   16    2.00000    0.00000   100%   123 2570s
 1679633 238024 infeasible  204         2.00000    0.00000   100%   123 2575s
 1679667 238112 infeasible  205         2.00000    0.00000   100%   123 2587s
 1688384 238411    0.00000  203   75    2.00000    0.00000   100%   123 2590s
 1691791 239429 infeasible  187         2.00000    0.00000   100%   123 2595s
 1695451 240604 infeasible  187         2.00000    0.00000   100%   123 2600s
 1698609 241379 infeasible  197         2.00000    0.00000   100%   123 2605s
 1701180 241823 infeasible  202         2.00000    0.00000   100%   123 2610s
 1704944 242324    0.00000  196   17    2.00000    0.00000   100%   123 2615s
 1707892 242554    0.00000  188   46    2.00000    0.00000   100%   123 2620s
 1707930 242558 infeasible  191         2.00000    0.00000   100%   123 2625s
 1707986 242632 infeasible  191         2.00000    0.00000   100%   123 2631s
 1709506 242861 infeasible  203         2.00000    0.00000   100%   123 2636s
 1711784 243071    0.00000  197   62    2.00000    0.00000   100%   123 2640s
 1715420 243558 infeasible  202         2.00000    0.00000   100%   123 2645s
 1719202 243895 infeasible  200         2.00000    0.00000   100%   123 2650s
 1722235 244188 infeasible  196         2.00000    0.00000   100%   123 2655s
 1726946 244650 infeasible  203         2.00000    0.00000   100%   123 2660s
 1732563 245016    0.00000  197   42    2.00000    0.00000   100%   123 2665s
 1735555 245501 infeasible  198         2.00000    0.00000   100%   123 2670s
 1738678 245837 infeasible  196         2.00000    0.00000   100%   123 2675s
 1743082 246296 infeasible  207         2.00000    0.00000   100%   123 2680s
 1746299 246612 infeasible  189         2.00000    0.00000   100%   123 2685s
 1750614 246995    1.00000  201   22    2.00000    0.00000   100%   123 2690s
 1753409 247356 infeasible  197         2.00000    0.00000   100%   123 2695s
 1753425 248216    1.00000  197    8    2.00000    0.00000   100%   123 2706s
 1762851 248575 infeasible  203         2.00000    0.00000   100%   123 2710s
 1766068 249103 infeasible  207         2.00000    0.00000   100%   123 2715s
 1769691 249583    0.00000  202   98    2.00000    0.00000   100%   123 2720s
 1774346 249880 infeasible  203         2.00000    0.00000   100%   123 2725s
 1776417 250178    0.00000  201   84    2.00000    0.00000   100%   123 2730s
 1780904 250674 infeasible  197         2.00000    0.00000   100%   123 2735s
 1784651 250992 infeasible  206         2.00000    0.00000   100%   123 2740s
 1786774 251158 infeasible  203         2.00000    0.00000   100%   123 2745s
 1791866 251650    0.00000  199   75    2.00000    0.00000   100%   123 2750s
 1795016 251825    1.00000  214   50    2.00000    0.00000   100%   123 2756s
 1797569 252003    0.00000  197   15    2.00000    0.00000   100%   123 2760s
 1803086 252596    0.00000  206   69    2.00000    0.00000   100%   122 2765s
 1806251 253008    0.00000  195   67    2.00000    0.00000   100%   122 2770s
 1811160 253505    0.00000  167   90    2.00000    0.00000   100%   122 2775s
 1814915 253927    0.00000  159  121    2.00000    0.00000   100%   122 2780s
 1818540 254269    1.00000  183  116    2.00000    0.00000   100%   122 2785s
 1822393 254609 infeasible  177         2.00000    0.00000   100%   122 2790s
 1826628 254882    0.00000  182   88    2.00000    0.00000   100%   122 2796s
 1830614 255110    0.00000  173  108    2.00000    0.00000   100%   122 2800s
 1831478 255140    0.00000  174   67    2.00000    0.00000   100%   122 2805s
 1831890 255184    0.00000  178   74    2.00000    0.00000   100%   122 2810s
 1833498 255307    0.00000  178   72    2.00000    0.00000   100%   122 2815s
 1836737 255381 infeasible  173         2.00000    0.00000   100%   122 2820s
 1841932 255592 infeasible  200         2.00000    0.00000   100%   122 2826s
 1846628 255714    1.00000  178   28    2.00000    0.00000   100%   122 2830s
 1849510 256009    0.00000  184   78    2.00000    0.00000   100%   122 2835s
 1854118 256413    0.00000  177   20    2.00000    0.00000   100%   122 2840s
 1858123 256776    0.00000  179   60    2.00000    0.00000   100%   122 2845s
 1860382 257011    0.00000  177   35    2.00000    0.00000   100%   122 2850s
 1864799 257309 infeasible  177         2.00000    0.00000   100%   122 2855s
 1868587 257653    0.00000  176   98    2.00000    0.00000   100%   122 2860s
 1871934 257894 infeasible  177         2.00000    0.00000   100%   122 2865s
 1876610 258105    0.00000  183  110    2.00000    0.00000   100%   122 2870s
 1879809 258263 infeasible  180         2.00000    0.00000   100%   122 2875s
 1885668 258555    0.00000  177   23    2.00000    0.00000   100%   122 2880s
 1889561 258678 infeasible  177         2.00000    0.00000   100%   122 2885s
 1891857 260156 infeasible  177         2.00000    0.00000   100%   122 2890s
 1896188 261112    0.00000  205   87    2.00000    0.00000   100%   122 2895s
 1900448 261734    1.00000  187   18    2.00000    0.00000   100%   122 2900s
 1903270 262564    0.00000  189   47    2.00000    0.00000   100%   122 2905s
 1908501 263416 infeasible  200         2.00000    0.00000   100%   122 2910s
 1910838 263924    0.00000  199   49    2.00000    0.00000   100%   122 2915s
 1914452 264617 infeasible  216         2.00000    0.00000   100%   122 2920s
 1917698 265091 infeasible  194         2.00000    0.00000   100%   122 2925s
 1921254 265376    0.00000  224   53    2.00000    0.00000   100%   122 2930s
 1924875 265942 infeasible  213         2.00000    0.00000   100%   122 2935s
 1928672 266369    0.00000  210   75    2.00000    0.00000   100%   122 2940s
 1931759 267237    0.00000  214   75    2.00000    0.00000   100%   122 2953s
 1939541 267285    1.00000  208   68    2.00000    0.00000   100%   122 2955s
 1942144 267619    0.00000  198   80    2.00000    0.00000   100%   122 2961s
 1943930 267891    0.00000  200   39    2.00000    0.00000   100%   122 2966s
 1945270 268054 infeasible  210         2.00000    0.00000   100%   122 2970s
 1949010 268390    0.00000  192   42    2.00000    0.00000   100%   122 2975s
 1952945 268729    0.00000  201   83    2.00000    0.00000   100%   122 2980s
 1956501 269111    0.00000  197   20    2.00000    0.00000   100%   122 2985s
 1960907 269395    1.00000  204   76    2.00000    0.00000   100%   122 2990s
 1963673 269633 infeasible  221         2.00000    0.00000   100%   122 2995s
 1967101 269904    1.00000  210   64    2.00000    0.00000   100%   122 3000s
 1970614 270104 infeasible  221         2.00000    0.00000   100%   122 3005s
 1974071 270307    0.00000  206   67    2.00000    0.00000   100%   122 3011s
 1976561 270574    0.00000  217   84    2.00000    0.00000   100%   122 3016s
 1980193 271106 infeasible  201         2.00000    0.00000   100%   122 3020s
 1984281 271666    0.00000  202   51    2.00000    0.00000   100%   122 3025s
 1988225 272311 infeasible  194         2.00000    0.00000   100%   122 3030s
 1990037 272421 infeasible  207         2.00000    0.00000   100%   122 3036s
 1990077 272466    0.00000  215   78    2.00000    0.00000   100%   122 3040s
 1992707 272740    1.00000  205   97    2.00000    0.00000   100%   122 3045s
 1994515 273083    1.00000  195   94    2.00000    0.00000   100%   122 3050s
 1998539 273977 infeasible  193         2.00000    0.00000   100%   122 3055s
 2001969 274423    0.00000  197   13    2.00000    0.00000   100%   122 3060s
 2004196 274890    0.00000  207   13    2.00000    0.00000   100%   122 3065s
 2006132 275187    0.00000  198   47    2.00000    0.00000   100%   122 3070s
 2009519 275834    0.00000  190   57    2.00000    0.00000   100%   122 3075s
 2013840 276698    0.00000  197   31    2.00000    0.00000   100%   122 3081s
 2015539 276933    0.00000  183   84    2.00000    0.00000   100%   122 3085s
 2018882 277428    0.00000  197   10    2.00000    0.00000   100%   122 3090s
 2022497 278005    1.00000  199   69    2.00000    0.00000   100%   122 3095s
 2026164 278336    0.00000  194   85    2.00000    0.00000   100%   122 3100s
 2028534 278612    0.00000  187   20    2.00000    0.00000   100%   122 3105s
 2031717 279071    1.00000  199   73    2.00000    0.00000   100%   122 3110s
 2035306 279396 infeasible  199         2.00000    0.00000   100%   123 3116s
 2035486 279571     cutoff  197         2.00000    0.00000   100%   123 3121s
 2039638 279730    0.00000  197   87    2.00000    0.00000   100%   123 3125s
 2043679 280013    1.00000  182   68    2.00000    0.00000   100%   123 3131s
 2046718 280267    0.00000  201   93    2.00000    0.00000   100%   123 3136s
 2049444 280522 infeasible  193         2.00000    0.00000   100%   123 3140s
 2052149 281053     cutoff  197         2.00000    0.00000   100%   123 3145s
 2056471 281765    1.00000  204   58    2.00000    0.00000   100%   123 3150s
 2059674 282089    0.00000  206   12    2.00000    0.00000   100%   123 3155s
 2059713 282098    1.00000  208   18    2.00000    0.00000   100%   123 3160s
 2059745 282107 infeasible  210         2.00000    0.00000   100%   123 3165s
 2060117 282331    1.00000  204   50    2.00000    0.00000   100%   123 3170s
 2063020 282782 infeasible  205         2.00000    0.00000   100%   123 3175s
 2066995 283242 infeasible  213         2.00000    0.00000   100%   123 3180s
 2070163 283998    0.00000  193   67    2.00000    0.00000   100%   123 3185s
 2074415 284756 infeasible  207         2.00000    0.00000   100%   123 3190s
 2078868 285753    0.00000  202   78    2.00000    0.00000   100%   123 3195s
 2081277 286220    1.00000  203   98    2.00000    0.00000   100%   123 3200s
 2086082 287110    0.00000  205   64    2.00000    0.00000   100%   123 3205s
 2090719 287920 infeasible  187         2.00000    0.00000   100%   123 3210s
 2092945 288179 infeasible  207         2.00000    0.00000   100%   123 3215s
 2097452 288875 infeasible  208         2.00000    0.00000   100%   123 3220s
 2102341 289615    0.00000  191   66    2.00000    0.00000   100%   123 3225s
 2105308 290285    0.00000  177   10    2.00000    0.00000   100%   123 3230s
 2109581 291291 infeasible  199         2.00000    0.00000   100%   123 3236s
 2112923 291740 infeasible  210         2.00000    0.00000   100%   123 3240s
 2117621 292483 infeasible  199         2.00000    0.00000   100%   123 3245s
 2122010 293287    1.00000  199   73    2.00000    0.00000   100%   123 3250s
 2124351 293877    1.00000  187   49    2.00000    0.00000   100%   123 3255s
 2128910 294604 infeasible  207         2.00000    0.00000   100%   123 3260s
 2133559 295453 infeasible  193         2.00000    0.00000   100%   123 3265s
 2137722 296557 infeasible  193         2.00000    0.00000   100%   123 3270s
 2142266 297471 infeasible  199         2.00000    0.00000   100%   123 3275s
 2144983 298149    1.00000  197   78    2.00000    0.00000   100%   123 3280s
 2149597 299300    1.00000  215   39    2.00000    0.00000   100%   123 3285s
 2153701 300295    1.00000  193   87    2.00000    0.00000   100%   123 3290s
 2158046 301545 infeasible  207         2.00000    0.00000   100%   123 3296s
 2162527 302531    1.00000  193  117    2.00000    0.00000   100%   123 3300s
 2165505 303248    0.00000  197   29    2.00000    0.00000   100%   123 3305s
 2165551 303276    1.00000  201   86    2.00000    0.00000   100%   123 3311s
 2165685 303390    1.00000  203   88    2.00000    0.00000   100%   123 3315s
 2167581 304004    1.00000  187  114    2.00000    0.00000   100%   123 3320s
 2171004 304734    1.00000  203  105    2.00000    0.00000   100%   123 3325s
 2175528 305724    1.00000  204   92    2.00000    0.00000   100%   123 3330s
 2178862 306377    1.00000  200   78    2.00000    0.00000   100%   123 3335s
 2183142 307207 infeasible  217         2.00000    0.00000   100%   123 3340s
 2186845 307899    0.00000  195   92    2.00000    0.00000   100%   123 3345s
 2191479 308687 infeasible  208         2.00000    0.00000   100%   123 3350s
 2195549 309320 infeasible  207         2.00000    0.00000   100%   123 3355s
 2198297 309698 infeasible  217         2.00000    0.00000   100%   123 3360s
 2201644 310007    0.00000  201   48    2.00000    0.00000   100%   123 3365s
 2205407 310373    1.00000  203   73    2.00000    0.00000   100%   123 3370s
 2208335 310733 infeasible  206         2.00000    0.00000   100%   123 3375s
 2212697 311711    1.00000  216   54    2.00000    0.00000   100%   123 3380s
 2216188 312677    0.00000  204   83    2.00000    0.00000   100%   123 3385s
 2219372 313462    1.00000  210   52    2.00000    0.00000   100%   123 3390s
 2224746 315362 infeasible  194         2.00000    0.00000   100%   122 3395s
 2228156 316562    0.00000  193   89    2.00000    0.00000   100%   122 3400s
 2231788 317620    1.00000  199   80    2.00000    0.00000   100%   122 3405s
 2237030 319220    1.00000  222   90    2.00000    0.00000   100%   122 3410s
 2240440 320265    0.00000  203   97    2.00000    0.00000   100%   122 3415s
 2244986 321952    0.00000  182  105    2.00000    0.00000   100%   122 3421s
 2249204 323467 infeasible  207         2.00000    0.00000   100%   122 3425s
 2252051 324459 infeasible  230         2.00000    0.00000   100%   122 3430s
 2256752 325723    0.00000  208   83    2.00000    0.00000   100%   122 3435s
 2260992 326962    1.00000  225   80    2.00000    0.00000   100%   122 3440s
 2263704 327751    1.00000  214   76    2.00000    0.00000   100%   122 3446s
 2263739 327760 infeasible  216         2.00000    0.00000   100%   122 3451s
 2264315 327958 infeasible  217         2.00000    0.00000   100%   122 3455s
 2267275 328502 infeasible  207         2.00000    0.00000   100%   122 3460s
 2271169 328953    0.00000  217   41    2.00000    0.00000   100%   122 3465s
 2273848 329511    1.00000  206   85    2.00000    0.00000   100%   122 3470s
 2278156 330348    0.00000  200   44    2.00000    0.00000   100%   122 3475s
 2281948 330817    1.00000  220   61    2.00000    0.00000   100%   122 3480s
 2286280 331431 infeasible  193         2.00000    0.00000   100%   122 3485s
 2291285 331882    1.00000  207   50    2.00000    0.00000   100%   122 3490s
 2294064 332457    0.00000  204  120    2.00000    0.00000   100%   122 3495s
 2297833 333105    1.00000  222   55    2.00000    0.00000   100%   122 3500s
 2301309 333721    0.00000  207   19    2.00000    0.00000   100%   122 3505s
 2303053 334013 infeasible  209         2.00000    0.00000   100%   122 3510s
 2306745 334425    0.00000  215   92    2.00000    0.00000   100%   122 3515s
 2310172 334859    1.00000  217   60    2.00000    0.00000   100%   122 3520s
 2313682 335411    1.00000  206   85    2.00000    0.00000   100%   122 3526s
 2316786 335843 infeasible  215         2.00000    0.00000   100%   122 3531s
 2320405 336451 infeasible  223         2.00000    0.00000   100%   122 3535s
 2323557 336943    1.00000  221   50    2.00000    0.00000   100%   122 3540s
 2326646 337357    0.00000  188   53    2.00000    0.00000   100%   122 3545s
 2330154 337877    0.00000  216    7    2.00000    0.00000   100%   122 3550s
 2333640 338334 infeasible  210         2.00000    0.00000   100%   122 3555s
 2336559 338586    1.00000  185  120    2.00000    0.00000   100%   122 3561s
 2336607 338593    1.00000  185   41    2.00000    0.00000   100%   122 3566s
 2336673 338639 infeasible  185         2.00000    0.00000   100%   122 3571s
 2338664 338864 infeasible  214         2.00000    0.00000   100%   122 3576s
 2342426 339347 infeasible  210         2.00000    0.00000   100%   123 3581s
 2346203 339723 infeasible  214         2.00000    0.00000   100%   123 3586s
 2347986 339925 infeasible  204         2.00000    0.00000   100%   123 3590s
 2352346 340495 infeasible  207         2.00000    0.00000   100%   123 3595s
 2355350 340754 infeasible  195         2.00000    0.00000   100%   123 3601s
 2357750 341395 infeasible  209         2.00000    0.00000   100%   123 3605s
 2361419 342216    1.00000  210   43    2.00000    0.00000   100%   123 3611s
 2364719 342885    1.00000  189  107    2.00000    0.00000   100%   123 3615s
 2367454 343345 infeasible  221         2.00000    0.00000   100%   123 3620s
 2370394 344111    1.00000  200  118    2.00000    0.00000   100%   123 3625s
 2375031 345310 infeasible  203         2.00000    0.00000   100%   123 3630s
 2378006 345941    0.76583  197   80    2.00000    0.00000   100%   123 3635s
 2382185 346899    0.00000  189   44    2.00000    0.00000   100%   123 3640s
 2386290 347575 infeasible  197         2.00000    0.00000   100%   123 3645s
 2388790 348055    0.00000  195   95    2.00000    0.00000   100%   123 3650s
 2392174 348598    1.00000  208   91    2.00000    0.00000   100%   123 3655s
 2397296 349546    0.00000  197   22    2.00000    0.00000   100%   123 3660s
 2400525 350217    1.00000  194   61    2.00000    0.00000   100%   123 3665s
 2404878 351149 infeasible  214         2.00000    0.00000   100%   123 3670s
 2409334 351853    0.00000  192  120    2.00000    0.00000   100%   123 3675s
 2411377 352574    0.00000  190   70    2.00000    0.00000   100%   123 3680s
 2416083 353786    1.00000  202   78    2.00000    0.00000   100%   123 3685s
*2417089 196557             249       1.0000000    0.00000   100%   123 3686s
 2417906 196336    0.00000  173    8    1.00000    0.00000   100%   123 3916s
 2417921 196346    0.00000  224   13    1.00000    0.00000   100%   123 3920s
 2418072 196652    0.00000   71   43    1.00000    0.00000   100%   123 3925s
 2419224 197368    0.00000  104  106    1.00000    0.00000   100%   123 3931s
 2419709 197816 infeasible  158         1.00000    0.00000   100%   123 3936s
 2420654 198468    0.00000  136   49    1.00000    0.00000   100%   123 3941s
 2423293 199168 infeasible  193         1.00000    0.00000   100%   123 3945s
 2424090 199248    0.00000  199   62    1.00000    0.00000   100%   123 3950s
 2427806 199852 infeasible  223         1.00000    0.00000   100%   123 3955s
 2430181 199860    0.00000  198   48    1.00000    0.00000   100%   123 3960s
 2433688 201013    0.00000  140   81    1.00000    0.00000   100%   123 3965s
 2435519 202831    0.00000  120   43    1.00000    0.00000   100%   123 3974s
 2439039 201942    0.00000  169   74    1.00000    0.00000   100%   123 3976s
 2440877 202496 infeasible  198         1.00000    0.00000   100%   123 3980s
 2444789 203362    0.00000  206   42    1.00000    0.00000   100%   123 3986s
 2447900 203260    0.00000  188   32    1.00000    0.00000   100%   123 3990s
 2448626 203611 infeasible  157         1.00000    0.00000   100%   123 3995s
 2450893 204622    0.00000  174   39    1.00000    0.00000   100%   123 4000s
 2455872 204642    0.00000  202   58    1.00000    0.00000   100%   123 4005s
 2459194 205254    0.00000  203   60    1.00000    0.00000   100%   123 4010s
 2462088 205661 infeasible  216         1.00000    0.00000   100%   123 4015s
 2466164 206262    0.00000  154   61    1.00000    0.00000   100%   123 4020s
 2469297 206580    0.00000  171   29    1.00000    0.00000   100%   123 4025s
 2472200 207329    0.00000  201   21    1.00000    0.00000   100%   123 4031s
 2475968 207867 infeasible  230         1.00000    0.00000   100%   123 4035s
 2478552 207905    0.00000  212   30    1.00000    0.00000   100%   123 4040s
 2481879 208307 infeasible  201         1.00000    0.00000   100%   123 4045s
 2483909 208941 infeasible  198         1.00000    0.00000   100%   123 4051s
 2487854 209258    0.00000  215   63    1.00000    0.00000   100%   123 4055s
 2491763 209725    0.00000  210   13    1.00000    0.00000   100%   123 4060s
 2495952 210358    0.00000  207   75    1.00000    0.00000   100%   123 4066s
 2500296 210728    0.00000  211   84    1.00000    0.00000   100%   123 4070s
 2503315 210567    0.00000  196   40    1.00000    0.00000   100%   123 4075s
 2506672 211586 infeasible  201         1.00000    0.00000   100%   123 4080s
 2508355 211525 infeasible  222         1.00000    0.00000   100%   123 4085s
 2509484 212055    0.00000  107   77    1.00000    0.00000   100%   123 4091s
 2511890 212499    0.00000  201   16    1.00000    0.00000   100%   123 4096s
 2514909 213001    0.00000  219   31    1.00000    0.00000   100%   123 4101s
 2519083 213472    0.00000  185   49    1.00000    0.00000   100%   123 4105s
 2523754 213499    0.00000  212   22    1.00000    0.00000   100%   123 4110s
 2527674 213841 infeasible  221         1.00000    0.00000   100%   123 4115s
 2531537 214148    0.00000  172   31    1.00000    0.00000   100%   123 4120s
 2535741 214624    0.00000  232   21    1.00000    0.00000   100%   123 4125s
 2539128 215891    0.00000  168   48    1.00000    0.00000   100%   123 4131s
 2543695 216330 infeasible  212         1.00000    0.00000   100%   123 4135s
 2547343 216625    0.00000  211   66    1.00000    0.00000   100%   123 4140s
 2552778 217341    0.00000  178   35    1.00000    0.00000   100%   123 4145s
 2556615 217614 infeasible  231         1.00000    0.00000   100%   123 4150s
 2561262 218488    0.00000  130   83    1.00000    0.00000   100%   123 4155s
 2564642 218402    0.00000  189   42    1.00000    0.00000   100%   123 4160s
 2564919 218523    0.00000  211    9    1.00000    0.00000   100%   123 4165s
 2567286 218899    0.00000  191   15    1.00000    0.00000   100%   123 4170s
 2568340 219442    0.00000  187   35    1.00000    0.00000   100%   123 4175s
 2572076 219660    0.00000  227   75    1.00000    0.00000   100%   123 4180s
 2576673 220008    0.00000  206   58    1.00000    0.00000   100%   123 4185s
 2579896 220416    0.00000  223   53    1.00000    0.00000   100%   123 4190s
 2584715 220707    0.00000  188   80    1.00000    0.00000   100%   123 4195s
 2588411 220774 infeasible  198         1.00000    0.00000   100%   122 4200s
 2592525 221425    0.00000  185   55    1.00000    0.00000   100%   122 4205s
 2596985 221753    0.00000  180   28    1.00000    0.00000   100%   122 4210s
 2599186 222659 infeasible  249         1.00000    0.00000   100%   122 4215s
 2606793 222987    0.00000  190   11    1.00000    0.00000   100%   122 4220s
 2610831 223186 infeasible  227         1.00000    0.00000   100%   122 4225s
 2615757 223275    0.00000  151   17    1.00000    0.00000   100%   122 4230s
 2618758 223561 infeasible  209         1.00000    0.00000   100%   122 4235s
 2622582 223860 infeasible  231         1.00000    0.00000   100%   122 4240s
 2628539 223997    0.00000  204   40    1.00000    0.00000   100%   122 4246s
 2631923 224158    0.00000  185   24    1.00000    0.00000   100%   122 4250s
 2637465 224381    0.00000  216   55    1.00000    0.00000   100%   122 4255s
 2642148 224667    0.00000  191   24    1.00000    0.00000   100%   122 4260s
 2643017 227178    0.00000  230   16    1.00000    0.00000   100%   122 4276s
 2652551 225050 infeasible  217         1.00000    0.00000   100%   122 4280s
 2656062 225619 infeasible  211         1.00000    0.00000   100%   122 4285s
 2660386 225437    0.00000  227   53    1.00000    0.00000   100%   122 4290s
 2663504 225755    0.00000  185   35    1.00000    0.00000   100%   122 4296s
 2666888 225861 infeasible  161         1.00000    0.00000   100%   122 4300s
 2671157 226429    0.00000  223   56    1.00000    0.00000   100%   122 4305s
 2673043 229756    0.00000  212   36    1.00000    0.00000   100%   122 4318s
 2682089 227368    0.00000  244   33    1.00000    0.00000   100%   122 4320s
 2687006 227351 infeasible  235         1.00000    0.00000   100%   122 4325s
 2690457 227459    0.00000  228   23    1.00000    0.00000   100%   122 4330s
 2693146 227294    0.00000  228   24    1.00000    0.00000   100%   122 4335s
 2697591 226891 infeasible  245         1.00000    0.00000   100%   122 4340s
 2701929 226438    0.00000  228   18    1.00000    0.00000   100%   122 4345s
 2706174 226587 infeasible  233         1.00000    0.00000   100%   122 4350s
 2710291 226272    0.00000  217   29    1.00000    0.00000   100%   122 4355s
 2710354 226266    0.00000  219   22    1.00000    0.00000   100%   122 4360s
 2711152 226388    0.00000  186   63    1.00000    0.00000   100%   122 4365s
 2714018 226475    0.00000  227   36    1.00000    0.00000   100%   122 4370s
 2717846 226289    0.00000  224   54    1.00000    0.00000   100%   122 4375s
 2721949 226184    0.00000  171   33    1.00000    0.00000   100%   122 4380s
 2725018 226591 infeasible  236         1.00000    0.00000   100%   122 4385s
 2731266 226905 infeasible  239         1.00000    0.00000   100%   122 4390s
 2733508 229110    0.00000  205   51    1.00000    0.00000   100%   122 4399s
 2740393 227105    0.00000  199   49    1.00000    0.00000   100%   122 4400s
 2743673 226870    0.00000  235   49    1.00000    0.00000   100%   122 4405s
 2746763 227183 infeasible  224         1.00000    0.00000   100%   122 4410s
 2751560 227254    0.00000  233   24    1.00000    0.00000   100%   122 4415s
 2755060 227150    0.00000  203   46    1.00000    0.00000   100%   122 4420s
 2760224 227145 infeasible  211         1.00000    0.00000   100%   122 4425s
 2763421 229405    0.00000  216   30    1.00000    0.00000   100%   122 4437s
 2771748 227565 infeasible  220         1.00000    0.00000   100%   122 4440s
 2776223 227609    0.00000  229   51    1.00000    0.00000   100%   122 4445s
 2778976 227807    0.00000  205   47    1.00000    0.00000   100%   122 4450s
 2782113 228292    0.00000  201   91    1.00000    0.00000   100%   122 4455s
 2787353 228171 infeasible  236         1.00000    0.00000   100%   122 4460s
 2790789 228146 infeasible  244         1.00000    0.00000   100%   122 4465s
 2795470 228626    0.00000  228   47    1.00000    0.00000   100%   122 4470s
 2798868 228338    0.00000  184   89    1.00000    0.00000   100%   122 4475s
 2798900 228340    0.00000  185   89    1.00000    0.00000   100%   122 4480s
 2799124 228622 infeasible  231         1.00000    0.00000   100%   122 4485s
 2800576 228641    0.00000  187   53    1.00000    0.00000   100%   122 4490s
 2804716 229659    0.00000  197   29    1.00000    0.00000   100%   122 4495s
 2807936 230211    0.00000  170   40    1.00000    0.00000   100%   122 4501s
 2811186 230107 infeasible  235         1.00000    0.00000   100%   122 4505s
 2815282 230735    0.00000  165   37    1.00000    0.00000   100%   122 4510s
 2820678 231051 infeasible  186         1.00000    0.00000   100%   122 4515s
 2824230 231315    0.00000  215   43    1.00000    0.00000   100%   122 4520s
 2829006 231734 infeasible  184         1.00000    0.00000   100%   122 4525s
 2833171 232295    0.00000  171   23    1.00000    0.00000   100%   122 4530s
 2837958 232333    0.00000  244   40    1.00000    0.00000   100%   122 4536s
 2837975 235171 infeasible  245         1.00000    0.00000   100%   122 4544s
 2845988 232665    0.00000  212   38    1.00000    0.00000   100%   122 4545s
 2851212 233301 infeasible  230         1.00000    0.00000   100%   122 4550s
 2855316 234129    0.00000  216   42    1.00000    0.00000   100%   122 4555s
 2858903 234835    0.00000  196   63    1.00000    0.00000   100%   122 4560s
 2863381 235192    0.00000  191   16    1.00000    0.00000   100%   122 4565s
 2866798 235499    0.00000  187   39    1.00000    0.00000   100%   122 4570s
 2871105 235320    0.00000  199   54    1.00000    0.00000   100%   122 4575s
 2876027 235520    0.00000  217   52    1.00000    0.00000   100%   122 4580s
 2879215 235807    0.00000  122   60    1.00000    0.00000   100%   122 4585s
 2883979 235909    0.00000  193   21    1.00000    0.00000   100%   122 4590s
 2887741 235916    0.00000  221   14    1.00000    0.00000   100%   122 4595s
 2891998 236507 infeasible  190         1.00000    0.00000   100%   122 4600s
 2895547 236216    0.00000  122   27    1.00000    0.00000   100%   122 4606s
 2895599 236243    0.00000  125   29    1.00000    0.00000   100%   122 4610s
 2896816 236510    0.00000  206   48    1.00000    0.00000   100%   122 4615s
 2901014 237234    0.00000  162   31    1.00000    0.00000   100%   122 4620s
 2905443 237514 infeasible  231         1.00000    0.00000   100%   122 4625s
 2910257 238266    0.00000  184   19    1.00000    0.00000   100%   122 4630s
 2915188 238086    0.00000  191   22    1.00000    0.00000   100%   121 4635s
 2918975 238378 infeasible  151         1.00000    0.00000   100%   121 4640s
 2921444 238680    0.00000  200   46    1.00000    0.00000   100%   121 4645s
 2925934 238892 infeasible  141         1.00000    0.00000   100%   121 4650s
 2931159 239116 infeasible  227         1.00000    0.00000   100%   121 4655s
 2934595 239160    0.00000  207   53    1.00000    0.00000   100%   121 4660s
 2938091 239593    0.00000  170   56    1.00000    0.00000   100%   121 4665s
 2940811 240132    0.00000  161   40    1.00000    0.00000   100%   121 4671s
 2944123 240506    0.00000  145   52    1.00000    0.00000   100%   121 4675s
 2946393 240767    0.00000  160   26    1.00000    0.00000   100%   121 4681s
 2948794 241184    0.00000  211   18    1.00000    0.00000   100%   121 4685s
 2951666 241773    0.00000  126   40    1.00000    0.00000   100%   122 4690s
 2956243 241986 infeasible  225         1.00000    0.00000   100%   121 4695s
 2960730 242837    0.00000  180   42    1.00000    0.00000   100%   121 4700s
 2964488 243760    0.00000  186   66    1.00000    0.00000   100%   121 4705s
 2967387 243558    0.00000  133   40    1.00000    0.00000   100%   121 4711s
 2967686 243820    0.00000  136   30    1.00000    0.00000   100%   121 4716s
 2970356 244119 infeasible  191         1.00000    0.00000   100%   121 4721s
 2970571 245827 infeasible  192         1.00000    0.00000   100%   121 4725s
 2979387 244709    0.00000  186   56    1.00000    0.00000   100%   121 4730s
 2983816 244996    0.00000  229   49    1.00000    0.00000   100%   121 4735s
 2987533 245105 infeasible  171         1.00000    0.00000   100%   121 4740s
 2991663 245623 infeasible  211         1.00000    0.00000   100%   121 4745s
 2997139 245622    0.00000  240   46    1.00000    0.00000   100%   121 4750s
 3000659 246397    0.00000  182   63    1.00000    0.00000   100%   121 4755s
 3005963 246449    0.00000  180   61    1.00000    0.00000   100%   121 4760s
 3009517 247707    0.00000  230   65    1.00000    0.00000   100%   121 4765s
 3014359 249370 infeasible  241         1.00000    0.00000   100%   121 4770s
 3017811 250688    0.00000  200   15    1.00000    0.00000   100%   121 4775s
 3020664 252067    0.00000  187   31    1.00000    0.00000   100%   121 4780s
 3026239 253863    0.00000  232   25    1.00000    0.00000   100%   121 4785s
 3029531 254741    0.00000  231   25    1.00000    0.00000   100%   121 4790s
 3035075 256444    0.00000  240   26    1.00000    0.00000   100%   121 4795s
 3038721 257983    0.00000  191   59    1.00000    0.00000   100%   121 4800s
 3042835 259787 infeasible  213         1.00000    0.00000   100%   121 4805s
 3046834 261524    0.00000  211   47    1.00000    0.00000   100%   121 4810s
 3050078 262556    0.00000  242   26    1.00000    0.00000   100%   121 4815s
 3054357 263873    0.00000  171   16    1.00000    0.00000   100%   121 4820s
 3057200 264949    0.00000  198   45    1.00000    0.00000   100%   121 4825s
 3059940 265753    0.00000  240   34    1.00000    0.00000   100%   121 4830s
 3059949 268851 infeasible  241         1.00000    0.00000   100%   121 4838s
 3068807 269588 infeasible  221         1.00000    0.00000   100%   121 4840s
 3069555 269619    0.00000  207   54    1.00000    0.00000   100%   121 4845s
 3069669 269861    0.00000  209   31    1.00000    0.00000   100%   121 4850s
 3072649 271178    0.00000  220    8    1.00000    0.00000   100%   121 4855s
 3075689 272165    0.00000  213   28    1.00000    0.00000   100%   121 4861s
 3079469 273589 infeasible  236         1.00000    0.00000   100%   121 4865s
 3083518 275137    0.00000  216   67    1.00000    0.00000   100%   121 4870s
 3089300 276840    0.00000  238   45    1.00000    0.00000   100%   121 4876s
 3093231 278117    0.00000  222   31    1.00000    0.00000   100%   121 4880s
 3097608 279500    0.00000  236   18    1.00000    0.00000   100%   121 4885s
 3101789 281391    0.00000  205   46    1.00000    0.00000   100%   121 4890s
 3105394 283407    0.00000  216   68    1.00000    0.00000   100%   121 4895s
 3110191 285617    0.00000  216   37    1.00000    0.00000   100%   121 4900s
 3113276 286926 infeasible  213         1.00000    0.00000   100%   121 4905s
 3118562 288842    0.00000  250   12    1.00000    0.00000   100%   121 4910s
 3123204 290281    0.00000  207   38    1.00000    0.00000   100%   121 4915s
 3126587 291833 infeasible  240         1.00000    0.00000   100%   121 4920s
 3131137 293551    0.00000  219   18    1.00000    0.00000   100%   121 4925s
 3134963 295082    0.00000  200   12    1.00000    0.00000   100%   121 4931s
 3139283 296656    0.00000  207   74    1.00000    0.00000   100%   121 4935s
 3143785 298081 infeasible  231         1.00000    0.00000   100%   121 4940s
 3147999 299964    0.00000  168   26    1.00000    0.00000   100%   121 4945s
 3152433 301369    0.00000  238   47    1.00000    0.00000   100%   121 4950s
 3155625 302612    0.00000  221   49    1.00000    0.00000   100%   121 4955s
 3160094 303683    0.00000  217   58    1.00000    0.00000   100%   121 4960s
 3160153 303695    0.00000  221   59    1.00000    0.00000   100%   121 4966s
 3160563 304026 infeasible  213         1.00000    0.00000   100%   121 4970s
 3162784 304978 infeasible  217         1.00000    0.00000   100%   121 4975s
 3165318 306913 infeasible  184         1.00000    0.00000   100%   121 4982s
 3171000 307871    0.00000  208   50    1.00000    0.00000   100%   121 4985s
 3175241 309546    0.00000  179   52    1.00000    0.00000   100%   121 4990s
 3178429 310870    0.00000  192   45    1.00000    0.00000   100%   121 4995s
 3182902 312585    0.00000  217   15    1.00000    0.00000   100%   121 5000s
 3186214 313557    0.00000  190    9    1.00000    0.00000   100%   121 5005s
 3190211 315483    0.00000  209   47    1.00000    0.00000   100%   121 5010s
 3194578 317400 infeasible  216         1.00000    0.00000   100%   121 5015s
 3202722 319455    0.00000  221   35    1.00000    0.00000   100%   120 5020s
 3207638 320798    0.00000  221   67    1.00000    0.00000   100%   120 5025s
 3211221 322459    0.00000  218   28    1.00000    0.00000   100%   120 5030s
 3215712 324162    0.00000  161   22    1.00000    0.00000   100%   120 5035s
 3218153 325055    0.00000  197   57    1.00000    0.00000   100%   120 5040s
 3221183 326818    0.00000  171   48    1.00000    0.00000   100%   120 5045s
 3224725 328784    0.00000  176   32    1.00000    0.00000   100%   120 5050s
 3228327 330168    0.00000  156   31    1.00000    0.00000   100%   120 5055s
 3231736 332189    0.00000  190   47    1.00000    0.00000   100%   120 5060s
 3236260 333970    0.00000  191   20    1.00000    0.00000   100%   120 5065s
 3239138 337495    0.00000  197   78    1.00000    0.00000   100%   120 5075s
 3248261 338640 infeasible  241         1.00000    0.00000   100%   120 5080s
 3252541 339832    0.00000  212   57    1.00000    0.00000   100%   120 5085s
 3257239 341526 infeasible  241         1.00000    0.00000   100%   120 5090s
 3259977 342242    0.00000  216   79    1.00000    0.00000   100%   120 5095s
 3261173 342638    0.00000  210   62    1.00000    0.00000   100%   120 5101s
 3262195 342923    0.00000  209   52    1.00000    0.00000   100%   120 5106s
 3264210 343689    0.00000  171   14    1.00000    0.00000   100%   120 5110s
 3267388 345346    0.00000  228   57    1.00000    0.00000   100%   120 5115s
 3272133 346850    0.00000  221   48    1.00000    0.00000   100%   120 5120s
 3275546 347760 infeasible  220         1.00000    0.00000   100%   120 5125s
 3280786 349449 infeasible  224         1.00000    0.00000   100%   120 5130s
 3284458 351096    0.00000  221   17    1.00000    0.00000   100%   120 5135s
 3289359 352655    0.00000  202   47    1.00000    0.00000   100%   120 5140s
 3293155 353640 infeasible  219         1.00000    0.00000   100%   120 5145s
 3298445 355714    0.00000  224   51    1.00000    0.00000   100%   120 5151s
 3303419 357404 infeasible  198         1.00000    0.00000   100%   120 5155s
 3307957 359018    0.00000  231   19    1.00000    0.00000   100%   120 5160s
 3312139 361339 infeasible  246         1.00000    0.00000   100%   120 5165s
 3313221 363953    0.00000  209   61    1.00000    0.00000   100%   120 5174s
 3321221 364336    0.00000  204   35    1.00000    0.00000   100%   120 5175s
 3325828 365978    0.00000  241   18    1.00000    0.00000   100%   120 5180s
 3331326 368134    0.00000  178   78    1.00000    0.00000   100%   120 5185s
 3334907 369341    0.00000  221   16    1.00000    0.00000   100%   120 5190s
 3340545 371331 infeasible  227         1.00000    0.00000   100%   120 5195s
 3345054 372823    0.00000  181   27    1.00000    0.00000   100%   120 5200s
 3349427 374783 infeasible  232         1.00000    0.00000   100%   120 5205s
 3353617 376306    0.00000  201   43    1.00000    0.00000   100%   120 5210s
 3356084 377081    0.00000  179   34    1.00000    0.00000   100%   120 5215s
 3359024 378349    0.00000  189   61    1.00000    0.00000   100%   120 5220s
 3360573 378536 infeasible  200         1.00000    0.00000   100%   120 5225s
 3360979 378872 infeasible  194         1.00000    0.00000   100%   120 5230s
 3364549 380499    0.00000  191   58    1.00000    0.00000   100%   120 5235s
 3367521 381727 infeasible  192         1.00000    0.00000   100%   120 5240s
 3371857 383150 infeasible  186         1.00000    0.00000   100%   120 5245s
 3376143 384265    0.00000  240   48    1.00000    0.00000   100%   120 5250s
 3380685 385967    0.00000  211   44    1.00000    0.00000   100%   120 5255s
 3384912 387459 infeasible  226         1.00000    0.00000   100%   120 5260s
 3388237 388673    0.00000  217   38    1.00000    0.00000   100%   120 5265s
 3392940 390429    0.00000  243   44    1.00000    0.00000   100%   120 5270s
 3397268 392287    0.00000  225   51    1.00000    0.00000   100%   120 5275s
 3400107 393261 infeasible  198         1.00000    0.00000   100%   120 5280s
 3404694 394970    0.00000  230   21    1.00000    0.00000   100%   120 5285s
 3408274 395949    0.00000  241   31    1.00000    0.00000   100%   120 5290s
 3412741 397735    0.00000  243   19    1.00000    0.00000   100%   120 5295s
 3416980 399304    0.00000  232   21    1.00000    0.00000   100%   120 5300s
 3419777 400462 infeasible  251         1.00000    0.00000   100%   120 5305s
 3424872 402149    0.00000  181   17    1.00000    0.00000   100%   120 5310s
 3429403 403574 infeasible  239         1.00000    0.00000   100%   120 5315s
 3433278 405165 infeasible  239         1.00000    0.00000   100%   120 5320s
 3438473 406723 infeasible  241         1.00000    0.00000   100%   120 5325s
 3441838 408029 infeasible  203         1.00000    0.00000   100%   120 5330s
 3444594 408579    0.00000  162   22    1.00000    0.00000   100%   120 5335s
 3444647 408591    0.00000  163   82    1.00000    0.00000   100%   120 5341s
 3444997 408905 infeasible  224         1.00000    0.00000   100%   120 5345s
 3446811 409508    0.00000  220    7    1.00000    0.00000   100%   120 5350s
 3450674 410764    0.00000  193   16    1.00000    0.00000   100%   120 5355s
 3453738 411882    0.00000  210   22    1.00000    0.00000   100%   120 5360s
 3458701 413643    0.00000  215   47    1.00000    0.00000   100%   120 5365s
 3461516 417329    0.00000  250   14    1.00000    0.00000   100%   120 5377s
 3471110 418207    0.00000  222   34    1.00000    0.00000   100%   119 5380s
 3474723 419288    0.00000  230   31    1.00000    0.00000   100%   119 5385s
 3479050 420975 infeasible  191         1.00000    0.00000   100%   119 5390s
 3482451 421950 infeasible  211         1.00000    0.00000   100%   119 5395s
 3485316 423590    0.00000  171   25    1.00000    0.00000   100%   119 5400s
 3489044 424978 infeasible  191         1.00000    0.00000   100%   119 5405s
 3491545 426084 infeasible  161         1.00000    0.00000   100%   119 5410s
 3495606 428166 infeasible  215         1.00000    0.00000   100%   119 5415s
 3500467 430044 infeasible  245         1.00000    0.00000   100%   119 5420s
 3503826 431040 infeasible  215         1.00000    0.00000   100%   119 5425s
 3508160 432385    0.00000  172   35    1.00000    0.00000   100%   119 5430s
 3513039 433945 infeasible  165         1.00000    0.00000   100%   119 5435s
 3516426 435203    0.00000  219   40    1.00000    0.00000   100%   119 5440s
 3520390 436585    0.00000  229   44    1.00000    0.00000   100%   119 5445s
 3524162 437894    0.00000  198   59    1.00000    0.00000   100%   119 5450s
 3529203 439592    0.00000  231   52    1.00000    0.00000   100%   119 5455s
 3534047 441203    0.00000  210   49    1.00000    0.00000   100%   119 5460s
 3535543 442244    0.00000  200   16    1.00000    0.00000   100%   119 5465s
 3540526 443591    0.00000  209   60    1.00000    0.00000   100%   119 5470s
 3545302 445644    0.00000  180   17    1.00000    0.00000   100%   119 5475s
 3548545 447415    0.00000  180   13    1.00000    0.00000   100%   119 5480s
 3551954 448273    0.00000  225   35    1.00000    0.00000   100%   119 5485s
 3552104 448424    0.00000  227   37    1.00000    0.00000   100%   119 5490s
 3552990 448994    0.00000  230   40    1.00000    0.00000   100%   119 5496s
 3553611 449389 infeasible  221         1.00000    0.00000   100%   119 5500s
 3556207 450792    0.00000  207   57    1.00000    0.00000   100%   119 5505s
 3560903 452798    0.00000  201   15    1.00000    0.00000   100%   119 5510s
 3564126 453716    0.00000  206   57    1.00000    0.00000   100%   119 5515s
 3566417 454627 infeasible  211         1.00000    0.00000   100%   119 5520s
 3570125 456334 infeasible  217         1.00000    0.00000   100%   119 5526s
 3573664 457686    0.00000  214   80    1.00000    0.00000   100%   119 5530s
 3577178 458683 infeasible  205         1.00000    0.00000   100%   119 5535s
 3580421 459872    0.00000  204   54    1.00000    0.00000   100%   119 5540s
 3584431 461185 infeasible  219         1.00000    0.00000   100%   119 5545s
 3588154 462226 infeasible  254         1.00000    0.00000   100%   119 5550s
 3592537 463534 infeasible  238         1.00000    0.00000   100%   119 5555s
 3596890 465151 infeasible  244         1.00000    0.00000   100%   119 5560s
 3600810 466484    0.00000  221   31    1.00000    0.00000   100%   119 5565s
 3605441 468057 infeasible  224         1.00000    0.00000   100%   119 5570s
 3608579 468881    0.00000  201   12    1.00000    0.00000   100%   119 5576s
 3608628 471933    0.00000  202   18    1.00000    0.00000   100%   119 5585s
 3619738 473419    0.00000  257   48    1.00000    0.00000   100%   119 5590s
 3624798 475030    0.00000  193   55    1.00000    0.00000   100%   119 5595s
 3627536 476036    0.00000  213   22    1.00000    0.00000   100%   119 5600s
 3630267 477829    0.00000  176   69    1.00000    0.00000   100%   119 5605s
 3633975 480088    0.00000  178   25    1.00000    0.00000   100%   119 5610s
 3638566 482406 infeasible  243         1.00000    0.00000   100%   119 5616s
 3641167 483398 infeasible  242         1.00000    0.00000   100%   119 5620s
 3646351 485562    0.00000  231   15    1.00000    0.00000   100%   119 5625s
 3650712 486975    0.00000  231   18    1.00000    0.00000   100%   119 5630s
 3654207 488440    0.00000  249   67    1.00000    0.00000   100%   119 5635s
 3660421 489907    0.00000  227   40    1.00000    0.00000   100%   119 5640s
 3664815 491187    0.00000  248   52    1.00000    0.00000   100%   119 5645s
 3665642 491223    0.00000  195   54    1.00000    0.00000   100%   119 5651s
 3665994 491458    0.00000  196   76    1.00000    0.00000   100%   119 5655s
 3668378 492154    0.00000  241   53    1.00000    0.00000   100%   119 5660s
 3668386 495394    0.00000  241   37    1.00000    0.00000   100%   119 5669s
 3676386 495393 infeasible  259         1.00000    0.00000   100%   119 5670s
 3679115 496849    0.00000  256   46    1.00000    0.00000   100%   119 5675s
 3683337 498690    0.00000  251   22    1.00000    0.00000   100%   119 5680s
 3687427 500223    0.00000  241   28    1.00000    0.00000   100%   119 5685s
 3692908 501830 infeasible  258         1.00000    0.00000   100%   119 5690s
 3695123 502301    0.00000  241   35    1.00000    0.00000   100%   119 5695s
 3699267 503819 infeasible  244         1.00000    0.00000   100%   119 5700s
 3704466 505758    0.00000  241   51    1.00000    0.00000   100%   119 5705s
 3709094 507538    0.00000  245   45    1.00000    0.00000   100%   119 5710s
 3713818 508916    0.00000  248   38    1.00000    0.00000   100%   119 5715s
 3718222 510085    0.00000  248   61    1.00000    0.00000   100%   119 5720s
 3723251 511965    0.00000  213   35    1.00000    0.00000   100%   119 5725s
 3727696 513591    0.00000  229   50    1.00000    0.00000   100%   119 5730s
 3732301 514848    0.00000  225   32    1.00000    0.00000   100%   119 5735s
 3738002 516479 infeasible  241         1.00000    0.00000   100%   119 5740s
 3741817 517865    0.00000  250   24    1.00000    0.00000   100%   119 5745s
 3746047 519510    0.00000  238   43    1.00000    0.00000   100%   119 5750s
 3750337 521047 infeasible  249         1.00000    0.00000   100%   119 5755s
 3753965 522589 infeasible  258         1.00000    0.00000   100%   119 5760s
 3758487 524597 infeasible  203         1.00000    0.00000   100%   119 5765s
 3761176 526198    0.00000  217   25    1.00000    0.00000   100%   119 5770s
 3766535 528593    0.00000  250   25    1.00000    0.00000   100%   119 5775s
 3770879 530674    0.00000  243   30    1.00000    0.00000   100%   119 5780s
 3773549 531391    0.00000  237   40    1.00000    0.00000   100%   119 5786s
 3773582 531483    0.00000  232   34    1.00000    0.00000   100%   119 5792s
 3774468 532276    0.00000  272   44    1.00000    0.00000   100%   119 5796s
 3776758 533262    0.00000  251   30    1.00000    0.00000   100%   119 5801s
 3780235 534705    0.00000  250   50    1.00000    0.00000   100%   119 5805s
 3783719 535775    0.00000  229   86    1.00000    0.00000   100%   119 5810s
 3788855 537348    0.00000  238   56    1.00000    0.00000   100%   119 5815s
 3793012 538516    0.00000  242   44    1.00000    0.00000   100%   119 5820s
 3796193 540313    0.00000  242   39    1.00000    0.00000   100%   119 5825s
 3801233 542497    0.00000  231   18    1.00000    0.00000   100%   119 5830s
 3804535 543925    0.00000  241   13    1.00000    0.00000   100%   119 5835s
 3809083 545543    0.00000  271   18    1.00000    0.00000   100%   119 5840s
 3813423 546988 infeasible  241         1.00000    0.00000   100%   119 5845s
 3816937 548015 infeasible  251         1.00000    0.00000   100%   119 5850s
 3822215 549951 infeasible  259         1.00000    0.00000   100%   119 5855s
 3826341 551336    0.00000  235   29    1.00000    0.00000   100%   119 5860s
 3830740 552427 infeasible  256         1.00000    0.00000   100%   119 5865s
 3832903 553965    0.00000  250   59    1.00000    0.00000   100%   119 5870s
 3837608 555983    0.00000  245   41    1.00000    0.00000   100%   119 5875s
 3844445 559021    0.00000  243   28    1.00000    0.00000   100%   119 5880s
 3849389 560687 infeasible  279         1.00000    0.00000   100%   119 5885s
 3855902 562136    0.00000  261   14    1.00000    0.00000   100%   119 5890s
 3859666 563223    0.00000  259   32    1.00000    0.00000   100%   119 5895s
 3865315 565131    0.00000  265   39    1.00000    0.00000   100%   119 5900s
 3869783 566772 infeasible  285         1.00000    0.00000   100%   119 5905s
 3875829 568702 infeasible  276         1.00000    0.00000   100%   119 5911s
 3878203 569025    0.00000  279   16    1.00000    0.00000   100%   119 5915s
 3882549 570758    0.00000  273   32    1.00000    0.00000   100%   119 5920s
 3887793 572272    0.00000  268   36    1.00000    0.00000   100%   119 5925s
 3892557 574359    0.00000  250   26    1.00000    0.00000   100%   119 5930s
 3898331 576046 infeasible  265         1.00000    0.00000   100%   118 5935s
 3900384 576663    0.00000  239   38    1.00000    0.00000   100%   118 5940s
 3903049 577633 infeasible  279         1.00000    0.00000   100%   118 5945s
 3906511 579244 infeasible  289         1.00000    0.00000   100%   118 5951s
 3910889 580435 infeasible  272         1.00000    0.00000   100%   118 5955s
 3917235 581528 infeasible  270         1.00000    0.00000   100%   118 5960s
 3920522 582884 infeasible  265         1.00000    0.00000   100%   118 5965s
 3925071 584443    0.00000  259   49    1.00000    0.00000   100%   118 5970s
 3930232 585774    0.00000  278   23    1.00000    0.00000   100%   118 5975s
 3935832 588192 infeasible  255         1.00000    0.00000   100%   118 5980s
 3941046 589434 infeasible  252         1.00000    0.00000   100%   118 5985s
 3945455 590852    0.00000  263   39    1.00000    0.00000   100%   118 5990s
 3949470 591939    0.00000  255   12    1.00000    0.00000   100%   118 5995s
 3953110 593173    0.00000  255   41    1.00000    0.00000   100%   118 6000s
 3958415 594496    0.00000  273   16    1.00000    0.00000   100%   118 6005s
 3963664 596105 infeasible  262         1.00000    0.00000   100%   118 6010s
 3968296 597793 infeasible  261         1.00000    0.00000   100%   118 6015s
 3969238 597802    0.00000  253   27    1.00000    0.00000   100%   118 6020s
 3969335 597852    0.00000  256   37    1.00000    0.00000   100%   118 6026s
 3970111 598388 infeasible  267         1.00000    0.00000   100%   118 6030s
 3972845 599496 infeasible  274         1.00000    0.00000   100%   118 6035s
 3978584 601575    0.00000  261   22    1.00000    0.00000   100%   118 6040s
 3983456 602854    0.00000  262   31    1.00000    0.00000   100%   118 6045s
 3989572 604443    0.00000  267   42    1.00000    0.00000   100%   118 6050s
 3994430 605990 infeasible  259         1.00000    0.00000   100%   118 6055s
 3999672 607515 infeasible  256         1.00000    0.00000   100%   118 6060s
 4004648 608612 infeasible  258         1.00000    0.00000   100%   118 6065s
 4008412 609727 infeasible  262         1.00000    0.00000   100%   118 6070s
 4014063 611279    0.00000  253   46    1.00000    0.00000   100%   118 6075s
 4018340 612873 infeasible  266         1.00000    0.00000   100%   118 6080s
 4024272 614820    0.00000  261   10    1.00000    0.00000   100%   118 6085s
 4028945 616383    0.00000  260   11    1.00000    0.00000   100%   118 6090s
 4034624 618007 infeasible  265         1.00000    0.00000   100%   118 6095s
 4037464 619018    0.00000  258   20    1.00000    0.00000   100%   118 6100s
 4044532 620410 infeasible  273         1.00000    0.00000   100%   117 6105s
 4049513 620947 infeasible  268         1.00000    0.00000   100%   117 6110s
 4055856 622127    0.00000  251   24    1.00000    0.00000   100%   117 6115s
 4059232 622870 infeasible  262         1.00000    0.00000   100%   117 6120s
 4065657 624062    0.00000  254   26    1.00000    0.00000   100%   117 6125s
 4070495 625200    0.00000  273   19    1.00000    0.00000   100%   117 6130s
 4075199 626531    0.00000  279   25    1.00000    0.00000   100%   117 6135s
 4080050 627748    0.00000  266   34    1.00000    0.00000   100%   117 6140s
 4086309 629446    0.00000  275   15    1.00000    0.00000   100%   117 6146s
 4088849 629810    0.00000  266   25    1.00000    0.00000   100%   117 6150s
 4093370 630847    0.00000  270   22    1.00000    0.00000   100%   117 6155s
 4099079 631998    0.00000  241   11    1.00000    0.00000   100%   117 6160s
 4103757 633423    0.00000  264   11    1.00000    0.00000   100%   117 6165s
 4109280 634934    0.00000  265   17    1.00000    0.00000   100%   117 6170s
 4113754 636318 infeasible  275         1.00000    0.00000   100%   117 6175s
 4115579 636506    0.00000  273   19    1.00000    0.00000   100%   117 6181s
 4115618 636524 infeasible  274         1.00000    0.00000   100%   117 6185s
 4115956 636593    0.00000  274   30    1.00000    0.00000   100%   117 6190s
 4118144 637095 infeasible  267         1.00000    0.00000   100%   117 6195s
 4121434 637561    0.00000  272   27    1.00000    0.00000   100%   117 6200s
 4125469 638372    0.00000  269   25    1.00000    0.00000   100%   117 6205s
 4131270 639628 infeasible  266         1.00000    0.00000   100%   117 6210s
 4136897 640375 infeasible  272         1.00000    0.00000   100%   117 6215s
 4139942 641303    0.00000  273   26    1.00000    0.00000   100%   117 6220s
 4144752 642585    0.00000  260   27    1.00000    0.00000   100%   117 6225s
 4149552 643193    0.00000  253   26    1.00000    0.00000   100%   117 6230s
 4154722 644777    0.00000  264   28    1.00000    0.00000   100%   117 6235s
 4160577 645891 infeasible  268         1.00000    0.00000   100%   117 6240s
 4165352 646988 infeasible  265         1.00000    0.00000   100%   117 6245s
 4170630 647974    0.00000  257   13    1.00000    0.00000   100%   116 6250s
 4176808 649276    0.00000  277   19    1.00000    0.00000   100%   116 6256s
 4182146 650378    0.00000  271   16    1.00000    0.00000   100%   116 6260s
 4186924 651232    0.00000  274   19    1.00000    0.00000   100%   116 6265s
 4191551 652601 infeasible  272         1.00000    0.00000   100%   116 6270s
 4194915 652866    0.00000  272   22    1.00000    0.00000   100%   116 6275s
 4200850 653998 infeasible  261         1.00000    0.00000   100%   116 6280s
 4206135 655528    0.00000  277   32    1.00000    0.00000   100%   116 6286s
 4211464 656620    0.00000  270   14    1.00000    0.00000   100%   116 6290s
 4217277 657910    0.00000  260   28    1.00000    0.00000   100%   116 6295s
 4222932 659010    0.00000  264   13    1.00000    0.00000   100%   116 6300s
 4228211 660016    0.00000  277   27    1.00000    0.00000   100%   116 6305s
 4233726 661404 infeasible  282         1.00000    0.00000   100%   116 6310s
 4236569 661960    0.00000  233   42    1.00000    0.00000   100%   116 6315s
 4242244 663774    0.00000  251   10    1.00000    0.00000   100%   116 6320s
 4247437 664931    0.00000  248   22    1.00000    0.00000   100%   116 6325s
 4252555 666280 infeasible  264         1.00000    0.00000   100%   116 6330s
 4258146 668009    0.00000  261   11    1.00000    0.00000   100%   116 6335s
 4263237 669284    0.00000  277   17    1.00000    0.00000   100%   116 6340s
 4268418 670374    0.00000  279   25    1.00000    0.00000   100%   116 6345s
 4274030 671854    0.00000  264   20    1.00000    0.00000   100%   116 6350s
 4276889 672359    0.00000  269   21    1.00000    0.00000   100%   116 6355s
 4280177 673226    0.00000  251   16    1.00000    0.00000   100%   116 6360s
 4281504 673249 infeasible  268         1.00000    0.00000   100%   116 6365s
 4281566 673336    0.00000  254    7    1.00000    0.00000   100%   116 6370s
 4284559 674124    0.00000  271   14    1.00000    0.00000   100%   116 6375s
 4289340 675214    0.00000  271   28    1.00000    0.00000   100%   116 6380s
 4293712 676080    0.00000  260   12    1.00000    0.00000   100%   116 6385s
 4299303 676953    0.00000  261   29    1.00000    0.00000   100%   116 6390s
 4303928 677840    0.00000  263   50    1.00000    0.00000   100%   116 6395s
 4309287 678854    0.00000  263   20    1.00000    0.00000   100%   116 6400s
 4313874 679551    0.00000  252   23    1.00000    0.00000   100%   116 6405s
 4320013 680360    0.00000  274   19    1.00000    0.00000   100%   116 6410s
 4321957 680773    0.00000  265    8    1.00000    0.00000   100%   116 6415s
 4327433 682131    0.00000  271   18    1.00000    0.00000   100%   115 6420s
 4333323 683404    0.00000  256   32    1.00000    0.00000   100%   115 6425s
 4338360 684871 infeasible  288         1.00000    0.00000   100%   115 6430s
 4343233 685801    0.00000  242   33    1.00000    0.00000   100%   115 6435s
 4349153 687223 infeasible  275         1.00000    0.00000   100%   115 6440s
 4353497 689799    0.00000  265   23    1.00000    0.00000   100%   115 6452s
 4364047 690687    0.00000  259   47    1.00000    0.00000   100%   115 6455s
 4367934 691844    0.00000  259   28    1.00000    0.00000   100%   115 6460s
 4373927 693096    0.00000  237   21    1.00000    0.00000   100%   115 6465s
 4377839 694128 infeasible  262         1.00000    0.00000   100%   115 6470s
 4383098 695582 infeasible  265         1.00000    0.00000   100%   115 6475s
 4387901 696578    0.00000  262   27    1.00000    0.00000   100%   115 6480s
 4394061 698048    0.00000  291   22    1.00000    0.00000   100%   115 6485s
 4396807 698707 infeasible  271         1.00000    0.00000   100%   115 6490s
 4402202 699843 infeasible  262         1.00000    0.00000   100%   115 6495s
 4406162 700789    0.00000  280   14    1.00000    0.00000   100%   115 6500s
 4411832 702051    0.00000  266   44    1.00000    0.00000   100%   115 6505s
 4415545 702821    0.00000  273   20    1.00000    0.00000   100%   115 6510s
 4415605 702841    0.00000  277   18    1.00000    0.00000   100%   115 6515s
 4416143 702964    0.00000  266   18    1.00000    0.00000   100%   115 6521s
 4417694 703278 infeasible  282         1.00000    0.00000   100%   115 6525s
 4423637 704490    0.00000  274   24    1.00000    0.00000   100%   115 6530s
 4427219 704876 infeasible  281         1.00000    0.00000   100%   115 6536s
 4432658 705917    0.00000  274   34    1.00000    0.00000   100%   115 6540s
 4437440 707012    0.00000  272   25    1.00000    0.00000   100%   115 6545s
 4442280 708254    0.00000  276   37    1.00000    0.00000   100%   115 6551s
 4447727 708991 infeasible  267         1.00000    0.00000   100%   115 6555s
 4453335 710822    0.00000  237   18    1.00000    0.00000   100%   115 6560s
 4458272 711578    0.00000  266   19    1.00000    0.00000   100%   115 6565s
 4463632 712535    0.00000  271   40    1.00000    0.00000   100%   115 6570s
 4468577 713665    0.00000  266   36    1.00000    0.00000   100%   115 6575s
 4473326 714651    0.00000  282   16    1.00000    0.00000   100%   115 6580s
 4478811 716113 infeasible  276         1.00000    0.00000   100%   115 6585s
 4483323 717873    0.00000  263    8    1.00000    0.00000   100%   115 6590s
 4488215 718809    0.00000  262   19    1.00000    0.00000   100%   115 6595s
 4492217 720116    0.00000  265   49    1.00000    0.00000   100%   115 6600s
 4497965 721298 infeasible  268         1.00000    0.00000   100%   115 6605s
 4502155 722079    0.00000  282   17    1.00000    0.00000   100%   115 6610s
 4508222 723049    0.00000  273   24    1.00000    0.00000   100%   115 6615s
 4512741 723993    0.00000  253   38    1.00000    0.00000   100%   114 6620s
 4517964 725502 infeasible  270         1.00000    0.00000   100%   114 6625s
 4522703 726456    0.00000  248   31    1.00000    0.00000   100%   114 6630s
 4529802 727898    0.00000  256   23    1.00000    0.00000   100%   114 6635s
 4532758 728594    0.00000  272   32    1.00000    0.00000   100%   114 6640s
 4538498 730023 infeasible  286         1.00000    0.00000   100%   114 6645s
 4543702 731333    0.00000  264   20    1.00000    0.00000   100%   114 6650s
 4549253 732560    0.00000  260    7    1.00000    0.00000   100%   114 6655s
 4551785 733275    0.00000  266   29    1.00000    0.00000   100%   114 6660s
 4553247 733796    0.00000  269   21    1.00000    0.00000   100%   114 6665s
 4555652 734298    0.00000  271   30    1.00000    0.00000   100%   114 6670s
 4558306 734965    0.00000  256   11    1.00000    0.00000   100%   114 6675s
 4562823 735857 infeasible  261         1.00000    0.00000   100%   114 6680s
 4568211 737238    0.00000  277   28    1.00000    0.00000   100%   114 6685s
 4573740 738504 infeasible  277         1.00000    0.00000   100%   114 6690s
 4579456 740155 infeasible  261         1.00000    0.00000   100%   114 6695s
 4583054 740929    0.00000  281   12    1.00000    0.00000   100%   114 6700s
 4588856 742321    0.00000  261   13    1.00000    0.00000   100%   114 6705s
 4594132 743047 infeasible  260         1.00000    0.00000   100%   114 6710s
 4598199 744114 infeasible  264         1.00000    0.00000   100%   114 6715s
 4604453 745508 infeasible  265         1.00000    0.00000   100%   114 6720s
 4608387 747047    0.00000  243   38    1.00000    0.00000   100%   114 6725s
 4614059 748386    0.00000  265   18    1.00000    0.00000   100%   114 6730s
 4618797 749583    0.00000  272   21    1.00000    0.00000   100%   114 6735s
 4624404 750969 infeasible  264         1.00000    0.00000   100%   114 6740s
 4629182 752065    0.00000  281   30    1.00000    0.00000   100%   114 6745s
 4635140 753657    0.00000  271   22    1.00000    0.00000   100%   114 6750s
 4636007 755547    0.00000  272   15    1.00000    0.00000   100%   114 6758s
 4644747 755976    0.00000  256   18    1.00000    0.00000   100%   114 6760s
 4645391 755997    0.00000  256   43    1.00000    0.00000   100%   114 6765s
 4645490 756064    0.00000  257   37    1.00000    0.00000   100%   114 6771s
 4647478 756908    0.00000  242   33    1.00000    0.00000   100%   114 6775s
 4650453 757561 infeasible  264         1.00000    0.00000   100%   114 6781s
 4655704 758952    0.00000  263   28    1.00000    0.00000   100%   114 6785s
 4657147 759244 infeasible  267         1.00000    0.00000   100%   114 6790s
 4663531 760632 infeasible  274         1.00000    0.00000   100%   114 6795s
 4668309 761616 infeasible  268         1.00000    0.00000   100%   114 6800s
 4674696 762698    0.00000  282   30    1.00000    0.00000   100%   114 6805s
 4680428 763642 infeasible  283         1.00000    0.00000   100%   114 6811s
 4685630 764601    0.00000  250   20    1.00000    0.00000   100%   114 6815s
 4690611 765432    0.00000  275   22    1.00000    0.00000   100%   114 6820s
 4696181 766467    0.00000  263   37    1.00000    0.00000   100%   114 6825s
 4701170 767211 infeasible  275         1.00000    0.00000   100%   114 6830s
 4706503 768016    0.00000  265   22    1.00000    0.00000   100%   113 6835s
 4709798 768883 infeasible  277         1.00000    0.00000   100%   113 6841s
 4717251 769939    0.00000  271   13    1.00000    0.00000   100%   113 6845s
 4722086 770646 infeasible  272         1.00000    0.00000   100%   113 6850s
 4727503 771305    0.00000  251   25    1.00000    0.00000   100%   113 6855s
 4730222 772200    0.00000  267   23    1.00000    0.00000   100%   113 6860s
 4736179 773325    0.00000  261   43    1.00000    0.00000   100%   113 6865s
 4741240 774048    0.00000  274   29    1.00000    0.00000   100%   113 6870s
 4746443 775712    0.00000  263   22    1.00000    0.00000   100%   113 6875s
 4751679 776982    0.00000  254   32    1.00000    0.00000   100%   113 6880s
 4756807 778061    0.00000  274   31    1.00000    0.00000   100%   113 6885s
 4762322 779423    0.00000  275   20    1.00000    0.00000   100%   113 6890s
 4766289 780252    0.00000  271   16    1.00000    0.00000   100%   113 6895s
 4771717 781256    0.00000  285   12    1.00000    0.00000   100%   113 6900s
 4775837 781805    0.00000  285   27    1.00000    0.00000   100%   113 6905s
 4778610 782048    0.00000  278   21    1.00000    0.00000   100%   113 6910s
 4778683 782058 infeasible  279         1.00000    0.00000   100%   113 6916s
 4778990 782164    0.00000  279   16    1.00000    0.00000   100%   113 6921s
 4779320 782261    0.00000  272   21    1.00000    0.00000   100%   113 6925s
 4783879 782955 infeasible  293         1.00000    0.00000   100%   113 6930s
 4788630 783472 infeasible  274         1.00000    0.00000   100%   113 6935s
 4792009 783792 infeasible  282         1.00000    0.00000   100%   113 6940s
 4797262 784444 infeasible  273         1.00000    0.00000   100%   113 6945s
 4802753 785311    0.00000  287   17    1.00000    0.00000   100%   113 6950s
 4807501 785879    0.00000  272   21    1.00000    0.00000   100%   113 6955s
 4812873 786458 infeasible  271         1.00000    0.00000   100%   113 6960s
 4817544 787078    0.00000  281   19    1.00000    0.00000   100%   113 6965s
 4823681 787875 infeasible  285         1.00000    0.00000   100%   113 6970s
 4827648 788289    0.00000  282    7    1.00000    0.00000   100%   113 6975s
 4833086 789190    0.00000  265   12    1.00000    0.00000   100%   113 6980s
 4837935 790118    0.00000  261   18    1.00000    0.00000   100%   113 6985s
 4844386 791072    0.00000  269   17    1.00000    0.00000   100%   113 6991s
 4847972 792001    0.00000  259   32    1.00000    0.00000   100%   113 6996s
 4851853 793183    0.00000  257   20    1.00000    0.00000   100%   113 7000s
 4857926 794771 infeasible  264         1.00000    0.00000   100%   113 7005s
 4861744 795777 infeasible  261         1.00000    0.00000   100%   113 7010s
 4867995 796816 infeasible  283         1.00000    0.00000   100%   113 7015s
 4872018 797415    0.00000  285   19    1.00000    0.00000   100%   113 7020s
 4878434 798496    0.00000  274   17    1.00000    0.00000   100%   113 7025s
 4883414 799503    0.00000  275   24    1.00000    0.00000   100%   113 7030s
 4888422 800953    0.00000  272   26    1.00000    0.00000   100%   113 7035s
 4893305 802024    0.00000  274   33    1.00000    0.00000   100%   113 7040s
 4899698 803217    0.00000  248   28    1.00000    0.00000   100%   113 7045s
 4902312 803759 infeasible  262         1.00000    0.00000   100%   113 7050s
 4906671 804717    0.00000  267   32    1.00000    0.00000   100%   113 7055s
 4911820 805779    0.00000  283   20    1.00000    0.00000   100%   113 7060s
 4917099 806903 infeasible  275         1.00000    0.00000   100%   113 7065s
 4922301 807677    0.00000  269   14    1.00000    0.00000   100%   112 7070s
 4927723 808618    0.00000  282   24    1.00000    0.00000   100%   112 7075s
 4931260 809252    0.00000  279   16    1.00000    0.00000   100%   112 7080s
 4933085 810613    0.00000  271    9    1.00000    0.00000   100%   112 7097s
 4943392 811145 infeasible  271         1.00000    0.00000   100%   112 7101s
 4947173 811774 infeasible  273         1.00000    0.00000   100%   112 7106s
 4950319 812402 infeasible  271         1.00000    0.00000   100%   112 7110s
 4955335 813235 infeasible  282         1.00000    0.00000   100%   112 7115s
 4961867 814617    0.00000  302    7    1.00000    0.00000   100%   112 7120s
 4967208 815453    0.00000  265   30    1.00000    0.00000   100%   112 7125s
 4974092 816224 infeasible  279         1.00000    0.00000   100%   112 7130s
 4978032 816581 infeasible  274         1.00000    0.00000   100%   112 7135s
 4985353 817089    0.00000  270   23    1.00000    0.00000   100%   112 7140s
 4990487 817438 infeasible  286         1.00000    0.00000   100%   112 7145s
 4996992 817599    0.00000  273   15    1.00000    0.00000   100%   112 7150s
 5001338 817893    0.00000  276   20    1.00000    0.00000   100%   112 7155s
 5007267 818423    0.00000  277   17    1.00000    0.00000   100%   112 7160s
 5012132 819123    0.00000  259   18    1.00000    0.00000   100%   112 7165s
 5018140 819736    0.00000  268   17    1.00000    0.00000   100%   112 7170s
 5023051 820683    0.00000  270   18    1.00000    0.00000   100%   112 7175s
 5028568 821626    0.00000  272   34    1.00000    0.00000   100%   112 7180s
 5034415 822559 infeasible  266         1.00000    0.00000   100%   112 7185s
 5039202 823598 infeasible  269         1.00000    0.00000   100%   112 7190s
 5041781 824184    0.00000  265   23    1.00000    0.00000   100%   112 7195s
 5041830 824210    0.00000  267   28    1.00000    0.00000   100%   112 7200s
 5042740 824683    0.00000  282   18    1.00000    0.00000   100%   112 7205s
 5048240 825685    0.00000  287   18    1.00000    0.00000   100%   112 7210s
 5048805 825877 infeasible  280         1.00000    0.00000   100%   112 7215s
 5052624 826738    0.00000  278   19    1.00000    0.00000   100%   112 7220s
 5059496 827810    0.00000  272   19    1.00000    0.00000   100%   112 7225s
 5063855 828691 infeasible  268         1.00000    0.00000   100%   112 7230s
 5067897 829946    0.00000  261   22    1.00000    0.00000   100%   112 7235s
 5074326 831301    0.00000  255   19    1.00000    0.00000   100%   112 7240s
 5080414 832303    0.00000  278   37    1.00000    0.00000   100%   112 7245s
 5085331 833298    0.00000  267   44    1.00000    0.00000   100%   112 7250s
 5090993 834173 infeasible  281         1.00000    0.00000   100%   112 7255s
 5096930 835095 infeasible  269         1.00000    0.00000   100%   112 7261s
 5102342 836089    0.00000  264   29    1.00000    0.00000   100%   112 7265s
 5107767 837249 infeasible  275         1.00000    0.00000   100%   112 7270s
 5113229 838459    0.00000  270   22    1.00000    0.00000   100%   112 7275s
 5118578 839649 infeasible  272         1.00000    0.00000   100%   112 7280s
 5122807 840227    0.00000  277   21    1.00000    0.00000   100%   112 7285s
 5126098 840998 infeasible  271         1.00000    0.00000   100%   112 7290s
 5132367 841641    0.00000  278   17    1.00000    0.00000   100%   111 7295s
 5137216 842309 infeasible  263         1.00000    0.00000   100%   111 7300s
 5142263 843231    0.00000  279   18    1.00000    0.00000   100%   111 7305s
 5147995 843860 infeasible  268         1.00000    0.00000   100%   111 7310s
 5153958 844826    0.00000  264   26    1.00000    0.00000   100%   111 7315s
 5156938 845404 infeasible  279         1.00000    0.00000   100%   111 7320s
 5163823 846218 infeasible  276         1.00000    0.00000   100%   111 7325s
 5168204 846611    0.00000  275   45    1.00000    0.00000   100%   111 7330s
 5173517 847329    0.00000  254   22    1.00000    0.00000   100%   111 7335s
 5177939 847993    0.00000  271   24    1.00000    0.00000   100%   111 7340s
 5184192 848886    0.00000  271   18    1.00000    0.00000   100%   111 7345s
 5187138 849833    0.00000  268   15    1.00000    0.00000   100%   111 7350s
 5194436 851019    0.00000  263   45    1.00000    0.00000   100%   111 7355s
 5196293 851176    0.00000  265   13    1.00000    0.00000   100%   111 7362s
 5196345 851175    0.00000  268   20    1.00000    0.00000   100%   111 7365s
 5196389 851212    0.00000  261   26    1.00000    0.00000   100%   111 7370s
 5197574 851376 infeasible  256         1.00000    0.00000   100%   111 7375s
 5199815 851739    0.00000  262   30    1.00000    0.00000   100%   111 7380s
 5204458 852715    0.00000  269   27    1.00000    0.00000   100%   111 7385s
 5209674 853771 infeasible  269         1.00000    0.00000   100%   111 7390s
 5214109 854311    0.00000  277   26    1.00000    0.00000   100%   111 7395s
 5216977 854747    0.00000  266   23    1.00000    0.00000   100%   111 7400s
 5221510 855748    0.00000  272   19    1.00000    0.00000   100%   111 7405s
 5226917 856401    0.00000  276   17    1.00000    0.00000   100%   111 7410s
 5231773 857506 infeasible  264         1.00000    0.00000   100%   111 7415s
 5236988 858109 infeasible  261         1.00000    0.00000   100%   111 7420s
 5241625 858852    0.00000  262   31    1.00000    0.00000   100%   111 7425s
 5246774 859710    0.00000  268   17    1.00000    0.00000   100%   111 7430s
 5251606 860260    0.00000  278   23    1.00000    0.00000   100%   111 7435s
 5257545 860813    0.00000  254   13    1.00000    0.00000   100%   111 7440s
 5261541 861503 infeasible  271         1.00000    0.00000   100%   111 7445s
 5267574 862538 infeasible  277         1.00000    0.00000   100%   111 7450s
 5272210 863191 infeasible  267         1.00000    0.00000   100%   111 7455s
 5277710 863945 infeasible  273         1.00000    0.00000   100%   111 7460s
 5282683 864743    0.00000  280   19    1.00000    0.00000   100%   111 7465s
 5287946 865742 infeasible  289         1.00000    0.00000   100%   111 7470s
 5292579 866503 infeasible  274         1.00000    0.00000   100%   111 7475s
 5297318 867315 infeasible  258         1.00000    0.00000   100%   111 7480s
 5303365 868163 infeasible  263         1.00000    0.00000   100%   111 7485s
 5307393 869366    0.00000  261   39    1.00000    0.00000   100%   111 7490s
 5312126 870321 infeasible  274         1.00000    0.00000   100%   111 7495s
 5317122 871117    0.00000  257   30    1.00000    0.00000   100%   111 7500s
 5321855 871845    0.00000  253   22    1.00000    0.00000   100%   111 7505s
 5325862 872571    0.00000  268   24    1.00000    0.00000   100%   111 7510s
 5332068 873928 infeasible  266         1.00000    0.00000   100%   111 7515s
 5336594 874571    0.00000  269   24    1.00000    0.00000   100%   111 7520s
 5342426 875844    0.00000  250   16    1.00000    0.00000   100%   111 7525s
 5347340 877077 infeasible  281         1.00000    0.00000   100%   111 7530s
 5352396 878116 infeasible  275         1.00000    0.00000   100%   111 7535s
 5357338 878836    0.00000  266   31    1.00000    0.00000   100%   111 7540s
 5361840 880114    0.00000  276   15    1.00000    0.00000   100%   111 7545s
 5367265 881406    0.00000  270   28    1.00000    0.00000   100%   111 7550s
 5368195 881430 infeasible  271         1.00000    0.00000   100%   111 7555s
 5368234 881435    0.00000  269   11    1.00000    0.00000   100%   111 7560s
 5368963 881788    0.00000  270   16    1.00000    0.00000   100%   110 7566s
 5372770 882801 infeasible  268         1.00000    0.00000   100%   110 7570s
 5376204 883382    0.00000  271   31    1.00000    0.00000   100%   110 7575s
 5380244 884337    0.00000  257   32    1.00000    0.00000   100%   110 7580s
 5386430 885461    0.00000  260   20    1.00000    0.00000   100%   110 7585s
 5391781 886153    0.00000  266   36    1.00000    0.00000   100%   110 7590s
 5397021 886924    0.00000  263   25    1.00000    0.00000   100%   110 7595s
 5400275 887743 infeasible  264         1.00000    0.00000   100%   110 7600s
 5405706 888537    0.00000  255   33    1.00000    0.00000   100%   110 7605s
 5410577 890003 infeasible  282         1.00000    0.00000   100%   110 7610s
 5415514 891483    0.00000  270   17    1.00000    0.00000   100%   110 7615s
 5419019 892460 infeasible  273         1.00000    0.00000   100%   110 7620s
 5423646 893378 infeasible  288         1.00000    0.00000   100%   110 7625s
 5429062 894095    0.00000  278   20    1.00000    0.00000   100%   110 7630s
 5434146 894630    0.00000  258   18    1.00000    0.00000   100%   110 7635s
 5439347 895817    0.00000  267   10    1.00000    0.00000   100%   110 7640s
 5444059 896731    0.00000  264   14    1.00000    0.00000   100%   110 7645s
 5451117 897588 infeasible  275         1.00000    0.00000   100%   110 7650s
 5455244 898098    0.00000  272   33    1.00000    0.00000   100%   110 7655s
 5460987 899532    0.00000  273   15    1.00000    0.00000   100%   110 7660s
 5465109 900599    0.00000  262   32    1.00000    0.00000   100%   110 7665s
 5470121 901305 infeasible  267         1.00000    0.00000   100%   110 7670s
 5475466 902035    0.00000  271   33    1.00000    0.00000   100%   110 7675s
 5482013 903013    0.00000  252   14    1.00000    0.00000   100%   110 7680s
 5485199 904085    0.00000  267   25    1.00000    0.00000   100%   110 7685s
 5492574 904982    0.00000  266   15    1.00000    0.00000   100%   110 7690s
 5498519 905580 infeasible  251         1.00000    0.00000   100%   110 7696s
 5504751 906751 infeasible  280         1.00000    0.00000   100%   110 7700s
 5509809 908120 infeasible  274         1.00000    0.00000   100%   110 7705s
 5516462 909210 infeasible  278         1.00000    0.00000   100%   110 7710s
 5522080 910149 infeasible  276         1.00000    0.00000   100%   110 7715s
 5527137 910756 infeasible  284         1.00000    0.00000   100%   110 7720s
 5533696 911748 infeasible  273         1.00000    0.00000   100%   110 7725s
 5537763 912131 infeasible  279         1.00000    0.00000   100%   110 7730s
 5539306 912291    0.00000  274   16    1.00000    0.00000   100%   110 7735s
 5540796 912478    0.00000  275   12    1.00000    0.00000   100%   110 7741s
 5543582 912777    0.00000  290   11    1.00000    0.00000   100%   110 7745s
 5547686 913191    0.00000  255    8    1.00000    0.00000   100%   110 7750s
 5553463 913845 infeasible  274         1.00000    0.00000   100%   110 7755s
 5559182 914535    0.00000  274   27    1.00000    0.00000   100%   110 7760s
 5566537 915393 infeasible  272         1.00000    0.00000   100%   109 7765s
 5570935 915970    0.00000  262   12    1.00000    0.00000   100%   109 7770s
 5577307 916416    0.00000  274   25    1.00000    0.00000   100%   109 7775s
 5582781 916981 infeasible  268         1.00000    0.00000   100%   109 7780s
 5589410 917456    0.00000  261   31    1.00000    0.00000   100%   109 7785s
 5595857 918053    0.00000  272   15    1.00000    0.00000   100%   109 7790s
 5600954 918443    0.00000  274   19    1.00000    0.00000   100%   109 7795s
 5606896 919150 infeasible  267         1.00000    0.00000   100%   109 7800s
 5612165 920166 infeasible  271         1.00000    0.00000   100%   109 7805s
 5617468 921153    0.00000  255   21    1.00000    0.00000   100%   109 7810s
 5623452 921868 infeasible  265         1.00000    0.00000   100%   109 7815s
 5629576 922608 infeasible  272         1.00000    0.00000   100%   109 7820s
 5633620 923514 infeasible  264         1.00000    0.00000   100%   109 7825s
 5639629 924521    0.00000  264   27    1.00000    0.00000   100%   109 7830s
 5644987 925804 infeasible  260         1.00000    0.00000   100%   109 7836s
 5651214 926817 infeasible  262         1.00000    0.00000   100%   109 7840s
 5653598 927220 infeasible  256         1.00000    0.00000   100%   109 7845s
 5655821 927609    0.00000  258   19    1.00000    0.00000   100%   109 7850s
 5655882 927620    0.00000  259   14    1.00000    0.00000   100%   109 7856s
 5655912 927625    0.00000  261   15    1.00000    0.00000   100%   109 7860s
 5656968 927771 infeasible  270         1.00000    0.00000   100%   109 7865s
 5660966 928383    0.00000  256   24    1.00000    0.00000   100%   109 7870s
 5666233 929793 infeasible  265         1.00000    0.00000   100%   109 7875s
 5672305 930625    0.00000  269   24    1.00000    0.00000   100%   109 7880s
 5674947 931389    0.00000  254   21    1.00000    0.00000   100%   109 7886s
 5682649 931847 infeasible  259         1.00000    0.00000   100%   109 7890s
 5687250 932922 infeasible  267         1.00000    0.00000   100%   109 7895s
 5692951 933938 infeasible  271         1.00000    0.00000   100%   109 7900s
 5697908 934823    0.00000  269   17    1.00000    0.00000   100%   109 7905s
 5703798 935592 infeasible  273         1.00000    0.00000   100%   109 7910s
 5707968 936680    0.00000  275   26    1.00000    0.00000   100%   109 7915s
 5714811 937938 infeasible  269         1.00000    0.00000   100%   109 7920s
 5719181 938913    0.00000  271   22    1.00000    0.00000   100%   109 7925s
 5726482 939944 infeasible  262         1.00000    0.00000   100%   109 7930s
 5731410 940310    0.00000  274   12    1.00000    0.00000   100%   109 7935s
 5737979 940983    0.00000  274   24    1.00000    0.00000   100%   109 7940s
 5743868 941530 infeasible  261         1.00000    0.00000   100%   109 7945s
 5748808 942650    0.00000  237   27    1.00000    0.00000   100%   109 7952s
 5754836 942979    0.00000  271   10    1.00000    0.00000   100%   109 7955s
 5760548 944292    0.00000  255   26    1.00000    0.00000   100%   108 7960s
 5766745 945455    0.00000  265   12    1.00000    0.00000   100%   108 7965s
 5771501 946283 infeasible  265         1.00000    0.00000   100%   108 7970s
 5777901 947121    0.00000  261   22    1.00000    0.00000   100%   108 7976s
 5777913 947994 infeasible  262         1.00000    0.00000   100%   108 7983s
 5785923 948004    0.00000  266   35    1.00000    0.00000   100%   108 7985s
 5791428 949145 infeasible  274         1.00000    0.00000   100%   108 7990s
 5796664 950089 infeasible  265         1.00000    0.00000   100%   108 7995s
 5801524 951981    0.00000  281   18    1.00000    0.00000   100%   108 8000s
 5807574 953406 infeasible  264         1.00000    0.00000   100%   108 8005s
 5807600 955342    0.00000  262   24    1.00000    0.00000   100%   108 8012s
 5818216 955854 infeasible  280         1.00000    0.00000   100%   108 8015s
 5822203 957108    0.00000  259   40    1.00000    0.00000   100%   108 8020s
 5829874 958240    0.00000  259   13    1.00000    0.00000   100%   108 8025s
 5834814 959200 infeasible  262         1.00000    0.00000   100%   108 8030s
 5837016 961094    0.00000  266   25    1.00000    0.00000   100%   108 8040s
 5849355 962524 infeasible  274         1.00000    0.00000   100%   108 8045s
 5855681 963832    0.00000  272   21    1.00000    0.00000   100%   108 8050s
 5856194 964017    0.00000  273   20    1.00000    0.00000   100%   108 8056s
 5856743 964164    0.00000  275   21    1.00000    0.00000   100%   108 8061s
 5858101 964541 infeasible  278         1.00000    0.00000   100%   108 8067s
 5860194 965113    0.00000  275   18    1.00000    0.00000   100%   108 8070s
 5865387 966144    0.00000  266   23    1.00000    0.00000   100%   108 8075s
 5866609 967630 infeasible  273         1.00000    0.00000   100%   108 8083s
 5875487 968071    0.00000  275    5    1.00000    0.00000   100%   108 8085s
 5877224 968327    0.00000  267   25    1.00000    0.00000   100%   108 8090s
 5883149 969460    0.00000  270   17    1.00000    0.00000   100%   108 8095s
 5888133 970498 infeasible  277         1.00000    0.00000   100%   108 8100s
 5894357 971500    0.00000  265   25    1.00000    0.00000   100%   108 8105s
 5898423 972960 infeasible  268         1.00000    0.00000   100%   108 8110s
 5903750 974328 infeasible  270         1.00000    0.00000   100%   108 8115s
 5908952 975450 infeasible  270         1.00000    0.00000   100%   108 8120s
 5913977 976485    0.00000  269   22    1.00000    0.00000   100%   108 8125s
 5919774 977473 infeasible  278         1.00000    0.00000   100%   108 8130s
 5924629 978217    0.00000  267   31    1.00000    0.00000   100%   108 8135s
 5926961 978874    0.00000  270   22    1.00000    0.00000   100%   108 8140s
 5931880 979757    0.00000  257   24    1.00000    0.00000   100%   108 8145s
 5938175 980860    0.00000  264   29    1.00000    0.00000   100%   108 8150s
 5941709 981787    0.00000  265   16    1.00000    0.00000   100%   108 8155s
 5948346 982785    0.00000  272   22    1.00000    0.00000   100%   108 8160s
 5953150 983641 infeasible  281         1.00000    0.00000   100%   108 8165s
 5958299 984307 infeasible  272         1.00000    0.00000   100%   108 8170s
 5963060 985262    0.00000  264   17    1.00000    0.00000   100%   108 8175s
 5969005 986404 infeasible  268         1.00000    0.00000   100%   108 8180s
 5971619 988088    0.00000  273   15    1.00000    0.00000   100%   108 8191s
 5982845 988834    0.00000  264   29    1.00000    0.00000   100%   108 8195s
 5988306 989653    0.00000  254   32    1.00000    0.00000   100%   108 8200s
 5993258 990348    0.00000  268   34    1.00000    0.00000   100%   108 8205s
 5998919 991078    0.00000  275   12    1.00000    0.00000   100%   108 8210s
 6003683 991742    0.00000  273   16    1.00000    0.00000   100%   108 8215s
 6009526 992577    0.00000  275   13    1.00000    0.00000   100%   108 8220s
 6013584 993060    0.00000  263   24    1.00000    0.00000   100%   108 8225s
 6015956 993388    0.00000  262   15    1.00000    0.00000   100%   108 8230s
 6020687 994052    0.00000  280   10    1.00000    0.00000   100%   108 8235s
 6026097 994528 infeasible  284         1.00000    0.00000   100%   108 8240s
 6031556 995376    0.00000  273   16    1.00000    0.00000   100%   108 8245s
 6037238 996348 infeasible  282         1.00000    0.00000   100%   108 8250s
 6039312 996500 infeasible  269         1.00000    0.00000   100%   108 8256s
 6039362 996524    0.00000  269   17    1.00000    0.00000   100%   108 8260s
 6039867 996604    0.00000  276   21    1.00000    0.00000   100%   107 8265s
 6042873 996855    0.00000  276   18    1.00000    0.00000   100%   107 8270s
 6045638 997228    0.00000  267   35    1.00000    0.00000   100%   107 8275s
 6050830 997858 infeasible  283         1.00000    0.00000   100%   107 8280s
 6056795 998473    0.00000  283   19    1.00000    0.00000   100%   107 8285s
 6062998 999249 infeasible  273         1.00000    0.00000   100%   107 8290s
 6068199 999833    0.00000  262   30    1.00000    0.00000   100%   107 8295s
 6075053 1000676    0.00000  270   11    1.00000    0.00000   100%   107 8300s
 6076737 1002173    0.00000  273   19    1.00000    0.00000   100%   107 8308s
 6085651 1002498    0.00000  274   19    1.00000    0.00000   100%   107 8310s
 6091355 1003466    0.00000  281   22    1.00000    0.00000   100%   107 8316s
 6097213 1004423    0.00000  261   10    1.00000    0.00000   100%   107 8320s
 6102139 1005112    0.00000  267   21    1.00000    0.00000   100%   107 8325s
 6108367 1005974    0.00000  266   28    1.00000    0.00000   100%   107 8330s
 6113627 1006950    0.00000  271   38    1.00000    0.00000   100%   107 8335s
 6119794 1008064    0.00000  262   19    1.00000    0.00000   100%   107 8340s
 6122919 1008371    0.00000  271   16    1.00000    0.00000   100%   107 8345s
 6129864 1008968 infeasible  263         1.00000    0.00000   100%   107 8350s
 6135809 1009577    0.00000  261   18    1.00000    0.00000   100%   107 8355s
 6140667 1010083 infeasible  267         1.00000    0.00000   100%   107 8360s
 6147418 1010979 infeasible  260         1.00000    0.00000   100%   107 8365s
 6151090 1011410 infeasible  268         1.00000    0.00000   100%   107 8370s
 6158262 1011918 infeasible  262         1.00000    0.00000   100%   107 8375s
 6163395 1012413    0.00000  272   14    1.00000    0.00000   100%   107 8380s
 6169054 1013115 infeasible  283         1.00000    0.00000   100%   107 8385s
 6175491 1014102 infeasible  268         1.00000    0.00000   100%   107 8390s
 6179690 1015071    0.00000  264   13    1.00000    0.00000   100%   107 8395s
 6183774 1015769 infeasible  265         1.00000    0.00000   100%   107 8400s
 6190771 1018018    0.00000  273   13    1.00000    0.00000   100%   107 8405s
 6195325 1018972 infeasible  285         1.00000    0.00000   100%   107 8410s
 6201796 1020657    0.00000  282   25    1.00000    0.00000   100%   107 8415s
 6206616 1021778    0.00000  269   15    1.00000    0.00000   100%   107 8420s
 6213608 1022551 infeasible  271         1.00000    0.00000   100%   107 8425s
 6215098 1022771    0.00000  276   24    1.00000    0.00000   100%   107 8430s
 6215823 1022837    0.00000  279   29    1.00000    0.00000   100%   107 8436s
 6217543 1023177    0.00000  251   16    1.00000    0.00000   100%   107 8440s
 6220067 1024016    0.00000  256   18    1.00000    0.00000   100%   107 8445s
 6224766 1025527    0.00000  254   31    1.00000    0.00000   100%   107 8453s
 6231140 1026041    0.00000  266   15    1.00000    0.00000   100%   107 8455s
 6235076 1026645    0.00000  266   17    1.00000    0.00000   100%   107 8460s
 6240334 1028112 infeasible  277         1.00000    0.00000   100%   107 8465s
 6245901 1029215    0.00000  261   23    1.00000    0.00000   100%   107 8470s
 6253004 1030046 infeasible  278         1.00000    0.00000   100%   107 8475s
 6257983 1030446    0.00000  276   18    1.00000    0.00000   100%   107 8480s
 6265647 1031348    0.00000  283   19    1.00000    0.00000   100%   107 8485s
 6270532 1031778    0.00000  272   39    1.00000    0.00000   100%   107 8490s
 6276690 1032545    0.00000  283   24    1.00000    0.00000   100%   107 8495s
 6281794 1033523 infeasible  270         1.00000    0.00000   100%   107 8500s
 6287307 1034300    0.00000  269   24    1.00000    0.00000   100%   107 8505s
 6292761 1035317    0.00000  275   19    1.00000    0.00000   100%   107 8510s
 6297703 1035926    0.00000  285   25    1.00000    0.00000   100%   107 8515s
 6303480 1037205 infeasible  276         1.00000    0.00000   100%   107 8520s
 6308683 1037907    0.00000  267   15    1.00000    0.00000   100%   107 8525s
 6314124 1038425 infeasible  283         1.00000    0.00000   100%   107 8530s
 6319162 1038970 infeasible  276         1.00000    0.00000   100%   107 8535s
 6325155 1039653 infeasible  285         1.00000    0.00000   100%   106 8540s
 6329703 1040135    0.00000  266   31    1.00000    0.00000   100%   106 8545s
 6333800 1040795    0.00000  269   21    1.00000    0.00000   100%   106 8550s
 6337533 1041216    0.00000  265   21    1.00000    0.00000   100%   106 8555s
 6337582 1041229    0.00000  267   19    1.00000    0.00000   100%   106 8561s
 6337609 1041237    0.00000  269   26    1.00000    0.00000   100%   106 8566s
 6338134 1041288    0.00000  268   22    1.00000    0.00000   100%   106 8570s
 6338819 1041332    0.00000  272   18    1.00000    0.00000   100%   106 8575s
 6342456 1041801    0.00000  273   16    1.00000    0.00000   100%   106 8581s
 6348441 1042346    0.00000  280   22    1.00000    0.00000   100%   106 8585s
 6353134 1043317 infeasible  273         1.00000    0.00000   100%   106 8590s
 6359257 1045143    0.00000  272   25    1.00000    0.00000   100%   106 8595s
 6364499 1046317 infeasible  276         1.00000    0.00000   100%   106 8600s
 6370521 1047325    0.00000  282   22    1.00000    0.00000   100%   106 8605s
 6372287 1048762 infeasible  269         1.00000    0.00000   100%   106 8612s
 6381862 1049787    0.00000  270   24    1.00000    0.00000   100%   106 8615s
 6385599 1050684    0.00000  263   25    1.00000    0.00000   100%   106 8620s
 6390931 1051948 infeasible  263         1.00000    0.00000   100%   106 8625s
 6393318 1052397 infeasible  270         1.00000    0.00000   100%   106 8630s
 6398787 1053806    0.00000  261   27    1.00000    0.00000   100%   106 8635s
 6403607 1054660    0.00000  271   17    1.00000    0.00000   100%   106 8640s
 6409441 1056039    0.00000  280   30    1.00000    0.00000   100%   106 8645s
 6416339 1057210    0.00000  269   17    1.00000    0.00000   100%   106 8650s
 6422485 1058064    0.00000  265   24    1.00000    0.00000   100%   106 8655s
 6427747 1059186 infeasible  265         1.00000    0.00000   100%   106 8660s
 6433099 1060312    0.00000  264   16    1.00000    0.00000   100%   106 8665s
 6438156 1061711 infeasible  268         1.00000    0.00000   100%   106 8670s
 6444372 1062817    0.00000  264   18    1.00000    0.00000   100%   106 8675s
 6449598 1063295 infeasible  272         1.00000    0.00000   100%   106 8680s
 6455833 1064308    0.00000  267   26    1.00000    0.00000   100%   106 8685s
 6461982 1065218 infeasible  272         1.00000    0.00000   100%   106 8690s
 6467270 1065631    0.00000  268   16    1.00000    0.00000   100%   106 8695s
 6474058 1067826    0.00000  262   19    1.00000    0.00000   100%   106 8700s
 6477178 1069393    0.00000  265   39    1.00000    0.00000   100%   106 8707s
 6482644 1070292 infeasible  255         1.00000    0.00000   100%   106 8710s
 6486819 1071359    0.00000  261   22    1.00000    0.00000   100%   106 8715s
 6491777 1072490 infeasible  253         1.00000    0.00000   100%   106 8721s
 6496985 1073401 infeasible  255         1.00000    0.00000   100%   106 8725s
 6502366 1074926 infeasible  271         1.00000    0.00000   100%   106 8730s
 6507580 1076126 infeasible  263         1.00000    0.00000   100%   106 8735s
 6512260 1077189    0.00000  251    9    1.00000    0.00000   100%   106 8740s
 6518212 1078270    0.00000  253   22    1.00000    0.00000   100%   106 8745s
 6521314 1078654 infeasible  259         1.00000    0.00000   100%   106 8750s
 6525983 1079331    0.00000  265   31    1.00000    0.00000   100%   106 8755s
 6527818 1079432    0.00000  261   17    1.00000    0.00000   100%   106 8760s
 6527875 1079446 infeasible  264         1.00000    0.00000   100%   106 8766s
 6528591 1079518    0.00000  265   28    1.00000    0.00000   100%   106 8770s
 6530402 1079944    0.00000  269   25    1.00000    0.00000   100%   106 8775s
 6536715 1081841    0.00000  275   33    1.00000    0.00000   100%   106 8780s
 6541042 1082930    0.00000  256   39    1.00000    0.00000   100%   106 8785s
 6546931 1084651    0.00000  276   22    1.00000    0.00000   100%   106 8790s
 6551583 1085448 infeasible  279         1.00000    0.00000   100%   106 8795s
 6557538 1086503 infeasible  281         1.00000    0.00000   100%   106 8800s
 6562259 1087747    0.00000  246   32    1.00000    0.00000   100%   106 8805s
 6567842 1089064 infeasible  264         1.00000    0.00000   100%   106 8810s
 6572107 1090041 infeasible  254         1.00000    0.00000   100%   106 8815s
 6578720 1091653 infeasible  280         1.00000    0.00000   100%   106 8820s
 6582532 1092645    0.00000  263   34    1.00000    0.00000   100%   106 8825s
 6587938 1093823    0.00000  281   20    1.00000    0.00000   100%   106 8830s
 6592716 1094723    0.00000  274   23    1.00000    0.00000   100%   106 8835s
 6597927 1096026 infeasible  259         1.00000    0.00000   100%   106 8840s
 6603500 1096960    0.00000  247   24    1.00000    0.00000   100%   106 8845s
 6608550 1098029 infeasible  266         1.00000    0.00000   100%   106 8850s
 6613890 1099713    0.00000  257   35    1.00000    0.00000   100%   106 8855s
 6619503 1101577    0.00000  241   12    1.00000    0.00000   100%   106 8860s
 6624782 1103161    0.00000  244   17    1.00000    0.00000   100%   106 8865s
 6630902 1104510    0.00000  248   27    1.00000    0.00000   100%   106 8870s
 6633001 1105273    0.00000  246   25    1.00000    0.00000   100%   106 8875s
 6637483 1106585    0.00000  257   17    1.00000    0.00000   100%   106 8880s
 6642114 1107875 infeasible  261         1.00000    0.00000   100%   106 8885s
 6647458 1109304    0.00000  261    7    1.00000    0.00000   100%   106 8890s
 6652751 1110607 infeasible  286         1.00000    0.00000   100%   106 8895s
 6657036 1111311    0.00000  257   19    1.00000    0.00000   100%   106 8900s
 6663286 1112440    0.00000  236   29    1.00000    0.00000   100%   106 8905s
 6663349 1112455    0.00000  241   39    1.00000    0.00000   100%   106 8910s
 6663393 1112486    0.00000  241   33    1.00000    0.00000   100%   106 8915s
 6665093 1112931    0.00000  265   19    1.00000    0.00000   100%   106 8920s
 6669347 1113518    0.00000  241   19    1.00000    0.00000   100%   106 8926s
 6672756 1114385    0.00000  255   11    1.00000    0.00000   100%   106 8930s
 6677627 1116241    0.00000  260   20    1.00000    0.00000   100%   106 8935s
 6682734 1117729    0.00000  273   44    1.00000    0.00000   100%   106 8940s
 6688016 1118873    0.00000  272   21    1.00000    0.00000   100%   106 8945s
 6692616 1120158 infeasible  283         1.00000    0.00000   100%   106 8950s
 6697819 1121230 infeasible  283         1.00000    0.00000   100%   106 8955s
 6701237 1122187    0.00000  259   70    1.00000    0.00000   100%   106 8960s
 6707105 1123275 infeasible  270         1.00000    0.00000   100%   106 8965s
 6711499 1124125    0.00000  280   19    1.00000    0.00000   100%   106 8970s
 6716912 1125115    0.00000  263   25    1.00000    0.00000   100%   106 8975s
 6720374 1126002 infeasible  266         1.00000    0.00000   100%   106 8980s
 6726774 1127417 infeasible  271         1.00000    0.00000   100%   106 8985s
 6731589 1128391 infeasible  267         1.00000    0.00000   100%   106 8990s
 6737444 1129725 infeasible  281         1.00000    0.00000   100%   106 8995s
 6742214 1130956    0.00000  268   28    1.00000    0.00000   100%   106 9000s
 6748560 1132296    0.00000  281   35    1.00000    0.00000   100%   106 9005s
 6752793 1133413    0.00000  254   14    1.00000    0.00000   100%   106 9010s
 6757970 1134440    0.00000  260   26    1.00000    0.00000   100%   106 9015s
 6763019 1135885 infeasible  276         1.00000    0.00000   100%   106 9020s
 6769313 1136639 infeasible  270         1.00000    0.00000   100%   106 9025s
 6773460 1137274    0.00000  264   38    1.00000    0.00000   100%   106 9030s
 6779539 1138185    0.00000  268   16    1.00000    0.00000   100%   106 9035s
 6783289 1138888    0.00000  268   33    1.00000    0.00000   100%   106 9040s
 6788299 1140276 infeasible  263         1.00000    0.00000   100%   106 9045s
 6794114 1142146    0.00000  264   24    1.00000    0.00000   100%   106 9050s
 6800319 1143492 infeasible  261         1.00000    0.00000   100%   106 9055s
 6804580 1144406    0.00000  253   22    1.00000    0.00000   100%   105 9060s
 6808693 1145048    0.00000  258   35    1.00000    0.00000   100%   105 9065s
 6808792 1145114    0.00000  259   58    1.00000    0.00000   100%   105 9071s
 6808931 1145183    0.00000  258   32    1.00000    0.00000   100%   105 9075s
 6811007 1145505 infeasible  271         1.00000    0.00000   100%   105 9080s
 6814259 1146077    0.00000  263   23    1.00000    0.00000   100%   105 9085s
 6818374 1147356 infeasible  266         1.00000    0.00000   100%   105 9091s
 6824485 1148037    0.00000  268   20    1.00000    0.00000   100%   105 9095s
 6830229 1149559 infeasible  255         1.00000    0.00000   100%   105 9100s
 6835395 1151253    0.00000  268   44    1.00000    0.00000   100%   105 9105s
 6839509 1152685    0.00000  265   25    1.00000    0.00000   100%   105 9110s
 6845154 1154374    0.00000  268   14    1.00000    0.00000   100%   105 9115s
 6849850 1155171 infeasible  281         1.00000    0.00000   100%   105 9120s
 6855387 1156382 infeasible  257         1.00000    0.00000   100%   105 9125s
 6860829 1157376    0.00000  270   27    1.00000    0.00000   100%   105 9130s
 6866204 1158430    0.00000  275   16    1.00000    0.00000   100%   105 9135s
 6871828 1159399    0.00000  273   22    1.00000    0.00000   100%   105 9140s
 6875951 1160260    0.00000  268   26    1.00000    0.00000   100%   105 9145s
 6880073 1161185    0.00000  277   34    1.00000    0.00000   100%   105 9150s
 6887257 1162726 infeasible  271         1.00000    0.00000   100%   105 9155s
 6892469 1163941    0.00000  267   25    1.00000    0.00000   100%   105 9160s
 6898974 1164950 infeasible  278         1.00000    0.00000   100%   105 9165s
 6904819 1166248    0.00000  255   30    1.00000    0.00000   100%   105 9170s
 6909605 1167026    0.00000  257   33    1.00000    0.00000   100%   105 9175s
 6916419 1168101    0.00000  272   31    1.00000    0.00000   100%   105 9180s
 6921031 1169338 infeasible  274         1.00000    0.00000   100%   105 9185s
 6926976 1170433 infeasible  273         1.00000    0.00000   100%   105 9190s
 6932479 1171588    0.00000  267   19    1.00000    0.00000   100%   105 9195s
 6938812 1173067    0.00000  257   14    1.00000    0.00000   100%   105 9200s
 6943609 1174223    0.00000  252   37    1.00000    0.00000   100%   105 9205s
 6948902 1175160    0.00000  255   47    1.00000    0.00000   100%   105 9210s
 6953478 1176377    0.00000  266   27    1.00000    0.00000   100%   105 9215s
 6960046 1177930 infeasible  276         1.00000    0.00000   100%   105 9220s
 6965479 1179087    0.00000  256   30    1.00000    0.00000   100%   105 9225s
 6966223 1180340    0.00000  254   12    1.00000    0.00000   100%   105 9239s
 6974223 1180443 infeasible  276         1.00000    0.00000   100%   105 9240s
 6977609 1181159    0.00000  262   23    1.00000    0.00000   100%   105 9245s
 6983539 1181991    0.00000  261   27    1.00000    0.00000   100%   105 9250s
 6988947 1183153    0.00000  275   30    1.00000    0.00000   100%   105 9255s
 6995765 1184205    0.00000  262   24    1.00000    0.00000   100%   105 9260s
 6999690 1185295    0.00000  259   33    1.00000    0.00000   100%   105 9265s
 7004638 1185898    0.00000  277   31    1.00000    0.00000   100%   105 9270s
 7008989 1186751    0.00000  273   25    1.00000    0.00000   100%   105 9275s
 7015125 1187808    0.00000  268   17    1.00000    0.00000   100%   105 9280s
 7020833 1189122    0.00000  263   25    1.00000    0.00000   100%   105 9285s
 7026897 1190185    0.00000  261   20    1.00000    0.00000   100%   105 9290s
 7031446 1190951 infeasible  261         1.00000    0.00000   100%   105 9295s
 7038092 1191703    0.00000  271   15    1.00000    0.00000   100%   105 9300s
 7042932 1192392 infeasible  268         1.00000    0.00000   100%   105 9305s
 7048499 1193288    0.00000  264   16    1.00000    0.00000   100%   105 9310s
 7054878 1194313    0.00000  278   15    1.00000    0.00000   100%   105 9315s
 7059443 1194945    0.00000  272   18    1.00000    0.00000   100%   105 9320s
 7065462 1195916 infeasible  277         1.00000    0.00000   100%   105 9325s
 7070114 1196675    0.00000  253   23    1.00000    0.00000   100%   105 9330s
 7077015 1198839 infeasible  265         1.00000    0.00000   100%   105 9335s
 7080403 1199701    0.00000  266   19    1.00000    0.00000   100%   105 9340s
 7081553 1200072    0.00000  271   22    1.00000    0.00000   100%   105 9345s
 7083273 1200586 infeasible  270         1.00000    0.00000   100%   105 9350s
 7088359 1201434    0.00000  270   10    1.00000    0.00000   100%   105 9355s
 7093891 1202446    0.00000  251   18    1.00000    0.00000   100%   105 9360s
 7099933 1203883 infeasible  260         1.00000    0.00000   100%   105 9365s
 7104032 1204752 infeasible  263         1.00000    0.00000   100%   105 9370s
 7111339 1205711    0.00000  274   22    1.00000    0.00000   100%   105 9375s
 7115734 1206465    0.00000  267   33    1.00000    0.00000   100%   105 9380s
 7121812 1208230 infeasible  255         1.00000    0.00000   100%   105 9385s
 7128309 1209657 infeasible  276         1.00000    0.00000   100%   105 9390s
 7132560 1210630    0.00000  274   30    1.00000    0.00000   100%   105 9395s
 7139833 1211781    0.00000  264    9    1.00000    0.00000   100%   105 9400s
 7145864 1212543 infeasible  282         1.00000    0.00000   100%   105 9405s
 7152240 1213265    0.00000  254   22    1.00000    0.00000   100%   105 9410s
 7155200 1213695 infeasible  275         1.00000    0.00000   100%   105 9415s
 7160709 1214643 infeasible  270         1.00000    0.00000   100%   105 9420s
 7165786 1215384    0.00000  262   12    1.00000    0.00000   100%   105 9425s
 7172120 1216752 infeasible  277         1.00000    0.00000   100%   105 9430s
 7176412 1217868 infeasible  267         1.00000    0.00000   100%   105 9435s
 7183054 1218886    0.00000  254   22    1.00000    0.00000   100%   105 9440s
 7187648 1219821    0.00000  259   33    1.00000    0.00000   100%   105 9445s
 7192943 1220773    0.00000  272   24    1.00000    0.00000   100%   105 9450s
 7199529 1221960 infeasible  264         1.00000    0.00000   100%   104 9455s
 7202161 1222201    0.00000  281   12    1.00000    0.00000   100%   104 9460s
 7202627 1222354    0.00000  285   16    1.00000    0.00000   100%   104 9465s
 7203026 1222864 infeasible  285         1.00000    0.00000   100%   104 9475s
 7208825 1223414 infeasible  266         1.00000    0.00000   100%   104 9480s
 7215857 1224917    0.00000  264   18    1.00000    0.00000   100%   104 9485s
 7217943 1226731    0.00000  269   22    1.00000    0.00000   100%   104 9494s
 7225943 1227097 infeasible  271         1.00000    0.00000   100%   104 9495s
 7230683 1228458    0.00000  267   33    1.00000    0.00000   100%   104 9500s
 7236816 1229763 infeasible  258         1.00000    0.00000   100%   104 9505s
 7239333 1230015    0.00000  265   12    1.00000    0.00000   100%   104 9510s
 7244533 1230998 infeasible  258         1.00000    0.00000   100%   104 9515s
 7250056 1232048 infeasible  270         1.00000    0.00000   100%   104 9520s
 7255579 1233007    0.00000  258   24    1.00000    0.00000   100%   104 9525s
 7260709 1233417 infeasible  270         1.00000    0.00000   100%   104 9530s
 7266246 1234113 infeasible  271         1.00000    0.00000   100%   104 9535s
 7271500 1234979 infeasible  265         1.00000    0.00000   100%   104 9540s
 7277501 1235813    0.00000  262   20    1.00000    0.00000   100%   104 9545s
 7282503 1236398 infeasible  263         1.00000    0.00000   100%   104 9550s
 7288257 1237331 infeasible  271         1.00000    0.00000   100%   104 9555s
 7291354 1239342    0.00000  250   33    1.00000    0.00000   100%   104 9566s
 7302047 1239697    0.00000  268    7    1.00000    0.00000   100%   104 9570s
 7307727 1240475    0.00000  271   26    1.00000    0.00000   100%   104 9575s
 7313108 1241109    0.00000  275   19    1.00000    0.00000   100%   104 9580s
 7319069 1241830 infeasible  279         1.00000    0.00000   100%   104 9585s
 7320693 1242977 infeasible  268         1.00000    0.00000   100%   104 9594s
 7329551 1243159 infeasible  262         1.00000    0.00000   100%   104 9595s
 7334637 1243996 infeasible  267         1.00000    0.00000   100%   104 9600s
 7337342 1244418 infeasible  274         1.00000    0.00000   100%   104 9605s
 7337399 1244424    0.00000  269   39    1.00000    0.00000   100%   104 9610s
 7338203 1244717 infeasible  263         1.00000    0.00000   100%   104 9616s
 7342755 1245240 infeasible  268         1.00000    0.00000   100%   104 9620s
 7345505 1245856    0.00000  268   21    1.00000    0.00000   100%   104 9625s
 7352113 1246756    0.00000  261   16    1.00000    0.00000   100%   104 9630s
 7354095 1247432    0.00000  281   35    1.00000    0.00000   100%   104 9635s
 7361072 1248765    0.00000  258   25    1.00000    0.00000   100%   104 9640s
 7366222 1249843 infeasible  260         1.00000    0.00000   100%   104 9645s
 7373767 1251462    0.00000  267   37    1.00000    0.00000   100%   104 9650s
 7379687 1252326 infeasible  259         1.00000    0.00000   100%   104 9655s
 7385594 1253202 infeasible  269         1.00000    0.00000   100%   104 9660s
 7392266 1254455    0.00000  283   25    1.00000    0.00000   100%   104 9665s
 7396380 1255449 infeasible  272         1.00000    0.00000   100%   104 9670s
 7402543 1256166 infeasible  277         1.00000    0.00000   100%   104 9675s
 7408372 1256787    0.00000  272   19    1.00000    0.00000   100%   104 9680s
 7414652 1257366    0.00000  281   20    1.00000    0.00000   100%   104 9685s
 7418258 1257788 infeasible  270         1.00000    0.00000   100%   104 9690s
 7424121 1258514 infeasible  284         1.00000    0.00000   100%   104 9695s
 7429862 1259487 infeasible  277         1.00000    0.00000   100%   104 9700s
 7436952 1260101 infeasible  277         1.00000    0.00000   100%   104 9705s
 7441943 1260622    0.00000  259   27    1.00000    0.00000   100%   104 9710s
 7448417 1261633    0.00000  268   12    1.00000    0.00000   100%   104 9715s
 7453634 1262412    0.00000  271   11    1.00000    0.00000   100%   104 9720s
 7459137 1262671 infeasible  274         1.00000    0.00000   100%   104 9725s
 7465851 1263446 infeasible  271         1.00000    0.00000   100%   104 9730s
 7470409 1263947 infeasible  275         1.00000    0.00000   100%   104 9735s
 7476646 1264808    0.00000  256   17    1.00000    0.00000   100%   104 9740s
 7482551 1265581 infeasible  281         1.00000    0.00000   100%   104 9746s
 7488676 1266104 infeasible  278         1.00000    0.00000   100%   104 9750s
 7493851 1266725    0.00000  255   31    1.00000    0.00000   100%   104 9755s
 7497246 1267855 infeasible  271         1.00000    0.00000   100%   104 9771s
 7507810 1268085    0.00000  273   24    1.00000    0.00000   100%   104 9776s
 7512044 1269027 infeasible  272         1.00000    0.00000   100%   104 9780s
 7516914 1270686    0.00000  267   28    1.00000    0.00000   100%   104 9785s
 7522901 1272277 infeasible  261         1.00000    0.00000   100%   104 9790s
 7526167 1272751    0.00000  269   16    1.00000    0.00000   100%   104 9795s
 7530962 1273556    0.00000  256   20    1.00000    0.00000   100%   104 9800s
 7536871 1274369 infeasible  279         1.00000    0.00000   100%   104 9805s
 7541673 1275354 infeasible  280         1.00000    0.00000   100%   104 9810s
 7547617 1276342    0.00000  269   39    1.00000    0.00000   100%   104 9815s
 7550769 1276786 infeasible  268         1.00000    0.00000   100%   104 9820s
 7556877 1277828    0.00000  286   16    1.00000    0.00000   100%   104 9825s
 7562810 1278537 infeasible  278         1.00000    0.00000   100%   104 9830s
 7568569 1279088    0.00000  269   18    1.00000    0.00000   100%   104 9835s
 7573864 1279749    0.00000  258   25    1.00000    0.00000   100%   104 9840s
 7579228 1280196    0.00000  268   18    1.00000    0.00000   100%   104 9845s
 7585955 1280826 infeasible  273         1.00000    0.00000   100%   104 9850s
 7589991 1281084 infeasible  268         1.00000    0.00000   100%   104 9855s
 7595833 1281717    0.00000  280   19    1.00000    0.00000   100%   104 9860s
 7601347 1282203    0.00000  268   31    1.00000    0.00000   100%   104 9865s
 7606633 1282548    0.00000  257   29    1.00000    0.00000   100%   104 9870s
 7606700 1282559    0.00000  266   20    1.00000    0.00000   100%   104 9875s
 7606745 1282559 infeasible  267         1.00000    0.00000   100%   104 9881s
 7606921 1282605    0.00000  272   21    1.00000    0.00000   100%   104 9886s
 7607519 1282807    0.00000  272   25    1.00000    0.00000   100%   104 9890s
 7609964 1283124    0.00000  276   10    1.00000    0.00000   100%   104 9895s
 7615522 1283597 infeasible  270         1.00000    0.00000   100%   104 9900s
 7621263 1284095 infeasible  263         1.00000    0.00000   100%   103 9905s
 7625714 1284640    0.00000  278   21    1.00000    0.00000   100%   103 9910s
 7631597 1285381    0.00000  268   19    1.00000    0.00000   100%   103 9915s
 7631628 1286247    0.00000  269   15    1.00000    0.00000   100%   103 9922s
 7642290 1286521    0.00000  262   10    1.00000    0.00000   100%   103 9925s
 7647430 1287072    0.00000  272   17    1.00000    0.00000   100%   103 9930s
 7653328 1287595    0.00000  277   19    1.00000    0.00000   100%   103 9935s
 7658682 1288216    0.00000  279   29    1.00000    0.00000   100%   103 9940s
 7663578 1288673 infeasible  263         1.00000    0.00000   100%   103 9945s
 7668423 1289353 infeasible  270         1.00000    0.00000   100%   103 9950s
 7673314 1290150    0.00000  268   19    1.00000    0.00000   100%   103 9955s
 7677502 1290887 infeasible  273         1.00000    0.00000   100%   103 9960s
 7683280 1291759 infeasible  274         1.00000    0.00000   100%   103 9965s
 7689240 1292530    0.00000  274   18    1.00000    0.00000   100%   103 9970s
 7694721 1293300    0.00000  263   19    1.00000    0.00000   100%   103 9975s
 7699783 1293938    0.00000  272   12    1.00000    0.00000   100%   103 9980s
 7705991 1294514    0.00000  271   20    1.00000    0.00000   100%   103 9985s
 7706009 1295267 infeasible  272         1.00000    0.00000   100%   103 9991s
 7717043 1295668    0.00000  265   22    1.00000    0.00000   100%   103 9995s
 7723310 1296165 infeasible  279         1.00000    0.00000   100%   103 10000s
 7728314 1296798    0.00000  279   15    1.00000    0.00000   100%   103 10005s
 7735381 1297744    0.00000  265   17    1.00000    0.00000   100%   103 10011s
 7739621 1298242    0.00000  262   23    1.00000    0.00000   100%   103 10015s
 7745788 1299156 infeasible  265         1.00000    0.00000   100%   103 10020s
 7750010 1299568    0.00000  279   25    1.00000    0.00000   100%   103 10025s
 7757546 1300479 infeasible  277         1.00000    0.00000   100%   103 10030s
 7762673 1301089 infeasible  250         1.00000    0.00000   100%   103 10035s
 7768082 1301852    0.00000  274   18    1.00000    0.00000   100%   103 10040s
 7773325 1302369 infeasible  266         1.00000    0.00000   100%   103 10045s
 7779488 1303373    0.00000  271   13    1.00000    0.00000   100%   103 10050s
 7785153 1303956    0.00000  272   23    1.00000    0.00000   100%   103 10055s
 7790129 1304529 infeasible  270         1.00000    0.00000   100%   103 10060s
 7794552 1305331 infeasible  271         1.00000    0.00000   100%   103 10065s
 7801242 1306079    0.00000  264   25    1.00000    0.00000   100%   103 10070s
 7806674 1306751 infeasible  280         1.00000    0.00000   100%   103 10075s
 7811890 1307249 infeasible  264         1.00000    0.00000   100%   103 10080s
 7817257 1307843 infeasible  275         1.00000    0.00000   100%   103 10085s
 7823247 1308394    0.00000  256   30    1.00000    0.00000   100%   103 10090s
 7827493 1308978 infeasible  269         1.00000    0.00000   100%   103 10095s
 7833910 1309788    0.00000  281   43    1.00000    0.00000   100%   103 10100s
 7838519 1310495    0.00000  275   12    1.00000    0.00000   100%   103 10105s
 7840440 1310608 infeasible  279         1.00000    0.00000   100%   103 10110s
 7840506 1310624    0.00000  276   20    1.00000    0.00000   100%   103 10115s
 7841210 1310786 infeasible  277         1.00000    0.00000   100%   103 10120s
 7844982 1311190 infeasible  269         1.00000    0.00000   100%   103 10125s
 7849821 1311729    0.00000  255   24    1.00000    0.00000   100%   103 10130s
 7856069 1312387 infeasible  265         1.00000    0.00000   100%   103 10135s
 7863976 1312598 infeasible  275         1.00000    0.00000   100%   103 10140s
 7871335 1312702    0.00000  268   31    1.00000    0.00000   100%   103 10145s
 7876451 1312849 infeasible  277         1.00000    0.00000   100%   103 10150s
 7883428 1313466 infeasible  266         1.00000    0.00000   100%   103 10155s
 7889663 1313830    0.00000  276   20    1.00000    0.00000   100%   103 10160s
 7897099 1314261    0.00000  267   15    1.00000    0.00000   100%   103 10165s
 7903279 1315022    0.00000  274   23    1.00000    0.00000   100%   103 10170s
 7908171 1315355 infeasible  260         1.00000    0.00000   100%   103 10175s
 7915111 1315983 infeasible  274         1.00000    0.00000   100%   103 10180s
 7920191 1316306 infeasible  262         1.00000    0.00000   100%   103 10185s
 7926982 1317222 infeasible  262         1.00000    0.00000   100%   103 10190s
 7931501 1317586 infeasible  270         1.00000    0.00000   100%   103 10195s
 7938412 1319023 infeasible  280         1.00000    0.00000   100%   103 10200s
 7943693 1319681    0.00000  274   31    1.00000    0.00000   100%   103 10206s
 7948959 1320278    0.00000  280   32    1.00000    0.00000   100%   103 10210s
 7954802 1321692    0.00000  271   25    1.00000    0.00000   100%   103 10215s
 7959329 1322074 infeasible  278         1.00000    0.00000   100%   103 10220s
 7964557 1322784 infeasible  268         1.00000    0.00000   100%   103 10225s
 7969798 1323356 infeasible  264         1.00000    0.00000   100%   103 10230s
 7974737 1323889    0.00000  263    9    1.00000    0.00000   100%   103 10235s
 7980511 1324952 infeasible  253         1.00000    0.00000   100%   103 10240s
 7985115 1325601 infeasible  277         1.00000    0.00000   100%   103 10245s
 7987557 1326990    0.00000  268   41    1.00000    0.00000   100%   103 10255s
 7999902 1327776 infeasible  273         1.00000    0.00000   100%   103 10260s
 8000949 1327783    0.00000  280   29    1.00000    0.00000   100%   103 10265s
 8001089 1327864    0.00000  284   16    1.00000    0.00000   100%   103 10270s
 8002506 1328053 infeasible  285         1.00000    0.00000   100%   103 10276s
 8002517 1329160 infeasible  285         1.00000    0.00000   100%   103 10289s
 8010517 1329235    0.00000  251   21    1.00000    0.00000   100%   103 10290s
 8016021 1329930    0.00000  263   26    1.00000    0.00000   100%   103 10295s
 8020003 1330423    0.00000  261   20    1.00000    0.00000   100%   103 10300s
 8023850 1331044    0.00000  252   33    1.00000    0.00000   100%   103 10305s
 8030146 1331820    0.00000  274   19    1.00000    0.00000   100%   103 10310s
 8032105 1332419    0.00000  261   12    1.00000    0.00000   100%   103 10317s
 8040107 1332991    0.00000  261   10    1.00000    0.00000   100%   103 10320s
 8043924 1333567 infeasible  272         1.00000    0.00000   100%   103 10325s
 8049572 1334175    0.00000  278   28    1.00000    0.00000   100%   103 10330s
 8055156 1334738 infeasible  267         1.00000    0.00000   100%   103 10335s
 8061229 1335247    0.00000  255   23    1.00000    0.00000   100%   103 10341s
 8064478 1335554    0.00000  265   15    1.00000    0.00000   100%   102 10345s
 8070674 1336495    0.00000  253   17    1.00000    0.00000   100%   102 10350s
 8075452 1337327 infeasible  283         1.00000    0.00000   100%   102 10355s
 8081817 1337978    0.00000  280   20    1.00000    0.00000   100%   102 10360s
 8086374 1338521 infeasible  268         1.00000    0.00000   100%   102 10365s
 8092174 1339504 infeasible  279         1.00000    0.00000   100%   102 10370s
 8094330 1339848    0.00000  271    8    1.00000    0.00000   100%   102 10375s
 8099725 1340591 infeasible  273         1.00000    0.00000   100%   102 10380s
 8105959 1341238    0.00000  275   21    1.00000    0.00000   100%   102 10385s
 8105993 1342106    0.00000  276   19    1.00000    0.00000   100%   102 10392s
 8115848 1342571    0.00000  261   40    1.00000    0.00000   100%   102 10395s
 8120885 1343926 infeasible  266         1.00000    0.00000   100%   102 10400s
 8126879 1344557 infeasible  290         1.00000    0.00000   100%   102 10405s
 8131716 1345662    0.00000  259   48    1.00000    0.00000   100%   102 10410s
 8136769 1346526    0.00000  274   27    1.00000    0.00000   100%   102 10415s
 8141805 1347622    0.00000  280   16    1.00000    0.00000   100%   102 10420s
 8147134 1348540    0.00000  274   16    1.00000    0.00000   100%   102 10425s
 8152071 1349249    0.00000  268   25    1.00000    0.00000   100%   102 10430s
 8158809 1349479    0.00000  280   18    1.00000    0.00000   100%   102 10435s
 8160658 1349528    0.00000  284   25    1.00000    0.00000   100%   102 10440s
 8162612 1349650    0.00000  276   16    1.00000    0.00000   100%   102 10445s
 8165001 1349864    0.00000  266   50    1.00000    0.00000   100%   102 10450s
 8169193 1350226 infeasible  278         1.00000    0.00000   100%   102 10455s
 8173729 1350630    0.00000  279    9    1.00000    0.00000   100%   102 10460s
 8179935 1351079    0.00000  274   16    1.00000    0.00000   100%   102 10465s
 8184999 1351847 infeasible  288         1.00000    0.00000   100%   102 10470s
 8190547 1352295 infeasible  269         1.00000    0.00000   100%   102 10475s
 8195345 1353016    0.00000  261   23    1.00000    0.00000   100%   102 10480s
 8201181 1353869 infeasible  284         1.00000    0.00000   100%   102 10485s
 8206232 1354433    0.00000  276   26    1.00000    0.00000   100%   102 10490s
 8211380 1355202    0.00000  272   13    1.00000    0.00000   100%   102 10495s
 8215771 1355888    0.00000  278   30    1.00000    0.00000   100%   102 10500s
 8221736 1356889    0.00000  254   26    1.00000    0.00000   100%   102 10505s
 8225384 1357667    0.00000  262   14    1.00000    0.00000   100%   102 10510s
 8231867 1358738    0.00000  266   32    1.00000    0.00000   100%   102 10515s
 8235567 1359352    0.00000  252   44    1.00000    0.00000   100%   102 10520s
 8241750 1359976    0.00000  261    9    1.00000    0.00000   100%   102 10525s
 8246283 1360745    0.00000  286   25    1.00000    0.00000   100%   102 10530s
 8252559 1361599    0.00000  277   17    1.00000    0.00000   100%   102 10535s
 8255713 1362810 infeasible  292         1.00000    0.00000   100%   102 10553s
 8264214 1363150    0.00000  263   30    1.00000    0.00000   100%   102 10555s
 8268756 1363789    0.00000  274   21    1.00000    0.00000   100%   102 10560s
 8270220 1364642    0.00000  275   25    1.00000    0.00000   100%   102 10569s
 8278220 1364643    0.00000  287   16    1.00000    0.00000   100%   102 10570s
 8283030 1365128    0.00000  284   19    1.00000    0.00000   100%   102 10575s
 8287347 1365524    0.00000  281   16    1.00000    0.00000   100%   102 10580s
 8291257 1366339 infeasible  275         1.00000    0.00000   100%   102 10585s
 8297744 1367463    0.00000  265   12    1.00000    0.00000   100%   102 10590s
 8302199 1368018 infeasible  283         1.00000    0.00000   100%   102 10595s
 8308021 1368959 infeasible  271         1.00000    0.00000   100%   102 10600s
 8313645 1369698    0.00000  263   16    1.00000    0.00000   100%   102 10605s
 8318749 1370388 infeasible  269         1.00000    0.00000   100%   102 10610s
 8323932 1371005 infeasible  278         1.00000    0.00000   100%   102 10615s
 8330326 1371591    0.00000  263   23    1.00000    0.00000   100%   102 10620s
 8334442 1372331    0.00000  261   10    1.00000    0.00000   100%   102 10625s
 8341080 1373540 infeasible  261         1.00000    0.00000   100%   102 10630s
 8345182 1374781    0.00000  263    9    1.00000    0.00000   100%   102 10635s
 8351528 1375623 infeasible  270         1.00000    0.00000   100%   102 10640s
 8356741 1376736    0.00000  272   30    1.00000    0.00000   100%   102 10645s
 8362038 1377530 infeasible  279         1.00000    0.00000   100%   102 10650s
 8366334 1378281    0.00000  290   14    1.00000    0.00000   100%   102 10655s
 8366388 1378289    0.00000  293   16    1.00000    0.00000   100%   102 10660s
 8366415 1378298 infeasible  295         1.00000    0.00000   100%   102 10665s
 8367375 1378483    0.00000  262   12    1.00000    0.00000   100%   102 10670s
 8371307 1379199    0.00000  258   18    1.00000    0.00000   100%   102 10675s
 8373556 1379629    0.00000  258   18    1.00000    0.00000   100%   102 10680s
 8379421 1380579 infeasible  258         1.00000    0.00000   100%   102 10685s
 8383994 1381356    0.00000  267   25    1.00000    0.00000   100%   102 10690s
 8389927 1382064    0.00000  292   22    1.00000    0.00000   100%   102 10695s
 8394703 1382825    0.00000  259   20    1.00000    0.00000   100%   102 10700s
 8400722 1383972 infeasible  282         1.00000    0.00000   100%   102 10705s
 8404254 1384523    0.00000  264   27    1.00000    0.00000   100%   102 10710s
 8410428 1385467    0.00000  255   30    1.00000    0.00000   100%   102 10715s
 8412455 1385857 infeasible  269         1.00000    0.00000   100%   102 10720s
 8416558 1386442 infeasible  263         1.00000    0.00000   100%   102 10725s
 8421906 1387173 infeasible  272         1.00000    0.00000   100%   102 10730s
 8426297 1387889 infeasible  284         1.00000    0.00000   100%   102 10735s
 8432214 1389143    0.00000  290   24    1.00000    0.00000   100%   102 10740s
 8437297 1389812    0.00000  272   28    1.00000    0.00000   100%   102 10745s
 8444219 1390875    0.00000  263   19    1.00000    0.00000   100%   102 10750s
 8448025 1391460 infeasible  277         1.00000    0.00000   100%   102 10755s
 8454587 1392574    0.00000  265   24    1.00000    0.00000   100%   102 10760s
 8459381 1393423 infeasible  269         1.00000    0.00000   100%   102 10765s
 8464782 1394057 infeasible  275         1.00000    0.00000   100%   102 10770s
 8469605 1394676    0.00000  258   27    1.00000    0.00000   100%   102 10775s
 8475502 1395559 infeasible  271         1.00000    0.00000   100%   102 10780s
 8477516 1396145 infeasible  273         1.00000    0.00000   100%   102 10785s
 8487063 1396914 infeasible  278         1.00000    0.00000   100%   102 10790s
 8492329 1397605    0.00000  267   26    1.00000    0.00000   100%   102 10796s
 8497610 1398154    0.00000  270   12    1.00000    0.00000   100%   102 10800s
 8503258 1399022 infeasible  273         1.00000    0.00000   100%   102 10805s
 8508468 1399837    0.00000  275   28    1.00000    0.00000   100%   102 10810s
 8512934 1400849 infeasible  267         1.00000    0.00000   100%   102 10815s
 8518168 1401974    0.00000  259   24    1.00000    0.00000   100%   102 10820s
 8522198 1402415    0.00000  273   30    1.00000    0.00000   100%   102 10825s
 8528367 1403313 infeasible  268         1.00000    0.00000   100%   102 10830s
 8530724 1403641    0.00000  281   28    1.00000    0.00000   100%   102 10835s
 8530787 1403655 infeasible  285         1.00000    0.00000   100%   102 10840s
 8531038 1403739 infeasible  281         1.00000    0.00000   100%   102 10846s
 8532687 1404002 infeasible  290         1.00000    0.00000   100%   102 10851s
 8535303 1404425    0.00000  276   19    1.00000    0.00000   100%   102 10855s
 8540439 1405327    0.00000  264   27    1.00000    0.00000   100%   102 10860s
 8545512 1405887    0.00000  266   37    1.00000    0.00000   100%   102 10865s
 8551526 1406781    0.00000  273   25    1.00000    0.00000   100%   102 10871s
 8551581 1408150    0.00000  274   13    1.00000    0.00000   100%   102 10878s
 8561383 1408429    0.00000  279   15    1.00000    0.00000   100%   102 10880s
 8566041 1409003 infeasible  260         1.00000    0.00000   100%   102 10886s
 8571096 1409413    0.00000  278   30    1.00000    0.00000   100%   102 10890s
 8574454 1409864 infeasible  283         1.00000    0.00000   100%   102 10895s
 8580445 1411146    0.00000  259   26    1.00000    0.00000   100%   102 10900s
 8583485 1411717    0.00000  269   23    1.00000    0.00000   100%   102 10905s
 8590064 1412589    0.00000  258   29    1.00000    0.00000   100%   102 10910s
 8593778 1412980    0.00000  283   29    1.00000    0.00000   100%   102 10915s
 8598060 1413660    0.00000  278   34    1.00000    0.00000   100%   102 10920s
 8603658 1414522    0.00000  277   29    1.00000    0.00000   100%   102 10925s
 8608404 1415756    0.00000  274   28    1.00000    0.00000   100%   102 10930s
 8613732 1416700    0.00000  273   14    1.00000    0.00000   100%   102 10935s
 8619787 1417444    0.00000  282   26    1.00000    0.00000   100%   102 10940s
 8623452 1418219 infeasible  283         1.00000    0.00000   100%   102 10945s
 8626132 1419677    0.00000  278   24    1.00000    0.00000   100%   102 10955s
 8637149 1420385    0.00000  278   20    1.00000    0.00000   100%   102 10960s
 8641504 1421043 infeasible  269         1.00000    0.00000   100%   102 10965s
 8647311 1421896 infeasible  269         1.00000    0.00000   100%   102 10970s
 8652387 1422737 infeasible  263         1.00000    0.00000   100%   102 10975s
 8657613 1423345    0.00000  266   34    1.00000    0.00000   100%   102 10980s
 8661528 1424291 infeasible  282         1.00000    0.00000   100%   102 10985s
 8665881 1424792 infeasible  283         1.00000    0.00000   100%   102 10990s
 8669950 1425597    0.00000  256   21    1.00000    0.00000   100%   102 10995s
 8675159 1426451    0.00000  270   28    1.00000    0.00000   100%   102 11000s
 8676039 1426466    0.00000  286   22    1.00000    0.00000   100%   102 11005s
 8676146 1426578    0.00000  274   16    1.00000    0.00000   100%   102 11010s
 8676659 1426750    0.00000  271   18    1.00000    0.00000   100%   102 11015s
 8679707 1427257    0.00000  265   26    1.00000    0.00000   100%   102 11020s
 8684866 1428202    0.00000  256   30    1.00000    0.00000   100%   102 11025s
 8690190 1428954 infeasible  269         1.00000    0.00000   100%   102 11030s
 8694689 1429852    0.00000  272   22    1.00000    0.00000   100%   102 11035s
 8700531 1431092    0.00000  273   22    1.00000    0.00000   100%   102 11040s
 8700546 1432337    0.00000  274   20    1.00000    0.00000   100%   102 11047s
 8711015 1432872    0.00000  276   25    1.00000    0.00000   100%   102 11050s
 8712669 1433283 infeasible  267         1.00000    0.00000   100%   102 11055s
 8717867 1434173    0.00000  275   34    1.00000    0.00000   100%   102 11060s
 8722152 1434949    0.00000  262   38    1.00000    0.00000   100%   102 11065s
 8728073 1435845 infeasible  269         1.00000    0.00000   100%   102 11070s
 8732238 1436476 infeasible  270         1.00000    0.00000   100%   102 11075s
 8738642 1437321    0.00000  269   19    1.00000    0.00000   100%   102 11080s
 8743139 1438059 infeasible  266         1.00000    0.00000   100%   102 11085s
 8749171 1439244    0.00000  259   19    1.00000    0.00000   100%   102 11090s
 8753268 1440041    0.00000  271   26    1.00000    0.00000   100%   102 11095s
 8758692 1440886    0.00000  271   26    1.00000    0.00000   100%   102 11100s
 8763844 1441467    0.00000  250   10    1.00000    0.00000   100%   102 11105s
 8768702 1442155    0.00000  270   24    1.00000    0.00000   100%   101 11110s
 8774684 1442942    0.00000  265   27    1.00000    0.00000   100%   101 11116s
 8774811 1443828 infeasible  259         1.00000    0.00000   100%   101 11122s
 8784463 1444375 infeasible  276         1.00000    0.00000   100%   101 11125s
 8789264 1445000    0.00000  271   37    1.00000    0.00000   100%   101 11130s
 8794504 1445763 infeasible  270         1.00000    0.00000   100%   101 11135s
 8799007 1447029 infeasible  243         1.00000    0.00000   100%   101 11140s
 8803851 1448206    0.00000  264   18    1.00000    0.00000   100%   101 11145s
 8808918 1449038 infeasible  267         1.00000    0.00000   100%   101 11150s
 8814406 1449856 infeasible  264         1.00000    0.00000   100%   101 11155s
 8817361 1450396    0.00000  265   32    1.00000    0.00000   100%   101 11160s
 8821987 1450834    0.00000  274   20    1.00000    0.00000   100%   101 11165s
 8822061 1450843    0.00000  277   15    1.00000    0.00000   100%   101 11170s
 8822249 1450880    0.00000  277   17    1.00000    0.00000   100%   101 11175s
 8823231 1451082 infeasible  266         1.00000    0.00000   100%   101 11181s
 8826741 1451442    0.00000  263   21    1.00000    0.00000   100%   101 11185s
 8829443 1452062    0.00000  256   26    1.00000    0.00000   100%   101 11190s
 8835157 1453096    0.00000  243   34    1.00000    0.00000   100%   101 11195s
 8839770 1453776    0.00000  257   19    1.00000    0.00000   100%   101 11200s
 8846708 1455027    0.00000  269   40    1.00000    0.00000   100%   101 11205s
 8850673 1455557    0.00000  262   22    1.00000    0.00000   100%   101 11210s
 8856854 1456385 infeasible  270         1.00000    0.00000   100%   101 11215s
 8862541 1457343    0.00000  265   34    1.00000    0.00000   100%   101 11220s
 8868595 1458315 infeasible  262         1.00000    0.00000   100%   101 11225s
 8873029 1458974 infeasible  273         1.00000    0.00000   100%   101 11230s
 8879225 1459775 infeasible  275         1.00000    0.00000   100%   101 11235s
 8884768 1460593    0.00000  269   15    1.00000    0.00000   100%   101 11240s
 8889426 1461329    0.00000  267   19    1.00000    0.00000   100%   101 11245s
 8892721 1462030    0.00000  266   39    1.00000    0.00000   100%   101 11250s
 8899476 1462964    0.00000  259   27    1.00000    0.00000   100%   101 11255s
 8904273 1463597 infeasible  265         1.00000    0.00000   100%   101 11260s
 8909446 1464484    0.00000  260   24    1.00000    0.00000   100%   101 11265s
 8912865 1464801    0.00000  255   31    1.00000    0.00000   100%   101 11270s
 8919035 1465694 infeasible  267         1.00000    0.00000   100%   101 11275s
 8922567 1466491 infeasible  266         1.00000    0.00000   100%   101 11283s
 8928819 1466739    0.00000  267   11    1.00000    0.00000   100%   101 11285s
 8933582 1467333    0.00000  273   27    1.00000    0.00000   100%   101 11290s
 8939169 1467914    0.00000  257   31    1.00000    0.00000   100%   101 11295s
 8943963 1468734    0.00000  257   22    1.00000    0.00000   100%   101 11300s
 8950142 1469698    0.00000  278   20    1.00000    0.00000   100%   101 11305s
 8951812 1471026    0.00000  263   22    1.00000    0.00000   100%   101 11315s
 8963304 1471609 infeasible  267         1.00000    0.00000   100%   101 11320s
 8968077 1472297    0.00000  259   14    1.00000    0.00000   100%   101 11325s
 8973412 1472908 infeasible  278         1.00000    0.00000   100%   101 11330s
 8980402 1473714    0.00000  258   21    1.00000    0.00000   100%   101 11335s
 8984614 1474492    0.00000  255   31    1.00000    0.00000   100%   101 11340s
 8990365 1475316    0.00000  260   27    1.00000    0.00000   100%   101 11345s
 8994777 1476110 infeasible  271         1.00000    0.00000   100%   101 11350s
 9000095 1476690    0.00000  259   44    1.00000    0.00000   100%   101 11355s
 9000153 1476713    0.00000  264   16    1.00000    0.00000   100%   101 11360s
 9000195 1476718 infeasible  265         1.00000    0.00000   100%   101 11365s
 9000976 1476914 infeasible  262         1.00000    0.00000   100%   101 11370s
 9003920 1477681 infeasible  280         1.00000    0.00000   100%   101 11375s
 9010590 1478927 infeasible  268         1.00000    0.00000   100%   101 11380s
 9011625 1480140 infeasible  251         1.00000    0.00000   100%   101 11390s
 9026374 1481958 infeasible  263         1.00000    0.00000   100%   101 11396s
 9031748 1482576    0.00000  266   16    1.00000    0.00000   100%   101 11400s
 9038075 1483051 infeasible  252         1.00000    0.00000   100%   101 11405s
 9043837 1483634    0.00000  259   15    1.00000    0.00000   100%   101 11410s
 9050572 1484106    0.00000  268   16    1.00000    0.00000   100%   101 11415s
 9055610 1484779    0.00000  257   19    1.00000    0.00000   100%   101 11421s
 9061560 1485304 infeasible  272         1.00000    0.00000   100%   101 11425s
 9064410 1486089    0.00000  256   19    1.00000    0.00000   100%   101 11430s
 9070355 1486642 infeasible  275         1.00000    0.00000   100%   101 11435s
 9076236 1487116 infeasible  269         1.00000    0.00000   100%   101 11440s
 9082603 1487449 infeasible  280         1.00000    0.00000   100%   101 11445s
 9087762 1487715    0.00000  278   23    1.00000    0.00000   100%   101 11450s
 9093479 1488171    0.00000  266    8    1.00000    0.00000   100%   101 11455s
 9096976 1488409 infeasible  269         1.00000    0.00000   100%   101 11460s
 9102524 1488800 infeasible  278         1.00000    0.00000   100%   101 11465s
 9107394 1489245 infeasible  267         1.00000    0.00000   100%   101 11470s
 9113872 1490460    0.00000  258   20    1.00000    0.00000   100%   101 11475s
 9119097 1490962    0.00000  274   12    1.00000    0.00000   100%   101 11480s
 9126334 1491362    0.00000  269   16    1.00000    0.00000   100%   101 11485s
 9130337 1491721 infeasible  265         1.00000    0.00000   100%   101 11490s
 9136966 1492210    0.00000  254   27    1.00000    0.00000   100%   101 11495s
 9142532 1492490    0.00000  267   19    1.00000    0.00000   100%   101 11500s
 9148648 1493434 infeasible  265         1.00000    0.00000   100%   101 11505s
 9153963 1493850    0.00000  261   19    1.00000    0.00000   100%   101 11510s
 9158716 1494144    0.00000  250   14    1.00000    0.00000   100%   101 11516s
 9158729 1494671    0.00000  251   14    1.00000    0.00000   100%   101 11524s
 9166729 1494710 infeasible  270         1.00000    0.00000   100%   101 11525s
 9173715 1495451 infeasible  266         1.00000    0.00000   100%   101 11531s
 9179005 1495875 infeasible  267         1.00000    0.00000   100%   101 11535s
 9179870 1495878 infeasible  257         1.00000    0.00000   100%   101 11540s
 9179986 1495905    0.00000  256   27    1.00000    0.00000   100%   101 11545s
 9181412 1496004    0.00000  256   21    1.00000    0.00000   100%   101 11550s
 9185315 1496495 infeasible  271         1.00000    0.00000   100%   101 11555s
 9191969 1496752 infeasible  270         1.00000    0.00000   100%   101 11560s
 9196268 1497442    0.00000  274   23    1.00000    0.00000   100%   101 11565s
 9200776 1498314 infeasible  268         1.00000    0.00000   100%   101 11570s
 9206980 1499150    0.00000  274   17    1.00000    0.00000   100%   101 11575s
 9212657 1500283    0.00000  258   21    1.00000    0.00000   100%   101 11580s
 9218309 1501247 infeasible  271         1.00000    0.00000   100%   101 11585s
 9224006 1501759    0.00000  285   14    1.00000    0.00000   100%   101 11590s
 9230379 1502182 infeasible  266         1.00000    0.00000   100%   101 11595s
 9236089 1502750 infeasible  269         1.00000    0.00000   100%   101 11600s
 9240835 1503974    0.00000  277   14    1.00000    0.00000   100%   101 11605s
 9246493 1505408 infeasible  274         1.00000    0.00000   100%   101 11610s
 9251657 1506205    0.00000  261   22    1.00000    0.00000   100%   101 11615s
 9256547 1507421 infeasible  274         1.00000    0.00000   100%   101 11620s
 9261670 1508173    0.00000  267   25    1.00000    0.00000   100%   101 11626s
 9264334 1508534    0.00000  265   12    1.00000    0.00000   100%   101 11630s
 9269947 1509458 infeasible  265         1.00000    0.00000   100%   101 11635s
 9274662 1510103 infeasible  270         1.00000    0.00000   100%   101 11640s
 9280988 1510770 infeasible  274         1.00000    0.00000   100%   101 11645s
 9286052 1511073    0.00000  267   12    1.00000    0.00000   100%   101 11650s
 9292339 1511682    0.00000  271   31    1.00000    0.00000   100%   101 11655s
 9293425 1511983    0.00000  269    8    1.00000    0.00000   100%   101 11661s
 9303635 1512182 infeasible  275         1.00000    0.00000   100%   100 11665s
 9308276 1512839    0.00000  275   11    1.00000    0.00000   100%   100 11670s
 9314517 1513781 infeasible  262         1.00000    0.00000   100%   100 11675s
 9320436 1514489    0.00000  258   22    1.00000    0.00000   100%   100 11680s
 9324805 1514872 infeasible  262         1.00000    0.00000   100%   100 11685s
 9326214 1514935 infeasible  261         1.00000    0.00000   100%   100 11690s
 9326269 1514957    0.00000  261   23    1.00000    0.00000   100%   100 11695s
 9330763 1515519 infeasible  276         1.00000    0.00000   100%   100 11700s
 9334085 1515858 infeasible  281         1.00000    0.00000   100%   100 11705s
 9337733 1516392 infeasible  273         1.00000    0.00000   100%   100 11710s
 9343669 1517208    0.00000  253   20    1.00000    0.00000   100%   100 11715s
 9348278 1517663    0.00000  270    8    1.00000    0.00000   100%   100 11720s
 9355053 1518400 infeasible  261         1.00000    0.00000   100%   100 11725s
 9360753 1518789    0.00000  267    8    1.00000    0.00000   100%   100 11730s
 9367597 1519445 infeasible  278         1.00000    0.00000   100%   100 11735s
 9373431 1519858    0.00000  266   17    1.00000    0.00000   100%   100 11740s
 9379410 1520513 infeasible  286         1.00000    0.00000   100%   100 11745s
 9381775 1520849 infeasible  272         1.00000    0.00000   100%   100 11750s
 9387619 1521604 infeasible  276         1.00000    0.00000   100%   100 11755s
 9391862 1522383 infeasible  262         1.00000    0.00000   100%   100 11760s
 9398125 1523130    0.00000  272   30    1.00000    0.00000   100%   100 11765s
 9402741 1523586 infeasible  273         1.00000    0.00000   100%   100 11770s
 9408980 1524400    0.00000  259   34    1.00000    0.00000   100%   100 11775s
 9412588 1525039    0.00000  275   18    1.00000    0.00000   100%   100 11780s
 9418590 1526103    0.00000  276   15    1.00000    0.00000   100%   100 11785s
 9423288 1526867 infeasible  269         1.00000    0.00000   100%   100 11790s
 9428599 1527715 infeasible  273         1.00000    0.00000   100%   100 11795s
 9432506 1528309    0.00000  246   29    1.00000    0.00000   100%   100 11800s
 9439305 1529393    0.00000  249   18    1.00000    0.00000   100%   100 11805s
 9442757 1529741 infeasible  286         1.00000    0.00000   100%   100 11811s
 9447956 1530412    0.00000  268   34    1.00000    0.00000   100%   100 11815s
 9452508 1530914 infeasible  267         1.00000    0.00000   100%   100 11820s
 9457589 1531872    0.00000  269   29    1.00000    0.00000   100%   100 11825s
 9462752 1532912    0.00000  250   22    1.00000    0.00000   100%   100 11830s
 9462821 1532919 infeasible  249         1.00000    0.00000   100%   100 11835s
 9462860 1532942 infeasible  254         1.00000    0.00000   100%   100 11840s
 9466712 1533733 infeasible  257         1.00000    0.00000   100%   100 11845s
 9469642 1534501    0.00000  268   21    1.00000    0.00000   100%   100 11850s
 9473060 1535356    0.00000  264   26    1.00000    0.00000   100%   100 11855s
 9480809 1536617    0.00000  265   17    1.00000    0.00000   100%   100 11860s
 9484006 1537247    0.00000  267   32    1.00000    0.00000   100%   100 11865s
 9489544 1538278    0.00000  264   16    1.00000    0.00000   100%   100 11870s
 9494271 1538993    0.00000  259   24    1.00000    0.00000   100%   100 11875s
 9500324 1540153 infeasible  263         1.00000    0.00000   100%   100 11880s
 9504851 1540813    0.00000  263   20    1.00000    0.00000   100%   100 11885s
 9510742 1541963    0.00000  274   24    1.00000    0.00000   100%   100 11890s
 9515536 1542554    0.00000  255   22    1.00000    0.00000   100%   100 11895s
 9521571 1543380    0.00000  276   20    1.00000    0.00000   100%   100 11900s
 9526836 1544503    0.00000  250   22    1.00000    0.00000   100%   100 11905s
 9532703 1545438 infeasible  251         1.00000    0.00000   100%   100 11910s
 9535683 1545760    0.00000  261   28    1.00000    0.00000   100%   100 11915s
 9541600 1546289    0.00000  268   25    1.00000    0.00000   100%   100 11920s
 9547304 1546904 infeasible  280         1.00000    0.00000   100%   100 11926s
 9552796 1547307    0.00000  279    7    1.00000    0.00000   100%   100 11930s
 9558880 1548153 infeasible  276         1.00000    0.00000   100%   100 11935s
 9564129 1548834    0.00000  265   22    1.00000    0.00000   100%   100 11940s
 9570109 1550230    0.00000  270   11    1.00000    0.00000   100%   100 11945s
 9576813 1552407 infeasible  296         1.00000    0.00000   100%   100 11951s
 9581742 1553862 infeasible  268         1.00000    0.00000   100%   100 11955s
 9588066 1555205    0.00000  256   22    1.00000    0.00000   100%   100 11960s
 9591582 1556165 infeasible  285         1.00000    0.00000   100%   100 11965s
 9597569 1557571 infeasible  278         1.00000    0.00000   100%   100 11970s
 9597625 1557596 infeasible  278         1.00000    0.00000   100%   100 11975s
 9598177 1557812    0.00000  278   29    1.00000    0.00000   100%   100 11980s
 9601002 1558477 infeasible  286         1.00000    0.00000   100%   100 11985s
 9605134 1559125 infeasible  280         1.00000    0.00000   100%   100 11990s
 9610821 1560011    0.00000  270   28    1.00000    0.00000   100%   100 11995s
 9615899 1561273    0.00000  262   16    1.00000    0.00000   100%   100 12000s
 9620601 1562739 infeasible  285         1.00000    0.00000   100%   100 12005s
 9624984 1563707 infeasible  278         1.00000    0.00000   100%   100 12010s
 9631342 1565152    0.00000  271   14    1.00000    0.00000   100%   100 12015s
 9635102 1566093    0.00000  273   31    1.00000    0.00000   100%   100 12020s
 9640241 1567180 infeasible  266         1.00000    0.00000   100%   100 12025s
 9645723 1568510 infeasible  288         1.00000    0.00000   100%   100 12030s
 9649895 1569398    0.00000  267   31    1.00000    0.00000   100%   100 12035s
 9654581 1570448    0.00000  260   20    1.00000    0.00000   100%   100 12040s
 9660664 1571435 infeasible  266         1.00000    0.00000   100%   100 12045s
 9663812 1571872    0.00000  261   26    1.00000    0.00000   100%   100 12050s
 9668719 1572695 infeasible  270         1.00000    0.00000   100%   100 12055s
 9675139 1573784 infeasible  272         1.00000    0.00000   100%   100 12060s
 9680416 1574668 infeasible  281         1.00000    0.00000   100%   100 12065s
 9685192 1575380    0.00000  262   22    1.00000    0.00000   100%   100 12070s
 9691017 1576531    0.00000  268   20    1.00000    0.00000   100%   100 12075s
 9694329 1576995    0.00000  276   16    1.00000    0.00000   100%   100 12080s
 9695438 1577637    0.00000  268   42    1.00000    0.00000   100%   100 12086s
 9704596 1578141    0.00000  265   20    1.00000    0.00000   100%   100 12090s
 9709236 1578887    0.00000  259   35    1.00000    0.00000   100%   100 12095s
 9714515 1579542    0.00000  284   13    1.00000    0.00000   100%   100 12100s
 9719092 1580201 infeasible  273         1.00000    0.00000   100%   100 12105s
 9724063 1581040    0.00000  275   20    1.00000    0.00000   100%   100 12110s
 9728349 1581695    0.00000  278   24    1.00000    0.00000   100%   100 12115s
 9733965 1582302    0.00000  269   49    1.00000    0.00000   100%   100 12120s
 9739064 1582925 infeasible  273         1.00000    0.00000   100%   100 12125s
 9741031 1583079 infeasible  262         1.00000    0.00000   100%   100 12130s
 9741066 1583091    0.00000  261   27    1.00000    0.00000   100%   100 12135s
 9741099 1583086 infeasible  261         1.00000    0.00000   100%   100 12140s
 9741694 1583155    0.00000  270   16    1.00000    0.00000   100%   100 12146s
 9743283 1583415    0.00000  256   14    1.00000    0.00000   100%   100 12150s
 9747564 1584373    0.00000  262   13    1.00000    0.00000   100%   100 12155s
 9752623 1585395    0.00000  263   25    1.00000    0.00000   100%   100 12160s
 9757583 1586308    0.00000  270   11    1.00000    0.00000   100%   100 12165s
 9760483 1586806 infeasible  258         1.00000    0.00000   100%   100 12170s
 9765886 1587636    0.00000  268   35    1.00000    0.00000   100%   100 12175s
 9769602 1589531    0.00000  267   19    1.00000    0.00000   100%   100 12186s
 9780323 1590051    0.00000  273   14    1.00000    0.00000   100%   100 12190s
 9785571 1590926    0.00000  274   25    1.00000    0.00000   100%   100 12195s
 9790779 1591453    0.00000  272   30    1.00000    0.00000   100%   100 12200s
 9797199 1592348    0.00000  293   20    1.00000    0.00000   100%   100 12205s
 9802253 1593312 infeasible  292         1.00000    0.00000   100%   100 12210s
 9808428 1594244    0.00000  268   11    1.00000    0.00000   100%   100 12215s
 9813335 1594924    0.00000  261   11    1.00000    0.00000   100%   100 12220s
 9819158 1595743 infeasible  259         1.00000    0.00000   100%   100 12225s
 9824522 1596371    0.00000  273   23    1.00000    0.00000   100%   100 12230s
 9828857 1597825    0.00000  271   30    1.00000    0.00000   100%   100 12240s
 9839167 1598935 infeasible  265         1.00000    0.00000   100%   100 12245s
 9845286 1599675    0.00000  278   10    1.00000    0.00000   100%   100 12250s
 9848734 1600023    0.00000  270   19    1.00000    0.00000   100%   100 12255s
 9855187 1600575 infeasible  265         1.00000    0.00000   100%   100 12260s
 9859185 1601091    0.00000  255   16    1.00000    0.00000   100%   100 12265s
 9865708 1601934    0.00000  283    9    1.00000    0.00000   100%   100 12270s
 9870511 1602373 infeasible  279         1.00000    0.00000   100%   100 12275s
 9874973 1602767    0.00000  271   18    1.00000    0.00000   100%   100 12280s
 9879665 1603723 infeasible  294         1.00000    0.00000   100%   100 12285s
 9885303 1604850 infeasible  275         1.00000    0.00000   100%   100 12290s
 9888663 1606442 infeasible  284         1.00000    0.00000   100%   100 12304s
 9896663 1606588 infeasible  275         1.00000    0.00000   100%   100 12305s
 9903230 1607257    0.00000  264   26    1.00000    0.00000   100%   100 12310s
 9908367 1607831 infeasible  271         1.00000    0.00000   100%   100 12315s
 9913669 1608436 infeasible  261         1.00000    0.00000   100%   100 12320s
 9913735 1608437    0.00000  260   22    1.00000    0.00000   100%   100 12325s
 9914017 1608469    0.00000  265   17    1.00000    0.00000   100%   100 12330s
 9914862 1608567 infeasible  267         1.00000    0.00000   100%   100 12335s
 9916911 1608834    0.00000  252   26    1.00000    0.00000   100%   100 12340s
 9920351 1609409    0.00000  251   41    1.00000    0.00000   100%   100 12345s
 9926929 1610447    0.00000  257   18    1.00000    0.00000   100%   100 12350s
 9930366 1610927 infeasible  261         1.00000    0.00000   100%   100 12355s
 9935495 1611771    0.00000  260   21    1.00000    0.00000   100%   100 12360s
 9940126 1612343 infeasible  282         1.00000    0.00000   100%   100 12365s
 9946345 1613496    0.00000  277   21    1.00000    0.00000   100%   100 12370s
 9949482 1614073 infeasible  273         1.00000    0.00000   100%   100 12375s
 9956394 1614905    0.00000  275   38    1.00000    0.00000   100%   100 12380s
 9961803 1615952    0.00000  278    7    1.00000    0.00000   100%   100 12385s
 9968037 1617168    0.00000  277   12    1.00000    0.00000   100%   100 12390s
 9972681 1618294    0.00000  276   21    1.00000    0.00000   100%   100 12395s
 9977904 1619440 infeasible  271         1.00000    0.00000   100%   100 12400s
 9982809 1620185 infeasible  275         1.00000    0.00000   100%   100 12405s
 9985720 1620740    0.00000  272   30    1.00000    0.00000   100%   100 12410s
 9990857 1621731    0.00000  269   14    1.00000    0.00000   100%   100 12415s
 9996376 1622727    0.00000  262   36    1.00000    0.00000   100%  99.5 12420s
 10001012 1623351    0.00000  282   14    1.00000    0.00000   100%  99.5 12425s
 10007345 1623960    0.00000  274   20    1.00000    0.00000   100%  99.5 12430s
 10012867 1624512 infeasible  270         1.00000    0.00000   100%  99.5 12435s
 10019002 1625328 infeasible  269         1.00000    0.00000   100%  99.5 12440s
 10022068 1625649 infeasible  275         1.00000    0.00000   100%  99.5 12445s
 10027248 1626564    0.00000  268   14    1.00000    0.00000   100%  99.5 12450s
 10032340 1627404    0.00000  268   29    1.00000    0.00000   100%  99.5 12455s
 10038180 1628543    0.00000  267   37    1.00000    0.00000   100%  99.4 12461s
 10042658 1629102    0.00000  253   20    1.00000    0.00000   100%  99.4 12465s
 10048471 1630175 infeasible  259         1.00000    0.00000   100%  99.4 12470s
 10053082 1631498 infeasible  265         1.00000    0.00000   100%  99.4 12479s
 10059011 1631587 infeasible  281         1.00000    0.00000   100%  99.4 12480s
 10063269 1632041    0.00000  275   16    1.00000    0.00000   100%  99.4 12485s
 10063648 1632107    0.00000  258   12    1.00000    0.00000   100%  99.4 12490s
 10064369 1632391    0.00000  261   29    1.00000    0.00000   100%  99.4 12495s
 10065330 1632723    0.00000  262   24    1.00000    0.00000   100%  99.4 12500s
 10070426 1633797 infeasible  271         1.00000    0.00000   100%  99.4 12505s
 10074598 1634637    0.00000  269   17    1.00000    0.00000   100%  99.4 12510s
 10081597 1635622 infeasible  274         1.00000    0.00000   100%  99.4 12515s
 10086137 1636064    0.00000  270   24    1.00000    0.00000   100%  99.4 12520s
 10092743 1637151 infeasible  265         1.00000    0.00000   100%  99.4 12525s
 10097595 1637741 infeasible  273         1.00000    0.00000   100%  99.3 12530s
 10103665 1638292 infeasible  276         1.00000    0.00000   100%  99.3 12535s
 10108135 1638930 infeasible  258         1.00000    0.00000   100%  99.3 12540s
 10114457 1639467    0.00000  266   34    1.00000    0.00000   100%  99.3 12545s
 10118861 1639947 infeasible  272         1.00000    0.00000   100%  99.3 12550s
 10125123 1640915    0.00000  265    9    1.00000    0.00000   100%  99.3 12555s
 10127777 1641711    0.00000  275   32    1.00000    0.00000   100%  99.3 12561s
 10133701 1643032 infeasible  276         1.00000    0.00000   100%  99.3 12565s
 10138156 1644110 infeasible  267         1.00000    0.00000   100%  99.3 12570s
 10143737 1645043 infeasible  270         1.00000    0.00000   100%  99.3 12575s
 10149849 1646271    0.00000  257   33    1.00000    0.00000   100%  99.3 12580s
 10157022 1647219 infeasible  279         1.00000    0.00000   100%  99.3 12585s
 10162208 1647992 infeasible  274         1.00000    0.00000   100%  99.3 12590s
 10168270 1649090    0.00000  274   27    1.00000    0.00000   100%  99.3 12595s
 10173704 1649829    0.00000  257   26    1.00000    0.00000   100%  99.3 12600s
 10179435 1650438    0.00000  263   27    1.00000    0.00000   100%  99.3 12605s
 10184516 1651221    0.00000  254   18    1.00000    0.00000   100%  99.2 12610s
 10189832 1651838    0.00000  277   17    1.00000    0.00000   100%  99.2 12615s
 10196107 1652720 infeasible  278         1.00000    0.00000   100%  99.2 12620s
 10197078 1652746 infeasible  251         1.00000    0.00000   100%  99.2 12625s
 10197110 1652761    0.00000  254   22    1.00000    0.00000   100%  99.2 12630s
 10197303 1652829    0.00000  276   27    1.00000    0.00000   100%  99.2 12636s
 10198180 1653134    0.00000  289   27    1.00000    0.00000   100%  99.2 12640s
 10199935 1653735    0.00000  250   19    1.00000    0.00000   100%  99.2 12645s
 10204420 1654469    0.00000  262   34    1.00000    0.00000   100%  99.2 12650s
 10211060 1655370 infeasible  274         1.00000    0.00000   100%  99.2 12655s
 10215617 1655927    0.00000  263   20    1.00000    0.00000   100%  99.2 12660s
 10220862 1656571 infeasible  280         1.00000    0.00000   100%  99.2 12665s
 10225792 1657255    0.00000  279   21    1.00000    0.00000   100%  99.2 12670s
 10231042 1657588    0.00000  265   16    1.00000    0.00000   100%  99.2 12675s
 10233362 1657989 infeasible  271         1.00000    0.00000   100%  99.2 12680s
 10239382 1658672 infeasible  269         1.00000    0.00000   100%  99.2 12685s
 10245359 1659524    0.00000  289   25    1.00000    0.00000   100%  99.2 12690s
 10250545 1660364    0.00000  262   20    1.00000    0.00000   100%  99.2 12695s
 10254954 1660949    0.00000  258   21    1.00000    0.00000   100%  99.2 12700s
 10260489 1661526    0.00000  268   24    1.00000    0.00000   100%  99.2 12705s
 10265142 1662697    0.00000  264   10    1.00000    0.00000   100%  99.2 12710s
 10271326 1663556 infeasible  282         1.00000    0.00000   100%  99.2 12715s
 10274750 1664028    0.00000  281   16    1.00000    0.00000   100%  99.2 12720s
 10279409 1664646    0.00000  285   14    1.00000    0.00000   100%  99.2 12725s
 10285148 1665044    0.00000  274   12    1.00000    0.00000   100%  99.2 12730s
 10291699 1665735    0.00000  271   18    1.00000    0.00000   100%  99.2 12735s
 10295811 1666112 infeasible  275         1.00000    0.00000   100%  99.2 12740s
 10300690 1666440    0.00000  277   17    1.00000    0.00000   100%  99.2 12745s
 10306924 1666762    0.00000  276   40    1.00000    0.00000   100%  99.2 12750s
 10311688 1667146 infeasible  281         1.00000    0.00000   100%  99.2 12755s
 10317636 1667766    0.00000  278   19    1.00000    0.00000   100%  99.2 12760s
 10322411 1668166    0.00000  261   19    1.00000    0.00000   100%  99.2 12765s
 10328354 1668711 infeasible  278         1.00000    0.00000   100%  99.2 12770s
 10333061 1669229    0.00000  271   14    1.00000    0.00000   100%  99.2 12775s
 10338632 1669735    0.00000  274   20    1.00000    0.00000   100%  99.1 12780s
 10343740 1670639 infeasible  268         1.00000    0.00000   100%  99.1 12785s
 10350056 1671448    0.00000  276   15    1.00000    0.00000   100%  99.1 12790s
 10354755 1672282    0.00000  264   40    1.00000    0.00000   100%  99.1 12795s
 10360516 1672884    0.00000  255   38    1.00000    0.00000   100%  99.1 12800s
 10365226 1673628 infeasible  275         1.00000    0.00000   100%  99.1 12805s
 10371257 1674262    0.00000  271   13    1.00000    0.00000   100%  99.1 12810s
 10376746 1675346    0.00000  258   20    1.00000    0.00000   100%  99.1 12815s
 10379916 1675913 infeasible  273         1.00000    0.00000   100%  99.1 12820s
 10379961 1675936    0.00000  264   13    1.00000    0.00000   100%  99.1 12825s
 10381596 1676314 infeasible  265         1.00000    0.00000   100%  99.1 12830s
 10383098 1676515    0.00000  259   34    1.00000    0.00000   100%  99.1 12835s
 10389109 1677463    0.00000  259   42    1.00000    0.00000   100%  99.1 12840s
 10393347 1678128    0.00000  261   19    1.00000    0.00000   100%  99.1 12845s
 10397098 1678798    0.00000  270   20    1.00000    0.00000   100%  99.1 12850s
 10403162 1679496    0.00000  268   26    1.00000    0.00000   100%  99.1 12855s
 10409073 1680752 infeasible  283         1.00000    0.00000   100%  99.1 12860s
 10413485 1681342 infeasible  277         1.00000    0.00000   100%  99.1 12865s
 10419074 1681932 infeasible  287         1.00000    0.00000   100%  99.1 12870s
 10425084 1682570    0.00000  275   25    1.00000    0.00000   100%  99.0 12875s
 10431030 1683549 infeasible  266         1.00000    0.00000   100%  99.0 12880s
 10436385 1684294 infeasible  274         1.00000    0.00000   100%  99.0 12885s
 10442578 1685101    0.00000  263   18    1.00000    0.00000   100%  99.0 12890s
 10447976 1685743    0.00000  260   24    1.00000    0.00000   100%  99.0 12895s
 10455243 1686768    0.00000  270   29    1.00000    0.00000   100%  99.0 12900s
 10456095 1687456    0.00000  261   14    1.00000    0.00000   100%  99.0 12910s
 10470022 1688184 infeasible  273         1.00000    0.00000   100%  99.0 12915s
 10474520 1688685    0.00000  263   10    1.00000    0.00000   100%  99.0 12920s
 10480762 1689463 infeasible  254         1.00000    0.00000   100%  99.0 12925s
 10485429 1689950    0.00000  265   23    1.00000    0.00000   100%  99.0 12930s
 10491115 1690877 infeasible  260         1.00000    0.00000   100%  99.0 12935s
 10495898 1691490    0.00000  256   22    1.00000    0.00000   100%  99.0 12940s
 10502127 1692255 infeasible  275         1.00000    0.00000   100%  98.9 12945s
 10505016 1692591 infeasible  277         1.00000    0.00000   100%  98.9 12950s
 10510731 1693559    0.00000  271   25    1.00000    0.00000   100%  98.9 12955s
 10513351 1693818    0.00000  282   12    1.00000    0.00000   100%  98.9 12961s
 10513392 1693826 infeasible  282         1.00000    0.00000   100%  98.9 12965s
 10514267 1693889 infeasible  259         1.00000    0.00000   100%  98.9 12970s
 10515452 1694030    0.00000  265   24    1.00000    0.00000   100%  98.9 12975s
 10521408 1694956    0.00000  252   36    1.00000    0.00000   100%  98.9 12980s
 10526127 1695658 infeasible  270         1.00000    0.00000   100%  98.9 12985s
 10532002 1697086 infeasible  277         1.00000    0.00000   100%  98.9 12990s
 10536775 1698240    0.00000  271   23    1.00000    0.00000   100%  98.9 12995s
 10542638 1699553    0.00000  268   39    1.00000    0.00000   100%  98.9 13000s
 10547037 1700446    0.00000  255   26    1.00000    0.00000   100%  98.9 13005s
 10553000 1701506 infeasible  277         1.00000    0.00000   100%  98.9 13010s
 10558795 1702557 infeasible  292         1.00000    0.00000   100%  98.9 13016s
 10563837 1703387 infeasible  263         1.00000    0.00000   100%  98.9 13020s
 10568069 1704126    0.00000  271   24    1.00000    0.00000   100%  98.9 13025s
 10573055 1705140 infeasible  265         1.00000    0.00000   100%  98.9 13030s
 10578019 1706002    0.00000  288   16    1.00000    0.00000   100%  98.9 13035s
 10582799 1706617 infeasible  277         1.00000    0.00000   100%  98.9 13040s
 10588810 1707690    0.00000  265   21    1.00000    0.00000   100%  98.9 13045s
 10594102 1708561 infeasible  270         1.00000    0.00000   100%  98.9 13050s
 10600089 1709309    0.00000  264   18    1.00000    0.00000   100%  98.9 13055s
 10605004 1710722    0.00000  264   24    1.00000    0.00000   100%  98.9 13060s
 10609000 1711290 infeasible  281         1.00000    0.00000   100%  98.9 13065s
 10613861 1712165    0.00000  274   20    1.00000    0.00000   100%  98.8 13070s
 10619857 1713365 infeasible  289         1.00000    0.00000   100%  98.8 13075s
 10624225 1714262    0.00000  269   26    1.00000    0.00000   100%  98.8 13080s
 10631111 1715390    0.00000  267   22    1.00000    0.00000   100%  98.8 13085s
 10634410 1716248    0.00000  266   20    1.00000    0.00000   100%  98.8 13090s
 10642681 1716978    0.00000  285   17    1.00000    0.00000   100%  98.8 13095s
 10648124 1718001    0.00000  264   15    1.00000    0.00000   100%  98.8 13100s
 10653305 1718795 infeasible  278         1.00000    0.00000   100%  98.8 13105s
 10657368 1719458    0.00000  265   16    1.00000    0.00000   100%  98.8 13110s
 10657423 1719471 infeasible  267         1.00000    0.00000   100%  98.8 13115s
 10657574 1719492    0.00000  274   22    1.00000    0.00000   100%  98.8 13122s
 10658179 1719623    0.00000  276   20    1.00000    0.00000   100%  98.8 13125s
 10659512 1719893 infeasible  277         1.00000    0.00000   100%  98.8 13130s
 10664307 1720582 infeasible  282         1.00000    0.00000   100%  98.8 13135s
 10668659 1721518    0.00000  264   30    1.00000    0.00000   100%  98.8 13140s
 10674861 1722321 infeasible  248         1.00000    0.00000   100%  98.8 13145s
 10679999 1722950    0.00000  259   23    1.00000    0.00000   100%  98.8 13150s
 10685659 1723648    0.00000  268   25    1.00000    0.00000   100%  98.7 13155s
 10690835 1724665    0.00000  272   24    1.00000    0.00000   100%  98.7 13160s
 10695208 1725436    0.00000  274   28    1.00000    0.00000   100%  98.7 13165s
 10698690 1726389    0.00000  262   22    1.00000    0.00000   100%  98.7 13170s
 10704459 1727406 infeasible  272         1.00000    0.00000   100%  98.7 13175s
 10707386 1728423    0.00000  259   23    1.00000    0.00000   100%  98.7 13180s
 10715236 1729317 infeasible  254         1.00000    0.00000   100%  98.7 13185s
 10719646 1730057 infeasible  271         1.00000    0.00000   100%  98.7 13190s
 10725186 1730690    0.00000  240   26    1.00000    0.00000   100%  98.7 13195s
 10731060 1731458 infeasible  268         1.00000    0.00000   100%  98.7 13200s
 10737081 1732292    0.00000  284   16    1.00000    0.00000   100%  98.7 13206s
 10741433 1732845    0.00000  264   25    1.00000    0.00000   100%  98.7 13210s
 10745959 1733388    0.00000  263   19    1.00000    0.00000   100%  98.7 13215s
 10750273 1734117    0.00000  270   11    1.00000    0.00000   100%  98.7 13220s
 10756771 1734843 infeasible  260         1.00000    0.00000   100%  98.7 13225s
 10762387 1735379 infeasible  264         1.00000    0.00000   100%  98.6 13230s
 10768657 1736222    0.00000  269   23    1.00000    0.00000   100%  98.6 13235s
 10773981 1737123    0.00000  262   34    1.00000    0.00000   100%  98.6 13240s
 10781316 1738515    0.00000  271   20    1.00000    0.00000   100%  98.6 13245s
 10781450 1739340    0.00000  272   17    1.00000    0.00000   100%  98.6 13250s
 10792091 1739774    0.00000  275   23    1.00000    0.00000   100%  98.6 13255s
 10796018 1740385 infeasible  275         1.00000    0.00000   100%  98.6 13261s
 10801111 1741173 infeasible  273         1.00000    0.00000   100%  98.6 13265s
 10806089 1741762    0.00000  270   22    1.00000    0.00000   100%  98.6 13270s
 10811181 1742620    0.00000  262   30    1.00000    0.00000   100%  98.6 13275s
 10815916 1743264 infeasible  269         1.00000    0.00000   100%  98.6 13280s
 10822692 1744367    0.00000  257   23    1.00000    0.00000   100%  98.6 13285s
 10826815 1744990    0.00000  260   19    1.00000    0.00000   100%  98.6 13290s
 10832744 1745868    0.00000  266   14    1.00000    0.00000   100%  98.5 13295s
 10832804 1745880 infeasible  267         1.00000    0.00000   100%  98.5 13301s
 10833119 1745992    0.00000  258   23    1.00000    0.00000   100%  98.5 13305s
 10834120 1746220 infeasible  273         1.00000    0.00000   100%  98.5 13310s
 10838708 1747260    0.00000  261   22    1.00000    0.00000   100%  98.5 13315s
 10843122 1748203    0.00000  279    7    1.00000    0.00000   100%  98.5 13320s
 10846526 1748718    0.00000  261   29    1.00000    0.00000   100%  98.5 13325s
 10852331 1749481    0.00000  263   15    1.00000    0.00000   100%  98.5 13330s
 10856498 1750110    0.00000  261   35    1.00000    0.00000   100%  98.5 13335s
 10862990 1751050    0.00000  264   13    1.00000    0.00000   100%  98.5 13340s
 10867883 1751818    0.00000  261   17    1.00000    0.00000   100%  98.5 13345s
 10874025 1752774 infeasible  268         1.00000    0.00000   100%  98.5 13350s
 10878193 1753365    0.00000  253   14    1.00000    0.00000   100%  98.5 13355s
 10884616 1754252    0.00000  259   36    1.00000    0.00000   100%  98.5 13360s
 10889819 1754803 infeasible  267         1.00000    0.00000   100%  98.5 13365s
 10895678 1755663    0.00000  281   16    1.00000    0.00000   100%  98.5 13370s
 10899432 1756523 infeasible  261         1.00000    0.00000   100%  98.5 13375s
 10905292 1757615    0.00000  264   28    1.00000    0.00000   100%  98.5 13380s
 10909152 1758266    0.00000  260   35    1.00000    0.00000   100%  98.5 13385s
 10913955 1759299    0.00000  259   25    1.00000    0.00000   100%  98.5 13390s
 10919591 1760419 infeasible  268         1.00000    0.00000   100%  98.5 13395s
 10925793 1761603 infeasible  261         1.00000    0.00000   100%  98.5 13400s
 10930072 1762370 infeasible  264         1.00000    0.00000   100%  98.5 13405s
 10935483 1764292    0.00000  273   20    1.00000    0.00000   100%  98.5 13410s
 10940337 1765257 infeasible  274         1.00000    0.00000   100%  98.5 13415s
 10943497 1766084 infeasible  278         1.00000    0.00000   100%  98.5 13420s
 10950362 1767101    0.00000  268   24    1.00000    0.00000   100%  98.4 13425s
 10954892 1767946 infeasible  268         1.00000    0.00000   100%  98.4 13430s
 10960556 1769107    0.00000  274   19    1.00000    0.00000   100%  98.4 13435s
 10965100 1769765    0.00000  250   24    1.00000    0.00000   100%  98.4 13440s
 10969575 1770415    0.00000  265   29    1.00000    0.00000   100%  98.4 13445s
 10969616 1770436    0.00000  269   27    1.00000    0.00000   100%  98.4 13450s
 10970021 1770617 infeasible  269         1.00000    0.00000   100%  98.4 13455s
 10971776 1770935    0.00000  270   20    1.00000    0.00000   100%  98.4 13460s
 10974424 1771458 infeasible  274         1.00000    0.00000   100%  98.4 13465s
 10979136 1772106    0.00000  252   23    1.00000    0.00000   100%  98.4 13470s
 10983454 1773094    0.00000  255   19    1.00000    0.00000   100%  98.4 13475s
 10989023 1774643    0.00000  277   12    1.00000    0.00000   100%  98.4 13480s
 10993717 1775507 infeasible  269         1.00000    0.00000   100%  98.4 13485s
 10999762 1777023    0.00000  265   12    1.00000    0.00000   100%  98.4 13490s
 11004127 1778028 infeasible  269         1.00000    0.00000   100%  98.4 13495s
 11009713 1778993 infeasible  271         1.00000    0.00000   100%  98.4 13500s
 11014333 1780038 infeasible  278         1.00000    0.00000   100%  98.4 13505s
 11020485 1781247    0.00000  271   11    1.00000    0.00000   100%  98.4 13510s
 11024946 1782214    0.00000  275   25    1.00000    0.00000   100%  98.4 13515s
 11030439 1783366 infeasible  258         1.00000    0.00000   100%  98.4 13520s
 11034604 1784409    0.00000  254   32    1.00000    0.00000   100%  98.4 13525s
 11037614 1785170    0.00000  248   33    1.00000    0.00000   100%  98.4 13530s
 11044217 1786317    0.00000  261   21    1.00000    0.00000   100%  98.4 13535s
 11046187 1788185    0.00000  255   29    1.00000    0.00000   100%  98.4 13543s
 11054712 1788698 infeasible  261         1.00000    0.00000   100%  98.4 13545s
 11058658 1789742 infeasible  253         1.00000    0.00000   100%  98.4 13550s
 11064874 1790855 infeasible  264         1.00000    0.00000   100%  98.4 13555s
 11070344 1792035 infeasible  278         1.00000    0.00000   100%  98.4 13560s
 11075495 1793180    0.00000  264   26    1.00000    0.00000   100%  98.4 13565s
 11080300 1794029    0.00000  264   26    1.00000    0.00000   100%  98.4 13570s
 11087243 1794874    0.00000  278   31    1.00000    0.00000   100%  98.4 13575s
 11090848 1795469    0.00000  269   20    1.00000    0.00000   100%  98.4 13580s
 11096729 1796355    0.00000  265   32    1.00000    0.00000   100%  98.4 13585s
 11101769 1797916 infeasible  282         1.00000    0.00000   100%  98.4 13590s
 11107032 1798831 infeasible  273         1.00000    0.00000   100%  98.4 13595s
 11111392 1799952    0.00000  264   17    1.00000    0.00000   100%  98.4 13600s
 11117777 1801107    0.00000  261   22    1.00000    0.00000   100%  98.4 13605s
 11120289 1802096 infeasible  257         1.00000    0.00000   100%  98.4 13610s
 11128537 1803482 infeasible  271         1.00000    0.00000   100%  98.4 13615s
 11129561 1803492 infeasible  268         1.00000    0.00000   100%  98.3 13620s
 11129597 1803505    0.00000  277   11    1.00000    0.00000   100%  98.3 13625s
 11130149 1803607 infeasible  266         1.00000    0.00000   100%  98.3 13631s
 11130175 1803611    0.00000  267   25    1.00000    0.00000   100%  98.3 13637s
 11131332 1803942 infeasible  259         1.00000    0.00000   100%  98.3 13640s
 11135444 1805156    0.00000  257   20    1.00000    0.00000   100%  98.3 13645s
 11140613 1806506    0.00000  254   14    1.00000    0.00000   100%  98.3 13650s
 11146170 1808041    0.00000  270   19    1.00000    0.00000   100%  98.3 13655s
 11151094 1808854 infeasible  262         1.00000    0.00000   100%  98.3 13660s
 11157022 1810069 infeasible  257         1.00000    0.00000   100%  98.3 13665s
 11160912 1810888    0.00000  256   37    1.00000    0.00000   100%  98.3 13670s
 11164144 1812105 infeasible  279         1.00000    0.00000   100%  98.3 13675s
 11170010 1813629    0.00000  247   34    1.00000    0.00000   100%  98.3 13680s
 11175590 1815494 infeasible  264         1.00000    0.00000   100%  98.3 13685s
 11180101 1817079    0.00000  256   35    1.00000    0.00000   100%  98.3 13690s
 11184913 1818658    0.00000  264   17    1.00000    0.00000   100%  98.3 13695s
 11190782 1820156    0.00000  261   13    1.00000    0.00000   100%  98.3 13700s
 11195586 1821438 infeasible  271         1.00000    0.00000   100%  98.3 13705s
 11202041 1823645    0.00000  277   28    1.00000    0.00000   100%  98.3 13710s
 11206410 1825027 infeasible  279         1.00000    0.00000   100%  98.3 13715s
 11212026 1826278 infeasible  281         1.00000    0.00000   100%  98.3 13720s
 11215514 1827370 infeasible  272         1.00000    0.00000   100%  98.3 13725s
 11221041 1828891    0.00000  259   23    1.00000    0.00000   100%  98.3 13730s
 11224981 1830009    0.00000  265   15    1.00000    0.00000   100%  98.3 13735s
 11231879 1832295 infeasible  264         1.00000    0.00000   100%  98.3 13740s
 11237181 1833598    0.00000  271   32    1.00000    0.00000   100%  98.3 13745s
 11242313 1834393    0.00000  263   18    1.00000    0.00000   100%  98.3 13750s
 11246218 1835443    0.00000  260   35    1.00000    0.00000   100%  98.3 13755s
 11251389 1836593 infeasible  267         1.00000    0.00000   100%  98.3 13760s
 11256692 1837898    0.00000  253   46    1.00000    0.00000   100%  98.3 13765s
 11261463 1839217 infeasible  270         1.00000    0.00000   100%  98.3 13770s
 11267154 1840508 infeasible  252         1.00000    0.00000   100%  98.3 13775s
 11271406 1841587    0.00000  268   20    1.00000    0.00000   100%  98.3 13780s
 11274762 1842314 infeasible  276         1.00000    0.00000   100%  98.3 13785s
 11279886 1843423 infeasible  269         1.00000    0.00000   100%  98.3 13790s
 11285147 1844348    0.00000  261   28    1.00000    0.00000   100%  98.3 13795s
 11290456 1845456    0.00000  256   24    1.00000    0.00000   100%  98.3 13800s
 11296765 1846467 infeasible  282         1.00000    0.00000   100%  98.3 13805s
 11296815 1846498 infeasible  273         1.00000    0.00000   100%  98.3 13810s
 11297052 1846590    0.00000  274   23    1.00000    0.00000   100%  98.3 13815s
 11299603 1847032 infeasible  276         1.00000    0.00000   100%  98.3 13821s
 11302977 1847614 infeasible  271         1.00000    0.00000   100%  98.3 13826s
 11308689 1848341    0.00000  250   27    1.00000    0.00000   100%  98.3 13830s
 11313817 1848965    0.00000  257   28    1.00000    0.00000   100%  98.3 13835s
 11319820 1849819 infeasible  271         1.00000    0.00000   100%  98.3 13840s
 11323945 1850331 infeasible  271         1.00000    0.00000   100%  98.3 13845s
 11330218 1851206    0.00000  272   34    1.00000    0.00000   100%  98.3 13850s
 11335546 1852284    0.00000  272   44    1.00000    0.00000   100%  98.3 13855s
 11341810 1853316    0.00000  253   18    1.00000    0.00000   100%  98.3 13860s
 11346989 1854292 infeasible  271         1.00000    0.00000   100%  98.2 13865s
 11353163 1855358    0.00000  261   19    1.00000    0.00000   100%  98.2 13870s
 11358308 1855807 infeasible  278         1.00000    0.00000   100%  98.2 13875s
 11363572 1856561 infeasible  269         1.00000    0.00000   100%  98.2 13880s
 11369804 1857256    0.00000  277   19    1.00000    0.00000   100%  98.2 13885s
 11374676 1858637 infeasible  276         1.00000    0.00000   100%  98.2 13890s
 11380962 1860131    0.00000  271   21    1.00000    0.00000   100%  98.2 13895s
 11385969 1860894 infeasible  279         1.00000    0.00000   100%  98.2 13900s
 11392128 1861592    0.00000  272   21    1.00000    0.00000   100%  98.2 13905s
 11397247 1862402    0.00000  276   11    1.00000    0.00000   100%  98.2 13910s
 11403148 1862978    0.00000  269   22    1.00000    0.00000   100%  98.2 13915s
 11408305 1864241    0.00000  266   11    1.00000    0.00000   100%  98.2 13920s
 11415652 1865007 infeasible  272         1.00000    0.00000   100%  98.2 13925s
 11421596 1865524    0.00000  266   22    1.00000    0.00000   100%  98.1 13930s
 11426401 1866595    0.00000  276   17    1.00000    0.00000   100%  98.1 13935s
 11431374 1867362 infeasible  269         1.00000    0.00000   100%  98.1 13940s
 11435358 1867931    0.00000  256   23    1.00000    0.00000   100%  98.1 13945s
 11439642 1868371 infeasible  273         1.00000    0.00000   100%  98.1 13950s
 11446521 1869307    0.00000  267   20    1.00000    0.00000   100%  98.1 13955s
 11451793 1869853    0.00000  262   14    1.00000    0.00000   100%  98.1 13960s
 11458714 1870774    0.00000  269   14    1.00000    0.00000   100%  98.1 13965s
 11463354 1871557    0.00000  273   16    1.00000    0.00000   100%  98.1 13970s
 11469759 1872340 infeasible  280         1.00000    0.00000   100%  98.1 13975s
 11475786 1873215    0.00000  264   20    1.00000    0.00000   100%  98.1 13980s
 11480719 1873853    0.00000  276   12    1.00000    0.00000   100%  98.1 13985s
 11487868 1874729    0.00000  255   26    1.00000    0.00000   100%  98.0 13990s
 11488744 1874736    0.00000  275   29    1.00000    0.00000   100%  98.0 13995s
 11488809 1874749 infeasible  278         1.00000    0.00000   100%  98.0 14000s
 11489380 1874929    0.00000  279   18    1.00000    0.00000   100%  98.0 14005s
 11492928 1875242    0.00000  265   21    1.00000    0.00000   100%  98.0 14010s
 11495409 1875890    0.00000  269   20    1.00000    0.00000   100%  98.0 14015s
 11501225 1876719 infeasible  270         1.00000    0.00000   100%  98.0 14020s
 11506539 1877447 infeasible  275         1.00000    0.00000   100%  98.0 14025s
 11510772 1877992    0.00000  283   19    1.00000    0.00000   100%  98.0 14030s
 11516052 1878715    0.00000  267   27    1.00000    0.00000   100%  98.0 14035s
 11521662 1879501    0.00000  292   19    1.00000    0.00000   100%  98.0 14040s
 11526826 1880010    0.00000  271   25    1.00000    0.00000   100%  98.0 14045s
 11533316 1881282    0.00000  227   50    1.00000    0.00000   100%  98.0 14050s
 11537134 1882304    0.00000  252   29    1.00000    0.00000   100%  98.0 14055s
 11543895 1883560    0.00000  278   10    1.00000    0.00000   100%  98.0 14060s
 11549573 1884293    0.00000  258   24    1.00000    0.00000   100%  98.0 14065s
 11554799 1885336    0.00000  260   20    1.00000    0.00000   100%  98.0 14070s
 11561023 1886435    0.00000  248   35    1.00000    0.00000   100%  98.0 14075s
 11566444 1887594 infeasible  279         1.00000    0.00000   100%  98.0 14081s
 11572052 1888780 infeasible  271         1.00000    0.00000   100%  98.0 14085s
 11576796 1889485    0.00000  258   24    1.00000    0.00000   100%  98.0 14090s
 11582836 1890858 infeasible  272         1.00000    0.00000   100%  98.0 14095s
 11587243 1892108 infeasible  279         1.00000    0.00000   100%  98.0 14100s
 11593852 1893605    0.00000  265   34    1.00000    0.00000   100%  98.0 14105s
 11597957 1894918    0.00000  265   23    1.00000    0.00000   100%  97.9 14110s
 11603872 1896004    0.00000  257   25    1.00000    0.00000   100%  97.9 14115s
 11606903 1896576    0.00000  273   30    1.00000    0.00000   100%  97.9 14120s
 11611350 1897894    0.00000  267   29    1.00000    0.00000   100%  97.9 14125s
 11617092 1898554    0.00000  268   27    1.00000    0.00000   100%  97.9 14130s
 11623015 1900427    0.00000  255   24    1.00000    0.00000   100%  97.9 14135s
 11628139 1901684    0.00000  258   14    1.00000    0.00000   100%  97.9 14140s
 11633279 1903212 infeasible  273         1.00000    0.00000   100%  97.9 14145s
 11638783 1904086    0.00000  263   15    1.00000    0.00000   100%  97.9 14150s
 11642768 1905100 infeasible  266         1.00000    0.00000   100%  97.9 14155s
 11649709 1906586    0.00000  262   20    1.00000    0.00000   100%  97.9 14160s
 11654170 1907490    0.00000  247   49    1.00000    0.00000   100%  97.9 14165s
 11656242 1907753    0.00000  269   20    1.00000    0.00000   100%  97.9 14171s
 11656276 1907764 infeasible  272         1.00000    0.00000   100%  97.9 14175s
 11656527 1907922    0.00000  249   26    1.00000    0.00000   100%  97.9 14180s
 11658061 1908475    0.00000  251   18    1.00000    0.00000   100%  97.9 14185s
 11661347 1908955    0.00000  262   17    1.00000    0.00000   100%  97.9 14190s
 11667471 1910019 infeasible  273         1.00000    0.00000   100%  97.9 14195s
 11672034 1910716 infeasible  269         1.00000    0.00000   100%  97.9 14200s
 11678263 1911915    0.00000  261   16    1.00000    0.00000   100%  97.9 14205s
 11681875 1912263    0.00000  278   13    1.00000    0.00000   100%  97.9 14210s
 11686151 1913136 infeasible  276         1.00000    0.00000   100%  97.9 14215s
 11692581 1913795    0.00000  276   27    1.00000    0.00000   100%  97.9 14220s
 11697006 1914673    0.00000  273   33    1.00000    0.00000   100%  97.9 14225s
 11702291 1915956    0.00000  255   21    1.00000    0.00000   100%  97.9 14230s
 11706920 1916723    0.00000  265   30    1.00000    0.00000   100%  97.9 14235s
 11713898 1918108 infeasible  275         1.00000    0.00000   100%  97.9 14240s
 11717657 1918732    0.00000  266   26    1.00000    0.00000   100%  97.9 14245s
 11723459 1919971 infeasible  258         1.00000    0.00000   100%  97.9 14250s
 11728989 1921412    0.00000  275    8    1.00000    0.00000   100%  97.9 14255s
 11735187 1922201    0.00000  254   16    1.00000    0.00000   100%  97.9 14260s
 11741467 1923122 infeasible  277         1.00000    0.00000   100%  97.9 14265s
 11745811 1923526    0.00000  270   15    1.00000    0.00000   100%  97.9 14270s
 11751086 1924499 infeasible  270         1.00000    0.00000   100%  97.9 14275s
 11756371 1925522 infeasible  264         1.00000    0.00000   100%  97.9 14280s
 11761202 1926345 infeasible  259         1.00000    0.00000   100%  97.9 14285s
 11767153 1927120    0.00000  264   28    1.00000    0.00000   100%  97.9 14290s
 11773107 1928180    0.00000  258   30    1.00000    0.00000   100%  97.9 14295s
 11777939 1929052 infeasible  250         1.00000    0.00000   100%  97.8 14300s
 11784847 1930550    0.00000  247   28    1.00000    0.00000   100%  97.8 14305s
 11788055 1930997 infeasible  256         1.00000    0.00000   100%  97.8 14310s
 11793694 1932443    0.00000  256   21    1.00000    0.00000   100%  97.8 14315s
 11798886 1933044 infeasible  267         1.00000    0.00000   100%  97.8 14320s
 11804074 1934022 infeasible  263         1.00000    0.00000   100%  97.8 14325s
 11809605 1935313    0.00000  262   25    1.00000    0.00000   100%  97.8 14330s
 11816320 1936486 infeasible  275         1.00000    0.00000   100%  97.8 14335s
 11820143 1936928 infeasible  252         1.00000    0.00000   100%  97.8 14340s
 11827434 1938020    0.00000  278   12    1.00000    0.00000   100%  97.8 14345s
 11832699 1938900    0.00000  262   16    1.00000    0.00000   100%  97.8 14351s
 11832715 1940243    0.00000  263   17    1.00000    0.00000   100%  97.8 14362s
 11842143 1940710    0.00000  273   19    1.00000    0.00000   100%  97.8 14366s
 11847616 1941594    0.00000  268   36    1.00000    0.00000   100%  97.8 14370s
 11852385 1942221 infeasible  265         1.00000    0.00000   100%  97.8 14375s
 11858358 1943131 infeasible  259         1.00000    0.00000   100%  97.8 14380s
 11862766 1944974    0.00000  279   20    1.00000    0.00000   100%  97.8 14391s
 11874033 1945694 infeasible  259         1.00000    0.00000   100%  97.8 14395s
 11879520 1946601 infeasible  281         1.00000    0.00000   100%  97.8 14400s
 11884682 1947661    0.00000  281   36    1.00000    0.00000   100%  97.8 14405s
 11889645 1948438    0.00000  281   24    1.00000    0.00000   100%  97.8 14410s
 11894482 1949474    0.00000  262   30    1.00000    0.00000   100%  97.8 14415s
 11899371 1950475    0.00000  282   20    1.00000    0.00000   100%  97.8 14420s
 11904680 1951424    0.00000  251   11    1.00000    0.00000   100%  97.8 14425s
 11909832 1952134 infeasible  287         1.00000    0.00000   100%  97.8 14430s
 11915070 1952988 infeasible  282         1.00000    0.00000   100%  97.8 14435s
 11919981 1954326    0.00000  288   44    1.00000    0.00000   100%  97.8 14440s
 11924549 1955144    0.00000  279   30    1.00000    0.00000   100%  97.8 14445s
 11927541 1955787    0.00000  278   15    1.00000    0.00000   100%  97.8 14450s
 11930761 1956227    0.00000  271   13    1.00000    0.00000   100%  97.8 14455s
 11930863 1956239 infeasible  271         1.00000    0.00000   100%  97.8 14460s
 11933994 1956882    0.00000  253   24    1.00000    0.00000   100%  97.8 14465s
 11938852 1958614    0.00000  256   29    1.00000    0.00000   100%  97.7 14470s
 11944798 1959683    0.00000  258   29    1.00000    0.00000   100%  97.7 14475s
 11948189 1960819    0.00000  266   22    1.00000    0.00000   100%  97.7 14480s
 11954526 1961899    0.00000  266   24    1.00000    0.00000   100%  97.7 14485s
 11960422 1962721 infeasible  271         1.00000    0.00000   100%  97.7 14490s
 11966969 1963473 infeasible  278         1.00000    0.00000   100%  97.7 14495s
 11971308 1964388    0.00000  275   21    1.00000    0.00000   100%  97.7 14500s
 11977241 1965346    0.00000  273   26    1.00000    0.00000   100%  97.7 14505s
 11981708 1966321 infeasible  279         1.00000    0.00000   100%  97.7 14510s
 11987979 1967369 infeasible  280         1.00000    0.00000   100%  97.7 14515s
 11993867 1968376    0.00000  268   25    1.00000    0.00000   100%  97.7 14520s
 11999163 1969194 infeasible  272         1.00000    0.00000   100%  97.7 14525s
 12005638 1970183 infeasible  271         1.00000    0.00000   100%  97.7 14530s
 12011084 1971074    0.00000  277   13    1.00000    0.00000   100%  97.7 14536s
 12017116 1971928    0.00000  268   23    1.00000    0.00000   100%  97.7 14540s
 12022135 1973064 infeasible  284         1.00000    0.00000   100%  97.7 14545s
 12027996 1974446    0.00000  271   15    1.00000    0.00000   100%  97.7 14550s
 12032814 1975363    0.00000  276   29    1.00000    0.00000   100%  97.7 14555s
 12038996 1976456    0.00000  272   23    1.00000    0.00000   100%  97.7 14560s
 12044104 1977278 infeasible  278         1.00000    0.00000   100%  97.7 14565s
 12050159 1978038    0.00000  286   18    1.00000    0.00000   100%  97.7 14570s
 12054794 1978807 infeasible  286         1.00000    0.00000   100%  97.7 14575s
 12059876 1979584    0.00000  281   17    1.00000    0.00000   100%  97.7 14580s
 12065198 1980269    0.00000  273   37    1.00000    0.00000   100%  97.7 14585s
 12065239 1980297    0.00000  277   33    1.00000    0.00000   100%  97.7 14590s
 12065394 1980384    0.00000  278   32    1.00000    0.00000   100%  97.7 14595s
 12065819 1980587    0.00000  279   33    1.00000    0.00000   100%  97.7 14601s
 12066862 1980943 infeasible  273         1.00000    0.00000   100%  97.7 14605s
 12072089 1981857 infeasible  266         1.00000    0.00000   100%  97.7 14610s
 12077819 1982820    0.00000  270   23    1.00000    0.00000   100%  97.7 14615s
 12081887 1984031    0.00000  267   30    1.00000    0.00000   100%  97.7 14620s
 12086142 1984986 infeasible  266         1.00000    0.00000   100%  97.6 14625s
 12092407 1985806 infeasible  279         1.00000    0.00000   100%  97.6 14630s
 12098718 1986446    0.00000  266   18    1.00000    0.00000   100%  97.6 14635s
 12104058 1987298    0.00000  273   25    1.00000    0.00000   100%  97.6 14640s
 12109068 1988057 infeasible  269         1.00000    0.00000   100%  97.6 14645s
 12114856 1988681 infeasible  271         1.00000    0.00000   100%  97.6 14650s
 12120003 1989460 infeasible  276         1.00000    0.00000   100%  97.6 14655s
 12125486 1990187 infeasible  285         1.00000    0.00000   100%  97.6 14660s
 12130584 1990936    0.00000  244   27    1.00000    0.00000   100%  97.6 14665s
 12136750 1991935 infeasible  278         1.00000    0.00000   100%  97.6 14670s
 12141962 1992321    0.00000  270   26    1.00000    0.00000   100%  97.6 14675s
 12146545 1993247    0.00000  274   24    1.00000    0.00000   100%  97.6 14680s
 12151192 1994745    0.00000  268   10    1.00000    0.00000   100%  97.6 14685s
 12156765 1995512    0.00000  246   24    1.00000    0.00000   100%  97.6 14690s
 12161825 1996467    0.00000  264   40    1.00000    0.00000   100%  97.6 14695s
 12167411 1997499    0.00000  269   47    1.00000    0.00000   100%  97.6 14700s
 12173243 1998967 infeasible  268         1.00000    0.00000   100%  97.6 14705s
 12178307 2000328    0.00000  271   17    1.00000    0.00000   100%  97.6 14710s
 12185531 2002392 infeasible  261         1.00000    0.00000   100%  97.6 14715s
 12190129 2003452    0.00000  255   20    1.00000    0.00000   100%  97.6 14720s
 12195872 2004755    0.00000  265   14    1.00000    0.00000   100%  97.6 14725s
 12200977 2006164 infeasible  256         1.00000    0.00000   100%  97.6 14730s
 12206338 2006956    0.00000  258   50    1.00000    0.00000   100%  97.6 14735s
 12209828 2007824    0.00000  266   43    1.00000    0.00000   100%  97.6 14740s
 12215112 2008944 infeasible  264         1.00000    0.00000   100%  97.5 14745s
 12220630 2010069    0.00000  257   21    1.00000    0.00000   100%  97.5 14750s
 12225397 2011452 infeasible  283         1.00000    0.00000   100%  97.5 14755s
 12227207 2011640    0.00000  280   12    1.00000    0.00000   100%  97.5 14761s
 12227255 2011663    0.00000  282   22    1.00000    0.00000   100%  97.5 14765s
 12228897 2012399 infeasible  267         1.00000    0.00000   100%  97.5 14770s
 12230971 2012632    0.00000  256   23    1.00000    0.00000   100%  97.5 14775s
 12235003 2013521 infeasible  282         1.00000    0.00000   100%  97.5 14780s
 12240853 2014859    0.00000  257   26    1.00000    0.00000   100%  97.5 14785s
 12245396 2015839 infeasible  278         1.00000    0.00000   100%  97.5 14790s
 12251507 2017504    0.00000  248   25    1.00000    0.00000   100%  97.5 14795s
 12256909 2018726 infeasible  271         1.00000    0.00000   100%  97.5 14800s
 12263120 2019895    0.00000  264   26    1.00000    0.00000   100%  97.5 14805s
 12267902 2021169 infeasible  278         1.00000    0.00000   100%  97.5 14810s
 12273595 2022305    0.00000  276   30    1.00000    0.00000   100%  97.5 14815s
 12279018 2023671    0.00000  270   35    1.00000    0.00000   100%  97.5 14821s
 12283509 2024293    0.00000  282   32    1.00000    0.00000   100%  97.5 14825s
 12288607 2025343 infeasible  279         1.00000    0.00000   100%  97.5 14830s
 12293838 2026763    0.00000  278   24    1.00000    0.00000   100%  97.5 14835s
 12299194 2028751 infeasible  261         1.00000    0.00000   100%  97.5 14840s
 12305298 2029829 infeasible  254         1.00000    0.00000   100%  97.5 14845s
 12310811 2031045 infeasible  282         1.00000    0.00000   100%  97.5 14850s
 12314254 2031860    0.00000  280   22    1.00000    0.00000   100%  97.5 14855s
 12319622 2032985    0.00000  276   25    1.00000    0.00000   100%  97.5 14860s
 12324782 2034058 infeasible  272         1.00000    0.00000   100%  97.5 14865s
 12329634 2035620    0.00000  256   51    1.00000    0.00000   100%  97.5 14870s
 12335765 2037404    0.00000  259   26    1.00000    0.00000   100%  97.5 14875s
 12340200 2038366 infeasible  279         1.00000    0.00000   100%  97.5 14880s
 12346286 2039433    0.00000  281   31    1.00000    0.00000   100%  97.5 14885s
 12350791 2040491    0.00000  260   27    1.00000    0.00000   100%  97.5 14890s
 12356050 2041490    0.00000  279   13    1.00000    0.00000   100%  97.5 14895s
 12361461 2042276    0.00000  282   19    1.00000    0.00000   100%  97.5 14900s
 12367634 2043152    0.00000  278   14    1.00000    0.00000   100%  97.5 14905s
 12370072 2043482    0.00000  286   15    1.00000    0.00000   100%  97.5 14911s
 12370105 2043490    0.00000  288   21    1.00000    0.00000   100%  97.5 14915s
 12372032 2044246    0.00000  262   17    1.00000    0.00000   100%  97.5 14920s
 12375052 2044989    0.00000  217   48    1.00000    0.00000   100%  97.5 14925s
 12379890 2046583    0.00000  231   20    1.00000    0.00000   100%  97.5 14930s
 12384075 2048099    0.00000  260   11    1.00000    0.00000   100%  97.5 14935s
 12390699 2049478    0.00000  263   14    1.00000    0.00000   100%  97.5 14940s
 12396026 2050819 infeasible  276         1.00000    0.00000   100%  97.5 14945s
 12400314 2051939 infeasible  284         1.00000    0.00000   100%  97.5 14950s
 12404532 2052999    0.00000  283   14    1.00000    0.00000   100%  97.5 14955s
 12411400 2054086    0.00000  281   19    1.00000    0.00000   100%  97.5 14960s
 12417075 2055246 infeasible  287         1.00000    0.00000   100%  97.5 14965s
 12422389 2056465    0.00000  251   19    1.00000    0.00000   100%  97.5 14970s
 12427173 2057953 infeasible  262         1.00000    0.00000   100%  97.5 14975s
 12432581 2058861 infeasible  260         1.00000    0.00000   100%  97.5 14980s
 12439659 2060178    0.00000  277   21    1.00000    0.00000   100%  97.5 14985s
 12443369 2060999    0.00000  252   25    1.00000    0.00000   100%  97.5 14990s
 12449944 2062327 infeasible  275         1.00000    0.00000   100%  97.5 14995s
 12454108 2063426    0.00000  247   25    1.00000    0.00000   100%  97.5 15000s
 12459609 2064535 infeasible  275         1.00000    0.00000   100%  97.5 15005s
 12464634 2066077    0.00000  289   22    1.00000    0.00000   100%  97.5 15010s
 12470843 2067515 infeasible  258         1.00000    0.00000   100%  97.4 15015s
 12474154 2068664    0.00000  244   33    1.00000    0.00000   100%  97.5 15020s
 12478174 2069889    0.00000  278   19    1.00000    0.00000   100%  97.5 15025s
 12484251 2071271 infeasible  263         1.00000    0.00000   100%  97.5 15030s
 12487852 2072102    0.00000  265   21    1.00000    0.00000   100%  97.5 15035s
 12491943 2072851    0.00000  232   15    1.00000    0.00000   100%  97.5 15040s
 12492004 2072853    0.00000  232   37    1.00000    0.00000   100%  97.5 15046s
 12492313 2073119    0.00000  247   36    1.00000    0.00000   100%  97.5 15051s
 12495263 2074316    0.00000  279   27    1.00000    0.00000   100%  97.4 15056s
 12497460 2075241    0.00000  278   30    1.00000    0.00000   100%  97.4 15060s
 12503102 2076905    0.00000  270   32    1.00000    0.00000   100%  97.4 15065s
 12508371 2078489    0.00000  279   25    1.00000    0.00000   100%  97.4 15070s
 12514602 2080621    0.00000  260   25    1.00000    0.00000   100%  97.4 15075s
 12517117 2083780    0.00000  256   19    1.00000    0.00000   100%  97.4 15084s
 12526033 2084483 infeasible  261         1.00000    0.00000   100%  97.4 15085s
 12530519 2085723    0.00000  265   31    1.00000    0.00000   100%  97.4 15090s
 12536815 2087059 infeasible  265         1.00000    0.00000   100%  97.4 15095s
 12542230 2088184    0.00000  263   52    1.00000    0.00000   100%  97.4 15100s
 12547185 2089239 infeasible  283         1.00000    0.00000   100%  97.4 15105s
 12552565 2090052    0.00000  256   45    1.00000    0.00000   100%  97.4 15110s
 12557755 2090942 infeasible  264         1.00000    0.00000   100%  97.4 15115s
 12560917 2091444    0.00000  278   37    1.00000    0.00000   100%  97.4 15120s
 12566972 2092268    0.00000  272   20    1.00000    0.00000   100%  97.4 15125s
 12571577 2093114    0.00000  265   34    1.00000    0.00000   100%  97.4 15130s
 12577620 2094245    0.00000  272   20    1.00000    0.00000   100%  97.4 15135s
 12582910 2095225    0.00000  254   38    1.00000    0.00000   100%  97.4 15140s
 12589517 2097010    0.00000  261   17    1.00000    0.00000   100%  97.4 15145s
 12591371 2098695    0.00000  260   34    1.00000    0.00000   100%  97.4 15153s
 12600218 2098921    0.00000  257   17    1.00000    0.00000   100%  97.4 15155s
 12606249 2099865    0.00000  259   14    1.00000    0.00000   100%  97.4 15161s
 12612550 2100559    0.00000  269   25    1.00000    0.00000   100%  97.4 15165s
 12618875 2101516 infeasible  255         1.00000    0.00000   100%  97.4 15170s
 12624581 2103257    0.00000  271   23    1.00000    0.00000   100%  97.4 15175s
 12631199 2104369    0.00000  266   20    1.00000    0.00000   100%  97.4 15180s
 12636067 2105130 infeasible  268         1.00000    0.00000   100%  97.4 15185s
 12642893 2106260    0.00000  262   24    1.00000    0.00000   100%  97.4 15190s
 12647964 2107202    0.00000  242   22    1.00000    0.00000   100%  97.4 15195s
 12650620 2108723 infeasible  285         1.00000    0.00000   100%  97.3 15210s
 12659841 2109107 infeasible  261         1.00000    0.00000   100%  97.3 15215s
 12665901 2109765 infeasible  286         1.00000    0.00000   100%  97.3 15220s
 12672066 2110673 infeasible  267         1.00000    0.00000   100%  97.3 15225s
 12679440 2111576    0.00000  262   35    1.00000    0.00000   100%  97.3 15230s
 12680716 2111922    0.00000  266   23    1.00000    0.00000   100%  97.3 15235s
 12688253 2113120    0.00000  266   23    1.00000    0.00000   100%  97.3 15240s
 12693367 2113874    0.00000  266   21    1.00000    0.00000   100%  97.3 15245s
 12700566 2114712    0.00000  272   27    1.00000    0.00000   100%  97.3 15250s
 12705073 2115265 infeasible  265         1.00000    0.00000   100%  97.3 15255s
 12710815 2115767    0.00000  259   13    1.00000    0.00000   100%  97.3 15260s
 12715720 2116659    0.00000  269   26    1.00000    0.00000   100%  97.3 15265s
 12721526 2118450    0.00000  251   13    1.00000    0.00000   100%  97.3 15270s
 12725065 2120120    0.00000  230   13    1.00000    0.00000   100%  97.3 15275s
 12729928 2121641    0.00000  231   56    1.00000    0.00000   100%  97.3 15280s
 12734825 2123254 infeasible  240         1.00000    0.00000   100%  97.3 15285s
 12739185 2124471 infeasible  254         1.00000    0.00000   100%  97.3 15290s
 12743912 2125931 infeasible  271         1.00000    0.00000   100%  97.3 15295s
 12750009 2127360    0.00000  258   44    1.00000    0.00000   100%  97.3 15300s
 12753611 2128228 infeasible  248         1.00000    0.00000   100%  97.3 15305s
 12753626 2130065    0.00000  248   49    1.00000    0.00000   100%  97.3 15313s
 12761648 2130077    0.00000  246    8    1.00000    0.00000   100%  97.3 15316s
 12761703 2130104 infeasible  249         1.00000    0.00000   100%  97.3 15321s
 12762442 2130320 infeasible  241         1.00000    0.00000   100%  97.3 15325s
 12764392 2130603    0.00000  251   34    1.00000    0.00000   100%  97.3 15330s
 12768430 2132124    0.00000  269   40    1.00000    0.00000   100%  97.3 15335s
 12774308 2133418 infeasible  276         1.00000    0.00000   100%  97.3 15340s
 12778693 2134635    0.00000  234   34    1.00000    0.00000   100%  97.3 15345s
 12783859 2135787    0.00000  242   62    1.00000    0.00000   100%  97.3 15350s
 12788365 2137073 infeasible  270         1.00000    0.00000   100%  97.3 15355s
 12793678 2138206    0.00000  266   20    1.00000    0.00000   100%  97.3 15360s
 12798005 2138805    0.00000  270   27    1.00000    0.00000   100%  97.3 15365s
 12803923 2139976    0.00000  272   33    1.00000    0.00000   100%  97.3 15370s
 12808252 2141341    0.00000  228   49    1.00000    0.00000   100%  97.3 15375s
 12813804 2142106    0.00000  278   12    1.00000    0.00000   100%  97.3 15380s
 12818835 2143051    0.00000  247   32    1.00000    0.00000   100%  97.3 15385s
 12823528 2143768 infeasible  254         1.00000    0.00000   100%  97.3 15390s
 12828047 2145025 infeasible  266         1.00000    0.00000   100%  97.3 15395s
 12834879 2146111    0.00000  253   51    1.00000    0.00000   100%  97.3 15400s
 12839103 2147763    0.00000  248   26    1.00000    0.00000   100%  97.3 15405s
 12844813 2149576    0.00000  231   20    1.00000    0.00000   100%  97.3 15410s
 12850209 2151310    0.00000  242   16    1.00000    0.00000   100%  97.3 15415s
 12856303 2152471    0.00000  243   21    1.00000    0.00000   100%  97.3 15420s
 12858819 2153419    0.00000  230   69    1.00000    0.00000   100%  97.3 15425s
 12864168 2155233 infeasible  239         1.00000    0.00000   100%  97.3 15430s
 12869987 2156750    0.00000  256   31    1.00000    0.00000   100%  97.3 15435s
 12875675 2157782 infeasible  261         1.00000    0.00000   100%  97.3 15440s
 12878180 2158088    0.00000  252   34    1.00000    0.00000   100%  97.3 15445s
 12878209 2158097    0.00000  253   37    1.00000    0.00000   100%  97.3 15450s
 12878243 2158106 infeasible  253         1.00000    0.00000   100%  97.3 15455s
 12878871 2158487    0.00000  250   26    1.00000    0.00000   100%  97.3 15460s
 12879969 2158706 infeasible  271         1.00000    0.00000   100%  97.3 15465s
 12885710 2160045 infeasible  265         1.00000    0.00000   100%  97.3 15470s
 12890732 2160991 infeasible  252         1.00000    0.00000   100%  97.3 15475s
 12894043 2161840    0.00000  250   12    1.00000    0.00000   100%  97.3 15480s
 12901026 2163249 infeasible  263         1.00000    0.00000   100%  97.3 15485s
 12906075 2164236 infeasible  259         1.00000    0.00000   100%  97.3 15490s
 12911796 2164802    0.00000  267   35    1.00000    0.00000   100%  97.3 15495s
 12918090 2165997 infeasible  273         1.00000    0.00000   100%  97.3 15500s
 12922633 2167183 infeasible  264         1.00000    0.00000   100%  97.3 15505s
 12928571 2168057    0.00000  242   58    1.00000    0.00000   100%  97.3 15510s
 12932677 2168921 infeasible  248         1.00000    0.00000   100%  97.3 15515s
 12938694 2170130    0.00000  266   21    1.00000    0.00000   100%  97.3 15520s
 12942832 2170903    0.00000  255   25    1.00000    0.00000   100%  97.3 15525s
 12947242 2171752    0.00000  256   22    1.00000    0.00000   100%  97.3 15530s
 12953294 2172525    0.00000  257   33    1.00000    0.00000   100%  97.3 15535s
 12958940 2173736    0.00000  236   53    1.00000    0.00000   100%  97.3 15540s
 12963689 2174295    0.00000  257   35    1.00000    0.00000   100%  97.3 15545s
 12969020 2175822    0.00000  251   16    1.00000    0.00000   100%  97.3 15550s
 12974155 2176788    0.00000  263   17    1.00000    0.00000   100%  97.3 15555s
 12978947 2177751    0.00000  248   17    1.00000    0.00000   100%  97.3 15560s
 12980352 2178179    0.00000  250   22    1.00000    0.00000   100%  97.3 15565s
 12985197 2179195    0.00000  271   14    1.00000    0.00000   100%  97.3 15570s
 12991688 2180502 infeasible  258         1.00000    0.00000   100%  97.3 15576s
 12996078 2181357 infeasible  254         1.00000    0.00000   100%  97.3 15580s
 13001893 2182820 infeasible  261         1.00000    0.00000   100%  97.3 15585s
 13006962 2184516    0.00000  237   28    1.00000    0.00000   100%  97.3 15594s
 13012331 2184678 infeasible  273         1.00000    0.00000   100%  97.3 15595s
 13017533 2185523 infeasible  243         1.00000    0.00000   100%  97.3 15600s
 13021837 2186540    0.00000  270    7    1.00000    0.00000   100%  97.3 15605s
 13026589 2188025 infeasible  251         1.00000    0.00000   100%  97.3 15610s
 13030861 2188909 infeasible  276         1.00000    0.00000   100%  97.3 15615s
 13035624 2189790    0.00000  278   19    1.00000    0.00000   100%  97.3 15620s
 13039648 2190656    0.00000  256   23    1.00000    0.00000   100%  97.3 15625s
 13047145 2192332    0.00000  261   17    1.00000    0.00000   100%  97.3 15630s
 13048967 2192720    0.00000  252   24    1.00000    0.00000   100%  97.3 15635s
 13049006 2192751    0.00000  251   27    1.00000    0.00000   100%  97.3 15640s
 13049918 2193170    0.00000  253   33    1.00000    0.00000   100%  97.3 15645s
 13052801 2193950    0.00000  273   24    1.00000    0.00000   100%  97.3 15650s
 13057364 2195538    0.00000  259   22    1.00000    0.00000   100%  97.3 15655s
 13062235 2196851    0.00000  266   21    1.00000    0.00000   100%  97.3 15660s
 13067795 2198257    0.00000  251   32    1.00000    0.00000   100%  97.3 15665s
 13069922 2198719 infeasible  268         1.00000    0.00000   100%  97.3 15670s
 13076507 2200075    0.00000  283   20    1.00000    0.00000   100%  97.3 15675s
 13080825 2200763    0.00000  243   51    1.00000    0.00000   100%  97.3 15680s
 13086974 2202076    0.00000  274   20    1.00000    0.00000   100%  97.3 15685s
 13093336 2203962 infeasible  262         1.00000    0.00000   100%  97.3 15690s
 13099448 2205291 infeasible  279         1.00000    0.00000   100%  97.3 15695s
 13105244 2206324    0.00000  285   29    1.00000    0.00000   100%  97.3 15700s
 13109392 2206786 infeasible  267         1.00000    0.00000   100%  97.3 15705s
 13113429 2207627    0.00000  273   30    1.00000    0.00000   100%  97.3 15710s
 13121276 2209123 infeasible  248         1.00000    0.00000   100%  97.3 15715s
 13124936 2209862    0.00000  251   18    1.00000    0.00000   100%  97.3 15720s
 13130712 2211041 infeasible  251         1.00000    0.00000   100%  97.3 15725s
 13136279 2212065    0.00000  257   39    1.00000    0.00000   100%  97.3 15730s
 13141722 2213630    0.00000  283   15    1.00000    0.00000   100%  97.3 15735s
 13146665 2214797    0.00000  276   29    1.00000    0.00000   100%  97.3 15740s
 13151965 2215992    0.00000  290   22    1.00000    0.00000   100%  97.3 15745s
 13156249 2216548    0.00000  273   32    1.00000    0.00000   100%  97.3 15750s
 13162802 2217712 infeasible  255         1.00000    0.00000   100%  97.3 15755s
 13167615 2218549    0.00000  276   20    1.00000    0.00000   100%  97.3 15760s
 13172704 2219320    0.00000  261   15    1.00000    0.00000   100%  97.3 15765s
 13177322 2219992    0.00000  288   19    1.00000    0.00000   100%  97.3 15770s
 13183182 2220936    0.00000  278   34    1.00000    0.00000   100%  97.3 15775s
 13187453 2221622    0.00000  238   44    1.00000    0.00000   100%  97.3 15780s
 13193194 2222474 infeasible  281         1.00000    0.00000   100%  97.3 15785s
 13199124 2223573    0.00000  280   23    1.00000    0.00000   100%  97.3 15791s
 13201853 2224001    0.00000  257   18    1.00000    0.00000   100%  97.3 15795s
 13207799 2225846 infeasible  270         1.00000    0.00000   100%  97.3 15800s
 13209149 2226084 infeasible  273         1.00000    0.00000   100%  97.3 15805s
 13209375 2226175    0.00000  239   23    1.00000    0.00000   100%  97.3 15810s
 13211196 2226633    0.00000  242   23    1.00000    0.00000   100%  97.3 15815s
 13213886 2227351    0.00000  244   30    1.00000    0.00000   100%  97.3 15820s
 13218485 2228154    0.00000  265   39    1.00000    0.00000   100%  97.3 15825s
 13223836 2229217 infeasible  267         1.00000    0.00000   100%  97.3 15830s
 13229665 2230137    0.00000  276   23    1.00000    0.00000   100%  97.3 15835s
 13235484 2231091    0.00000  270   17    1.00000    0.00000   100%  97.3 15840s
 13239164 2231787 infeasible  259         1.00000    0.00000   100%  97.3 15845s
 13244052 2233357    0.00000  241   62    1.00000    0.00000   100%  97.3 15850s
 13250025 2234699 infeasible  271         1.00000    0.00000   100%  97.3 15855s
 13253866 2235448 infeasible  262         1.00000    0.00000   100%  97.3 15860s
 13260703 2237012 infeasible  231         1.00000    0.00000   100%  97.3 15865s
 13266141 2238335 infeasible  282         1.00000    0.00000   100%  97.3 15870s
 13271736 2239399    0.00000  265   28    1.00000    0.00000   100%  97.3 15875s
 13276143 2240495    0.00000  272   20    1.00000    0.00000   100%  97.3 15880s
 13282329 2241952 infeasible  277         1.00000    0.00000   100%  97.3 15885s
 13287439 2243085    0.00000  226   32    1.00000    0.00000   100%  97.3 15890s
 13292556 2244343    0.00000  284   16    1.00000    0.00000   100%  97.3 15895s
 13297513 2245564    0.00000  263   50    1.00000    0.00000   100%  97.3 15900s
 13303165 2246631 infeasible  261         1.00000    0.00000   100%  97.3 15906s
 13306272 2247457    0.00000  270   26    1.00000    0.00000   100%  97.3 15910s
 13312925 2248944    0.00000  255   33    1.00000    0.00000   100%  97.3 15915s
 13317906 2250138    0.00000  250   28    1.00000    0.00000   100%  97.3 15921s
 13323338 2251777    0.00000  268   30    1.00000    0.00000   100%  97.3 15925s
 13327710 2252671    0.00000  277   24    1.00000    0.00000   100%  97.3 15930s
 13333613 2253706    0.00000  270   25    1.00000    0.00000   100%  97.3 15935s
 13337382 2254579    0.00000  258   20    1.00000    0.00000   100%  97.3 15940s
 13343762 2255969 infeasible  271         1.00000    0.00000   100%  97.3 15945s
 13348225 2256855    0.00000  258   24    1.00000    0.00000   100%  97.3 15950s
 13355308 2258020    0.00000  259   15    1.00000    0.00000   100%  97.3 15955s
 13360409 2258836    0.00000  262   42    1.00000    0.00000   100%  97.3 15960s
 13366482 2259770 infeasible  280         1.00000    0.00000   100%  97.3 15965s
 13367482 2259945 infeasible  266         1.00000    0.00000   100%  97.3 15970s
 13367527 2259963    0.00000  253   14    1.00000    0.00000   100%  97.3 15975s
 13367857 2260055 infeasible  255         1.00000    0.00000   100%  97.3 15980s
 13370485 2260847 infeasible  271         1.00000    0.00000   100%  97.3 15985s
 13375528 2262376 infeasible  267         1.00000    0.00000   100%  97.3 15990s
 13377364 2263268    0.00000  266   21    1.00000    0.00000   100%  97.3 15995s
 13385630 2264123 infeasible  272         1.00000    0.00000   100%  97.3 16000s
 13390821 2265192    0.00000  258   52    1.00000    0.00000   100%  97.3 16005s
 13394040 2265727 infeasible  279         1.00000    0.00000   100%  97.3 16010s
 13398575 2266259 infeasible  273         1.00000    0.00000   100%  97.3 16015s
 13405232 2267425 infeasible  266         1.00000    0.00000   100%  97.3 16020s
 13409122 2268144    0.00000  277   11    1.00000    0.00000   100%  97.3 16025s
 13415191 2269187 infeasible  268         1.00000    0.00000   100%  97.3 16030s
 13419967 2269706 infeasible  283         1.00000    0.00000   100%  97.3 16035s
 13426184 2270525    0.00000  253   20    1.00000    0.00000   100%  97.3 16040s
 13430658 2271176    0.00000  263   29    1.00000    0.00000   100%  97.3 16045s
 13436882 2271882 infeasible  272         1.00000    0.00000   100%  97.3 16050s
 13441466 2272549 infeasible  271         1.00000    0.00000   100%  97.3 16055s
 13447591 2273641    0.00000  269   21    1.00000    0.00000   100%  97.2 16060s
 13452103 2274318    0.00000  259   24    1.00000    0.00000   100%  97.2 16065s
 13458208 2275236 infeasible  251         1.00000    0.00000   100%  97.2 16070s
 13462654 2275799    0.00000  274   30    1.00000    0.00000   100%  97.2 16075s
 13467471 2276490    0.00000  268   29    1.00000    0.00000   100%  97.2 16080s
 13473142 2277285 infeasible  271         1.00000    0.00000   100%  97.2 16085s
 13479681 2278157 infeasible  263         1.00000    0.00000   100%  97.2 16090s
 13483947 2278538    0.00000  270   47    1.00000    0.00000   100%  97.2 16095s
 13490318 2279077    0.00000  243   15    1.00000    0.00000   100%  97.2 16100s
 13495669 2279853    0.00000  276   32    1.00000    0.00000   100%  97.2 16105s
 13501748 2280671 infeasible  260         1.00000    0.00000   100%  97.2 16110s
 13507168 2281744 infeasible  268         1.00000    0.00000   100%  97.2 16115s
 13512312 2282641    0.00000  265   34    1.00000    0.00000   100%  97.2 16120s
 13517730 2283380    0.00000  284   15    1.00000    0.00000   100%  97.2 16125s
 13523841 2284163    0.00000  250   30    1.00000    0.00000   100%  97.2 16130s
 13525508 2284781 infeasible  273         1.00000    0.00000   100%  97.2 16136s
 13532271 2285546 infeasible  261         1.00000    0.00000   100%  97.2 16140s
 13537359 2286345    0.00000  268   38    1.00000    0.00000   100%  97.2 16145s
 13541429 2286723    0.00000  261   19    1.00000    0.00000   100%  97.2 16150s
 13541479 2286733    0.00000  263   24    1.00000    0.00000   100%  97.2 16155s
 13542223 2287056    0.00000  263   33    1.00000    0.00000   100%  97.2 16161s
 13545787 2287545 infeasible  267         1.00000    0.00000   100%  97.2 16165s
 13550765 2288054    0.00000  261    7    1.00000    0.00000   100%  97.2 16170s
 13556973 2288830 infeasible  274         1.00000    0.00000   100%  97.2 16175s
 13562678 2289316    0.00000  266   33    1.00000    0.00000   100%  97.2 16180s
 13568687 2290008    0.00000  242   45    1.00000    0.00000   100%  97.2 16185s
 13574191 2291034    0.00000  260   25    1.00000    0.00000   100%  97.2 16190s
 13579765 2291670 infeasible  275         1.00000    0.00000   100%  97.2 16195s
 13585653 2292343    0.00000  260   31    1.00000    0.00000   100%  97.2 16200s
 13592275 2293353 infeasible  270         1.00000    0.00000   100%  97.2 16205s
 13598253 2294234    0.00000  263   22    1.00000    0.00000   100%  97.2 16210s
 13599183 2295349    0.00000  271   26    1.00000    0.00000   100%  97.2 16220s
 13612028 2296549    0.00000  266   26    1.00000    0.00000   100%  97.2 16225s
 13617464 2297239    0.00000  265   15    1.00000    0.00000   100%  97.2 16230s
 13623316 2298118 infeasible  267         1.00000    0.00000   100%  97.2 16235s
 13628219 2298748 infeasible  266         1.00000    0.00000   100%  97.2 16240s
 13633104 2299519    0.00000  280   21    1.00000    0.00000   100%  97.2 16245s
 13638770 2300248    0.00000  267   22    1.00000    0.00000   100%  97.2 16250s
 13643023 2301079    0.00000  276   28    1.00000    0.00000   100%  97.2 16255s
 13648250 2301734    0.00000  271   28    1.00000    0.00000   100%  97.2 16260s
 13653057 2303372    0.00000  217   67    1.00000    0.00000   100%  97.2 16265s
 13657842 2305606 infeasible  226         1.00000    0.00000   100%  97.2 16270s
 13661467 2307255    0.00000  221   36    1.00000    0.00000   100%  97.2 16275s
 13664729 2308621    0.00000  232   24    1.00000    0.00000   100%  97.2 16280s
 13670413 2310278    0.00000  230   38    1.00000    0.00000   100%  97.2 16285s
 13674224 2312187    0.00000  230    9    1.00000    0.00000   100%  97.2 16290s
 13679236 2313357 infeasible  234         1.00000    0.00000   100%  97.2 16295s
 13679307 2313368 infeasible  238         1.00000    0.00000   100%  97.2 16301s
 13679456 2313424 infeasible  237         1.00000    0.00000   100%  97.2 16305s
 13680505 2314206 infeasible  244         1.00000    0.00000   100%  97.2 16310s
 13684538 2315611    0.00000  220   12    1.00000    0.00000   100%  97.2 16315s
 13690129 2317305 infeasible  246         1.00000    0.00000   100%  97.2 16320s
 13693869 2318481    0.00000  259   31    1.00000    0.00000   100%  97.3 16325s
 13699188 2319770    0.00000  258   31    1.00000    0.00000   100%  97.3 16330s
 13703622 2320888 infeasible  237         1.00000    0.00000   100%  97.3 16335s
 13709591 2321482    0.00000  278   17    1.00000    0.00000   100%  97.3 16340s
 13712724 2322037 infeasible  281         1.00000    0.00000   100%  97.3 16345s
 13718404 2323523    0.00000  250   49    1.00000    0.00000   100%  97.3 16351s
 13722720 2324529 infeasible  281         1.00000    0.00000   100%  97.3 16355s
 13728210 2325526    0.00000  270   19    1.00000    0.00000   100%  97.3 16360s
 13733644 2326322    0.00000  234   44    1.00000    0.00000   100%  97.3 16365s
 13733657 2327610    0.00000  235   47    1.00000    0.00000   100%  97.3 16373s
 13742492 2327736    0.00000  267   20    1.00000    0.00000   100%  97.3 16375s
 13745757 2328067    0.00000  273   15    1.00000    0.00000   100%  97.3 16380s
 13751222 2328823    0.00000  274   37    1.00000    0.00000   100%  97.3 16385s
 13755746 2330160    0.00000  272   16    1.00000    0.00000   100%  97.3 16390s
 13761588 2331277 infeasible  260         1.00000    0.00000   100%  97.3 16395s
 13765459 2332363    0.00000  271   33    1.00000    0.00000   100%  97.3 16400s
 13770569 2333356 infeasible  272         1.00000    0.00000   100%  97.3 16405s
 13775884 2333764    0.00000  280   37    1.00000    0.00000   100%  97.3 16410s
 13781707 2334452    0.00000  260   27    1.00000    0.00000   100%  97.3 16415s
 13787302 2334951    0.00000  275   23    1.00000    0.00000   100%  97.3 16420s
 13793120 2336550 infeasible  248         1.00000    0.00000   100%  97.3 16425s
 13797893 2337886    0.00000  258   25    1.00000    0.00000   100%  97.3 16430s
 13798718 2337907    0.00000  252   29    1.00000    0.00000   100%  97.3 16435s
 13798759 2337897    0.00000  251   25    1.00000    0.00000   100%  97.3 16441s
 13798819 2337897    0.00000  253   21    1.00000    0.00000   100%  97.3 16445s
 13800777 2338264 infeasible  261         1.00000    0.00000   100%  97.3 16450s
 13804723 2338705 infeasible  262         1.00000    0.00000   100%  97.3 16455s
 13808311 2339623    0.00000  220   17    1.00000    0.00000   100%  97.3 16461s
 13813541 2340426    0.00000  270   12    1.00000    0.00000   100%  97.3 16465s
 13819061 2341210    0.00000  271   36    1.00000    0.00000   100%  97.3 16470s
 13825400 2342471    0.00000  274   33    1.00000    0.00000   100%  97.2 16475s
 13830083 2343085 infeasible  259         1.00000    0.00000   100%  97.2 16480s
 13836882 2344326    0.00000  278   31    1.00000    0.00000   100%  97.2 16485s
 13841076 2345067 infeasible  248         1.00000    0.00000   100%  97.2 16490s
 13847198 2345988 infeasible  290         1.00000    0.00000   100%  97.2 16495s
 13852013 2346960 infeasible  259         1.00000    0.00000   100%  97.2 16500s
 13858338 2348462    0.00000  264   28    1.00000    0.00000   100%  97.2 16505s
 13863504 2349419    0.00000  272   24    1.00000    0.00000   100%  97.2 16510s
 13869515 2350917 infeasible  271         1.00000    0.00000   100%  97.2 16515s
 13873365 2351547    0.00000  289   17    1.00000    0.00000   100%  97.2 16520s
 13880025 2353981 infeasible  253         1.00000    0.00000   100%  97.2 16525s
 13883619 2355251    0.00000  263   26    1.00000    0.00000   100%  97.2 16530s
 13890313 2357483 infeasible  271         1.00000    0.00000   100%  97.2 16535s
 13894951 2358990    0.00000  251   17    1.00000    0.00000   100%  97.2 16540s
 13900032 2360520    0.00000  253   26    1.00000    0.00000   100%  97.2 16545s
 13904755 2362286    0.00000  276   30    1.00000    0.00000   100%  97.2 16550s
 13911158 2364229    0.00000  257   26    1.00000    0.00000   100%  97.2 16555s
 13915896 2365441    0.00000  266    9    1.00000    0.00000   100%  97.2 16560s
 13921422 2366905    0.00000  269   29    1.00000    0.00000   100%  97.2 16565s
 13926289 2368508    0.00000  252   40    1.00000    0.00000   100%  97.2 16570s
 13931227 2369702    0.00000  271   32    1.00000    0.00000   100%  97.2 16575s
 13934054 2370285 infeasible  259         1.00000    0.00000   100%  97.2 16580s
 13938782 2371655    0.00000  260   12    1.00000    0.00000   100%  97.2 16585s
 13944625 2372784 infeasible  270         1.00000    0.00000   100%  97.2 16590s
 13949563 2373896    0.00000  271   18    1.00000    0.00000   100%  97.2 16595s
 13955433 2374788 infeasible  267         1.00000    0.00000   100%  97.2 16600s
 13959245 2375668    0.00000  266   17    1.00000    0.00000   100%  97.2 16605s
 13965014 2377068    0.00000  274   25    1.00000    0.00000   100%  97.3 16610s
 13969606 2378054    0.00000  273   33    1.00000    0.00000   100%  97.3 16615s
 13974842 2379236    0.00000  264   15    1.00000    0.00000   100%  97.3 16620s
 13979483 2380317    0.00000  265   22    1.00000    0.00000   100%  97.3 16625s
 13984787 2381501 infeasible  250         1.00000    0.00000   100%  97.3 16630s
 13987449 2381905    0.00000  252   20    1.00000    0.00000   100%  97.3 16635s
 13987492 2381929    0.00000  255   23    1.00000    0.00000   100%  97.3 16641s
 13988679 2382433    0.00000  266   51    1.00000    0.00000   100%  97.3 16645s
 13991493 2383163 infeasible  259         1.00000    0.00000   100%  97.3 16650s
 13998449 2384526 infeasible  285         1.00000    0.00000   100%  97.3 16655s
 14003105 2386070    0.00000  268   21    1.00000    0.00000   100%  97.3 16660s
 14009345 2387359 infeasible  285         1.00000    0.00000   100%  97.3 16665s
 14013120 2388493    0.00000  272   41    1.00000    0.00000   100%  97.3 16670s
 14019704 2389175    0.00000  278   31    1.00000    0.00000   100%  97.3 16675s
 14025360 2390490 infeasible  277         1.00000    0.00000   100%  97.3 16680s
 14030867 2391767    0.00000  280   24    1.00000    0.00000   100%  97.3 16685s
 14035807 2392327 infeasible  275         1.00000    0.00000   100%  97.3 16690s
 14041810 2393235 infeasible  280         1.00000    0.00000   100%  97.3 16695s
 14047338 2394088    0.00000  271   13    1.00000    0.00000   100%  97.2 16700s
 14052268 2394749 infeasible  280         1.00000    0.00000   100%  97.2 16705s
 14059039 2395519    0.00000  273   27    1.00000    0.00000   100%  97.2 16710s
 14063950 2396205    0.00000  255   39    1.00000    0.00000   100%  97.2 16715s
 14069034 2396715 infeasible  279         1.00000    0.00000   100%  97.2 16720s
 14074545 2397576 infeasible  274         1.00000    0.00000   100%  97.2 16725s
 14079834 2398645    0.00000  268   41    1.00000    0.00000   100%  97.2 16730s
 14084593 2399376    0.00000  281   18    1.00000    0.00000   100%  97.2 16735s
 14089961 2400277 infeasible  283         1.00000    0.00000   100%  97.2 16740s
 14097035 2401068 infeasible  288         1.00000    0.00000   100%  97.2 16745s
 14103091 2402118    0.00000  266   26    1.00000    0.00000   100%  97.2 16750s
 14104716 2402567 infeasible  260         1.00000    0.00000   100%  97.2 16755s
 14111582 2403802    0.00000  271   25    1.00000    0.00000   100%  97.2 16760s
 14116243 2404316    0.00000  287   21    1.00000    0.00000   100%  97.2 16765s
 14122607 2405109    0.00000  270   23    1.00000    0.00000   100%  97.2 16770s
 14123604 2405131    0.00000  262   19    1.00000    0.00000   100%  97.2 16775s
 14123641 2405174    0.00000  265   18    1.00000    0.00000   100%  97.2 16780s
 14124646 2405524 infeasible  293         1.00000    0.00000   100%  97.2 16785s
 14127953 2406223 infeasible  271         1.00000    0.00000   100%  97.2 16790s
 14134426 2407417    0.00000  276   18    1.00000    0.00000   100%  97.2 16796s
 14138620 2408200 infeasible  271         1.00000    0.00000   100%  97.2 16800s
 14144147 2409093    0.00000  267   62    1.00000    0.00000   100%  97.2 16805s
 14147870 2409781    0.00000  265   19    1.00000    0.00000   100%  97.2 16810s
 14153129 2410460 infeasible  281         1.00000    0.00000   100%  97.2 16815s
 14157992 2411103    0.00000  282   21    1.00000    0.00000   100%  97.2 16820s
 14164128 2411917 infeasible  261         1.00000    0.00000   100%  97.2 16826s
 14168622 2412589    0.00000  253   30    1.00000    0.00000   100%  97.2 16830s
 14175163 2413422    0.00000  256   18    1.00000    0.00000   100%  97.2 16835s
 14178327 2413897 infeasible  273         1.00000    0.00000   100%  97.2 16840s
 14178860 2414824    0.00000  276   18    1.00000    0.00000   100%  97.2 16846s
 14187681 2415296    0.00000  267   31    1.00000    0.00000   100%  97.2 16850s
 14192871 2416459 infeasible  242         1.00000    0.00000   100%  97.2 16855s
 14198033 2417323    0.00000  268   15    1.00000    0.00000   100%  97.2 16860s
 14203738 2418268    0.00000  280   29    1.00000    0.00000   100%  97.2 16865s
 14208889 2420256    0.00000  236   56    1.00000    0.00000   100%  97.2 16870s
 14215220 2421999 infeasible  283         1.00000    0.00000   100%  97.2 16875s
 14221177 2423259    0.00000  226   49    1.00000    0.00000   100%  97.2 16880s
 14226467 2425793    0.00000  242   45    1.00000    0.00000   100%  97.2 16885s
 14232058 2427804    0.00000  250   39    1.00000    0.00000   100%  97.2 16890s
 14237274 2429622    0.00000  239   29    1.00000    0.00000   100%  97.2 16895s
 14241869 2431142    0.00000  251   12    1.00000    0.00000   100%  97.2 16900s
 14246134 2432376 infeasible  247         1.00000    0.00000   100%  97.2 16905s
 14252162 2434603    0.00000  253   36    1.00000    0.00000   100%  97.2 16910s
 14257087 2436547    0.00000  236   60    1.00000    0.00000   100%  97.2 16915s
 14260449 2437345    0.00000  242   42    1.00000    0.00000   100%  97.2 16920s
 14265035 2439120    0.00000  239   56    1.00000    0.00000   100%  97.2 16925s
 14267804 2442654 infeasible  263         1.00000    0.00000   100%  97.2 16941s
 14277955 2443752    0.00000  246   26    1.00000    0.00000   100%  97.2 16945s
 14282018 2444908 infeasible  254         1.00000    0.00000   100%  97.2 16950s
 14286888 2446193    0.00000  248   49    1.00000    0.00000   100%  97.2 16955s
 14291990 2447559    0.00000  254   28    1.00000    0.00000   100%  97.2 16960s
 14297137 2449012    0.00000  242   36    1.00000    0.00000   100%  97.2 16965s
 14302402 2450431 infeasible  240         1.00000    0.00000   100%  97.2 16970s
 14308101 2452287    0.00000  230   18    1.00000    0.00000   100%  97.2 16975s
 14312792 2453861 infeasible  262         1.00000    0.00000   100%  97.2 16980s
 14318192 2454906 infeasible  248         1.00000    0.00000   100%  97.2 16985s
 14323918 2456531    0.00000  245   32    1.00000    0.00000   100%  97.2 16990s
 14327550 2458469 infeasible  242         1.00000    0.00000   100%  97.2 16996s
 14334469 2459744    0.00000  245   19    1.00000    0.00000   100%  97.2 17000s
 14338245 2460844    0.00000  254   21    1.00000    0.00000   100%  97.2 17005s
 14343309 2462255    0.00000  251   27    1.00000    0.00000   100%  97.2 17010s
 14349579 2463717 infeasible  250         1.00000    0.00000   100%  97.2 17015s
 14354439 2465103 infeasible  241         1.00000    0.00000   100%  97.2 17020s
 14360422 2466494 infeasible  244         1.00000    0.00000   100%  97.2 17025s
 14366001 2467622    0.00000  259   39    1.00000    0.00000   100%  97.2 17030s
 14371321 2469050 infeasible  268         1.00000    0.00000   100%  97.2 17035s
 14374929 2470310    0.00000  231   26    1.00000    0.00000   100%  97.2 17040s
 14377046 2470698    0.00000  252    6    1.00000    0.00000   100%  97.2 17046s
 14377205 2470953    0.00000  253   22    1.00000    0.00000   100%  97.2 17051s
 14379216 2471605    0.00000  255   26    1.00000    0.00000   100%  97.2 17055s
 14384786 2472762 infeasible  241         1.00000    0.00000   100%  97.2 17060s
 14389979 2474030    0.00000  243   24    1.00000    0.00000   100%  97.2 17065s
 14394909 2474930    0.00000  251   13    1.00000    0.00000   100%  97.2 17070s
 14400792 2476106    0.00000  265   32    1.00000    0.00000   100%  97.2 17075s
 14400809 2476947 infeasible  266         1.00000    0.00000   100%  97.2 17082s
 14410181 2477119    0.00000  268   20    1.00000    0.00000   100%  97.2 17085s
 14415334 2477839 infeasible  259         1.00000    0.00000   100%  97.2 17090s
 14418696 2479467    0.00000  227   64    1.00000    0.00000   100%  97.2 17095s
 14423384 2481338    0.00000  234   60    1.00000    0.00000   100%  97.2 17100s
 14429471 2483410 infeasible  241         1.00000    0.00000   100%  97.2 17105s
 14430302 2485353    0.00000  239   60    1.00000    0.00000   100%  97.2 17114s
 14438302 2485551    0.00000  271   26    1.00000    0.00000   100%  97.3 17115s
 14442957 2487294    0.00000  246   53    1.00000    0.00000   100%  97.3 17120s
 14447706 2488825 infeasible  253         1.00000    0.00000   100%  97.3 17125s
 14451915 2489814    0.00000  239   34    1.00000    0.00000   100%  97.3 17130s
 14457734 2490923    0.00000  242   30    1.00000    0.00000   100%  97.3 17135s
 14462076 2491784    0.00000  255   59    1.00000    0.00000   100%  97.3 17140s
 14464642 2493034    0.00000  265   22    1.00000    0.00000   100%  97.3 17145s
 14469890 2494583 infeasible  256         1.00000    0.00000   100%  97.3 17150s
 14473208 2495520 infeasible  277         1.00000    0.00000   100%  97.3 17155s
 14478210 2496960    0.00000  260   13    1.00000    0.00000   100%  97.3 17160s
 14482588 2498278    0.00000  254   66    1.00000    0.00000   100%  97.3 17165s
 14486564 2499769 infeasible  266         1.00000    0.00000   100%  97.3 17170s
 14489424 2500463    0.00000  248   35    1.00000    0.00000   100%  97.3 17175s
 14490807 2501100    0.00000  249   42    1.00000    0.00000   100%  97.3 17181s
 14493965 2501637    0.00000  248   26    1.00000    0.00000   100%  97.3 17186s
 14497139 2502597    0.00000  241   23    1.00000    0.00000   100%  97.3 17191s
 14502307 2503830    0.00000  253   21    1.00000    0.00000   100%  97.4 17196s
 14504783 2505835    0.00000  239   59    1.00000    0.00000   100%  97.4 17206s
 14513862 2506100    0.00000  257   34    1.00000    0.00000   100%  97.4 17210s
 14518912 2506723    0.00000  268   15    1.00000    0.00000   100%  97.4 17215s
 14524993 2507623    0.00000  254   60    1.00000    0.00000   100%  97.4 17220s
 14528469 2508471 infeasible  257         1.00000    0.00000   100%  97.4 17225s
 14534704 2509528    0.00000  272   34    1.00000    0.00000   100%  97.4 17231s
 14539382 2510089 infeasible  277         1.00000    0.00000   100%  97.4 17235s
 14544637 2511018    0.00000  291   17    1.00000    0.00000   100%  97.4 17240s
 14548120 2511373    0.00000  262   20    1.00000    0.00000   100%  97.4 17245s
 14551466 2511816    0.00000  265   23    1.00000    0.00000   100%  97.3 17250s
 14556159 2512085    0.00000  265   25    1.00000    0.00000   100%  97.3 17255s
 14561516 2512422    0.00000  272   14    1.00000    0.00000   100%  97.3 17260s
 14568161 2512588 infeasible  271         1.00000    0.00000   100%  97.3 17265s
 14573504 2513010    0.00000  270   20    1.00000    0.00000   100%  97.3 17270s
 14579623 2513706    0.00000  283   29    1.00000    0.00000   100%  97.3 17275s
 14579638 2514989 infeasible  280         1.00000    0.00000   100%  97.3 17282s
 14590146 2515301 infeasible  278         1.00000    0.00000   100%  97.3 17285s
 14592193 2515487 infeasible  281         1.00000    0.00000   100%  97.3 17290s
 14592253 2515499    0.00000  259   24    1.00000    0.00000   100%  97.3 17295s
 14592306 2515501    0.00000  261   25    1.00000    0.00000   100%  97.3 17300s
 14592905 2515701    0.00000  263   23    1.00000    0.00000   100%  97.3 17305s
 14597032 2515882 infeasible  274         1.00000    0.00000   100%  97.3 17311s
 14599949 2516347 infeasible  265         1.00000    0.00000   100%  97.3 17315s
 14604741 2517105 infeasible  279         1.00000    0.00000   100%  97.3 17320s
 14610474 2517611    0.00000  276   20    1.00000    0.00000   100%  97.3 17325s
 14614672 2517963 infeasible  266         1.00000    0.00000   100%  97.3 17330s
 14621167 2518649 infeasible  278         1.00000    0.00000   100%  97.3 17335s
 14625475 2519266 infeasible  279         1.00000    0.00000   100%  97.3 17340s
 14630791 2520745 infeasible  247         1.00000    0.00000   100%  97.3 17345s
 14634701 2521737    0.00000  267   63    1.00000    0.00000   100%  97.3 17350s
 14640023 2522753    0.00000  240   16    1.00000    0.00000   100%  97.3 17355s
 14645620 2523488 infeasible  236         1.00000    0.00000   100%  97.3 17360s
 14651353 2524911 infeasible  276         1.00000    0.00000   100%  97.3 17365s
 14654092 2526437    0.00000  273   35    1.00000    0.00000   100%  97.3 17373s
 14661807 2526978    0.00000  245   31    1.00000    0.00000   100%  97.3 17376s
 14665046 2528076    0.00000  253   25    1.00000    0.00000   100%  97.3 17380s
 14668958 2529132    0.00000  251   34    1.00000    0.00000   100%  97.3 17385s
 14675698 2529937 infeasible  286         1.00000    0.00000   100%  97.3 17390s
 14680393 2530936 infeasible  265         1.00000    0.00000   100%  97.3 17395s
 14685630 2531561 infeasible  282         1.00000    0.00000   100%  97.3 17400s
 14690901 2532391    0.00000  235   53    1.00000    0.00000   100%  97.3 17405s
 14696575 2533568    0.00000  272   21    1.00000    0.00000   100%  97.3 17410s
 14700584 2534079    0.00000  273   20    1.00000    0.00000   100%  97.3 17415s
 14705581 2534832 infeasible  280         1.00000    0.00000   100%  97.3 17420s
 14708460 2535661    0.00000  261   35    1.00000    0.00000   100%  97.3 17425s
 14714227 2536559    0.00000  274   12    1.00000    0.00000   100%  97.3 17430s
 14719893 2537531    0.00000  277   32    1.00000    0.00000   100%  97.3 17435s
 14726133 2538497 infeasible  269         1.00000    0.00000   100%  97.3 17440s
 14729245 2539404    0.00000  259   24    1.00000    0.00000   100%  97.3 17449s
 14737245 2539492 infeasible  269         1.00000    0.00000   100%  97.3 17450s
 14742501 2540171 infeasible  269         1.00000    0.00000   100%  97.3 17455s
 14748295 2540861    0.00000  268   23    1.00000    0.00000   100%  97.3 17460s
 14751154 2541300    0.00000  286   14    1.00000    0.00000   100%  97.3 17465s
 14756757 2543509    0.00000  231    9    1.00000    0.00000   100%  97.3 17470s
 14759237 2544322    0.00000  239   52    1.00000    0.00000   100%  97.3 17476s
 14762711 2545399    0.00000  244   33    1.00000    0.00000   100%  97.3 17480s
 14762758 2545430    0.00000  244   35    1.00000    0.00000   100%  97.3 17486s
 14763460 2545928 infeasible  248         1.00000    0.00000   100%  97.3 17490s
 14768715 2547823 infeasible  215         1.00000    0.00000   100%  97.3 17495s
 14772644 2548698    0.00000  244   45    1.00000    0.00000   100%  97.3 17500s
 14776926 2550121    0.00000  239   69    1.00000    0.00000   100%  97.3 17505s
 14781781 2551298    0.00000  246   30    1.00000    0.00000   100%  97.3 17510s
 14785913 2552106    0.00000  241   18    1.00000    0.00000   100%  97.3 17515s
 14790435 2553296 infeasible  265         1.00000    0.00000   100%  97.3 17520s
 14795333 2553940 infeasible  261         1.00000    0.00000   100%  97.3 17525s
 14801931 2554778    0.00000  268   26    1.00000    0.00000   100%  97.3 17530s
 14805993 2555336    0.00000  269   21    1.00000    0.00000   100%  97.3 17535s
 14811825 2556077 infeasible  273         1.00000    0.00000   100%  97.3 17540s
 14817369 2556841 infeasible  269         1.00000    0.00000   100%  97.3 17545s
 14823480 2557852 infeasible  277         1.00000    0.00000   100%  97.3 17550s
 14828516 2558458    0.00000  263   20    1.00000    0.00000   100%  97.3 17555s
 14834910 2559385    0.00000  269   23    1.00000    0.00000   100%  97.3 17560s
 14840193 2560108 infeasible  264         1.00000    0.00000   100%  97.3 17565s
 14846138 2560897 infeasible  271         1.00000    0.00000   100%  97.3 17570s
 14850800 2561631    0.00000  278   12    1.00000    0.00000   100%  97.3 17575s
 14856686 2562419    0.00000  271   13    1.00000    0.00000   100%  97.3 17580s
 14861919 2563224 infeasible  292         1.00000    0.00000   100%  97.3 17585s
 14866922 2563945    0.00000  264   34    1.00000    0.00000   100%  97.3 17590s
 14872638 2564699    0.00000  274   18    1.00000    0.00000   100%  97.3 17595s
 14877305 2565135    0.00000  272   18    1.00000    0.00000   100%  97.3 17600s
 14883093 2565984 infeasible  271         1.00000    0.00000   100%  97.3 17605s
 14885253 2566218    0.00000  266   35    1.00000    0.00000   100%  97.3 17610s
 14887148 2566556    0.00000  267   19    1.00000    0.00000   100%  97.3 17615s
 14888896 2567094    0.00000  201   32    1.00000    0.00000   100%  97.3 17620s
 14894787 2567884    0.00000  276   29    1.00000    0.00000   100%  97.3 17625s
 14898034 2568341 infeasible  276         1.00000    0.00000   100%  97.3 17630s
 14904817 2568967    0.00000  275   15    1.00000    0.00000   100%  97.3 17635s
 14909104 2569419    0.00000  273   23    1.00000    0.00000   100%  97.3 17640s
 14915664 2570460    0.00000  270   28    1.00000    0.00000   100%  97.3 17645s
 14920464 2571037    0.00000  268   29    1.00000    0.00000   100%  97.3 17650s
 14926552 2572093 infeasible  281         1.00000    0.00000   100%  97.3 17655s
 14930603 2572675    0.00000  271   23    1.00000    0.00000   100%  97.3 17660s
 14937128 2573327    0.00000  278    5    1.00000    0.00000   100%  97.3 17665s
 14942242 2573811 infeasible  268         1.00000    0.00000   100%  97.3 17670s
 14949508 2574826    0.00000  277   17    1.00000    0.00000   100%  97.3 17675s
 14953894 2575440    0.00000  279   19    1.00000    0.00000   100%  97.3 17680s
 14957520 2575671 infeasible  278         1.00000    0.00000   100%  97.3 17685s
 14957562 2575681    0.00000  276   20    1.00000    0.00000   100%  97.3 17690s
 14958035 2575733 infeasible  278         1.00000    0.00000   100%  97.3 17695s
 14962277 2576474 infeasible  275         1.00000    0.00000   100%  97.3 17700s
 14965390 2577389    0.00000  237   33    1.00000    0.00000   100%  97.3 17705s
 14968542 2577829 infeasible  265         1.00000    0.00000   100%  97.3 17710s
 14973865 2579079    0.00000  249   38    1.00000    0.00000   100%  97.3 17715s
 14979375 2580238    0.00000  261   18    1.00000    0.00000   100%  97.3 17720s
 14983794 2580782    0.00000  275   12    1.00000    0.00000   100%  97.3 17725s
 14989221 2581713    0.00000  277   20    1.00000    0.00000   100%  97.3 17730s
 14993983 2582466    0.00000  206   58    1.00000    0.00000   100%  97.2 17735s
 14999395 2583671    0.00000  241   30    1.00000    0.00000   100%  97.2 17740s
 15004637 2584589    0.00000  253   22    1.00000    0.00000   100%  97.2 17745s
 15009456 2585817    0.00000  257   45    1.00000    0.00000   100%  97.2 17750s
 15015228 2587239    0.00000  221   25    1.00000    0.00000   100%  97.2 17755s
 15019036 2589319    0.00000  211   11    1.00000    0.00000   100%  97.2 17760s
 15023930 2591164    0.00000  207   40    1.00000    0.00000   100%  97.2 17765s
 15027807 2592261    0.00000  256   25    1.00000    0.00000   100%  97.2 17770s
 15033470 2593380    0.00000  280   14    1.00000    0.00000   100%  97.2 17775s
 15038382 2594622    0.00000  274   14    1.00000    0.00000   100%  97.2 17781s
 15044368 2595279    0.00000  266   21    1.00000    0.00000   100%  97.2 17785s
 15047526 2595651    0.00000  256   26    1.00000    0.00000   100%  97.2 17790s
 15053310 2596966    0.00000  206   51    1.00000    0.00000   100%  97.2 17795s
 15057374 2597754 infeasible  279         1.00000    0.00000   100%  97.2 17800s
 15064017 2598610 infeasible  258         1.00000    0.00000   100%  97.2 17805s
 15068972 2599401    0.00000  280   21    1.00000    0.00000   100%  97.2 17810s
 15076197 2600433    0.00000  195   34    1.00000    0.00000   100%  97.2 17815s
 15080772 2601032 infeasible  281         1.00000    0.00000   100%  97.2 17820s
 15087075 2602151 infeasible  271         1.00000    0.00000   100%  97.2 17825s
 15093915 2602717    0.00000  228   57    1.00000    0.00000   100%  97.2 17830s
 15098906 2603514    0.00000  276   19    1.00000    0.00000   100%  97.2 17835s
 15104718 2604267 infeasible  238         1.00000    0.00000   100%  97.2 17840s
 15109944 2604996    0.00000  273   24    1.00000    0.00000   100%  97.2 17845s
 15115182 2605521 infeasible  261         1.00000    0.00000   100%  97.2 17851s
 15119601 2605975    0.00000  294   16    1.00000    0.00000   100%  97.2 17855s
 15122922 2606464 infeasible  275         1.00000    0.00000   100%  97.2 17860s
 15128594 2607101 infeasible  267         1.00000    0.00000   100%  97.1 17865s
 15128670 2607104    0.00000  275   21    1.00000    0.00000   100%  97.1 17870s
 15128718 2607120    0.00000  261   38    1.00000    0.00000   100%  97.1 17875s
 15129104 2607335 infeasible  273         1.00000    0.00000   100%  97.1 17880s
 15131893 2607596    0.00000  279   17    1.00000    0.00000   100%  97.1 17885s
 15137645 2608638    0.00000  236   54    1.00000    0.00000   100%  97.1 17890s
 15142278 2609740    0.00000  271   24    1.00000    0.00000   100%  97.1 17897s
 15148433 2610715    0.00000  267   27    1.00000    0.00000   100%  97.1 17900s
 15153243 2611462    0.00000  264   17    1.00000    0.00000   100%  97.1 17905s
 15158387 2612360 infeasible  271         1.00000    0.00000   100%  97.1 17910s
 15162537 2613122    0.00000  273   25    1.00000    0.00000   100%  97.1 17915s
 15167443 2613630 infeasible  273         1.00000    0.00000   100%  97.1 17920s
 15172869 2614088 infeasible  270         1.00000    0.00000   100%  97.1 17925s
 15178120 2614568    0.00000  271   15    1.00000    0.00000   100%  97.1 17930s
 15183995 2615115    0.00000  261   41    1.00000    0.00000   100%  97.1 17935s
 15188272 2615774    0.00000  278   29    1.00000    0.00000   100%  97.1 17940s
 15193728 2616635 infeasible  266         1.00000    0.00000   100%  97.1 17945s
 15198226 2617192    0.00000  251   21    1.00000    0.00000   100%  97.1 17950s
 15204231 2617916    0.00000  273   26    1.00000    0.00000   100%  97.1 17955s
 15208936 2618532    0.00000  263    7    1.00000    0.00000   100%  97.1 17960s
 15214642 2619398    0.00000  262   25    1.00000    0.00000   100%  97.1 17965s
 15219213 2619845    0.00000  259   37    1.00000    0.00000   100%  97.1 17970s
 15225302 2620749    0.00000  277   17    1.00000    0.00000   100%  97.1 17975s
 15228455 2621343    0.00000  270   25    1.00000    0.00000   100%  97.1 17980s
 15235555 2622043    0.00000  277   25    1.00000    0.00000   100%  97.1 17985s
 15240500 2622599    0.00000  274   21    1.00000    0.00000   100%  97.1 17990s
 15246706 2623419    0.00000  288   27    1.00000    0.00000   100%  97.1 17995s
 15250702 2623983    0.00000  265   36    1.00000    0.00000   100%  97.1 18000s

Cutting planes:
  Gomory: 2
  Cover: 1
  Implied bound: 1
  Projected implied bound: 3
  Flow cover: 8
  RLT: 2
  Relax-and-lift: 4

Explored 15251171 nodes (1481180438 simplex iterations) in 18000.01 seconds (36012.16 work units)
Thread count was 8 (of 192 available processors)

Solution count 10: 1 2 3 ... 13

Time limit reached
Best objective 1.000000000000e+00, best bound 0.000000000000e+00, gap 100.0000%

User-callback calls 7272111, time in user-callback 4.97 sec

Remaining value of each indicator
obj_rho = 381
obj_lambda = 5
obj_phi = 1
✅ Solution trouvée (status: TIME_LIMIT)
🎯 Objective global: 1.0
⏱️ Time used: 18000.01

✈️ Paths for each aircraft:
🛩️ Aircraft N121 path (38 nodes): s_(u=0.0, v=0.0, w=0.0) ➡️  N121_(u=5795.0, v=76.0, w=11.0) ➡️  MLX_ESB_31920_31995_(u=5870.0, v=77.0, w=12.0) ➡️  ESB_ADB_32490_32570_(u=80.0, v=1.0, w=1.0) ➡️  ADB_ESB_32605_32680_(u=155.0, v=2.0, w=1.0) ➡️  ESB_ECN_32865_32935_(u=225.0, v=3.0, w=1.0) ➡️  ECN_ESB_33360_33430_(u=295.0, v=4.0, w=2.0) ➡️  ESB_VAN_33565_33660_(u=390.0, v=5.0, w=2.0) ➡️  VAN_ESB_33695_33800_(u=495.0, v=6.0, w=2.0) ➡️  ESB_ADB_33930_34010_(u=575.0, v=7.0, w=2.0) ➡️  ADB_ESB_34045_34120_(u=650.0, v=8.0, w=2.0) ➡️  ESB_TZX_34920_35000_(u=730.0, v=9.0, w=3.0) ➡️  TZX_ESB_35035_35115_(u=810.0, v=10.0, w=3.0) ➡️  ESB_ERC_35250_35330_(u=890.0, v=11.0, w=3.0) ➡️  ERC_ESB_35365_35445_(u=970.0, v=12.0, w=3.0) ➡️  ESB_GNY_35500_35575_(u=1045.0, v=13.0, w=3.0) ➡️  GNY_ESB_35610_35690_(u=1125.0, v=14.0, w=3.0) ➡️  ESB_YEI_35755_35815_(u=1185.0, v=15.0, w=3.0) ➡️  YEI_ESB_36240_36300_(u=1245.0, v=16.0, w=4.0) ➡️  ESB_AJI_36370_36465_(u=1340.0, v=17.0, w=4.0) ➡️  AJI_ESB_36500_36605_(u=1445.0, v=18.0, w=4.0) ➡️  ESB_ERC_36690_36770_(u=1525.0, v=19.0, w=4.0) ➡️  ERC_ESB_36805_36885_(u=1605.0, v=20.0, w=4.0) ➡️  ESB_SZF_36980_37040_(u=1665.0, v=21.0, w=4.0) ➡️  SZF_ESB_37075_37135_(u=1725.0, v=22.0, w=4.0) ➡️  ESB_YEI_37195_37255_(u=1785.0, v=23.0, w=4.0) ➡️  YEI_ESB_37680_37740_(u=1845.0, v=24.0, w=5.0) ➡️  ESB_SAW_37800_37860_(u=1905.0, v=25.0, w=5.0) ➡️  SAW_TZX_37905_38005_(u=2005.0, v=26.0, w=5.0) ➡️  TZX_SAW_38040_38145_(u=2110.0, v=27.0, w=5.0) ➡️  SAW_ADB_38370_38430_(u=2170.0, v=28.0, w=5.0) ➡️  ADB_SAW_38465_38525_(u=2230.0, v=29.0, w=5.0) ➡️  SAW_NAJ_39350_39490_(u=2370.0, v=30.0, w=6.0) ➡️  NAJ_SAW_39555_39710_(u=2525.0, v=31.0, w=6.0) ➡️  SAW_ASR_39855_39940_(u=2610.0, v=32.0, w=6.0) ➡️  ASR_SAW_39975_40065_(u=2700.0, v=33.0, w=6.0) ➡️  SAW_TZX_40785_40885_(u=2800.0, v=34.0, w=7.0) ➡️  TZX_SAW_40920_41025_(u=2905.0, v=35.0, w=7.0) ➡️  SAW_ASR_41295_41380_(u=2990.0, v=36.0, w=7.0) ➡️  ASR_SAW_41415_41505_(u=3080.0, v=37.0, w=7.0) ➡️  t_(u=0.0, v=0.0, w=0.0)

🛩️ Aircraft N122 path (46 nodes): s_(u=0.0, v=0.0, w=0.0) ➡️  N122_(u=4155.0, v=54.0, w=8.0) ➡️  SAW_ESB_31980_32040_(u=4215.0, v=55.0, w=8.0) ➡️  ESB_VAN_32125_32220_(u=4310.0, v=56.0, w=8.0) ➡️  VAN_ESB_32255_32360_(u=4415.0, v=57.0, w=8.0) ➡️  ESB_SAW_32400_32460_(u=4475.0, v=58.0, w=8.0) ➡️  SAW_KYA_32670_32740_(u=4545.0, v=59.0, w=8.0) ➡️  KYA_SAW_32775_32845_(u=4615.0, v=60.0, w=8.0) ➡️  SAW_ADB_33360_33420_(u=4675.0, v=61.0, w=9.0) ➡️  ADB_SAW_33455_33515_(u=4735.0, v=62.0, w=9.0) ➡️  SAW_ESB_33600_33660_(u=4795.0, v=63.0, w=9.0) ➡️  ESB_ADA_34080_34140_(u=4855.0, v=64.0, w=9.0) ➡️  ADA_ESB_34180_34245_(u=4920.0, v=65.0, w=9.0) ➡️  ESB_YEI_34315_34375_(u=4980.0, v=66.0, w=9.0) ➡️  YEI_ESB_34800_34860_(u=5040.0, v=67.0, w=10.0) ➡️  ESB_SAW_34920_34980_(u=5100.0, v=68.0, w=10.0) ➡️  SAW_ESB_35040_35100_(u=5160.0, v=69.0, w=10.0) ➡️  ESB_SAW_35160_35220_(u=5220.0, v=70.0, w=10.0) ➡️  SAW_AYT_35265_35330_(u=5285.0, v=71.0, w=10.0) ➡️  AYT_SAW_35370_35435_(u=5350.0, v=72.0, w=10.0) ➡️  SAW_ASR_35535_35620_(u=5435.0, v=73.0, w=10.0) ➡️  ASR_SAW_35655_35745_(u=5525.0, v=74.0, w=10.0) ➡️  SAW_VAS_36690_36770_(u=5605.0, v=75.0, w=11.0) ➡️  VAS_SAW_36805_36885_(u=5685.0, v=76.0, w=11.0) ➡️  SAW_ADB_36930_36990_(u=5745.0, v=77.0, w=11.0) ➡️  ADB_SAW_37025_37085_(u=5805.0, v=78.0, w=11.0) ➡️  SAW_ADB_37680_37740_(u=60.0, v=1.0, w=1.0) ➡️  ADB_SAW_37775_37835_(u=120.0, v=2.0, w=1.0) ➡️  SAW_ESB_37920_37980_(u=180.0, v=3.0, w=1.0) ➡️  ESB_ERC_38130_38210_(u=260.0, v=4.0, w=1.0) ➡️  ERC_ESB_38245_38325_(u=340.0, v=5.0, w=1.0) ➡️  ESB_GNY_38380_38455_(u=415.0, v=6.0, w=1.0) ➡️  GNY_ESB_38490_38570_(u=495.0, v=7.0, w=1.0) ➡️  ESB_ECN_38625_38695_(u=565.0, v=8.0, w=1.0) ➡️  ECN_ESB_39120_39190_(u=635.0, v=9.0, w=2.0) ➡️  ESB_EZS_39555_39630_(u=710.0, v=10.0, w=2.0) ➡️  EZS_ESB_39665_39745_(u=790.0, v=11.0, w=2.0) ➡️  ESB_SZF_39860_39920_(u=850.0, v=12.0, w=2.0) ➡️  SZF_ESB_39955_40015_(u=910.0, v=13.0, w=2.0) ➡️  ESB_MLX_40060_40135_(u=985.0, v=14.0, w=2.0) ➡️  MLX_ESB_40560_40635_(u=1060.0, v=15.0, w=3.0) ➡️  ESB_VAN_40765_40860_(u=1155.0, v=16.0, w=3.0) ➡️  VAN_ESB_40895_41000_(u=1260.0, v=17.0, w=3.0) ➡️  ESB_SAW_41040_41100_(u=1320.0, v=18.0, w=3.0) ➡️  SAW_ESB_41160_41220_(u=1380.0, v=19.0, w=3.0) ➡️  ESB_SZF_41300_41360_(u=1440.0, v=20.0, w=3.0) ➡️  SZF_ESB_41395_41455_(u=1500.0, v=21.0, w=3.0) ➡️  ESB_MLX_41500_41575_(u=1575.0, v=22.0, w=3.0) ➡️  t_(u=0.0, v=0.0, w=0.0)

🛩️ Aircraft N123 path (38 nodes): s_(u=0.0, v=0.0, w=0.0) ➡️  N123_(u=3810.0, v=50.0, w=7.0) ➡️  ECN_ESB_31920_31990_(u=3880.0, v=51.0, w=7.0) ➡️  ESB_BAL_32065_32155_(u=3970.0, v=52.0, w=7.0) ➡️  BAL_ESB_32190_32285_(u=4065.0, v=53.0, w=7.0) ➡️  ESB_MQM_32330_32425_(u=4160.0, v=54.0, w=7.0) ➡️  MQM_ESB_32460_32555_(u=4255.0, v=55.0, w=7.0) ➡️  ESB_GNY_32620_32695_(u=4330.0, v=56.0, w=7.0) ➡️  GNY_ESB_32730_32810_(u=4410.0, v=57.0, w=7.0) ➡️  ESB_BAL_33505_33595_(u=4500.0, v=58.0, w=8.0) ➡️  BAL_ESB_33630_33725_(u=4595.0, v=59.0, w=8.0) ➡️  ESB_SAW_33840_33900_(u=4655.0, v=60.0, w=8.0) ➡️  SAW_TZX_35025_35125_(u=4755.0, v=61.0, w=9.0) ➡️  TZX_SAW_35160_35265_(u=4860.0, v=62.0, w=9.0) ➡️  SAW_KYA_35550_35620_(u=4930.0, v=63.0, w=9.0) ➡️  KYA_SAW_35655_35725_(u=5000.0, v=64.0, w=9.0) ➡️  SAW_ADB_36240_36300_(u=5060.0, v=65.0, w=10.0) ➡️  ADB_SAW_36335_36395_(u=5120.0, v=66.0, w=10.0) ➡️  SAW_ESB_36480_36540_(u=5180.0, v=67.0, w=10.0) ➡️  ESB_MQM_36650_36745_(u=5275.0, v=68.0, w=10.0) ➡️  MQM_ESB_36780_36875_(u=5370.0, v=69.0, w=10.0) ➡️  ESB_GNY_36940_37015_(u=5445.0, v=70.0, w=10.0) ➡️  GNY_ESB_37050_37130_(u=5525.0, v=71.0, w=10.0) ➡️  ESB_AYT_37980_38045_(u=5590.0, v=72.0, w=11.0) ➡️  AYT_ESB_38080_38145_(u=5655.0, v=73.0, w=11.0) ➡️  ESB_ADB_38250_38330_(u=5735.0, v=74.0, w=11.0) ➡️  ADB_ESB_38365_38440_(u=5810.0, v=75.0, w=11.0) ➡️  ESB_HTY_38630_38710_(u=5890.0, v=76.0, w=11.0) ➡️  HTY_ESB_39120_39195_(u=5965.0, v=77.0, w=12.0) ➡️  ESB_ADB_39690_39770_(u=80.0, v=1.0, w=1.0) ➡️  ADB_ESB_39805_39880_(u=155.0, v=2.0, w=1.0) ➡️  ESB_ECN_40065_40135_(u=225.0, v=3.0, w=1.0) ➡️  ECN_ESB_40560_40630_(u=295.0, v=4.0, w=2.0) ➡️  ESB_AJI_40690_40785_(u=390.0, v=5.0, w=2.0) ➡️  AJI_ESB_40820_40925_(u=495.0, v=6.0, w=2.0) ➡️  ESB_ERC_41010_41090_(u=575.0, v=7.0, w=2.0) ➡️  ERC_ESB_41125_41205_(u=655.0, v=8.0, w=2.0) ➡️  ESB_ADA_41280_41340_(u=715.0, v=9.0, w=2.0) ➡️  ADA_ESB_41380_41445_(u=780.0, v=10.0, w=2.0) ➡️  ESB_HTY_41510_41590_(u=860.0, v=11.0, w=2.0) ➡️  t_(u=0.0, v=0.0, w=0.0)

🛩️ Aircraft N124 path (38 nodes): s_(u=0.0, v=0.0, w=0.0) ➡️  N124_(u=3555.0, v=46.0, w=7.0) ➡️  SAW_VAS_32370_32450_(u=3635.0, v=47.0, w=7.0) ➡️  VAS_SAW_32485_32565_(u=3715.0, v=48.0, w=7.0) ➡️  SAW_ASR_32655_32740_(u=3800.0, v=49.0, w=7.0) ➡️  ASR_SAW_32775_32865_(u=3890.0, v=50.0, w=7.0) ➡️  SAW_ESB_33420_33480_(u=3950.0, v=51.0, w=8.0) ➡️  ESB_MQM_33770_33865_(u=4045.0, v=52.0, w=8.0) ➡️  MQM_ESB_33900_33995_(u=4140.0, v=53.0, w=8.0) ➡️  ESB_SZF_34100_34160_(u=4200.0, v=54.0, w=8.0) ➡️  SZF_ESB_34195_34255_(u=4260.0, v=55.0, w=8.0) ➡️  ESB_HTY_34310_34390_(u=4340.0, v=56.0, w=8.0) ➡️  HTY_ESB_34800_34875_(u=4415.0, v=57.0, w=9.0) ➡️  ESB_AYT_35100_35165_(u=4480.0, v=58.0, w=9.0) ➡️  AYT_ESB_35200_35265_(u=4545.0, v=59.0, w=9.0) ➡️  ESB_ADB_35370_35450_(u=4625.0, v=60.0, w=9.0) ➡️  ADB_ESB_35485_35560_(u=4700.0, v=61.0, w=9.0) ➡️  ESB_VAN_36445_36540_(u=4795.0, v=62.0, w=10.0) ➡️  VAN_ESB_36575_36680_(u=4900.0, v=63.0, w=10.0) ➡️  ESB_ADB_36810_36890_(u=4980.0, v=64.0, w=10.0) ➡️  ADB_ESB_36925_37000_(u=5055.0, v=65.0, w=10.0) ➡️  ESB_MLX_37180_37255_(u=5130.0, v=66.0, w=10.0) ➡️  MLX_ESB_37680_37755_(u=5205.0, v=67.0, w=11.0) ➡️  ESB_BAL_37825_37915_(u=5295.0, v=68.0, w=11.0) ➡️  BAL_ESB_37950_38045_(u=5390.0, v=69.0, w=11.0) ➡️  ESB_ECN_38100_38170_(u=5460.0, v=70.0, w=11.0) ➡️  ECN_HTY_38280_38345_(u=5525.0, v=71.0, w=11.0) ➡️  HTY_ECN_38385_38450_(u=5590.0, v=72.0, w=11.0) ➡️  ECN_ESB_38495_38565_(u=5660.0, v=73.0, w=11.0) ➡️  ESB_TZX_39240_39320_(u=5740.0, v=74.0, w=12.0) ➡️  TZX_ESB_39355_39435_(u=5820.0, v=75.0, w=12.0) ➡️  ESB_ERC_39570_39650_(u=5900.0, v=76.0, w=12.0) ➡️  ERC_ESB_39685_39765_(u=5980.0, v=77.0, w=12.0) ➡️  ESB_TZX_40680_40760_(u=80.0, v=1.0, w=1.0) ➡️  TZX_ESB_40795_40875_(u=160.0, v=2.0, w=1.0) ➡️  ESB_ECN_40980_41050_(u=230.0, v=3.0, w=1.0) ➡️  ECN_HTY_41160_41225_(u=295.0, v=4.0, w=1.0) ➡️  HTY_ECN_41265_41330_(u=360.0, v=5.0, w=1.0) ➡️  ECN_ESB_41375_41445_(u=430.0, v=6.0, w=1.0) ➡️  ESB_YEI_41515_41575_(u=490.0, v=7.0, w=1.0) ➡️  t_(u=0.0, v=0.0, w=0.0)

🛩️ Aircraft N125 path (37 nodes): s_(u=0.0, v=0.0, w=0.0) ➡️  N125_(u=3155.0, v=41.0, w=6.0) ➡️  YEI_ESB_31920_31980_(u=3215.0, v=42.0, w=6.0) ➡️  ESB_TZX_32040_32120_(u=3295.0, v=43.0, w=6.0) ➡️  TZX_ESB_32155_32235_(u=3375.0, v=44.0, w=6.0) ➡️  ESB_SAW_32280_32340_(u=3435.0, v=45.0, w=6.0) ➡️  SAW_AYT_32385_32450_(u=3500.0, v=46.0, w=6.0) ➡️  AYT_SAW_32490_32555_(u=3565.0, v=47.0, w=6.0) ➡️  SAW_ADB_32610_32670_(u=3625.0, v=48.0, w=6.0) ➡️  ADB_SAW_32705_32765_(u=3685.0, v=49.0, w=6.0) ➡️  SAW_VAS_33810_33890_(u=3765.0, v=50.0, w=7.0) ➡️  VAS_SAW_33925_34005_(u=3845.0, v=51.0, w=7.0) ➡️  SAW_ADB_34050_34110_(u=3905.0, v=52.0, w=7.0) ➡️  ADB_SAW_34145_34205_(u=3965.0, v=53.0, w=7.0) ➡️  SAW_ADB_34800_34860_(u=4025.0, v=54.0, w=8.0) ➡️  ADB_SAW_34895_34955_(u=4085.0, v=55.0, w=8.0) ➡️  SAW_NAJ_35030_35170_(u=4225.0, v=56.0, w=8.0) ➡️  NAJ_SAW_35235_35390_(u=4380.0, v=57.0, w=8.0) ➡️  SAW_ADB_35490_35550_(u=4440.0, v=58.0, w=8.0) ➡️  ADB_SAW_35585_35645_(u=4500.0, v=59.0, w=8.0) ➡️  SAW_ESB_36300_36360_(u=4560.0, v=60.0, w=9.0) ➡️  ESB_SAW_36720_36780_(u=4620.0, v=61.0, w=9.0) ➡️  SAW_KYA_36990_37060_(u=4690.0, v=62.0, w=9.0) ➡️  KYA_SAW_37095_37165_(u=4760.0, v=63.0, w=9.0) ➡️  SAW_VAS_38130_38210_(u=4840.0, v=64.0, w=10.0) ➡️  VAS_SAW_38245_38325_(u=4920.0, v=65.0, w=10.0) ➡️  SAW_ASR_38415_38500_(u=5005.0, v=66.0, w=10.0) ➡️  ASR_SAW_38535_38625_(u=5095.0, v=67.0, w=10.0) ➡️  SAW_TZX_39345_39445_(u=5195.0, v=68.0, w=11.0) ➡️  TZX_SAW_39480_39585_(u=5300.0, v=69.0, w=11.0) ➡️  SAW_ESB_39720_39780_(u=5360.0, v=70.0, w=11.0) ➡️  ESB_GNY_39820_39895_(u=5435.0, v=71.0, w=11.0) ➡️  GNY_ESB_39930_40010_(u=5515.0, v=72.0, w=11.0) ➡️  ESB_YEI_40075_40135_(u=5575.0, v=73.0, w=11.0) ➡️  YEI_ESB_40560_40620_(u=5635.0, v=74.0, w=12.0) ➡️  ESB_AYT_40860_40925_(u=5700.0, v=75.0, w=12.0) ➡️  AYT_ESB_40960_41025_(u=5765.0, v=76.0, w=12.0) ➡️  ESB_ADB_41130_41210_(u=5845.0, v=77.0, w=12.0) ➡️  ADB_ESB_41245_41320_(u=5920.0, v=78.0, w=12.0) ➡️  t_(u=0.0, v=0.0, w=0.0)

🛩️ Aircraft N126 path (55 nodes): s_(u=0.0, v=0.0, w=0.0) ➡️  N126_(u=0.0, v=0.0, w=1.0) ➡️  ESB_AJI_32050_32145_(u=95.0, v=1.0, w=1.0) ➡️  AJI_ESB_32180_32285_(u=200.0, v=2.0, w=1.0) ➡️  ESB_ERC_32370_32450_(u=280.0, v=3.0, w=1.0) ➡️  ERC_ESB_32485_32565_(u=360.0, v=4.0, w=1.0) ➡️  ESB_ADA_32640_32700_(u=420.0, v=5.0, w=1.0) ➡️  ADA_ESB_32740_32805_(u=485.0, v=6.0, w=1.0) ➡️  ESB_MLX_32860_32935_(u=560.0, v=7.0, w=1.0) ➡️  MLX_ESB_33360_33435_(u=635.0, v=8.0, w=2.0) ➡️  ESB_SAW_33480_33540_(u=695.0, v=9.0, w=2.0) ➡️  SAW_TZX_33585_33685_(u=795.0, v=10.0, w=2.0) ➡️  TZX_SAW_33720_33825_(u=900.0, v=11.0, w=2.0) ➡️  SAW_ESB_33960_34020_(u=960.0, v=12.0, w=2.0) ➡️  ESB_GNY_34060_34135_(u=1035.0, v=13.0, w=2.0) ➡️  GNY_ESB_34170_34250_(u=1115.0, v=14.0, w=2.0) ➡️  ESB_MLX_34300_34375_(u=1190.0, v=15.0, w=2.0) ➡️  MLX_ESB_34800_34875_(u=1265.0, v=16.0, w=3.0) ➡️  ESB_BAL_34945_35035_(u=1355.0, v=17.0, w=3.0) ➡️  BAL_ESB_35070_35165_(u=1450.0, v=18.0, w=3.0) ➡️  ESB_MQM_35210_35305_(u=1545.0, v=19.0, w=3.0) ➡️  MQM_ESB_35340_35435_(u=1640.0, v=20.0, w=3.0) ➡️  ESB_ADA_35520_35580_(u=1700.0, v=21.0, w=3.0) ➡️  ADA_ESB_35620_35685_(u=1765.0, v=22.0, w=3.0) ➡️  ESB_MLX_35740_35815_(u=1840.0, v=23.0, w=3.0) ➡️  MLX_ESB_36240_36315_(u=1915.0, v=24.0, w=4.0) ➡️  ESB_TZX_36360_36440_(u=1995.0, v=25.0, w=4.0) ➡️  TZX_ESB_36475_36555_(u=2075.0, v=26.0, w=4.0) ➡️  ESB_SAW_36600_36660_(u=2135.0, v=27.0, w=4.0) ➡️  SAW_AYT_36705_36770_(u=2200.0, v=28.0, w=4.0) ➡️  AYT_SAW_36810_36875_(u=2265.0, v=29.0, w=4.0) ➡️  SAW_ASR_36975_37060_(u=2350.0, v=30.0, w=4.0) ➡️  ASR_SAW_37095_37185_(u=2440.0, v=31.0, w=4.0) ➡️  SAW_ESB_37740_37800_(u=2500.0, v=32.0, w=5.0) ➡️  ESB_VAN_37885_37980_(u=2595.0, v=33.0, w=5.0) ➡️  VAN_ESB_38015_38120_(u=2700.0, v=34.0, w=5.0) ➡️  ESB_SAW_38160_38220_(u=2760.0, v=35.0, w=5.0) ➡️  SAW_ESB_38280_38340_(u=2820.0, v=36.0, w=5.0) ➡️  ESB_SZF_38420_38480_(u=2880.0, v=37.0, w=5.0) ➡️  SZF_ESB_38515_38575_(u=2940.0, v=38.0, w=5.0) ➡️  ESB_MLX_38620_38695_(u=3015.0, v=39.0, w=5.0) ➡️  MLX_ESB_39120_39195_(u=3090.0, v=40.0, w=6.0) ➡️  ESB_BAL_39265_39355_(u=3180.0, v=41.0, w=6.0) ➡️  BAL_ESB_39390_39485_(u=3275.0, v=42.0, w=6.0) ➡️  ESB_MQM_39530_39625_(u=3370.0, v=43.0, w=6.0) ➡️  MQM_ESB_39660_39755_(u=3465.0, v=44.0, w=6.0) ➡️  ESB_ADA_39840_39900_(u=3525.0, v=45.0, w=6.0) ➡️  ADA_ESB_39940_40005_(u=3590.0, v=46.0, w=6.0) ➡️  ESB_HTY_40070_40150_(u=3670.0, v=47.0, w=6.0) ➡️  HTY_ESB_40560_40635_(u=3745.0, v=48.0, w=7.0) ➡️  ESB_BAL_40705_40795_(u=3835.0, v=49.0, w=7.0) ➡️  BAL_ESB_40830_40925_(u=3930.0, v=50.0, w=7.0) ➡️  ESB_MQM_40970_41065_(u=4025.0, v=51.0, w=7.0) ➡️  MQM_ESB_41100_41195_(u=4120.0, v=52.0, w=7.0) ➡️  ESB_GNY_41260_41335_(u=4195.0, v=53.0, w=7.0) ➡️  GNY_ESB_41370_41450_(u=4275.0, v=54.0, w=7.0) ➡️  ESB_ECN_41505_41575_(u=4345.0, v=55.0, w=7.0) ➡️  t_(u=0.0, v=0.0, w=0.0)

🛩️ Aircraft N127 path (54 nodes): s_(u=0.0, v=0.0, w=0.0) ➡️  N127_(u=0.0, v=0.0, w=1.0) ➡️  HTY_ESB_31920_31995_(u=75.0, v=1.0, w=1.0) ➡️  ESB_SAW_32040_32100_(u=135.0, v=2.0, w=1.0) ➡️  SAW_ESB_32160_32220_(u=195.0, v=3.0, w=1.0) ➡️  ESB_ECN_32340_32410_(u=265.0, v=4.0, w=1.0) ➡️  ECN_HTY_32520_32585_(u=330.0, v=5.0, w=1.0) ➡️  HTY_ECN_32625_32690_(u=395.0, v=6.0, w=1.0) ➡️  ECN_ESB_32735_32805_(u=465.0, v=7.0, w=1.0) ➡️  ESB_YEI_32875_32935_(u=525.0, v=8.0, w=1.0) ➡️  YEI_ESB_33360_33420_(u=585.0, v=9.0, w=2.0) ➡️  ESB_TZX_33480_33560_(u=665.0, v=10.0, w=2.0) ➡️  TZX_ESB_33595_33675_(u=745.0, v=11.0, w=2.0) ➡️  ESB_SAW_33720_33780_(u=805.0, v=12.0, w=2.0) ➡️  SAW_AYT_33825_33890_(u=870.0, v=13.0, w=2.0) ➡️  AYT_SAW_33930_33995_(u=935.0, v=14.0, w=2.0) ➡️  SAW_ASR_34095_34180_(u=1020.0, v=15.0, w=2.0) ➡️  ASR_SAW_34215_34305_(u=1110.0, v=16.0, w=2.0) ➡️  SAW_ESB_34860_34920_(u=1170.0, v=17.0, w=3.0) ➡️  ESB_VAN_35005_35100_(u=1265.0, v=18.0, w=3.0) ➡️  VAN_ESB_35135_35240_(u=1370.0, v=19.0, w=3.0) ➡️  ESB_SAW_35280_35340_(u=1430.0, v=20.0, w=3.0) ➡️  SAW_ESB_35400_35460_(u=1490.0, v=21.0, w=3.0) ➡️  ESB_SZF_35540_35600_(u=1550.0, v=22.0, w=3.0) ➡️  SZF_ESB_35635_35695_(u=1610.0, v=23.0, w=3.0) ➡️  ESB_HTY_35750_35830_(u=1690.0, v=24.0, w=3.0) ➡️  HTY_ESB_36240_36315_(u=1765.0, v=25.0, w=4.0) ➡️  ESB_SAW_36360_36420_(u=1825.0, v=26.0, w=4.0) ➡️  SAW_TZX_36465_36565_(u=1925.0, v=27.0, w=4.0) ➡️  TZX_SAW_36600_36705_(u=2030.0, v=28.0, w=4.0) ➡️  SAW_ESB_36840_36900_(u=2090.0, v=29.0, w=4.0) ➡️  ESB_ADA_36960_37020_(u=2150.0, v=30.0, w=4.0) ➡️  ADA_ESB_37060_37125_(u=2215.0, v=31.0, w=4.0) ➡️  ESB_ECN_37185_37255_(u=2285.0, v=32.0, w=4.0) ➡️  ECN_ESB_37680_37750_(u=2355.0, v=33.0, w=5.0) ➡️  ESB_TZX_37800_37880_(u=2435.0, v=34.0, w=5.0) ➡️  TZX_ESB_37915_37995_(u=2515.0, v=35.0, w=5.0) ➡️  ESB_SAW_38040_38100_(u=2575.0, v=36.0, w=5.0) ➡️  SAW_AYT_38145_38210_(u=2640.0, v=37.0, w=5.0) ➡️  AYT_SAW_38250_38315_(u=2705.0, v=38.0, w=5.0) ➡️  SAW_KYA_38430_38500_(u=2775.0, v=39.0, w=5.0) ➡️  KYA_SAW_38535_38605_(u=2845.0, v=40.0, w=5.0) ➡️  SAW_ADB_39120_39180_(u=2905.0, v=41.0, w=6.0) ➡️  ADB_SAW_39215_39275_(u=2965.0, v=42.0, w=6.0) ➡️  SAW_ESB_39360_39420_(u=3025.0, v=43.0, w=6.0) ➡️  ESB_SAW_39480_39540_(u=3085.0, v=44.0, w=6.0) ➡️  SAW_AYT_39585_39650_(u=3150.0, v=45.0, w=6.0) ➡️  AYT_SAW_39690_39755_(u=3215.0, v=46.0, w=6.0) ➡️  SAW_ADB_39810_39870_(u=3275.0, v=47.0, w=6.0) ➡️  ADB_SAW_39905_39965_(u=3335.0, v=48.0, w=6.0) ➡️  SAW_ESB_40800_40860_(u=3395.0, v=49.0, w=7.0) ➡️  ESB_SAW_40920_40980_(u=3455.0, v=50.0, w=7.0) ➡️  SAW_AYT_41025_41090_(u=3520.0, v=51.0, w=7.0) ➡️  AYT_SAW_41130_41195_(u=3585.0, v=52.0, w=7.0) ➡️  SAW_ADB_41250_41310_(u=3645.0, v=53.0, w=7.0) ➡️  ADB_SAW_41345_41405_(u=3705.0, v=54.0, w=7.0) ➡️  t_(u=0.0, v=0.0, w=0.0)

🛩️ Aircraft N128 path (48 nodes): s_(u=0.0, v=0.0, w=0.0) ➡️  N128_(u=0.0, v=0.0, w=1.0) ➡️  SAW_ADB_31920_31980_(u=60.0, v=1.0, w=1.0) ➡️  ADB_SAW_32015_32075_(u=120.0, v=2.0, w=1.0) ➡️  SAW_TZX_32145_32245_(u=220.0, v=3.0, w=1.0) ➡️  TZX_SAW_32280_32385_(u=325.0, v=4.0, w=1.0) ➡️  SAW_ESB_32520_32580_(u=385.0, v=5.0, w=1.0) ➡️  ESB_SZF_32660_32720_(u=445.0, v=6.0, w=1.0) ➡️  SZF_ESB_32755_32815_(u=505.0, v=7.0, w=1.0) ➡️  ESB_HTY_32870_32950_(u=585.0, v=8.0, w=1.0) ➡️  HTY_ESB_33360_33435_(u=660.0, v=9.0, w=2.0) ➡️  ESB_AJI_33490_33585_(u=755.0, v=10.0, w=2.0) ➡️  AJI_ESB_33620_33725_(u=860.0, v=11.0, w=2.0) ➡️  ESB_ERC_33810_33890_(u=940.0, v=12.0, w=2.0) ➡️  ERC_ESB_33925_34005_(u=1020.0, v=13.0, w=2.0) ➡️  ESB_ECN_34305_34375_(u=1090.0, v=14.0, w=2.0) ➡️  ECN_ESB_34800_34870_(u=1160.0, v=15.0, w=3.0) ➡️  ESB_AJI_34930_35025_(u=1255.0, v=16.0, w=3.0) ➡️  AJI_ESB_35060_35165_(u=1360.0, v=17.0, w=3.0) ➡️  ESB_ECN_35220_35290_(u=1430.0, v=18.0, w=3.0) ➡️  ECN_HTY_35400_35465_(u=1495.0, v=19.0, w=3.0) ➡️  HTY_ECN_35505_35570_(u=1560.0, v=20.0, w=3.0) ➡️  ECN_ESB_35615_35685_(u=1630.0, v=21.0, w=3.0) ➡️  ESB_ECN_35745_35815_(u=1700.0, v=22.0, w=3.0) ➡️  ECN_ESB_36240_36310_(u=1770.0, v=23.0, w=4.0) ➡️  ESB_BAL_36385_36475_(u=1860.0, v=24.0, w=4.0) ➡️  BAL_ESB_36510_36605_(u=1955.0, v=25.0, w=4.0) ➡️  ESB_ECN_36660_36730_(u=2025.0, v=26.0, w=4.0) ➡️  ECN_HTY_36840_36905_(u=2090.0, v=27.0, w=4.0) ➡️  HTY_ECN_36945_37010_(u=2155.0, v=28.0, w=4.0) ➡️  ECN_ESB_37055_37125_(u=2225.0, v=29.0, w=4.0) ➡️  ESB_HTY_37190_37270_(u=2305.0, v=30.0, w=4.0) ➡️  HTY_ESB_37680_37755_(u=2380.0, v=31.0, w=5.0) ➡️  ESB_AJI_37810_37905_(u=2475.0, v=32.0, w=5.0) ➡️  AJI_ESB_37940_38045_(u=2580.0, v=33.0, w=5.0) ➡️  ESB_MQM_38090_38185_(u=2675.0, v=34.0, w=5.0) ➡️  MQM_ESB_38220_38315_(u=2770.0, v=35.0, w=5.0) ➡️  ESB_ADA_38400_38460_(u=2830.0, v=36.0, w=5.0) ➡️  ADA_ESB_38500_38565_(u=2895.0, v=37.0, w=5.0) ➡️  ESB_YEI_38635_38695_(u=2955.0, v=38.0, w=5.0) ➡️  YEI_ESB_39120_39180_(u=3015.0, v=39.0, w=6.0) ➡️  ESB_VAN_39325_39420_(u=3110.0, v=40.0, w=6.0) ➡️  VAN_ESB_39455_39560_(u=3215.0, v=41.0, w=6.0) ➡️  ESB_SAW_39600_39660_(u=3275.0, v=42.0, w=6.0) ➡️  SAW_ADB_40560_40620_(u=3335.0, v=43.0, w=7.0) ➡️  ADB_SAW_40655_40715_(u=3395.0, v=44.0, w=7.0) ➡️  SAW_VAS_41010_41090_(u=3475.0, v=45.0, w=7.0) ➡️  VAS_SAW_41125_41205_(u=3555.0, v=46.0, w=7.0) ➡️  SAW_KYA_41310_41380_(u=3625.0, v=47.0, w=7.0) ➡️  KYA_SAW_41415_41485_(u=3695.0, v=48.0, w=7.0) ➡️  t_(u=0.0, v=0.0, w=0.0)


🛠️ Maintenance at node SAW_ADB_37680_37740 by aircraft N122 | ρ=195.0; λ=0.0; φ=1.0

🛠️ Maintenance at node ESB_ADB_39690_39770 by aircraft N123 | ρ=35.0; λ=2.0; φ=0.0

🛠️ Maintenance at node ESB_TZX_40680_40760 by aircraft N124 | ρ=21.0; λ=2.0; φ=0.0

🛠️ Maintenance at node ESB_ADB_32490_32570 by aircraft N121 | ρ=130.0; λ=1.0; φ=0.0
CSV Summary saved to: RESULTS/A_MTN_5/summary_354FL_8A_27_MILP.csv