INSTANCE 196FL_7A_6
PREPROCESSING : false
-----------------------INSTANCE 196FL_7A_6--------------------------
Gurobi 12.0.2 (linux64) logging started Mon Nov 24 10:35:02 2025

Set parameter LogFile to value "RESULTS/A_MTN_2/FH_FC_MAX/result_196FL_7A_6_without_prep.txt"
Set parameter LogToConsole to value 0

Gurobi 12.0.2 (linux64) logging started Mon Nov 24 10:35:05 2025

Set parameter LogFile to value "RESULTS/A_MTN_2/FH_FC_MAX/result_196FL_7A_6_without_prep.txt"
Gurobi Optimizer version 12.0.2 build v12.0.2rc0 (linux64 - "AlmaLinux 9.6 (Sage Margay)")

CPU model: Intel(R) Xeon(R) 6972P, instruction set [SSE2|AVX|AVX2|AVX512]
Thread count: 192 physical cores, 192 logical processors, using up to 8 threads

Non-default parameters:
TimeLimit  7200
LogToConsole  0
Threads  8

Optimize a model with 5950 rows, 1752 columns and 80975 nonzeros
Model fingerprint: 0x8b7fb4e0
Variable types: 510 continuous, 1242 integer (1142 binary)
Coefficient statistics:
  Matrix range     [1e+00, 6e+03]
  Objective range  [1e+00, 4e+02]
  Bounds range     [1e+00, 6e+03]
  RHS range        [1e+00, 6e+03]
Presolve removed 1769 rows and 651 columns
Presolve time: 0.10s
Presolved: 4181 rows, 1101 columns, 25587 nonzeros
Variable types: 229 continuous, 872 integer (803 binary)

Root relaxation: objective 0.000000e+00, 629 iterations, 0.02 seconds (0.02 work units)

    Nodes    |    Current Node    |     Objective Bounds      |     Work
 Expl Unexpl |  Obj  Depth IntInf | Incumbent    BestBd   Gap | It/Node Time

     0     0    0.00000    0   12          -    0.00000      -     -    0s
H    0     0                    7969.0000000    0.00000   100%     -    0s
H    0     0                    3180.0000000    0.00000   100%     -    0s
     0     0    0.00000    0   15 3180.00000    0.00000   100%     -    0s
H    0     0                    3126.0000000    0.00000   100%     -    0s
     0     0    0.00000    0    6 3126.00000    0.00000   100%     -    0s
     0     0    0.00000    0    7 3126.00000    0.00000   100%     -    0s
     0     0    0.00000    0    7 3126.00000    0.00000   100%     -    0s
     0     0    0.00000    0    7 3126.00000    0.00000   100%     -    0s
     0     0    0.00000    0    7 3126.00000    0.00000   100%     -    0s
     0     0    0.00000    0    7 3126.00000    0.00000   100%     -    0s
H    0     0                    3075.0000000    0.00000   100%     -    0s
H    0     0                    2698.0000000    0.00000   100%     -    0s
     0     0    0.00000    0    7 2698.00000    0.00000   100%     -    0s
H    0     0                    2668.0000000    0.00000   100%     -    0s
     0     0    0.00000    0    7 2668.00000    0.00000   100%     -    0s
     0     0    0.00000    0    7 2668.00000    0.00000   100%     -    1s
     0     2    0.00000    0    7 2668.00000    0.00000   100%     -    1s
*  377   461              44    2455.0000000    0.00000   100%  34.8    1s
H  410   461                    2342.0000000    0.00000   100%  33.9    1s
*  453   461              46    1979.0000000    0.00000   100%  33.4    1s
H  811   852                    1977.0000000    0.00000   100%  30.9    1s
H 1248  1004                    1940.0000000    0.00000   100%  29.3    1s
* 1523  1195              42    1029.0000000    0.00000   100%  28.1    1s
H 2234  1229                     882.0000000    0.00000   100%  26.7    2s
H 2234  1152                     648.0000000    0.00000   100%  26.7    2s
H 2235  1152                     613.0000000    0.00000   100%  26.7    2s
H 2493  1092                     603.0000000    0.00000   100%  26.6    2s
H 3432  1455                     474.0000000    0.00000   100%  43.5    4s
H 3721  1459                     464.0000000    0.00000   100%  45.3    4s
H 3792  1385                     439.0000000    0.00000   100%  46.0    4s
H 3962  1241                     429.0000000    0.00000   100%  47.4    4s
  4115  1217     cutoff   55       429.00000    0.00000   100%  47.8    5s
* 5885  1145              71     422.0000000    0.00000   100%  59.8    6s
H 6623  1322                     412.0000000    0.00000   100%  62.0    6s
 12787  2200    0.00000   51   36  412.00000    0.00000   100%  77.4   10s
H16979  2606                     412.0000000    0.00000   100%  80.8   12s
H19275  2781                     411.9999999    0.00000   100%  83.2   13s
 21643  3210    0.00000   38   24  412.00000    0.00000   100%  85.5   15s
H26645  3855                     411.9999999    0.00000   100%  88.2   17s
 29186  4371  403.00000   55   22  412.00000    0.00000   100%  89.0   22s
 33916  5012 infeasible   55       412.00000    0.00000   100%  90.0   25s
 42485  5971    0.00000   53   32  412.00000    0.00000   100%  90.1   30s
 50729  6929 infeasible   52       412.00000    0.00000   100%  91.6   35s
 61133  7956    0.00000   55   18  412.00000    0.00000   100%  93.1   40s
H67378  8398                     411.9999998    0.00000   100%  93.3   43s
 69548  8591 infeasible   56       412.00000    0.00000   100%  93.2   45s
 79064  9176 infeasible   54       412.00000    0.00000   100%  94.6   50s
 87223  9726 infeasible   55       412.00000    0.00000   100%  95.0   55s
 96567 10475    0.00000   44    6  412.00000    0.00000   100%  95.5   60s
 106200 11159   86.91885   55   24  412.00000    0.00000   100%  95.6   65s
 115068 12141  402.00000   66   20  412.00000    0.00000   100%  95.7   70s
 126266 13681 infeasible   53       412.00000    0.00000   100%  94.9   75s
H128879 14256                     411.9999998    0.00000   100%  94.6   76s
 136190 15073    0.00000   55    6  412.00000    0.00000   100%  94.5   80s
 144865 15816 infeasible   54       412.00000    0.00000   100%  94.3   85s
 154279 16425    0.00000   54    4  412.00000    0.00000   100%  94.4   90s
 165433 18213     cutoff   47       412.00000    0.00000   100%  93.3   95s
 177324 20095 infeasible   53       412.00000    0.00000   100%  92.3  100s
 185834 21230    0.00000   54   13  412.00000    0.00000   100%  92.5  105s
 195349 21845    0.00000   55   22  412.00000    0.00000   100%  92.6  110s
 204528 22516    0.00000   55    3  412.00000    0.00000   100%  92.9  115s
 212268 22980 infeasible   55       412.00000    0.00000   100%  93.2  120s
H223296 23721                     411.9999998    0.00000   100%  92.9  124s
 224544 23810 infeasible   58       412.00000    0.00000   100%  92.9  125s
H227910 24038                     411.9999997    0.00000   100%  93.0  127s
H228956 24204                     411.9999997    0.00000   100%  93.0  128s
 231956 24423    0.00000   55   31  412.00000    0.00000   100%  93.2  130s
 243102 25413    0.00000   65    8  412.00000    0.00000   100%  93.3  135s
H249041 25743                     411.9999996    0.00000   100%  93.4  138s
 251923 25996 infeasible   63       412.00000    0.00000   100%  93.5  140s
 261366 26657 infeasible   45       412.00000    0.00000   100%  93.7  145s
*262794  7047              73     101.0000000    0.00000   100%  93.7  146s
 267274  7531    0.00000   45    7  101.00000    0.00000   100%  94.4  153s
 267584  7861    0.00000   60    8  101.00000    0.00000   100%  94.4  155s
 276718  6324 infeasible   76       101.00000    0.00000   100%  94.0  160s
 287282  3371    0.00000   66   44  101.00000    0.00000   100%  93.9  165s
 297516  2586    0.00000   70    9  101.00000    0.00000   100%  94.2  170s
 306808  2607    0.00000   70   17  101.00000    0.00000   100%  94.3  175s
 316539  2572    0.00000   70   34  101.00000    0.00000   100%  94.6  180s
 325456  2590    0.00000   70   13  101.00000    0.00000   100%  94.9  185s
 335383  2806 infeasible   71       101.00000    0.00000   100%  95.0  190s
H337330  2839                     101.0000000    0.00000   100%  95.1  191s
 345679  2838 infeasible   69       101.00000    0.00000   100%  95.2  195s
 355119  2909 infeasible   62       101.00000    0.00000   100%  95.1  200s
 365009  2999    0.00000   69   10  101.00000    0.00000   100%  95.0  205s
 376028  3029    0.00000   70   10  101.00000    0.00000   100%  95.0  210s
 385456  3154    0.00000   70   10  101.00000    0.00000   100%  94.9  215s
 395367  3292    0.00000   67   43  101.00000    0.00000   100%  95.0  220s
 404468  3205 infeasible   72       101.00000    0.00000   100%  95.1  228s
 413963  3298 infeasible   69       101.00000    0.00000   100%  95.2  230s
 422831  3259    0.00000   68   44  101.00000    0.00000   100%  95.4  235s
 432704  3192    0.00000   73   29  101.00000    0.00000   100%  95.4  240s
 442085  3102 infeasible   68       101.00000    0.00000   100%  95.5  245s
 452329  3156    0.00000   68   28  101.00000    0.00000   100%  95.4  250s
 461366  3300    0.00000   70   26  101.00000    0.00000   100%  95.6  255s
 470951  3412 infeasible   67       101.00000    0.00000   100%  95.7  260s
 480011  3317    0.00000   60   14  101.00000    0.00000   100%  95.8  265s
H482501  3306                     101.0000000    0.00000   100%  95.8  266s
H482612  3306                     100.9999794    0.00000   100%  95.8  266s
 489873  3242    0.00000   63   28  100.99998    0.00000   100%  95.9  270s
 499074  3138    0.00000   68   27  100.99998    0.00000   100%  96.1  275s
H500582  3161                     100.9999591    0.00000   100%  96.1  276s
 508583  3073 infeasible   71       100.99996    0.00000   100%  96.2  280s
 517298  2956    0.00000   65   37  100.99996    0.00000   100%  96.3  285s
 525279  2779    0.00000   66   31  100.99996    0.00000   100%  96.4  290s
 535631  2785 infeasible   70       100.99996    0.00000   100%  96.4  295s
 545182  2774    0.00000   68   38  100.99996    0.00000   100%  96.4  300s
 554617  2754 infeasible   70       100.99996    0.00000   100%  96.4  305s
 564092  2594 infeasible   70       100.99996    0.00000   100%  96.5  310s
 574836  2602 infeasible   60       100.99996    0.00000   100%  96.4  315s
 583996  2636    0.00000   72   11  100.99996    0.00000   100%  96.4  320s
 594055  2732    0.00000   75   30  100.99996    0.00000   100%  96.3  325s
 606174  2720    0.00000   66   44  100.99996    0.00000   100%  96.0  330s
 616257  2637 infeasible   74       100.99996    0.00000   100%  95.8  335s
 627350  2739    0.00000   60   15  100.99996    0.00000   100%  95.7  340s
 636626  3121    0.00000   67   37  100.99996    0.00000   100%  95.8  345s
 645811  3259    0.00000   60    6  100.99996    0.00000   100%  95.9  350s
 655148  3400 infeasible   65       100.99996    0.00000   100%  96.1  355s
 663470  3746 infeasible   79       100.99996    0.00000   100%  96.2  360s
 673311  3958    0.00000   60    6  100.99996    0.00000   100%  96.4  365s
 681484  4160 infeasible   69       100.99996    0.00000   100%  96.6  370s
H687112  4244                      93.0000000    0.00000   100%  96.7  372s
 690236  4195    0.00000   64   29   93.00000    0.00000   100%  96.9  375s
 698769  4170    0.00000   67   23   93.00000    0.00000   100%  97.1  380s
 706592  4099    0.00000   61   29   93.00000    0.00000   100%  97.3  385s
 716128  4283    0.00000   70   32   93.00000    0.00000   100%  97.4  390s
 724438  4317    0.00000   66   31   93.00000    0.00000   100%  97.5  395s
 733830  4269 infeasible   70        93.00000    0.00000   100%  97.6  400s
 743584  4203 infeasible   71        93.00000    0.00000   100%  97.6  405s
 753242  4123    0.00000   79   28   93.00000    0.00000   100%  97.6  410s
 762776  4102 infeasible   63        93.00000    0.00000   100%  97.6  415s
 771961  4066 infeasible   58        93.00000    0.00000   100%  97.7  420s
 780926  4005    0.00000   79    4   93.00000    0.00000   100%  97.8  425s
H788649  4101                      93.0000000    0.00000   100%  97.8  429s
 789455  4204 infeasible   69        93.00000    0.00000   100%  97.8  430s
 800738  4383    0.00000   59    4   93.00000    0.00000   100%  97.8  435s
 810754  4606 infeasible   60        93.00000    0.00000   100%  97.7  440s
 821279  4687    0.00000   67   31   93.00000    0.00000   100%  97.5  445s
H822450  4687                      93.0000000    0.00000   100%  97.5  445s
H828833  4716                      93.0000000    0.00000   100%  97.4  448s
 833260  4785    0.00000   60   19   93.00000    0.00000   100%  97.3  450s
 842062  4847    0.00000   66   34   93.00000    0.00000   100%  97.2  455s
 854435  4833    0.00000   64   41   93.00000    0.00000   100%  97.0  460s
 864630  4764    0.00000   60   12   93.00000    0.00000   100%  96.9  465s
 877882  4667    0.00000   61   29   93.00000    0.00000   100%  96.6  470s
 889337  4684 infeasible   66        93.00000    0.00000   100%  96.4  475s
H890541  4661                      93.0000000    0.00000   100%  96.4  475s
 898092  4617    0.00000   60    8   93.00000    0.00000   100%  96.3  480s
 909884  4758    0.00000   59    4   93.00000    0.00000   100%  96.1  485s
 923021  4743 infeasible   64        93.00000    0.00000   100%  95.9  490s
 935874  4630    0.00000   63   18   93.00000    0.00000   100%  95.6  495s
 945984  4610 infeasible   67        93.00000    0.00000   100%  95.5  500s
 956824  4537    0.00000   67   39   93.00000    0.00000   100%  95.4  505s
 967158  4496 infeasible   66        93.00000    0.00000   100%  95.3  510s
 979771  4447 infeasible   70        93.00000    0.00000   100%  95.2  515s
H983260  4428                      93.0000000    0.00000   100%  95.1  516s
H984918  4421                      92.9999999    0.00000   100%  95.1  517s
 989950  4363    0.00000   62   25   93.00000    0.00000   100%  95.1  520s
 999049  4380    0.00000   65   20   93.00000    0.00000   100%  95.1  525s
 1009170  4421    0.00000   60    6   93.00000    0.00000   100%  95.0  530s
 1019103  4395 infeasible   70        93.00000    0.00000   100%  95.0  535s
 1028835  4304 infeasible   70        93.00000    0.00000   100%  95.1  540s
 1037814  4342    0.00000   66   33   93.00000    0.00000   100%  95.1  545s
 1047303  4397    0.00000   59    9   93.00000    0.00000   100%  95.2  550s
 1051306  4259 infeasible   70        93.00000    0.00000   100%  95.2  556s
 1063720  4323    0.00000   69   12   93.00000    0.00000   100%  95.3  560s
 1072860  4227 infeasible   69        93.00000    0.00000   100%  95.3  565s
 1081678  4341    0.00000   62   32   93.00000    0.00000   100%  95.3  570s
 1091848  4468    0.00000   59    4   93.00000    0.00000   100%  95.2  575s
 1102090  4599 infeasible   60        93.00000    0.00000   100%  95.1  580s
 1111660  4830 infeasible   67        93.00000    0.00000   100%  95.1  585s
 1121862  4775 infeasible   68        93.00000    0.00000   100%  95.0  590s
 1132002  4695 infeasible   67        93.00000    0.00000   100%  95.0  595s
 1142369  4644 infeasible   62        93.00000    0.00000   100%  94.8  600s
H1152230  4707                      92.9999999    0.00000   100%  94.7  604s
 1152360  4712    0.00000   70   20   93.00000    0.00000   100%  94.8  605s
 1162246  4640 infeasible   64        93.00000    0.00000   100%  94.7  610s
 1172595  4595    0.00000   63   38   93.00000    0.00000   100%  94.6  615s
 1182849  4522    0.00000   61   28   93.00000    0.00000   100%  94.5  620s
 1191885  4545 infeasible   65        93.00000    0.00000   100%  94.4  625s
 1203575  5080    0.00000   70    9   93.00000    0.00000   100%  94.3  630s
 1212462  5493 infeasible   69        93.00000    0.00000   100%  94.3  635s
 1219415  5560    0.00000   65   35   93.00000    0.00000   100%  94.3  642s
 1231122  5636 infeasible   75        93.00000    0.00000   100%  94.3  645s
H1232653  5678                      92.9999999    0.00000   100%  94.3  645s
 1241272  5735    0.00000   60   20   93.00000    0.00000   100%  94.2  650s
 1250359  5783    0.00000   70   14   93.00000    0.00000   100%  94.2  655s
 1261381  5889    0.00000   72   27   93.00000    0.00000   100%  94.1  660s
 1271209  5866    0.00000   70   18   93.00000    0.00000   100%  94.1  665s
 1279336  5851 infeasible   70        93.00000    0.00000   100%  94.1  670s
 1289568  5749 infeasible   70        93.00000    0.00000   100%  94.0  675s
 1298587  5903 infeasible   66        93.00000    0.00000   100%  94.0  680s
 1308149  5996    0.00000   70   29   93.00000    0.00000   100%  94.0  685s
 1318644  6325    0.00000   68   28   93.00000    0.00000   100%  93.9  690s
 1327725  6466    0.00000   67   33   93.00000    0.00000   100%  93.8  695s
 1335956  6579 infeasible   69        93.00000    0.00000   100%  93.8  700s
H1344709  6600                      92.9999999    0.00000   100%  93.8  704s
 1345757  6628 infeasible   68        93.00000    0.00000   100%  93.8  705s
 1353752  6593    0.00000   60   11   93.00000    0.00000   100%  93.8  710s
 1363171  6496 infeasible   72        93.00000    0.00000   100%  93.8  715s
 1371937  6436 infeasible   70        93.00000    0.00000   100%  93.8  720s
 1380661  6410 infeasible   68        93.00000    0.00000   100%  93.8  725s
 1391124  6407    0.00000   67   40   93.00000    0.00000   100%  93.8  730s
 1400956  6451 infeasible   59        93.00000    0.00000   100%  93.7  735s
 1410664  6446 infeasible   69        93.00000    0.00000   100%  93.7  740s
 1420485  6381    0.00000   71   20   93.00000    0.00000   100%  93.7  745s
 1430426  6270 infeasible   70        93.00000    0.00000   100%  93.6  750s
 1438665  6256 infeasible   70        93.00000    0.00000   100%  93.6  755s
 1447921  6253 infeasible   67        93.00000    0.00000   100%  93.6  760s
 1457306  6264    0.00000   70   29   93.00000    0.00000   100%  93.6  765s
 1467270  6369    0.00000   65   24   93.00000    0.00000   100%  93.5  770s
 1477689  6433    0.00000   65   25   93.00000    0.00000   100%  93.5  775s
H1477704  6433                      92.9999999    0.00000   100%  93.5  775s
 1487283  6428    0.00000   65   47   93.00000    0.00000   100%  93.4  780s
H1490469  6451                      92.9999999    0.00000   100%  93.5  781s
H1491006  6455                      92.9999999    0.00000   100%  93.5  782s
 1495313  6463 infeasible   70        93.00000    0.00000   100%  93.5  785s
H1497491  6456                      92.9999999    0.00000   100%  93.5  786s
H1498397  6476                      92.9999999    0.00000   100%  93.5  787s
H1500749  6457                      92.9999999    0.00000   100%  93.5  788s
 1504127  6426    0.00000   73   32   93.00000    0.00000   100%  93.5  790s
 1512464  6392 infeasible   60        93.00000    0.00000   100%  93.5  795s
 1522150  6396    0.00000   79    4   93.00000    0.00000   100%  93.6  800s
 1531159  6292    0.00000   63   21   93.00000    0.00000   100%  93.6  805s
 1540819  6240 infeasible   69        93.00000    0.00000   100%  93.6  810s
 1549898  6192 infeasible   68        93.00000    0.00000   100%  93.6  815s
 1559431  6100 infeasible   69        93.00000    0.00000   100%  93.6  820s
 1569015  6098 infeasible   70        93.00000    0.00000   100%  93.6  825s
 1578323  6011    0.00000   70   12   93.00000    0.00000   100%  93.5  830s
 1588992  5996    0.00000   63   28   93.00000    0.00000   100%  93.5  835s
 1597371  6067 infeasible   70        93.00000    0.00000   100%  93.5  840s
 1605922  6063 infeasible   69        93.00000    0.00000   100%  93.5  845s
 1615279  6044 infeasible   74        93.00000    0.00000   100%  93.6  850s
 1622734  6107 infeasible   70        93.00000    0.00000   100%  93.7  855s
 1631021  6057 infeasible   70        93.00000    0.00000   100%  93.7  860s
 1638797  5972    0.00000   70    9   93.00000    0.00000   100%  93.8  865s
 1647785  5928    0.00000   68   25   93.00000    0.00000   100%  93.9  870s
 1655646  5834    0.00000   71   30   93.00000    0.00000   100%  93.9  875s
 1665038  6070 infeasible   81        93.00000    0.00000   100%  94.0  880s
 1673396  6218    0.00000   60   26   93.00000    0.00000   100%  93.9  885s
 1684077  6233 infeasible   72        93.00000    0.00000   100%  93.9  890s
 1693314  6192    0.00000   73   30   93.00000    0.00000   100%  93.9  895s
H1695118  6172                      92.9999798    0.00000   100%  93.9  895s
 1701554  6198 infeasible   69        92.99998    0.00000   100%  93.9  900s
 1710745  6275    0.00000   63   31   92.99998    0.00000   100%  93.9  905s
 1720807  6284 infeasible   60        92.99998    0.00000   100%  93.8  910s
 1730102  6407 infeasible   77        92.99998    0.00000   100%  93.8  915s
 1739826  6450    0.00000   69    7   92.99998    0.00000   100%  93.8  920s
 1749875  6425    0.00000   72   26   92.99998    0.00000   100%  93.8  926s
 1759898  6388 infeasible   70        92.99998    0.00000   100%  93.8  930s
 1769028  6393 infeasible   70        92.99998    0.00000   100%  93.8  935s
 1778206  6476    0.00000   70   20   92.99998    0.00000   100%  93.8  940s
 1788344  6627 infeasible   73        92.99998    0.00000   100%  93.8  945s
 1797665  6606 infeasible   72        92.99998    0.00000   100%  93.7  950s
 1806163  6579 infeasible   65        92.99998    0.00000   100%  93.7  955s
 1816358  6643 infeasible   71        92.99998    0.00000   100%  93.8  960s
 1824629  6643    0.00000   60   14   92.99998    0.00000   100%  93.8  965s
 1833720  6894    0.00000   63   29   92.99998    0.00000   100%  93.8  970s
 1841448  7061    0.00000   70   16   92.99998    0.00000   100%  93.9  975s
 1849430  7095    0.00000   70   25   92.99998    0.00000   100%  93.9  980s
 1857036  7015    0.00000   65   46   92.99998    0.00000   100%  94.0  985s
 1865459  6917    0.00000   70   11   92.99998    0.00000   100%  94.1  990s
 1873180  6803    0.00000   70   18   92.99998    0.00000   100%  94.2  995s
 1880485  6746 infeasible   71        92.99998    0.00000   100%  94.3 1000s
 1888602  6711    0.00000   70    6   92.99998    0.00000   100%  94.3 1006s
H1894639  6749                      92.9999243    0.00000   100%  94.4 1008s
 1896451  6723 infeasible   70        92.99992    0.00000   100%  94.4 1010s
 1905876  6701 infeasible   69        92.99992    0.00000   100%  94.4 1015s
 1913584  6643    0.00000   57   42   92.99992    0.00000   100%  94.5 1020s
 1920212  6705 infeasible   63        92.99992    0.00000   100%  94.5 1028s
 1930389  6751    0.00000   69   27   92.99992    0.00000   100%  94.5 1030s
 1938178  7011    0.00000   70    9   92.99992    0.00000   100%  94.6 1035s
 1946228  7152 infeasible   61        92.99992    0.00000   100%  94.6 1040s
 1954544  7247    0.00000   70   17   92.99992    0.00000   100%  94.7 1045s
 1963388  7276    0.00000   63   31   92.99992    0.00000   100%  94.7 1050s
 1971289  7346    0.00000   64   24   92.99992    0.00000   100%  94.8 1055s
 1979153  7280 infeasible   70        92.99992    0.00000   100%  94.8 1060s
 1987773  7235 infeasible   69        92.99992    0.00000   100%  94.9 1065s
 1997541  7257 infeasible   72        92.99992    0.00000   100%  94.9 1070s
 2005814  7228 infeasible   80        92.99992    0.00000   100%  94.9 1075s
 2015986  7162    0.00000   71   36   92.99992    0.00000   100%  94.9 1080s
 2025430  7164    0.00000   59   16   92.99992    0.00000   100%  94.9 1085s
 2034307  7102 infeasible   69        92.99992    0.00000   100%  94.9 1090s
 2044977  7030 infeasible   70        92.99992    0.00000   100%  94.9 1095s
 2053924  6954 infeasible   58        92.99992    0.00000   100%  94.9 1100s
 2061468  7017 infeasible   67        92.99992    0.00000   100%  95.0 1105s
 2072063  7056    0.00000   60   23   92.99992    0.00000   100%  94.9 1110s
 2082561  7568    0.00000   60   25   92.99992    0.00000   100%  94.9 1115s
 2091393  7756 infeasible   60        92.99992    0.00000   100%  94.9 1120s
 2102725  7944 infeasible   69        92.99992    0.00000   100%  94.8 1125s
 2113152  8139    0.00000   69   19   92.99992    0.00000   100%  94.7 1130s
 2116900  8176 infeasible   72        92.99992    0.00000   100%  94.7 1135s
 2133050  8160 infeasible   60        92.99992    0.00000   100%  94.7 1140s
 2142284  8191 infeasible   73        92.99992    0.00000   100%  94.7 1145s
 2152336  8115    0.00000   76   50   92.99992    0.00000   100%  94.6 1150s
 2162823  8025    0.00000   66   28   92.99992    0.00000   100%  94.6 1155s
 2165655  7867    0.00000   71   12   92.99992    0.00000   100%  94.6 1160s
 2180901  8030    0.00000   60   17   92.99992    0.00000   100%  94.6 1165s
 2191406  8011 infeasible   66        92.99992    0.00000   100%  94.5 1170s
 2199722  7900    0.00000   69   21   92.99992    0.00000   100%  94.5 1175s
 2211414  7974    0.00000   64   27   92.99992    0.00000   100%  94.5 1180s
 2220474  7985 infeasible   69        92.99992    0.00000   100%  94.5 1185s
 2230216  7989    0.00000   69   25   92.99992    0.00000   100%  94.5 1190s
 2239717  7964 infeasible   69        92.99992    0.00000   100%  94.5 1195s
 2249264  7804    0.00000   58   36   92.99992    0.00000   100%  94.5 1200s
 2257982  7739    0.00000   71   20   92.99992    0.00000   100%  94.5 1205s
 2266498  7680 infeasible   76        92.99992    0.00000   100%  94.5 1210s
 2277191  7663    0.00000   60    8   92.99992    0.00000   100%  94.5 1215s
 2287156  7733 infeasible   61        92.99992    0.00000   100%  94.5 1220s
 2296678  7732 infeasible   76        92.99992    0.00000   100%  94.5 1225s
 2306665  7691 infeasible   72        92.99992    0.00000   100%  94.5 1230s
 2315893  7700 infeasible   69        92.99992    0.00000   100%  94.5 1235s
 2323678  7745    0.00000   80   42   92.99992    0.00000   100%  94.5 1240s
 2331919  7883 infeasible   60        92.99992    0.00000   100%  94.5 1245s
 2340078  7962    0.00000   76   29   92.99992    0.00000   100%  94.6 1250s
 2349478  8285 infeasible   70        92.99992    0.00000   100%  94.6 1255s
 2358184  8419 infeasible   65        92.99992    0.00000   100%  94.7 1260s
 2365266  8409 infeasible   66        92.99992    0.00000   100%  94.7 1265s
 2374462  8479    0.00000   60   23   92.99992    0.00000   100%  94.7 1270s
 2382884  8464 infeasible   70        92.99992    0.00000   100%  94.8 1275s
 2390316  8461 infeasible   68        92.99992    0.00000   100%  94.8 1280s
 2399465  8351    0.00000   60   10   92.99992    0.00000   100%  94.9 1285s
 2407731  8312    0.00000   63   21   92.99992    0.00000   100%  94.9 1290s
 2415170  8277 infeasible   60        92.99992    0.00000   100%  95.0 1295s
 2420701  8243 infeasible   72        92.99992    0.00000   100%  95.0 1301s
 2430950  8360 infeasible   70        92.99992    0.00000   100%  95.1 1305s
 2438714  8464 infeasible   69        92.99992    0.00000   100%  95.2 1310s
 2445569  8512    0.00000   70   10   92.99992    0.00000   100%  95.3 1315s
 2452711  8505 infeasible   70        92.99992    0.00000   100%  95.4 1320s
 2459983  8421 infeasible   66        92.99992    0.00000   100%  95.4 1325s
 2466764  8334 infeasible   76        92.99992    0.00000   100%  95.5 1330s
 2474768  8307 infeasible   60        92.99992    0.00000   100%  95.6 1335s
 2482846  8225 infeasible   68        92.99992    0.00000   100%  95.7 1340s
 2490265  8127 infeasible   70        92.99992    0.00000   100%  95.7 1345s
 2498655  8251    0.00000   49    3   92.99992    0.00000   100%  95.8 1350s
 2506831  8441 infeasible   70        92.99992    0.00000   100%  95.8 1355s
 2515920  8499 infeasible   71        92.99992    0.00000   100%  95.9 1360s
 2519852  8441 infeasible   67        92.99992    0.00000   100%  95.9 1365s
 2531252  8484 infeasible   70        92.99992    0.00000   100%  96.0 1370s
 2539031  8530    0.00000   68   42   92.99992    0.00000   100%  96.0 1375s
 2546976  8526 infeasible   61        92.99992    0.00000   100%  96.1 1380s
 2554139  8469    0.00000   69   13   92.99992    0.00000   100%  96.2 1385s
 2563163  8380 infeasible   79        92.99992    0.00000   100%  96.2 1390s
 2571284  8336    0.00000   70   18   92.99992    0.00000   100%  96.3 1395s
 2579927  8307    0.00000   60   10   92.99992    0.00000   100%  96.3 1400s
 2587747  8431 infeasible   66        92.99992    0.00000   100%  96.4 1405s
 2595381  8299    0.00000   65   29   92.99992    0.00000   100%  96.4 1410s
 2603079  8336    0.00000   70    7   92.99992    0.00000   100%  96.5 1415s
 2611419  8307 infeasible   69        92.99992    0.00000   100%  96.5 1420s
 2618709  8191 infeasible   63        92.99992    0.00000   100%  96.6 1425s
 2626845  8099 infeasible   71        92.99992    0.00000   100%  96.6 1430s
 2634899  7925 infeasible   73        92.99992    0.00000   100%  96.7 1435s
 2642405  7892 infeasible   69        92.99992    0.00000   100%  96.7 1440s
 2651444  7780    0.00000   71   29   92.99992    0.00000   100%  96.8 1445s
 2653068  7552 infeasible   68        92.99992    0.00000   100%  96.8 1451s
 2665987  7758 infeasible   69        92.99992    0.00000   100%  96.9 1455s
 2674441  8011    0.00000   60   29   92.99992    0.00000   100%  96.9 1460s
 2683262  8269    0.00000   69    1   92.99992    0.00000   100%  96.9 1465s
 2692651  8376    0.00000   64   34   92.99992    0.00000   100%  96.9 1470s
 2701507  8567 infeasible   75        92.99992    0.00000   100%  96.9 1475s
 2709945  8610    0.00000   67   49   92.99992    0.00000   100%  97.0 1480s
 2717501  8584    0.00000   64   32   92.99992    0.00000   100%  97.0 1485s
 2726549  8471 infeasible   65        92.99992    0.00000   100%  97.0 1490s
 2734350  8447 infeasible   60        92.99992    0.00000   100%  97.1 1495s
 2743732  8468    0.00000   69    6   92.99992    0.00000   100%  97.1 1500s
 2749117  8302 infeasible   70        92.99992    0.00000   100%  97.1 1506s
 2759999  8376    0.00000   69   23   92.99992    0.00000   100%  97.1 1510s
 2769396  8390    0.00000   65   25   92.99992    0.00000   100%  97.1 1515s
 2778411  8459 infeasible   70        92.99992    0.00000   100%  97.1 1520s
 2787032  8336 infeasible   70        92.99992    0.00000   100%  97.1 1525s
 2797020  8228    0.00000   61   16   92.99992    0.00000   100%  97.1 1530s
 2805530  8212    0.00000   63   26   92.99992    0.00000   100%  97.1 1535s
 2814582  8259    0.00000   72   41   92.99992    0.00000   100%  97.1 1540s
 2826178  8126    0.00000   65   22   92.99992    0.00000   100%  97.0 1545s
 2835108  8057    0.00000   59   10   92.99992    0.00000   100%  97.0 1550s
 2845130  8134 infeasible   69        92.99992    0.00000   100%  97.0 1555s
 2855665  8138 infeasible   78        92.99992    0.00000   100%  97.0 1560s
 2864932  8047 infeasible   68        92.99992    0.00000   100%  96.9 1565s
 2874846  8017 infeasible   69        92.99992    0.00000   100%  96.9 1570s
 2884228  7957 infeasible   69        92.99992    0.00000   100%  96.9 1575s
 2893530  8071    0.00000   68   32   92.99992    0.00000   100%  96.9 1580s
 2902523  8184 infeasible   70        92.99992    0.00000   100%  96.9 1585s
 2911149  8268    0.00000   65   30   92.99992    0.00000   100%  96.9 1590s
 2921331  8413 infeasible   67        92.99992    0.00000   100%  96.9 1595s
 2930172  8423    0.00000   60   29   92.99992    0.00000   100%  96.9 1600s
 2938430  8511 infeasible   68        92.99992    0.00000   100%  96.9 1605s
 2948356  8489 infeasible   70        92.99992    0.00000   100%  96.9 1610s
 2959420  8382    0.00000   70   14   92.99992    0.00000   100%  96.9 1615s
 2968839  8354 infeasible   65        92.99992    0.00000   100%  96.8 1620s
 2977728  8155    0.00000   57   19   92.99992    0.00000   100%  96.8 1625s
 2988091  8080    0.00000   61   11   92.99992    0.00000   100%  96.8 1630s
 2997598  8066    0.00000   65   34   92.99992    0.00000   100%  96.8 1635s
 3006683  7897    0.00000   59   14   92.99992    0.00000   100%  96.8 1640s
 3017218  7847 infeasible   68        92.99992    0.00000   100%  96.8 1645s
 3026243  7808    0.00000   70   19   92.99992    0.00000   100%  96.8 1650s
 3034908  8070    0.00000   62   18   92.99992    0.00000   100%  96.8 1655s
 3044303  8085 infeasible   63        92.99992    0.00000   100%  96.8 1660s
 3053462  8138 infeasible   65        92.99992    0.00000   100%  96.8 1665s
 3062615  8088 infeasible   69        92.99992    0.00000   100%  96.8 1670s
 3071304  8043 infeasible   69        92.99992    0.00000   100%  96.8 1675s
 3079520  7921    0.00000   67   30   92.99992    0.00000   100%  96.8 1680s
 3087691  7874    0.00000   69   19   92.99992    0.00000   100%  96.8 1685s
 3097581  7764 infeasible   68        92.99992    0.00000   100%  96.8 1690s
 3106832  7693 infeasible   67        92.99992    0.00000   100%  96.8 1695s
 3114530  7701    0.00000   67   24   92.99992    0.00000   100%  96.8 1700s
 3122840  7831 infeasible   68        92.99992    0.00000   100%  96.9 1705s
 3132511  7844 infeasible   60        92.99992    0.00000   100%  96.9 1710s
 3141225  7729    0.00000   66   29   92.99992    0.00000   100%  96.9 1715s
 3150437  7682 infeasible   69        92.99992    0.00000   100%  96.9 1720s
 3158347  7483    0.00000   68   31   92.99992    0.00000   100%  96.9 1725s
 3167023  7568    0.00000   66   33   92.99992    0.00000   100%  96.9 1730s
 3174902  7691    0.00000   70   38   92.99992    0.00000   100%  97.0 1735s
 3184023  7763 infeasible   79        92.99992    0.00000   100%  97.0 1740s
 3191231  7663    0.00000   66   36   92.99992    0.00000   100%  97.0 1745s
 3199328  7581    0.00000   70   20   92.99992    0.00000   100%  97.1 1750s
 3207337  7485 infeasible   70        92.99992    0.00000   100%  97.1 1755s
 3216202  7582    0.00000   68   44   92.99992    0.00000   100%  97.1 1760s
 3223643  7700    0.00000   68   33   92.99992    0.00000   100%  97.1 1765s
 3232722  7863    0.00000   67   22   92.99992    0.00000   100%  97.2 1770s
 3240173  8323    0.00000   54   46   92.99992    0.00000   100%  97.2 1775s
 3250674  8630 infeasible   69        92.99992    0.00000   100%  97.2 1780s
 3261009  8779 infeasible   70        92.99992    0.00000   100%  97.2 1785s
 3270820  8900    0.00000   70   29   92.99992    0.00000   100%  97.2 1790s
 3280904  8914 infeasible   70        92.99992    0.00000   100%  97.2 1795s
 3289774  8737    0.00000   73   23   92.99992    0.00000   100%  97.2 1800s
 3299269  8773 infeasible   76        92.99992    0.00000   100%  97.2 1805s
 3307755  8839 infeasible   80        92.99992    0.00000   100%  97.2 1810s
 3317282  9040    0.00000   67   30   92.99992    0.00000   100%  97.2 1815s
 3326134  9104    0.00000   70   31   92.99992    0.00000   100%  97.2 1820s
 3335561  9128    0.00000   68   15   92.99992    0.00000   100%  97.2 1825s
 3344350  9174    0.00000   69    9   92.99992    0.00000   100%  97.2 1830s
 3352573  9213    0.00000   61   30   92.99992    0.00000   100%  97.2 1835s
 3362428  9194 infeasible   73        92.99992    0.00000   100%  97.3 1840s
 3371449  9217 infeasible   70        92.99992    0.00000   100%  97.3 1845s
 3379549  9193    0.00000   72   20   92.99992    0.00000   100%  97.3 1850s
 3388336  9151 infeasible   68        92.99992    0.00000   100%  97.3 1855s
 3394015  9098 infeasible   68        92.99992    0.00000   100%  97.3 1860s
 3405206  9122 infeasible   70        92.99992    0.00000   100%  97.4 1865s
 3414535  9154 infeasible   69        92.99992    0.00000   100%  97.4 1870s
 3423535  9145    0.00000   75   34   92.99992    0.00000   100%  97.4 1875s
 3432774  9111    0.00000   67   33   92.99992    0.00000   100%  97.4 1880s
 3442412  9149 infeasible   76        92.99992    0.00000   100%  97.4 1885s
 3451173  9172 infeasible   70        92.99992    0.00000   100%  97.4 1890s
 3460579  9293    0.00000   78   12   92.99992    0.00000   100%  97.4 1895s
 3469589  9242    0.00000   68   34   92.99992    0.00000   100%  97.4 1900s
 3480451  9186 infeasible   66        92.99992    0.00000   100%  97.4 1905s
 3488475  9076 infeasible   77        92.99992    0.00000   100%  97.4 1910s
 3495257  9077    0.00000   70   28   92.99992    0.00000   100%  97.4 1916s
 3505921  9095 infeasible   72        92.99992    0.00000   100%  97.4 1920s
 3514318  9012 infeasible   68        92.99992    0.00000   100%  97.4 1925s
 3524231  9041 infeasible   69        92.99992    0.00000   100%  97.4 1930s
 3534457  9271    0.00000   73   32   92.99992    0.00000   100%  97.4 1935s
 3542861  9283 infeasible   70        92.99992    0.00000   100%  97.4 1940s
 3553351  9321 infeasible   70        92.99992    0.00000   100%  97.4 1945s
 3562444  9318 infeasible   78        92.99992    0.00000   100%  97.4 1950s
 3571680  9336 infeasible   70        92.99992    0.00000   100%  97.4 1955s
 3581736  9214    0.00000   68   37   92.99992    0.00000   100%  97.4 1960s
 3591237  9217 infeasible   69        92.99992    0.00000   100%  97.4 1965s
 3599684  9291 infeasible   70        92.99992    0.00000   100%  97.4 1970s
 3609191  9461    0.00000   65   37   92.99992    0.00000   100%  97.4 1975s
 3619896  9642 infeasible   70        92.99992    0.00000   100%  97.4 1980s
 3628346  9598 infeasible   69        92.99992    0.00000   100%  97.4 1985s
 3637975  9691    0.00000   74   27   92.99992    0.00000   100%  97.4 1990s
 3647863  9823 infeasible   64        92.99992    0.00000   100%  97.3 1995s
 3657926  9896 infeasible   68        92.99992    0.00000   100%  97.3 2000s
 3666545 10042    0.00000   68   44   92.99992    0.00000   100%  97.3 2005s
 3676395 10133 infeasible   66        92.99992    0.00000   100%  97.3 2010s
 3686768 10212    0.00000   69   10   92.99992    0.00000   100%  97.3 2015s
 3694528 10238    0.00000   70   21   92.99992    0.00000   100%  97.3 2020s
 3704203 10323 infeasible   70        92.99992    0.00000   100%  97.3 2025s
 3713111 10484    0.00000   66   45   92.99992    0.00000   100%  97.4 2030s
 3721263 10649 infeasible   71        92.99992    0.00000   100%  97.4 2035s
 3731990 10838 infeasible   69        92.99992    0.00000   100%  97.4 2040s
 3740118 10905 infeasible   78        92.99992    0.00000   100%  97.4 2045s
 3749140 10895 infeasible   70        92.99992    0.00000   100%  97.4 2050s
 3759407 10872 infeasible   68        92.99992    0.00000   100%  97.4 2055s
 3767618 10791    0.00000   74   25   92.99992    0.00000   100%  97.4 2060s
 3777094 10734    0.00000   68   48   92.99992    0.00000   100%  97.4 2065s
 3785848 10725 infeasible   69        92.99992    0.00000   100%  97.4 2070s
 3795290 10926    0.00000   63   48   92.99992    0.00000   100%  97.4 2075s
 3803635 11052    0.00000   69    5   92.99992    0.00000   100%  97.4 2080s
 3814001 11029    0.00000   64   47   92.99992    0.00000   100%  97.4 2085s
 3818994 10960    0.00000   61   34   92.99992    0.00000   100%  97.4 2090s
 3830897 11260    0.00000   74   27   92.99992    0.00000   100%  97.4 2095s
 3840926 11487    0.00000   68   26   92.99992    0.00000   100%  97.4 2100s
 3851279 11675 infeasible   76        92.99992    0.00000   100%  97.3 2105s
 3860800 11641    0.00000   75   24   92.99992    0.00000   100%  97.3 2110s
 3872303 11519 infeasible   78        92.99992    0.00000   100%  97.3 2115s
 3881102 11426 infeasible   73        92.99992    0.00000   100%  97.3 2120s
 3890535 11367 infeasible   69        92.99992    0.00000   100%  97.3 2125s
 3900763 11344    0.00000   79    9   92.99992    0.00000   100%  97.3 2130s
 3909966 11244 infeasible   70        92.99992    0.00000   100%  97.3 2135s
 3919412 11137    0.00000   69    7   92.99992    0.00000   100%  97.3 2140s
 3929202 11125    0.00000   75   23   92.99992    0.00000   100%  97.3 2145s
 3938179 11119 infeasible   83        92.99992    0.00000   100%  97.2 2150s
 3947507 11247    0.00000   80   10   92.99992    0.00000   100%  97.2 2155s
 3956973 11296    0.00000   73   25   92.99992    0.00000   100%  97.3 2160s
 3965899 11279    0.00000   65   31   92.99992    0.00000   100%  97.2 2165s
 3975349 11333    0.00000   72   25   92.99992    0.00000   100%  97.2 2170s
 3983959 11286 infeasible   73        92.99992    0.00000   100%  97.2 2175s
 3991469 11159    0.00000   76   25   92.99992    0.00000   100%  97.2 2180s
 4002498 11106 infeasible   70        92.99992    0.00000   100%  97.3 2185s
 4010620 11172    0.00000   68   47   92.99992    0.00000   100%  97.3 2190s
 4018788 11113    0.00000   66   47   92.99992    0.00000   100%  97.3 2195s
 4027990 11044 infeasible   70        92.99992    0.00000   100%  97.3 2200s
 4035572 11089 infeasible   72        92.99992    0.00000   100%  97.3 2205s
 4042884 11066    0.00000   71   22   92.99992    0.00000   100%  97.4 2210s
 4052600 11065    0.00000   69    4   92.99992    0.00000   100%  97.4 2215s
 4060618 11071    0.00000   73   36   92.99992    0.00000   100%  97.4 2220s
 4067718 11087 infeasible   67        92.99992    0.00000   100%  97.4 2225s
 4077083 10971 infeasible   73        92.99992    0.00000   100%  97.4 2230s
 4085690 10897    0.00000   68   39   92.99992    0.00000   100%  97.5 2235s
 4093730 10839    0.00000   59    7   92.99992    0.00000   100%  97.5 2240s
 4103035 10902 infeasible   69        92.99992    0.00000   100%  97.5 2245s
 4111647 10889    0.00000   70   18   92.99992    0.00000   100%  97.5 2250s
 4120879 10853    0.00000   76   35   92.99992    0.00000   100%  97.5 2255s
 4129399 10825 infeasible   69        92.99992    0.00000   100%  97.5 2260s
 4138404 10742    0.00000   70   27   92.99992    0.00000   100%  97.5 2265s
 4148162 10704 infeasible   71        92.99992    0.00000   100%  97.5 2270s
 4158307 10898 infeasible   68        92.99992    0.00000   100%  97.5 2275s
 4166955 11077 infeasible   73        92.99992    0.00000   100%  97.5 2280s
 4178433 11506    0.00000   68   32   92.99992    0.00000   100%  97.4 2285s
 4187239 11664    0.00000   64   45   92.99992    0.00000   100%  97.4 2290s
 4196773 11625    0.00000   69   13   92.99992    0.00000   100%  97.4 2295s
 4206328 11628    0.00000   72   22   92.99992    0.00000   100%  97.4 2300s
 4215922 11681    0.00000   70    7   92.99992    0.00000   100%  97.4 2305s
 4224354 11775    0.00000   67   44   92.99992    0.00000   100%  97.4 2310s
 4231666 11754 infeasible   70        92.99992    0.00000   100%  97.4 2315s
 4242834 11770    0.00000   69    5   92.99992    0.00000   100%  97.4 2320s
 4251957 11705    0.00000   68   46   92.99992    0.00000   100%  97.4 2325s
 4261479 11575 infeasible   69        92.99992    0.00000   100%  97.4 2330s
 4270338 11433    0.00000   60    6   92.99992    0.00000   100%  97.4 2335s
 4280900 11456    0.00000   60   17   92.99992    0.00000   100%  97.4 2340s
 4289779 11377 infeasible   69        92.99992    0.00000   100%  97.4 2345s
 4298375 11370 infeasible   70        92.99992    0.00000   100%  97.3 2350s
 4309212 11312    0.00000   65   20   92.99992    0.00000   100%  97.3 2355s
 4317926 11195    0.00000   67   35   92.99992    0.00000   100%  97.3 2360s
 4327127 11119 infeasible   74        92.99992    0.00000   100%  97.3 2365s
 4337229 11205 infeasible   83        92.99992    0.00000   100%  97.3 2370s
 4346028 11265 infeasible   71        92.99992    0.00000   100%  97.3 2375s
 4355617 11181    0.00000   64   51   92.99992    0.00000   100%  97.3 2380s
 4365256 11096 infeasible   69        92.99992    0.00000   100%  97.3 2385s
 4374601 11169 infeasible   79        92.99992    0.00000   100%  97.3 2390s
 4383168 11085 infeasible   70        92.99992    0.00000   100%  97.3 2395s
 4392165 11001    0.00000   69    8   92.99992    0.00000   100%  97.3 2400s
 4402735 11100 infeasible   74        92.99992    0.00000   100%  97.3 2405s
 4412772 11247 infeasible   69        92.99992    0.00000   100%  97.2 2410s
 4419995 11339 infeasible   69        92.99992    0.00000   100%  97.3 2415s
 4429123 11431 infeasible   68        92.99992    0.00000   100%  97.3 2420s
 4439195 11481 infeasible   69        92.99992    0.00000   100%  97.3 2425s
 4447297 11537    0.00000   68   29   92.99992    0.00000   100%  97.2 2430s
 4456958 11368    0.00000   63   30   92.99992    0.00000   100%  97.3 2435s
 4465560 11371 infeasible   70        92.99992    0.00000   100%  97.3 2440s
 4474956 11333 infeasible   66        92.99992    0.00000   100%  97.3 2445s
 4482973 11342    0.00000   70   20   92.99992    0.00000   100%  97.3 2450s
 4493229 11236    0.00000   64   43   92.99992    0.00000   100%  97.3 2455s
 4502459 11295    0.00000   65   39   92.99992    0.00000   100%  97.2 2460s
 4512068 11330    0.00000   69    6   92.99992    0.00000   100%  97.2 2465s
 4522469 11296    0.00000   72   42   92.99992    0.00000   100%  97.2 2470s
 4530811 11241 infeasible   70        92.99992    0.00000   100%  97.2 2475s
 4540722 11258 infeasible   69        92.99992    0.00000   100%  97.2 2480s
 4547764 11207 infeasible   70        92.99992    0.00000   100%  97.2 2485s
 4557394 11135 infeasible   69        92.99992    0.00000   100%  97.3 2490s
 4566112 11131 infeasible   67        92.99992    0.00000   100%  97.3 2495s
 4574346 11039 infeasible   72        92.99992    0.00000   100%  97.3 2500s
 4583270 10932 infeasible   69        92.99992    0.00000   100%  97.3 2505s
 4593252 10895    0.00000   69    7   92.99992    0.00000   100%  97.3 2510s
 4602364 11041    0.00000   60   11   92.99992    0.00000   100%  97.3 2515s
 4611408 11139 infeasible   70        92.99992    0.00000   100%  97.3 2520s
 4620596 11124    0.00000   67   29   92.99992    0.00000   100%  97.3 2525s
 4629448 11390    0.00000   60   10   92.99992    0.00000   100%  97.3 2530s
 4638541 11745    0.00000   74   25   92.99992    0.00000   100%  97.3 2535s
 4646826 12003    0.00000   57   39   92.99992    0.00000   100%  97.3 2540s
 4654563 12136    0.00000   62   44   92.99992    0.00000   100%  97.3 2545s
 4661897 12282    0.00000   60   14   92.99992    0.00000   100%  97.4 2550s
 4670272 12389    0.00000   61   34   92.99992    0.00000   100%  97.4 2555s
 4678756 12577 infeasible   70        92.99992    0.00000   100%  97.4 2560s
 4686889 12635    0.00000   70    9   92.99992    0.00000   100%  97.4 2565s
 4695591 12524 infeasible   70        92.99992    0.00000   100%  97.4 2570s
 4703456 12615 infeasible   60        92.99992    0.00000   100%  97.5 2575s
 4712781 12630 infeasible   70        92.99992    0.00000   100%  97.5 2580s
 4720454 12636 infeasible   70        92.99992    0.00000   100%  97.5 2585s
 4728276 12507 infeasible   68        92.99992    0.00000   100%  97.5 2590s
 4737008 12610    0.00000   60   10   92.99992    0.00000   100%  97.5 2595s
 4744703 12753    0.00000   65   21   92.99992    0.00000   100%  97.6 2600s
 4752460 12741    0.00000   69    2   92.99992    0.00000   100%  97.6 2605s
 4760841 12774 infeasible   67        92.99992    0.00000   100%  97.6 2610s
 4767657 12788    0.00000   71   30   92.99992    0.00000   100%  97.6 2615s
 4775204 12643    0.00000   73    9   92.99992    0.00000   100%  97.7 2620s
 4781631 12536    0.00000   67   26   92.99992    0.00000   100%  97.7 2625s
 4789143 12500 infeasible   70        92.99992    0.00000   100%  97.8 2630s
 4798109 12475    0.00000   70    8   92.99992    0.00000   100%  97.8 2635s
 4805241 12407    0.00000   70   10   92.99992    0.00000   100%  97.8 2640s
 4812627 12357    0.00000   70   19   92.99992    0.00000   100%  97.8 2645s
 4822243 12309 infeasible   69        92.99992    0.00000   100%  97.9 2650s
 4831595 12325    0.00000   64   35   92.99992    0.00000   100%  97.9 2655s
 4840316 12299    0.00000   60   12   92.99992    0.00000   100%  97.9 2660s
 4849899 12354    0.00000   65   36   92.99992    0.00000   100%  97.9 2665s
 4859910 12529 infeasible   68        92.99992    0.00000   100%  97.9 2670s
 4868281 12624    0.00000   60    9   92.99992    0.00000   100%  97.9 2675s
 4876881 12656 infeasible   69        92.99992    0.00000   100%  97.9 2680s
 4886669 12733 infeasible   79        92.99992    0.00000   100%  97.9 2685s
 4894639 12695 infeasible   64        92.99992    0.00000   100%  97.9 2690s
 4904137 12653 infeasible   70        92.99992    0.00000   100%  97.9 2695s
 4912391 12635    0.00000   67   23   92.99992    0.00000   100%  97.9 2700s
 4921494 12741 infeasible   69        92.99992    0.00000   100%  97.9 2705s
 4929320 12605    0.00000   62   43   92.99992    0.00000   100%  97.9 2710s
 4936793 12662 infeasible   60        92.99992    0.00000   100%  97.9 2715s
 4946284 12546 infeasible   70        92.99992    0.00000   100%  97.9 2720s
 4954664 12459    0.00000   69    6   92.99992    0.00000   100%  97.9 2725s
 4962747 12416 infeasible   65        92.99992    0.00000   100%  98.0 2730s
 4970620 12427    0.00000   68   34   92.99992    0.00000   100%  98.0 2735s
 4980058 12531    0.00000   70    8   92.99992    0.00000   100%  98.0 2740s
 4988924 12523 infeasible   74        92.99992    0.00000   100%  98.0 2745s
 4998961 12592 infeasible   70        92.99992    0.00000   100%  97.9 2750s
 5006605 12531    0.00000   63   28   92.99992    0.00000   100%  97.9 2755s
 5016578 12430 infeasible   76        92.99992    0.00000   100%  98.0 2760s
 5024490 12395 infeasible   69        92.99992    0.00000   100%  98.0 2765s
 5033457 12365 infeasible   70        92.99992    0.00000   100%  98.0 2770s
 5042549 12260    0.00000   62   22   92.99992    0.00000   100%  98.0 2775s
 5050967 12225 infeasible   61        92.99992    0.00000   100%  98.0 2780s
 5059970 12155    0.00000   80   14   92.99992    0.00000   100%  98.0 2785s
 5067491 12200 infeasible   82        92.99992    0.00000   100%  98.0 2790s
 5076254 12270 infeasible   69        92.99992    0.00000   100%  98.0 2795s
 5083390 12272 infeasible   74        92.99992    0.00000   100%  98.1 2800s
 5091915 12315    0.00000   68   25   92.99992    0.00000   100%  98.1 2805s
 5099778 12324    0.00000   67   41   92.99992    0.00000   100%  98.1 2810s
 5108593 12320    0.00000   69    2   92.99992    0.00000   100%  98.1 2815s
 5116640 12441 infeasible   70        92.99992    0.00000   100%  98.1 2820s
 5126021 12431 infeasible   69        92.99992    0.00000   100%  98.1 2825s
 5134680 12447    0.00000   65   26   92.99992    0.00000   100%  98.1 2830s
 5143703 12419    0.00000   78   34   92.99992    0.00000   100%  98.1 2835s
 5152437 12513 infeasible   70        92.99992    0.00000   100%  98.1 2840s
 5161533 12499 infeasible   59        92.99992    0.00000   100%  98.1 2845s
 5169813 12605    0.00000   70   16   92.99992    0.00000   100%  98.1 2850s
 5177611 12661    0.00000   61   27   92.99992    0.00000   100%  98.2 2855s
 5186658 12645 infeasible   70        92.99992    0.00000   100%  98.2 2860s
 5194939 12706 infeasible   69        92.99992    0.00000   100%  98.2 2865s
 5203913 12649    0.00000   59   11   92.99992    0.00000   100%  98.2 2870s
 5210716 12645    0.00000   63   30   92.99992    0.00000   100%  98.2 2875s
 5219985 12701 infeasible   72        92.99992    0.00000   100%  98.2 2880s
 5228612 13112 infeasible   72        92.99992    0.00000   100%  98.2 2885s
 5238913 13538 infeasible   71        92.99992    0.00000   100%  98.2 2890s
 5246397 13752    0.00000   67   37   92.99992    0.00000   100%  98.2 2895s
 5254686 13808    0.00000   77   33   92.99992    0.00000   100%  98.2 2900s
 5262902 13827 infeasible   76        92.99992    0.00000   100%  98.3 2905s
 5271913 13723    0.00000   76   13   92.99992    0.00000   100%  98.3 2910s
 5280494 13612 infeasible   73        92.99992    0.00000   100%  98.3 2915s
 5287852 13634    0.00000   76   24   92.99992    0.00000   100%  98.3 2920s
 5297776 13630 infeasible   71        92.99992    0.00000   100%  98.3 2925s
 5307126 13585    0.00000   65   44   92.99992    0.00000   100%  98.3 2930s
 5315687 13509 infeasible   70        92.99992    0.00000   100%  98.3 2935s
 5324260 13601    0.00000   73   32   92.99992    0.00000   100%  98.4 2940s
 5331771 13644    0.00000   69    7   92.99992    0.00000   100%  98.4 2945s
 5340056 13509 infeasible   73        92.99992    0.00000   100%  98.4 2950s
 5348369 13400 infeasible   81        92.99992    0.00000   100%  98.4 2955s
 5355432 13319    0.00000   70   20   92.99992    0.00000   100%  98.5 2960s
 5365040 13382 infeasible   71        92.99992    0.00000   100%  98.5 2965s
 5373959 13346 infeasible   84        92.99992    0.00000   100%  98.5 2970s
 5382244 13346    0.00000   73   34   92.99992    0.00000   100%  98.5 2975s
 5391572 13269    0.00000   70   13   92.99992    0.00000   100%  98.5 2980s
 5399151 13181    0.00000   69    7   92.99992    0.00000   100%  98.5 2985s
 5407031 13148 infeasible   68        92.99992    0.00000   100%  98.5 2990s
 5416087 13234 infeasible   70        92.99992    0.00000   100%  98.5 2995s
 5425303 13193    0.00000   66   55   92.99992    0.00000   100%  98.5 3000s
 5433180 13126    0.00000   71   20   92.99992    0.00000   100%  98.5 3005s
 5442395 13080 infeasible   70        92.99992    0.00000   100%  98.6 3010s
 5450588 13129 infeasible   69        92.99992    0.00000   100%  98.6 3015s
 5459108 13069    0.00000   58   27   92.99992    0.00000   100%  98.6 3020s
 5466664 12984    0.00000   66   46   92.99992    0.00000   100%  98.6 3026s
 5475135 12987    0.00000   62   29   92.99992    0.00000   100%  98.6 3030s
 5481682 13005    0.00000   68   34   92.99992    0.00000   100%  98.7 3035s
 5489544 13096    0.00000   70    6   92.99992    0.00000   100%  98.7 3040s
 5498002 13103 infeasible   69        92.99992    0.00000   100%  98.7 3045s
 5506121 13095 infeasible   79        92.99992    0.00000   100%  98.7 3050s
 5514201 12992    0.00000   80   13   92.99992    0.00000   100%  98.7 3055s
 5521176 12937    0.00000   70    6   92.99992    0.00000   100%  98.8 3060s
 5530446 12874 infeasible   70        92.99992    0.00000   100%  98.8 3065s
 5538505 12967 infeasible   70        92.99992    0.00000   100%  98.8 3070s
 5546204 13006 infeasible   70        92.99992    0.00000   100%  98.8 3075s
 5554236 13097 infeasible   69        92.99992    0.00000   100%  98.8 3080s
 5561494 13181 infeasible   70        92.99992    0.00000   100%  98.9 3085s
 5569815 13198    0.00000   69    5   92.99992    0.00000   100%  98.9 3090s
 5577483 13107 infeasible   70        92.99992    0.00000   100%  98.9 3095s
 5585377 13130    0.00000   70   19   92.99992    0.00000   100%  98.9 3100s
 5593086 13068 infeasible   73        92.99992    0.00000   100%  99.0 3105s
 5602655 13120 infeasible   70        92.99992    0.00000   100%  99.0 3110s
 5612224 13252 infeasible   72        92.99992    0.00000   100%  99.0 3115s
 5619867 13302 infeasible   81        92.99992    0.00000   100%  99.0 3120s
 5628271 13286    0.00000   79   10   92.99992    0.00000   100%  99.0 3125s
 5638854 13347 infeasible   80        92.99992    0.00000   100%  99.0 3130s
 5649561 13281    0.00000   79    7   92.99992    0.00000   100%  98.9 3135s
 5658399 13094    0.00000   80   15   92.99992    0.00000   100%  98.9 3140s
 5667710 13027 infeasible   68        92.99992    0.00000   100%  98.9 3145s
 5676276 13104 infeasible   73        92.99992    0.00000   100%  98.9 3150s
 5684458 13123 infeasible   69        92.99992    0.00000   100%  99.0 3155s
 5693600 13117 infeasible   69        92.99992    0.00000   100%  99.0 3160s
 5699557 13147    0.00000   76   21   92.99992    0.00000   100%  99.0 3165s
 5709547 13193    0.00000   75   26   92.99992    0.00000   100%  99.0 3170s
 5719482 13108    0.00000   68   31   92.99992    0.00000   100%  99.0 3175s
 5727090 13056    0.00000   69    7   92.99992    0.00000   100%  99.0 3180s
 5735052 12993    0.00000   70   16   92.99992    0.00000   100%  99.0 3185s
 5744677 12936 infeasible   67        92.99992    0.00000   100%  99.0 3190s
 5752485 12896    0.00000   71   26   92.99992    0.00000   100%  99.1 3195s
 5760696 12843    0.00000   71   18   92.99992    0.00000   100%  99.1 3200s
 5768582 12896    0.00000   78   32   92.99992    0.00000   100%  99.1 3205s
 5776464 12861    0.00000   65   34   92.99992    0.00000   100%  99.1 3210s
 5785240 12801    0.00000   69   21   92.99992    0.00000   100%  99.1 3215s
 5794738 12665    0.00000   90   24   92.99992    0.00000   100%  99.1 3220s
 5803388 12671 infeasible   80        92.99992    0.00000   100%  99.1 3225s
 5812215 12674    0.00000   60   18   92.99992    0.00000   100%  99.1 3233s
 5822098 12786    0.00000   70    8   92.99992    0.00000   100%  99.1 3235s
 5831174 12871    0.00000   60   13   92.99992    0.00000   100%  99.1 3240s
 5840532 12759 infeasible   77        92.99992    0.00000   100%  99.1 3245s
 5849109 12777 infeasible   72        92.99992    0.00000   100%  99.1 3250s
 5858600 12716    0.00000   65   35   92.99992    0.00000   100%  99.1 3255s
 5868321 12722 infeasible   60        92.99992    0.00000   100%  99.1 3260s
 5876012 12685 infeasible   70        92.99992    0.00000   100%  99.1 3265s
 5886293 12486    0.00000   64   37   92.99992    0.00000   100%  99.1 3270s
 5894724 12526    0.00000   70   16   92.99992    0.00000   100%  99.1 3275s
 5903339 12465 infeasible   67        92.99992    0.00000   100%  99.1 3280s
 5910460 12482 infeasible   68        92.99992    0.00000   100%  99.1 3285s
 5919942 12326 infeasible   73        92.99992    0.00000   100%  99.1 3290s
 5928197 12285    0.00000   67   42   92.99992    0.00000   100%  99.1 3295s
 5935432 12185 infeasible   70        92.99992    0.00000   100%  99.1 3301s
 5943876 12166    0.00000   62   35   92.99992    0.00000   100%  99.1 3305s
 5952289 12090 infeasible   67        92.99992    0.00000   100%  99.2 3310s
 5959865 12000    0.00000   55   31   92.99992    0.00000   100%  99.2 3315s
 5968511 11982 infeasible   70        92.99992    0.00000   100%  99.2 3320s
 5975751 11964    0.00000   70   12   92.99992    0.00000   100%  99.2 3325s
 5985460 12476    0.00000   67   38   92.99992    0.00000   100%  99.2 3330s
 5993500 13288 infeasible   68        92.99992    0.00000   100%  99.2 3335s
 6003618 14279 infeasible   72        92.99992    0.00000   100%  99.2 3340s
 6013174 15118   81.00000   79   25   92.99992    0.00000   100%  99.2 3345s
 6023727 16227 infeasible   69        92.99992    0.00000   100%  99.2 3350s
 6034874 17110 infeasible   69        92.99992    0.00000   100%  99.1 3355s
 6048819 18562    0.00000   70   15   92.99992    0.00000   100%  99.1 3360s
 6060504 19928    0.00000   72   27   92.99992    0.00000   100%  99.0 3365s
 6071505 21025    0.00000   65   32   92.99992    0.00000   100%  99.0 3370s
 6083057 21791 infeasible   70        92.99992    0.00000   100%  99.0 3375s
 6092864 22350    0.00000   75   26   92.99992    0.00000   100%  98.9 3380s
 6101512 22999    0.00000   77   53   92.99992    0.00000   100%  98.9 3388s
 6111831 23269 infeasible   70        92.99992    0.00000   100%  98.9 3390s
 6121207 23768 infeasible   79        92.99992    0.00000   100%  98.9 3395s
 6132732 24785    0.00000   60    9   92.99992    0.00000   100%  98.9 3400s
 6144705 25871    0.00000   70    6   92.99992    0.00000   100%  98.8 3405s
 6154458 26555    0.00000   64   20   92.99992    0.00000   100%  98.8 3410s
 6164635 26874 infeasible   77        92.99992    0.00000   100%  98.8 3415s
 6173486 27122 infeasible   75        92.99992    0.00000   100%  98.8 3420s
 6182349 27469    0.00000   67   53   92.99992    0.00000   100%  98.8 3425s
 6191235 27603    0.00000   68   44   92.99992    0.00000   100%  98.8 3430s
 6199014 27761    0.00000   60   17   92.99992    0.00000   100%  98.8 3435s
 6210411 28441 infeasible   69        92.99992    0.00000   100%  98.8 3440s
 6219498 29155 infeasible   70        92.99992    0.00000   100%  98.8 3445s
 6228629 29704 infeasible   67        92.99992    0.00000   100%  98.8 3450s
 6239047 30520    0.00000   70   21   92.99992    0.00000   100%  98.8 3455s
 6248932 31151    0.00000   63   43   92.99992    0.00000   100%  98.8 3460s
 6257880 32019 infeasible   68        92.99992    0.00000   100%  98.8 3465s
 6266587 32685 infeasible   79        92.99992    0.00000   100%  98.8 3470s
 6276026 33141 infeasible   64        92.99992    0.00000   100%  98.8 3475s
 6285202 33275 infeasible   69        92.99992    0.00000   100%  98.8 3480s
 6294923 33395 infeasible   78        92.99992    0.00000   100%  98.8 3485s
 6302833 33576    0.00000   74   36   92.99992    0.00000   100%  98.8 3490s
 6313090 33851    0.00000   69   23   92.99992    0.00000   100%  98.8 3495s
 6322528 34074 infeasible   70        92.99992    0.00000   100%  98.7 3500s
 6330771 34185    0.00000   70   15   92.99992    0.00000   100%  98.8 3505s
 6338744 34476    0.00000   67   36   92.99992    0.00000   100%  98.8 3510s
 6348057 34613 infeasible   70        92.99992    0.00000   100%  98.8 3515s
 6357347 35180 infeasible   80        92.99992    0.00000   100%  98.8 3520s
 6365483 35562 infeasible   70        92.99992    0.00000   100%  98.8 3525s
 6374828 36069    0.00000   66   29   92.99992    0.00000   100%  98.8 3530s
 6383356 36498 infeasible   70        92.99992    0.00000   100%  98.8 3535s
 6392019 36859    0.00000   65   38   92.99992    0.00000   100%  98.8 3540s
 6400871 37072    0.00000   75   42   92.99992    0.00000   100%  98.8 3545s
 6410153 37183 infeasible   70        92.99992    0.00000   100%  98.8 3550s
 6419384 37340 infeasible   64        92.99992    0.00000   100%  98.8 3555s
 6429179 37533 infeasible   68        92.99992    0.00000   100%  98.8 3560s
 6438120 37626    0.00000   54   41   92.99992    0.00000   100%  98.8 3565s
 6448124 37771 infeasible   68        92.99992    0.00000   100%  98.8 3570s
 6456719 38115    0.00000   68   31   92.99992    0.00000   100%  98.8 3575s
 6458497 38272 infeasible   74        92.99992    0.00000   100%  98.8 3580s
 6473375 38474 infeasible   69        92.99992    0.00000   100%  98.8 3585s
 6483617 38650 infeasible   70        92.99992    0.00000   100%  98.7 3590s
 6491455 38785    0.00000   68   42   92.99992    0.00000   100%  98.7 3595s
 6501203 39164    0.00000   60    3   92.99992    0.00000   100%  98.7 3600s
 6509532 39386    0.00000   70   17   92.99992    0.00000   100%  98.7 3605s
 6518121 39492    0.00000   74   40   92.99992    0.00000   100%  98.8 3610s
 6526390 39477    0.00000   76   26   92.99992    0.00000   100%  98.8 3615s
 6535870 40143   90.00000   64   29   92.99992    0.00000   100%  98.8 3620s
 6546200 41383    0.00000   66   36   92.99992    0.00000   100%  98.7 3625s
 6556070 42057    0.00000   60    5   92.99992    0.00000   100%  98.7 3630s
 6565120 42539    0.00000   63   44   92.99992    0.00000   100%  98.7 3635s
 6573432 42779    0.00000   69   16   92.99992    0.00000   100%  98.7 3640s
 6582155 43106 infeasible   70        92.99992    0.00000   100%  98.7 3645s
 6589441 43568   90.00000   85   24   92.99992    0.00000   100%  98.8 3650s
 6600745 44223 infeasible   69        92.99992    0.00000   100%  98.7 3655s
 6611256 45103    0.00000   70   13   92.99992    0.00000   100%  98.7 3660s
 6621296 45640 infeasible   70        92.99992    0.00000   100%  98.7 3665s
 6630215 45966    0.00000   69    4   92.99992    0.00000   100%  98.7 3670s
 6639634 46114    0.00000   56   32   92.99992    0.00000   100%  98.7 3675s
 6647218 46188 infeasible   70        92.99992    0.00000   100%  98.7 3680s
 6655674 46488 infeasible   70        92.99992    0.00000   100%  98.7 3685s
 6663082 46898    0.00000   57   27   92.99992    0.00000   100%  98.7 3690s
 6671204 47276 infeasible   70        92.99992    0.00000   100%  98.7 3695s
 6680392 47393    0.00000   70   20   92.99992    0.00000   100%  98.8 3700s
 6688818 47590 infeasible   69        92.99992    0.00000   100%  98.8 3705s
 6697007 47852 infeasible   68        92.99992    0.00000   100%  98.8 3710s
 6706809 47943 infeasible   61        92.99992    0.00000   100%  98.8 3715s
 6714555 48117    0.00000   73   27   92.99992    0.00000   100%  98.8 3720s
 6724499 48210 infeasible   71        92.99992    0.00000   100%  98.8 3725s
 6732570 48233    0.00000   66   25   92.99992    0.00000   100%  98.8 3730s
 6740929 48289    0.00000   69   22   92.99992    0.00000   100%  98.8 3735s
 6750714 48296    0.00000   73   24   92.99992    0.00000   100%  98.8 3740s
 6759471 48293 infeasible   70        92.99992    0.00000   100%  98.8 3745s
 6769919 48370    0.00000   68   35   92.99992    0.00000   100%  98.8 3750s
 6779484 48413 infeasible   60        92.99992    0.00000   100%  98.8 3755s
 6788807 48663    0.00000   70   21   92.99992    0.00000   100%  98.8 3760s
 6798319 48970 infeasible   78        92.99992    0.00000   100%  98.8 3765s
 6807968 49242    0.00000   70   20   92.99992    0.00000   100%  98.8 3770s
 6816945 49574    0.00000   70    4   92.99992    0.00000   100%  98.8 3775s
 6825229 49551 infeasible   64        92.99992    0.00000   100%  98.8 3780s
 6835126 49858    0.00000   65   33   92.99992    0.00000   100%  98.8 3785s
 6844533 50324 infeasible   65        92.99992    0.00000   100%  98.8 3790s
 6854377 50857 infeasible   69        92.99992    0.00000   100%  98.8 3795s
 6863797 51062 infeasible   68        92.99992    0.00000   100%  98.8 3800s
 6873196 51310 infeasible   75        92.99992    0.00000   100%  98.7 3805s
 6884892 51472    0.00000   68   30   92.99992    0.00000   100%  98.7 3810s
 6893787 51429 infeasible   71        92.99992    0.00000   100%  98.7 3815s
 6903718 51334 infeasible   69        92.99992    0.00000   100%  98.7 3820s
 6913838 51231 infeasible   75        92.99992    0.00000   100%  98.7 3825s
 6922959 51270    0.00000   62   23   92.99992    0.00000   100%  98.7 3830s
 6929121 51077 infeasible   70        92.99992    0.00000   100%  98.7 3836s
 6943078 51124    0.00000   71   27   92.99992    0.00000   100%  98.6 3840s
 6952834 51195    0.00000   71    8   92.99992    0.00000   100%  98.6 3845s
 6961873 51213 infeasible   69        92.99992    0.00000   100%  98.6 3850s
 6972814 51048    0.00000   69   25   92.99992    0.00000   100%  98.6 3855s
 6983586 51131    0.00000   70   24   92.99992    0.00000   100%  98.6 3860s
 6993961 51157 infeasible   67        92.99992    0.00000   100%  98.6 3865s
 7002881 51057    0.00000   67   44   92.99992    0.00000   100%  98.6 3870s
 7012412 51021 infeasible   87        92.99992    0.00000   100%  98.5 3875s
 7022088 51047    0.00000   64   22   92.99992    0.00000   100%  98.5 3880s
 7030950 50991 infeasible   65        92.99992    0.00000   100%  98.5 3885s
 7040345 51031 infeasible   71        92.99992    0.00000   100%  98.5 3890s
 7049857 51031    0.00000   65   34   92.99992    0.00000   100%  98.5 3895s
 7058573 51149 infeasible   79        92.99992    0.00000   100%  98.5 3900s
 7068680 51330 infeasible   70        92.99992    0.00000   100%  98.5 3905s
 7078649 51971 infeasible   69        92.99992    0.00000   100%  98.5 3910s
 7088690 52452    0.00000   70   16   92.99992    0.00000   100%  98.5 3915s
 7098117 52711 infeasible   66        92.99992    0.00000   100%  98.5 3920s
 7108007 53401    0.00000   75   21   92.99992    0.00000   100%  98.5 3925s
 7118507 53800    0.00000   68   25   92.99992    0.00000   100%  98.5 3930s
 7129262 54322    0.00000   65   33   92.99992    0.00000   100%  98.4 3935s
 7138712 54682 infeasible   79        92.99992    0.00000   100%  98.4 3940s
 7148353 55048    0.00000   64   23   92.99992    0.00000   100%  98.4 3945s
 7158659 55631    0.00000   74   20   92.99992    0.00000   100%  98.4 3950s
 7167495 56066    0.00000   62   16   92.99992    0.00000   100%  98.4 3955s
 7177193 56361    0.00000   76   22   92.99992    0.00000   100%  98.4 3960s
 7187258 56422    0.00000   70    8   92.99992    0.00000   100%  98.4 3965s
 7196049 56503    0.00000   70   28   92.99992    0.00000   100%  98.4 3970s
 7206243 56642 infeasible   69        92.99992    0.00000   100%  98.4 3975s
 7214985 56706 infeasible   69        92.99992    0.00000   100%  98.4 3980s
 7224067 56963 infeasible   75        92.99992    0.00000   100%  98.4 3985s
 7233615 57109 infeasible   80        92.99992    0.00000   100%  98.4 3990s
 7243136 57248 infeasible   68        92.99992    0.00000   100%  98.4 3995s
 7251729 57187    0.00000   69    7   92.99992    0.00000   100%  98.4 4000s
 7259885 57250    0.00000   72    8   92.99992    0.00000   100%  98.4 4005s
 7269325 57337 infeasible   60        92.99992    0.00000   100%  98.4 4010s
 7278363 57541    0.00000   70   11   92.99992    0.00000   100%  98.4 4015s
 7286000 57828 infeasible   69        92.99992    0.00000   100%  98.4 4020s
 7296472 58572 infeasible   72        92.99992    0.00000   100%  98.4 4025s
 7306631 59188   81.00000   70   35   92.99992    0.00000   100%  98.4 4030s
 7311550 59845    0.00000   61   11   92.99992    0.00000   100%  98.3 4036s
 7324669 60228    0.00000   85   28   92.99992    0.00000   100%  98.3 4040s
 7333365 60439 infeasible   70        92.99992    0.00000   100%  98.3 4045s
 7342763 60773    0.00000   60   34   92.99992    0.00000   100%  98.3 4050s
 7351645 61244 infeasible   67        92.99992    0.00000   100%  98.3 4055s
 7361559 61408    0.00000   72   25   92.99992    0.00000   100%  98.3 4060s
 7369423 61523 infeasible   69        92.99992    0.00000   100%  98.3 4065s
 7379119 61774 infeasible   66        92.99992    0.00000   100%  98.3 4070s
 7387102 62270 infeasible   67        92.99992    0.00000   100%  98.3 4078s
 7396012 62410    0.00000   65   34   92.99992    0.00000   100%  98.3 4080s
 7404059 62795 infeasible   63        92.99992    0.00000   100%  98.3 4085s
 7413261 63092    0.00000   65   45   92.99992    0.00000   100%  98.3 4090s
 7422582 63423    0.00000   69    8   92.99992    0.00000   100%  98.3 4095s
 7432121 63628    0.00000   70   35   92.99992    0.00000   100%  98.3 4100s
 7441181 63766 infeasible   66        92.99992    0.00000   100%  98.3 4105s
 7450969 63728 infeasible   71        92.99992    0.00000   100%  98.3 4110s
 7459600 63682    0.00000   68   35   92.99992    0.00000   100%  98.3 4115s
 7470369 63624 infeasible   69        92.99992    0.00000   100%  98.3 4120s
 7479686 63814 infeasible   70        92.99992    0.00000   100%  98.3 4125s
 7488444 63999 infeasible   70        92.99992    0.00000   100%  98.3 4130s
 7498231 64275    0.00000   65   22   92.99992    0.00000   100%  98.3 4135s
 7507257 64597    0.00000   67   52   92.99992    0.00000   100%  98.3 4140s
 7516930 64943   80.00000   69   12   92.99992    0.00000   100%  98.3 4145s
 7525758 65434    0.00000   66   49   92.99992    0.00000   100%  98.3 4150s
 7534744 66172 infeasible   70        92.99992    0.00000   100%  98.3 4155s
 7544302 66735    0.00000   64   42   92.99992    0.00000   100%  98.3 4160s
 7554849 67082 infeasible   76        92.99992    0.00000   100%  98.3 4165s
 7563730 67359 infeasible   70        92.99992    0.00000   100%  98.3 4170s
 7573581 67569 infeasible   70        92.99992    0.00000   100%  98.2 4175s
 7581763 68034    0.00000   70    9   92.99992    0.00000   100%  98.3 4180s
 7590571 68277    0.00000   63   27   92.99992    0.00000   100%  98.3 4185s
 7598992 68539    0.00000   63   29   92.99992    0.00000   100%  98.3 4190s
 7608552 68802    0.00000   70   13   92.99992    0.00000   100%  98.2 4195s
 7617666 69240    0.00000   62   24   92.99992    0.00000   100%  98.2 4200s
 7627645 69497 infeasible   60        92.99992    0.00000   100%  98.2 4205s
 7636435 69713 infeasible   62        92.99992    0.00000   100%  98.2 4210s
 7645802 69805    0.00000   64   43   92.99992    0.00000   100%  98.2 4215s
 7654930 69979 infeasible   77        92.99992    0.00000   100%  98.2 4220s
 7661774 70090    0.00000   65   37   92.99992    0.00000   100%  98.2 4225s
 7671761 70392 infeasible   75        92.99992    0.00000   100%  98.2 4230s
 7681752 70572    0.00000   48   47   92.99992    0.00000   100%  98.2 4235s
 7690139 70847    0.00000   67   28   92.99992    0.00000   100%  98.2 4240s
 7697491 70959    0.00000   79    8   92.99992    0.00000   100%  98.3 4245s
 7705243 70975 infeasible   70        92.99992    0.00000   100%  98.3 4250s
 7713143 70899    0.00000   72   49   92.99992    0.00000   100%  98.3 4255s
 7721445 70823 infeasible   64        92.99992    0.00000   100%  98.3 4260s
 7728962 70917 infeasible   67        92.99992    0.00000   100%  98.3 4265s
 7738121 71051    0.00000   69   10   92.99992    0.00000   100%  98.3 4270s
 7746584 71144    0.00000   60   32   92.99992    0.00000   100%  98.3 4275s
 7754517 71096 infeasible   55        92.99992    0.00000   100%  98.3 4280s
 7764522 71159 infeasible   75        92.99992    0.00000   100%  98.3 4285s
 7772434 71388    0.00000   66   21   92.99992    0.00000   100%  98.3 4290s
 7783568 71583    0.00000   70    8   92.99992    0.00000   100%  98.3 4295s
 7792358 71695    0.00000   75   28   92.99992    0.00000   100%  98.3 4300s
 7801314 71780 infeasible   70        92.99992    0.00000   100%  98.3 4305s
 7808964 71964 infeasible   68        92.99992    0.00000   100%  98.3 4310s
 7817601 72110    0.00000   69   22   92.99992    0.00000   100%  98.3 4315s
 7825816 72214    0.00000   70    6   92.99992    0.00000   100%  98.3 4320s
 7835152 72277 infeasible   70        92.99992    0.00000   100%  98.4 4325s
 7842956 72386 infeasible   70        92.99992    0.00000   100%  98.4 4330s
 7851038 72571    0.00000   80   16   92.99992    0.00000   100%  98.4 4335s
 7859727 72542 infeasible   77        92.99992    0.00000   100%  98.4 4340s
 7866247 72529 infeasible   73        92.99992    0.00000   100%  98.4 4345s
 7875899 72365 infeasible   69        92.99992    0.00000   100%  98.4 4350s
 7883643 72389 infeasible   70        92.99992    0.00000   100%  98.4 4355s
 7892228 72453    0.00000   74   23   92.99992    0.00000   100%  98.4 4360s
 7901772 72527    0.00000   65   25   92.99992    0.00000   100%  98.4 4365s
 7908907 72587 infeasible   73        92.99992    0.00000   100%  98.4 4370s
 7915833 72698    0.00000   67   38   92.99992    0.00000   100%  98.5 4375s
 7925144 72740    0.00000   74   12   92.99992    0.00000   100%  98.5 4380s
 7932966 72707 infeasible   70        92.99992    0.00000   100%  98.5 4385s
 7941269 72674    0.00000   70    9   92.99992    0.00000   100%  98.5 4390s
 7949064 72706    0.00000   69    5   92.99992    0.00000   100%  98.5 4395s
 7956692 72731 infeasible   59        92.99992    0.00000   100%  98.5 4404s
 7965337 72842 infeasible   70        92.99992    0.00000   100%  98.5 4405s
 7971927 72880 infeasible   64        92.99992    0.00000   100%  98.5 4410s
 7980363 72923 infeasible   79        92.99992    0.00000   100%  98.5 4415s
 7987553 73004    0.00000   66   49   92.99992    0.00000   100%  98.6 4420s
 7996221 73026 infeasible   62        92.99992    0.00000   100%  98.6 4425s
 8003185 73051 infeasible   70        92.99992    0.00000   100%  98.6 4430s
 8011510 72990 infeasible   62        92.99992    0.00000   100%  98.6 4435s
 8020283 73030 infeasible   69        92.99992    0.00000   100%  98.6 4440s
 8028819 72951    0.00000   76   40   92.99992    0.00000   100%  98.6 4445s
 8036772 73006    0.00000   66   25   92.99992    0.00000   100%  98.6 4450s
 8046867 73070 infeasible   73        92.99992    0.00000   100%  98.6 4455s
 8055478 73101    0.00000   67   34   92.99992    0.00000   100%  98.6 4460s
 8062739 73160 infeasible   71        92.99992    0.00000   100%  98.6 4465s
 8074249 73046 infeasible   80        92.99992    0.00000   100%  98.6 4470s
 8083491 72914    0.00000   69   12   92.99992    0.00000   100%  98.6 4475s
 8092876 73029 infeasible   70        92.99992    0.00000   100%  98.6 4480s
 8102504 73135    0.00000   56   30   92.99992    0.00000   100%  98.6 4485s
 8110635 73159    0.00000   56   41   92.99992    0.00000   100%  98.6 4490s
 8118898 73138    0.00000   69   10   92.99992    0.00000   100%  98.6 4495s
 8127666 73280    0.00000   68   37   92.99992    0.00000   100%  98.6 4500s
 8136486 73274 infeasible   69        92.99992    0.00000   100%  98.6 4505s
 8145086 73272 infeasible   61        92.99992    0.00000   100%  98.6 4510s
 8152712 73226    0.00000   57   55   92.99992    0.00000   100%  98.6 4515s
 8157152 73121 infeasible   72        92.99992    0.00000   100%  98.7 4520s
 8168148 73042 infeasible   77        92.99992    0.00000   100%  98.7 4525s
 8177902 72934    0.00000   73   37   92.99992    0.00000   100%  98.7 4530s
 8185831 73013 infeasible   78        92.99992    0.00000   100%  98.7 4535s
 8195653 72984 infeasible   68        92.99992    0.00000   100%  98.7 4540s
 8203983 72953 infeasible   68        92.99992    0.00000   100%  98.7 4545s
 8213463 72968 infeasible   64        92.99992    0.00000   100%  98.7 4550s
 8222028 73188 infeasible   67        92.99992    0.00000   100%  98.7 4555s
 8229790 73234    0.00000   56   41   92.99992    0.00000   100%  98.7 4560s
 8239119 73237    0.00000   65   36   92.99992    0.00000   100%  98.7 4565s
 8247611 73225 infeasible   73        92.99992    0.00000   100%  98.7 4570s
 8255425 73129 infeasible   73        92.99992    0.00000   100%  98.7 4575s
 8263389 73102    0.00000   68   41   92.99992    0.00000   100%  98.7 4580s
 8270607 73103 infeasible   70        92.99992    0.00000   100%  98.7 4585s
 8278609 73128    0.00000   68   56   92.99992    0.00000   100%  98.8 4590s
 8287058 73183    0.00000   64   38   92.99992    0.00000   100%  98.8 4595s
 8295286 73198    0.00000   68   28   92.99992    0.00000   100%  98.8 4600s
 8302094 73180 infeasible   67        92.99992    0.00000   100%  98.8 4605s
 8311018 73198 infeasible   70        92.99992    0.00000   100%  98.8 4610s
 8319360 73359 infeasible   64        92.99992    0.00000   100%  98.8 4615s
 8328672 73383 infeasible   69        92.99992    0.00000   100%  98.8 4620s
 8337384 73448 infeasible   68        92.99992    0.00000   100%  98.8 4625s
 8346975 73724   80.16667   61   21   92.99992    0.00000   100%  98.8 4630s
 8356057 73863 infeasible   70        92.99992    0.00000   100%  98.8 4635s
 8365185 73976   91.00000   70   12   92.99992    0.00000   100%  98.8 4640s
 8372980 74179    0.00000   76   15   92.99992    0.00000   100%  98.8 4645s
 8383052 74239 infeasible   69        92.99992    0.00000   100%  98.8 4650s
 8391496 74256 infeasible   69        92.99992    0.00000   100%  98.8 4655s
 8400448 74214 infeasible   70        92.99992    0.00000   100%  98.8 4660s
 8409188 74605    0.00000   73   27   92.99992    0.00000   100%  98.8 4665s
 8415998 74812    0.00000   71   13   92.99992    0.00000   100%  98.8 4670s
 8424416 75160 infeasible   69        92.99992    0.00000   100%  98.8 4675s
 8434843 75362 infeasible   68        92.99992    0.00000   100%  98.8 4680s
 8442466 75503    0.00000   79    5   92.99992    0.00000   100%  98.9 4685s
 8452109 75468 infeasible   62        92.99992    0.00000   100%  98.8 4690s
 8460809 75463    0.00000   69    4   92.99992    0.00000   100%  98.8 4695s
 8469597 75346 infeasible   75        92.99992    0.00000   100%  98.9 4700s
 8479423 75389 infeasible   68        92.99992    0.00000   100%  98.8 4705s
 8488473 75365 infeasible   74        92.99992    0.00000   100%  98.8 4710s
 8497264 75388    0.00000   74   37   92.99992    0.00000   100%  98.8 4715s
 8507364 75396 infeasible   61        92.99992    0.00000   100%  98.8 4720s
 8517832 75300    0.00000   76   16   92.99992    0.00000   100%  98.8 4725s
 8525798 75279    0.00000   68   28   92.99992    0.00000   100%  98.8 4730s
 8535081 75388    0.00000   74   43   92.99992    0.00000   100%  98.8 4735s
 8544496 75481 infeasible   70        92.99992    0.00000   100%  98.8 4740s
 8553749 75570    0.00000   60   13   92.99992    0.00000   100%  98.8 4745s
 8561389 75977    0.00000   62   26   92.99992    0.00000   100%  98.8 4750s
 8567134 76053    0.00000   63   27   92.99992    0.00000   100%  98.8 4755s
 8577015 76358 infeasible   59        92.99992    0.00000   100%  98.8 4760s
 8587982 76614 infeasible   66        92.99992    0.00000   100%  98.8 4765s
 8596518 76817    0.00000   69   10   92.99992    0.00000   100%  98.8 4770s
 8606554 76852 infeasible   70        92.99992    0.00000   100%  98.8 4775s
 8614861 76951    0.00000   66   26   92.99992    0.00000   100%  98.8 4780s
 8623687 76967 infeasible   72        92.99992    0.00000   100%  98.8 4785s
 8634262 76965    0.00000   61   30   92.99992    0.00000   100%  98.8 4790s
 8642999 76905 infeasible   70        92.99992    0.00000   100%  98.8 4795s
 8652673 76923    0.00000   60   12   92.99992    0.00000   100%  98.8 4800s
 8660601 76841 infeasible   60        92.99992    0.00000   100%  98.8 4805s
 8669364 76820 infeasible   70        92.99992    0.00000   100%  98.8 4810s
 8678890 76824 infeasible   69        92.99992    0.00000   100%  98.8 4815s
 8687213 76698    0.00000   68   25   92.99992    0.00000   100%  98.8 4820s
 8695916 76741 infeasible   69        92.99992    0.00000   100%  98.8 4825s
 8704427 76715 infeasible   79        92.99992    0.00000   100%  98.8 4830s
 8713715 76768 infeasible   70        92.99992    0.00000   100%  98.8 4835s
 8722859 76775 infeasible   70        92.99992    0.00000   100%  98.8 4840s
 8729710 76900    0.00000   60   10   92.99992    0.00000   100%  98.8 4845s
 8738297 77099 infeasible   73        92.99992    0.00000   100%  98.8 4850s
 8745909 77217    0.00000   69   11   92.99992    0.00000   100%  98.8 4855s
 8753613 77177    0.00000   68   36   92.99992    0.00000   100%  98.8 4860s
 8762601 77100 infeasible   69        92.99992    0.00000   100%  98.9 4865s
 8770593 77089 infeasible   70        92.99992    0.00000   100%  98.9 4870s
 8779299 77105 infeasible   70        92.99992    0.00000   100%  98.9 4875s
 8786673 77036    0.00000   69   13   92.99992    0.00000   100%  98.9 4880s
 8793769 76999    0.00000   67   45   92.99992    0.00000   100%  98.9 4885s
 8801846 76960    0.00000   69   10   92.99992    0.00000   100%  98.9 4890s
 8810561 76891    0.00000   70   16   92.99992    0.00000   100%  98.9 4895s
 8818355 76847    0.00000   70   10   92.99992    0.00000   100%  98.9 4900s
 8827063 76718 infeasible   67        92.99992    0.00000   100%  99.0 4905s
 8833138 76782 infeasible   73        92.99992    0.00000   100%  99.0 4910s
 8840443 76833 infeasible   63        92.99992    0.00000   100%  99.0 4915s
 8848576 76713 infeasible   68        92.99992    0.00000   100%  99.0 4920s
 8858524 76871    0.00000   66   32   92.99992    0.00000   100%  99.0 4925s
 8866753 77062 infeasible   70        92.99992    0.00000   100%  99.0 4930s
 8876720 77254 infeasible   69        92.99992    0.00000   100%  99.0 4935s
 8886680 77772 infeasible   60        92.99992    0.00000   100%  99.0 4940s
 8895859 78257    0.00000   70   17   92.99992    0.00000   100%  99.0 4945s
 8907343 78624 infeasible   70        92.99992    0.00000   100%  99.0 4950s
 8915910 78885    0.00000   66   33   92.99992    0.00000   100%  99.0 4955s
 8924437 79234 infeasible   63        92.99992    0.00000   100%  99.0 4960s
 8933289 79409 infeasible   60        92.99992    0.00000   100%  98.9 4965s
 8944578 79710    0.00000   62   26   92.99992    0.00000   100%  98.9 4970s
 8953396 79850 infeasible   70        92.99992    0.00000   100%  98.9 4975s
 8962055 79978 infeasible   69        92.99992    0.00000   100%  98.9 4980s
 8972094 80320    0.00000   67   42   92.99992    0.00000   100%  98.9 4985s
 8983800 80877    0.00000   70   10   92.99992    0.00000   100%  98.9 4990s
 8994068 81281 infeasible   70        92.99992    0.00000   100%  98.9 4995s
 9003909 81831    0.00000   67   38   92.99992    0.00000   100%  98.9 5000s
 9014365 82183 infeasible   69        92.99992    0.00000   100%  98.9 5005s
 9024021 82443 infeasible   69        92.99992    0.00000   100%  98.9 5010s
 9033732 82712    0.00000   60    4   92.99992    0.00000   100%  98.8 5015s
 9042662 82898 infeasible   70        92.99992    0.00000   100%  98.8 5020s
 9053567 83231 infeasible   77        92.99992    0.00000   100%  98.8 5025s
 9062155 83451    0.00000   71   27   92.99992    0.00000   100%  98.8 5030s
 9070764 83698    0.00000   65   25   92.99992    0.00000   100%  98.8 5035s
 9080205 83754    0.00000   69   12   92.99992    0.00000   100%  98.8 5040s
 9090129 83837 infeasible   69        92.99992    0.00000   100%  98.8 5045s
 9098076 83852 infeasible   70        92.99992    0.00000   100%  98.8 5050s
 9107272 83793   90.00000   79   19   92.99992    0.00000   100%  98.8 5055s
 9116165 83811 infeasible   64        92.99992    0.00000   100%  98.8 5060s
 9126261 83829    0.00000   72   35   92.99992    0.00000   100%  98.8 5065s
 9135030 83987    0.00000   62   31   92.99992    0.00000   100%  98.8 5070s
 9144689 84052    0.00000   58   55   92.99992    0.00000   100%  98.8 5075s
 9153527 84067 infeasible   70        92.99992    0.00000   100%  98.8 5080s
 9162959 84014    0.00000   68   27   92.99992    0.00000   100%  98.8 5085s
 9172347 84038    0.00000   70   14   92.99992    0.00000   100%  98.8 5090s
 9180846 84050 infeasible   69        92.99992    0.00000   100%  98.8 5095s
 9190570 83993 infeasible   75        92.99992    0.00000   100%  98.8 5100s
 9200650 84186    0.00000   68   54   92.99992    0.00000   100%  98.8 5105s
 9209436 84579 infeasible   67        92.99992    0.00000   100%  98.8 5110s
 9218102 84826    0.00000   79   23   92.99992    0.00000   100%  98.8 5115s
 9226380 85029 infeasible   75        92.99992    0.00000   100%  98.8 5120s
 9236465 85245 infeasible   80        92.99992    0.00000   100%  98.8 5125s
 9245649 85211 infeasible   70        92.99992    0.00000   100%  98.8 5130s
 9253923 85149 infeasible   67        92.99992    0.00000   100%  98.8 5135s
 9263101 85153    0.00000   70   15   92.99992    0.00000   100%  98.8 5140s
 9272246 85162 infeasible   66        92.99992    0.00000   100%  98.8 5145s
 9281679 85191    0.00000   78   48   92.99992    0.00000   100%  98.8 5150s
 9289738 85186    0.00000   70   12   92.99992    0.00000   100%  98.8 5155s
 9297826 85134 infeasible   79        92.99992    0.00000   100%  98.8 5160s
 9305483 85186    0.00000   79    5   92.99992    0.00000   100%  98.8 5165s
 9314119 85210 infeasible   70        92.99992    0.00000   100%  98.8 5170s
 9322190 85263    0.00000   72   21   92.99992    0.00000   100%  98.9 5175s
 9330242 85365 infeasible   67        92.99992    0.00000   100%  98.9 5180s
 9340037 85468 infeasible   69        92.99992    0.00000   100%  98.9 5185s
 9347202 85456    0.00000   68   57   92.99992    0.00000   100%  98.9 5190s
 9356511 85354 infeasible   69        92.99992    0.00000   100%  98.9 5195s
 9365358 85389    0.00000   72   43   92.99992    0.00000   100%  98.9 5200s
 9375936 85738 infeasible   63        92.99992    0.00000   100%  98.9 5205s
 9385597 86309    0.00000   69    5   92.99992    0.00000   100%  98.9 5210s
 9393527 86586    0.00000   70   10   92.99992    0.00000   100%  98.9 5215s
 9402619 86752 infeasible   69        92.99992    0.00000   100%  98.9 5220s
 9412395 86789    0.00000   70   19   92.99992    0.00000   100%  98.9 5225s
 9421296 86835 infeasible   70        92.99992    0.00000   100%  98.9 5230s
 9430219 86957    0.00000   60   30   92.99992    0.00000   100%  98.9 5235s
 9439925 86894    0.00000   80    5   92.99992    0.00000   100%  98.9 5240s
 9448130 86847 infeasible   69        92.99992    0.00000   100%  98.9 5245s
 9456295 86844    0.00000   56   53   92.99992    0.00000   100%  98.9 5250s
 9466058 86759 infeasible   72        92.99992    0.00000   100%  98.9 5255s
 9475301 86752 infeasible   66        92.99992    0.00000   100%  98.9 5260s
 9483217 86676    0.00000   68   38   92.99992    0.00000   100%  98.9 5265s
 9492152 86711    0.00000   54   36   92.99992    0.00000   100%  98.9 5270s
 9501615 87011    0.00000   56   29   92.99992    0.00000   100%  98.9 5275s
 9510656 87247    0.00000   58   23   92.99992    0.00000   100%  98.9 5280s
 9519707 87500    0.00000   68   28   92.99992    0.00000   100%  98.9 5285s
 9529337 87743 infeasible   57        92.99992    0.00000   100%  98.9 5290s
 9539248 87829    0.00000   65   36   92.99992    0.00000   100%  98.9 5295s
 9550534 87827 infeasible   70        92.99992    0.00000   100%  98.9 5300s
 9560567 87751    0.00000   59    6   92.99992    0.00000   100%  98.8 5305s
 9569604 87669    0.00000   64   39   92.99992    0.00000   100%  98.8 5310s
 9581400 87618 infeasible   80        92.99992    0.00000   100%  98.8 5315s
 9590834 87635    0.00000   65   33   92.99992    0.00000   100%  98.8 5320s
 9600730 87641    0.00000   65   39   92.99992    0.00000   100%  98.8 5325s
 9610037 87616 infeasible   69        92.99992    0.00000   100%  98.8 5330s
 9618987 87665 infeasible   70        92.99992    0.00000   100%  98.8 5335s
 9627516 87718    0.00000   67   38   92.99992    0.00000   100%  98.8 5340s
 9637231 87656 infeasible   66        92.99992    0.00000   100%  98.8 5345s
 9646068 87504    0.00000   69   24   92.99992    0.00000   100%  98.8 5350s
 9655527 87406 infeasible   68        92.99992    0.00000   100%  98.8 5355s
 9662067 87390 infeasible   69        92.99992    0.00000   100%  98.8 5361s
 9674136 87486    0.00000   61    7   92.99992    0.00000   100%  98.8 5365s
 9684966 87379 infeasible   68        92.99992    0.00000   100%  98.8 5370s
 9693619 87438    0.00000   69    6   92.99992    0.00000   100%  98.8 5375s
 9703833 87430    0.00000   69    1   92.99992    0.00000   100%  98.8 5380s
 9714194 87526 infeasible   75        92.99992    0.00000   100%  98.8 5385s
 9723313 87410    0.00000   63   27   92.99992    0.00000   100%  98.7 5390s
 9733140 87415 infeasible   69        92.99992    0.00000   100%  98.7 5395s
 9741348 87624    0.00000   66   34   92.99992    0.00000   100%  98.7 5400s
 9752249 87733 infeasible   68        92.99992    0.00000   100%  98.7 5405s
 9761613 87800 infeasible   70        92.99992    0.00000   100%  98.7 5410s
 9769592 87808    0.00000   68   42   92.99992    0.00000   100%  98.7 5415s
 9779452 87741    0.00000   67   31   92.99992    0.00000   100%  98.7 5420s
 9787950 87609    0.00000   70   10   92.99992    0.00000   100%  98.7 5425s
 9798120 87516 infeasible   70        92.99992    0.00000   100%  98.7 5430s
 9807067 87503 infeasible   63        92.99992    0.00000   100%  98.7 5435s
 9815254 87549 infeasible   70        92.99992    0.00000   100%  98.7 5440s
 9825191 87500    0.00000   64   24   92.99992    0.00000   100%  98.7 5445s
 9834734 87372    0.00000   73   32   92.99992    0.00000   100%  98.7 5450s
 9845039 87474 infeasible   78        92.99992    0.00000   100%  98.7 5455s
 9854874 87658    0.00000   70    7   92.99992    0.00000   100%  98.7 5460s
 9864859 87583 infeasible   65        92.99992    0.00000   100%  98.7 5465s
 9874866 87530 infeasible   70        92.99992    0.00000   100%  98.7 5470s
 9884786 87433    0.00000   63   31   92.99992    0.00000   100%  98.7 5475s
 9892326 87242    0.00000   70    9   92.99992    0.00000   100%  98.7 5483s
 9902933 87297 infeasible   68        92.99992    0.00000   100%  98.7 5485s
 9912941 87442    0.00000   68   30   92.99992    0.00000   100%  98.7 5490s
 9922626 87549 infeasible   74        92.99992    0.00000   100%  98.6 5495s
 9931864 87438 infeasible   74        92.99992    0.00000   100%  98.6 5500s
 9942669 87335 infeasible   79        92.99992    0.00000   100%  98.6 5505s
 9952757 87254 infeasible   80        92.99992    0.00000   100%  98.6 5510s
 9961853 87181    0.00000   69   25   92.99992    0.00000   100%  98.6 5515s
 9969762 87454 infeasible   66        92.99992    0.00000   100%  98.6 5520s
 9977891 87593 infeasible   68        92.99992    0.00000   100%  98.6 5525s
 9987408 87590    0.00000   63   21   92.99992    0.00000   100%  98.6 5530s
 9995455 87555    0.00000   70   17   92.99992    0.00000   100%  98.6 5535s
 10004725 87530    0.00000   70   16   92.99992    0.00000   100%  98.6 5540s
 10014087 87529    0.00000   73   23   92.99992    0.00000   100%  98.6 5545s
 10023291 87456 infeasible   67        92.99992    0.00000   100%  98.6 5550s
 10031071 87336 infeasible   79        92.99992    0.00000   100%  98.6 5555s
 10041243 87270    0.00000   69    6   92.99992    0.00000   100%  98.6 5560s
 10050171 87099 infeasible   70        92.99992    0.00000   100%  98.6 5565s
 10058689 87147    0.00000   66   34   92.99992    0.00000   100%  98.6 5570s
 10069499 87178 infeasible   70        92.99992    0.00000   100%  98.6 5575s
 10078726 87249 infeasible   70        92.99992    0.00000   100%  98.6 5580s
 10086906 87190 infeasible   75        92.99992    0.00000   100%  98.6 5585s
 10096592 87040 infeasible   74        92.99992    0.00000   100%  98.6 5590s
 10105288 86948    0.00000   67   42   92.99992    0.00000   100%  98.6 5595s
 10113308 87043    0.00000   70   23   92.99992    0.00000   100%  98.6 5600s
 10122571 87091    0.00000   55   46   92.99992    0.00000   100%  98.6 5605s
 10132205 87046    0.00000   61   44   92.99992    0.00000   100%  98.6 5610s
 10140249 87076    0.00000   69   28   92.99992    0.00000   100%  98.6 5615s
 10150664 87046    0.00000   69   17   92.99992    0.00000   100%  98.6 5620s
 10159221 86973    0.00000   69    7   92.99992    0.00000   100%  98.6 5625s
 10166574 86926    0.00000   69    3   92.99992    0.00000   100%  98.6 5630s
 10176634 86880 infeasible   66        92.99992    0.00000   100%  98.6 5635s
 10184706 87022    0.00000   69    1   92.99992    0.00000   100%  98.7 5640s
 10191595 87070 infeasible   72        92.99992    0.00000   100%  98.7 5645s
 10199054 87207 infeasible   70        92.99992    0.00000   100%  98.7 5650s
 10208176 87248    0.00000   77   30   92.99992    0.00000   100%  98.7 5655s
 10216411 87146    0.00000   74   26   92.99992    0.00000   100%  98.7 5660s
 10223464 87056 infeasible   73        92.99992    0.00000   100%  98.7 5665s
 10231702 87014    0.00000   79   10   92.99992    0.00000   100%  98.7 5670s
 10239595 86983    0.00000   60   11   92.99992    0.00000   100%  98.7 5675s
 10246674 86987    0.00000   70   11   92.99992    0.00000   100%  98.7 5680s
 10256183 86875    0.00000   69    4   92.99992    0.00000   100%  98.7 5685s
 10264420 86876    0.00000   67   39   92.99992    0.00000   100%  98.8 5690s
 10272384 86852 infeasible   78        92.99992    0.00000   100%  98.8 5695s
 10282700 86810    0.00000   69   12   92.99992    0.00000   100%  98.8 5700s
 10290940 86767    0.00000   69   13   92.99992    0.00000   100%  98.8 5705s
 10299647 86785 infeasible   70        92.99992    0.00000   100%  98.8 5710s
 10310518 87068 infeasible   68        92.99992    0.00000   100%  98.8 5715s
 10320551 87727    0.00000   69    8   92.99992    0.00000   100%  98.7 5720s
 10331140 88332 infeasible   69        92.99992    0.00000   100%  98.7 5725s
 10340596 88639    0.00000   69   25   92.99992    0.00000   100%  98.7 5730s
 10350676 88846    0.00000   70   40   92.99992    0.00000   100%  98.7 5735s
 10362361 88920 infeasible   60        92.99992    0.00000   100%  98.7 5740s
 10372869 89103 infeasible   62        92.99992    0.00000   100%  98.7 5745s
 10383352 89422 infeasible   69        92.99992    0.00000   100%  98.6 5750s
 10392792 89536    0.00000   62   29   92.99992    0.00000   100%  98.6 5755s
 10402198 89839    0.00000   62   35   92.99992    0.00000   100%  98.6 5760s
 10415048 90849 infeasible   73        92.99992    0.00000   100%  98.6 5765s
 10427418 91888    0.00000   70   19   92.99992    0.00000   100%  98.6 5770s
 10440718 92662    0.00000   75   40   92.99992    0.00000   100%  98.5 5775s
 10451875 93025   81.00000   68   29   92.99992    0.00000   100%  98.5 5780s
 10462437 93383 infeasible   60        92.99992    0.00000   100%  98.5 5785s
 10473554 93891 infeasible   78        92.99992    0.00000   100%  98.5 5790s
 10483325 94471 infeasible   79        92.99992    0.00000   100%  98.5 5795s
 10496616 94995 infeasible   79        92.99992    0.00000   100%  98.4 5800s
 10508874 95410    0.00000   70   15   92.99992    0.00000   100%  98.4 5805s
 10519059 95724    0.00000   60   19   92.99992    0.00000   100%  98.4 5810s
 10529802 95924 infeasible   60        92.99992    0.00000   100%  98.4 5815s
 10539382 96240    0.00000   60   26   92.99992    0.00000   100%  98.4 5820s
 10550653 97467    0.00000   63   25   92.99992    0.00000   100%  98.3 5825s
 10561486 98579 infeasible   70        92.99992    0.00000   100%  98.3 5830s
 10574445 100219   81.00000   71   41   92.99992    0.00000   100%  98.3 5835s
 10587118 101487 infeasible   70        92.99992    0.00000   100%  98.3 5840s
 10598853 102551   80.00000   65   41   92.99992    0.00000   100%  98.2 5845s
 10609810 103497    0.00000   70   12   92.99992    0.00000   100%  98.2 5850s
 10621924 104132 infeasible   74        92.99992    0.00000   100%  98.2 5855s
 10630990 104400 infeasible   69        92.99992    0.00000   100%  98.2 5860s
 10640512 104696 infeasible   61        92.99992    0.00000   100%  98.2 5865s
 10651767 104750    0.00000   67   40   92.99992    0.00000   100%  98.2 5870s
 10662462 104911 infeasible   70        92.99992    0.00000   100%  98.1 5875s
 10672623 105032 infeasible   70        92.99992    0.00000   100%  98.1 5880s
 10682663 105015 infeasible   69        92.99992    0.00000   100%  98.1 5885s
 10691978 105022    0.00000   69    7   92.99992    0.00000   100%  98.1 5890s
 10700281 104920 infeasible   69        92.99992    0.00000   100%  98.1 5895s
 10709942 104824    0.00000   66   28   92.99992    0.00000   100%  98.1 5900s
 10718647 104853    0.00000   56   36   92.99992    0.00000   100%  98.1 5905s
 10727072 104902    0.00000   60   30   92.99992    0.00000   100%  98.1 5910s
 10736271 104931    0.00000   59   16   92.99992    0.00000   100%  98.1 5915s
 10745633 105044    0.00000   66   39   92.99992    0.00000   100%  98.1 5920s
 10750834 104903 infeasible   69        92.99992    0.00000   100%  98.1 5925s
 10764484 104828 infeasible   69        92.99992    0.00000   100%  98.1 5930s
 10773993 104861 infeasible   69        92.99992    0.00000   100%  98.1 5935s
 10784573 105131    0.00000   60   16   92.99992    0.00000   100%  98.1 5940s
 10795685 105614    0.00000   61   22   92.99992    0.00000   100%  98.1 5945s
 10806743 106231 infeasible   69        92.99992    0.00000   100%  98.1 5950s
 10816917 106481 infeasible   69        92.99992    0.00000   100%  98.0 5955s
 10826695 106746 infeasible   64        92.99992    0.00000   100%  98.0 5960s
 10836196 106901 infeasible   65        92.99992    0.00000   100%  98.0 5965s
 10847746 107351 infeasible   60        92.99992    0.00000   100%  98.0 5970s
 10857437 107767 infeasible   69        92.99992    0.00000   100%  98.0 5975s
 10868551 107947    0.00000   60   11   92.99992    0.00000   100%  98.0 5980s
 10878573 108160    0.00000   67   27   92.99992    0.00000   100%  98.0 5985s
 10887889 108403 infeasible   70        92.99992    0.00000   100%  98.0 5990s
 10898050 108659    0.00000   65   42   92.99992    0.00000   100%  97.9 5995s
 10908271 108935 infeasible   69        92.99992    0.00000   100%  97.9 6000s
 10919321 109242 infeasible   65        92.99992    0.00000   100%  97.9 6005s
 10929495 109329 infeasible   80        92.99992    0.00000   100%  97.9 6010s
 10938974 109446    0.00000   75   27   92.99992    0.00000   100%  97.9 6015s
 10948382 109595    0.00000   71   19   92.99992    0.00000   100%  97.9 6020s
 10957701 109780    0.00000   66   31   92.99992    0.00000   100%  97.9 6025s
 10965500 109818 infeasible   74        92.99992    0.00000   100%  97.9 6030s
 10972954 109828 infeasible   70        92.99992    0.00000   100%  97.9 6035s
 10981269 110004    0.00000   65   29   92.99992    0.00000   100%  97.9 6040s
 10990016 110182    0.00000   79   13   92.99992    0.00000   100%  97.9 6045s
 10997552 110170    0.00000   69   25   92.99992    0.00000   100%  98.0 6050s
 11005131 110245    0.00000   69   10   92.99992    0.00000   100%  98.0 6055s
 11009503 110056 infeasible   70        92.99992    0.00000   100%  98.0 6062s
 11020180 110154 infeasible   70        92.99992    0.00000   100%  98.0 6065s
 11027326 110068 infeasible   70        92.99992    0.00000   100%  98.0 6070s
 11035869 109971 infeasible   70        92.99992    0.00000   100%  98.0 6075s
 11043107 109952 infeasible   75        92.99992    0.00000   100%  98.0 6080s
 11052242 109902    0.00000   70    4   92.99992    0.00000   100%  98.0 6085s
 11060536 109851 infeasible   70        92.99992    0.00000   100%  98.0 6090s
 11069597 109810    0.00000   60   26   92.99992    0.00000   100%  98.0 6095s
 11077839 109733 infeasible   64        92.99992    0.00000   100%  98.0 6100s
 11085699 109732    0.00000   70   10   92.99992    0.00000   100%  98.1 6105s
 11093319 109866 infeasible   69        92.99992    0.00000   100%  98.1 6110s
 11101839 110075    0.00000   63   36   92.99992    0.00000   100%  98.1 6115s
 11108985 110238    0.00000   63   29   92.99992    0.00000   100%  98.1 6120s
 11117351 110322    0.00000   70    7   92.99992    0.00000   100%  98.1 6125s
 11124877 110361 infeasible   70        92.99992    0.00000   100%  98.1 6130s
 11132180 110400    0.00000   63   32   92.99992    0.00000   100%  98.1 6135s
 11141814 110309    0.00000   69   13   92.99992    0.00000   100%  98.1 6140s
 11149942 110236 infeasible   77        92.99992    0.00000   100%  98.1 6145s
 11157861 110188    0.00000   68   42   92.99992    0.00000   100%  98.1 6150s
 11165748 110129    0.00000   66   40   92.99992    0.00000   100%  98.1 6155s
 11173913 110023 infeasible   66        92.99992    0.00000   100%  98.2 6160s
 11181522 110010    0.00000   68   40   92.99992    0.00000   100%  98.2 6165s
 11189831 110039    0.00000   68   40   92.99992    0.00000   100%  98.2 6170s
 11198244 110038 infeasible   65        92.99992    0.00000   100%  98.2 6175s
 11206501 109992 infeasible   66        92.99992    0.00000   100%  98.2 6180s
 11214026 110006 infeasible   71        92.99992    0.00000   100%  98.2 6185s
 11223006 109933    0.00000   73   17   92.99992    0.00000   100%  98.2 6190s
 11231026 109932 infeasible   77        92.99992    0.00000   100%  98.2 6195s
 11238933 109832 infeasible   69        92.99992    0.00000   100%  98.2 6200s
 11248093 109736    0.00000   60   16   92.99992    0.00000   100%  98.2 6205s
 11256155 109645 infeasible   68        92.99992    0.00000   100%  98.2 6210s
 11264941 109664 infeasible   72        92.99992    0.00000   100%  98.2 6215s
 11274623 109736    0.00000   71   10   92.99992    0.00000   100%  98.2 6220s
 11284695 109670    0.00000   69    8   92.99992    0.00000   100%  98.2 6225s
 11294481 109668 infeasible   73        92.99992    0.00000   100%  98.2 6230s
 11301532 109586 infeasible   71        92.99992    0.00000   100%  98.2 6235s
 11313641 109696 infeasible   70        92.99992    0.00000   100%  98.2 6240s
 11322703 109602    0.00000   69    7   92.99992    0.00000   100%  98.2 6245s
 11332002 109567 infeasible   70        92.99992    0.00000   100%  98.2 6250s
 11341252 109480 infeasible   70        92.99992    0.00000   100%  98.2 6255s
 11349620 109504 infeasible   70        92.99992    0.00000   100%  98.2 6260s
 11359481 109490 infeasible   68        92.99992    0.00000   100%  98.2 6265s
 11370034 109482 infeasible   66        92.99992    0.00000   100%  98.2 6270s
 11379728 109354    0.00000   65   38   92.99992    0.00000   100%  98.1 6275s
 11389491 109395    0.00000   64   21   92.99992    0.00000   100%  98.1 6280s
 11399568 109360 infeasible   72        92.99992    0.00000   100%  98.1 6285s
 11407627 109411    0.00000   70   10   92.99992    0.00000   100%  98.1 6290s
 11417805 109531 infeasible   68        92.99992    0.00000   100%  98.1 6295s
 11427213 109622    0.00000   67   26   92.99992    0.00000   100%  98.1 6300s
 11434180 109647 infeasible   69        92.99992    0.00000   100%  98.1 6305s
 11444274 109546    0.00000   69    9   92.99992    0.00000   100%  98.1 6310s
 11452730 109453    0.00000   70   22   92.99992    0.00000   100%  98.1 6315s
 11460966 109522 infeasible   80        92.99992    0.00000   100%  98.1 6320s
 11471503 109410    0.00000   74   26   92.99992    0.00000   100%  98.1 6325s
 11480654 109337 infeasible   72        92.99992    0.00000   100%  98.1 6330s
 11489834 109336 infeasible   74        92.99992    0.00000   100%  98.1 6335s
 11498720 109311 infeasible   77        92.99992    0.00000   100%  98.1 6340s
 11507729 109465    0.00000   75   18   92.99992    0.00000   100%  98.1 6345s
 11518071 109742    0.00000   66   39   92.99992    0.00000   100%  98.1 6350s
 11528207 109866 infeasible   84        92.99992    0.00000   100%  98.1 6355s
 11538013 109804 infeasible   70        92.99992    0.00000   100%  98.1 6360s
 11546322 109714    0.00000   68   22   92.99992    0.00000   100%  98.1 6365s
 11556074 109650    0.00000   69   24   92.99992    0.00000   100%  98.1 6370s
 11564600 109589    0.00000   67   27   92.99992    0.00000   100%  98.1 6375s
 11572550 109461    0.00000   67   30   92.99992    0.00000   100%  98.1 6380s
 11582849 109368 infeasible   69        92.99992    0.00000   100%  98.1 6385s
 11591844 109099 infeasible   70        92.99992    0.00000   100%  98.1 6391s
 11601842 109224 infeasible   69        92.99992    0.00000   100%  98.1 6395s
 11611496 109304    0.00000   69    9   92.99992    0.00000   100%  98.1 6400s
 11620966 109192    0.00000   59   23   92.99992    0.00000   100%  98.1 6405s
 11628754 109199 infeasible   76        92.99992    0.00000   100%  98.1 6410s
 11638678 109096 infeasible   57        92.99992    0.00000   100%  98.1 6415s
 11647211 109035    0.00000   67   23   92.99992    0.00000   100%  98.1 6420s
 11655275 109075 infeasible   69        92.99992    0.00000   100%  98.1 6425s
 11666002 109200 infeasible   73        92.99992    0.00000   100%  98.1 6430s
 11676317 109224 infeasible   69        92.99992    0.00000   100%  98.1 6435s
 11684944 109351    0.00000   67   32   92.99992    0.00000   100%  98.1 6440s
 11695231 109392    0.00000   67   35   92.99992    0.00000   100%  98.1 6445s
 11703460 109419    0.00000   70    6   92.99992    0.00000   100%  98.1 6450s
 11713704 109439    0.00000   69   27   92.99992    0.00000   100%  98.0 6455s
 11721724 109489 infeasible   67        92.99992    0.00000   100%  98.1 6460s
 11731158 109419 infeasible   70        92.99992    0.00000   100%  98.0 6465s
 11739732 109380 infeasible   70        92.99992    0.00000   100%  98.0 6470s
 11750271 109400    0.00000   70   24   92.99992    0.00000   100%  98.1 6475s
 11758925 109598    0.00000   72   28   92.99992    0.00000   100%  98.0 6480s
 11770094 109865    0.00000   70    3   92.99992    0.00000   100%  98.0 6485s
 11778198 109960 infeasible   70        92.99992    0.00000   100%  98.0 6490s
 11788657 109940    0.00000   65   34   92.99992    0.00000   100%  98.0 6495s
 11797114 109930 infeasible   69        92.99992    0.00000   100%  98.0 6500s
 11806615 110003    0.00000   64   30   92.99992    0.00000   100%  98.0 6505s
 11817448 109941 infeasible   69        92.99992    0.00000   100%  98.0 6510s
 11826892 109863    0.00000   71   25   92.99992    0.00000   100%  98.0 6515s
 11836150 109851    0.00000   77   24   92.99992    0.00000   100%  98.0 6520s
 11846778 109899    0.00000   67   35   92.99992    0.00000   100%  98.0 6525s
 11855914 109929    0.00000   70   25   92.99992    0.00000   100%  98.0 6530s
 11866701 109891    0.00000   70   14   92.99992    0.00000   100%  98.0 6535s
 11875923 110023 infeasible   79        92.99992    0.00000   100%  98.0 6540s
 11886198 110038 infeasible   70        92.99992    0.00000   100%  98.0 6545s
 11895518 110057    0.00000   69   12   92.99992    0.00000   100%  98.0 6550s
 11906419 109997    0.00000   70    9   92.99992    0.00000   100%  98.0 6555s
 11915485 109900 infeasible   71        92.99992    0.00000   100%  98.0 6560s
 11922090 110079 infeasible   70        92.99992    0.00000   100%  98.0 6565s
 11932444 110232    0.00000   59   10   92.99992    0.00000   100%  98.0 6570s
 11941174 110587 infeasible   80        92.99992    0.00000   100%  98.0 6575s
 11949284 110819 infeasible   60        92.99992    0.00000   100%  98.0 6580s
 11958452 110916 infeasible   73        92.99992    0.00000   100%  98.0 6585s
 11967772 110936 infeasible   69        92.99992    0.00000   100%  98.0 6590s
 11976029 110942 infeasible   70        92.99992    0.00000   100%  98.0 6595s
 11985504 110891 infeasible   69        92.99992    0.00000   100%  98.0 6600s
 11995159 110761    0.00000   65   30   92.99992    0.00000   100%  98.0 6605s
 12004686 110684 infeasible   68        92.99992    0.00000   100%  98.0 6610s
 12013751 110638    0.00000   67   41   92.99992    0.00000   100%  98.0 6615s
 12021509 110636 infeasible   70        92.99992    0.00000   100%  98.0 6620s
 12031192 110706    0.00000   69    5   92.99992    0.00000   100%  98.0 6625s
 12040011 110738 infeasible   70        92.99992    0.00000   100%  97.9 6630s
 12048503 110768 infeasible   70        92.99992    0.00000   100%  97.9 6635s
 12057628 110742    0.00000   69    5   92.99992    0.00000   100%  97.9 6640s
 12066033 110671    0.00000   71   37   92.99992    0.00000   100%  97.9 6645s
 12074925 110599    0.00000   70   25   92.99992    0.00000   100%  97.9 6650s
 12084015 110599 infeasible   70        92.99992    0.00000   100%  97.9 6655s
 12092373 110640    0.00000   70   31   92.99992    0.00000   100%  97.9 6660s
 12101090 110622    0.00000   65   37   92.99992    0.00000   100%  97.9 6665s
 12109389 110631 infeasible   70        92.99992    0.00000   100%  97.9 6670s
 12117290 110662 infeasible   72        92.99992    0.00000   100%  97.9 6675s
 12127480 110603 infeasible   69        92.99992    0.00000   100%  97.9 6680s
 12135246 110678    0.00000   70   19   92.99992    0.00000   100%  97.9 6685s
 12144776 110842 infeasible   68        92.99992    0.00000   100%  97.9 6690s
 12155367 110957 infeasible   70        92.99992    0.00000   100%  97.9 6695s
 12164108 111049 infeasible   71        92.99992    0.00000   100%  97.9 6700s
 12173880 111030    0.00000   77   38   92.99992    0.00000   100%  97.9 6705s
 12180934 111032    0.00000   67   19   92.99992    0.00000   100%  97.9 6710s
 12189666 110938    0.00000   74   33   92.99992    0.00000   100%  97.9 6715s
 12199868 110927 infeasible   78        92.99992    0.00000   100%  97.9 6720s
 12208678 111002 infeasible   75        92.99992    0.00000   100%  97.9 6725s
 12217973 110921    0.00000   70   11   92.99992    0.00000   100%  97.9 6730s
 12227923 110806 infeasible   70        92.99992    0.00000   100%  97.9 6735s
 12237025 110682 infeasible   80        92.99992    0.00000   100%  97.9 6740s
 12245566 110665    0.00000   77   22   92.99992    0.00000   100%  97.9 6745s
 12255810 110520    0.00000   70   19   92.99992    0.00000   100%  97.9 6750s
 12263877 110631    0.00000   65   40   92.99992    0.00000   100%  97.9 6755s
 12272683 110715    0.00000   69    6   92.99992    0.00000   100%  97.9 6760s
 12281598 110763    0.00000   67   42   92.99992    0.00000   100%  97.9 6765s
 12290049 110691 infeasible   74        92.99992    0.00000   100%  97.9 6770s
 12298269 110586    0.00000   70   28   92.99992    0.00000   100%  97.9 6775s
 12308165 110488    0.00000   71   12   92.99992    0.00000   100%  97.9 6780s
 12316557 110487 infeasible   64        92.99992    0.00000   100%  97.9 6785s
 12325403 110538    0.00000   61   25   92.99992    0.00000   100%  97.9 6790s
 12333519 110571    0.00000   69   26   92.99992    0.00000   100%  97.9 6795s
 12343265 110750    0.00000   60   11   92.99992    0.00000   100%  97.9 6800s
 12350186 110843 infeasible   75        92.99992    0.00000   100%  97.9 6805s
 12358723 110815 infeasible   61        92.99992    0.00000   100%  97.9 6810s
 12367158 110698 infeasible   73        92.99992    0.00000   100%  97.9 6815s
 12375302 110666    0.00000   60   17   92.99992    0.00000   100%  97.9 6820s
 12384527 110531 infeasible   69        92.99992    0.00000   100%  97.9 6825s
 12392592 110522    0.00000   70    4   92.99992    0.00000   100%  97.9 6830s
 12401296 110503 infeasible   70        92.99992    0.00000   100%  97.9 6835s
 12409802 110600 infeasible   69        92.99992    0.00000   100%  97.9 6840s
 12417844 110704 infeasible   69        92.99992    0.00000   100%  97.9 6845s
 12427895 110735 infeasible   60        92.99992    0.00000   100%  97.9 6850s
 12436448 110741 infeasible   74        92.99992    0.00000   100%  97.9 6855s
 12444552 110623 infeasible   69        92.99992    0.00000   100%  97.9 6860s
 12454551 110536    0.00000   68   33   92.99992    0.00000   100%  97.9 6865s
 12462971 110556 infeasible   70        92.99992    0.00000   100%  97.9 6870s
 12471556 110457    0.00000   76   35   92.99992    0.00000   100%  97.9 6875s
 12480010 110513 infeasible   67        92.99992    0.00000   100%  97.9 6880s
 12488692 110675 infeasible   64        92.99992    0.00000   100%  97.9 6885s
 12496953 110922 infeasible   87        92.99992    0.00000   100%  97.9 6890s
 12506047 111050    0.00000   69   21   92.99992    0.00000   100%  97.9 6895s
 12514918 111168 infeasible   69        92.99992    0.00000   100%  97.9 6900s
 12522648 111335    0.00000   65   24   92.99992    0.00000   100%  98.0 6905s
 12530122 111328    0.00000   58   41   92.99992    0.00000   100%  98.0 6910s
 12539346 111343 infeasible   62        92.99992    0.00000   100%  98.0 6915s
 12546879 111256    0.00000   66   40   92.99992    0.00000   100%  98.0 6920s
 12555942 111198 infeasible   74        92.99992    0.00000   100%  98.0 6925s
 12563163 111114    0.00000   68   34   92.99992    0.00000   100%  98.0 6930s
 12569565 111017 infeasible   70        92.99992    0.00000   100%  98.0 6935s
 12578441 110967    0.00000   70   14   92.99992    0.00000   100%  98.0 6940s
 12586638 110938    0.00000   63   36   92.99992    0.00000   100%  98.0 6945s
 12595440 111002    0.00000   67   50   92.99992    0.00000   100%  98.0 6950s
 12603932 110994 infeasible   79        92.99992    0.00000   100%  98.0 6955s
 12611557 111005 infeasible   78        92.99992    0.00000   100%  98.0 6960s
 12619452 110912 infeasible   80        92.99992    0.00000   100%  98.0 6965s
 12627235 110845 infeasible   69        92.99992    0.00000   100%  98.0 6970s
 12635840 110756    0.00000   71   22   92.99992    0.00000   100%  98.0 6975s
 12643155 110690    0.00000   53   34   92.99992    0.00000   100%  98.0 6980s
 12652014 110683 infeasible   63        92.99992    0.00000   100%  98.0 6985s
 12660038 110647    0.00000   70   20   92.99992    0.00000   100%  98.0 6990s
 12667884 110509 infeasible   70        92.99992    0.00000   100%  98.1 6995s
 12676880 110474 infeasible   66        92.99992    0.00000   100%  98.1 7000s
 12685218 110552    0.00000   73   17   92.99992    0.00000   100%  98.1 7005s
 12694232 110773 infeasible   71        92.99992    0.00000   100%  98.1 7010s
 12703924 110795    0.00000   67   47   92.99992    0.00000   100%  98.1 7015s
 12713470 110748 infeasible   69        92.99992    0.00000   100%  98.0 7020s
 12720690 110625 infeasible   67        92.99992    0.00000   100%  98.0 7025s
 12730218 110450 infeasible   63        92.99992    0.00000   100%  98.1 7030s
 12738491 110434    0.00000   69   21   92.99992    0.00000   100%  98.1 7035s
 12748208 110407 infeasible   74        92.99992    0.00000   100%  98.1 7040s
 12757364 110536    0.00000   62   20   92.99992    0.00000   100%  98.0 7045s
 12766364 110694 infeasible   70        92.99992    0.00000   100%  98.0 7050s
 12774566 110730    0.00000   68   31   92.99992    0.00000   100%  98.0 7055s
 12784155 110755 infeasible   70        92.99992    0.00000   100%  98.0 7060s
 12793212 110664    0.00000   70    9   92.99992    0.00000   100%  98.0 7065s
 12803197 110616    0.00000   68   45   92.99992    0.00000   100%  98.0 7070s
 12811426 110535    0.00000   74   26   92.99992    0.00000   100%  98.0 7075s
 12818438 110591 infeasible   69        92.99992    0.00000   100%  98.0 7080s
 12827974 110785 infeasible   68        92.99992    0.00000   100%  98.0 7085s
 12837571 110799    0.00000   59    7   92.99992    0.00000   100%  98.0 7090s
 12846902 110720    0.00000   68   31   92.99992    0.00000   100%  98.0 7095s
 12854257 110647 infeasible   65        92.99992    0.00000   100%  98.0 7100s
 12864699 110568 infeasible   70        92.99992    0.00000   100%  98.0 7105s
 12873158 110583 infeasible   72        92.99992    0.00000   100%  98.0 7110s
 12881961 110589 infeasible   70        92.99992    0.00000   100%  98.0 7115s
 12892163 110570    0.00000   68   41   92.99992    0.00000   100%  98.0 7120s
 12897006 110565    0.00000   62   44   92.99992    0.00000   100%  98.0 7126s
 12911279 110604 infeasible   70        92.99992    0.00000   100%  98.0 7130s
 12921280 110650 infeasible   72        92.99992    0.00000   100%  98.0 7135s
 12930667 110730    0.00000   77   21   92.99992    0.00000   100%  98.0 7140s
 12940960 110900 infeasible   70        92.99992    0.00000   100%  98.0 7145s
 12949940 110947    0.00000   70   11   92.99992    0.00000   100%  98.0 7150s
 12959227 110821 infeasible   70        92.99992    0.00000   100%  98.0 7155s
 12967899 110698 infeasible   70        92.99992    0.00000   100%  98.0 7160s
 12977717 110681    0.00000   63   37   92.99992    0.00000   100%  98.0 7165s
 12987777 110665 infeasible   78        92.99992    0.00000   100%  98.0 7170s
 12996403 110759    0.00000   70    9   92.99992    0.00000   100%  98.0 7175s
 13006326 110978    0.00000   81   28   92.99992    0.00000   100%  98.0 7180s
 13017554 110988    0.00000   80    7   92.99992    0.00000   100%  98.0 7185s
 13027948 110966    0.00000   70   13   92.99992    0.00000   100%  98.0 7190s
 13037931 110950 infeasible   74        92.99992    0.00000   100%  98.0 7195s
 13049073 110917    0.00000   71   30   92.99992    0.00000   100%  98.0 7200s

Cutting planes:
  Gomory: 1
  Cover: 2
  Flow cover: 8
  RLT: 1
  Relax-and-lift: 1

Explored 13049385 nodes (1278917327 simplex iterations) in 7200.18 seconds (13652.75 work units)
Thread count was 8 (of 192 available processors)

Solution count 10: 92.9999 93 93 ... 93

Time limit reached
Best objective 9.299992432343e+01, best bound 0.000000000000e+00, gap 100.0000%

User-callback calls 29267929, time in user-callback 4.92 sec

AVANT CALCUL DES AUTRES INDICATEURS
Obj_rho = 93
Obj_lambda = 0
Obj_phi = 0
AVANT CALCUL DES AUTRES INDICATEURS
Obj_rho = 93
Obj_lambda = 0
Obj_phi = 0
✅ Solution trouvée (status: TIME_LIMIT)
🎯 Objective global: 92.99992432342697
⏱️ Time used: 7200.18
Nombre de vols satisfaits: 196
Nombre de vols non satisfaits: 0

✈️ Paths for each aircraft:

🛩️ Aircraft N607AS path (27 nodes): s_(u=0, v=0, w=0) ➡️  N607AS_(u=3166, v=27, w=6) ➡️  ANC_SEA_162_428_(u=3340, v=28, w=6) ➡️  SEA_ANC_582_739_(u=3534, v=29, w=6) ➡️  ANC_SEA_1660_1931_(u=3725, v=30, w=7) ➡️  SEA_ANC_2030_2168_(u=3901, v=31, w=7) ➡️  ANC_CDV_2249_2310_(u=3938, v=32, w=7) ➡️  CDV_YAK_2357_2404_(u=3976, v=33, w=7) ➡️  YAK_JNU_2447_2500_(u=4010, v=34, w=7) ➡️  JNU_SEA_2569_2776_(u=4127, v=35, w=7) ➡️  SEA_LAS_3342_3511_(u=4255, v=36, w=8) ➡️  LAS_SEA_3563_3728_(u=4390, v=37, w=8) ➡️  SEA_ATL_3841_4313_(u=4654, v=38, w=8) ➡️  ATL_SEA_4752_4910_(u=4941, v=39, w=9) ➡️  SEA_RDM_4991_5054_(u=4979, v=40, w=9) ➡️  RDM_SEA_5133_5199_(u=5027, v=41, w=9) ➡️  SEA_ANC_5295_5444_(u=5216, v=42, w=9) ➡️  ANC_JNU_6410_6511_(u=5299, v=43, w=10) ➡️  JNU_PSG_6558_6607_(u=5329, v=44, w=10) ➡️  PSG_WRG_6650_6684_(u=5345, v=45, w=10) ➡️  WRG_KTN_6726_6760_(u=5367, v=46, w=10) ➡️  KTN_SEA_6808_6973_(u=5457, v=47, w=10) ➡️  SEA_MCI_7916_8251_(u=5642, v=48, w=11) ➡️  MCI_SEA_8308_8432_(u=5842, v=49, w=11) ➡️  SEA_JNU_8494_8605_(u=5988, v=50, w=11) ➡️  JNU_SEA_9259_9463_(u=99, v=1, w=1) ➡️  SEA_DEN_9579_9790_(u=229, v=2, w=1) ➡️  DEN_SEA_9846_9966_(u=384, v=3, w=1) ➡️  SEA_FAI_10053_10220_(u=588, v=4, w=1) ➡️  t_(u=0, v=0, w=0)

🛩️ Aircraft N585AS path (30 nodes): s_(u=0, v=0, w=0) ➡️  N585AS_(u=3542, v=30, w=6) ➡️  ANC_SEA_137_389_(u=3715, v=31, w=6) ➡️  SEA_ANC_479_633_(u=3908, v=32, w=6) ➡️  ANC_SEA_715_980_(u=4089, v=33, w=6) ➡️  SEA_BUR_1045_1181_(u=4207, v=34, w=6) ➡️  BUR_SEA_1268_1435_(u=4345, v=35, w=6) ➡️  SEA_SJC_1855_1984_(u=4455, v=36, w=7) ➡️  SJC_SEA_2047_2171_(u=4552, v=37, w=7) ➡️  SEA_SBA_2265_2429_(u=4683, v=38, w=7) ➡️  SBA_SEA_2482_2633_(u=4799, v=39, w=7) ➡️  SEA_PDX_2732_2790_(u=4828, v=40, w=7) ➡️  PDX_ANC_2866_3034_(u=5031, v=41, w=7) ➡️  ANC_SEA_3102_3363_(u=5205, v=42, w=8) ➡️  SEA_ANC_3462_3616_(u=5393, v=43, w=8) ➡️  ANC_JNU_4064_4188_(u=5486, v=44, w=8) ➡️  JNU_SIT_4227_4276_(u=5509, v=45, w=8) ➡️  SIT_JNU_4672_4708_(u=5532, v=46, w=9) ➡️  JNU_ANC_4773_4879_(u=5620, v=47, w=9) ➡️  ANC_BET_4949_5073_(u=5677, v=48, w=9) ➡️  BET_ANC_5111_5186_(u=5738, v=49, w=9) ➡️  ANC_SEA_5503_5765_(u=5919, v=50, w=9) ➡️  SEA_ATL_6289_6758_(u=266, v=1, w=1) ➡️  ATL_SEA_6839_6970_(u=557, v=2, w=1) ➡️  SEA_PDX_7152_7210_(u=586, v=3, w=1) ➡️  PDX_SEA_7495_7564_(u=618, v=4, w=2) ➡️  SEA_LIH_7702_8038_(u=950, v=5, w=2) ➡️  LIH_SEA_8108_8604_(u=1290, v=6, w=2) ➡️  SEA_PHX_9068_9279_(u=1423, v=7, w=3) ➡️  PHX_SEA_9344_9480_(u=1592, v=8, w=3) ➡️  SEA_PHX_9550_9765_(u=1728, v=9, w=3) ➡️  PHX_SEA_9831_9982_(u=1911, v=10, w=3) ➡️  t_(u=0, v=0, w=0)

🛩️ Aircraft N317AS path (29 nodes): s_(u=0, v=0, w=0) ➡️  N317AS_(u=0, v=0, w=1) ➡️  FAI_SEA_201_455_(u=177, v=1, w=1) ➡️  SEA_LAX_528_675_(u=298, v=2, w=1) ➡️  LAX_SEA_743_917_(u=446, v=3, w=1) ➡️  SEA_SFO_990_1113_(u=549, v=4, w=1) ➡️  SFO_SEA_1177_1307_(u=648, v=5, w=1) ➡️  SEA_SLC_1846_2021_(u=744, v=6, w=2) ➡️  SLC_SEA_2122_2206_(u=845, v=7, w=2) ➡️  SEA_SJC_2247_2382_(u=962, v=8, w=2) ➡️  SJC_SEA_2432_2554_(u=1057, v=9, w=2) ➡️  SEA_ANC_2874_3028_(u=1250, v=10, w=2) ➡️  ANC_SEA_3168_3438_(u=1432, v=11, w=3) ➡️  SEA_IAD_3504_3971_(u=1697, v=12, w=3) ➡️  IAD_SEA_4030_4189_(u=2006, v=13, w=3) ➡️  SEA_SMF_4248_4369_(u=2087, v=14, w=3) ➡️  SMF_SEA_4703_4832_(u=2186, v=15, w=4) ➡️  SEA_PIT_4922_5383_(u=2430, v=16, w=4) ➡️  PIT_SEA_5447_5576_(u=2718, v=17, w=4) ➡️  SEA_SLC_6187_6360_(u=2810, v=18, w=5) ➡️  SLC_SEA_6449_6557_(u=2922, v=19, w=5) ➡️  SEA_PHX_6669_6910_(u=3055, v=20, w=5) ➡️  PHX_SEA_6965_7117_(u=3234, v=21, w=5) ➡️  SEA_DFW_7182_7527_(u=3431, v=22, w=5) ➡️  DFW_SEA_7641_7776_(u=3657, v=23, w=6) ➡️  SEA_DFW_7967_8313_(u=3855, v=24, w=6) ➡️  DFW_SEA_8423_8562_(u=4087, v=25, w=6) ➡️  SEA_MSP_9120_9435_(u=4262, v=26, w=7) ➡️  MSP_SEA_9512_9628_(u=4452, v=27, w=7) ➡️  SEA_PHX_9672_9885_(u=4586, v=28, w=7) ➡️  PHX_SEA_9941_10089_(u=4770, v=29, w=7) ➡️  t_(u=0, v=0, w=0)

🛩️ Aircraft N587AS path (28 nodes): s_(u=0, v=0, w=0) ➡️  N587AS_(u=0, v=0, w=1) ➡️  JNU_SEA_310_514_(u=116, v=1, w=1) ➡️  SEA_PHX_570_794_(u=257, v=2, w=1) ➡️  PHX_SEA_857_991_(u=422, v=3, w=1) ➡️  SEA_LAS_1064_1207_(u=532, v=4, w=1) ➡️  LAS_SFO_1317_1401_(u=598, v=5, w=1) ➡️  SFO_ORD_1859_2247_(u=830, v=6, w=2) ➡️  ORD_SFO_2309_2462_(u=1075, v=7, w=2) ➡️  SFO_AUS_2533_2855_(u=1252, v=8, w=2) ➡️  AUS_SFO_3432_3558_(u=1462, v=9, w=3) ➡️  SFO_SEA_3655_3795_(u=1571, v=10, w=3) ➡️  SEA_LAS_3857_4005_(u=1695, v=11, w=3) ➡️  LAS_SEA_4086_4272_(u=1839, v=12, w=3) ➡️  SEA_PHX_4668_4915_(u=1976, v=13, w=4) ➡️  PHX_SEA_4965_5107_(u=2151, v=14, w=4) ➡️  SEA_SAN_5176_5324_(u=2276, v=15, w=4) ➡️  SAN_SEA_5397_5572_(u=2428, v=16, w=4) ➡️  SEA_DAL_6207_6549_(u=2627, v=17, w=5) ➡️  DAL_SEA_6619_6766_(u=2877, v=18, w=5) ➡️  SEA_STL_6837_7194_(u=3076, v=19, w=5) ➡️  STL_SEA_7614_7836_(u=3308, v=20, w=6) ➡️  SEA_PHX_8018_8241_(u=3446, v=21, w=6) ➡️  PHX_ANC_8336_8626_(u=3823, v=22, w=6) ➡️  ANC_SEA_8684_8926_(u=3981, v=23, w=7) ➡️  SEA_SFO_8995_9134_(u=4069, v=24, w=7) ➡️  SFO_JAC_9215_9444_(u=4218, v=25, w=7) ➡️  JAC_SFO_9493_9582_(u=4330, v=26, w=7) ➡️  SFO_PDX_9628_9744_(u=4426, v=27, w=7) ➡️  PDX_SFO_9826_9943_(u=4501, v=28, w=7) ➡️  t_(u=0, v=0, w=0)

🛩️ Aircraft N284AK path (27 nodes): s_(u=0, v=0, w=0) ➡️  N284AK_(u=0, v=0, w=1) ➡️  PHX_PDX_356_453_(u=138, v=1, w=1) ➡️  PDX_FLL_541_1050_(u=449, v=2, w=1) ➡️  FLL_SFO_1118_1320_(u=802, v=3, w=1) ➡️  SFO_FLL_1383_1870_(u=1079, v=4, w=1) ➡️  FLL_PDX_2018_2231_(u=1440, v=5, w=2) ➡️  PDX_JFK_2322_2828_(u=1728, v=6, w=2) ➡️  JFK_PSP_3414_3583_(u=2053, v=7, w=3) ➡️  PSP_SEA_3697_3873_(u=2207, v=8, w=3) ➡️  SEA_SAN_4005_4151_(u=2328, v=9, w=3) ➡️  SAN_TPA_4795_5235_(u=2561, v=10, w=4) ➡️  TPA_SAN_5307_5449_(u=2849, v=11, w=4) ➡️  SAN_SEA_5512_5695_(u=3003, v=12, w=4) ➡️  SEA_MSP_6233_6559_(u=3174, v=13, w=5) ➡️  MSP_SEA_6615_6760_(u=3372, v=14, w=5) ➡️  SEA_SNA_6813_6972_(u=3499, v=15, w=5) ➡️  SNA_SEA_7009_7192_(u=3653, v=16, w=5) ➡️  SEA_PHX_7626_7841_(u=3788, v=17, w=6) ➡️  PHX_SEA_7908_8038_(u=3949, v=18, w=6) ➡️  SEA_PHX_8109_8330_(u=4085, v=19, w=6) ➡️  PHX_SEA_8407_8537_(u=4249, v=20, w=6) ➡️  SEA_ORD_8600_8957_(u=4457, v=21, w=6) ➡️  ORD_PDX_9026_9156_(u=4689, v=22, w=7) ➡️  PDX_SEA_9262_9310_(u=4721, v=23, w=7) ➡️  SEA_BOI_9372_9523_(u=4783, v=24, w=7) ➡️  BOI_SEA_9582_9616_(u=4857, v=25, w=7) ➡️  SEA_LIH_9718_9994_(u=5202, v=26, w=7) ➡️  LIH_SAN_10060_10521_(u=5521, v=27, w=7) ➡️  t_(u=0, v=0, w=0)

🛩️ Aircraft N320AS path (28 nodes): s_(u=0, v=0, w=0) ➡️  N320AS_(u=0, v=0, w=1) ➡️  SJC_SEA_364_507_(u=106, v=1, w=1) ➡️  SEA_PIT_580_1048_(u=364, v=2, w=1) ➡️  PIT_SEA_1104_1236_(u=638, v=3, w=1) ➡️  SEA_ORD_1795_2159_(u=848, v=4, w=2) ➡️  ORD_PDX_2215_2349_(u=1083, v=5, w=2) ➡️  PDX_ONT_2434_2569_(u=1205, v=6, w=2) ➡️  ONT_PDX_2628_2754_(u=1316, v=7, w=2) ➡️  PDX_SEA_3178_3252_(u=1352, v=8, w=3) ➡️  SEA_ANC_3375_3530_(u=1543, v=9, w=3) ➡️  ANC_SEA_3593_3853_(u=1726, v=10, w=3) ➡️  SEA_ONT_3941_4070_(u=1836, v=11, w=3) ➡️  ONT_SEA_4675_4856_(u=1992, v=12, w=4) ➡️  SEA_DCA_4891_5368_(u=2263, v=13, w=4) ➡️  DCA_SEA_5437_5593_(u=2578, v=14, w=4) ➡️  SEA_SMF_5645_5755_(u=2659, v=15, w=4) ➡️  SMF_SEA_6112_6231_(u=2755, v=16, w=5) ➡️  SEA_LIH_6321_6593_(u=3116, v=17, w=5) ➡️  LIH_SEA_6647_7117_(u=3432, v=18, w=5) ➡️  SEA_SNA_7578_7729_(u=3557, v=19, w=6) ➡️  SNA_SEA_7783_7960_(u=3717, v=20, w=6) ➡️  SEA_OAK_8006_8114_(u=3809, v=21, w=6) ➡️  OAK_SEA_8157_8285_(u=3908, v=22, w=6) ➡️  SEA_SMF_8335_8455_(u=3983, v=23, w=6) ➡️  SMF_SEA_8490_8613_(u=4086, v=24, w=6) ➡️  SEA_SNA_9008_9175_(u=4197, v=25, w=7) ➡️  SNA_SEA_9239_9448_(u=4382, v=26, w=7) ➡️  SEA_BUR_9508_9638_(u=4489, v=27, w=7) ➡️  BUR_SEA_9709_9913_(u=4651, v=28, w=7) ➡️  t_(u=0, v=0, w=0)

🛩️ Aircraft N277AK path (27 nodes): s_(u=0, v=0, w=0) ➡️  N277AK_(u=0, v=0, w=1) ➡️  SEA_FAT_375_503_(u=113, v=1, w=1) ➡️  FAT_SEA_559_687_(u=221, v=2, w=1) ➡️  SEA_ANC_799_933_(u=399, v=3, w=1) ➡️  ANC_SEA_1062_1344_(u=587, v=4, w=1) ➡️  SEA_ORD_1401_1741_(u=790, v=5, w=1) ➡️  ORD_SEA_1807_1944_(u=1018, v=6, w=2) ➡️  SEA_IAD_2038_2527_(u=1290, v=7, w=2) ➡️  IAD_SEA_2584_2741_(u=1599, v=8, w=2) ➡️  SEA_IAH_2838_3229_(u=1831, v=9, w=2) ➡️  IAH_SEA_3299_3463_(u=2075, v=10, w=3) ➡️  SEA_DEN_3550_3770_(u=2211, v=11, w=3) ➡️  DEN_SEA_3827_3928_(u=2350, v=12, w=3) ➡️  SEA_PHX_4087_4345_(u=2486, v=13, w=3) ➡️  PHX_SEA_4706_4849_(u=2665, v=14, w=4) ➡️  SEA_CLE_4925_5380_(u=2900, v=15, w=4) ➡️  CLE_SEA_5435_5585_(u=3176, v=16, w=4) ➡️  SEA_LAS_6225_6362_(u=3287, v=17, w=5) ➡️  LAS_SEA_6427_6598_(u=3433, v=18, w=5) ➡️  SEA_LAX_6651_6804_(u=3555, v=19, w=5) ➡️  LAX_SEA_6863_7042_(u=3708, v=20, w=5) ➡️  SEA_SMF_7089_7200_(u=3794, v=21, w=5) ➡️  SMF_SEA_7553_7682_(u=3890, v=22, w=6) ➡️  SEA_FLL_7746_8300_(u=4210, v=23, w=6) ➡️  FLL_SEA_8359_8570_(u=4569, v=24, w=6) ➡️  SEA_SAN_9117_9279_(u=4683, v=25, w=7) ➡️  SAN_MCO_9359_9801_(u=4919, v=26, w=7) ➡️  MCO_SEA_9867_10065_(u=5265, v=27, w=7) ➡️  t_(u=0, v=0, w=0)

🛠️ Maintenance at node SEA_ATL_6289_6758 by aircraft N585AS | ρ=81; λ=0; φ=1
🛠️ Maintenance at node JNU_SEA_9259_9463 by aircraft N607AS | ρ=12; λ=0; φ=-1

Nombre de maintenances au total: 2.0
Stations de maintenance utilisées: Any["JNU", "SEA"]
Nombre de stations de maintenance utilisées: 2
