INSTANCE 196FL_7A_7
PREPROCESSING : false
-----------------------INSTANCE 196FL_7A_7--------------------------
Gurobi 12.0.2 (linux64) logging started Mon Nov 24 10:46:37 2025

Set parameter LogFile to value "RESULTS/A_MTN_2/FH_FC_MAX/result_196FL_7A_7_without_prep.txt"
Set parameter LogToConsole to value 0

Gurobi 12.0.2 (linux64) logging started Mon Nov 24 10:46:39 2025

Set parameter LogFile to value "RESULTS/A_MTN_2/FH_FC_MAX/result_196FL_7A_7_without_prep.txt"
Gurobi Optimizer version 12.0.2 build v12.0.2rc0 (linux64 - "AlmaLinux 9.6 (Sage Margay)")

CPU model: Intel(R) Xeon(R) 6972P, instruction set [SSE2|AVX|AVX2|AVX512]
Thread count: 192 physical cores, 192 logical processors, using up to 8 threads

Non-default parameters:
TimeLimit  7200
LogToConsole  0
Threads  8

Optimize a model with 5950 rows, 1752 columns and 80975 nonzeros
Model fingerprint: 0xc48b3788
Variable types: 510 continuous, 1242 integer (1142 binary)
Coefficient statistics:
  Matrix range     [1e+00, 6e+03]
  Objective range  [1e+00, 4e+02]
  Bounds range     [1e+00, 6e+03]
  RHS range        [1e+00, 6e+03]
Presolve removed 1770 rows and 651 columns
Presolve time: 0.10s
Presolved: 4180 rows, 1101 columns, 25567 nonzeros
Variable types: 229 continuous, 872 integer (803 binary)

Root relaxation: objective 0.000000e+00, 612 iterations, 0.02 seconds (0.02 work units)

    Nodes    |    Current Node    |     Objective Bounds      |     Work
 Expl Unexpl |  Obj  Depth IntInf | Incumbent    BestBd   Gap | It/Node Time

     0     0    0.00000    0    7          -    0.00000      -     -    0s
H    0     0                    6135.0000000    0.00000   100%     -    0s
H    0     0                    4009.0000000    0.00000   100%     -    0s
     0     0    0.00000    0   14 4009.00000    0.00000   100%     -    0s
H    0     0                    3981.0000000    0.00000   100%     -    0s
H    0     0                    3685.0000000    0.00000   100%     -    0s
     0     0    0.00000    0    1 3685.00000    0.00000   100%     -    0s
     0     0    0.00000    0    9 3685.00000    0.00000   100%     -    0s
     0     0    0.00000    0    9 3685.00000    0.00000   100%     -    0s
     0     0    0.00000    0    9 3685.00000    0.00000   100%     -    0s
     0     2    0.00000    0    9 3685.00000    0.00000   100%     -    0s
H  183   240                    3684.0000000    0.00000   100%  21.1    0s
H  183   240                    3293.0000000    0.00000   100%  21.1    0s
H  609   537                    2103.0000000    0.00000   100%  23.0    0s
H  706   537                    1425.0000000    0.00000   100%  24.8    0s
H 1226   737                    1254.0000000    0.00000   100%  22.5    1s
H 1684  1016                    1219.0000000    0.00000   100%  22.4    1s
H 1918  1016                    1104.0000000    0.00000   100%  22.4    1s
H 2779  1307                    1094.0000000    0.00000   100%  22.8    1s
H 2783  1244                    1093.0000000    0.00000   100%  22.8    1s
H 2796  1190                    1058.0000000    0.00000   100%  22.7    2s
H 3111  1324                    1014.0000000    0.00000   100%  26.9    3s
H 3663  1414                     914.0000000    0.00000   100%  33.8    3s
H 3817  1307                     888.0000000    0.00000   100%  35.7    3s
* 4347  1224              57     556.0000000    0.00000   100%  38.8    3s
H 5292  1033                      78.0000000    0.00000   100%  43.6    4s
  6749  1148 infeasible   45        78.00000    0.00000   100%  48.7    5s
 13722  2196 infeasible   60        78.00000    0.00000   100%  65.5   10s
H15306  2561                      76.0000000    0.00000   100%  67.3   11s
 21253  1814 infeasible   66        76.00000    0.00000   100%  71.2   15s
 29985  2524    0.00000   45   23   76.00000    0.00000   100%  76.1   20s
 40407  2647    0.00000   78   40   76.00000    0.00000   100%  76.7   25s
 51925  3498    0.00000   73   14   76.00000    0.00000   100%  77.8   30s
H57758  3885                      76.0000000    0.00000   100%  78.2   32s
 61229  4507 infeasible   96        76.00000    0.00000   100%  78.2   35s
 71083  2760    0.00000   86   15   76.00000    0.00000   100%  79.3   40s
 74149  3251 infeasible  106        76.00000    0.00000   100%  79.8   45s
 83547  4034 infeasible   96        76.00000    0.00000   100%  81.9   50s
H88661  4334                      66.0000000    0.00000   100%  82.3   52s
H90831  4369                      36.0000000    0.00000   100%  82.5   53s
H92863  4421                      35.0000000    0.00000   100%  82.9   54s
 93509  4434    0.00000   97   27   35.00000    0.00000   100%  83.0   55s
H103000  4662                      35.0000000    0.00000   100%  83.5   59s
 103983  4711 infeasible   99        35.00000    0.00000   100%  83.5   60s
 114848  5022    0.00000   93   40   35.00000    0.00000   100%  83.3   65s
 125136  5191    0.00000   96   22   35.00000    0.00000   100%  83.6   70s
H134833  5503                      35.0000000    0.00000   100%  83.5   74s
 135171  5517 infeasible   96        35.00000    0.00000   100%  83.5   75s
 146901  5807    0.00000   91   27   35.00000    0.00000   100%  83.3   80s
 158117  6201    0.00000   84   43   35.00000    0.00000   100%  83.0   85s
 170772  6860    0.00000   85   15   35.00000    0.00000   100%  82.4   90s
 181873  7181    0.00000   95   13   35.00000    0.00000   100%  81.9   95s
 193694  7812 infeasible   85        35.00000    0.00000   100%  81.7  100s
 204317  8220    0.00000   91   35   35.00000    0.00000   100%  81.6  105s
 216777  8505    0.00000   86   17   35.00000    0.00000   100%  81.8  110s
 227233  8746 infeasible   93        35.00000    0.00000   100%  81.9  115s
 237829  8869    0.00000   97   19   35.00000    0.00000   100%  82.0  120s
 248477  8819 infeasible   97        35.00000    0.00000   100%  82.5  125s
 257466  8730 infeasible   95        35.00000    0.00000   100%  82.8  130s
 268154  8628    0.00000   88   32   35.00000    0.00000   100%  83.0  135s
 278720  8725 infeasible  100        35.00000    0.00000   100%  83.1  140s
 289796  9018 infeasible  100        35.00000    0.00000   100%  83.3  145s
H290330  8452                      19.0000000    0.00000   100%  83.3  145s
H298113  8817                      17.0000000    0.00000   100%  83.4  148s
 299764  8845    0.00000   86   24   17.00000    0.00000   100%  83.4  150s
 311287  9043 infeasible   96        17.00000    0.00000   100%  83.4  155s
H319488  8890                       4.0000000    0.00000   100%  83.4  158s
 319651  8870    0.00000   85    9    4.00000    0.00000   100%  83.4  160s
H323680  8887                       4.0000000    0.00000   100%  83.4  160s
 333231  8974    0.00000   92   34    4.00000    0.00000   100%  83.3  165s
 345600  9015    0.00000   84   27    4.00000    0.00000   100%  83.2  170s
H355759  9332                       4.0000000    0.00000   100%  83.1  174s
 356378  9443 infeasible   96         4.00000    0.00000   100%  83.1  175s
 367119  9739    0.00000   95    2    4.00000    0.00000   100%  83.3  180s
 378623  9834 infeasible   95         4.00000    0.00000   100%  83.4  185s
 388448  9881 infeasible   97         4.00000    0.00000   100%  83.5  190s
 399074  9823 infeasible   96         4.00000    0.00000   100%  83.7  195s
 409049  9797    0.00000   91   28    4.00000    0.00000   100%  84.0  200s
H415364  9774                       4.0000000    0.00000   100%  84.1  202s
 420257  9710 infeasible   95         4.00000    0.00000   100%  84.1  205s
 430496  9635 infeasible   96         4.00000    0.00000   100%  84.2  210s
H437626  9649                       4.0000000    0.00000   100%  84.3  213s
 440941  9652    0.00000   87   26    4.00000    0.00000   100%  84.3  215s
 452100  9610    0.00000   95    7    4.00000    0.00000   100%  84.3  220s
 463675  9629 infeasible   96         4.00000    0.00000   100%  84.3  225s
 476099  9537    0.00000   86   17    4.00000    0.00000   100%  84.0  230s
 488949  9558    0.00000   93   36    4.00000    0.00000   100%  83.7  235s
 501822  9511 infeasible   89         4.00000    0.00000   100%  83.5  240s
 514145  9447    0.00000   86   15    4.00000    0.00000   100%  83.4  245s
 524139  9415 infeasible   96         4.00000    0.00000   100%  83.4  250s
 535283  9412 infeasible   87         4.00000    0.00000   100%  83.6  255s
 546540  9428    0.00000   96   10    4.00000    0.00000   100%  83.6  260s
H548642  9468                       4.0000000    0.00000   100%  83.7  261s
 556982  9332 infeasible   93         4.00000    0.00000   100%  83.7  265s
 566369  9259    0.00000   86   11    4.00000    0.00000   100%  83.8  270s
H572646  9312                       4.0000000    0.00000   100%  83.9  272s
 577105  9301 infeasible   93         4.00000    0.00000   100%  83.9  275s
H578442  9278                       4.0000000    0.00000   100%  83.9  275s
 588076  9261 infeasible   95         4.00000    0.00000   100%  83.9  280s
 597371  9205    0.00000   95    6    4.00000    0.00000   100%  84.1  285s
 607211  9164    0.00000   95    8    4.00000    0.00000   100%  84.2  290s
 618786  9225    0.00000   86   19    4.00000    0.00000   100%  84.4  295s
 628884  9262 infeasible  101         4.00000    0.00000   100%  84.5  300s
 639638  9139 infeasible   95         4.00000    0.00000   100%  84.6  305s
 650861  9049    0.00000   95   22    4.00000    0.00000   100%  84.6  310s
 660831  8935 infeasible   95         4.00000    0.00000   100%  84.7  315s
 671145  9031 infeasible   95         4.00000    0.00000   100%  84.7  320s
H677882  8916                       4.0000000    0.00000   100%  84.8  323s
H678097  8916                       3.9250509    0.00000   100%  84.8  323s
 681376  8852 infeasible   87         3.92505    0.00000   100%  84.8  325s
 692534  8891 infeasible   96         3.92505    0.00000   100%  84.9  330s
 700676  8881 infeasible   96         3.92505    0.00000   100%  84.9  335s
 714353  8919 infeasible   96         3.92505    0.00000   100%  84.9  340s
 726299  8950 infeasible   97         3.92505    0.00000   100%  84.8  345s
 737661  8740 infeasible   93         3.92505    0.00000   100%  84.8  350s
 748210  8625    0.00000  100   14    3.92505    0.00000   100%  84.7  357s
 760822  8630 infeasible   96         3.92505    0.00000   100%  84.7  360s
 771838  8648    0.00000   76   28    3.92505    0.00000   100%  84.7  365s
 782763  9062 infeasible   86         3.92505    0.00000   100%  84.7  370s
 793003  9231    0.00000   89   19    3.92505    0.00000   100%  84.7  378s
 802063  9281 infeasible   96         3.92505    0.00000   100%  84.9  380s
 811382  9387    0.00000   94   19    3.92505    0.00000   100%  84.9  385s
 821913  9416 infeasible   90         3.92505    0.00000   100%  85.0  390s
 832019  9567    0.00000   95    9    3.92505    0.00000   100%  85.1  395s
 842380  9647    0.00000   84   30    3.92505    0.00000   100%  85.3  400s
 850934  9631    0.00000   87   22    3.92505    0.00000   100%  85.4  405s
 860460  9732 infeasible  103         3.92505    0.00000   100%  85.5  410s
 868558 10096 infeasible   95         3.92505    0.00000   100%  85.5  415s
 882630 10451    0.00000   94   38    3.92505    0.00000   100%  85.4  420s
 893194 10742 infeasible   96         3.92505    0.00000   100%  85.3  425s
 905514 10869    0.00000   94   16    3.92505    0.00000   100%  85.1  430s
 920188 10830 infeasible   99         3.92505    0.00000   100%  84.8  435s
 931545 10850    0.00000   96   24    3.92505    0.00000   100%  84.6  440s
 943951 10738 infeasible  102         3.92505    0.00000   100%  84.4  445s
 956831 10664 infeasible   95         3.92505    0.00000   100%  84.2  450s
 968505 10784    0.00000   96    4    3.92505    0.00000   100%  84.1  455s
 978044 11287    0.00000   86   22    3.92505    0.00000   100%  84.3  460s
 987832 11530 infeasible   91         3.92505    0.00000   100%  84.4  465s
 996969 11785    0.00000   86   11    3.92505    0.00000   100%  84.5  470s
 1007845 11949    0.00000   89   26    3.92505    0.00000   100%  84.6  475s
 1018831 12064    0.00000   93   26    3.92505    0.00000   100%  84.6  480s
 1028224 12150    0.00000   86   11    3.92505    0.00000   100%  84.6  485s
 1038087 11970 infeasible   94         3.92505    0.00000   100%  84.7  490s
 1048854 11853 infeasible   96         3.92505    0.00000   100%  84.8  495s
 1058937 11732 infeasible   94         3.92505    0.00000   100%  84.8  500s
 1069085 11929    0.00000   80   31    3.92505    0.00000   100%  84.8  505s
 1081194 11918    0.00000   96   15    3.92505    0.00000   100%  84.8  510s
 1092590 11844 infeasible   86         3.92505    0.00000   100%  84.8  515s
 1103207 11802 infeasible   87         3.92505    0.00000   100%  84.8  520s
 1112426 11762 infeasible   95         3.92505    0.00000   100%  84.8  525s
 1123728 11780    0.00000   97   30    3.92505    0.00000   100%  84.8  530s
 1135350 11644 infeasible   90         3.92505    0.00000   100%  84.8  535s
 1145922 11565    0.00000   91   31    3.92505    0.00000   100%  84.8  540s
 1155918 11626 infeasible   94         3.92505    0.00000   100%  84.9  545s
 1165737 11554 infeasible  100         3.92505    0.00000   100%  84.9  550s
 1175751 11586 infeasible   89         3.92505    0.00000   100%  85.0  555s
 1185551 11470    0.00000   85    5    3.92505    0.00000   100%  85.1  560s
 1196607 11453 infeasible   96         3.92505    0.00000   100%  85.1  565s
 1206909 11789 infeasible   96         3.92505    0.00000   100%  85.1  570s
 1217469 12099    0.00000   94   19    3.92505    0.00000   100%  85.1  575s
 1227130 12246 infeasible   91         3.92505    0.00000   100%  85.2  580s
 1236453 12235 infeasible  103         3.92505    0.00000   100%  85.2  585s
 1246996 12148 infeasible  105         3.92505    0.00000   100%  85.3  590s
 1256674 12136 infeasible   94         3.92505    0.00000   100%  85.4  595s
 1267465 12117 infeasible   87         3.92505    0.00000   100%  85.4  600s
 1277770 12573 infeasible   94         3.92505    0.00000   100%  85.5  605s
 1288694 12993 infeasible   87         3.92505    0.00000   100%  85.5  610s
 1301474 13113 infeasible   85         3.92505    0.00000   100%  85.4  615s
 1312610 13055    0.00000   91   29    3.92505    0.00000   100%  85.4  620s
 1324899 13016    0.00000   92   24    3.92505    0.00000   100%  85.4  625s
 1336517 13040    0.00000   92   27    3.92505    0.00000   100%  85.3  630s
 1348618 13069    0.00000   94   29    3.92505    0.00000   100%  85.3  635s
 1361317 12983 infeasible   86         3.92505    0.00000   100%  85.2  640s
 1374500 12988    0.00000   85    4    3.92505    0.00000   100%  85.1  645s
 1385235 12964 infeasible   91         3.92505    0.00000   100%  85.1  650s
 1397913 12929 infeasible   94         3.92505    0.00000   100%  85.0  655s
 1409744 13294 infeasible   95         3.92505    0.00000   100%  85.0  660s
 1417415 13424    0.00000   94   21    3.92505    0.00000   100%  85.0  666s
 1430957 13513 infeasible   93         3.92505    0.00000   100%  85.0  670s
 1442932 13541    0.00000   95    5    3.92505    0.00000   100%  85.0  675s
 1454278 13511    0.00000   86   15    3.92505    0.00000   100%  85.0  680s
 1465754 13522    0.00000   93   46    3.92505    0.00000   100%  85.0  685s
 1475871 13503    0.00000   93   31    3.92505    0.00000   100%  85.1  690s
 1486659 13410 infeasible   84         3.92505    0.00000   100%  85.1  695s
 1497661 13422    0.00000   82   27    3.92505    0.00000   100%  85.1  700s
 1507224 13668 infeasible   95         3.92505    0.00000   100%  85.2  705s
 1517160 13802    0.00000   91   19    3.92505    0.00000   100%  85.3  710s
 1523952 13819    0.00000   86    5    3.92505    0.00000   100%  85.3  715s
 1535531 13812 infeasible   93         3.92505    0.00000   100%  85.5  720s
 1546256 13763    0.00000   89   25    3.92505    0.00000   100%  85.5  725s
 1556824 13713    0.00000   95    2    3.92505    0.00000   100%  85.6  730s
 1567653 13642 infeasible   96         3.92505    0.00000   100%  85.6  735s
 1578017 13611    0.00000   86   20    3.92505    0.00000   100%  85.6  740s
 1588166 13898 infeasible   94         3.92505    0.00000   100%  85.6  745s
 1597528 14092 infeasible   92         3.92505    0.00000   100%  85.7  750s
 1607861 14128 infeasible   93         3.92505    0.00000   100%  85.7  755s
 1618942 14184 infeasible   92         3.92505    0.00000   100%  85.7  760s
 1629231 14236 infeasible   95         3.92505    0.00000   100%  85.7  765s
 1639673 14119 infeasible   95         3.92505    0.00000   100%  85.8  770s
 1649172 13949 infeasible   95         3.92505    0.00000   100%  85.8  775s
 1658767 14258 infeasible   94         3.92505    0.00000   100%  85.8  780s
 1669590 14742 infeasible   93         3.92505    0.00000   100%  85.8  785s
 1680796 15270 infeasible   85         3.92505    0.00000   100%  85.8  790s
 1692053 15571    0.00000   86   12    3.92505    0.00000   100%  85.8  795s
 1704372 15880    0.00000   86   10    3.92505    0.00000   100%  85.7  800s
 1716978 15943 infeasible   95         3.92505    0.00000   100%  85.6  805s
 1728437 15819    0.00000   96   14    3.92505    0.00000   100%  85.6  810s
 1741503 15655 infeasible   86         3.92505    0.00000   100%  85.5  815s
 1752917 15644    0.00000   91   13    3.92505    0.00000   100%  85.4  820s
 1764156 15625 infeasible   86         3.92505    0.00000   100%  85.4  825s
 1775628 15648 infeasible   96         3.92505    0.00000   100%  85.4  830s
 1786120 15931    0.00000   80   20    3.92505    0.00000   100%  85.4  835s
 1796442 15963 infeasible   96         3.92505    0.00000   100%  85.4  840s
 1805948 16032 infeasible   96         3.92505    0.00000   100%  85.5  845s
 1815518 15996 infeasible   96         3.92505    0.00000   100%  85.5  850s
 1826240 15923 infeasible   95         3.92505    0.00000   100%  85.5  855s
 1836243 16086    0.00000   89   17    3.92505    0.00000   100%  85.6  860s
 1846207 16196    0.00000   89   22    3.92505    0.00000   100%  85.7  865s
 1854801 16463 infeasible   96         3.92505    0.00000   100%  85.7  870s
 1864255 16763    0.00000   94   23    3.92505    0.00000   100%  85.8  875s
 1874152 16989 infeasible  103         3.92505    0.00000   100%  85.9  880s
 1883373 17078 infeasible   95         3.92505    0.00000   100%  85.9  885s
 1893937 16971    0.00000  100   24    3.92505    0.00000   100%  86.0  890s
 1903357 17024    0.00000   95   11    3.92505    0.00000   100%  86.0  895s
 1914244 16937    0.00000   86   20    3.92505    0.00000   100%  86.0  900s
 1923546 16961 infeasible   93         3.92505    0.00000   100%  86.1  905s
 1933423 16871 infeasible   94         3.92505    0.00000   100%  86.1  910s
 1943474 16897    0.00000   98   25    3.92505    0.00000   100%  86.2  915s
 1952910 16879    0.00000   95   10    3.92505    0.00000   100%  86.2  920s
 1963066 16799 infeasible   95         3.92505    0.00000   100%  86.3  925s
 1973565 16832    0.00000   95    6    3.92505    0.00000   100%  86.3  930s
 1982691 16715    0.00000   96   15    3.92505    0.00000   100%  86.3  935s
 1992947 16682    0.00000   90   22    3.92505    0.00000   100%  86.4  940s
 2003327 16566 infeasible   95         3.92505    0.00000   100%  86.4  945s
 2005015 16513    0.00000   85    2    3.92505    0.00000   100%  86.5  950s
 2021497 16661    0.00000   86   43    3.92505    0.00000   100%  86.5  955s
 2032831 16717    0.00000   98   22    3.92505    0.00000   100%  86.5  960s
 2044229 16803 infeasible   99         3.92505    0.00000   100%  86.4  965s
 2055812 16863 infeasible  104         3.92505    0.00000   100%  86.4  970s
 2066576 16711    0.00000   95   19    3.92505    0.00000   100%  86.4  976s
 2077842 16762 infeasible   97         3.92505    0.00000   100%  86.4  980s
 2089027 16797 infeasible  102         3.92505    0.00000   100%  86.4  985s
 2099925 16796    0.00000   88   20    3.92505    0.00000   100%  86.4  990s
 2109929 16829    0.00000   89   24    3.92505    0.00000   100%  86.4  995s
 2120077 16853    0.00000  103   36    3.92505    0.00000   100%  86.4 1000s
 2130175 16932 infeasible  106         3.92505    0.00000   100%  86.4 1005s
 2141362 17020 infeasible  105         3.92505    0.00000   100%  86.4 1010s
 2151539 17088    0.00000   86   14    3.92505    0.00000   100%  86.4 1015s
 2163092 17281 infeasible   96         3.92505    0.00000   100%  86.4 1020s
 2175979 17602 infeasible   96         3.92505    0.00000   100%  86.3 1025s
 2187487 17640    0.00000  106   14    3.92505    0.00000   100%  86.3 1030s
 2200574 17652 infeasible   96         3.92505    0.00000   100%  86.2 1035s
 2212495 17765    0.00000   84   21    3.92505    0.00000   100%  86.1 1040s
 2223631 17828 infeasible   96         3.92505    0.00000   100%  86.1 1045s
 2235107 17793 infeasible   96         3.92505    0.00000   100%  86.1 1050s
 2246276 17703    0.00000   90   24    3.92505    0.00000   100%  86.1 1055s
 2258114 17590 infeasible   98         3.92505    0.00000   100%  86.0 1060s
 2268783 17626    0.00000   85   22    3.92505    0.00000   100%  86.0 1065s
 2280257 17622    0.00000   86    8    3.92505    0.00000   100%  86.0 1070s
 2291782 17774 infeasible   88         3.92505    0.00000   100%  86.0 1075s
 2300003 17760    0.00000   96    6    3.92505    0.00000   100%  86.1 1080s
 2309014 17803 infeasible   96         3.92505    0.00000   100%  86.1 1085s
 2318702 17982 infeasible  106         3.92505    0.00000   100%  86.2 1090s
 2328390 18230    0.00000   94   11    3.92505    0.00000   100%  86.2 1095s
 2339713 18619    0.00000   95    1    3.92505    0.00000   100%  86.2 1100s
 2351180 18763 infeasible   87         3.92505    0.00000   100%  86.1 1105s
 2363879 18957 infeasible  101         3.92505    0.00000   100%  86.1 1110s
 2373955 18959    0.00000   88   23    3.92505    0.00000   100%  86.1 1115s
 2385966 19004 infeasible   75         3.92505    0.00000   100%  86.1 1120s
 2395117 19200 infeasible   95         3.92505    0.00000   100%  86.1 1125s
 2404665 19789    0.00000   90   31    3.92505    0.00000   100%  86.1 1130s
 2415051 20338    0.00000   93   30    3.92505    0.00000   100%  86.2 1135s
 2424772 20652 infeasible   86         3.92505    0.00000   100%  86.3 1140s
 2433778 20837 infeasible   86         3.92505    0.00000   100%  86.3 1145s
 2443344 21162    0.00000  104   18    3.92505    0.00000   100%  86.3 1150s
 2455085 21795 infeasible   87         3.92505    0.00000   100%  86.3 1155s
 2465456 22201 infeasible   84         3.92505    0.00000   100%  86.3 1160s
 2476669 22331    0.00000   93   28    3.92505    0.00000   100%  86.3 1165s
 2488377 22394 infeasible   96         3.92505    0.00000   100%  86.3 1170s
 2499574 22401    0.00000   93   25    3.92505    0.00000   100%  86.3 1175s
 2511272 22646    0.00000   85   10    3.92505    0.00000   100%  86.2 1180s
 2521461 22776 infeasible  101         3.92505    0.00000   100%  86.2 1185s
 2534096 22894 infeasible   95         3.92505    0.00000   100%  86.1 1190s
 2546138 22859 infeasible   92         3.92505    0.00000   100%  86.1 1195s
 2557808 22710    0.00000   96    8    3.92505    0.00000   100%  86.0 1200s
 2569844 22678 infeasible   95         3.92505    0.00000   100%  86.0 1205s
 2581605 22589    0.00000   96   10    3.92505    0.00000   100%  85.9 1210s
 2593410 22623    0.00000   96   21    3.92505    0.00000   100%  85.9 1215s
 2605432 22520    0.00000   87   17    3.92505    0.00000   100%  85.9 1220s
 2617422 22606    0.00000   96    7    3.92505    0.00000   100%  85.8 1225s
 2629176 22569 infeasible  100         3.92505    0.00000   100%  85.8 1230s
 2641410 22490    0.00000   94   32    3.92505    0.00000   100%  85.7 1235s
 2653211 22648 infeasible   96         3.92505    0.00000   100%  85.7 1240s
 2665275 22751 infeasible  106         3.92505    0.00000   100%  85.6 1245s
 2677076 22699 infeasible   96         3.92505    0.00000   100%  85.6 1250s
 2689976 22624 infeasible   95         3.92505    0.00000   100%  85.5 1255s
 2700208 22726    0.00000   82   30    3.92505    0.00000   100%  85.5 1260s
 2712701 22738    0.00000  100   28    3.92505    0.00000   100%  85.5 1265s
 2723721 22651    0.00000   92   32    3.92505    0.00000   100%  85.4 1270s
 2734632 22453 infeasible   99         3.92505    0.00000   100%  85.4 1275s
 2746546 22573    0.00000   96   10    3.92505    0.00000   100%  85.4 1280s
 2756454 22621 infeasible   89         3.92505    0.00000   100%  85.4 1285s
 2767072 22702 infeasible   96         3.92505    0.00000   100%  85.4 1290s
 2777038 22711 infeasible   96         3.92505    0.00000   100%  85.4 1295s
 2788395 22479 infeasible   90         3.92505    0.00000   100%  85.4 1300s
 2799308 22498 infeasible   95         3.92505    0.00000   100%  85.4 1305s
 2805787 22658    0.00000  100   20    3.92505    0.00000   100%  85.4 1311s
 2819281 22914    0.00000   89   23    3.92505    0.00000   100%  85.4 1315s
 2830435 23006 infeasible   91         3.92505    0.00000   100%  85.4 1320s
 2842008 23071 infeasible   95         3.92505    0.00000   100%  85.4 1325s
 2853863 22994 infeasible   96         3.92505    0.00000   100%  85.4 1330s
 2864368 22985 infeasible   94         3.92505    0.00000   100%  85.4 1335s
 2876673 22956 infeasible   93         3.92505    0.00000   100%  85.4 1340s
 2888969 22872    0.00000   94   22    3.92505    0.00000   100%  85.4 1345s
 2900149 22811    0.00000   90   16    3.92505    0.00000   100%  85.3 1350s
 2911527 22904 infeasible   95         3.92505    0.00000   100%  85.3 1355s
 2923364 22916    0.00000   90   20    3.92505    0.00000   100%  85.3 1360s
 2935292 22795 infeasible   90         3.92505    0.00000   100%  85.3 1365s
 2945919 22741    0.00000   91   28    3.92505    0.00000   100%  85.3 1370s
 2958145 22661 infeasible   96         3.92505    0.00000   100%  85.3 1375s
 2968489 23153    0.00000   75    4    3.92505    0.00000   100%  85.3 1380s
 2977878 23627 infeasible   96         3.92505    0.00000   100%  85.4 1385s
 2987706 23940 infeasible   86         3.92505    0.00000   100%  85.4 1390s
 2997408 24012    0.00000   80   29    3.92505    0.00000   100%  85.4 1395s
 3005923 24306    0.00000   84   25    3.92505    0.00000   100%  85.5 1400s
 3014606 24509    0.00000   87   14    3.92505    0.00000   100%  85.6 1405s
 3023730 24652    0.00000  100   25    3.92505    0.00000   100%  85.6 1410s
 3033707 24832 infeasible   96         3.92505    0.00000   100%  85.7 1415s
 3042626 25050    0.00000   87   20    3.92505    0.00000   100%  85.8 1420s
 3052681 25055    0.00000   92   49    3.92505    0.00000   100%  85.8 1425s
 3062096 25018    0.00000   93   22    3.92505    0.00000   100%  85.8 1430s
 3072186 24928 infeasible   96         3.92505    0.00000   100%  85.9 1435s
 3082328 24845 infeasible   90         3.92505    0.00000   100%  85.9 1440s
 3093142 24758    0.00000   89   31    3.92505    0.00000   100%  85.9 1445s
 3103849 24789    0.00000   84   38    3.92505    0.00000   100%  85.9 1450s
 3112898 24719 infeasible   81         3.92505    0.00000   100%  85.9 1455s
 3122250 24586    0.00000   93   17    3.92505    0.00000   100%  86.0 1460s
 3131757 24533    0.00000   86   16    3.92505    0.00000   100%  86.0 1465s
 3141217 24556    0.00000   95   10    3.92505    0.00000   100%  86.1 1470s
 3150362 24536 infeasible   93         3.92505    0.00000   100%  86.1 1475s
 3160006 24588 infeasible   89         3.92505    0.00000   100%  86.2 1480s
 3169323 24547    0.00000   93   27    3.92505    0.00000   100%  86.2 1485s
 3179478 24403 infeasible   95         3.92505    0.00000   100%  86.3 1490s
 3188140 24362    0.00000   87   11    3.92505    0.00000   100%  86.3 1495s
 3198394 24331    0.00000   87   17    3.92505    0.00000   100%  86.4 1500s
 3207927 24634 infeasible   91         3.92505    0.00000   100%  86.4 1505s
 3217504 24939 infeasible   95         3.92505    0.00000   100%  86.4 1510s
 3228009 25030    0.00000   86   14    3.92505    0.00000   100%  86.5 1515s
 3236500 25034    0.00000   95    7    3.92505    0.00000   100%  86.5 1520s
 3247024 24949 infeasible   96         3.92505    0.00000   100%  86.6 1525s
 3257602 25045 infeasible   89         3.92505    0.00000   100%  86.6 1530s
 3268550 25076 infeasible   95         3.92505    0.00000   100%  86.5 1535s
 3279991 25126 infeasible   96         3.92505    0.00000   100%  86.5 1540s
 3293375 25193 infeasible   93         3.92505    0.00000   100%  86.4 1545s
 3306545 25191    0.00000   90   35    3.92505    0.00000   100%  86.4 1550s
 3319165 25137    0.00000   83   34    3.92505    0.00000   100%  86.3 1555s
 3332658 25110    0.00000   87   13    3.92505    0.00000   100%  86.2 1560s
 3345361 25025    0.00000   88   20    3.92505    0.00000   100%  86.1 1565s
 3359174 24992 infeasible   93         3.92505    0.00000   100%  86.1 1570s
 3371692 25066    0.00000   86   28    3.92505    0.00000   100%  86.0 1575s
 3384162 25008 infeasible   96         3.92505    0.00000   100%  85.9 1580s
 3396092 24992    0.00000   94   15    3.92505    0.00000   100%  85.9 1585s
 3407890 25157    0.00000   89   13    3.92505    0.00000   100%  85.8 1590s
 3420318 25173    0.00000   88   10    3.92505    0.00000   100%  85.8 1595s
 3431727 25068    0.00000   94   29    3.92505    0.00000   100%  85.8 1600s
 3444172 25004    0.00000   86   18    3.92505    0.00000   100%  85.7 1605s
 3455725 24866    0.00000   95    5    3.92505    0.00000   100%  85.7 1610s
 3466249 24866    0.00000   87   28    3.92505    0.00000   100%  85.7 1615s
 3476387 24912    0.00000   88   28    3.92505    0.00000   100%  85.7 1620s
 3486083 25018 infeasible   84         3.92505    0.00000   100%  85.7 1625s
 3497788 25006 infeasible   85         3.92505    0.00000   100%  85.7 1630s
 3508695 25127 infeasible   95         3.92505    0.00000   100%  85.7 1635s
 3518771 25347 infeasible   88         3.92505    0.00000   100%  85.8 1640s
 3529918 25453 infeasible  100         3.92505    0.00000   100%  85.8 1645s
 3539962 25653    0.00000   91   39    3.92505    0.00000   100%  85.8 1650s
 3551083 25787 infeasible   98         3.92505    0.00000   100%  85.8 1655s
 3562379 25903 infeasible   94         3.92505    0.00000   100%  85.8 1660s
 3573451 25727    0.00000   93   25    3.92505    0.00000   100%  85.8 1665s
 3582833 25597    0.00000   90   32    3.92505    0.00000   100%  85.8 1670s
 3594137 25572    0.00000   96   15    3.92505    0.00000   100%  85.8 1675s
 3604487 25518 infeasible   96         3.92505    0.00000   100%  85.8 1680s
 3615586 25479    0.00000   88   20    3.92505    0.00000   100%  85.8 1685s
 3625818 25715 infeasible   86         3.92505    0.00000   100%  85.8 1690s
 3635943 25906    0.00000   86    8    3.92505    0.00000   100%  85.9 1695s
 3646789 25938    0.00000   85    3    3.92505    0.00000   100%  85.9 1700s
 3657768 25934    0.00000   96   12    3.92505    0.00000   100%  85.9 1705s
 3669725 25971    0.00000   89   25    3.92505    0.00000   100%  85.9 1710s
 3680331 25804    0.00000   82   36    3.92505    0.00000   100%  85.9 1715s
 3691758 25677    0.00000   85    7    3.92505    0.00000   100%  85.9 1720s
 3702752 25692    0.00000   87   12    3.92505    0.00000   100%  85.9 1725s
 3712630 25680 infeasible   86         3.92505    0.00000   100%  85.9 1730s
 3723835 25624    0.00000   86    9    3.92505    0.00000   100%  85.9 1735s
 3733774 25615    0.00000   85    9    3.92505    0.00000   100%  85.9 1740s
 3744435 25542 infeasible   96         3.92505    0.00000   100%  85.9 1745s
 3755973 25555 infeasible   84         3.92505    0.00000   100%  85.9 1750s
 3767062 25563    0.00000   95    8    3.92505    0.00000   100%  85.9 1755s
 3779475 25625    0.00000   91   37    3.92505    0.00000   100%  85.9 1760s
 3790914 25521 infeasible   86         3.92505    0.00000   100%  85.9 1765s
 3802627 25371    0.00000   85    3    3.92505    0.00000   100%  85.8 1770s
 3813665 25328    0.00000   96   14    3.92505    0.00000   100%  85.8 1775s
 3825448 25357 infeasible   85         3.92505    0.00000   100%  85.8 1780s
 3836916 25295 infeasible   98         3.92505    0.00000   100%  85.8 1785s
 3846195 25337    0.00000   98   17    3.92505    0.00000   100%  85.8 1790s
 3857895 25312    0.00000   94   25    3.92505    0.00000   100%  85.8 1795s
 3869089 25219 infeasible   94         3.92505    0.00000   100%  85.8 1800s
 3878234 25258    0.00000   88   25    3.92505    0.00000   100%  85.9 1805s
 3890439 25364 infeasible   92         3.92505    0.00000   100%  85.9 1810s
 3902334 25224 infeasible   95         3.92505    0.00000   100%  85.8 1815s
 3912636 25125    0.00000  105    4    3.92505    0.00000   100%  85.9 1820s
 3924654 25073 infeasible   95         3.92505    0.00000   100%  85.8 1825s
 3935957 25178    0.00000   96   18    3.92505    0.00000   100%  85.8 1830s
 3947024 25283    0.00000   94   18    3.92505    0.00000   100%  85.8 1835s
 3957674 25417 infeasible   95         3.92505    0.00000   100%  85.8 1840s
 3969305 25472 infeasible   94         3.92505    0.00000   100%  85.8 1845s
 3979667 25400    0.00000   96   22    3.92505    0.00000   100%  85.8 1850s
 3989552 25145 infeasible   87         3.92505    0.00000   100%  85.8 1855s
 4000398 24931    0.00000   95    3    3.92505    0.00000   100%  85.8 1860s
 4011280 24829 infeasible   96         3.92505    0.00000   100%  85.8 1865s
 4021352 25017    0.00000   82   25    3.92505    0.00000   100%  85.8 1870s
 4031468 25173    0.00000   85   10    3.92505    0.00000   100%  85.9 1875s
 4041841 25221    0.00000   95    5    3.92505    0.00000   100%  85.9 1880s
 4052295 25173    0.00000  102   13    3.92505    0.00000   100%  85.9 1885s
 4062363 25057    0.00000   77   11    3.92505    0.00000   100%  85.9 1890s
 4071444 24983 infeasible   89         3.92505    0.00000   100%  86.0 1895s
 4082339 24874    0.00000   93   19    3.92505    0.00000   100%  86.0 1900s
 4093741 24851    0.00000  102   11    3.92505    0.00000   100%  86.0 1905s
 4104122 24766 infeasible   99         3.92505    0.00000   100%  86.0 1910s
 4114950 24851 infeasible   96         3.92505    0.00000   100%  86.0 1915s
 4125455 24716    0.00000   91   18    3.92505    0.00000   100%  86.0 1920s
 4136137 24694    0.00000   90   13    3.92505    0.00000   100%  86.0 1925s
 4146789 24732    0.00000   95    8    3.92505    0.00000   100%  86.0 1930s
 4157441 24814 infeasible   83         3.92505    0.00000   100%  86.0 1935s
 4163588 24827 infeasible   91         3.92505    0.00000   100%  86.0 1941s
 4179578 24994 infeasible   85         3.92505    0.00000   100%  86.0 1945s
 4190421 25103 infeasible   98         3.92505    0.00000   100%  86.0 1950s
 4202113 25107    0.00000   95   10    3.92505    0.00000   100%  86.0 1955s
 4210617 24860    0.00000   96   22    3.92505    0.00000   100%  86.0 1960s
 4225329 25089 infeasible   93         3.92505    0.00000   100%  86.0 1965s
 4235495 25082    0.00000   86   12    3.92505    0.00000   100%  86.0 1970s
 4247288 24955 infeasible   95         3.92505    0.00000   100%  86.0 1975s
 4258354 24978 infeasible   93         3.92505    0.00000   100%  86.0 1980s
 4269166 25003    0.00000   95    7    3.92505    0.00000   100%  86.0 1985s
 4277737 25009 infeasible   97         3.92505    0.00000   100%  86.0 1990s
 4289717 25079 infeasible  105         3.92505    0.00000   100%  86.0 1995s
 4300162 24936 infeasible   94         3.92505    0.00000   100%  86.0 2000s
 4310985 24806    0.00000   92   13    3.92505    0.00000   100%  86.0 2005s
 4321611 24672 infeasible   96         3.92505    0.00000   100%  86.0 2010s
 4331322 24632    0.00000   91   31    3.92505    0.00000   100%  86.0 2015s
 4341554 24654 infeasible   95         3.92505    0.00000   100%  86.0 2020s
 4353105 24550    0.00000   97   27    3.92505    0.00000   100%  86.0 2025s
 4361989 24597    0.00000   95   22    3.92505    0.00000   100%  86.1 2030s
 4371905 24563    0.00000   96   16    3.92505    0.00000   100%  86.1 2035s
 4382875 24625 infeasible   95         3.92505    0.00000   100%  86.1 2040s
 4393762 24659    0.00000   92   31    3.92505    0.00000   100%  86.1 2045s
 4406922 24578    0.00000   96   23    3.92505    0.00000   100%  86.0 2050s
 4417653 24690    0.00000   88    8    3.92505    0.00000   100%  86.0 2055s
 4427952 25343 infeasible  104         3.92505    0.00000   100%  86.0 2060s
 4439004 26028 infeasible  104         3.92505    0.00000   100%  86.0 2065s
 4450141 26540 infeasible   90         3.92505    0.00000   100%  86.0 2070s
 4462124 26742    0.00000   92   41    3.92505    0.00000   100%  86.0 2075s
 4473267 27009 infeasible   94         3.92505    0.00000   100%  86.0 2080s
 4484489 27058 infeasible   90         3.92505    0.00000   100%  86.0 2085s
 4495079 27194    0.00000   86    8    3.92505    0.00000   100%  86.0 2090s
 4507550 27371    0.00000   95    4    3.92505    0.00000   100%  85.9 2095s
 4520084 27317    0.00000   93   24    3.92505    0.00000   100%  85.9 2100s
 4532375 27177 infeasible   86         3.92505    0.00000   100%  85.9 2105s
 4543794 27078 infeasible   96         3.92505    0.00000   100%  85.9 2110s
 4555266 27021    0.00000   86   14    3.92505    0.00000   100%  85.9 2115s
 4566710 26981 infeasible   95         3.92505    0.00000   100%  85.8 2120s
 4578819 26872 infeasible   88         3.92505    0.00000   100%  85.8 2125s
 4591220 26855    0.00000   96    8    3.92505    0.00000   100%  85.8 2130s
 4603021 26825    0.00000  103   36    3.92505    0.00000   100%  85.8 2135s
 4615141 26940    0.00000   85    6    3.92505    0.00000   100%  85.7 2140s
 4628154 27061    0.00000   95   13    3.92505    0.00000   100%  85.7 2145s
 4641761 27007    0.00000   98    6    3.92505    0.00000   100%  85.6 2150s
 4654090 26995    0.00000   86   16    3.92505    0.00000   100%  85.6 2155s
 4665761 27047    0.00000   84   16    3.92505    0.00000   100%  85.6 2160s
 4677331 27059 infeasible   91         3.92505    0.00000   100%  85.6 2165s
 4688581 27065 infeasible   91         3.92505    0.00000   100%  85.6 2170s
 4699313 27052 infeasible  101         3.92505    0.00000   100%  85.6 2175s
 4709895 27137 infeasible   96         3.92505    0.00000   100%  85.6 2180s
 4720479 27043    0.00000   92   19    3.92505    0.00000   100%  85.6 2185s
 4732690 26925 infeasible  103         3.92505    0.00000   100%  85.6 2190s
 4744216 26932 infeasible   94         3.92505    0.00000   100%  85.6 2195s
 4755316 26850    0.00000   95   13    3.92505    0.00000   100%  85.6 2200s
 4767152 26775 infeasible   91         3.92505    0.00000   100%  85.5 2205s
 4777969 26740 infeasible   96         3.92505    0.00000   100%  85.5 2210s
 4788836 26676    0.00000   96   24    3.92505    0.00000   100%  85.5 2215s
 4801968 26641    0.00000   86   11    3.92505    0.00000   100%  85.5 2220s
 4814125 26719    0.00000   88   18    3.92505    0.00000   100%  85.5 2225s
 4824340 26922 infeasible   86         3.92505    0.00000   100%  85.5 2230s
 4834878 26951 infeasible   86         3.92505    0.00000   100%  85.5 2235s
 4846688 26974    0.00000   94   37    3.92505    0.00000   100%  85.5 2240s
 4858095 26928    0.00000   85   15    3.92505    0.00000   100%  85.5 2245s
 4869529 26854    0.00000   89   25    3.92505    0.00000   100%  85.5 2250s
 4881962 26786 infeasible   95         3.92505    0.00000   100%  85.5 2255s
 4893259 26864    0.00000   92   32    3.92505    0.00000   100%  85.4 2260s
 4905455 26866 infeasible  100         3.92505    0.00000   100%  85.4 2265s
 4916809 26878 infeasible   94         3.92505    0.00000   100%  85.4 2270s
 4927973 26720 infeasible  106         3.92505    0.00000   100%  85.4 2275s
 4938986 26652 infeasible   93         3.92505    0.00000   100%  85.4 2280s
 4951314 26756 infeasible   86         3.92505    0.00000   100%  85.4 2285s
 4961818 27142    0.00000   98   26    3.92505    0.00000   100%  85.4 2290s
 4972604 27410    0.00000   93   28    3.92505    0.00000   100%  85.4 2295s
 4981467 27479    0.00000   94   21    3.92505    0.00000   100%  85.4 2300s
 4992973 27596    0.00000   96    9    3.92505    0.00000   100%  85.4 2305s
 5003227 27556    0.00000   90   21    3.92505    0.00000   100%  85.5 2310s
 5013295 27405    0.00000   96   13    3.92505    0.00000   100%  85.5 2315s
 5023388 27449 infeasible  105         3.92505    0.00000   100%  85.5 2320s
 5033585 27387 infeasible  103         3.92505    0.00000   100%  85.5 2325s
 5044225 27460 infeasible   85         3.92505    0.00000   100%  85.5 2330s
 5056531 27664    0.00000   90   27    3.92505    0.00000   100%  85.5 2335s
 5068288 27914    0.00000   95   16    3.92505    0.00000   100%  85.5 2340s
 5079708 27906    0.00000   94   30    3.92505    0.00000   100%  85.5 2345s
 5093110 27776 infeasible  106         3.92505    0.00000   100%  85.4 2350s
 5104036 27751 infeasible  101         3.92505    0.00000   100%  85.4 2355s
 5117262 27989    0.00000   96   20    3.92505    0.00000   100%  85.4 2360s
 5131560 28183 infeasible   97         3.92505    0.00000   100%  85.3 2365s
 5146191 28143    0.00000   96   19    3.92505    0.00000   100%  85.2 2370s
 5160869 28147    0.00000   96   10    3.92505    0.00000   100%  85.2 2375s
 5177604 28024 infeasible  103         3.92505    0.00000   100%  85.1 2380s
 5191923 28049 infeasible   93         3.92505    0.00000   100%  85.0 2385s
 5206467 28041    0.00000   98   22    3.92505    0.00000   100%  85.0 2390s
 5220742 28020    0.00000  106   11    3.92505    0.00000   100%  84.9 2395s
 5232710 27889 infeasible   99         3.92505    0.00000   100%  84.9 2400s
 5249787 27862    0.00000   96    7    3.92505    0.00000   100%  84.8 2405s
 5262139 27779    0.00000   95    5    3.92505    0.00000   100%  84.7 2410s
 5276390 27831 infeasible  101         3.92505    0.00000   100%  84.7 2415s
 5291157 27604 infeasible   97         3.92505    0.00000   100%  84.6 2420s
 5303072 27516 infeasible   95         3.92505    0.00000   100%  84.6 2425s
 5316641 27455    0.00000  106    9    3.92505    0.00000   100%  84.6 2430s
 5328335 27345    0.00000   93   31    3.92505    0.00000   100%  84.6 2435s
 5342322 27398    0.00000  100   24    3.92505    0.00000   100%  84.5 2440s
 5352755 27542 infeasible   96         3.92505    0.00000   100%  84.5 2445s
 5362849 28039 infeasible   86         3.92505    0.00000   100%  84.5 2450s
 5373462 28519 infeasible   95         3.92505    0.00000   100%  84.6 2455s
 5382843 28754    0.00000   90   19    3.92505    0.00000   100%  84.6 2460s
 5392453 28981 infeasible   85         3.92505    0.00000   100%  84.6 2465s
 5402574 29426 infeasible  102         3.92505    0.00000   100%  84.6 2470s
 5414183 29620    0.00000   91   29    3.92505    0.00000   100%  84.6 2475s
 5425009 29650 infeasible   95         3.92505    0.00000   100%  84.6 2480s
 5434744 29658 infeasible   96         3.92505    0.00000   100%  84.6 2485s
 5448043 29563    0.00000   86    5    3.92505    0.00000   100%  84.6 2490s
 5458361 29583    0.00000   95    4    3.92505    0.00000   100%  84.6 2495s
 5469458 29647    0.00000   88   29    3.92505    0.00000   100%  84.6 2500s
 5480760 29470 infeasible  102         3.92505    0.00000   100%  84.6 2505s
 5491973 29471 infeasible   95         3.92505    0.00000   100%  84.6 2510s
 5502002 29355    0.00000   80   47    3.92505    0.00000   100%  84.6 2515s
 5512528 29534 infeasible   91         3.92505    0.00000   100%  84.6 2520s
 5524914 29457    0.00000   84   38    3.92505    0.00000   100%  84.6 2525s
 5538207 29559    0.00000   91   31    3.92505    0.00000   100%  84.6 2530s
 5551528 29764    0.00000   94   30    3.92505    0.00000   100%  84.5 2535s
 5565202 29689    0.00000   81   22    3.92505    0.00000   100%  84.5 2540s
 5578695 29663    0.00000   96    8    3.92505    0.00000   100%  84.4 2545s
 5593157 29583 infeasible   94         3.92505    0.00000   100%  84.3 2550s
 5607975 29437 infeasible   86         3.92505    0.00000   100%  84.3 2555s
 5620549 29333    0.00000   86   13    3.92505    0.00000   100%  84.2 2560s
 5633104 29370    0.00000   96   16    3.92505    0.00000   100%  84.2 2565s
 5645846 29384    0.00000   86   19    3.92505    0.00000   100%  84.2 2570s
 5657532 29583    0.00000   86   10    3.92505    0.00000   100%  84.2 2575s
 5670829 29789 infeasible   95         3.92505    0.00000   100%  84.1 2580s
 5683621 30038 infeasible   99         3.92505    0.00000   100%  84.1 2585s
 5695769 30163 infeasible   98         3.92505    0.00000   100%  84.1 2590s
 5708858 30394    0.00000   87   18    3.92505    0.00000   100%  84.1 2595s
 5720091 30717    0.00000   96   10    3.92505    0.00000   100%  84.1 2600s
 5730177 30917 infeasible   96         3.92505    0.00000   100%  84.1 2605s
 5740612 30970    0.00000   96   13    3.92505    0.00000   100%  84.1 2610s
 5751329 30886    0.00000   96    9    3.92505    0.00000   100%  84.1 2615s
 5760606 30855    0.00000   85    5    3.92505    0.00000   100%  84.1 2620s
 5770413 30860    0.00000   95   19    3.92505    0.00000   100%  84.1 2625s
 5781164 30711    0.00000   96   11    3.92505    0.00000   100%  84.1 2630s
 5791573 30683    0.00000   99   31    3.92505    0.00000   100%  84.1 2635s
 5803587 30825 infeasible  103         3.92505    0.00000   100%  84.1 2640s
 5815739 30824 infeasible  105         3.92505    0.00000   100%  84.1 2645s
 5828215 30747 infeasible   96         3.92505    0.00000   100%  84.1 2650s
 5840292 30682 infeasible   96         3.92505    0.00000   100%  84.1 2655s
 5852832 30767 infeasible   95         3.92505    0.00000   100%  84.0 2660s
 5863005 30703    0.00000   99   16    3.92505    0.00000   100%  84.0 2665s
 5874628 30607 infeasible   94         3.92505    0.00000   100%  84.0 2670s
 5886329 30538 infeasible   95         3.92505    0.00000   100%  84.0 2675s
 5897979 30604    0.00000   90   34    3.92505    0.00000   100%  84.0 2680s
 5908938 30523    0.00000   90   24    3.92505    0.00000   100%  84.0 2685s
 5920160 30603    0.00000   87   21    3.92505    0.00000   100%  84.0 2690s
 5931645 30763 infeasible   87         3.92505    0.00000   100%  84.0 2695s
 5942796 30861    0.00000   95   21    3.92505    0.00000   100%  84.0 2700s
 5953503 30853    0.00000   97   31    3.92505    0.00000   100%  84.0 2705s
 5964750 30895    0.00000   86    6    3.92505    0.00000   100%  84.0 2710s
 5975033 30839    0.00000   90   19    3.92505    0.00000   100%  84.0 2715s
 5988408 30900    0.00000   87   16    3.92505    0.00000   100%  84.0 2720s
 5997934 31193    0.00000   82   30    3.92505    0.00000   100%  84.0 2725s
 6009712 31183    0.00000   87   35    3.92505    0.00000   100%  84.0 2730s
 6021380 31149    0.00000   86   13    3.92505    0.00000   100%  84.0 2735s
 6033252 31136    0.00000   86   14    3.92505    0.00000   100%  84.0 2740s
 6045286 31109 infeasible   87         3.92505    0.00000   100%  83.9 2745s
 6056597 31183    0.00000   94   19    3.92505    0.00000   100%  83.9 2750s
 6068688 30950 infeasible   92         3.92505    0.00000   100%  83.9 2755s
 6080362 30884 infeasible   86         3.92505    0.00000   100%  83.9 2760s
 6091388 30902    0.00000   93   37    3.92505    0.00000   100%  83.9 2765s
 6103193 30741    0.00000   96   13    3.92505    0.00000   100%  83.9 2770s
 6114943 30716    0.00000   86   25    3.92505    0.00000   100%  83.9 2775s
 6125778 30666 infeasible   90         3.92505    0.00000   100%  83.9 2780s
 6138941 30580    0.00000   92   35    3.92505    0.00000   100%  83.9 2785s
 6151422 30497    0.00000   96   19    3.92505    0.00000   100%  83.8 2790s
 6162544 30513    0.00000   93   25    3.92505    0.00000   100%  83.8 2795s
 6173216 30430    0.00000   95    5    3.92505    0.00000   100%  83.8 2800s
 6183852 30667    0.00000   86    7    3.92505    0.00000   100%  83.9 2805s
 6194497 30727    0.00000   94   22    3.92505    0.00000   100%  83.9 2810s
 6205981 30649 infeasible   95         3.92505    0.00000   100%  83.8 2815s
 6215558 30645    0.00000   84   28    3.92505    0.00000   100%  83.8 2820s
 6228187 30528 infeasible   87         3.92505    0.00000   100%  83.8 2825s
 6238866 30509    0.00000   94   20    3.92505    0.00000   100%  83.8 2830s
 6250188 30525 infeasible   96         3.92505    0.00000   100%  83.8 2835s
 6260030 30369    0.00000   89   18    3.92505    0.00000   100%  83.8 2840s
 6271318 30487    0.00000   94   22    3.92505    0.00000   100%  83.8 2845s
 6281306 30500 infeasible  106         3.92505    0.00000   100%  83.8 2850s
 6292707 30460    0.00000   97   19    3.92505    0.00000   100%  83.8 2855s
 6303810 30626    0.00000   89   37    3.92505    0.00000   100%  83.8 2860s
 6313957 30499    0.00000  106    9    3.92505    0.00000   100%  83.8 2865s
 6325431 30393 infeasible   88         3.92505    0.00000   100%  83.9 2870s
 6335854 30374    0.00000   95    5    3.92505    0.00000   100%  83.9 2875s
 6347102 30366    0.00000   86   21    3.92505    0.00000   100%  83.9 2880s
 6358133 30711    0.00000   95    6    3.92505    0.00000   100%  83.9 2885s
 6370151 31067    0.00000   96    8    3.92505    0.00000   100%  83.8 2890s
 6381451 31190 infeasible   96         3.92505    0.00000   100%  83.8 2895s
 6392332 31272 infeasible  104         3.92505    0.00000   100%  83.8 2900s
 6402832 31305 infeasible   86         3.92505    0.00000   100%  83.8 2905s
 6412904 31284    0.00000   99   26    3.92505    0.00000   100%  83.9 2910s
 6422093 31217 infeasible   98         3.92505    0.00000   100%  83.9 2915s
 6432863 31157 infeasible   94         3.92505    0.00000   100%  83.9 2920s
 6442340 31238 infeasible   97         3.92505    0.00000   100%  83.9 2925s
 6453370 31283    0.00000   95    5    3.92505    0.00000   100%  83.9 2930s
 6462560 31169 infeasible  106         3.92505    0.00000   100%  83.9 2935s
 6472661 30971 infeasible   92         3.92505    0.00000   100%  84.0 2940s
 6481960 30917 infeasible  102         3.92505    0.00000   100%  84.0 2945s
 6491994 30873 infeasible  102         3.92505    0.00000   100%  84.0 2950s
 6503690 30770 infeasible  105         3.92505    0.00000   100%  84.0 2955s
 6514182 30717    0.00000  104   14    3.92505    0.00000   100%  84.0 2960s
 6524994 30626 infeasible   96         3.92505    0.00000   100%  84.0 2965s
 6536046 30647 infeasible  106         3.92505    0.00000   100%  84.0 2970s
 6547446 30760    0.00000   95    8    3.92505    0.00000   100%  84.0 2975s
 6560382 30754    0.00000  102   14    3.92505    0.00000   100%  84.0 2980s
 6572581 30702 infeasible   99         3.92505    0.00000   100%  83.9 2985s
 6585793 30660    0.00000   92   30    3.92505    0.00000   100%  83.9 2990s
 6598997 30772    0.00000   99   29    3.92505    0.00000   100%  83.9 2995s
 6613457 30620    0.00000   90   32    3.92505    0.00000   100%  83.8 3000s
 6625559 30523 infeasible   96         3.92505    0.00000   100%  83.8 3005s
 6636105 30872 infeasible  106         3.92505    0.00000   100%  83.8 3010s
 6648605 31092 infeasible  107         3.92505    0.00000   100%  83.8 3015s
 6661718 31274 infeasible  101         3.92505    0.00000   100%  83.8 3020s
 6673437 31525 infeasible  104         3.92505    0.00000   100%  83.8 3025s
 6684357 31794 infeasible   85         3.92505    0.00000   100%  83.8 3030s
 6696979 32117 infeasible   95         3.92505    0.00000   100%  83.7 3035s
 6709545 32262    0.00000   84   29    3.92505    0.00000   100%  83.7 3040s
 6722845 32224    0.00000   96    6    3.92505    0.00000   100%  83.7 3045s
 6733564 32184 infeasible   96         3.92505    0.00000   100%  83.7 3050s
 6745804 32112    0.00000   85    8    3.92505    0.00000   100%  83.7 3055s
 6758633 31995    0.00000  102   32    3.92505    0.00000   100%  83.7 3060s
 6770384 31968 infeasible   94         3.92505    0.00000   100%  83.7 3065s
 6781822 31933 infeasible   87         3.92505    0.00000   100%  83.7 3070s
 6794917 31893    0.00000   98   20    3.92505    0.00000   100%  83.7 3075s
 6806421 31905 infeasible   97         3.92505    0.00000   100%  83.7 3080s
 6817605 31823    0.00000   90   25    3.92505    0.00000   100%  83.7 3085s
 6830052 31796    0.00000   95    5    3.92505    0.00000   100%  83.6 3090s
 6841978 31739    0.00000   80   21    3.92505    0.00000   100%  83.6 3095s
 6854499 31658 infeasible   97         3.92505    0.00000   100%  83.6 3100s
 6866813 31815    0.00000   84   23    3.92505    0.00000   100%  83.6 3105s
 6879210 32029    0.00000   81   36    3.92505    0.00000   100%  83.6 3110s
 6890383 32081 infeasible   99         3.92505    0.00000   100%  83.6 3115s
 6902717 32096 infeasible   89         3.92505    0.00000   100%  83.6 3120s
 6914682 32015    0.00000   82   34    3.92505    0.00000   100%  83.6 3125s
 6927317 31922    0.00000   93   20    3.92505    0.00000   100%  83.6 3130s
 6939187 31775    0.00000   86   29    3.92505    0.00000   100%  83.6 3135s
 6951307 31604    0.00000   85    3    3.92505    0.00000   100%  83.5 3140s
 6963306 31619 infeasible   92         3.92505    0.00000   100%  83.5 3145s
 6976880 31589 infeasible   95         3.92505    0.00000   100%  83.5 3150s
 6988726 31518    0.00000   93   25    3.92505    0.00000   100%  83.5 3155s
 6999653 31837    0.00000   98   36    3.92505    0.00000   100%  83.5 3160s
 7009673 31939 infeasible   86         3.92505    0.00000   100%  83.5 3165s
 7020710 32037    0.00000   82   15    3.92505    0.00000   100%  83.5 3170s
 7033170 31924    0.00000   78   48    3.92505    0.00000   100%  83.5 3175s
 7043793 31901    0.00000   89   24    3.92505    0.00000   100%  83.5 3180s
 7056112 31849    0.00000   86   19    3.92505    0.00000   100%  83.5 3185s
 7067131 31815    0.00000   84   46    3.92505    0.00000   100%  83.5 3190s
 7078022 31876    0.00000   85   15    3.92505    0.00000   100%  83.5 3195s
 7089301 31914 infeasible   94         3.92505    0.00000   100%  83.5 3200s
 7102564 31859    0.00000   86   12    3.92505    0.00000   100%  83.5 3205s
 7114068 31826    0.00000   81   29    3.92505    0.00000   100%  83.5 3210s
 7125670 31693 infeasible   84         3.92505    0.00000   100%  83.5 3215s
 7136837 31619 infeasible   95         3.92505    0.00000   100%  83.5 3220s
 7147512 31769    0.00000   88   16    3.92505    0.00000   100%  83.5 3225s
 7158480 31748 infeasible   95         3.92505    0.00000   100%  83.5 3230s
 7170215 31729    0.00000   93   30    3.92505    0.00000   100%  83.5 3235s
 7181869 31729 infeasible   95         3.92505    0.00000   100%  83.5 3240s
 7193840 31702    0.00000   96    8    3.92505    0.00000   100%  83.5 3245s
 7205291 31692 infeasible   91         3.92505    0.00000   100%  83.5 3250s
 7216438 31561 infeasible   95         3.92505    0.00000   100%  83.5 3255s
 7227968 31547 infeasible   88         3.92505    0.00000   100%  83.5 3260s
 7238399 31392    0.00000  100   27    3.92505    0.00000   100%  83.5 3265s
 7250764 31444    0.00000   84   29    3.92505    0.00000   100%  83.5 3270s
 7260744 31428 infeasible  108         3.92505    0.00000   100%  83.5 3275s
 7272280 31535    0.00000  106   10    3.92505    0.00000   100%  83.5 3280s
 7284747 31487 infeasible   96         3.92505    0.00000   100%  83.5 3285s
 7295836 31430 infeasible   90         3.92505    0.00000   100%  83.5 3290s
 7307937 31368 infeasible   86         3.92505    0.00000   100%  83.5 3295s
 7318177 31263    0.00000   95    2    3.92505    0.00000   100%  83.5 3300s
 7329773 31921    0.00000   76   27    3.92505    0.00000   100%  83.5 3305s
 7340303 32505    0.00000   79   32    3.92505    0.00000   100%  83.5 3310s
 7350284 32932    0.00000   85   16    3.92505    0.00000   100%  83.5 3315s
 7360222 33408    0.00000   95   14    3.92505    0.00000   100%  83.5 3320s
 7370124 33771    0.00000   83   28    3.92505    0.00000   100%  83.5 3325s
 7382147 34011 infeasible   98         3.92505    0.00000   100%  83.5 3330s
 7393387 34100 infeasible   98         3.92505    0.00000   100%  83.5 3335s
 7403482 34065    0.00000   90   38    3.92505    0.00000   100%  83.5 3340s
 7415412 34165 infeasible   96         3.92505    0.00000   100%  83.5 3345s
 7426298 33990    0.00000   84   33    3.92505    0.00000   100%  83.5 3350s
 7437819 33951 infeasible  105         3.92505    0.00000   100%  83.5 3355s
 7449279 33847 infeasible   92         3.92505    0.00000   100%  83.5 3360s
 7461218 33768 infeasible   96         3.92505    0.00000   100%  83.5 3365s
 7472749 33681    0.00000   81   31    3.92505    0.00000   100%  83.5 3370s
 7482258 33674 infeasible   94         3.92505    0.00000   100%  83.5 3375s
 7492940 33619    0.00000   94   21    3.92505    0.00000   100%  83.5 3380s
 7503103 33487 infeasible   95         3.92505    0.00000   100%  83.5 3385s
 7512850 33478 infeasible   94         3.92505    0.00000   100%  83.5 3390s
 7522279 33394    0.00000   86   21    3.92505    0.00000   100%  83.5 3395s
 7533005 33393    0.00000   92   19    3.92505    0.00000   100%  83.5 3400s
 7542966 33280 infeasible   89         3.92505    0.00000   100%  83.6 3405s
 7554021 33234    0.00000   96    9    3.92505    0.00000   100%  83.6 3410s
 7565349 33243    0.00000   83   32    3.92505    0.00000   100%  83.5 3415s
 7577155 33212 infeasible   88         3.92505    0.00000   100%  83.5 3420s
 7588450 33274 infeasible   93         3.92505    0.00000   100%  83.5 3425s
 7601093 33333    0.00000   82   33    3.92505    0.00000   100%  83.5 3430s
 7612891 33451    0.00000   96   10    3.92505    0.00000   100%  83.5 3435s
 7625542 33317    0.00000  101   24    3.92505    0.00000   100%  83.5 3440s
 7637940 33236    0.00000   95    7    3.92505    0.00000   100%  83.5 3445s
 7650770 33161 infeasible   97         3.92505    0.00000   100%  83.4 3450s
 7662526 33182 infeasible   91         3.92505    0.00000   100%  83.4 3455s
 7673536 33122    0.00000   90   23    3.92505    0.00000   100%  83.4 3460s
 7685533 33235    0.00000   87   13    3.92505    0.00000   100%  83.4 3465s
 7696812 33289 infeasible   91         3.92505    0.00000   100%  83.4 3470s
 7707574 33151    0.00000   91   19    3.92505    0.00000   100%  83.4 3475s
 7719609 33108 infeasible  105         3.92505    0.00000   100%  83.4 3480s
 7730044 33116 infeasible   95         3.92505    0.00000   100%  83.4 3485s
 7740420 33096 infeasible   95         3.92505    0.00000   100%  83.4 3490s
 7751658 32950    0.00000   86   10    3.92505    0.00000   100%  83.4 3495s
 7762120 32995 infeasible   86         3.92505    0.00000   100%  83.4 3500s
 7773324 32957    0.00000   84   32    3.92505    0.00000   100%  83.4 3505s
 7783860 32841 infeasible   84         3.92505    0.00000   100%  83.4 3510s
 7794282 32886 infeasible   85         3.92505    0.00000   100%  83.4 3515s
 7805714 32963 infeasible   86         3.92505    0.00000   100%  83.4 3520s
 7817063 32928    0.00000   88   15    3.92505    0.00000   100%  83.4 3525s
 7827937 32875    0.00000   96   21    3.92505    0.00000   100%  83.4 3530s
 7838748 32872    0.00000   91   20    3.92505    0.00000   100%  83.4 3535s
 7851262 32832 infeasible   90         3.92505    0.00000   100%  83.4 3540s
 7862771 32930    0.00000   94   33    3.92505    0.00000   100%  83.4 3545s
 7874250 32955 infeasible  105         3.92505    0.00000   100%  83.4 3550s
 7885902 32843 infeasible   95         3.92505    0.00000   100%  83.4 3555s
 7898600 32778    0.00000   86   25    3.92505    0.00000   100%  83.4 3560s
 7910687 32799    0.00000   84   29    3.92505    0.00000   100%  83.4 3565s
 7922008 32851 infeasible   89         3.92505    0.00000   100%  83.4 3570s
 7933019 32860    0.00000   84   32    3.92505    0.00000   100%  83.4 3575s
 7943509 32917 infeasible   85         3.92505    0.00000   100%  83.3 3580s
 7954174 32870 infeasible   94         3.92505    0.00000   100%  83.4 3585s
 7965529 32723    0.00000   73   20    3.92505    0.00000   100%  83.4 3590s
 7975218 32782    0.00000   86   10    3.92505    0.00000   100%  83.4 3595s
 7986313 32796 infeasible   87         3.92505    0.00000   100%  83.4 3600s
 7996643 32842 infeasible   86         3.92505    0.00000   100%  83.4 3605s
 8007010 32854 infeasible   87         3.92505    0.00000   100%  83.4 3610s
 8019512 32729    0.00000   91   29    3.92505    0.00000   100%  83.4 3615s
 8030961 32712 infeasible   95         3.92505    0.00000   100%  83.4 3620s
 8041772 32667    0.00000   87   11    3.92505    0.00000   100%  83.4 3625s
 8052766 32628    0.00000   86   17    3.92505    0.00000   100%  83.4 3630s
 8061994 32744    0.00000   89   15    3.92505    0.00000   100%  83.4 3635s
 8070327 32841    0.00000   92   40    3.92505    0.00000   100%  83.4 3640s
 8083214 33129    0.00000   96    8    3.92505    0.00000   100%  83.4 3645s
 8092885 33262 infeasible   92         3.92505    0.00000   100%  83.4 3650s
 8103507 33476 infeasible   98         3.92505    0.00000   100%  83.4 3655s
 8113583 33584 infeasible   85         3.92505    0.00000   100%  83.4 3660s
 8124218 33457 infeasible   92         3.92505    0.00000   100%  83.4 3665s
 8134741 33394 infeasible   96         3.92505    0.00000   100%  83.4 3670s
 8145248 33287 infeasible   86         3.92505    0.00000   100%  83.4 3675s
 8156432 33248    0.00000   88   18    3.92505    0.00000   100%  83.4 3680s
 8166983 33245 infeasible   86         3.92505    0.00000   100%  83.4 3685s
 8178026 33121 infeasible   86         3.92505    0.00000   100%  83.4 3690s
 8189479 33083 infeasible   87         3.92505    0.00000   100%  83.4 3695s
 8199526 33122    0.00000   87   14    3.92505    0.00000   100%  83.4 3700s
 8210309 33200    0.00000   81    7    3.92505    0.00000   100%  83.4 3705s
 8224084 33298 infeasible   96         3.92505    0.00000   100%  83.4 3710s
 8235708 33177    0.00000   95    9    3.92505    0.00000   100%  83.4 3715s
 8247898 33141 infeasible   94         3.92505    0.00000   100%  83.4 3720s
 8259710 33079    0.00000   96   26    3.92505    0.00000   100%  83.4 3725s
 8271179 32995    0.00000   87   27    3.92505    0.00000   100%  83.4 3730s
 8282060 32904    0.00000   96   16    3.92505    0.00000   100%  83.4 3735s
 8294092 32913    0.00000   89   29    3.92505    0.00000   100%  83.4 3740s
 8304704 33051 infeasible   93         3.92505    0.00000   100%  83.4 3745s
 8315917 33097 infeasible   85         3.92505    0.00000   100%  83.4 3750s
 8325887 32990    0.00000   96    8    3.92505    0.00000   100%  83.4 3755s
 8332780 32944 infeasible   96         3.92505    0.00000   100%  83.4 3760s
 8341898 32935    0.00000   89   23    3.92505    0.00000   100%  83.4 3765s
 8351494 33003 infeasible   84         3.92505    0.00000   100%  83.4 3770s
 8361164 32802 infeasible   92         3.92505    0.00000   100%  83.4 3775s
 8372282 32696    0.00000   90   24    3.92505    0.00000   100%  83.4 3780s
 8384174 32735 infeasible   99         3.92505    0.00000   100%  83.4 3785s
 8394563 32592    0.00000   95   11    3.92505    0.00000   100%  83.4 3790s
 8405297 32826    0.00000   89   26    3.92505    0.00000   100%  83.4 3795s
 8415082 33102 infeasible   96         3.92505    0.00000   100%  83.4 3800s
 8425989 33268    0.00000   96   14    3.92505    0.00000   100%  83.4 3805s
 8434417 33437    0.00000   87   15    3.92505    0.00000   100%  83.4 3810s
 8446014 33457    0.00000   98   27    3.92505    0.00000   100%  83.4 3815s
 8456727 33386    0.00000   92    7    3.92505    0.00000   100%  83.4 3820s
 8466898 33346 infeasible  101         3.92505    0.00000   100%  83.4 3825s
 8477171 33309 infeasible   96         3.92505    0.00000   100%  83.4 3830s
 8486856 33273 infeasible   96         3.92505    0.00000   100%  83.5 3835s
 8498457 33168    0.00000   95   19    3.92505    0.00000   100%  83.5 3840s
 8508459 33191 infeasible  105         3.92505    0.00000   100%  83.5 3845s
 8518518 33134 infeasible   81         3.92505    0.00000   100%  83.5 3850s
 8529594 33042    0.00000   85    4    3.92505    0.00000   100%  83.5 3855s
 8540168 32936 infeasible   85         3.92505    0.00000   100%  83.5 3860s
 8550531 33085    0.00000   95    9    3.92505    0.00000   100%  83.5 3865s
 8560161 33285    0.00000   93   25    3.92505    0.00000   100%  83.5 3870s
 8570585 33486 infeasible   94         3.92505    0.00000   100%  83.5 3875s
 8581743 33602 infeasible   95         3.92505    0.00000   100%  83.5 3880s
 8592022 33664 infeasible   95         3.92505    0.00000   100%  83.5 3885s
 8602570 33718 infeasible   96         3.92505    0.00000   100%  83.5 3890s
 8612774 33690    0.00000   92   16    3.92505    0.00000   100%  83.5 3895s
 8623589 33620    0.00000   90   41    3.92505    0.00000   100%  83.5 3900s
 8633953 33474    0.00000   95    4    3.92505    0.00000   100%  83.5 3905s
 8644887 33333    0.00000   86    9    3.92505    0.00000   100%  83.5 3910s
 8655680 33345 infeasible   96         3.92505    0.00000   100%  83.5 3915s
 8667064 33344 infeasible   97         3.92505    0.00000   100%  83.5 3920s
 8677196 33262 infeasible  104         3.92505    0.00000   100%  83.5 3925s
 8686850 33108 infeasible   93         3.92505    0.00000   100%  83.5 3930s
 8698949 33222 infeasible   87         3.92505    0.00000   100%  83.6 3935s
 8709481 33078 infeasible  100         3.92505    0.00000   100%  83.6 3940s
 8716776 33107    0.00000   91   25    3.92505    0.00000   100%  83.6 3945s
 8727294 32995 infeasible   87         3.92505    0.00000   100%  83.6 3950s
 8737797 32910 infeasible  104         3.92505    0.00000   100%  83.6 3955s
 8749298 32797    0.00000   94   35    3.92505    0.00000   100%  83.6 3960s
 8758758 32730    0.00000   85    4    3.92505    0.00000   100%  83.6 3965s
 8770350 32756 infeasible   95         3.92505    0.00000   100%  83.6 3970s
 8779152 32630    0.00000   94   31    3.92505    0.00000   100%  83.6 3975s
 8790993 32739 infeasible  102         3.92505    0.00000   100%  83.6 3980s
 8802176 32869    0.00000   98   23    3.92505    0.00000   100%  83.6 3985s
 8812459 32863 infeasible   95         3.92505    0.00000   100%  83.6 3990s
 8823231 32760 infeasible   87         3.92505    0.00000   100%  83.6 3995s
 8834026 32641 infeasible   96         3.92505    0.00000   100%  83.6 4000s
 8845612 32717    0.00000   91   29    3.92505    0.00000   100%  83.6 4005s
 8855502 32738 infeasible   93         3.92505    0.00000   100%  83.6 4010s
 8866445 32790 infeasible   95         3.92505    0.00000   100%  83.6 4015s
 8875780 32817 infeasible   85         3.92505    0.00000   100%  83.6 4020s
 8886107 32695 infeasible   89         3.92505    0.00000   100%  83.6 4025s
 8896947 32717    0.00000   85   10    3.92505    0.00000   100%  83.6 4030s
 8906761 32898 infeasible   86         3.92505    0.00000   100%  83.6 4035s
 8916578 32855    0.00000   84   30    3.92505    0.00000   100%  83.7 4040s
 8927658 32817    0.00000   86   25    3.92505    0.00000   100%  83.7 4045s
 8937840 32873    0.00000   91   31    3.92505    0.00000   100%  83.7 4050s
 8949181 32897    0.00000   88   24    3.92505    0.00000   100%  83.7 4055s
 8957989 32878 infeasible   95         3.92505    0.00000   100%  83.7 4060s
 8967890 32820    0.00000   89   38    3.92505    0.00000   100%  83.7 4065s
 8979649 32643 infeasible   86         3.92505    0.00000   100%  83.7 4070s
 8991085 32825 infeasible   95         3.92505    0.00000   100%  83.7 4075s
 9000995 32881    0.00000   88   23    3.92505    0.00000   100%  83.7 4080s
 9012178 32929    0.00000   92   38    3.92505    0.00000   100%  83.7 4085s
 9023072 33074 infeasible   95         3.92505    0.00000   100%  83.7 4090s
 9033118 33129    0.00000   96   13    3.92505    0.00000   100%  83.7 4095s
 9044769 32994 infeasible   98         3.92505    0.00000   100%  83.7 4100s
 9055246 32826 infeasible   94         3.92505    0.00000   100%  83.7 4105s
 9065930 32834    0.00000   82   28    3.92505    0.00000   100%  83.7 4110s
 9076860 32671 infeasible   89         3.92505    0.00000   100%  83.7 4115s
 9087763 32688    0.00000   94   29    3.92505    0.00000   100%  83.7 4120s
 9098066 32746 infeasible   88         3.92505    0.00000   100%  83.7 4125s
 9108740 32646    0.00000   87    5    3.92505    0.00000   100%  83.7 4133s
 9120214 32689    0.00000   95    8    3.92505    0.00000   100%  83.7 4135s
 9130897 32661 infeasible   96         3.92505    0.00000   100%  83.7 4140s
 9141113 32645    0.00000   89   21    3.92505    0.00000   100%  83.7 4145s
 9151073 32620 infeasible   94         3.92505    0.00000   100%  83.7 4150s
 9162245 32573 infeasible   86         3.92505    0.00000   100%  83.7 4155s
 9174048 32650 infeasible   96         3.92505    0.00000   100%  83.7 4160s
 9184392 32632    0.00000   87   12    3.92505    0.00000   100%  83.7 4165s
 9198220 32683 infeasible   86         3.92505    0.00000   100%  83.7 4170s
 9209502 32601 infeasible   87         3.92505    0.00000   100%  83.7 4175s
 9220183 32516 infeasible   91         3.92505    0.00000   100%  83.7 4180s
 9230726 32542    0.00000   88   29    3.92505    0.00000   100%  83.7 4185s
 9239829 32691    0.00000   80   38    3.92505    0.00000   100%  83.7 4190s
 9251493 32795 infeasible   95         3.92505    0.00000   100%  83.7 4195s
 9260362 32876    0.00000   94   38    3.92505    0.00000   100%  83.7 4200s
 9270669 32849    0.00000   89   34    3.92505    0.00000   100%  83.7 4205s
 9279985 32749    0.00000   86   12    3.92505    0.00000   100%  83.8 4210s
 9289994 32553    0.00000  103   37    3.92505    0.00000   100%  83.8 4215s
 9299736 32537 infeasible   96         3.92505    0.00000   100%  83.8 4220s
 9309654 32703 infeasible   85         3.92505    0.00000   100%  83.8 4225s
 9319607 32814    0.00000   83   28    3.92505    0.00000   100%  83.8 4230s
 9329329 32691 infeasible   90         3.92505    0.00000   100%  83.8 4235s
 9339927 32647    0.00000   96   12    3.92505    0.00000   100%  83.8 4240s
 9351185 32695 infeasible  106         3.92505    0.00000   100%  83.8 4245s
 9361242 32763    0.00000   94   48    3.92505    0.00000   100%  83.8 4250s
 9372164 32950 infeasible   95         3.92505    0.00000   100%  83.8 4255s
 9382310 33033    0.00000   94   33    3.92505    0.00000   100%  83.8 4260s
 9393701 33191 infeasible   94         3.92505    0.00000   100%  83.8 4265s
 9403028 33102    0.00000   83   22    3.92505    0.00000   100%  83.8 4270s
 9414656 32906 infeasible   91         3.92505    0.00000   100%  83.8 4275s
 9425435 32892    0.00000   86   15    3.92505    0.00000   100%  83.8 4280s
 9435853 32929    0.00000   88   20    3.92505    0.00000   100%  83.8 4285s
 9445403 32725 infeasible   77         3.92505    0.00000   100%  83.8 4290s
 9456066 32636 infeasible   92         3.92505    0.00000   100%  83.8 4295s
 9466754 32491    0.00000   95    4    3.92505    0.00000   100%  83.9 4300s
 9476930 32475 infeasible   86         3.92505    0.00000   100%  83.9 4305s
 9486669 32721 infeasible   88         3.92505    0.00000   100%  83.9 4310s
 9498102 32807 infeasible   86         3.92505    0.00000   100%  83.9 4315s
 9509408 32677    0.00000   94   11    3.92505    0.00000   100%  83.9 4320s
 9520514 32625 infeasible   93         3.92505    0.00000   100%  83.9 4325s
 9532324 32541    0.00000   96   21    3.92505    0.00000   100%  83.9 4330s
 9543512 32513    0.00000   98   27    3.92505    0.00000   100%  83.9 4335s
 9553906 32424 infeasible   96         3.92505    0.00000   100%  83.9 4340s
 9565597 32505    0.00000   92   20    3.92505    0.00000   100%  83.9 4345s
 9576625 32625    0.00000   83   35    3.92505    0.00000   100%  83.9 4350s
 9587526 32686    0.00000   86   25    3.92505    0.00000   100%  83.9 4355s
 9598866 32791    0.00000   96   17    3.92505    0.00000   100%  83.9 4360s
 9610808 32712    0.00000   83   25    3.92505    0.00000   100%  83.9 4365s
 9622501 32515 infeasible   85         3.92505    0.00000   100%  83.8 4370s
 9634060 32453    0.00000   84   27    3.92505    0.00000   100%  83.8 4375s
 9645644 32571 infeasible   86         3.92505    0.00000   100%  83.8 4380s
 9655802 32652 infeasible   95         3.92505    0.00000   100%  83.8 4385s
 9665371 32817    0.00000   85    9    3.92505    0.00000   100%  83.9 4390s
 9676168 32843 infeasible   82         3.92505    0.00000   100%  83.9 4395s
 9686608 32875 infeasible   85         3.92505    0.00000   100%  83.9 4400s
 9699712 32831    0.00000   85   19    3.92505    0.00000   100%  83.8 4405s
 9711841 32743 infeasible   95         3.92505    0.00000   100%  83.8 4410s
 9724111 32667 infeasible   87         3.92505    0.00000   100%  83.8 4415s
 9735398 32555 infeasible   86         3.92505    0.00000   100%  83.8 4420s
 9746907 32482 infeasible   80         3.92505    0.00000   100%  83.8 4425s
 9758668 32389    0.00000   80   36    3.92505    0.00000   100%  83.8 4430s
 9770153 32350 infeasible   95         3.92505    0.00000   100%  83.8 4435s
 9781530 32339    0.00000   96   13    3.92505    0.00000   100%  83.8 4440s
 9792170 32528    0.00000   99   35    3.92505    0.00000   100%  83.8 4445s
 9803673 32846 infeasible   96         3.92505    0.00000   100%  83.8 4450s
 9814647 33049 infeasible   87         3.92505    0.00000   100%  83.8 4455s
 9827233 33194    0.00000   92   24    3.92505    0.00000   100%  83.8 4460s
 9840699 33116 infeasible   95         3.92505    0.00000   100%  83.8 4465s
 9853538 33103 infeasible  101         3.92505    0.00000   100%  83.7 4470s
 9866098 33143 infeasible   90         3.92505    0.00000   100%  83.7 4475s
 9879760 33109    0.00000   85    5    3.92505    0.00000   100%  83.7 4480s
 9893477 33042    0.00000   86   20    3.92505    0.00000   100%  83.7 4485s
 9905398 33076 infeasible   94         3.92505    0.00000   100%  83.7 4490s
 9918027 33220    0.00000   91   42    3.92505    0.00000   100%  83.6 4495s
 9929963 33326    0.00000   95    9    3.92505    0.00000   100%  83.6 4500s
 9944207 33183    0.00000   95    4    3.92505    0.00000   100%  83.6 4505s
 9956631 32994    0.00000   87   18    3.92505    0.00000   100%  83.6 4510s
 9968858 32982 infeasible   96         3.92505    0.00000   100%  83.6 4515s
 9979909 32940 infeasible   86         3.92505    0.00000   100%  83.6 4520s
 9991564 32862 infeasible  105         3.92505    0.00000   100%  83.5 4525s
 10004682 32984 infeasible   95         3.92505    0.00000   100%  83.5 4530s
 10017205 32897 infeasible   93         3.92505    0.00000   100%  83.5 4535s
 10030357 32938    0.00000   96   13    3.92505    0.00000   100%  83.5 4540s
 10042873 33078    0.00000   87   28    3.92505    0.00000   100%  83.5 4545s
 10054300 33078    0.00000   96   11    3.92505    0.00000   100%  83.5 4550s
 10067107 32927    0.00000   96   14    3.92505    0.00000   100%  83.4 4555s
 10079079 32760 infeasible   96         3.92505    0.00000   100%  83.4 4560s
 10091039 32688    0.00000  106   17    3.92505    0.00000   100%  83.4 4565s
 10104024 32831    0.00000   90   17    3.92505    0.00000   100%  83.4 4570s
 10114949 32889    0.00000   85    6    3.92505    0.00000   100%  83.4 4575s
 10126048 33015    0.00000   84   29    3.92505    0.00000   100%  83.4 4580s
 10140346 33032 infeasible   95         3.92505    0.00000   100%  83.4 4585s
 10152819 32915 infeasible   94         3.92505    0.00000   100%  83.4 4590s
 10165696 32710    0.00000   86   18    3.92505    0.00000   100%  83.3 4595s
 10177665 32752    0.00000   96   37    3.92505    0.00000   100%  83.3 4600s
 10190624 32800 infeasible   94         3.92505    0.00000   100%  83.3 4605s
 10203036 32696    0.00000   95   12    3.92505    0.00000   100%  83.3 4610s
 10215739 32605 infeasible   98         3.92505    0.00000   100%  83.3 4615s
 10229166 32569 infeasible   91         3.92505    0.00000   100%  83.3 4620s
 10240489 32563 infeasible   95         3.92505    0.00000   100%  83.2 4625s
 10251882 32800 infeasible   93         3.92505    0.00000   100%  83.2 4630s
 10262386 32889    0.00000   83   26    3.92505    0.00000   100%  83.2 4635s
 10274844 32953 infeasible   98         3.92505    0.00000   100%  83.2 4640s
 10286009 32856 infeasible   92         3.92505    0.00000   100%  83.2 4645s
 10297386 32852    0.00000   95   11    3.92505    0.00000   100%  83.2 4650s
 10309013 32795 infeasible   96         3.92505    0.00000   100%  83.2 4655s
 10320862 33045 infeasible   95         3.92505    0.00000   100%  83.2 4660s
 10332544 33056 infeasible   94         3.92505    0.00000   100%  83.2 4665s
 10344450 33134 infeasible  101         3.92505    0.00000   100%  83.2 4670s
 10351254 32981 infeasible   97         3.92505    0.00000   100%  83.2 4675s
 10370568 32931    0.00000  106   17    3.92505    0.00000   100%  83.1 4680s
 10382217 32925 infeasible   84         3.92505    0.00000   100%  83.1 4685s
 10394047 32994 infeasible   91         3.92505    0.00000   100%  83.1 4690s
 10406056 32973 infeasible   99         3.92505    0.00000   100%  83.1 4695s
 10419372 32844 infeasible   91         3.92505    0.00000   100%  83.1 4700s
 10430205 32761    0.00000   89   27    3.92505    0.00000   100%  83.1 4705s
 10441905 33122 infeasible   92         3.92505    0.00000   100%  83.1 4710s
 10453556 33591    0.00000   96   12    3.92505    0.00000   100%  83.1 4715s
 10465009 34101    0.00000   86    8    3.92505    0.00000   100%  83.1 4720s
 10477845 34399    0.00000   89    8    3.92505    0.00000   100%  83.1 4725s
 10490109 34600    0.00000   93   40    3.92505    0.00000   100%  83.0 4730s
 10502152 34795    0.00000   97   17    3.92505    0.00000   100%  83.0 4735s
 10515388 34947 infeasible   86         3.92505    0.00000   100%  83.0 4740s
 10529633 34963 infeasible  101         3.92505    0.00000   100%  83.0 4745s
 10540806 34895 infeasible  105         3.92505    0.00000   100%  83.0 4750s
 10554343 34951 infeasible   90         3.92505    0.00000   100%  83.0 4755s
 10567078 34928 infeasible  100         3.92505    0.00000   100%  82.9 4760s
 10580123 35185    0.00000   94   45    3.92505    0.00000   100%  82.9 4765s
 10591641 35397 infeasible   96         3.92505    0.00000   100%  82.9 4770s
 10604456 35566 infeasible   94         3.92505    0.00000   100%  82.9 4775s
 10616747 35459 infeasible  105         3.92505    0.00000   100%  82.9 4780s
 10627835 35417    0.00000   88   10    3.92505    0.00000   100%  82.9 4785s
 10640307 35623    0.00000   96    7    3.92505    0.00000   100%  82.9 4790s
 10651392 35610 infeasible   91         3.92505    0.00000   100%  82.9 4795s
 10665079 35633 infeasible   95         3.92505    0.00000   100%  82.8 4800s
 10676171 35555    0.00000   98   16    3.92505    0.00000   100%  82.8 4805s
 10688256 35376 infeasible   99         3.92505    0.00000   100%  82.8 4810s
 10701713 35457 infeasible   96         3.92505    0.00000   100%  82.8 4815s
 10713334 35509    0.00000   81   21    3.92505    0.00000   100%  82.8 4820s
 10726028 35466 infeasible   94         3.92505    0.00000   100%  82.8 4825s
 10738469 35374    0.00000   94   33    3.92505    0.00000   100%  82.8 4830s
 10751071 35366 infeasible   95         3.92505    0.00000   100%  82.8 4835s
 10763389 35254 infeasible   97         3.92505    0.00000   100%  82.8 4840s
 10774776 35165 infeasible   85         3.92505    0.00000   100%  82.7 4845s
 10787933 35263    0.00000   96   13    3.92505    0.00000   100%  82.7 4850s
 10800342 35379 infeasible   88         3.92505    0.00000   100%  82.7 4855s
 10812763 35297    0.00000   93   26    3.92505    0.00000   100%  82.7 4860s
 10825826 35268    0.00000   80   21    3.92505    0.00000   100%  82.7 4865s
 10839213 35075 infeasible   95         3.92505    0.00000   100%  82.7 4870s
 10851626 35002 infeasible   95         3.92505    0.00000   100%  82.7 4875s
 10863305 34990    0.00000   94   19    3.92505    0.00000   100%  82.6 4880s
 10875860 34935    0.00000   93   20    3.92505    0.00000   100%  82.6 4885s
 10888375 34845 infeasible  104         3.92505    0.00000   100%  82.6 4890s
 10899415 35047 infeasible   86         3.92505    0.00000   100%  82.6 4895s
 10912651 35142    0.00000   86   10    3.92505    0.00000   100%  82.6 4900s
 10925791 35100    0.00000   89   21    3.92505    0.00000   100%  82.6 4905s
 10938946 34947    0.00000   97   30    3.92505    0.00000   100%  82.6 4910s
 10953263 34976    0.00000  103   35    3.92505    0.00000   100%  82.5 4915s
 10966501 34831 infeasible   92         3.92505    0.00000   100%  82.5 4920s
 10980400 34722 infeasible   86         3.92505    0.00000   100%  82.5 4925s
 10993325 34614    0.00000   86   14    3.92505    0.00000   100%  82.5 4930s
 11006908 34765    0.00000   91   24    3.92505    0.00000   100%  82.5 4935s
 11018896 34894 infeasible   83         3.92505    0.00000   100%  82.5 4940s
 11031063 35120    0.00000   83   32    3.92505    0.00000   100%  82.4 4945s
 11044636 35226 infeasible  102         3.92505    0.00000   100%  82.4 4950s
 11057089 35257    0.00000   90   25    3.92505    0.00000   100%  82.4 4955s
 11070606 35445 infeasible   96         3.92505    0.00000   100%  82.4 4960s
 11081986 35570    0.00000   96   13    3.92505    0.00000   100%  82.4 4965s
 11094953 35884 infeasible   96         3.92505    0.00000   100%  82.4 4970s
 11106171 35992 infeasible   96         3.92505    0.00000   100%  82.4 4975s
 11119076 35959 infeasible   94         3.92505    0.00000   100%  82.3 4980s
 11131178 35921    0.00000   86    6    3.92505    0.00000   100%  82.3 4985s
 11143656 36059    0.00000   86   33    3.92505    0.00000   100%  82.3 4990s
 11156193 36120 infeasible   94         3.92505    0.00000   100%  82.3 4995s
 11168419 36119    0.00000  101   33    3.92505    0.00000   100%  82.3 5000s
 11178599 36349    0.00000   93   41    3.92505    0.00000   100%  82.3 5005s
 11192669 36703    0.00000   86   23    3.92505    0.00000   100%  82.3 5010s
 11205459 36967 infeasible   93         3.92505    0.00000   100%  82.3 5015s
 11218150 37202    0.00000   89   38    3.92505    0.00000   100%  82.3 5020s
 11230801 37059    0.00000   91   29    3.92505    0.00000   100%  82.2 5025s
 11244946 37001    0.00000   93   13    3.92505    0.00000   100%  82.2 5030s
 11257418 36875    0.00000   83   19    3.92505    0.00000   100%  82.2 5035s
 11271753 37000    0.00000   97   12    3.92505    0.00000   100%  82.2 5040s
 11284418 37023    0.00000  105    8    3.92505    0.00000   100%  82.2 5045s
 11295934 37106 infeasible   94         3.92505    0.00000   100%  82.2 5050s
 11306724 37030    0.00000   96    6    3.92505    0.00000   100%  82.2 5055s
 11318337 36982    0.00000   75    2    3.92505    0.00000   100%  82.1 5060s
 11329827 36913 infeasible   95         3.92505    0.00000   100%  82.1 5065s
 11344226 36842 infeasible   93         3.92505    0.00000   100%  82.1 5070s
 11355386 36772 infeasible   87         3.92505    0.00000   100%  82.1 5075s
 11368632 36594 infeasible   94         3.92505    0.00000   100%  82.1 5080s
 11379921 36585    0.00000   95    4    3.92505    0.00000   100%  82.1 5085s
 11391982 36734 infeasible   94         3.92505    0.00000   100%  82.1 5090s
 11403617 37213    0.00000   95    6    3.92505    0.00000   100%  82.1 5095s
 11414286 37571 infeasible   95         3.92505    0.00000   100%  82.1 5100s
 11423793 37809    0.00000   88   28    3.92505    0.00000   100%  82.1 5105s
 11433720 37985 infeasible   84         3.92505    0.00000   100%  82.1 5110s
 11444539 38153    0.00000   95    7    3.92505    0.00000   100%  82.1 5115s
 11455866 38115 infeasible   87         3.92505    0.00000   100%  82.1 5120s
 11466282 38088    0.00000   86   24    3.92505    0.00000   100%  82.1 5125s
 11476602 38213    0.00000   93   37    3.92505    0.00000   100%  82.1 5130s
 11488648 38539 infeasible   96         3.92505    0.00000   100%  82.1 5135s
 11499295 38839    0.00000   93   16    3.92505    0.00000   100%  82.1 5140s
 11511827 39002    0.00000   90   41    3.92505    0.00000   100%  82.1 5145s
 11524320 39215    0.00000  105    5    3.92505    0.00000   100%  82.1 5150s
 11535230 39350 infeasible   96         3.92505    0.00000   100%  82.1 5155s
 11546020 39430 infeasible  105         3.92505    0.00000   100%  82.1 5160s
 11558844 39504 infeasible   96         3.92505    0.00000   100%  82.1 5165s
 11570599 39677    0.00000   94   17    3.92505    0.00000   100%  82.1 5170s
 11581825 40320    0.00000   94   32    3.92505    0.00000   100%  82.1 5175s
 11592944 40892 infeasible   96         3.92505    0.00000   100%  82.1 5180s
 11603330 41332    0.00000   86   17    3.92505    0.00000   100%  82.1 5185s
 11614751 41679    0.00000   89   29    3.92505    0.00000   100%  82.1 5190s
 11625991 42237 infeasible   99         3.92505    0.00000   100%  82.1 5195s
 11638359 42754 infeasible   94         3.92505    0.00000   100%  82.1 5200s
 11650759 43301 infeasible   95         3.92505    0.00000   100%  82.0 5205s
 11663822 43449    0.00000  104   22    3.92505    0.00000   100%  82.0 5210s
 11676575 43660    0.00000   81   16    3.92505    0.00000   100%  82.0 5215s
 11689189 43727    0.00000   94   17    3.92505    0.00000   100%  82.0 5220s
 11701448 44015 infeasible   96         3.92505    0.00000   100%  82.0 5225s
 11712218 44075    0.00000   99   35    3.92505    0.00000   100%  82.0 5230s
 11722406 44469 infeasible   95         3.92505    0.00000   100%  82.0 5235s
 11732037 44702    0.00000   86   11    3.92505    0.00000   100%  82.0 5240s
 11742386 44896 infeasible   96         3.92505    0.00000   100%  82.0 5245s
 11754452 44985    0.00000   87   12    3.92505    0.00000   100%  82.0 5250s
 11764407 44958 infeasible   94         3.92505    0.00000   100%  82.0 5255s
 11775105 44851    0.00000   86   13    3.92505    0.00000   100%  82.0 5260s
 11785117 44799    0.00000   95    5    3.92505    0.00000   100%  82.1 5265s
 11795011 44823    0.00000   96    5    3.92505    0.00000   100%  82.1 5270s
 11804928 44784    0.00000   92   31    3.92505    0.00000   100%  82.1 5275s
 11814486 44766 infeasible   95         3.92505    0.00000   100%  82.1 5280s
 11825364 44714    0.00000   84   32    3.92505    0.00000   100%  82.1 5285s
 11835049 44773 infeasible   95         3.92505    0.00000   100%  82.1 5290s
 11844869 44777 infeasible   91         3.92505    0.00000   100%  82.1 5295s
 11854104 44702    0.00000   86   11    3.92505    0.00000   100%  82.1 5300s
 11862679 44695    0.00000   85    5    3.92505    0.00000   100%  82.1 5305s
 11872260 44651 infeasible   83         3.92505    0.00000   100%  82.2 5310s
 11881928 44658 infeasible   98         3.92505    0.00000   100%  82.2 5315s
 11893012 44619    0.00000   89    5    3.92505    0.00000   100%  82.2 5320s
 11903565 44645    0.00000   96   17    3.92505    0.00000   100%  82.2 5325s
 11913337 44563    0.00000   91   33    3.92505    0.00000   100%  82.2 5330s
 11923815 44476 infeasible   88         3.92505    0.00000   100%  82.2 5335s
 11932828 44487 infeasible   95         3.92505    0.00000   100%  82.2 5340s
 11944860 44378 infeasible   94         3.92505    0.00000   100%  82.2 5345s
 11955791 44388 infeasible   84         3.92505    0.00000   100%  82.2 5350s
 11966056 44547 infeasible   86         3.92505    0.00000   100%  82.2 5355s
 11977131 44821 infeasible   86         3.92505    0.00000   100%  82.2 5360s
 11985502 45035    0.00000   87   20    3.92505    0.00000   100%  82.2 5365s
 11996875 45123    0.00000   90   25    3.92505    0.00000   100%  82.2 5370s
 12008072 45161 infeasible   94         3.92505    0.00000   100%  82.2 5375s
 12018933 45221 infeasible   98         3.92505    0.00000   100%  82.2 5380s
 12029359 45229    0.00000   96    9    3.92505    0.00000   100%  82.2 5385s
 12039189 45261 infeasible   85         3.92505    0.00000   100%  82.2 5390s
 12049650 45197    0.00000   90   17    3.92505    0.00000   100%  82.3 5395s
 12058279 45087 infeasible   94         3.92505    0.00000   100%  82.3 5400s
 12069121 45004 infeasible   97         3.92505    0.00000   100%  82.3 5405s
 12078746 44963    0.00000   86   11    3.92505    0.00000   100%  82.3 5410s
 12088652 44924 infeasible   95         3.92505    0.00000   100%  82.3 5415s
 12099217 44938 infeasible   97         3.92505    0.00000   100%  82.3 5420s
 12111367 44846 infeasible   95         3.92505    0.00000   100%  82.3 5425s
 12122942 44861    0.00000   92   36    3.92505    0.00000   100%  82.3 5430s
 12133878 44932    0.00000   86   14    3.92505    0.00000   100%  82.3 5435s
 12144119 44802 infeasible   82         3.92505    0.00000   100%  82.3 5440s
 12154329 44782 infeasible   94         3.92505    0.00000   100%  82.3 5445s
 12166149 44746    0.00000   95   13    3.92505    0.00000   100%  82.3 5450s
 12176788 44610 infeasible   96         3.92505    0.00000   100%  82.3 5455s
 12186846 44636    0.00000   86   13    3.92505    0.00000   100%  82.3 5460s
 12198638 44605 infeasible   95         3.92505    0.00000   100%  82.3 5465s
 12209802 44405 infeasible   85         3.92505    0.00000   100%  82.3 5470s
 12221659 44316    0.00000   95   19    3.92505    0.00000   100%  82.3 5475s
 12232137 44311    0.00000   73   44    3.92505    0.00000   100%  82.3 5480s
 12243130 44572    0.00000  107   16    3.92505    0.00000   100%  82.3 5485s
 12253698 44769    0.00000   83   23    3.92505    0.00000   100%  82.3 5490s
 12263946 45046    0.00000   89   26    3.92505    0.00000   100%  82.3 5495s
 12274531 45158 infeasible   94         3.92505    0.00000   100%  82.3 5500s
 12283731 45302 infeasible   95         3.92505    0.00000   100%  82.3 5505s
 12294117 45490    0.00000   89   14    3.92505    0.00000   100%  82.3 5510s
 12304957 45622 infeasible  103         3.92505    0.00000   100%  82.3 5515s
 12315899 45709 infeasible   94         3.92505    0.00000   100%  82.3 5520s
 12327495 45601    0.00000   95   19    3.92505    0.00000   100%  82.3 5525s
 12338309 45538 infeasible   82         3.92505    0.00000   100%  82.3 5530s
 12348421 45472    0.00000   83   41    3.92505    0.00000   100%  82.3 5535s
 12358501 45312    0.00000   95    5    3.92505    0.00000   100%  82.3 5540s
 12370985 45201 infeasible   96         3.92505    0.00000   100%  82.3 5545s
 12381910 45205 infeasible   89         3.92505    0.00000   100%  82.3 5550s
 12392626 45046    0.00000   82   25    3.92505    0.00000   100%  82.3 5555s
 12403535 45006    0.00000   86   12    3.92505    0.00000   100%  82.3 5560s
 12414033 44933    0.00000   92   34    3.92505    0.00000   100%  82.3 5565s
 12425769 44911 infeasible   94         3.92505    0.00000   100%  82.3 5570s
 12435769 44924 infeasible   85         3.92505    0.00000   100%  82.3 5575s
 12446122 45193 infeasible   78         3.92505    0.00000   100%  82.4 5580s
 12456801 45323    0.00000   84   18    3.92505    0.00000   100%  82.4 5585s
 12467401 45276 infeasible  100         3.92505    0.00000   100%  82.4 5590s
 12477631 45274    0.00000   96   18    3.92505    0.00000   100%  82.4 5595s
 12487583 45347    0.00000   92   33    3.92505    0.00000   100%  82.4 5600s
 12496867 45305    0.00000   86   12    3.92505    0.00000   100%  82.4 5605s
 12507992 45258 infeasible   95         3.92505    0.00000   100%  82.4 5610s
 12518185 45137    0.00000   98   14    3.92505    0.00000   100%  82.4 5615s
 12528649 45402    0.00000   91   22    3.92505    0.00000   100%  82.4 5620s
 12539317 45756    0.00000   83   33    3.92505    0.00000   100%  82.4 5625s
 12550298 46062    0.00000   96   15    3.92505    0.00000   100%  82.4 5630s
 12560666 46267    0.00000   81   28    3.92505    0.00000   100%  82.4 5635s
 12571514 46291 infeasible   86         3.92505    0.00000   100%  82.4 5640s
 12584687 46336    0.00000   94   29    3.92505    0.00000   100%  82.4 5645s
 12595413 46261 infeasible   83         3.92505    0.00000   100%  82.4 5650s
 12608082 46307 infeasible   86         3.92505    0.00000   100%  82.4 5655s
 12618836 46559    0.00000   86   20    3.92505    0.00000   100%  82.4 5660s
 12629625 46790 infeasible   95         3.92505    0.00000   100%  82.4 5665s
 12642756 47372    0.00000   89   26    3.92505    0.00000   100%  82.4 5670s
 12653997 47489    0.00000   96   11    3.92505    0.00000   100%  82.4 5675s
 12666946 47689 infeasible   94         3.92505    0.00000   100%  82.4 5680s
 12678114 47653 infeasible   94         3.92505    0.00000   100%  82.4 5685s
 12690689 47929    0.00000   95   19    3.92505    0.00000   100%  82.3 5690s
 12701854 48254 infeasible   95         3.92505    0.00000   100%  82.3 5695s
 12712592 48306 infeasible   95         3.92505    0.00000   100%  82.3 5700s
 12722531 48280 infeasible   93         3.92505    0.00000   100%  82.4 5705s
 12732936 48178 infeasible   95         3.92505    0.00000   100%  82.4 5710s
 12744281 48489    0.00000   73   24    3.92505    0.00000   100%  82.4 5715s
 12754394 48856    0.00000   89   34    3.92505    0.00000   100%  82.4 5720s
 12765088 49013    0.00000   85    7    3.92505    0.00000   100%  82.4 5725s
 12774888 48997 infeasible   98         3.92505    0.00000   100%  82.4 5730s
 12785293 48894    0.00000   94   29    3.92505    0.00000   100%  82.4 5735s
 12795525 48779    0.00000   87   14    3.92505    0.00000   100%  82.4 5740s
 12805583 48789 infeasible  100         3.92505    0.00000   100%  82.4 5745s
 12817660 48920    0.00000   89   31    3.92505    0.00000   100%  82.4 5750s
 12828253 48936 infeasible   95         3.92505    0.00000   100%  82.4 5755s
 12838815 48805    0.00000   81   27    3.92505    0.00000   100%  82.4 5760s
 12848573 48733    0.00000   94   30    3.92505    0.00000   100%  82.4 5765s
 12859340 48677    0.00000   85   17    3.92505    0.00000   100%  82.4 5770s
 12869812 48591    0.00000   85   12    3.92505    0.00000   100%  82.4 5775s
 12880560 48695    0.00000   93   16    3.92505    0.00000   100%  82.4 5780s
 12891191 48583 infeasible   86         3.92505    0.00000   100%  82.4 5785s
 12901872 48496 infeasible   93         3.92505    0.00000   100%  82.4 5790s
 12912090 48444 infeasible   85         3.92505    0.00000   100%  82.4 5795s
 12922995 48366 infeasible   95         3.92505    0.00000   100%  82.5 5800s
 12933057 48397    0.00000   86    6    3.92505    0.00000   100%  82.5 5805s
 12944048 48371 infeasible   96         3.92505    0.00000   100%  82.5 5810s
 12954261 48299 infeasible   85         3.92505    0.00000   100%  82.5 5815s
 12965761 48353    0.00000   91   26    3.92505    0.00000   100%  82.5 5820s
 12976579 48354 infeasible   95         3.92505    0.00000   100%  82.5 5825s
 12986727 48226    0.00000   84   30    3.92505    0.00000   100%  82.5 5830s
 12997476 48085    0.00000   91   29    3.92505    0.00000   100%  82.5 5835s
 13008301 48136 infeasible   95         3.92505    0.00000   100%  82.5 5840s
 13018517 48174    0.00000   85    6    3.92505    0.00000   100%  82.5 5845s
 13029137 48081    0.00000   84   28    3.92505    0.00000   100%  82.5 5850s
 13039220 48009 infeasible   94         3.92505    0.00000   100%  82.5 5855s
 13050120 47995    0.00000   95    7    3.92505    0.00000   100%  82.5 5860s
 13059894 48134    0.00000   95    8    3.92505    0.00000   100%  82.5 5865s
 13070335 48065 infeasible   91         3.92505    0.00000   100%  82.5 5870s
 13081086 48051 infeasible   96         3.92505    0.00000   100%  82.5 5875s
 13091735 48091 infeasible   94         3.92505    0.00000   100%  82.5 5880s
 13103261 47862 infeasible   97         3.92505    0.00000   100%  82.5 5885s
 13114789 48069    0.00000   90   19    3.92505    0.00000   100%  82.5 5890s
 13126934 48190 infeasible   94         3.92505    0.00000   100%  82.5 5895s
 13136659 48251    0.00000   85    6    3.92505    0.00000   100%  82.5 5900s
 13147443 48174 infeasible   86         3.92505    0.00000   100%  82.5 5905s
 13158022 48550    0.00000   90   37    3.92505    0.00000   100%  82.5 5910s
 13170217 48870    0.00000   84   29    3.92505    0.00000   100%  82.5 5915s
 13181477 49135 infeasible   91         3.92505    0.00000   100%  82.5 5920s
 13191920 49295    0.00000   88   14    3.92505    0.00000   100%  82.5 5925s
 13202143 49316    0.00000   88   19    3.92505    0.00000   100%  82.5 5930s
 13212987 49465    0.00000   88   34    3.92505    0.00000   100%  82.5 5935s
 13224475 49523 infeasible   94         3.92505    0.00000   100%  82.5 5940s
 13235104 49412 infeasible   95         3.92505    0.00000   100%  82.5 5945s
 13245965 49243 infeasible   86         3.92505    0.00000   100%  82.6 5950s
 13256115 49101 infeasible   96         3.92505    0.00000   100%  82.6 5955s
 13265814 49184    0.00000   87   11    3.92505    0.00000   100%  82.6 5960s
 13276655 49351    0.00000   96   15    3.92505    0.00000   100%  82.6 5965s
 13286379 49229 infeasible   88         3.92505    0.00000   100%  82.6 5970s
 13298066 49352    0.00000   82   17    3.92505    0.00000   100%  82.6 5975s
 13309822 49392    0.00000   86   15    3.92505    0.00000   100%  82.6 5980s
 13321280 49367 infeasible   94         3.92505    0.00000   100%  82.6 5985s
 13332228 49396 infeasible   96         3.92505    0.00000   100%  82.6 5990s
 13343715 49343    0.00000   95   16    3.92505    0.00000   100%  82.6 5995s
 13355180 49252    0.00000   98   21    3.92505    0.00000   100%  82.6 6000s
 13366395 49183 infeasible   95         3.92505    0.00000   100%  82.6 6005s
 13377110 49321    0.00000   92   15    3.92505    0.00000   100%  82.6 6010s
 13388944 49201    0.00000   94   25    3.92505    0.00000   100%  82.6 6015s
 13400342 49026    0.00000   89   33    3.92505    0.00000   100%  82.6 6020s
 13410108 49044    0.00000   93   26    3.92505    0.00000   100%  82.6 6025s
 13420225 49463    0.00000   84   49    3.92505    0.00000   100%  82.6 6030s
 13430498 49894    0.00000   82   30    3.92505    0.00000   100%  82.6 6035s
 13440399 50034    0.00000   75    6    3.92505    0.00000   100%  82.6 6040s
 13449320 50160    0.00000   95    8    3.92505    0.00000   100%  82.6 6045s
 13461224 50370 infeasible   85         3.92505    0.00000   100%  82.6 6050s
 13472612 50545 infeasible   93         3.92505    0.00000   100%  82.6 6055s
 13483949 50558 infeasible   96         3.92505    0.00000   100%  82.6 6060s
 13495799 50434    0.00000   86   18    3.92505    0.00000   100%  82.6 6065s
 13506469 50534 infeasible   92         3.92505    0.00000   100%  82.6 6070s
 13518658 50532 infeasible   95         3.92505    0.00000   100%  82.6 6075s
 13522900 50443    0.00000   94   33    3.92505    0.00000   100%  82.6 6080s
 13539022 50448    0.00000   86   18    3.92505    0.00000   100%  82.6 6085s
 13550423 50454    0.00000   83   28    3.92505    0.00000   100%  82.6 6090s
 13562543 50349    0.00000   95   21    3.92505    0.00000   100%  82.6 6095s
 13573482 50316    0.00000   87   24    3.92505    0.00000   100%  82.6 6100s
 13586181 50273    0.00000   90   40    3.92505    0.00000   100%  82.6 6105s
 13597309 50104    0.00000   91   33    3.92505    0.00000   100%  82.6 6110s
 13607101 50050    0.00000   91   39    3.92505    0.00000   100%  82.6 6115s
 13617012 50388    0.00000   98   21    3.92505    0.00000   100%  82.6 6120s
 13628503 50672 infeasible   85         3.92505    0.00000   100%  82.6 6125s
 13638660 50819    0.00000   99   15    3.92505    0.00000   100%  82.7 6130s
 13649487 51020 infeasible   95         3.92505    0.00000   100%  82.7 6135s
 13660043 50996    0.00000   91   26    3.92505    0.00000   100%  82.7 6140s
 13670428 50938    0.00000   93   26    3.92505    0.00000   100%  82.7 6145s
 13682003 50845    0.00000   94   18    3.92505    0.00000   100%  82.7 6150s
 13691389 50848    0.00000   85   19    3.92505    0.00000   100%  82.7 6155s
 13702439 50925    0.00000   83   22    3.92505    0.00000   100%  82.7 6160s
 13713725 51198 infeasible   84         3.92505    0.00000   100%  82.7 6165s
 13724119 51404 infeasible   79         3.92505    0.00000   100%  82.7 6170s
 13735250 51389 infeasible   96         3.92505    0.00000   100%  82.7 6175s
 13745320 51351    0.00000   80   30    3.92505    0.00000   100%  82.7 6180s
 13756409 51194    0.00000   86   11    3.92505    0.00000   100%  82.7 6185s
 13766174 51057    0.00000   90   20    3.92505    0.00000   100%  82.7 6190s
 13776984 50940    0.00000   86   12    3.92505    0.00000   100%  82.7 6195s
 13788059 50846    0.00000   86    8    3.92505    0.00000   100%  82.7 6200s
 13798225 50738 infeasible   92         3.92505    0.00000   100%  82.7 6205s
 13808987 50722    0.00000   96    4    3.92505    0.00000   100%  82.7 6210s
 13820580 50674 infeasible   95         3.92505    0.00000   100%  82.7 6215s
 13832328 50551 infeasible   96         3.92505    0.00000   100%  82.7 6220s
 13843349 50562 infeasible   94         3.92505    0.00000   100%  82.7 6225s
 13853359 50515    0.00000   96   16    3.92505    0.00000   100%  82.7 6230s
 13864747 50603 infeasible   82         3.92505    0.00000   100%  82.7 6235s
 13874624 50689 infeasible   94         3.92505    0.00000   100%  82.7 6240s
 13885739 50722 infeasible   97         3.92505    0.00000   100%  82.7 6245s
 13895880 50611 infeasible   96         3.92505    0.00000   100%  82.7 6250s
 13905720 50499    0.00000   90   26    3.92505    0.00000   100%  82.7 6255s
 13917187 50502 infeasible   85         3.92505    0.00000   100%  82.7 6260s
 13928198 50609    0.00000   91   21    3.92505    0.00000   100%  82.7 6265s
 13938922 50566 infeasible   94         3.92505    0.00000   100%  82.7 6270s
 13949951 50467 infeasible   96         3.92505    0.00000   100%  82.7 6275s
 13960805 50417    0.00000   91   30    3.92505    0.00000   100%  82.7 6280s
 13972137 50362 infeasible   99         3.92505    0.00000   100%  82.7 6285s
 13983962 50382 infeasible   93         3.92505    0.00000   100%  82.7 6290s
 13994602 50514    0.00000   91   25    3.92505    0.00000   100%  82.7 6295s
 14004125 50476    0.00000   85    8    3.92505    0.00000   100%  82.7 6300s
 14014336 50426    0.00000   79   25    3.92505    0.00000   100%  82.8 6305s
 14025734 50293 infeasible   96         3.92505    0.00000   100%  82.8 6310s
 14035938 50321 infeasible   86         3.92505    0.00000   100%  82.8 6315s
 14046321 50340    0.00000   94   40    3.92505    0.00000   100%  82.8 6320s
 14056554 50450    0.00000   95    5    3.92505    0.00000   100%  82.8 6325s
 14066833 50403    0.00000   93    9    3.92505    0.00000   100%  82.8 6330s
 14077501 50403    0.00000   97   20    3.92505    0.00000   100%  82.8 6335s
 14089057 50230    0.00000   96   22    3.92505    0.00000   100%  82.8 6340s
 14098474 50252 infeasible  105         3.92505    0.00000   100%  82.8 6345s
 14109171 50552 infeasible   86         3.92505    0.00000   100%  82.8 6350s
 14119812 50679 infeasible   86         3.92505    0.00000   100%  82.8 6355s
 14130025 50728 infeasible   91         3.92505    0.00000   100%  82.8 6360s
 14139013 50701 infeasible   86         3.92505    0.00000   100%  82.8 6365s
 14148527 50678    0.00000   86   12    3.92505    0.00000   100%  82.8 6370s
 14158228 50516    0.00000   86   19    3.92505    0.00000   100%  82.8 6375s
 14168118 50464    0.00000   91   13    3.92505    0.00000   100%  82.8 6380s
 14178637 50367 infeasible   86         3.92505    0.00000   100%  82.8 6385s
 14188391 50326    0.00000   97   20    3.92505    0.00000   100%  82.8 6390s
 14198509 50397    0.00000  103   25    3.92505    0.00000   100%  82.8 6395s
 14207841 50467    0.00000   96   16    3.92505    0.00000   100%  82.9 6400s
 14218456 50381    0.00000   96    8    3.92505    0.00000   100%  82.9 6405s
 14228402 50246    0.00000   84   36    3.92505    0.00000   100%  82.9 6410s
 14238245 50138 infeasible   96         3.92505    0.00000   100%  82.9 6415s
 14249518 50052 infeasible   86         3.92505    0.00000   100%  82.9 6420s
 14260171 50070 infeasible   94         3.92505    0.00000   100%  82.9 6425s
 14271129 50159 infeasible   95         3.92505    0.00000   100%  82.9 6430s
 14281429 50002    0.00000   96    8    3.92505    0.00000   100%  82.9 6435s
 14291396 49834    0.00000   86   15    3.92505    0.00000   100%  82.9 6440s
 14300867 49864    0.00000   75    2    3.92505    0.00000   100%  82.9 6445s
 14310702 49937 infeasible   95         3.92505    0.00000   100%  82.9 6450s
 14321608 49821 infeasible   91         3.92505    0.00000   100%  82.9 6455s
 14331814 49763    0.00000   86   16    3.92505    0.00000   100%  82.9 6460s
 14342676 49655    0.00000   93   19    3.92505    0.00000   100%  82.9 6465s
 14352937 49733    0.00000   89   26    3.92505    0.00000   100%  82.9 6470s
 14363240 49869 infeasible   91         3.92505    0.00000   100%  82.9 6475s
 14373631 50025 infeasible   86         3.92505    0.00000   100%  82.9 6480s
 14382576 50023 infeasible   92         3.92505    0.00000   100%  82.9 6485s
 14392808 50057 infeasible   91         3.92505    0.00000   100%  82.9 6490s
 14403834 50079    0.00000   86   27    3.92505    0.00000   100%  82.9 6495s
 14413690 50016 infeasible   96         3.92505    0.00000   100%  82.9 6500s
 14422972 49864 infeasible   94         3.92505    0.00000   100%  83.0 6505s
 14433656 49835 infeasible   86         3.92505    0.00000   100%  83.0 6510s
 14442826 49752    0.00000   94   20    3.92505    0.00000   100%  83.0 6515s
 14454684 49690    0.00000   87   17    3.92505    0.00000   100%  83.0 6520s
 14464977 49776    0.00000   86   13    3.92505    0.00000   100%  83.0 6525s
 14475034 49735    0.00000   87   14    3.92505    0.00000   100%  83.0 6530s
 14485393 49684 infeasible   85         3.92505    0.00000   100%  83.0 6535s
 14496425 49585    0.00000   83   32    3.92505    0.00000   100%  83.0 6540s
 14506802 49469    0.00000   78   16    3.92505    0.00000   100%  83.0 6545s
 14516485 49488    0.00000   87   31    3.92505    0.00000   100%  83.0 6550s
 14526517 49421 infeasible   88         3.92505    0.00000   100%  83.0 6555s
 14538605 49502    0.00000   86   14    3.92505    0.00000   100%  83.0 6560s
 14550193 49380    0.00000   76   15    3.92505    0.00000   100%  83.0 6565s
 14561022 49540    0.00000   86   11    3.92505    0.00000   100%  83.0 6570s
 14572131 49589 infeasible   84         3.92505    0.00000   100%  83.0 6575s
 14583419 49547 infeasible   97         3.92505    0.00000   100%  83.0 6580s
 14594977 49465 infeasible   85         3.92505    0.00000   100%  83.0 6585s
 14607047 49495    0.00000   84   18    3.92505    0.00000   100%  83.0 6590s
 14618132 49516 infeasible   91         3.92505    0.00000   100%  83.0 6595s
 14629157 49373 infeasible   86         3.92505    0.00000   100%  83.0 6600s
 14641312 49304    0.00000   94   22    3.92505    0.00000   100%  83.0 6605s
 14652257 49473 infeasible   94         3.92505    0.00000   100%  83.0 6610s
 14663189 49820 infeasible   94         3.92505    0.00000   100%  83.0 6615s
 14672247 50001    0.00000   86    8    3.92505    0.00000   100%  83.0 6620s
 14683736 49971    0.00000   89   30    3.92505    0.00000   100%  83.0 6625s
 14693774 49972 infeasible   90         3.92505    0.00000   100%  83.0 6630s
 14703993 49997    0.00000   86   18    3.92505    0.00000   100%  83.0 6635s
 14714720 49974 infeasible   97         3.92505    0.00000   100%  83.0 6640s
 14724930 49906 infeasible   91         3.92505    0.00000   100%  83.0 6645s
 14734397 49829    0.00000   95   11    3.92505    0.00000   100%  83.0 6652s
 14745065 49979    0.00000   95    6    3.92505    0.00000   100%  83.0 6655s
 14755492 49779    0.00000   95    9    3.92505    0.00000   100%  83.0 6660s
 14765359 49731 infeasible   97         3.92505    0.00000   100%  83.0 6665s
 14776915 49691 infeasible   95         3.92505    0.00000   100%  83.0 6670s
 14786851 49668 infeasible   83         3.92505    0.00000   100%  83.0 6675s
 14798632 49565    0.00000   96   15    3.92505    0.00000   100%  83.0 6680s
 14808389 49543    0.00000   92   26    3.92505    0.00000   100%  83.0 6685s
 14820118 49518    0.00000   95   17    3.92505    0.00000   100%  83.0 6690s
 14831524 49458    0.00000   85    6    3.92505    0.00000   100%  83.0 6695s
 14841617 49523    0.00000   89   22    3.92505    0.00000   100%  83.0 6700s
 14852258 49508 infeasible   94         3.92505    0.00000   100%  83.0 6705s
 14862834 49466 infeasible   90         3.92505    0.00000   100%  83.0 6710s
 14873406 49422 infeasible   95         3.92505    0.00000   100%  83.0 6715s
 14883945 49489    0.00000   86   26    3.92505    0.00000   100%  83.0 6720s
 14895708 49331 infeasible  101         3.92505    0.00000   100%  83.0 6725s
 14906342 49292    0.00000   91   26    3.92505    0.00000   100%  83.0 6730s
 14917059 49268 infeasible   85         3.92505    0.00000   100%  83.0 6735s
 14927510 49594    0.00000   85    4    3.92505    0.00000   100%  83.0 6740s
 14937596 49789    0.00000   86   14    3.92505    0.00000   100%  83.0 6745s
 14947484 49819 infeasible   91         3.92505    0.00000   100%  83.0 6750s
 14957020 49754    0.00000   96   11    3.92505    0.00000   100%  83.0 6755s
 14968637 49721 infeasible   86         3.92505    0.00000   100%  83.0 6760s
 14978961 49714 infeasible   92         3.92505    0.00000   100%  83.1 6765s
 14989347 49592    0.00000   91   32    3.92505    0.00000   100%  83.1 6770s
 14999091 49545    0.00000   87   27    3.92505    0.00000   100%  83.1 6775s
 15009865 49533    0.00000   86   18    3.92505    0.00000   100%  83.1 6780s
 15019881 49461    0.00000   96    4    3.92505    0.00000   100%  83.1 6785s
 15029690 49438    0.00000   82   26    3.92505    0.00000   100%  83.1 6790s
 15040345 49505 infeasible   94         3.92505    0.00000   100%  83.1 6795s
 15051817 49395    0.00000   85   16    3.92505    0.00000   100%  83.1 6800s
 15062539 49377 infeasible   89         3.92505    0.00000   100%  83.1 6805s
 15073259 49251    0.00000   90   25    3.92505    0.00000   100%  83.1 6810s
 15084362 49330 infeasible   95         3.92505    0.00000   100%  83.1 6815s
 15093388 49292    0.00000   88   24    3.92505    0.00000   100%  83.1 6820s
 15103463 49294    0.00000   88   25    3.92505    0.00000   100%  83.1 6825s
 15112945 49300    0.00000   85   16    3.92505    0.00000   100%  83.1 6830s
 15122495 49301    0.00000   98    9    3.92505    0.00000   100%  83.1 6835s
 15133512 49215 infeasible   93         3.92505    0.00000   100%  83.1 6840s
 15145596 49230 infeasible   86         3.92505    0.00000   100%  83.1 6845s
 15156085 49152    0.00000   83   20    3.92505    0.00000   100%  83.1 6850s
 15166845 49154    0.00000   79   34    3.92505    0.00000   100%  83.1 6855s
 15177257 49183    0.00000   95    4    3.92505    0.00000   100%  83.1 6860s
 15188491 49181    0.00000   91   29    3.92505    0.00000   100%  83.1 6865s
 15197979 49061    0.00000   86    9    3.92505    0.00000   100%  83.1 6870s
 15207409 48954    0.00000   94   24    3.92505    0.00000   100%  83.1 6875s
 15216415 48902 infeasible   86         3.92505    0.00000   100%  83.1 6880s
 15226609 48996    0.00000   96   20    3.92505    0.00000   100%  83.1 6885s
 15236736 49156    0.00000   85    4    3.92505    0.00000   100%  83.1 6890s
 15247772 49325 infeasible   85         3.92505    0.00000   100%  83.1 6895s
 15258077 49408    3.00000   92   26    3.92505    0.00000   100%  83.1 6900s
 15268240 49444 infeasible   98         3.92505    0.00000   100%  83.2 6905s
 15277740 49492    0.00000   88    8    3.92505    0.00000   100%  83.2 6910s
 15286255 49537    0.00000   96   19    3.92505    0.00000   100%  83.2 6915s
 15296765 49553 infeasible   97         3.92505    0.00000   100%  83.2 6920s
 15308164 50354 infeasible   75         3.92505    0.00000   100%  83.2 6925s
 15318837 50798    0.00000   86   16    3.92505    0.00000   100%  83.2 6930s
 15328324 51136    0.00000   86    8    3.92505    0.00000   100%  83.2 6935s
 15339136 51198    0.00000   96   16    3.92505    0.00000   100%  83.2 6940s
 15349265 51493 infeasible   96         3.92505    0.00000   100%  83.2 6945s
 15359468 51601 infeasible   89         3.92505    0.00000   100%  83.2 6950s
 15370614 51955 infeasible   86         3.92505    0.00000   100%  83.2 6955s
 15381368 52293 infeasible   85         3.92505    0.00000   100%  83.2 6960s
 15392403 52552 infeasible   98         3.92505    0.00000   100%  83.2 6965s
 15404712 52661 infeasible   96         3.92505    0.00000   100%  83.2 6970s
 15417032 52560    0.00000   86    4    3.92505    0.00000   100%  83.2 6975s
 15426485 52445 infeasible   92         3.92505    0.00000   100%  83.2 6981s
 15439521 52408 infeasible   96         3.92505    0.00000   100%  83.2 6985s
 15451702 52422    0.00000   86   11    3.92505    0.00000   100%  83.2 6990s
 15463708 52348 infeasible   95         3.92505    0.00000   100%  83.2 6995s
 15475099 52378 infeasible  102         3.92505    0.00000   100%  83.2 7000s
 15485826 52311 infeasible   86         3.92505    0.00000   100%  83.2 7005s
 15497723 52348    0.00000   89   24    3.92505    0.00000   100%  83.2 7010s
 15508667 52356 infeasible  105         3.92505    0.00000   100%  83.2 7015s
 15520417 52452    0.00000   86   20    3.92505    0.00000   100%  83.2 7020s
 15531768 52614 infeasible  102         3.92505    0.00000   100%  83.2 7025s
 15543787 52724 infeasible   98         3.92505    0.00000   100%  83.2 7030s
 15554550 52857 infeasible   97         3.92505    0.00000   100%  83.2 7035s
 15565337 52925 infeasible  100         3.92505    0.00000   100%  83.2 7040s
 15577949 52941    0.00000   94   20    3.92505    0.00000   100%  83.2 7045s
 15591112 52880    0.00000   98   13    3.92505    0.00000   100%  83.2 7050s
 15602585 52685 infeasible   94         3.92505    0.00000   100%  83.1 7055s
 15614286 52652 infeasible   93         3.92505    0.00000   100%  83.1 7060s
 15626811 52554 infeasible   97         3.92505    0.00000   100%  83.1 7065s
 15638477 52589    0.00000  101   17    3.92505    0.00000   100%  83.1 7070s
 15648351 52605    0.00000   91   30    3.92505    0.00000   100%  83.1 7075s
 15660910 52596    0.00000   95    6    3.92505    0.00000   100%  83.1 7080s
 15672590 52521    0.00000   90   24    3.92505    0.00000   100%  83.1 7085s
 15684685 52611 infeasible   98         3.92505    0.00000   100%  83.1 7090s
 15696893 52503 infeasible  105         3.92505    0.00000   100%  83.1 7095s
 15709101 52479    0.00000   98   21    3.92505    0.00000   100%  83.1 7100s
 15720471 52393    0.00000   89   30    3.92505    0.00000   100%  83.1 7105s
 15730216 52448 infeasible   97         3.92505    0.00000   100%  83.1 7110s
 15741521 52503    0.00000   87   12    3.92505    0.00000   100%  83.1 7115s
 15753077 52602    0.00000   94   19    3.92505    0.00000   100%  83.1 7120s
 15765369 52688    0.00000   97   11    3.92505    0.00000   100%  83.1 7125s
 15778744 52572    0.00000   96   11    3.92505    0.00000   100%  83.0 7130s
 15790825 52341    0.00000  106   18    3.92505    0.00000   100%  83.0 7135s
 15802968 52332    0.00000   91   23    3.92505    0.00000   100%  83.0 7140s
 15814199 52413 infeasible   78         3.92505    0.00000   100%  83.0 7145s
 15826311 52446    0.00000   80   30    3.92505    0.00000   100%  83.0 7150s
 15836716 52342 infeasible   96         3.92505    0.00000   100%  83.0 7155s
 15847999 52267 infeasible   96         3.92505    0.00000   100%  83.0 7160s
 15859297 52131 infeasible   94         3.92505    0.00000   100%  83.0 7165s
 15871008 52048 infeasible   97         3.92505    0.00000   100%  83.0 7170s
 15881435 52033    0.00000   87   20    3.92505    0.00000   100%  83.0 7175s
 15893086 52100    0.00000   87   16    3.92505    0.00000   100%  83.0 7180s
 15904163 52253    0.00000   85    4    3.92505    0.00000   100%  83.0 7185s
 15915798 52120    0.00000   86    5    3.92505    0.00000   100%  83.0 7190s
 15926389 52117 infeasible   91         3.92505    0.00000   100%  83.0 7195s
 15936849 52178    0.00000   83   29    3.92505    0.00000   100%  83.0 7200s

Cutting planes:
  Learned: 5
  Cover: 2
  Implied bound: 9
  Projected implied bound: 6
  MIR: 11
  Mixing: 1
  Flow cover: 45
  RLT: 3
  Relax-and-lift: 5
  BQP: 1

Cleanup yields a better solution

Explored 15937032 nodes (1322548563 simplex iterations) in 7200.10 seconds (14458.24 work units)
Thread count was 8 (of 192 available processors)

Solution count 10: 3.91892 3.92505 4 ... 4

Time limit reached
Best objective 3.918916922656e+00, best bound 0.000000000000e+00, gap 100.0000%

User-callback calls 35509318, time in user-callback 6.07 sec

AVANT CALCUL DES AUTRES INDICATEURS
Obj_rho = 4
Obj_lambda = 0
Obj_phi = 0
AVANT CALCUL DES AUTRES INDICATEURS
Obj_rho = 4
Obj_lambda = 0
Obj_phi = -1
✅ Solution trouvée (status: TIME_LIMIT)
🎯 Objective global: 3.9189169226557765
⏱️ Time used: 7200.1
Nombre de vols satisfaits: 196
Nombre de vols non satisfaits: 0

✈️ Paths for each aircraft:

🛩️ Aircraft N607AS path (27 nodes): s_(u=0, v=0, w=0) ➡️  N607AS_(u=0, v=0, w=1) ➡️  ANC_SEA_137_389_(u=173, v=1, w=1) ➡️  SEA_ANC_479_633_(u=366, v=2, w=1) ➡️  ANC_SEA_715_980_(u=547, v=3, w=1) ➡️  SEA_LAS_1064_1207_(u=657, v=4, w=1) ➡️  LAS_SFO_1317_1401_(u=723, v=5, w=1) ➡️  SFO_ORD_1859_2247_(u=955, v=6, w=2) ➡️  ORD_SFO_2309_2462_(u=1200, v=7, w=2) ➡️  SFO_AUS_2533_2855_(u=1377, v=8, w=2) ➡️  AUS_SFO_3432_3558_(u=1587, v=9, w=3) ➡️  SFO_SEA_3655_3795_(u=1696, v=10, w=3) ➡️  SEA_LAS_3857_4005_(u=1820, v=11, w=3) ➡️  LAS_SEA_4086_4272_(u=1964, v=12, w=3) ➡️  SEA_PHX_4668_4915_(u=2101, v=13, w=4) ➡️  PHX_SEA_4965_5107_(u=2276, v=14, w=4) ➡️  SEA_SAN_5176_5324_(u=2401, v=15, w=4) ➡️  SAN_SEA_5397_5572_(u=2553, v=16, w=4) ➡️  SEA_SLC_6187_6360_(u=2645, v=17, w=5) ➡️  SLC_SEA_6449_6557_(u=2757, v=18, w=5) ➡️  SEA_PHX_6669_6910_(u=2890, v=19, w=5) ➡️  PHX_SEA_6965_7117_(u=3069, v=20, w=5) ➡️  SEA_PHX_7626_7841_(u=3204, v=21, w=6) ➡️  PHX_SEA_7908_8038_(u=3365, v=22, w=6) ➡️  SEA_PHX_8109_8330_(u=3501, v=23, w=6) ➡️  PHX_SEA_8407_8537_(u=3665, v=24, w=6) ➡️  SEA_SAN_9117_9279_(u=3779, v=25, w=7) ➡️  SAN_MCO_9359_9801_(u=4015, v=26, w=7) ➡️  MCO_SEA_9867_10065_(u=4361, v=27, w=7) ➡️  t_(u=0, v=0, w=0)

🛩️ Aircraft N585AS path (31 nodes): s_(u=0, v=0, w=0) ➡️  N585AS_(u=3072, v=26, w=6) ➡️  ANC_SEA_162_428_(u=3246, v=27, w=6) ➡️  SEA_PHX_570_794_(u=3387, v=28, w=6) ➡️  PHX_SEA_857_991_(u=3552, v=29, w=6) ➡️  SEA_BUR_1045_1181_(u=3670, v=30, w=6) ➡️  BUR_SEA_1268_1435_(u=3808, v=31, w=6) ➡️  SEA_SJC_1855_1984_(u=3918, v=32, w=7) ➡️  SJC_SEA_2047_2171_(u=4015, v=33, w=7) ➡️  SEA_SJC_2247_2382_(u=4132, v=34, w=7) ➡️  SJC_SEA_2432_2554_(u=4227, v=35, w=7) ➡️  SEA_PDX_2732_2790_(u=4256, v=36, w=7) ➡️  PDX_ANC_2866_3034_(u=4459, v=37, w=7) ➡️  ANC_SEA_3102_3363_(u=4633, v=38, w=8) ➡️  SEA_ANC_3462_3616_(u=4821, v=39, w=8) ➡️  ANC_JNU_4064_4188_(u=4914, v=40, w=8) ➡️  JNU_SIT_4227_4276_(u=4937, v=41, w=8) ➡️  SIT_JNU_4672_4708_(u=4960, v=42, w=9) ➡️  JNU_ANC_4773_4879_(u=5048, v=43, w=9) ➡️  ANC_BET_4949_5073_(u=5105, v=44, w=9) ➡️  BET_ANC_5111_5186_(u=5166, v=45, w=9) ➡️  ANC_SEA_5503_5765_(u=5347, v=46, w=9) ➡️  SEA_MSP_6233_6559_(u=5518, v=47, w=10) ➡️  MSP_SEA_6615_6760_(u=5716, v=48, w=10) ➡️  SEA_SNA_6813_6972_(u=5843, v=49, w=10) ➡️  SNA_SEA_7009_7192_(u=5997, v=50, w=10) ➡️  SEA_FLL_7746_8300_(u=320, v=1, w=1) ➡️  FLL_SEA_8359_8570_(u=679, v=2, w=1) ➡️  SEA_SFO_8995_9134_(u=767, v=3, w=2) ➡️  SFO_JAC_9215_9444_(u=916, v=4, w=2) ➡️  JAC_SFO_9493_9582_(u=1028, v=5, w=2) ➡️  SFO_PDX_9628_9744_(u=1124, v=6, w=2) ➡️  PDX_SFO_9826_9943_(u=1199, v=7, w=2) ➡️  t_(u=0, v=0, w=0)

🛩️ Aircraft N317AS path (29 nodes): s_(u=0, v=0, w=0) ➡️  N317AS_(u=0, v=0, w=1) ➡️  FAI_SEA_201_455_(u=177, v=1, w=1) ➡️  SEA_LAX_528_675_(u=298, v=2, w=1) ➡️  LAX_SEA_743_917_(u=446, v=3, w=1) ➡️  SEA_SFO_990_1113_(u=549, v=4, w=1) ➡️  SFO_SEA_1177_1307_(u=648, v=5, w=1) ➡️  SEA_ORD_1401_1741_(u=851, v=6, w=1) ➡️  ORD_SEA_1807_1944_(u=1079, v=7, w=2) ➡️  SEA_IAD_2038_2527_(u=1351, v=8, w=2) ➡️  IAD_SEA_2584_2741_(u=1660, v=9, w=2) ➡️  SEA_IAH_2838_3229_(u=1892, v=10, w=2) ➡️  IAH_SEA_3299_3463_(u=2136, v=11, w=3) ➡️  SEA_IAD_3504_3971_(u=2401, v=12, w=3) ➡️  IAD_SEA_4030_4189_(u=2710, v=13, w=3) ➡️  SEA_SMF_4248_4369_(u=2791, v=14, w=3) ➡️  SMF_SEA_4703_4832_(u=2890, v=15, w=4) ➡️  SEA_DCA_4891_5368_(u=3161, v=16, w=4) ➡️  DCA_SEA_5437_5593_(u=3476, v=17, w=4) ➡️  SEA_LAS_6225_6362_(u=3587, v=18, w=5) ➡️  LAS_SEA_6427_6598_(u=3733, v=19, w=5) ➡️  SEA_LAX_6651_6804_(u=3855, v=20, w=5) ➡️  LAX_SEA_6863_7042_(u=4008, v=21, w=5) ➡️  SEA_SMF_7089_7200_(u=4094, v=22, w=5) ➡️  SMF_SEA_7553_7682_(u=4190, v=23, w=6) ➡️  SEA_MCI_7916_8251_(u=4375, v=24, w=6) ➡️  MCI_SEA_8308_8432_(u=4575, v=25, w=6) ➡️  SEA_JNU_8494_8605_(u=4721, v=26, w=6) ➡️  JNU_SEA_9259_9463_(u=4820, v=27, w=7) ➡️  SEA_PHX_9550_9765_(u=4956, v=28, w=7) ➡️  PHX_SEA_9831_9982_(u=5139, v=29, w=7) ➡️  t_(u=0, v=0, w=0)

🛩️ Aircraft N587AS path (29 nodes): s_(u=0, v=0, w=0) ➡️  N587AS_(u=0, v=0, w=1) ➡️  JNU_SEA_310_514_(u=116, v=1, w=1) ➡️  SEA_PIT_580_1048_(u=374, v=2, w=1) ➡️  PIT_SEA_1104_1236_(u=648, v=3, w=1) ➡️  SEA_ORD_1795_2159_(u=858, v=4, w=2) ➡️  ORD_PDX_2215_2349_(u=1093, v=5, w=2) ➡️  PDX_ONT_2434_2569_(u=1215, v=6, w=2) ➡️  ONT_PDX_2628_2754_(u=1326, v=7, w=2) ➡️  PDX_SEA_3178_3252_(u=1362, v=8, w=3) ➡️  SEA_ANC_3375_3530_(u=1553, v=9, w=3) ➡️  ANC_SEA_3593_3853_(u=1736, v=10, w=3) ➡️  SEA_ONT_3941_4070_(u=1846, v=11, w=3) ➡️  ONT_SEA_4675_4856_(u=2002, v=12, w=4) ➡️  SEA_CLE_4925_5380_(u=2237, v=13, w=4) ➡️  CLE_SEA_5435_5585_(u=2513, v=14, w=4) ➡️  SEA_SMF_5645_5755_(u=2594, v=15, w=4) ➡️  SMF_SEA_6112_6231_(u=2690, v=16, w=5) ➡️  SEA_LIH_6321_6593_(u=3051, v=17, w=5) ➡️  LIH_SEA_6647_7117_(u=3367, v=18, w=5) ➡️  SEA_DFW_7182_7527_(u=3564, v=19, w=5) ➡️  DFW_SEA_7641_7776_(u=3790, v=20, w=6) ➡️  SEA_DFW_7967_8313_(u=3988, v=21, w=6) ➡️  DFW_SEA_8423_8562_(u=4220, v=22, w=6) ➡️  SEA_ORD_8600_8957_(u=4428, v=23, w=6) ➡️  ORD_PDX_9026_9156_(u=4660, v=24, w=7) ➡️  PDX_SEA_9262_9310_(u=4692, v=25, w=7) ➡️  SEA_BOI_9372_9523_(u=4754, v=26, w=7) ➡️  BOI_SEA_9582_9616_(u=4828, v=27, w=7) ➡️  SEA_LIH_9718_9994_(u=5173, v=28, w=7) ➡️  LIH_SAN_10060_10521_(u=5492, v=29, w=7) ➡️  t_(u=0, v=0, w=0)

🛩️ Aircraft N284AK path (23 nodes): s_(u=0, v=0, w=0) ➡️  N284AK_(u=0, v=0, w=1) ➡️  PHX_PDX_356_453_(u=138, v=1, w=1) ➡️  PDX_FLL_541_1050_(u=449, v=2, w=1) ➡️  FLL_SFO_1118_1320_(u=802, v=3, w=1) ➡️  SFO_FLL_1383_1870_(u=1079, v=4, w=1) ➡️  FLL_PDX_2018_2231_(u=1440, v=5, w=2) ➡️  PDX_JFK_2322_2828_(u=1728, v=6, w=2) ➡️  JFK_PSP_3414_3583_(u=2053, v=7, w=3) ➡️  PSP_SEA_3697_3873_(u=2207, v=8, w=3) ➡️  SEA_SAN_4005_4151_(u=2328, v=9, w=3) ➡️  SAN_TPA_4795_5235_(u=2561, v=10, w=4) ➡️  TPA_SAN_5307_5449_(u=2849, v=11, w=4) ➡️  SAN_SEA_5512_5695_(u=3003, v=12, w=4) ➡️  SEA_ATL_6289_6758_(u=3269, v=13, w=5) ➡️  ATL_SEA_6839_6970_(u=3560, v=14, w=5) ➡️  SEA_SNA_7578_7729_(u=3685, v=15, w=6) ➡️  SNA_SEA_7783_7960_(u=3845, v=16, w=6) ➡️  SEA_PHX_8018_8241_(u=3983, v=17, w=6) ➡️  PHX_ANC_8336_8626_(u=4360, v=18, w=6) ➡️  ANC_SEA_8684_8926_(u=4518, v=19, w=7) ➡️  SEA_PHX_9068_9279_(u=4651, v=20, w=7) ➡️  PHX_SEA_9344_9480_(u=4820, v=21, w=7) ➡️  SEA_DEN_9579_9790_(u=4950, v=22, w=7) ➡️  DEN_SEA_9846_9966_(u=5105, v=23, w=7) ➡️  t_(u=0, v=0, w=0)

🛩️ Aircraft N320AS path (28 nodes): s_(u=0, v=0, w=0) ➡️  N320AS_(u=3043, v=26, w=6) ➡️  SJC_SEA_364_507_(u=3149, v=27, w=6) ➡️  SEA_ANC_582_739_(u=3343, v=28, w=6) ➡️  ANC_SEA_1660_1931_(u=3534, v=29, w=7) ➡️  SEA_ANC_2030_2168_(u=3710, v=30, w=7) ➡️  ANC_CDV_2249_2310_(u=3747, v=31, w=7) ➡️  CDV_YAK_2357_2404_(u=3785, v=32, w=7) ➡️  YAK_JNU_2447_2500_(u=3819, v=33, w=7) ➡️  JNU_SEA_2569_2776_(u=3936, v=34, w=7) ➡️  SEA_LAS_3342_3511_(u=4064, v=35, w=8) ➡️  LAS_SEA_3563_3728_(u=4199, v=36, w=8) ➡️  SEA_ATL_3841_4313_(u=4463, v=37, w=8) ➡️  ATL_SEA_4752_4910_(u=4750, v=38, w=9) ➡️  SEA_RDM_4991_5054_(u=4788, v=39, w=9) ➡️  RDM_SEA_5133_5199_(u=4836, v=40, w=9) ➡️  SEA_ANC_5295_5444_(u=5025, v=41, w=9) ➡️  ANC_JNU_6410_6511_(u=5108, v=42, w=10) ➡️  JNU_PSG_6558_6607_(u=5138, v=43, w=10) ➡️  PSG_WRG_6650_6684_(u=5154, v=44, w=10) ➡️  WRG_KTN_6726_6760_(u=5176, v=45, w=10) ➡️  KTN_SEA_6808_6973_(u=5266, v=46, w=10) ➡️  SEA_PDX_7152_7210_(u=5295, v=47, w=10) ➡️  PDX_SEA_7495_7564_(u=5327, v=48, w=11) ➡️  SEA_LIH_7702_8038_(u=5659, v=49, w=11) ➡️  LIH_SEA_8108_8604_(u=5999, v=50, w=11) ➡️  SEA_MSP_9120_9435_(u=175, v=1, w=1) ➡️  MSP_SEA_9512_9628_(u=365, v=2, w=1) ➡️  SEA_PHX_9672_9885_(u=499, v=3, w=1) ➡️  PHX_SEA_9941_10089_(u=683, v=4, w=1) ➡️  t_(u=0, v=0, w=0)

🛩️ Aircraft N277AK path (29 nodes): s_(u=0, v=0, w=0) ➡️  N277AK_(u=0, v=0, w=1) ➡️  SEA_FAT_375_503_(u=113, v=1, w=1) ➡️  FAT_SEA_559_687_(u=221, v=2, w=1) ➡️  SEA_ANC_799_933_(u=399, v=3, w=1) ➡️  ANC_SEA_1062_1344_(u=587, v=4, w=1) ➡️  SEA_SLC_1846_2021_(u=683, v=5, w=2) ➡️  SLC_SEA_2122_2206_(u=784, v=6, w=2) ➡️  SEA_SBA_2265_2429_(u=915, v=7, w=2) ➡️  SBA_SEA_2482_2633_(u=1031, v=8, w=2) ➡️  SEA_ANC_2874_3028_(u=1224, v=9, w=2) ➡️  ANC_SEA_3168_3438_(u=1406, v=10, w=3) ➡️  SEA_DEN_3550_3770_(u=1542, v=11, w=3) ➡️  DEN_SEA_3827_3928_(u=1681, v=12, w=3) ➡️  SEA_PHX_4087_4345_(u=1817, v=13, w=3) ➡️  PHX_SEA_4706_4849_(u=1996, v=14, w=4) ➡️  SEA_PIT_4922_5383_(u=2240, v=15, w=4) ➡️  PIT_SEA_5447_5576_(u=2528, v=16, w=4) ➡️  SEA_DAL_6207_6549_(u=2727, v=17, w=5) ➡️  DAL_SEA_6619_6766_(u=2977, v=18, w=5) ➡️  SEA_STL_6837_7194_(u=3176, v=19, w=5) ➡️  STL_SEA_7614_7836_(u=3408, v=20, w=6) ➡️  SEA_OAK_8006_8114_(u=3500, v=21, w=6) ➡️  OAK_SEA_8157_8285_(u=3599, v=22, w=6) ➡️  SEA_SMF_8335_8455_(u=3674, v=23, w=6) ➡️  SMF_SEA_8490_8613_(u=3777, v=24, w=6) ➡️  SEA_SNA_9008_9175_(u=3888, v=25, w=7) ➡️  SNA_SEA_9239_9448_(u=4073, v=26, w=7) ➡️  SEA_BUR_9508_9638_(u=4180, v=27, w=7) ➡️  BUR_SEA_9709_9913_(u=4342, v=28, w=7) ➡️  SEA_FAI_10053_10220_(u=4546, v=29, w=7) ➡️  t_(u=0, v=0, w=0)

🛠️ Maintenance at node SEA_MSP_9120_9435 by aircraft N320AS | ρ=1; λ=0; φ=-1
🛠️ Maintenance at node SEA_FLL_7746_8300 by aircraft N585AS | ρ=3; λ=0; φ=0

Nombre de maintenances au total: 2.0
Stations de maintenance utilisées: Any["SEA"]
Nombre de stations de maintenance utilisées: 1
