INSTANCE 196FL_7A_10
PREPROCESSING : false
-----------------------INSTANCE 196FL_7A_10--------------------------
Gurobi 12.0.2 (linux64) logging started Mon Nov 24 12:37:27 2025

Set parameter LogFile to value "RESULTS/A_MTN_2/FH_DY_MEDIAN/result_196FL_7A_10_without_prep.txt"
Set parameter LogToConsole to value 0

Gurobi 12.0.2 (linux64) logging started Mon Nov 24 12:37:29 2025

Set parameter LogFile to value "RESULTS/A_MTN_2/FH_DY_MEDIAN/result_196FL_7A_10_without_prep.txt"
Gurobi Optimizer version 12.0.2 build v12.0.2rc0 (linux64 - "AlmaLinux 9.6 (Sage Margay)")

CPU model: Intel(R) Xeon(R) 6972P, instruction set [SSE2|AVX|AVX2|AVX512]
Thread count: 192 physical cores, 192 logical processors, using up to 8 threads

Non-default parameters:
TimeLimit  7200
LogToConsole  0
Threads  8

Optimize a model with 6153 rows, 1752 columns and 81178 nonzeros
Model fingerprint: 0xa9dbad9d
Variable types: 510 continuous, 1242 integer (1142 binary)
Coefficient statistics:
  Matrix range     [1e+00, 6e+03]
  Objective range  [1e+00, 7e+02]
  Bounds range     [1e+01, 6e+03]
  RHS range        [1e+00, 6e+03]
Presolve removed 1987 rows and 651 columns
Presolve time: 0.08s
Presolved: 4166 rows, 1101 columns, 24432 nonzeros
Variable types: 229 continuous, 872 integer (803 binary)

Root relaxation: objective 0.000000e+00, 641 iterations, 0.01 seconds (0.02 work units)

    Nodes    |    Current Node    |     Objective Bounds      |     Work
 Expl Unexpl |  Obj  Depth IntInf | Incumbent    BestBd   Gap | It/Node Time

     0     0    0.00000    0    1          -    0.00000      -     -    0s
     0     0    0.00000    0    9          -    0.00000      -     -    0s
     0     0    0.00000    0    9          -    0.00000      -     -    0s
H    0     0                    784592.00000    0.00000   100%     -    0s
     0     0    0.00000    0    9 784592.000    0.00000   100%     -    0s
H    0     0                    371774.00000    0.00000   100%     -    0s
H    0     0                    7373.0000000    0.00000   100%     -    0s
     0     0    0.00000    0    9 7373.00000    0.00000   100%     -    0s
     0     0    0.00000    0    9 7373.00000    0.00000   100%     -    0s
     0     0    0.00000    0    9 7373.00000    0.00000   100%     -    0s
H    0     0                    6981.0000000    0.00000   100%     -    0s
     0     0    0.00000    0    9 6981.00000    0.00000   100%     -    0s
     0     0    0.00000    0   14 6981.00000    0.00000   100%     -    0s
     0     0    0.00000    0    7 6981.00000    0.00000   100%     -    0s
     0     0    0.00000    0    7 6981.00000    0.00000   100%     -    0s
     0     0    0.00000    0    6 6981.00000    0.00000   100%     -    0s
     0     2    0.00000    0    6 6981.00000    0.00000   100%     -    0s
H  138   227                     880.0000000    0.00000   100%  37.1    0s
H  328   389                     744.0000000    0.00000   100%  30.8    0s
H  353   389                     724.0000000    0.00000   100%  30.7    0s
H  549   613                     247.0000000    0.00000   100%  30.3    0s
H  596   613                     152.0000000    0.00000   100%  30.0    0s
H  735   613                     128.0000000    0.00000   100%  29.4    0s
H 1144   834                      93.0000000    0.00000   100%  29.6    1s
H 1171  1123                      90.0000000    0.00000   100%  29.6    1s
H 1201  1123                      83.0000000    0.00000   100%  29.7    1s
H 2704  1519                      47.0000000    0.00000   100%  27.4    2s
H 2708  1446                      27.0000000    0.00000   100%  27.4    2s
H 4374  1535                      24.0000000    0.00000   100%  43.5    3s
H 5935  1316                       9.0000000    0.00000   100%  53.9    4s
  6131  1304 infeasible   46         9.00000    0.00000   100%  54.7    5s
H 6262  1167                       8.0000000    0.00000   100%  55.8    5s
H 7866  1504                       7.0000000    0.00000   100%  61.8    6s
H 8467  1540                       7.0000000    0.00000   100%  63.2    6s
 14920  2173    0.00000   43    3    7.00000    0.00000   100%  70.2   10s
 23990  1938    0.00000   50    2    7.00000    0.00000   100%  68.3   15s
 36179  2495 infeasible   72         7.00000    0.00000   100%  68.9   20s
 45794  2924 infeasible   68         7.00000    0.00000   100%  67.5   27s
 54487  3389    0.00000   69   17    7.00000    0.00000   100%  66.6   30s
 70108  3803    0.00000   51    8    7.00000    0.00000   100%  65.6   35s
 85169  3767    0.00000   67   25    7.00000    0.00000   100%  64.8   40s
 100897  3964 infeasible   61         7.00000    0.00000   100%  63.7   45s
 114282  4163 infeasible   64         7.00000    0.00000   100%  63.3   50s
 129277  4152 infeasible   61         7.00000    0.00000   100%  62.6   55s
 143535  4027 infeasible   61         7.00000    0.00000   100%  62.5   60s
 156629  3946 infeasible   62         7.00000    0.00000   100%  62.3   65s
 171512  4010    0.00000   67   30    7.00000    0.00000   100%  62.0   70s
 184359  4007    0.00000   64   33    7.00000    0.00000   100%  62.1   75s
 200567  3876    0.00000   60   17    7.00000    0.00000   100%  61.6   80s
 214991  3858 infeasible   67         7.00000    0.00000   100%  61.4   85s
 228601  3863 infeasible   70         7.00000    0.00000   100%  61.1   90s
 243060  3821    0.00000   61   11    7.00000    0.00000   100%  61.0   95s
H245075  3800                       7.0000000    0.00000   100%  60.9   95s
 257001  3687    0.00000   61   18    7.00000    0.00000   100%  60.8  100s
 273020  3795    0.00000   61   10    7.00000    0.00000   100%  60.6  105s
 288623  3775    0.00000   65   31    7.00000    0.00000   100%  60.3  110s
 302869  3913    0.00000   59   24    7.00000    0.00000   100%  60.2  115s
 320358  3858 infeasible   69         7.00000    0.00000   100%  60.0  120s
 333198  3819 infeasible   66         7.00000    0.00000   100%  59.9  125s
 348614  3788 infeasible   70         7.00000    0.00000   100%  59.7  130s
 362535  3607 infeasible   71         7.00000    0.00000   100%  59.5  135s
 376051  3603    0.00000   62   21    7.00000    0.00000   100%  59.5  140s
 391692  3570    0.00000   59   36    7.00000    0.00000   100%  59.5  145s
 402868  3627 infeasible   52         7.00000    0.00000   100%  59.6  150s
 415841  3624    0.00000   56   40    7.00000    0.00000   100%  59.9  155s
 427768  3497    0.00000   59   24    7.00000    0.00000   100%  60.1  160s
 440487  3587    0.00000   63   35    7.00000    0.00000   100%  60.5  165s
 449359  4460    0.00000   64   27    7.00000    0.00000   100%  61.0  170s
 461530  4934    0.00000   65   37    7.00000    0.00000   100%  61.4  175s
 471564  5204 infeasible   66         7.00000    0.00000   100%  61.8  180s
 483063  5351    0.00000   60   17    7.00000    0.00000   100%  62.2  185s
 491059  5077 infeasible   69         7.00000    0.00000   100%  62.4  191s
 505157  5180 infeasible   70         7.00000    0.00000   100%  62.5  195s
 515855  4982    0.00000   73   13    7.00000    0.00000   100%  62.9  200s
 528301  4978 infeasible   59         7.00000    0.00000   100%  63.1  205s
 539316  4909 infeasible   69         7.00000    0.00000   100%  63.3  210s
 547253  4915    0.00000   57    6    7.00000    0.00000   100%  63.5  218s
 548809  5241    0.00000   73    7    7.00000    0.00000   100%  63.4  220s
 559197  2852 infeasible   83         7.00000    0.00000   100%  63.5  225s
 568816  2504    0.00000   73    9    7.00000    0.00000   100%  63.9  230s
 577788  2921    0.00000   64   19    7.00000    0.00000   100%  64.2  235s
 587588  3311    0.00000   69   45    7.00000    0.00000   100%  64.7  240s
 596977  3488 infeasible   92         7.00000    0.00000   100%  65.1  245s
 606403  3613 infeasible   74         7.00000    0.00000   100%  65.5  250s
 616998  3722    0.00000   73   21    7.00000    0.00000   100%  66.0  255s
 627196  3799    0.00000   73    4    7.00000    0.00000   100%  66.4  260s
 636659  3949    0.00000   66   24    7.00000    0.00000   100%  66.6  265s
 646524  4272 infeasible   72         7.00000    0.00000   100%  66.9  270s
 655668  4540    0.00000   71   35    7.00000    0.00000   100%  67.3  275s
 665117  4704 infeasible   74         7.00000    0.00000   100%  67.7  280s
 668075  4488    0.00000   69   25    7.00000    0.00000   100%  67.8  285s
 682382  4705 infeasible   73         7.00000    0.00000   100%  68.3  290s
 691991  4533 infeasible   70         7.00000    0.00000   100%  68.6  295s
 702351  4413 infeasible   79         7.00000    0.00000   100%  68.9  300s
 711351  4459    0.00000   82   46    7.00000    0.00000   100%  69.2  305s
 719460  4452 infeasible   73         7.00000    0.00000   100%  69.5  310s
 730734  4855    0.00000   74   19    7.00000    0.00000   100%  69.7  315s
 743061  5064 infeasible   84         7.00000    0.00000   100%  69.6  320s
 754776  5131 infeasible   82         7.00000    0.00000   100%  69.6  325s
 767491  5052 infeasible   73         7.00000    0.00000   100%  69.6  330s
 778051  5007 infeasible   84         7.00000    0.00000   100%  69.6  335s
 791352  5149    0.00000   81   30    7.00000    0.00000   100%  69.5  340s
 803772  5059 infeasible   83         7.00000    0.00000   100%  69.5  345s
 816113  5016    0.00000   84    8    7.00000    0.00000   100%  69.4  350s
 826942  4986    0.00000   83    8    7.00000    0.00000   100%  69.4  355s
 838457  4894    0.00000   81   17    7.00000    0.00000   100%  69.5  360s
 851155  4886    0.00000   75   14    7.00000    0.00000   100%  69.4  365s
 863379  4782    0.00000   69   24    7.00000    0.00000   100%  69.4  370s
 873057  4911 infeasible   83         7.00000    0.00000   100%  69.5  375s
 883895  5210    0.00000   74   27    7.00000    0.00000   100%  69.5  380s
 896097  5355    0.00000   69   44    7.00000    0.00000   100%  69.6  385s
 905570  5363 infeasible   84         7.00000    0.00000   100%  69.7  390s
 918339  5297 infeasible   88         7.00000    0.00000   100%  69.7  395s
 929420  5229 infeasible   84         7.00000    0.00000   100%  69.8  400s
 941092  5058 infeasible   74         7.00000    0.00000   100%  69.8  405s
 950942  5110    0.00000   83    7    7.00000    0.00000   100%  69.8  410s
 962790  4929 infeasible   83         7.00000    0.00000   100%  70.0  415s
 975092  4865 infeasible   82         7.00000    0.00000   100%  70.0  420s
 986646  4765    0.00000   79   21    7.00000    0.00000   100%  70.0  425s
 998019  4840 infeasible   83         7.00000    0.00000   100%  70.0  430s
 1010275  4961 infeasible   79         7.00000    0.00000   100%  69.9  435s
 1023872  4761 infeasible   83         7.00000    0.00000   100%  69.8  440s
H1024380  4762                       6.9999997    0.00000   100%  69.8  440s
 1034290  4722    0.00000   68   29    7.00000    0.00000   100%  69.8  445s
 1046490  4817    0.00000   79   32    7.00000    0.00000   100%  69.7  450s
 1058635  4890    0.00000   78   30    7.00000    0.00000   100%  69.7  455s
 1070266  4886 infeasible   84         7.00000    0.00000   100%  69.7  460s
 1081101  4778 infeasible   83         7.00000    0.00000   100%  69.6  465s
 1093321  4712    0.00000   84    9    7.00000    0.00000   100%  69.6  470s
 1104381  4611 infeasible   84         7.00000    0.00000   100%  69.6  475s
 1116308  4554    0.00000   69   41    7.00000    0.00000   100%  69.6  480s
 1127264  4541 infeasible   72         7.00000    0.00000   100%  69.6  485s
 1139963  4581    0.00000   74    6    7.00000    0.00000   100%  69.7  490s
 1150002  4463 infeasible   73         7.00000    0.00000   100%  69.7  495s
 1160847  4691 infeasible   74         7.00000    0.00000   100%  69.7  500s
 1172223  5056    0.00000   80   26    7.00000    0.00000   100%  69.7  505s
 1182491  5455    0.00000   83    8    7.00000    0.00000   100%  69.7  510s
 1194903  5648 infeasible   84         7.00000    0.00000   100%  69.7  515s
 1205935  5574 infeasible   83         7.00000    0.00000   100%  69.8  520s
 1216828  5416    0.00000   74   24    7.00000    0.00000   100%  69.7  525s
 1228944  5476 infeasible   83         7.00000    0.00000   100%  69.7  530s
 1240986  5440 infeasible   87         7.00000    0.00000   100%  69.7  535s
 1252692  5401    0.00000   74    9    7.00000    0.00000   100%  69.7  540s
 1264267  5348    0.00000   84   12    7.00000    0.00000   100%  69.6  545s
 1276806  5270 infeasible   83         7.00000    0.00000   100%  69.6  550s
 1288587  5103 infeasible   84         7.00000    0.00000   100%  69.5  555s
 1301533  4982    0.00000   84    2    7.00000    0.00000   100%  69.5  560s
 1312521  4790 infeasible   82         7.00000    0.00000   100%  69.5  565s
 1322927  4948 infeasible   76         7.00000    0.00000   100%  69.5  570s
 1335611  5190 infeasible   74         7.00000    0.00000   100%  69.4  575s
 1348615  5222 infeasible   84         7.00000    0.00000   100%  69.4  580s
 1360847  5181    0.00000   74    6    7.00000    0.00000   100%  69.3  585s
 1372457  5316    0.00000   76   14    7.00000    0.00000   100%  69.4  590s
 1382784  5177 infeasible   74         7.00000    0.00000   100%  69.4  595s
 1393604  5044    0.00000   74    7    7.00000    0.00000   100%  69.4  600s
 1405345  5041    0.00000   76   18    7.00000    0.00000   100%  69.4  605s
 1415734  4991    0.00000   73    1    7.00000    0.00000   100%  69.4  610s
 1426520  4907    0.00000   74    8    7.00000    0.00000   100%  69.4  615s
 1439211  4824    0.00000   76   22    7.00000    0.00000   100%  69.4  620s
 1450644  4781 infeasible   83         7.00000    0.00000   100%  69.4  625s
 1462026  4685    0.00000   84   22    7.00000    0.00000   100%  69.4  630s
 1471551  4782    0.00000   84   20    7.00000    0.00000   100%  69.4  635s
 1483307  4852    0.00000   71   33    7.00000    0.00000   100%  69.4  640s
 1494015  4883    0.00000   79   32    7.00000    0.00000   100%  69.5  645s
 1504922  4915    0.00000   78   33    7.00000    0.00000   100%  69.5  650s
 1516556  4760 infeasible   82         7.00000    0.00000   100%  69.5  655s
 1526062  4644    0.00000   72   27    7.00000    0.00000   100%  69.6  660s
 1536803  4955    0.00000   71   32    7.00000    0.00000   100%  69.6  665s
 1547541  5029    0.00000   81   26    7.00000    0.00000   100%  69.6  670s
 1560592  5065    0.00000   74   21    7.00000    0.00000   100%  69.6  675s
 1572439  4955 infeasible   80         7.00000    0.00000   100%  69.5  680s
 1583515  4853    0.00000   75   26    7.00000    0.00000   100%  69.5  685s
 1594930  4836    0.00000   84    5    7.00000    0.00000   100%  69.5  690s
 1607129  4994 infeasible   74         7.00000    0.00000   100%  69.6  695s
 1616399  5123    0.00000   83    6    7.00000    0.00000   100%  69.6  700s
 1627411  5135    0.00000   83   22    7.00000    0.00000   100%  69.7  705s
 1638307  5159 infeasible   74         7.00000    0.00000   100%  69.7  710s
 1648992  5050 infeasible   84         7.00000    0.00000   100%  69.7  715s
 1659069  5044 infeasible   82         7.00000    0.00000   100%  69.8  720s
 1670555  5009 infeasible   84         7.00000    0.00000   100%  69.8  725s
 1680565  5012    0.00000   72   23    7.00000    0.00000   100%  69.9  730s
 1691341  5085    0.00000   81   52    7.00000    0.00000   100%  69.9  735s
 1702932  4877    0.00000   75   28    7.00000    0.00000   100%  70.0  740s
 1714679  4802    0.00000   80   29    7.00000    0.00000   100%  70.0  745s
 1725792  4676 infeasible   77         7.00000    0.00000   100%  70.0  750s
 1736816  4598 infeasible   86         7.00000    0.00000   100%  70.0  755s
 1747843  4651 infeasible   80         7.00000    0.00000   100%  70.0  760s
 1758340  4725 infeasible   83         7.00000    0.00000   100%  70.0  765s
 1769720  4819 infeasible   74         7.00000    0.00000   100%  70.0  770s
 1782290  4886 infeasible   82         7.00000    0.00000   100%  70.0  775s
 1793895  4833    0.00000   74    6    7.00000    0.00000   100%  69.9  780s
 1805640  4728 infeasible   77         7.00000    0.00000   100%  69.9  785s
 1815867  4593    0.00000   72   22    7.00000    0.00000   100%  69.9  790s
 1826863  4859 infeasible   84         7.00000    0.00000   100%  70.0  795s
 1835937  5176    0.00000   72   31    7.00000    0.00000   100%  70.1  800s
 1843695  5445 infeasible   74         7.00000    0.00000   100%  70.2  805s
 1852075  5515 infeasible   82         7.00000    0.00000   100%  70.4  810s
 1861095  5557    0.00000   73   21    7.00000    0.00000   100%  70.5  815s
 1869887  5488    0.00000   68   40    7.00000    0.00000   100%  70.7  820s
 1877599  5396    0.00000   70   31    7.00000    0.00000   100%  70.8  825s
 1886011  5302    0.00000   74   19    7.00000    0.00000   100%  71.0  830s
 1893757  5345    0.00000   64   15    7.00000    0.00000   100%  71.1  835s
 1903349  5267    0.00000   82   40    7.00000    0.00000   100%  71.2  840s
 1910977  5311 infeasible   84         7.00000    0.00000   100%  71.4  845s
 1919356  5263    0.00000   74   12    7.00000    0.00000   100%  71.5  850s
 1927206  5210 infeasible   74         7.00000    0.00000   100%  71.7  855s
 1934779  5179 infeasible   72         7.00000    0.00000   100%  71.8  860s
 1942569  5118    0.00000   74    4    7.00000    0.00000   100%  71.9  865s
 1951343  5062 infeasible   73         7.00000    0.00000   100%  72.1  870s
 1959269  5108    0.00000   73    5    7.00000    0.00000   100%  72.3  875s
 1966299  5065    0.00000   73   18    7.00000    0.00000   100%  72.4  880s
 1974136  5047    0.00000   72   15    7.00000    0.00000   100%  72.6  885s
 1982261  5043 infeasible   81         7.00000    0.00000   100%  72.8  890s
 1990039  5071 infeasible   74         7.00000    0.00000   100%  72.9  895s
 1999398  5041 infeasible   69         7.00000    0.00000   100%  73.0  900s
 2007060  5052    0.00000   70   28    7.00000    0.00000   100%  73.1  905s
 2016222  5071 infeasible   73         7.00000    0.00000   100%  73.2  910s
 2020706  4880    0.00000   67   29    7.00000    0.00000   100%  73.3  917s
 2032984  5062    0.00000   68   17    7.00000    0.00000   100%  73.4  920s
 2043555  4926 infeasible   80         7.00000    0.00000   100%  73.4  925s
 2054441  4854    0.00000   72   29    7.00000    0.00000   100%  73.5  930s
 2063838  4831    0.00000   68   36    7.00000    0.00000   100%  73.5  935s
 2072762  4832 infeasible   74         7.00000    0.00000   100%  73.6  940s
 2082054  4998    0.00000   69   30    7.00000    0.00000   100%  73.7  945s
 2090453  5014 infeasible   72         7.00000    0.00000   100%  73.8  950s
 2097726  4921    0.00000   74    2    7.00000    0.00000   100%  74.0  955s
 2106717  4984 infeasible   74         7.00000    0.00000   100%  74.1  960s
 2114563  4905 infeasible   76         7.00000    0.00000   100%  74.3  965s
 2121469  4887    0.00000   68   28    7.00000    0.00000   100%  74.3  970s
 2130970  4939 infeasible   70         7.00000    0.00000   100%  74.5  975s
 2139159  4793 infeasible   69         7.00000    0.00000   100%  74.6  980s
 2147192  4826    0.00000   66   21    7.00000    0.00000   100%  74.7  985s
 2155874  4846    0.00000   62   36    7.00000    0.00000   100%  74.8  990s
 2165723  4835 infeasible   68         7.00000    0.00000   100%  74.9  995s
 2173705  4825    0.00000   72   40    7.00000    0.00000   100%  75.0 1000s
 2182374  4771 infeasible   65         7.00000    0.00000   100%  75.1 1005s
 2190069  4695 infeasible   73         7.00000    0.00000   100%  75.2 1010s
 2200237  4680    0.00000   84    8    7.00000    0.00000   100%  75.3 1015s
 2207572  4750    0.00000   75   13    7.00000    0.00000   100%  75.4 1020s
 2216875  4778 infeasible   83         7.00000    0.00000   100%  75.5 1025s
 2224805  4693    0.00000   70   39    7.00000    0.00000   100%  75.6 1030s
 2232321  4766 infeasible   79         7.00000    0.00000   100%  75.7 1035s
 2240298  4851    0.00000   73   22    7.00000    0.00000   100%  75.8 1040s
 2249762  4845 infeasible   71         7.00000    0.00000   100%  75.9 1045s
 2258524  4881 infeasible   74         7.00000    0.00000   100%  76.0 1050s
 2266722  4842    0.00000   74   12    7.00000    0.00000   100%  76.1 1055s
 2275423  4821    0.00000   73    6    7.00000    0.00000   100%  76.2 1060s
 2283000  4795 infeasible   64         7.00000    0.00000   100%  76.3 1065s
 2289487  4721    0.00000   54   11    7.00000    0.00000   100%  76.4 1070s
 2298007  4653 infeasible   64         7.00000    0.00000   100%  76.6 1075s
 2305088  4537    0.00000   82   39    7.00000    0.00000   100%  76.7 1080s
 2315022  4755    0.00000   73    2    7.00000    0.00000   100%  76.7 1085s
 2324185  4798 infeasible   73         7.00000    0.00000   100%  76.8 1090s
 2333827  4700 infeasible   68         7.00000    0.00000   100%  76.8 1095s
 2342074  4643    0.00000   71   36    7.00000    0.00000   100%  76.9 1100s
 2351609  4611    0.00000   65   29    7.00000    0.00000   100%  77.0 1105s
 2359766  4666 infeasible   75         7.00000    0.00000   100%  77.1 1110s
 2368697  4759    0.00000   65   24    7.00000    0.00000   100%  77.1 1115s
 2379499  4814 infeasible   72         7.00000    0.00000   100%  77.2 1120s
 2387369  4791 infeasible   74         7.00000    0.00000   100%  77.3 1125s
 2396703  4807 infeasible   74         7.00000    0.00000   100%  77.3 1130s
 2407106  4727    0.00000   70   22    7.00000    0.00000   100%  77.4 1135s
 2416174  4655 infeasible   73         7.00000    0.00000   100%  77.4 1140s
 2426129  4535 infeasible   78         7.00000    0.00000   100%  77.5 1145s
 2434322  4454 infeasible   74         7.00000    0.00000   100%  77.5 1150s
 2445168  4414 infeasible   83         7.00000    0.00000   100%  77.6 1155s
 2455209  4366 infeasible   85         7.00000    0.00000   100%  77.6 1160s
 2465344  4395 infeasible   73         7.00000    0.00000   100%  77.6 1165s
 2476094  4295 infeasible   74         7.00000    0.00000   100%  77.6 1170s
 2485513  4323    0.00000   82   32    7.00000    0.00000   100%  77.6 1175s
 2495896  4357 infeasible   95         7.00000    0.00000   100%  77.7 1180s
 2505791  4234    0.00000   73    4    7.00000    0.00000   100%  77.7 1185s
 2508713  4219    0.00000   81   27    7.00000    0.00000   100%  77.7 1190s
 2524210  4418    0.00000   69   28    7.00000    0.00000   100%  77.8 1195s
 2534911  4421    0.00000   80   36    7.00000    0.00000   100%  77.8 1200s
 2544115  4357    0.00000   73    5    7.00000    0.00000   100%  77.8 1205s
 2554381  4315    0.00000   70   33    7.00000    0.00000   100%  77.9 1210s
 2564070  4225    0.00000   79   35    7.00000    0.00000   100%  77.9 1215s
 2573615  4343    0.00000   70   31    7.00000    0.00000   100%  78.0 1220s
 2583258  4625 infeasible   83         7.00000    0.00000   100%  78.0 1225s
 2593329  4813    0.00000   74   20    7.00000    0.00000   100%  78.1 1230s
 2601898  4866    0.00000   81   43    7.00000    0.00000   100%  78.2 1235s
 2609440  4817    0.00000   76   13    7.00000    0.00000   100%  78.2 1240s
 2618607  4785 infeasible   74         7.00000    0.00000   100%  78.3 1245s
 2627041  4720 infeasible   74         7.00000    0.00000   100%  78.4 1250s
 2636529  4655 infeasible   83         7.00000    0.00000   100%  78.4 1255s
 2646603  4575    0.00000   74    8    7.00000    0.00000   100%  78.5 1260s
 2656294  4528    0.00000   74   17    7.00000    0.00000   100%  78.5 1265s
 2665312  4485 infeasible   82         7.00000    0.00000   100%  78.6 1270s
 2673450  4419 infeasible   78         7.00000    0.00000   100%  78.6 1275s
 2683069  4448    0.00000   74   14    7.00000    0.00000   100%  78.7 1280s
 2692504  4487 infeasible   74         7.00000    0.00000   100%  78.7 1285s
 2701546  4495 infeasible   66         7.00000    0.00000   100%  78.8 1290s
 2710004  4440 infeasible   73         7.00000    0.00000   100%  78.9 1295s
 2719266  4315 infeasible   74         7.00000    0.00000   100%  78.9 1300s
 2728898  4271    0.00000   74   14    7.00000    0.00000   100%  79.0 1305s
 2739009  4254 infeasible   81         7.00000    0.00000   100%  79.0 1310s
 2747226  4256    0.00000   76   30    7.00000    0.00000   100%  79.1 1315s
 2756361  4178 infeasible   74         7.00000    0.00000   100%  79.1 1320s
 2765343  4314    0.00000   80   49    7.00000    0.00000   100%  79.2 1325s
 2774853  4314 infeasible   74         7.00000    0.00000   100%  79.3 1330s
 2783670  4288    0.00000   74   12    7.00000    0.00000   100%  79.3 1335s
 2792242  4166 infeasible   74         7.00000    0.00000   100%  79.4 1340s
 2800571  4085 infeasible   74         7.00000    0.00000   100%  79.4 1345s
 2809144  4096    0.00000   73    9    7.00000    0.00000   100%  79.5 1350s
 2817252  4064    0.00000   72   40    7.00000    0.00000   100%  79.6 1355s
 2828040  4002    0.00000   72   27    7.00000    0.00000   100%  79.6 1360s
 2835455  3975    0.00000   74    5    7.00000    0.00000   100%  79.7 1365s
 2844341  4097 infeasible   74         7.00000    0.00000   100%  79.7 1370s
 2852287  4106 infeasible   74         7.00000    0.00000   100%  79.8 1375s
 2861556  4005    0.00000   75   28    7.00000    0.00000   100%  79.9 1380s
 2870701  3893 infeasible   72         7.00000    0.00000   100%  79.9 1385s
 2879516  3919 infeasible   73         7.00000    0.00000   100%  80.0 1390s
 2887499  3907 infeasible   84         7.00000    0.00000   100%  80.1 1395s
 2896714  3907 infeasible   72         7.00000    0.00000   100%  80.1 1400s
 2905132  3761 infeasible   86         7.00000    0.00000   100%  80.2 1405s
 2914335  3771 infeasible   74         7.00000    0.00000   100%  80.2 1410s
 2923663  3686    0.00000   73    9    7.00000    0.00000   100%  80.3 1415s
 2932436  3599    0.00000   79   42    7.00000    0.00000   100%  80.3 1420s
 2941949  3812    0.00000   72   38    7.00000    0.00000   100%  80.3 1425s
 2952414  4036    0.00000   83   18    7.00000    0.00000   100%  80.4 1430s
 2963063  4069 infeasible   83         7.00000    0.00000   100%  80.4 1435s
 2974268  4030 infeasible   75         7.00000    0.00000   100%  80.4 1440s
 2983644  3904    0.00000   73    2    7.00000    0.00000   100%  80.4 1445s
 2994445  3867    0.00000   79   15    7.00000    0.00000   100%  80.4 1450s
 3004607  3749 infeasible   76         7.00000    0.00000   100%  80.4 1455s
 3014959  3658 infeasible   84         7.00000    0.00000   100%  80.4 1460s
 3024542  3542 infeasible   84         7.00000    0.00000   100%  80.4 1465s
 3034640  3412    0.00000   73    5    7.00000    0.00000   100%  80.5 1470s
 3043328  3326 infeasible   81         7.00000    0.00000   100%  80.5 1475s
 3052829  3315 infeasible   73         7.00000    0.00000   100%  80.5 1480s
 3062863  3200    0.00000   77   25    7.00000    0.00000   100%  80.6 1485s
 3070827  3125    0.00000   74    8    7.00000    0.00000   100%  80.6 1490s
 3080399  3395    0.00000   81   18    7.00000    0.00000   100%  80.6 1495s
 3089144  3511 infeasible   73         7.00000    0.00000   100%  80.7 1500s
 3098014  3483    0.00000   67   24    7.00000    0.00000   100%  80.7 1505s
 3106747  3387    0.00000   72   30    7.00000    0.00000   100%  80.8 1510s
 3115585  3312 infeasible   78         7.00000    0.00000   100%  80.8 1515s
 3126752  3283    0.00000   84    9    7.00000    0.00000   100%  80.8 1520s
 3137010  3321 infeasible   87         7.00000    0.00000   100%  80.8 1525s
 3148900  3197    0.00000   86   24    7.00000    0.00000   100%  80.8 1530s
 3154070  3013    0.00000   75   17    7.00000    0.00000   100%  80.8 1535s
 3168450  3083 infeasible   84         7.00000    0.00000   100%  80.8 1540s
 3176953  3241 infeasible   73         7.00000    0.00000   100%  80.8 1545s
 3185666  3384    0.00000   70   48    7.00000    0.00000   100%  80.9 1550s
 3194000  3402 infeasible   74         7.00000    0.00000   100%  80.9 1555s
 3202826  3376 infeasible   74         7.00000    0.00000   100%  81.0 1560s
 3211277  3251 infeasible   74         7.00000    0.00000   100%  81.1 1565s
 3219884  3120 infeasible   70         7.00000    0.00000   100%  81.1 1570s
 3228105  3256    0.00000   80   21    7.00000    0.00000   100%  81.1 1575s
 3238335  3388 infeasible   72         7.00000    0.00000   100%  81.2 1580s
 3246682  3401    0.00000   72   34    7.00000    0.00000   100%  81.2 1585s
 3255541  3281    0.00000   83   11    7.00000    0.00000   100%  81.3 1590s
 3263687  3215 infeasible   83         7.00000    0.00000   100%  81.3 1595s
 3273284  3081    0.00000   74   18    7.00000    0.00000   100%  81.4 1600s
 3282525  2976    0.00000   74   31    7.00000    0.00000   100%  81.4 1605s
 3292703  2855    0.00000   74   24    7.00000    0.00000   100%  81.4 1610s
 3302655  2796 infeasible   73         7.00000    0.00000   100%  81.4 1615s
 3312738  2773    0.00000   67   17    7.00000    0.00000   100%  81.5 1620s
 3322173  2737    0.00000   81   33    7.00000    0.00000   100%  81.5 1625s
 3331217  2706    0.00000   71   44    7.00000    0.00000   100%  81.5 1630s
 3340797  2677 infeasible   84         7.00000    0.00000   100%  81.5 1635s
 3350116  2780 infeasible   76         7.00000    0.00000   100%  81.6 1640s
 3357776  2591 infeasible   82         7.00000    0.00000   100%  81.6 1645s
 3366530  2506    0.00000   74   25    7.00000    0.00000   100%  81.7 1650s
 3376399  2582 infeasible   73         7.00000    0.00000   100%  81.7 1655s
 3379671  2554    0.00000   70   37    7.00000    0.00000   100%  81.7 1660s
 3396213  2668 infeasible   84         7.00000    0.00000   100%  81.7 1665s
 3404936  2606    0.00000   74   31    7.00000    0.00000   100%  81.7 1670s
 3413450  2579    0.00000   74   38    7.00000    0.00000   100%  81.8 1675s
 3423787  2869 infeasible   84         7.00000    0.00000   100%  81.8 1680s
 3433234  2907    0.00000   72   37    7.00000    0.00000   100%  81.8 1685s
 3441933  2862    0.00000   77   23    7.00000    0.00000   100%  81.9 1690s
 3452589  2769 infeasible   73         7.00000    0.00000   100%  81.9 1695s
 3461896  2818 infeasible   74         7.00000    0.00000   100%  81.9 1700s
 3473690  2691 infeasible   81         7.00000    0.00000   100%  81.9 1705s
 3483963  2612 infeasible   83         7.00000    0.00000   100%  81.9 1710s
 3493575  2481    0.00000   72   38    7.00000    0.00000   100%  81.9 1715s
 3503446  2484 infeasible   83         7.00000    0.00000   100%  81.9 1720s
 3513608  2530    0.00000   84   11    7.00000    0.00000   100%  81.9 1725s
 3524358  2747    0.00000   74   13    7.00000    0.00000   100%  81.9 1730s
 3539692  2826 infeasible   83         7.00000    0.00000   100%  81.8 1735s
 3554614  2848     cutoff   83         7.00000    0.00000   100%  81.7 1741s
 3569924  2713    0.00000   74   11    7.00000    0.00000   100%  81.6 1745s
 3583674  2924    0.00000   74    6    7.00000    0.00000   100%  81.5 1750s
 3597889  3212    0.00000   74   13    7.00000    0.00000   100%  81.4 1755s
 3612090  3467    0.00000   85   31    7.00000    0.00000   100%  81.3 1760s
 3624516  3511    0.00000   79   40    7.00000    0.00000   100%  81.2 1765s
 3636471  3476    0.00000   82   16    7.00000    0.00000   100%  81.2 1770s
 3649407  3572 infeasible   71         7.00000    0.00000   100%  81.1 1775s
 3659792  3935 infeasible   83         7.00000    0.00000   100%  81.1 1780s
 3669552  4173    0.00000   74    6    7.00000    0.00000   100%  81.1 1785s
 3680761  4489    0.00000   71   41    7.00000    0.00000   100%  81.1 1790s
 3689477  4532 infeasible   74         7.00000    0.00000   100%  81.1 1795s
 3700435  4429 infeasible   75         7.00000    0.00000   100%  81.1 1800s
 3710456  4327    0.00000   86   24    7.00000    0.00000   100%  81.1 1805s
 3720592  4329    0.00000   76   36    7.00000    0.00000   100%  81.1 1810s
 3730533  4534    0.00000   82   46    7.00000    0.00000   100%  81.1 1815s
 3741109  4491    0.00000   74   13    7.00000    0.00000   100%  81.1 1820s
 3751378  4413    0.00000   73    2    7.00000    0.00000   100%  81.2 1825s
 3759696  4344 infeasible   84         7.00000    0.00000   100%  81.2 1830s
 3771983  4286    0.00000   76   23    7.00000    0.00000   100%  81.2 1835s
 3782345  4371    0.00000   79   23    7.00000    0.00000   100%  81.2 1840s
 3798698  4420    0.00000   84   12    7.00000    0.00000   100%  81.0 1845s
 3815127  4458 infeasible   84         7.00000    0.00000   100%  80.9 1850s
 3831237  4427 infeasible   84         7.00000    0.00000   100%  80.8 1855s
 3846907  4307    0.00000   66   33    7.00000    0.00000   100%  80.6 1860s
 3859552  4575 infeasible   84         7.00000    0.00000   100%  80.6 1865s
 3869486  5010 infeasible   74         7.00000    0.00000   100%  80.6 1870s
 3880963  5317 infeasible   78         7.00000    0.00000   100%  80.6 1875s
 3891525  5365 infeasible   84         7.00000    0.00000   100%  80.6 1880s
 3900951  5417    0.00000   81   15    7.00000    0.00000   100%  80.6 1885s
 3910740  5595    0.00000   82   26    7.00000    0.00000   100%  80.6 1890s
 3922041  5573    0.00000   76   28    7.00000    0.00000   100%  80.6 1895s
 3932878  5406 infeasible   76         7.00000    0.00000   100%  80.6 1900s
 3943134  5318 infeasible   83         7.00000    0.00000   100%  80.6 1905s
 3954422  5381    0.00000   79   31    7.00000    0.00000   100%  80.6 1910s
 3966757  5382    0.00000   78    7    7.00000    0.00000   100%  80.5 1915s
 3977683  5364    0.00000   84    9    7.00000    0.00000   100%  80.5 1920s
 3988184  5235    0.00000   84    8    7.00000    0.00000   100%  80.5 1925s
 4000039  5107 infeasible   84         7.00000    0.00000   100%  80.5 1930s
 4010432  5040    0.00000   83    9    7.00000    0.00000   100%  80.5 1935s
 4019627  5182    0.00000   74   12    7.00000    0.00000   100%  80.5 1940s
 4031013  5101    0.00000   74   17    7.00000    0.00000   100%  80.5 1945s
 4042297  5125    0.00000   74   11    7.00000    0.00000   100%  80.5 1950s
 4052785  5034    0.00000   74   33    7.00000    0.00000   100%  80.5 1955s
 4061743  5227 infeasible   83         7.00000    0.00000   100%  80.5 1960s
 4071688  5362 infeasible   74         7.00000    0.00000   100%  80.5 1965s
 4081891  5405    0.00000   76   19    7.00000    0.00000   100%  80.5 1970s
 4091967  5360 infeasible   75         7.00000    0.00000   100%  80.5 1975s
 4101276  5398 infeasible   73         7.00000    0.00000   100%  80.5 1980s
 4113133  5668 infeasible   73         7.00000    0.00000   100%  80.5 1985s
 4122614  6118 infeasible   83         7.00000    0.00000   100%  80.5 1990s
 4133210  6201    0.00000   80   36    7.00000    0.00000   100%  80.5 1995s
 4142815  6199    0.00000   76   24    7.00000    0.00000   100%  80.5 2000s
 4154350  6105 infeasible   81         7.00000    0.00000   100%  80.5 2005s
 4164273  5975    0.00000   77   12    7.00000    0.00000   100%  80.5 2010s
 4173857  5910 infeasible   84         7.00000    0.00000   100%  80.5 2015s
 4184022  5912 infeasible   81         7.00000    0.00000   100%  80.5 2020s
 4193983  5879 infeasible   68         7.00000    0.00000   100%  80.5 2025s
 4205078  5847    0.00000   71   54    7.00000    0.00000   100%  80.5 2030s
 4216410  5783 infeasible   84         7.00000    0.00000   100%  80.5 2035s
 4226589  5674    0.00000   84   11    7.00000    0.00000   100%  80.5 2040s
 4235919  5873    0.00000   73    3    7.00000    0.00000   100%  80.5 2045s
 4246286  5768    0.00000   74    5    7.00000    0.00000   100%  80.5 2050s
 4257972  5849    0.00000   74   21    7.00000    0.00000   100%  80.5 2055s
 4268309  5884 infeasible   83         7.00000    0.00000   100%  80.5 2060s
 4278057  5809 infeasible   74         7.00000    0.00000   100%  80.5 2065s
 4289492  5707    0.00000   71   34    7.00000    0.00000   100%  80.5 2070s
 4298947  5738    0.00000   84    9    7.00000    0.00000   100%  80.5 2075s
 4309567  5586    0.00000   74    6    7.00000    0.00000   100%  80.4 2080s
 4320159  5546 infeasible   92         7.00000    0.00000   100%  80.4 2085s
 4332249  5436 infeasible   84         7.00000    0.00000   100%  80.4 2090s
 4342982  5406 infeasible   80         7.00000    0.00000   100%  80.4 2095s
 4352935  5382 infeasible   84         7.00000    0.00000   100%  80.4 2100s
 4364319  5583 infeasible   83         7.00000    0.00000   100%  80.4 2105s
 4374665  5619    0.00000   85   25    7.00000    0.00000   100%  80.4 2110s
 4385432  5787 infeasible   78         7.00000    0.00000   100%  80.4 2115s
 4394647  5768    0.00000   70   31    7.00000    0.00000   100%  80.4 2120s
 4405345  5775    0.00000   73   21    7.00000    0.00000   100%  80.4 2125s
 4416879  5927    0.00000   62   32    7.00000    0.00000   100%  80.4 2130s
 4427687  5821    0.00000   77   29    7.00000    0.00000   100%  80.4 2135s
 4436831  5736    0.00000   77   18    7.00000    0.00000   100%  80.4 2140s
 4449067  5604 infeasible   74         7.00000    0.00000   100%  80.4 2145s
 4458858  5516 infeasible   80         7.00000    0.00000   100%  80.4 2150s
 4468550  5663 infeasible   83         7.00000    0.00000   100%  80.4 2155s
 4480062  5706 infeasible   76         7.00000    0.00000   100%  80.3 2160s
 4489457  5802 infeasible   77         7.00000    0.00000   100%  80.3 2165s
 4501032  5788 infeasible   79         7.00000    0.00000   100%  80.3 2170s
 4511502  5691    0.00000   78   51    7.00000    0.00000   100%  80.3 2175s
 4521289  5595    0.00000   78   23    7.00000    0.00000   100%  80.3 2180s
 4531776  5557 infeasible   86         7.00000    0.00000   100%  80.3 2185s
 4542900  5565    0.00000   72   32    7.00000    0.00000   100%  80.3 2190s
 4553348  5560    0.00000   70   43    7.00000    0.00000   100%  80.3 2195s
 4564831  5618    0.00000   73    2    7.00000    0.00000   100%  80.3 2200s
 4576037  5606    0.00000   74    9    7.00000    0.00000   100%  80.3 2205s
 4586400  5991    0.00000   75   16    7.00000    0.00000   100%  80.2 2210s
 4596758  6366    0.00000   81   28    7.00000    0.00000   100%  80.2 2215s
 4608849  6594 infeasible   84         7.00000    0.00000   100%  80.2 2220s
 4618539  6531    0.00000   84   14    7.00000    0.00000   100%  80.2 2225s
 4629520  6409 infeasible   79         7.00000    0.00000   100%  80.2 2230s
 4640016  6407    0.00000   82   41    7.00000    0.00000   100%  80.2 2235s
 4650856  6273 infeasible   78         7.00000    0.00000   100%  80.2 2240s
 4661418  6277    0.00000   86   24    7.00000    0.00000   100%  80.2 2245s
 4671957  6265    0.00000   81   31    7.00000    0.00000   100%  80.1 2250s
 4673741  6269 infeasible   84         7.00000    0.00000   100%  80.1 2255s
 4683022  6257    0.00000   74    8    7.00000    0.00000   100%  80.1 2260s
 4694125  6184    0.00000   80   21    7.00000    0.00000   100%  80.1 2265s
 4704938  6150    0.00000   77   18    7.00000    0.00000   100%  80.1 2270s
 4715764  6198 infeasible   78         7.00000    0.00000   100%  80.1 2275s
 4726147  6186 infeasible   82         7.00000    0.00000   100%  80.1 2280s
 4736183  6110    0.00000   82   34    7.00000    0.00000   100%  80.1 2285s
 4747541  6184    0.00000   80   33    7.00000    0.00000   100%  80.1 2290s
 4758297  6151    0.00000   78   22    7.00000    0.00000   100%  80.1 2295s
 4768761  6011 infeasible   83         7.00000    0.00000   100%  80.1 2300s
 4778686  5948 infeasible   84         7.00000    0.00000   100%  80.0 2305s
 4789898  5933 infeasible   75         7.00000    0.00000   100%  80.0 2310s
 4799187  5885    0.00000   84   17    7.00000    0.00000   100%  80.0 2315s
 4811288  5844 infeasible   83         7.00000    0.00000   100%  80.0 2320s
 4821347  5875    0.00000   89   13    7.00000    0.00000   100%  80.0 2325s
 4831634  5835    0.00000   83    7    7.00000    0.00000   100%  80.0 2330s
 4843099  5753    0.00000   74    7    7.00000    0.00000   100%  80.0 2335s
 4853214  5725    0.00000   84   13    7.00000    0.00000   100%  80.0 2340s
 4863306  5653 infeasible   86         7.00000    0.00000   100%  80.0 2345s
 4874085  5614    0.00000   78   19    7.00000    0.00000   100%  80.0 2350s
 4885004  5446 infeasible   77         7.00000    0.00000   100%  80.0 2355s
 4895023  5337    0.00000   74   31    7.00000    0.00000   100%  80.0 2360s
 4904975  5492 infeasible   80         7.00000    0.00000   100%  80.0 2365s
 4915791  5609    0.00000   74   15    7.00000    0.00000   100%  80.0 2370s
 4926053  5579 infeasible   78         7.00000    0.00000   100%  80.0 2375s
 4935585  5511    0.00000   74   12    7.00000    0.00000   100%  80.0 2380s
 4944099  5484    0.00000   82   37    7.00000    0.00000   100%  80.0 2385s
 4955033  5361 infeasible   83         7.00000    0.00000   100%  80.0 2390s
 4965006  5221 infeasible   72         7.00000    0.00000   100%  80.0 2395s
 4974532  5121    0.00000   73    8    7.00000    0.00000   100%  80.0 2400s
 4983791  5035 infeasible   70         7.00000    0.00000   100%  80.0 2405s
 4993667  4977    0.00000   64   16    7.00000    0.00000   100%  80.0 2410s
 5003501  5023    0.00000   72   42    7.00000    0.00000   100%  80.1 2415s
 5014153  4989    0.00000   69   32    7.00000    0.00000   100%  80.1 2420s
 5023824  4971    0.00000   80   21    7.00000    0.00000   100%  80.1 2425s
 5033820  5164 infeasible   84         7.00000    0.00000   100%  80.1 2430s
 5044458  5249 infeasible   92         7.00000    0.00000   100%  80.1 2435s
 5054036  5200    0.00000   84    8    7.00000    0.00000   100%  80.1 2440s
 5064265  5049    0.00000   74   13    7.00000    0.00000   100%  80.1 2445s
 5073254  4983 infeasible   92         7.00000    0.00000   100%  80.1 2450s
 5084293  4998 infeasible   82         7.00000    0.00000   100%  80.1 2455s
 5095530  5073    0.00000   82   27    7.00000    0.00000   100%  80.1 2460s
 5104932  4962    0.00000   83   15    7.00000    0.00000   100%  80.1 2465s
 5117329  4868    0.00000   66   31    7.00000    0.00000   100%  80.1 2470s
 5127017  4924    0.00000   74   11    7.00000    0.00000   100%  80.1 2475s
 5138122  4918 infeasible   73         7.00000    0.00000   100%  80.0 2480s
 5148721  4959    0.00000   84   13    7.00000    0.00000   100%  80.0 2485s
 5158395  5018 infeasible   80         7.00000    0.00000   100%  80.0 2490s
 5168855  5246 infeasible   85         7.00000    0.00000   100%  80.0 2495s
 5177272  5268    0.00000   83   15    7.00000    0.00000   100%  80.1 2500s
 5188181  5299 infeasible   84         7.00000    0.00000   100%  80.1 2505s
 5197298  5163    0.00000   85   24    7.00000    0.00000   100%  80.1 2510s
 5207180  5144    0.00000   78   36    7.00000    0.00000   100%  80.1 2515s
 5217034  5081 infeasible   75         7.00000    0.00000   100%  80.1 2520s
 5226743  4997    0.00000   89   31    7.00000    0.00000   100%  80.1 2525s
 5235901  4968 infeasible   82         7.00000    0.00000   100%  80.1 2530s
 5246343  4938    0.00000   82   33    7.00000    0.00000   100%  80.1 2535s
 5255177  4858    0.00000   84   10    7.00000    0.00000   100%  80.1 2540s
 5265216  4788 infeasible   83         7.00000    0.00000   100%  80.1 2545s
 5274326  4673    0.00000   82   39    7.00000    0.00000   100%  80.1 2550s
 5283638  4795 infeasible   83         7.00000    0.00000   100%  80.2 2555s
 5294200  4875 infeasible   82         7.00000    0.00000   100%  80.2 2560s
 5302921  4999    0.00000   74   11    7.00000    0.00000   100%  80.2 2565s
 5313706  5095 infeasible   83         7.00000    0.00000   100%  80.2 2570s
 5322271  5191 infeasible   88         7.00000    0.00000   100%  80.2 2575s
 5331834  5580    0.00000   81   41    7.00000    0.00000   100%  80.2 2580s
 5342028  5896    0.00000   74    8    7.00000    0.00000   100%  80.2 2585s
 5350765  6075    0.00000   80   30    7.00000    0.00000   100%  80.2 2590s
 5363564  6229 infeasible   80         7.00000    0.00000   100%  80.2 2595s
 5372507  6352    0.00000   72   35    7.00000    0.00000   100%  80.2 2600s
 5382552  6542    0.00000   72   25    7.00000    0.00000   100%  80.3 2605s
 5390809  6550 infeasible   76         7.00000    0.00000   100%  80.3 2610s
 5399634  6591 infeasible   64         7.00000    0.00000   100%  80.3 2615s
 5407897  6599    0.00000   80   37    7.00000    0.00000   100%  80.4 2620s
 5415875  6652 infeasible   69         7.00000    0.00000   100%  80.4 2625s
 5424287  6513    0.00000   70   31    7.00000    0.00000   100%  80.4 2630s
 5432348  6453 infeasible   80         7.00000    0.00000   100%  80.5 2635s
 5442246  6357    0.00000   83    4    7.00000    0.00000   100%  80.5 2640s
 5452316  6290 infeasible   70         7.00000    0.00000   100%  80.5 2645s
 5459838  6295 infeasible   73         7.00000    0.00000   100%  80.5 2650s
 5470564  6135 infeasible   73         7.00000    0.00000   100%  80.6 2655s
 5479328  6054    0.00000   73    1    7.00000    0.00000   100%  80.6 2660s
 5488186  6159    0.00000   84    7    7.00000    0.00000   100%  80.6 2665s
 5497791  6343    0.00000   82   26    7.00000    0.00000   100%  80.6 2670s
 5508713  6453    0.00000   84    9    7.00000    0.00000   100%  80.6 2675s
 5517485  6568 infeasible   76         7.00000    0.00000   100%  80.6 2680s
 5528169  6512    0.00000   74   20    7.00000    0.00000   100%  80.7 2685s
 5533526  6619    0.00000   75   12    7.00000    0.00000   100%  80.7 2692s
 5545572  6636 infeasible   82         7.00000    0.00000   100%  80.7 2695s
 5554287  6715    0.00000   81   24    7.00000    0.00000   100%  80.7 2700s
 5564738  6717    0.00000   76   25    7.00000    0.00000   100%  80.7 2705s
 5573974  6706    0.00000   82   37    7.00000    0.00000   100%  80.7 2710s
 5582693  6651 infeasible   76         7.00000    0.00000   100%  80.7 2715s
 5593306  6673    0.00000   80   32    7.00000    0.00000   100%  80.8 2720s
 5603830  6994    0.00000   73    1    7.00000    0.00000   100%  80.8 2725s
 5615271  7151    0.00000   79   43    7.00000    0.00000   100%  80.7 2730s
 5630376  7361 infeasible   84         7.00000    0.00000   100%  80.6 2735s
 5643607  7454    0.00000   71   36    7.00000    0.00000   100%  80.6 2740s
 5660673  7355    0.00000   73    5    7.00000    0.00000   100%  80.5 2745s
 5674741  7371     cutoff   93         7.00000    0.00000   100%  80.4 2750s
 5690690  7350    0.00000   73    5    7.00000    0.00000   100%  80.3 2755s
 5702372  7193 infeasible   83         7.00000    0.00000   100%  80.3 2760s
 5714133  7124    0.00000   82   32    7.00000    0.00000   100%  80.2 2765s
 5725727  7234     cutoff   83         7.00000    0.00000   100%  80.2 2770s
 5736816  7145    0.00000   83    7    7.00000    0.00000   100%  80.2 2775s
 5746892  7047 infeasible   73         7.00000    0.00000   100%  80.2 2780s
 5760700  7158    0.00000   77   32    7.00000    0.00000   100%  80.2 2785s
 5774220  7175     cutoff   73         7.00000    0.00000   100%  80.1 2790s
 5790000  6984 infeasible   84         7.00000    0.00000   100%  80.0 2795s
 5803228  6973 infeasible   83         7.00000    0.00000   100%  80.0 2800s
 5814023  6936    0.00000   82   30    7.00000    0.00000   100%  79.9 2805s
 5824971  6941 infeasible   78         7.00000    0.00000   100%  79.9 2810s
 5834717  7147    0.00000   77   18    7.00000    0.00000   100%  79.9 2815s
 5846218  7372     cutoff   93         7.00000    0.00000   100%  79.9 2820s
 5857694  7457 infeasible   69         7.00000    0.00000   100%  79.9 2825s
 5869364  7499 infeasible   89         7.00000    0.00000   100%  79.9 2830s
 5882432  7460 infeasible   82         7.00000    0.00000   100%  79.8 2835s
 5894781  7338    0.00000   84   16    7.00000    0.00000   100%  79.8 2840s
 5908851  7253 infeasible   73         7.00000    0.00000   100%  79.7 2845s
 5919771  7124     cutoff   72         7.00000    0.00000   100%  79.7 2850s
 5930220  6972 infeasible   86         7.00000    0.00000   100%  79.7 2855s
 5940510  6904 infeasible   83         7.00000    0.00000   100%  79.7 2860s
 5951534  6771    0.00000   81   22    7.00000    0.00000   100%  79.7 2865s
 5961476  6893 infeasible   84         7.00000    0.00000   100%  79.7 2870s
 5971737  6783 infeasible   83         7.00000    0.00000   100%  79.7 2875s
 5982672  6747 infeasible   84         7.00000    0.00000   100%  79.7 2880s
 5995165  7166    0.00000   83   17    7.00000    0.00000   100%  79.7 2885s
 6004934  7340    0.00000   71   61    7.00000    0.00000   100%  79.7 2890s
 6017025  7297 infeasible   75         7.00000    0.00000   100%  79.7 2895s
 6026868  7307 infeasible   79         7.00000    0.00000   100%  79.6 2900s
 6037002  7300    0.00000   77   29    7.00000    0.00000   100%  79.7 2905s
 6047351  7579 infeasible   84         7.00000    0.00000   100%  79.7 2910s
 6056738  7944    0.00000   74   28    7.00000    0.00000   100%  79.7 2915s
 6068479  8499    0.00000   78   26    7.00000    0.00000   100%  79.7 2920s
 6078882  8883 infeasible   74         7.00000    0.00000   100%  79.7 2925s
 6089358  8998    0.00000   72   52    7.00000    0.00000   100%  79.7 2930s
 6099422  9126 infeasible   75         7.00000    0.00000   100%  79.7 2935s
 6108686  9049 infeasible   74         7.00000    0.00000   100%  79.7 2940s
 6119858  8914    0.00000   84   23    7.00000    0.00000   100%  79.7 2945s
 6129959  8864 infeasible   77         7.00000    0.00000   100%  79.7 2950s
 6139361  8886 infeasible   73         7.00000    0.00000   100%  79.7 2955s
 6151556  8949    0.00000   77   25    7.00000    0.00000   100%  79.7 2960s
 6162236  8917    0.00000   82   36    7.00000    0.00000   100%  79.7 2965s
 6173073  8748 infeasible   83         7.00000    0.00000   100%  79.7 2970s
 6184298  8817 infeasible   73         7.00000    0.00000   100%  79.7 2975s
 6193984  8788 infeasible   80         7.00000    0.00000   100%  79.7 2980s
 6205021  8810    0.00000   73   14    7.00000    0.00000   100%  79.7 2985s
 6216088  8855 infeasible   78         7.00000    0.00000   100%  79.7 2990s
 6227156  8747 infeasible   75         7.00000    0.00000   100%  79.7 2995s
 6235215  8689 infeasible   82         7.00000    0.00000   100%  79.8 3000s
 6246009  8664    0.00000   77   17    7.00000    0.00000   100%  79.8 3005s
 6256705  8903 infeasible   77         7.00000    0.00000   100%  79.8 3010s
 6267938  8895 infeasible   80         7.00000    0.00000   100%  79.8 3015s
 6279854  8897 infeasible   74         7.00000    0.00000   100%  79.8 3020s
 6291195  8748    0.00000   68   33    7.00000    0.00000   100%  79.8 3025s
 6302438  8552    0.00000   74   11    7.00000    0.00000   100%  79.8 3030s
 6312917  8543 infeasible   76         7.00000    0.00000   100%  79.8 3035s
 6322941  8586 infeasible   73         7.00000    0.00000   100%  79.8 3040s
 6331977  8486    0.00000   78   22    7.00000    0.00000   100%  79.8 3045s
 6341904  8429    0.00000   74    9    7.00000    0.00000   100%  79.8 3050s
 6353631  8578 infeasible   72         7.00000    0.00000   100%  79.8 3055s
 6362911  8724    0.00000   82   40    7.00000    0.00000   100%  79.8 3060s
 6373099  8804    0.00000   85   17    7.00000    0.00000   100%  79.8 3065s
 6384814  8862    0.00000   74   15    7.00000    0.00000   100%  79.8 3070s
 6394422  8695 infeasible   71         7.00000    0.00000   100%  79.8 3075s
 6404956  8594 infeasible   74         7.00000    0.00000   100%  79.8 3080s
 6415005  8506    0.00000   67   40    7.00000    0.00000   100%  79.8 3085s
 6424646  8557    0.00000   74   18    7.00000    0.00000   100%  79.8 3090s
 6436013  8382 infeasible   79         7.00000    0.00000   100%  79.8 3095s
 6446113  8603    0.00000   76   23    7.00000    0.00000   100%  79.8 3100s
 6457470  8675    0.00000   74   13    7.00000    0.00000   100%  79.8 3105s
 6469225  8723 infeasible   71         7.00000    0.00000   100%  79.9 3110s
 6478836  8740 infeasible   80         7.00000    0.00000   100%  79.9 3115s
 6488608  8661 infeasible   82         7.00000    0.00000   100%  79.9 3120s
 6500525  8611 infeasible   83         7.00000    0.00000   100%  79.9 3125s
 6509316  8600 infeasible   83         7.00000    0.00000   100%  79.9 3130s
 6520730  8556 infeasible   72         7.00000    0.00000   100%  79.9 3135s
 6532226  8377 infeasible   64         7.00000    0.00000   100%  79.9 3140s
 6542073  8363 infeasible   93         7.00000    0.00000   100%  79.9 3145s
 6550947  8413 infeasible   74         7.00000    0.00000   100%  79.9 3150s
 6562353  8509 infeasible   71         7.00000    0.00000   100%  79.9 3155s
 6572225  8396 infeasible   84         7.00000    0.00000   100%  79.9 3160s
 6582437  8390 infeasible   82         7.00000    0.00000   100%  79.9 3165s
 6594300  8502    0.00000   71   29    7.00000    0.00000   100%  79.9 3170s
 6604437  8557    0.00000   89   26    7.00000    0.00000   100%  79.9 3175s
 6616862  8624 infeasible   82         7.00000    0.00000   100%  79.9 3180s
 6628332  8570    0.00000   83   17    7.00000    0.00000   100%  79.9 3185s
 6639746  8456    0.00000   83    6    7.00000    0.00000   100%  79.9 3190s
 6651263  8387 infeasible   83         7.00000    0.00000   100%  79.9 3195s
 6661653  8336    0.00000   79   36    7.00000    0.00000   100%  79.9 3200s
 6673370  8440 infeasible   74         7.00000    0.00000   100%  79.9 3205s
 6684159  8446 infeasible   76         7.00000    0.00000   100%  79.9 3210s
 6695318  8411    0.00000   74   18    7.00000    0.00000   100%  79.9 3215s
 6706134  8353    0.00000   84   14    7.00000    0.00000   100%  79.9 3220s
 6719354  8371    0.00000   76   27    7.00000    0.00000   100%  79.9 3225s
 6730689  8351    0.00000   83    5    7.00000    0.00000   100%  79.9 3230s
 6740076  8345    0.00000   78   20    7.00000    0.00000   100%  79.9 3235s
 6750808  8338    0.00000   65   16    7.00000    0.00000   100%  79.9 3240s
 6761957  8244    0.00000   75   30    7.00000    0.00000   100%  79.9 3245s
 6772253  8291    0.00000   66   28    7.00000    0.00000   100%  79.9 3250s
 6784172  8465 infeasible   81         7.00000    0.00000   100%  79.9 3255s
 6795029  8512 infeasible   74         7.00000    0.00000   100%  79.9 3260s
 6804863  8376    0.00000   74   10    7.00000    0.00000   100%  79.9 3265s
 6815318  8332 infeasible   83         7.00000    0.00000   100%  79.9 3270s
 6827835  8283 infeasible   71         7.00000    0.00000   100%  79.9 3275s
 6838553  8282 infeasible   82         7.00000    0.00000   100%  79.9 3280s
 6851601  8695    0.00000   73    5    7.00000    0.00000   100%  79.8 3285s
 6863602  8759 infeasible   85         7.00000    0.00000   100%  79.8 3290s
 6874988  8690    0.00000   84    8    7.00000    0.00000   100%  79.8 3295s
 6888334  8567    0.00000   74   15    7.00000    0.00000   100%  79.8 3300s
 6899901  8536 infeasible   84         7.00000    0.00000   100%  79.8 3305s
 6912317  8471    0.00000   87   19    7.00000    0.00000   100%  79.8 3310s
 6923512  8374 infeasible   75         7.00000    0.00000   100%  79.7 3315s
 6936707  8380    0.00000   74    7    7.00000    0.00000   100%  79.7 3320s
 6947775  8301    0.00000   84   14    7.00000    0.00000   100%  79.7 3325s
 6958815  8378 infeasible   81         7.00000    0.00000   100%  79.7 3330s
 6968957  8424 infeasible   85         7.00000    0.00000   100%  79.7 3335s
 6979718  8294    0.00000   74    8    7.00000    0.00000   100%  79.7 3340s
 6990637  8143    0.00000   77   17    7.00000    0.00000   100%  79.7 3345s
 7001391  8082    0.00000   73    9    7.00000    0.00000   100%  79.7 3350s
 7011192  8219    0.00000   74    8    7.00000    0.00000   100%  79.7 3355s
 7021980  8430    0.00000   74    8    7.00000    0.00000   100%  79.7 3360s
 7032794  8444 infeasible   84         7.00000    0.00000   100%  79.7 3365s
 7042590  8544 infeasible   93         7.00000    0.00000   100%  79.7 3370s
 7053304  8545    0.00000   75   26    7.00000    0.00000   100%  79.7 3375s
 7064611  8433 infeasible   73         7.00000    0.00000   100%  79.7 3380s
 7075229  8335 infeasible   86         7.00000    0.00000   100%  79.7 3385s
 7086601  8256 infeasible   82         7.00000    0.00000   100%  79.7 3390s
 7096269  8179 infeasible   74         7.00000    0.00000   100%  79.7 3395s
 7107311  8190 infeasible   83         7.00000    0.00000   100%  79.8 3400s
 7119311  8876 infeasible   74         7.00000    0.00000   100%  79.7 3405s
 7128878  9591 infeasible   83         7.00000    0.00000   100%  79.7 3410s
 7140464  9836    0.00000   91   26    7.00000    0.00000   100%  79.7 3415s
 7150484  9888 infeasible   76         7.00000    0.00000   100%  79.7 3420s
 7161878  9852 infeasible   76         7.00000    0.00000   100%  79.7 3425s
 7172166  9812 infeasible   83         7.00000    0.00000   100%  79.7 3430s
 7184200  9950 infeasible   74         7.00000    0.00000   100%  79.7 3435s
 7194465  9904    0.00000   79   38    7.00000    0.00000   100%  79.7 3440s
 7205277  9807 infeasible   81         7.00000    0.00000   100%  79.7 3445s
 7217004  9747    0.00000   73    4    7.00000    0.00000   100%  79.7 3450s
 7226722  9739    0.00000   71   23    7.00000    0.00000   100%  79.7 3455s
 7240753  9955 infeasible   70         7.00000    0.00000   100%  79.7 3460s
 7251997 10070 infeasible   73         7.00000    0.00000   100%  79.6 3465s
 7263721 10093    0.00000   69    8    7.00000    0.00000   100%  79.6 3470s
 7275720  9959 infeasible   76         7.00000    0.00000   100%  79.6 3475s
 7287797  9908 infeasible   74         7.00000    0.00000   100%  79.6 3480s
 7300416 10268    0.00000   78   25    7.00000    0.00000   100%  79.6 3485s
 7314407 10275    0.00000   74   12    7.00000    0.00000   100%  79.5 3490s
 7326651 10160 infeasible   76         7.00000    0.00000   100%  79.5 3495s
 7342629 10195    0.00000   79   30    7.00000    0.00000   100%  79.5 3500s
 7354326 10105    0.00000   84    7    7.00000    0.00000   100%  79.4 3505s
 7368852 10138 infeasible   74         7.00000    0.00000   100%  79.4 3510s
 7379357 10058 infeasible   73         7.00000    0.00000   100%  79.4 3515s
 7391097 10417 infeasible   73         7.00000    0.00000   100%  79.4 3520s
 7400855 10593 infeasible   80         7.00000    0.00000   100%  79.4 3525s
 7408071 10623    0.00000   74    6    7.00000    0.00000   100%  79.4 3530s
 7423052 10700    0.00000   74   15    7.00000    0.00000   100%  79.4 3535s
 7434517 10732 infeasible   81         7.00000    0.00000   100%  79.4 3540s
 7444133 10573    0.00000   76   39    7.00000    0.00000   100%  79.4 3545s
 7453415 10406    0.00000   70   36    7.00000    0.00000   100%  79.4 3550s
 7464948 10408    0.00000   73    6    7.00000    0.00000   100%  79.4 3555s
 7475515 10611 infeasible   83         7.00000    0.00000   100%  79.4 3560s
 7488551 10684    0.00000   74   15    7.00000    0.00000   100%  79.4 3565s
 7498609 10921    0.00000   74    7    7.00000    0.00000   100%  79.4 3570s
 7510247 11150    0.00000   85   24    7.00000    0.00000   100%  79.3 3575s
 7520940 11248    0.00000   73    6    7.00000    0.00000   100%  79.3 3580s
 7533378 11282    0.00000   74   32    7.00000    0.00000   100%  79.3 3585s
 7544028 11278 infeasible   81         7.00000    0.00000   100%  79.3 3590s
 7556029 11267    0.00000   74   25    7.00000    0.00000   100%  79.3 3595s
 7567290 11201 infeasible   81         7.00000    0.00000   100%  79.3 3600s
 7580696 11025 infeasible   83         7.00000    0.00000   100%  79.3 3605s
 7591934 10858 infeasible   83         7.00000    0.00000   100%  79.3 3610s
 7603764 10786    0.00000   74   12    7.00000    0.00000   100%  79.3 3615s
 7608364 10600 infeasible   81         7.00000    0.00000   100%  79.3 3620s
 7626148 10505    0.00000   79   40    7.00000    0.00000   100%  79.3 3625s
 7636087 10437 infeasible   70         7.00000    0.00000   100%  79.2 3630s
 7647857 10416    0.00000   78   31    7.00000    0.00000   100%  79.2 3635s
 7657456 10271 infeasible   83         7.00000    0.00000   100%  79.2 3640s
 7669441 10278 infeasible   93         7.00000    0.00000   100%  79.2 3645s
 7679925 10701    0.00000   73    8    7.00000    0.00000   100%  79.2 3650s
 7690809 10789    0.00000   79   31    7.00000    0.00000   100%  79.2 3655s
 7703075 10708    0.00000   71   45    7.00000    0.00000   100%  79.2 3660s
 7713725 10710 infeasible   77         7.00000    0.00000   100%  79.2 3665s
 7724906 10705    0.00000   81   33    7.00000    0.00000   100%  79.2 3670s
 7737397 10629    0.00000   78   29    7.00000    0.00000   100%  79.2 3675s
 7748268 10623 infeasible   73         7.00000    0.00000   100%  79.2 3680s
 7758555 11090    0.00000   78   30    7.00000    0.00000   100%  79.2 3685s
 7768955 11407 infeasible   82         7.00000    0.00000   100%  79.2 3690s
 7781029 11558 infeasible   83         7.00000    0.00000   100%  79.2 3695s
 7791651 11583 infeasible   87         7.00000    0.00000   100%  79.2 3700s
 7802442 11581 infeasible   83         7.00000    0.00000   100%  79.2 3705s
 7810076 11384    0.00000   89   19    7.00000    0.00000   100%  79.2 3711s
 7825384 11391 infeasible   80         7.00000    0.00000   100%  79.1 3715s
 7836489 11306    0.00000   94   11    7.00000    0.00000   100%  79.1 3720s
 7848667 11246    0.00000   83    7    7.00000    0.00000   100%  79.1 3725s
 7860064 11246 infeasible   94         7.00000    0.00000   100%  79.1 3730s
 7870339 11391    0.00000   84   19    7.00000    0.00000   100%  79.1 3735s
 7883202 11646    0.00000   81   18    7.00000    0.00000   100%  79.1 3740s
 7895552 11547 infeasible   83         7.00000    0.00000   100%  79.1 3745s
 7905976 11517 infeasible   80         7.00000    0.00000   100%  79.1 3750s
 7918414 11302    0.00000   73    4    7.00000    0.00000   100%  79.0 3755s
 7929552 11285 infeasible   88         7.00000    0.00000   100%  79.0 3760s
 7940834 11217    0.00000   75   19    7.00000    0.00000   100%  79.0 3765s
 7951689 11193    0.00000   74    9    7.00000    0.00000   100%  79.0 3770s
 7964908 11202    0.00000   72   33    7.00000    0.00000   100%  79.0 3775s
 7976085 11443    0.00000   74   15    7.00000    0.00000   100%  79.0 3780s
 7987060 11651 infeasible   84         7.00000    0.00000   100%  79.0 3785s
 7997980 11636    0.00000   71   26    7.00000    0.00000   100%  78.9 3790s
 8009780 11539 infeasible   78         7.00000    0.00000   100%  78.9 3795s
 8020980 11523 infeasible   83         7.00000    0.00000   100%  78.9 3800s
 8028784 11664 infeasible   74         7.00000    0.00000   100%  78.9 3806s
 8043110 11756    0.00000   75   13    7.00000    0.00000   100%  78.9 3810s
 8053695 11850 infeasible   83         7.00000    0.00000   100%  78.9 3815s
 8063761 11923 infeasible   74         7.00000    0.00000   100%  78.9 3820s
 8073268 12096 infeasible   75         7.00000    0.00000   100%  78.9 3826s
 8086697 12203 infeasible   80         7.00000    0.00000   100%  78.9 3830s
 8097874 12316 infeasible   77         7.00000    0.00000   100%  78.9 3835s
 8109010 12347 infeasible   84         7.00000    0.00000   100%  78.9 3840s
 8118936 12501    0.00000   84    9    7.00000    0.00000   100%  78.9 3845s
 8130340 12471 infeasible   83         7.00000    0.00000   100%  78.9 3850s
 8139151 12443 infeasible   93         7.00000    0.00000   100%  78.9 3855s
 8150093 12342 infeasible   93         7.00000    0.00000   100%  78.9 3860s
 8161720 12227 infeasible   84         7.00000    0.00000   100%  78.9 3865s
 8172239 12360    0.00000   74    8    7.00000    0.00000   100%  78.9 3870s
 8183263 12478    0.00000   84    6    7.00000    0.00000   100%  78.9 3875s
 8194553 12481    0.00000   74   22    7.00000    0.00000   100%  78.9 3880s
 8205666 12394    0.00000   82   30    7.00000    0.00000   100%  78.9 3885s
 8218844 12422 infeasible   78         7.00000    0.00000   100%  78.9 3890s
 8231771 12597    0.00000   74    4    7.00000    0.00000   100%  78.8 3895s
 8244818 12559    0.00000   69   27    7.00000    0.00000   100%  78.8 3900s
 8258068 12517    0.00000   79   28    7.00000    0.00000   100%  78.8 3905s
 8269798 12499    0.00000   76   22    7.00000    0.00000   100%  78.8 3910s
 8282583 12356    0.00000   80   41    7.00000    0.00000   100%  78.7 3915s
 8295880 12263    0.00000   83    5    7.00000    0.00000   100%  78.7 3920s
 8308298 12165    0.00000   81   38    7.00000    0.00000   100%  78.7 3925s
 8321256 12086 infeasible   83         7.00000    0.00000   100%  78.7 3930s
 8332539 12045 infeasible   77         7.00000    0.00000   100%  78.7 3935s
 8344229 11933    0.00000   82   26    7.00000    0.00000   100%  78.7 3940s
 8356438 11858    0.00000   79   33    7.00000    0.00000   100%  78.7 3945s
 8367553 11690    0.00000   68   49    7.00000    0.00000   100%  78.6 3950s
 8378000 11604 infeasible   73         7.00000    0.00000   100%  78.6 3955s
 8388683 11561 infeasible   74         7.00000    0.00000   100%  78.6 3960s
 8399644 11394    0.00000   82   47    7.00000    0.00000   100%  78.6 3965s
 8410500 11501 infeasible   71         7.00000    0.00000   100%  78.6 3970s
 8421748 11410    0.00000   71   38    7.00000    0.00000   100%  78.6 3975s
 8433318 11288    0.00000   74    6    7.00000    0.00000   100%  78.6 3980s
 8445023 11189    0.00000   84   14    7.00000    0.00000   100%  78.6 3985s
 8456832 11124 infeasible   86         7.00000    0.00000   100%  78.6 3990s
 8468440 11058 infeasible   79         7.00000    0.00000   100%  78.6 3995s
 8479023 10970 infeasible   72         7.00000    0.00000   100%  78.6 4000s
 8490556 10877 infeasible   83         7.00000    0.00000   100%  78.6 4005s
 8501656 10881 infeasible   81         7.00000    0.00000   100%  78.6 4010s
 8513054 10868    0.00000   73    9    7.00000    0.00000   100%  78.6 4015s
 8524619 10841 infeasible   76         7.00000    0.00000   100%  78.6 4020s
 8535305 10745    0.00000   76   17    7.00000    0.00000   100%  78.5 4025s
 8546544 10717    0.00000   78   18    7.00000    0.00000   100%  78.5 4030s
 8556443 10678 infeasible   75         7.00000    0.00000   100%  78.5 4035s
 8569286 10526 infeasible   83         7.00000    0.00000   100%  78.5 4040s
 8580558 10472 infeasible   84         7.00000    0.00000   100%  78.5 4045s
 8591129 10428 infeasible   65         7.00000    0.00000   100%  78.5 4050s
 8603071 10506    0.00000   72   21    7.00000    0.00000   100%  78.5 4055s
 8614908 10644    0.00000   74    9    7.00000    0.00000   100%  78.5 4060s
 8626401 10772 infeasible   83         7.00000    0.00000   100%  78.5 4065s
 8636723 10721    0.00000   74    5    7.00000    0.00000   100%  78.5 4070s
 8647815 10622 infeasible   73         7.00000    0.00000   100%  78.5 4075s
 8658778 10390 infeasible   81         7.00000    0.00000   100%  78.5 4080s
 8668501 10312 infeasible   73         7.00000    0.00000   100%  78.5 4085s
 8678814 10319    0.00000   75   31    7.00000    0.00000   100%  78.5 4090s
 8689962 10217    0.00000   74    6    7.00000    0.00000   100%  78.5 4095s
 8700642 10343    0.00000   84   19    7.00000    0.00000   100%  78.5 4100s
 8711740 10669 infeasible   66         7.00000    0.00000   100%  78.5 4105s
 8722514 10767    0.00000   76   48    7.00000    0.00000   100%  78.5 4110s
 8732234 10761 infeasible   70         7.00000    0.00000   100%  78.5 4115s
 8744069 10877 infeasible   82         7.00000    0.00000   100%  78.5 4120s
 8753840 10957 infeasible   79         7.00000    0.00000   100%  78.5 4125s
 8763420 10819    0.00000   71   18    7.00000    0.00000   100%  78.5 4130s
 8774649 10767    0.00000   81   25    7.00000    0.00000   100%  78.5 4135s
 8785187 10668    0.00000   64   10    7.00000    0.00000   100%  78.5 4140s
 8796160 10533    0.00000   74   22    7.00000    0.00000   100%  78.5 4145s
 8806771 10510    0.00000   73    5    7.00000    0.00000   100%  78.5 4150s
 8817323 10504    0.00000   78   19    7.00000    0.00000   100%  78.5 4155s
 8830243 10514 infeasible   73         7.00000    0.00000   100%  78.5 4160s
 8841298 10418    0.00000   78   39    7.00000    0.00000   100%  78.5 4165s
 8853740 10283    0.00000   82   30    7.00000    0.00000   100%  78.5 4170s
 8863879 10363    0.00000   73    4    7.00000    0.00000   100%  78.5 4175s
 8875257 10436 infeasible   75         7.00000    0.00000   100%  78.5 4180s
 8885156 10534    0.00000   76   32    7.00000    0.00000   100%  78.5 4185s
 8896277 10879    0.00000   88   17    7.00000    0.00000   100%  78.5 4190s
 8906807 11082    0.00000   74    8    7.00000    0.00000   100%  78.5 4195s
 8917465 11251    0.00000   73    5    7.00000    0.00000   100%  78.5 4200s
 8927609 11267 infeasible   74         7.00000    0.00000   100%  78.5 4205s
 8938974 11238    0.00000   74   17    7.00000    0.00000   100%  78.5 4210s
 8949549 11133    0.00000   74    5    7.00000    0.00000   100%  78.5 4215s
 8958898 11111 infeasible   71         7.00000    0.00000   100%  78.5 4220s
 8970886 10986 infeasible   80         7.00000    0.00000   100%  78.5 4225s
 8981159 10880    0.00000   73    4    7.00000    0.00000   100%  78.5 4230s
 8991543 10919    0.00000   69   35    7.00000    0.00000   100%  78.5 4235s
 9001346 10873    0.00000   76   20    7.00000    0.00000   100%  78.5 4240s
 9013600 10854 infeasible   78         7.00000    0.00000   100%  78.5 4245s
 9023864 10877    0.00000   72   42    7.00000    0.00000   100%  78.5 4250s
 9033633 10834    0.00000   80   35    7.00000    0.00000   100%  78.5 4255s
 9045018 10806    0.00000   78   17    7.00000    0.00000   100%  78.5 4260s
 9055349 10858    0.00000   74    5    7.00000    0.00000   100%  78.5 4265s
 9067668 10781 infeasible   87         7.00000    0.00000   100%  78.5 4270s
 9077413 10978    0.00000   73    5    7.00000    0.00000   100%  78.5 4275s
 9090026 11190 infeasible   75         7.00000    0.00000   100%  78.5 4280s
 9101687 11209    0.00000   79   34    7.00000    0.00000   100%  78.5 4285s
 9111966 11023    0.00000   69   42    7.00000    0.00000   100%  78.5 4290s
 9123349 10998    0.00000   81   34    7.00000    0.00000   100%  78.5 4295s
 9132757 10982 infeasible   73         7.00000    0.00000   100%  78.5 4300s
 9142769 10869 infeasible   82         7.00000    0.00000   100%  78.5 4307s
 9154339 10889 infeasible   80         7.00000    0.00000   100%  78.5 4310s
 9165820 10717 infeasible   76         7.00000    0.00000   100%  78.5 4315s
 9175631 10728    0.00000   75   18    7.00000    0.00000   100%  78.5 4320s
 9186842 11068 infeasible   84         7.00000    0.00000   100%  78.5 4325s
 9197083 11100    0.00000   81   22    7.00000    0.00000   100%  78.5 4330s
 9208206 11043 infeasible   86         7.00000    0.00000   100%  78.5 4335s
 9219274 11007    0.00000   85   34    7.00000    0.00000   100%  78.5 4340s
 9232410 11096    0.00000   79   37    7.00000    0.00000   100%  78.5 4345s
H9234748 11128                       6.9999991    0.00000   100%  78.5 4346s
 9244418 10979 infeasible   83         7.00000    0.00000   100%  78.5 4350s
 9255161 10953    0.00000   90   20    7.00000    0.00000   100%  78.5 4355s
 9265699 10883    0.00000   76   19    7.00000    0.00000   100%  78.5 4360s
 9274881 10834 infeasible   84         7.00000    0.00000   100%  78.5 4365s
 9286837 10774 infeasible   84         7.00000    0.00000   100%  78.5 4370s
 9297751 10801    0.00000   80   28    7.00000    0.00000   100%  78.5 4375s
 9308922 10747 infeasible   78         7.00000    0.00000   100%  78.5 4380s
 9318972 10898    0.00000   82   32    7.00000    0.00000   100%  78.5 4385s
 9330548 10819    0.00000   80   23    7.00000    0.00000   100%  78.5 4390s
 9338887 10693    0.00000   78   29    7.00000    0.00000   100%  78.5 4395s
 9351062 10765    0.00000   74    5    7.00000    0.00000   100%  78.5 4400s
 9361790 10781 infeasible   74         7.00000    0.00000   100%  78.5 4405s
 9372578 10624 infeasible   82         7.00000    0.00000   100%  78.5 4410s
 9383382 10903    0.00000   84    4    7.00000    0.00000   100%  78.5 4415s
 9393621 11009 infeasible   84         7.00000    0.00000   100%  78.5 4420s
 9404512 11050 infeasible   84         7.00000    0.00000   100%  78.5 4425s
 9413216 11037    0.00000   64   14    7.00000    0.00000   100%  78.5 4430s
 9423619 10984    0.00000   73    6    7.00000    0.00000   100%  78.5 4435s
 9434709 10939    0.00000   83   21    7.00000    0.00000   100%  78.5 4440s
 9445220 10941    0.00000   64   31    7.00000    0.00000   100%  78.5 4445s
 9456738 10753    0.00000   77   37    7.00000    0.00000   100%  78.5 4450s
 9467031 10635 infeasible   75         7.00000    0.00000   100%  78.5 4455s
 9477078 10646    0.00000   68   24    7.00000    0.00000   100%  78.5 4460s
 9487878 10882    0.00000   74   17    7.00000    0.00000   100%  78.6 4465s
 9498350 11384    0.00000   84    4    7.00000    0.00000   100%  78.6 4470s
 9509645 11702    0.00000   84   16    7.00000    0.00000   100%  78.6 4475s
 9520350 11803    0.00000   71   22    7.00000    0.00000   100%  78.6 4480s
 9530778 11845 infeasible   82         7.00000    0.00000   100%  78.6 4485s
 9541914 11727 infeasible   81         7.00000    0.00000   100%  78.6 4490s
 9552419 11841    0.00000   83   18    7.00000    0.00000   100%  78.6 4495s
 9563281 11777    0.00000   74    8    7.00000    0.00000   100%  78.6 4500s
 9575460 11697    0.00000   71   32    7.00000    0.00000   100%  78.6 4505s
 9586132 11702 infeasible   84         7.00000    0.00000   100%  78.6 4510s
 9597219 11704    0.00000   83    5    7.00000    0.00000   100%  78.6 4515s
 9608014 11674 infeasible   72         7.00000    0.00000   100%  78.6 4520s
 9619573 11703    0.00000   82   25    7.00000    0.00000   100%  78.6 4525s
 9629652 11591    0.00000   80   27    7.00000    0.00000   100%  78.6 4530s
 9639928 11513    0.00000   78   34    7.00000    0.00000   100%  78.6 4535s
 9651314 11493    0.00000   73    5    7.00000    0.00000   100%  78.6 4540s
 9660846 11389    0.00000   78   35    7.00000    0.00000   100%  78.6 4545s
 9672190 11422 infeasible   91         7.00000    0.00000   100%  78.6 4550s
 9682029 11375 infeasible   78         7.00000    0.00000   100%  78.6 4555s
 9692410 11336 infeasible   84         7.00000    0.00000   100%  78.6 4560s
 9704753 11304 infeasible   78         7.00000    0.00000   100%  78.6 4565s
 9715270 11317    0.00000   76   28    7.00000    0.00000   100%  78.6 4570s
 9727570 11404    0.00000   74    9    7.00000    0.00000   100%  78.6 4575s
 9736828 11269    0.00000   87   22    7.00000    0.00000   100%  78.6 4580s
 9748500 11187 infeasible   82         7.00000    0.00000   100%  78.6 4585s
 9760523 11063    0.00000   83    7    7.00000    0.00000   100%  78.6 4590s
 9770152 11068    0.00000   82   29    7.00000    0.00000   100%  78.6 4595s
 9782610 11148    0.00000   78   21    7.00000    0.00000   100%  78.6 4600s
 9793672 11046 infeasible   81         7.00000    0.00000   100%  78.6 4605s
 9803942 11013 infeasible   80         7.00000    0.00000   100%  78.6 4610s
 9815684 10959    0.00000   70   49    7.00000    0.00000   100%  78.6 4615s
 9827448 10972 infeasible   84         7.00000    0.00000   100%  78.6 4620s
 9839745 11064    0.00000   71   18    7.00000    0.00000   100%  78.6 4625s
 9849432 11147    0.00000   78   28    7.00000    0.00000   100%  78.6 4630s
 9861361 11178 infeasible   73         7.00000    0.00000   100%  78.6 4635s
 9872317 11367 infeasible   83         7.00000    0.00000   100%  78.6 4640s
 9881995 11465    0.00000   83    4    7.00000    0.00000   100%  78.6 4645s
 9894160 11479    0.00000   74    5    7.00000    0.00000   100%  78.6 4650s
 9904497 11493 infeasible   83         7.00000    0.00000   100%  78.6 4655s
 9913876 11472    0.00000   81   32    7.00000    0.00000   100%  78.6 4660s
 9923981 11436    0.00000   81   35    7.00000    0.00000   100%  78.6 4665s
 9935214 11337 infeasible   84         7.00000    0.00000   100%  78.6 4670s
 9945349 11279    0.00000   73   17    7.00000    0.00000   100%  78.6 4675s
 9955093 11207 infeasible   84         7.00000    0.00000   100%  78.6 4680s
 9965607 11179 infeasible   84         7.00000    0.00000   100%  78.6 4685s
 9975060 11203 infeasible   77         7.00000    0.00000   100%  78.7 4690s
 9986015 11287 infeasible   83         7.00000    0.00000   100%  78.7 4695s
 9997073 11308    0.00000   80   23    7.00000    0.00000   100%  78.7 4700s
 10006673 11182    0.00000   79   27    7.00000    0.00000   100%  78.7 4705s
 10017613 11630    0.00000   85   21    7.00000    0.00000   100%  78.7 4710s
 10027196 11904    0.00000   65   19    7.00000    0.00000   100%  78.7 4715s
 10035837 12119    0.00000   67   17    7.00000    0.00000   100%  78.7 4720s
 10045778 12296    0.00000   76   14    7.00000    0.00000   100%  78.7 4725s
 10055060 12199 infeasible   70         7.00000    0.00000   100%  78.7 4730s
 10064923 12119    0.00000   74    9    7.00000    0.00000   100%  78.7 4735s
 10075480 12013    0.00000   60   62    7.00000    0.00000   100%  78.8 4740s
 10082980 12179 infeasible   83         7.00000    0.00000   100%  78.8 4745s
 10092416 12175    0.00000   84    5    7.00000    0.00000   100%  78.8 4750s
 10100620 12123 infeasible   74         7.00000    0.00000   100%  78.8 4755s
 10111007 11885 infeasible   74         7.00000    0.00000   100%  78.8 4760s
 10119441 11807 infeasible   74         7.00000    0.00000   100%  78.8 4765s
 10129297 11803    0.00000   64    5    7.00000    0.00000   100%  78.8 4770s
 10138285 11768 infeasible   78         7.00000    0.00000   100%  78.9 4775s
 10147130 11733 infeasible   73         7.00000    0.00000   100%  78.9 4780s
 10158264 11758    0.00000   80   27    7.00000    0.00000   100%  78.9 4785s
 10165116 11538 infeasible   74         7.00000    0.00000   100%  78.9 4790s
 10176421 11628    0.00000   72   37    7.00000    0.00000   100%  78.9 4795s
 10184991 11902    0.00000   76   25    7.00000    0.00000   100%  78.9 4800s
 10194962 12183    0.00000   73    4    7.00000    0.00000   100%  78.9 4805s
 10204839 12510 infeasible   71         7.00000    0.00000   100%  78.9 4810s
 10215981 12514    0.00000   77   29    7.00000    0.00000   100%  79.0 4815s
 10225044 12530    0.00000   75   27    7.00000    0.00000   100%  79.0 4820s
 10233684 12441    0.00000   84    5    7.00000    0.00000   100%  79.0 4825s
 10242552 12315 infeasible   73         7.00000    0.00000   100%  79.0 4830s
 10253556 12340    0.00000   82   34    7.00000    0.00000   100%  79.0 4835s
 10263276 12236    0.00000   70   29    7.00000    0.00000   100%  79.0 4840s
 10272811 12210    0.00000   72   26    7.00000    0.00000   100%  79.0 4845s
 10282729 12222 infeasible   75         7.00000    0.00000   100%  79.0 4850s
 10292587 12129    0.00000   72   37    7.00000    0.00000   100%  79.1 4855s
 10301081 12083    0.00000   74   24    7.00000    0.00000   100%  79.1 4860s
 10311291 11938 infeasible   71         7.00000    0.00000   100%  79.1 4865s
 10320104 11943 infeasible   72         7.00000    0.00000   100%  79.1 4870s
 10329195 11835 infeasible   77         7.00000    0.00000   100%  79.1 4875s
 10338075 11842    0.00000   72   32    7.00000    0.00000   100%  79.1 4880s
 10343246 11658    0.00000   73    9    7.00000    0.00000   100%  79.1 4886s
 10358095 11779 infeasible   76         7.00000    0.00000   100%  79.2 4890s
 10368192 11793    0.00000   63    6    7.00000    0.00000   100%  79.2 4895s
 10377270 11827 infeasible   79         7.00000    0.00000   100%  79.2 4900s
 10386570 11857 infeasible   74         7.00000    0.00000   100%  79.2 4905s
 10396235 11860    0.00000   77   22    7.00000    0.00000   100%  79.2 4910s
 10407239 11739    0.00000   71   37    7.00000    0.00000   100%  79.2 4915s
 10417417 11759 infeasible   77         7.00000    0.00000   100%  79.2 4920s
 10427887 11746 infeasible   80         7.00000    0.00000   100%  79.2 4925s
 10437373 11692    0.00000   73    6    7.00000    0.00000   100%  79.2 4930s
 10447670 11689    0.00000   74   10    7.00000    0.00000   100%  79.3 4935s
 10458402 11582 infeasible   74         7.00000    0.00000   100%  79.3 4940s
 10467186 11518    0.00000   76   10    7.00000    0.00000   100%  79.3 4945s
 10476265 11617    0.00000   74    5    7.00000    0.00000   100%  79.3 4950s
 10485150 11554 infeasible   81         7.00000    0.00000   100%  79.3 4955s
 10493395 11595    0.00000   74    6    7.00000    0.00000   100%  79.3 4960s
 10502939 11466 infeasible   83         7.00000    0.00000   100%  79.3 4965s
 10510081 11433    0.00000   82   18    7.00000    0.00000   100%  79.4 4972s
 10522040 11382 infeasible   82         7.00000    0.00000   100%  79.4 4975s
 10532001 11320    0.00000   73    5    7.00000    0.00000   100%  79.4 4980s
 10540470 11531    0.00000   81   32    7.00000    0.00000   100%  79.4 4985s
 10549214 11757    0.00000   67   20    7.00000    0.00000   100%  79.4 4990s
 10558616 11735 infeasible   74         7.00000    0.00000   100%  79.4 4995s
 10567779 11663    0.00000   74    9    7.00000    0.00000   100%  79.5 5000s
 10577535 11549 infeasible   74         7.00000    0.00000   100%  79.5 5005s
 10585684 11538    0.00000   74    9    7.00000    0.00000   100%  79.5 5010s
 10596358 11405    0.00000   67   24    7.00000    0.00000   100%  79.5 5015s
 10605136 11430    0.00000   77   38    7.00000    0.00000   100%  79.5 5020s
 10614226 11490    0.00000   74   23    7.00000    0.00000   100%  79.5 5025s
 10623743 11468 infeasible   78         7.00000    0.00000   100%  79.5 5030s
 10633980 11351 infeasible   82         7.00000    0.00000   100%  79.5 5035s
 10644943 11226 infeasible   82         7.00000    0.00000   100%  79.6 5040s
 10655703 11410 infeasible   70         7.00000    0.00000   100%  79.6 5045s
 10665335 11538 infeasible   84         7.00000    0.00000   100%  79.6 5050s
 10675843 11715    0.00000   69   33    7.00000    0.00000   100%  79.6 5055s
 10686669 11959    0.00000   77   20    7.00000    0.00000   100%  79.6 5060s
 10696639 11990 infeasible   72         7.00000    0.00000   100%  79.6 5065s
 10708766 11917 infeasible   73         7.00000    0.00000   100%  79.6 5070s
 10718884 11787 infeasible   76         7.00000    0.00000   100%  79.6 5075s
 10728190 11667    0.00000   75    6    7.00000    0.00000   100%  79.6 5080s
 10738362 11529    0.00000   74   25    7.00000    0.00000   100%  79.6 5085s
 10747337 11530 infeasible   80         7.00000    0.00000   100%  79.6 5090s
 10756533 11442 infeasible   73         7.00000    0.00000   100%  79.6 5095s
 10766887 11379 infeasible   79         7.00000    0.00000   100%  79.6 5100s
 10777055 11319    0.00000   72   25    7.00000    0.00000   100%  79.7 5105s
 10787836 11216    0.00000   75   10    7.00000    0.00000   100%  79.7 5110s
 10791289 11157 infeasible   75         7.00000    0.00000   100%  79.7 5115s
 10808274 11102    0.00000   74    5    7.00000    0.00000   100%  79.7 5120s
 10819172 11077    0.00000   79   28    7.00000    0.00000   100%  79.7 5125s
 10828856 11122    0.00000   73   13    7.00000    0.00000   100%  79.7 5130s
 10840787 11010 infeasible   83         7.00000    0.00000   100%  79.7 5135s
H10843026 10979                       6.9999990    0.00000   100%  79.7 5136s
 10850732 11043    0.00000   74    7    7.00000    0.00000   100%  79.7 5140s
 10862776 11044 infeasible   83         7.00000    0.00000   100%  79.7 5145s
 10873765 11021    0.00000   86   28    7.00000    0.00000   100%  79.7 5150s
H10877985 10989                       6.9999990    0.00000   100%  79.7 5152s
 10883983 11129    0.00000   81   26    7.00000    0.00000   100%  79.7 5155s
 10895741 11490    0.00000   76   39    7.00000    0.00000   100%  79.7 5160s
 10908560 11727 infeasible   74         7.00000    0.00000   100%  79.7 5165s
 10920447 11957 infeasible   81         7.00000    0.00000   100%  79.6 5170s
 10930862 12035    0.00000   83    6    7.00000    0.00000   100%  79.6 5175s
 10943938 12201    0.00000   85   18    7.00000    0.00000   100%  79.6 5180s
 10955235 12232 infeasible   72         7.00000    0.00000   100%  79.6 5185s
 10965959 12113 infeasible   82         7.00000    0.00000   100%  79.6 5190s
 10977297 12039 infeasible   80         7.00000    0.00000   100%  79.6 5195s
 10988936 12111    0.00000   70   27    7.00000    0.00000   100%  79.6 5200s
 11000459 12229 infeasible   78         7.00000    0.00000   100%  79.6 5205s
 11011610 12219 infeasible   70         7.00000    0.00000   100%  79.6 5210s
 11023280 12024    0.00000   74    4    7.00000    0.00000   100%  79.6 5215s
 11028790 11894    0.00000   83   21    7.00000    0.00000   100%  79.6 5221s
 11043204 11956 infeasible   82         7.00000    0.00000   100%  79.6 5225s
 11055435 12055    0.00000   71   30    7.00000    0.00000   100%  79.6 5230s
 11064775 11907 infeasible   82         7.00000    0.00000   100%  79.6 5235s
 11075757 12037 infeasible   84         7.00000    0.00000   100%  79.6 5240s
 11085724 12346 infeasible   72         7.00000    0.00000   100%  79.6 5245s
 11097458 12751 infeasible   73         7.00000    0.00000   100%  79.7 5250s
 11107070 12849 infeasible   72         7.00000    0.00000   100%  79.7 5255s
 11117892 12857    0.00000   75   14    7.00000    0.00000   100%  79.7 5260s
 11130441 12751    0.00000   72   25    7.00000    0.00000   100%  79.6 5265s
 11140890 12610 infeasible   84         7.00000    0.00000   100%  79.7 5270s
 11151740 12526 infeasible   76         7.00000    0.00000   100%  79.7 5275s
 11161740 12575    0.00000   57   39    7.00000    0.00000   100%  79.7 5280s
 11174460 12600    0.00000   73    5    7.00000    0.00000   100%  79.7 5285s
 11185420 12452    0.00000   70   35    7.00000    0.00000   100%  79.7 5290s
 11196956 12555    0.00000   71   40    7.00000    0.00000   100%  79.7 5295s
 11207452 12620    0.00000   63    5    7.00000    0.00000   100%  79.7 5300s
 11216718 12579    0.00000   70   30    7.00000    0.00000   100%  79.7 5305s
 11228651 12535    0.00000   71   28    7.00000    0.00000   100%  79.7 5310s
 11238247 12461    0.00000   80   12    7.00000    0.00000   100%  79.7 5315s
 11247400 12380    0.00000   72   36    7.00000    0.00000   100%  79.7 5320s
 11258924 12337 infeasible   74         7.00000    0.00000   100%  79.7 5325s
 11268473 12544 infeasible   74         7.00000    0.00000   100%  79.7 5330s
 11278814 12475 infeasible   73         7.00000    0.00000   100%  79.7 5335s
H11281633 12461                       6.9999933    0.00000   100%  79.7 5336s
H11286237 12404                       6.9999933    0.00000   100%  79.7 5338s
 11288462 12359    0.00000   84   27    6.99999    0.00000   100%  79.7 5340s
 11298729 12336    0.00000   81   33    6.99999    0.00000   100%  79.7 5345s
 11309889 12371    0.00000   68   31    6.99999    0.00000   100%  79.7 5350s
 11319819 12258    0.00000   73   10    6.99999    0.00000   100%  79.7 5355s
 11330358 12294    0.00000   74    5    6.99999    0.00000   100%  79.7 5360s
 11340814 12122    0.00000   74    6    6.99999    0.00000   100%  79.7 5365s
 11351348 12185    0.00000   74   10    6.99999    0.00000   100%  79.7 5370s
 11361433 12191 infeasible   82         6.99999    0.00000   100%  79.8 5375s
 11372304 12422    0.00000   74    4    6.99999    0.00000   100%  79.8 5380s
 11381908 12641 infeasible   73         6.99999    0.00000   100%  79.8 5385s
 11394069 12679    0.00000   63    3    6.99999    0.00000   100%  79.8 5390s
 11403697 12644 infeasible   74         6.99999    0.00000   100%  79.8 5395s
 11414318 12651    0.00000   72   16    6.99999    0.00000   100%  79.8 5400s
 11426205 12543    0.00000   72   47    6.99999    0.00000   100%  79.8 5405s
 11435903 12594    0.00000   68   25    6.99999    0.00000   100%  79.8 5410s
 11448363 12488    0.00000   76   19    6.99999    0.00000   100%  79.8 5415s
 11458023 12540    0.00000   74    8    6.99999    0.00000   100%  79.8 5420s
 11468349 12517    0.00000   72   35    6.99999    0.00000   100%  79.8 5425s
 11478092 12386 infeasible   84         6.99999    0.00000   100%  79.8 5430s
 11487660 12285    0.00000   84   12    6.99999    0.00000   100%  79.8 5435s
 11498127 12216 infeasible   75         6.99999    0.00000   100%  79.9 5440s
 11509558 12085 infeasible   83         6.99999    0.00000   100%  79.9 5445s
 11520346 12133    0.00000   74   22    6.99999    0.00000   100%  79.9 5450s
 11530766 12041 infeasible   84         6.99999    0.00000   100%  79.9 5455s
 11542351 12371 infeasible   69         6.99999    0.00000   100%  79.9 5460s
 11544222 12408 infeasible   74         6.99999    0.00000   100%  79.9 5465s
 11561078 12414    0.00000   74   28    6.99999    0.00000   100%  79.9 5470s
 11572636 12414 infeasible   74         6.99999    0.00000   100%  79.9 5475s
 11583985 12362 infeasible   70         6.99999    0.00000   100%  79.9 5480s
 11594269 12262 infeasible   74         6.99999    0.00000   100%  79.9 5485s
 11603788 12282    0.00000   70   48    6.99999    0.00000   100%  79.9 5490s
 11616027 12273 infeasible   77         6.99999    0.00000   100%  79.9 5495s
 11624226 12241    0.00000   74   12    6.99999    0.00000   100%  79.9 5500s
 11635639 12221 infeasible   73         6.99999    0.00000   100%  79.9 5505s
 11645857 12237    0.00000   70   31    6.99999    0.00000   100%  79.9 5510s
 11656680 12110    0.00000   74    5    6.99999    0.00000   100%  79.9 5515s
 11666189 12000    0.00000   74   15    6.99999    0.00000   100%  79.9 5520s
 11676976 11828 infeasible   73         6.99999    0.00000   100%  79.9 5525s
 11687796 11902 infeasible   68         6.99999    0.00000   100%  79.9 5530s
 11698835 12049 infeasible   74         6.99999    0.00000   100%  79.9 5535s
 11711015 12054 infeasible   79         6.99999    0.00000   100%  79.9 5540s
 11721457 12233    0.00000   68   29    6.99999    0.00000   100%  79.9 5545s
 11733000 12114 infeasible   76         6.99999    0.00000   100%  79.9 5550s
 11743478 12110 infeasible   75         6.99999    0.00000   100%  79.9 5555s
 11753289 12049    0.00000   73    6    6.99999    0.00000   100%  79.9 5560s
 11763544 11982 infeasible   73         6.99999    0.00000   100%  79.9 5565s
 11774565 12130    0.00000   65   14    6.99999    0.00000   100%  79.9 5570s
 11785937 12367 infeasible   77         6.99999    0.00000   100%  79.9 5575s
 11795011 12435 infeasible   73         6.99999    0.00000   100%  80.0 5580s
 11804893 12377    0.00000   60   37    6.99999    0.00000   100%  80.0 5585s
 11813268 12242 infeasible   72         6.99999    0.00000   100%  80.0 5590s
 11824980 12246    0.00000   71   22    6.99999    0.00000   100%  80.0 5595s
 11834694 12131 infeasible   74         6.99999    0.00000   100%  80.0 5600s
 11845106 12134    0.00000   64   16    6.99999    0.00000   100%  80.0 5605s
 11856858 12028 infeasible   75         6.99999    0.00000   100%  80.0 5610s
 11868584 11897    0.00000   72   31    6.99999    0.00000   100%  80.0 5615s
H11869828 11909                       6.9999932    0.00000   100%  80.0 5615s
 11878884 11937    0.00000   77   26    6.99999    0.00000   100%  80.0 5620s
 11887472 12094 infeasible   70         6.99999    0.00000   100%  80.0 5625s
 11900090 11918 infeasible   74         6.99999    0.00000   100%  80.0 5630s
 11910373 11860 infeasible   65         6.99999    0.00000   100%  80.0 5635s
 11923786 11757 infeasible   74         6.99999    0.00000   100%  80.0 5640s
 11933446 11779    0.00000   73    5    6.99999    0.00000   100%  80.0 5645s
 11944892 11824    0.00000   81   32    6.99999    0.00000   100%  80.0 5650s
 11956560 12039 infeasible   74         6.99999    0.00000   100%  80.0 5655s
 11966466 12153    0.00000   86   22    6.99999    0.00000   100%  80.0 5660s
 11978473 12012    0.00000   69   23    6.99999    0.00000   100%  80.0 5665s
 11991073 12026    0.00000   73    4    6.99999    0.00000   100%  80.0 5670s
 12002195 11884    0.00000   75   36    6.99999    0.00000   100%  80.0 5675s
 12013777 11841    0.00000   64   12    6.99999    0.00000   100%  80.0 5680s
 12024240 11719    0.00000   72   32    6.99999    0.00000   100%  80.0 5685s
 12036125 11745 infeasible   79         6.99999    0.00000   100%  80.0 5690s
 12045827 11673    0.00000   77   35    6.99999    0.00000   100%  80.0 5695s
 12056761 11669 infeasible   78         6.99999    0.00000   100%  80.0 5700s
 12069166 11845 infeasible   83         6.99999    0.00000   100%  80.0 5705s
 12080649 11782 infeasible   84         6.99999    0.00000   100%  80.0 5710s
 12092449 11668 infeasible   81         6.99999    0.00000   100%  80.0 5715s
 12103899 11609 infeasible   80         6.99999    0.00000   100%  80.0 5720s
 12115670 11659 infeasible   86         6.99999    0.00000   100%  80.0 5725s
 12125300 11744    0.00000   68   19    6.99999    0.00000   100%  80.0 5730s
 12136917 11803    0.00000   75   27    6.99999    0.00000   100%  80.0 5735s
 12149177 11631 infeasible   77         6.99999    0.00000   100%  80.0 5740s
 12161325 11583 infeasible   74         6.99999    0.00000   100%  80.0 5745s
 12173125 11803 infeasible   74         6.99999    0.00000   100%  80.0 5750s
 12182095 11901    0.00000   73    7    6.99999    0.00000   100%  80.0 5755s
 12193633 11840 infeasible   74         6.99999    0.00000   100%  80.0 5760s
 12204014 12058 infeasible   71         6.99999    0.00000   100%  80.0 5765s
 12210347 12274    0.00000   72   31    6.99999    0.00000   100%  80.0 5771s
 12222774 12506 infeasible   75         6.99999    0.00000   100%  80.0 5775s
 12233027 12605    0.00000   74    9    6.99999    0.00000   100%  80.0 5780s
 12242024 12644    0.00000   84   13    6.99999    0.00000   100%  80.0 5785s
 12253790 12622    0.00000   74   11    6.99999    0.00000   100%  80.0 5790s
 12265158 12537 infeasible   77         6.99999    0.00000   100%  80.0 5795s
 12275362 12448    0.00000   75   28    6.99999    0.00000   100%  80.0 5800s
 12286611 12316    0.00000   72   41    6.99999    0.00000   100%  80.0 5805s
 12296223 12216 infeasible   74         6.99999    0.00000   100%  80.0 5810s
 12305915 12294    0.00000   66   13    6.99999    0.00000   100%  80.0 5815s
 12316060 12355    0.00000   74   20    6.99999    0.00000   100%  80.0 5820s
 12326662 12314    0.00000   84   10    6.99999    0.00000   100%  80.0 5825s
 12337719 12264    0.00000   82   31    6.99999    0.00000   100%  80.0 5830s
 12347713 12171    0.00000   81   22    6.99999    0.00000   100%  80.0 5835s
 12358469 12152 infeasible   83         6.99999    0.00000   100%  80.0 5840s
 12369347 12137 infeasible   83         6.99999    0.00000   100%  80.1 5845s
 12378836 12081    0.00000   78   32    6.99999    0.00000   100%  80.1 5850s
 12388684 12261 infeasible   74         6.99999    0.00000   100%  80.1 5855s
 12399432 12283    0.00000   76   26    6.99999    0.00000   100%  80.1 5860s
 12410032 12190    0.00000   79   23    6.99999    0.00000   100%  80.1 5865s
 12419635 12054 infeasible   83         6.99999    0.00000   100%  80.1 5870s
 12430593 11986    0.00000   74   15    6.99999    0.00000   100%  80.1 5875s
 12440805 12106 infeasible   76         6.99999    0.00000   100%  80.1 5880s
 12449389 12101 infeasible   76         6.99999    0.00000   100%  80.1 5885s
 12460978 12098 infeasible   74         6.99999    0.00000   100%  80.1 5890s
 12470772 11999 infeasible   84         6.99999    0.00000   100%  80.1 5895s
 12479976 11853    0.00000   70   29    6.99999    0.00000   100%  80.1 5900s
 12489941 11781 infeasible   73         6.99999    0.00000   100%  80.1 5905s
 12499795 11816 infeasible   74         6.99999    0.00000   100%  80.1 5910s
 12511169 11726    0.00000   72   17    6.99999    0.00000   100%  80.1 5915s
 12521382 11686    0.00000   73    5    6.99999    0.00000   100%  80.2 5920s
 12532688 11659    0.00000   72   26    6.99999    0.00000   100%  80.2 5925s
 12544558 11766    0.00000   73    6    6.99999    0.00000   100%  80.1 5930s
 12554959 11851 infeasible   72         6.99999    0.00000   100%  80.1 5935s
 12566756 11671 infeasible   81         6.99999    0.00000   100%  80.1 5942s
 12578026 11761 infeasible   83         6.99999    0.00000   100%  80.1 5945s
 12589442 11707 infeasible   74         6.99999    0.00000   100%  80.1 5950s
 12601585 11721    0.00000   74   18    6.99999    0.00000   100%  80.1 5955s
 12613507 11957    0.00000   74    5    6.99999    0.00000   100%  80.1 5960s
 12625178 12053    0.00000   73    6    6.99999    0.00000   100%  80.1 5965s
 12635709 12496 infeasible   80         6.99999    0.00000   100%  80.1 5970s
 12646675 13493 infeasible   74         6.99999    0.00000   100%  80.1 5975s
 12656770 14160 infeasible   81         6.99999    0.00000   100%  80.1 5980s
 12665881 14411 infeasible   73         6.99999    0.00000   100%  80.2 5985s
 12676116 14464    0.00000   78   36    6.99999    0.00000   100%  80.2 5990s
 12685357 14555 infeasible   87         6.99999    0.00000   100%  80.2 5995s
 12694108 14560    0.00000   83    4    6.99999    0.00000   100%  80.2 6000s
 12703376 14472    0.00000   82   34    6.99999    0.00000   100%  80.2 6005s
 12711685 14361    0.00000   83    6    6.99999    0.00000   100%  80.2 6010s
 12720922 14207    0.00000   83    6    6.99999    0.00000   100%  80.2 6015s
 12730264 14188 infeasible   88         6.99999    0.00000   100%  80.2 6020s
 12739737 13992    0.00000   87   35    6.99999    0.00000   100%  80.2 6028s
 12749357 14106    0.00000   80   48    6.99999    0.00000   100%  80.3 6030s
 12757440 14290    0.00000   83    5    6.99999    0.00000   100%  80.3 6035s
 12768805 14453    0.00000   74    6    6.99999    0.00000   100%  80.3 6040s
 12778100 14504    0.00000   75   17    6.99999    0.00000   100%  80.3 6045s
 12788746 14550 infeasible   83         6.99999    0.00000   100%  80.3 6050s
 12796823 14634    0.00000   76   17    6.99999    0.00000   100%  80.3 6055s
 12806405 14678    0.00000   76   26    6.99999    0.00000   100%  80.3 6060s
 12815297 14607 infeasible   83         6.99999    0.00000   100%  80.3 6065s
 12823998 14492 infeasible   83         6.99999    0.00000   100%  80.3 6070s
 12834231 14306    0.00000   83    7    6.99999    0.00000   100%  80.3 6075s
 12843243 14382    0.00000   80   22    6.99999    0.00000   100%  80.3 6080s
 12851384 14605    0.00000   74   14    6.99999    0.00000   100%  80.4 6085s
 12862267 14888 infeasible   84         6.99999    0.00000   100%  80.4 6090s
 12873336 15140    0.00000   70   36    6.99999    0.00000   100%  80.4 6095s
 12883318 15050    0.00000   78   33    6.99999    0.00000   100%  80.4 6100s
 12894800 14979    0.00000   84   19    6.99999    0.00000   100%  80.4 6105s
 12904678 14876    0.00000   83    6    6.99999    0.00000   100%  80.4 6110s
 12913689 14764    0.00000   84   17    6.99999    0.00000   100%  80.4 6115s
 12923997 14813 infeasible   83         6.99999    0.00000   100%  80.4 6120s
 12934645 14793 infeasible   74         6.99999    0.00000   100%  80.4 6125s
 12943769 14775 infeasible   83         6.99999    0.00000   100%  80.4 6130s
 12955678 14756 infeasible   75         6.99999    0.00000   100%  80.4 6135s
 12965412 14773    0.00000   70   38    6.99999    0.00000   100%  80.4 6140s
 12976213 14839 infeasible   84         6.99999    0.00000   100%  80.4 6145s
 12989022 15152    0.00000   84    8    6.99999    0.00000   100%  80.4 6150s
 13006740 15222    0.00000   74    5    6.99999    0.00000   100%  80.4 6155s
 13021348 15086 infeasible   84         6.99999    0.00000   100%  80.3 6160s
 13035437 14913 infeasible   84         6.99999    0.00000   100%  80.3 6165s
 13049843 14870 infeasible   77         6.99999    0.00000   100%  80.3 6170s
 13067292 14854 infeasible   82         6.99999    0.00000   100%  80.2 6175s
 13084292 14793    0.00000   74    8    6.99999    0.00000   100%  80.2 6180s
 13098183 14794 infeasible   77         6.99999    0.00000   100%  80.2 6185s
 13113683 14788    0.00000   83   10    6.99999    0.00000   100%  80.2 6190s
 13123984 15061 infeasible   82         6.99999    0.00000   100%  80.1 6195s
 13134993 15090    0.00000   84    8    6.99999    0.00000   100%  80.2 6200s
 13145247 15067    0.00000   79   18    6.99999    0.00000   100%  80.2 6205s
 13154345 14982    0.00000   74   10    6.99999    0.00000   100%  80.2 6210s
 13164067 14960    0.00000   87   21    6.99999    0.00000   100%  80.2 6215s
 13173530 14900 infeasible   86         6.99999    0.00000   100%  80.2 6220s
 13184524 14927 infeasible   83         6.99999    0.00000   100%  80.2 6225s
 13195994 14950 infeasible   81         6.99999    0.00000   100%  80.2 6230s
 13207667 14859 infeasible   83         6.99999    0.00000   100%  80.2 6235s
 13218324 14679    0.00000   83   16    6.99999    0.00000   100%  80.2 6240s
 13229806 14585    0.00000   74   19    6.99999    0.00000   100%  80.2 6245s
 13239253 14574 infeasible   79         6.99999    0.00000   100%  80.2 6250s
 13248648 14643    0.00000   83    4    6.99999    0.00000   100%  80.2 6255s
 13259414 14664    0.00000   84    5    6.99999    0.00000   100%  80.2 6260s
 13268166 14689    0.00000   90   33    6.99999    0.00000   100%  80.2 6265s
 13277407 14646    0.00000   83    6    6.99999    0.00000   100%  80.2 6270s
 13287409 14871    0.00000   82   40    6.99999    0.00000   100%  80.2 6275s
 13298008 15137    0.00000   74    5    6.99999    0.00000   100%  80.2 6280s
 13307949 15073    0.00000   74   14    6.99999    0.00000   100%  80.2 6285s
 13320198 15353    0.00000   75   11    6.99999    0.00000   100%  80.2 6290s
 13330719 15458 infeasible   84         6.99999    0.00000   100%  80.2 6295s
 13340964 15360 infeasible   73         6.99999    0.00000   100%  80.2 6300s
 13353411 15259    0.00000   70   32    6.99999    0.00000   100%  80.2 6305s
 13364198 15148 infeasible   74         6.99999    0.00000   100%  80.2 6310s
 13375369 15023    0.00000   75   34    6.99999    0.00000   100%  80.2 6315s
 13386940 14971 infeasible   83         6.99999    0.00000   100%  80.2 6320s
 13396940 14897    0.00000   74   13    6.99999    0.00000   100%  80.2 6325s
 13408061 14872 infeasible   86         6.99999    0.00000   100%  80.2 6330s
 13418138 15067    0.00000   74    9    6.99999    0.00000   100%  80.2 6335s
 13430212 15163    0.00000   75   28    6.99999    0.00000   100%  80.2 6340s
 13440779 15065 infeasible   73         6.99999    0.00000   100%  80.2 6345s
 13452560 15087    0.00000   70   15    6.99999    0.00000   100%  80.2 6350s
 13463148 15036 infeasible   74         6.99999    0.00000   100%  80.2 6355s
 13473701 14950 infeasible   76         6.99999    0.00000   100%  80.2 6360s
 13485673 14880 infeasible   75         6.99999    0.00000   100%  80.2 6365s
 13496686 14811    0.00000   61   29    6.99999    0.00000   100%  80.2 6370s
 13507108 14781    0.00000   72   32    6.99999    0.00000   100%  80.2 6375s
 13516820 14723 infeasible   73         6.99999    0.00000   100%  80.2 6380s
 13527620 14697    0.00000   74    7    6.99999    0.00000   100%  80.2 6385s
 13536918 14599 infeasible   91         6.99999    0.00000   100%  80.2 6390s
 13547603 14736 infeasible   70         6.99999    0.00000   100%  80.2 6395s
 13559099 14695 infeasible   73         6.99999    0.00000   100%  80.2 6400s
 13569524 14593    0.00000   72   40    6.99999    0.00000   100%  80.2 6405s
 13582221 14590    0.00000   74   10    6.99999    0.00000   100%  80.2 6410s
 13592171 14516 infeasible   78         6.99999    0.00000   100%  80.2 6415s
 13602159 14438 infeasible   77         6.99999    0.00000   100%  80.2 6420s
 13612563 14471 infeasible   83         6.99999    0.00000   100%  80.2 6425s
 13621386 14416    0.00000   73    7    6.99999    0.00000   100%  80.2 6430s
 13630847 14378    0.00000   80   48    6.99999    0.00000   100%  80.2 6435s
 13640584 14218 infeasible   84         6.99999    0.00000   100%  80.2 6440s
 13649906 14257 infeasible   82         6.99999    0.00000   100%  80.3 6445s
 13660369 14295 infeasible   84         6.99999    0.00000   100%  80.3 6450s
 13669492 14119 infeasible   87         6.99999    0.00000   100%  80.3 6455s
 13678367 13845    0.00000   86   36    6.99999    0.00000   100%  80.3 6463s
 13688899 14060    0.00000   78   29    6.99999    0.00000   100%  80.3 6465s
 13699489 14410    0.00000   71   30    6.99999    0.00000   100%  80.3 6470s
 13709231 14804    0.00000   74   25    6.99999    0.00000   100%  80.3 6475s
 13718894 14918    0.00000   82   31    6.99999    0.00000   100%  80.3 6480s
 13729317 14980    0.00000   77   24    6.99999    0.00000   100%  80.3 6485s
 13737135 14850 infeasible   74         6.99999    0.00000   100%  80.3 6490s
 13746896 14739    0.00000   83    6    6.99999    0.00000   100%  80.3 6495s
 13757194 14713    0.00000   73    5    6.99999    0.00000   100%  80.3 6500s
 13766335 14685    0.00000   92   31    6.99999    0.00000   100%  80.3 6505s
 13775146 14649    0.00000   84   14    6.99999    0.00000   100%  80.3 6510s
 13785343 14597    0.00000   84    5    6.99999    0.00000   100%  80.3 6515s
 13793692 14606    0.00000   74   15    6.99999    0.00000   100%  80.4 6520s
 13803893 14586    0.00000   79   35    6.99999    0.00000   100%  80.4 6525s
 13812492 14512 infeasible   84         6.99999    0.00000   100%  80.4 6530s
 13821289 14547 infeasible   86         6.99999    0.00000   100%  80.4 6535s
 13832540 14581    0.00000   81   47    6.99999    0.00000   100%  80.4 6540s
 13841879 14663 infeasible   83         6.99999    0.00000   100%  80.4 6545s
 13851821 14556 infeasible   84         6.99999    0.00000   100%  80.4 6550s
 13860732 14492 infeasible   74         6.99999    0.00000   100%  80.4 6555s
 13869497 14340    0.00000   88   22    6.99999    0.00000   100%  80.4 6562s
 13881531 14429    0.00000   83   15    6.99999    0.00000   100%  80.4 6565s
 13891833 14425    0.00000   74   10    6.99999    0.00000   100%  80.4 6570s
 13903367 14446 infeasible   80         6.99999    0.00000   100%  80.4 6575s
 13907579 14351 infeasible   86         6.99999    0.00000   100%  80.4 6580s
 13925233 14245    0.00000   83   17    6.99999    0.00000   100%  80.4 6585s
 13935093 14103 infeasible   84         6.99999    0.00000   100%  80.4 6590s
 13944614 14131    0.00000   75   34    6.99999    0.00000   100%  80.4 6595s
 13954368 14208 infeasible   74         6.99999    0.00000   100%  80.4 6600s
 13965428 14225    0.00000   79   22    6.99999    0.00000   100%  80.4 6605s
 13975160 14424    0.00000   72   35    6.99999    0.00000   100%  80.4 6610s
 13985728 14492 infeasible   80         6.99999    0.00000   100%  80.4 6615s
 13995653 14409    0.00000   73    5    6.99999    0.00000   100%  80.4 6620s
 14005447 14295 infeasible   84         6.99999    0.00000   100%  80.4 6625s
 14015622 14158 infeasible   80         6.99999    0.00000   100%  80.4 6630s
 14025313 13799    0.00000   85    6    6.99999    0.00000   100%  80.4 6638s
 14035565 13867 infeasible   82         6.99999    0.00000   100%  80.4 6640s
 14045812 13886    0.00000   74   12    6.99999    0.00000   100%  80.4 6645s
 14056221 13783 infeasible   77         6.99999    0.00000   100%  80.4 6650s
 14065728 13782    0.00000   76   39    6.99999    0.00000   100%  80.4 6655s
 14078057 13830 infeasible   73         6.99999    0.00000   100%  80.4 6660s
 14088486 13813    0.00000   71   27    6.99999    0.00000   100%  80.5 6665s
 14098083 13827    0.00000   83    6    6.99999    0.00000   100%  80.5 6670s
 14108994 13912    0.00000   80   26    6.99999    0.00000   100%  80.4 6675s
 14119909 13889    0.00000   69   41    6.99999    0.00000   100%  80.5 6681s
 14131424 13961 infeasible   78         6.99999    0.00000   100%  80.4 6685s
 14141551 13771    0.00000   74   20    6.99999    0.00000   100%  80.4 6690s
 14152254 13677    0.00000   83    5    6.99999    0.00000   100%  80.4 6695s
 14163424 13620 infeasible   83         6.99999    0.00000   100%  80.4 6700s
 14172254 13729 infeasible   73         6.99999    0.00000   100%  80.5 6705s
 14181991 14199    0.00000   72   32    6.99999    0.00000   100%  80.5 6710s
 14192273 14590 infeasible   83         6.99999    0.00000   100%  80.5 6715s
 14202849 14682    0.00000   72   37    6.99999    0.00000   100%  80.5 6720s
 14212285 14734    0.00000   82   27    6.99999    0.00000   100%  80.5 6725s
 14221710 14738    0.00000   79   30    6.99999    0.00000   100%  80.5 6730s
 14232259 14838 infeasible   93         6.99999    0.00000   100%  80.5 6735s
 14242713 14720 infeasible   83         6.99999    0.00000   100%  80.5 6740s
 14251881 14664    0.00000   68   23    6.99999    0.00000   100%  80.5 6745s
 14261935 14547 infeasible   74         6.99999    0.00000   100%  80.5 6750s
 14272029 14623    0.00000   85   22    6.99999    0.00000   100%  80.5 6755s
 14282590 14516    0.00000   75   21    6.99999    0.00000   100%  80.5 6760s
 14292359 14507    0.00000   84   16    6.99999    0.00000   100%  80.5 6765s
 14301816 14508    0.00000   85   29    6.99999    0.00000   100%  80.5 6770s
 14313031 14470    0.00000   83   21    6.99999    0.00000   100%  80.5 6775s
 14323616 14438 infeasible   90         6.99999    0.00000   100%  80.5 6780s
 14333063 14431    0.00000   74   17    6.99999    0.00000   100%  80.5 6785s
 14341299 14382 infeasible   76         6.99999    0.00000   100%  80.5 6790s
 14352234 14364 infeasible   82         6.99999    0.00000   100%  80.6 6795s
 14361178 14479    0.00000   72   36    6.99999    0.00000   100%  80.6 6800s
 14370459 14621 infeasible   78         6.99999    0.00000   100%  80.6 6805s
 14379822 14537 infeasible   80         6.99999    0.00000   100%  80.6 6810s
 14389002 14608    0.00000   81   38    6.99999    0.00000   100%  80.6 6815s
 14398128 14555 infeasible   73         6.99999    0.00000   100%  80.6 6820s
 14408110 14405    0.00000   73   12    6.99999    0.00000   100%  80.6 6825s
 14417028 14334 infeasible   73         6.99999    0.00000   100%  80.6 6830s
 14426265 14350 infeasible   84         6.99999    0.00000   100%  80.6 6835s
 14436270 14343    0.00000   82   26    6.99999    0.00000   100%  80.6 6840s
 14446088 14255 infeasible   84         6.99999    0.00000   100%  80.6 6845s
 14456201 14250    0.00000   68   13    6.99999    0.00000   100%  80.7 6850s
 14460654 14090    0.00000   70   30    6.99999    0.00000   100%  80.7 6857s
 14472432 14196 infeasible   84         6.99999    0.00000   100%  80.7 6860s
 14480313 14130    0.00000   69   34    6.99999    0.00000   100%  80.7 6865s
 14491027 14282    0.00000   73    5    6.99999    0.00000   100%  80.7 6870s
 14500421 14326 infeasible   84         6.99999    0.00000   100%  80.7 6875s
 14509858 14392 infeasible   84         6.99999    0.00000   100%  80.7 6880s
 14518878 14390    0.00000   83    7    6.99999    0.00000   100%  80.7 6885s
 14528477 14405    0.00000   83    6    6.99999    0.00000   100%  80.7 6890s
 14539106 14216 infeasible   84         6.99999    0.00000   100%  80.7 6895s
 14542498 14141 infeasible   85         6.99999    0.00000   100%  80.7 6900s
 14556096 14199    0.00000   77   32    6.99999    0.00000   100%  80.8 6905s
 14565188 14210 infeasible   87         6.99999    0.00000   100%  80.8 6910s
 14575643 14339    0.00000   80   24    6.99999    0.00000   100%  80.8 6915s
H14576718 14353                       6.9999928    0.00000   100%  80.8 6915s
H14577563 14350                       6.9999891    0.00000   100%  80.8 6916s
H14577565 14350                       6.9999891    0.00000   100%  80.8 6916s
H14583415 14321                       6.9999883    0.00000   100%  80.8 6919s
H14584620 14329                       6.9999830    0.00000   100%  80.8 6919s
 14584696 14297    0.00000   80   32    6.99998    0.00000   100%  80.8 6920s
H14587768 14248                       6.9999830    0.00000   100%  80.8 6921s
 14594942 14204 infeasible   83         6.99998    0.00000   100%  80.8 6925s
 14604729 14154 infeasible   83         6.99998    0.00000   100%  80.8 6930s
 14614432 14190    0.00000   75   16    6.99998    0.00000   100%  80.8 6935s
 14623980 14063    0.00000   84   17    6.99998    0.00000   100%  80.8 6940s
 14633198 13994    0.00000   69   25    6.99998    0.00000   100%  80.8 6945s
 14644180 14050 infeasible   79         6.99998    0.00000   100%  80.8 6950s
 14652362 13925    0.00000   83    5    6.99998    0.00000   100%  80.8 6955s
 14661131 14054 infeasible   83         6.99998    0.00000   100%  80.8 6960s
 14671191 14025    0.00000   93    4    6.99998    0.00000   100%  80.8 6965s
 14673729 13832 infeasible   84         6.99998    0.00000   100%  80.8 6970s
 14689361 14086    0.00000   72   25    6.99998    0.00000   100%  80.8 6975s
 14699932 14515 infeasible   84         6.99998    0.00000   100%  80.8 6980s
 14711324 15001 infeasible   84         6.99998    0.00000   100%  80.8 6985s
 14721698 15247    0.00000   79   26    6.99998    0.00000   100%  80.8 6990s
 14732582 15271    0.00000   77   35    6.99998    0.00000   100%  80.8 6995s
 14743721 15281 infeasible   80         6.99998    0.00000   100%  80.8 7000s
 14754827 15207 infeasible   84         6.99998    0.00000   100%  80.8 7005s
 14764624 15257    0.00000   73    5    6.99998    0.00000   100%  80.8 7010s
 14775459 15186    0.00000   78   27    6.99998    0.00000   100%  80.8 7015s
 14786991 15233 infeasible   88         6.99998    0.00000   100%  80.8 7020s
 14797607 15062    0.00000   75   15    6.99998    0.00000   100%  80.9 7025s
 14808726 14984    0.00000   84   18    6.99998    0.00000   100%  80.9 7030s
 14818927 14915    0.00000   75    9    6.99998    0.00000   100%  80.9 7035s
 14830346 14890    0.00000   91   14    6.99998    0.00000   100%  80.9 7040s
 14841608 14854    0.00000   83   17    6.99998    0.00000   100%  80.9 7045s
 14851451 14776    0.00000   86   36    6.99998    0.00000   100%  80.9 7050s
 14860697 14745    0.00000   81   29    6.99998    0.00000   100%  80.9 7055s
 14870697 14766 infeasible   79         6.99998    0.00000   100%  80.9 7060s
 14881610 14723 infeasible   82         6.99998    0.00000   100%  80.9 7065s
 14892126 14647 infeasible   88         6.99998    0.00000   100%  80.9 7070s
 14901876 14530 infeasible   65         6.99998    0.00000   100%  80.9 7075s
 14912412 14519    0.00000   82   30    6.99998    0.00000   100%  80.9 7080s
 14922694 14553    0.00000   74   17    6.99998    0.00000   100%  80.9 7085s
 14930569 14431 infeasible   85         6.99998    0.00000   100%  80.9 7090s
 14941068 14578    0.00000   76   20    6.99998    0.00000   100%  80.9 7095s
 14943794 14462 infeasible   84         6.99998    0.00000   100%  80.9 7100s
 14959210 14474 infeasible   74         6.99998    0.00000   100%  80.9 7105s
 14969396 14583 infeasible   72         6.99998    0.00000   100%  80.9 7110s
 14978967 14497    0.00000   80   30    6.99998    0.00000   100%  80.9 7115s
 14989952 14376    0.00000   83    8    6.99998    0.00000   100%  80.9 7120s
 14999616 14415    0.00000   73    6    6.99998    0.00000   100%  80.9 7125s
 15009635 14301    0.00000   71   19    6.99998    0.00000   100%  80.9 7130s
H15015699 14349                       6.9999819    0.00000   100%  80.9 7133s
H15017289 14341                       6.9999735    0.00000   100%  80.9 7134s
 15018392 14360 infeasible   77         6.99997    0.00000   100%  80.9 7135s
H15022544 14370                       6.9999575    0.00000   100%  80.9 7136s
H15025923 14400                       6.9999553    0.00000   100%  80.9 7138s
H15026589 14370                       6.9999318    0.00000   100%  80.9 7139s
 15028587 14419    0.00000   72   19    6.99993    0.00000   100%  80.9 7140s
 15037537 14391 infeasible   73         6.99993    0.00000   100%  80.9 7145s
 15047644 14281    0.00000   84   19    6.99993    0.00000   100%  80.9 7150s
 15057558 14402 infeasible   83         6.99993    0.00000   100%  81.0 7155s
 15067699 14409 infeasible   74         6.99993    0.00000   100%  81.0 7160s
 15077178 14578    0.00000   82   26    6.99993    0.00000   100%  81.0 7165s
 15087316 14755    0.00000   86   23    6.99993    0.00000   100%  81.0 7170s
 15098726 14732 infeasible   73         6.99993    0.00000   100%  81.0 7175s
 15108245 14588    0.00000   74   19    6.99993    0.00000   100%  81.0 7180s
 15119278 14512 infeasible   83         6.99993    0.00000   100%  81.0 7185s
 15128808 14453    0.00000   74    7    6.99993    0.00000   100%  81.0 7190s
 15140773 14487    0.00000   75   21    6.99993    0.00000   100%  81.0 7195s
 15150999 14325 infeasible   84         6.99993    0.00000   100%  81.0 7200s

Cutting planes:
  Learned: 1
  Gomory: 1
  Cover: 1
  Flow cover: 5
  GUB cover: 1
  Relax-and-lift: 1

Explored 15151633 nodes (1226910462 simplex iterations) in 7200.03 seconds (13555.18 work units)
Thread count was 8 (of 192 available processors)

Solution count 10: 6.99993 6.99993 6.99996 ... 6.99999

Time limit reached
Best objective 6.999930022543e+00, best bound 0.000000000000e+00, gap 100.0000%

User-callback calls 33518838, time in user-callback 5.93 sec

AVANT CALCUL DES AUTRES INDICATEURS
Obj_rho = 7
Obj_lambda = 0
Obj_phi = 0
AVANT CALCUL DES AUTRES INDICATEURS
Obj_rho = 7
Obj_lambda = 8
Obj_phi = 0
✅ Solution trouvée (status: TIME_LIMIT)
🎯 Objective global: 6.999930022542811
⏱️ Time used: 7200.04
Nombre de vols satisfaits: 196
Nombre de vols non satisfaits: 0

✈️ Paths for each aircraft:

🛩️ Aircraft N607AS path (32 nodes): s_(u=0, v=0, w=0) ➡️  N607AS_(u=3483, v=30, w=6) ➡️  ANC_SEA_162_428_(u=3657, v=31, w=6) ➡️  SEA_PIT_580_1048_(u=3915, v=32, w=6) ➡️  PIT_SEA_1104_1236_(u=4189, v=33, w=6) ➡️  SEA_SLC_1846_2021_(u=4285, v=34, w=7) ➡️  SLC_SEA_2122_2206_(u=4386, v=35, w=7) ➡️  SEA_SJC_2247_2382_(u=4503, v=36, w=7) ➡️  SJC_SEA_2432_2554_(u=4598, v=37, w=7) ➡️  SEA_PDX_2732_2790_(u=4627, v=38, w=7) ➡️  PDX_SEA_3178_3252_(u=4663, v=39, w=8) ➡️  SEA_LAS_3342_3511_(u=4791, v=40, w=8) ➡️  LAS_SEA_3563_3728_(u=4926, v=41, w=8) ➡️  SEA_ATL_3841_4313_(u=5190, v=42, w=8) ➡️  ATL_SEA_4752_4910_(u=5477, v=43, w=9) ➡️  SEA_RDM_4991_5054_(u=5515, v=44, w=9) ➡️  RDM_SEA_5133_5199_(u=5563, v=45, w=9) ➡️  SEA_ANC_5295_5444_(u=5752, v=46, w=9) ➡️  ANC_JNU_6410_6511_(u=5835, v=47, w=10) ➡️  JNU_PSG_6558_6607_(u=5865, v=48, w=10) ➡️  PSG_WRG_6650_6684_(u=5881, v=49, w=10) ➡️  WRG_KTN_6726_6760_(u=5903, v=50, w=10) ➡️  KTN_SEA_6808_6973_(u=5993, v=51, w=10) ➡️  SEA_SNA_7578_7729_(u=125, v=1, w=1) ➡️  SNA_SEA_7783_7960_(u=285, v=2, w=1) ➡️  SEA_OAK_8006_8114_(u=377, v=3, w=1) ➡️  OAK_SEA_8157_8285_(u=476, v=4, w=1) ➡️  SEA_SMF_8335_8455_(u=551, v=5, w=1) ➡️  SMF_SEA_8490_8613_(u=654, v=6, w=1) ➡️  SEA_SFO_8995_9134_(u=742, v=7, w=2) ➡️  SFO_JAC_9215_9444_(u=891, v=8, w=2) ➡️  JAC_SFO_9493_9582_(u=1003, v=9, w=2) ➡️  SFO_PDX_9628_9744_(u=1099, v=10, w=2) ➡️  PDX_SFO_9826_9943_(u=1174, v=11, w=2) ➡️  t_(u=0, v=0, w=0)

🛩️ Aircraft N585AS path (27 nodes): s_(u=0, v=0, w=0) ➡️  N585AS_(u=0, v=0, w=1) ➡️  ANC_SEA_137_389_(u=173, v=1, w=1) ➡️  SEA_ANC_479_633_(u=366, v=2, w=1) ➡️  ANC_SEA_715_980_(u=547, v=3, w=1) ➡️  SEA_BUR_1045_1181_(u=665, v=4, w=1) ➡️  BUR_SEA_1268_1435_(u=803, v=5, w=1) ➡️  SEA_SJC_1855_1984_(u=913, v=6, w=2) ➡️  SJC_SEA_2047_2171_(u=1010, v=7, w=2) ➡️  SEA_SBA_2265_2429_(u=1141, v=8, w=2) ➡️  SBA_SEA_2482_2633_(u=1257, v=9, w=2) ➡️  SEA_IAH_2838_3229_(u=1489, v=10, w=2) ➡️  IAH_SEA_3299_3463_(u=1733, v=11, w=3) ➡️  SEA_DEN_3550_3770_(u=1869, v=12, w=3) ➡️  DEN_SEA_3827_3928_(u=2008, v=13, w=3) ➡️  SEA_SAN_4005_4151_(u=2129, v=14, w=3) ➡️  SAN_TPA_4795_5235_(u=2362, v=15, w=4) ➡️  TPA_SAN_5307_5449_(u=2650, v=16, w=4) ➡️  SAN_SEA_5512_5695_(u=2804, v=17, w=4) ➡️  SEA_DAL_6207_6549_(u=3003, v=18, w=5) ➡️  DAL_SEA_6619_6766_(u=3253, v=19, w=5) ➡️  SEA_STL_6837_7194_(u=3452, v=20, w=5) ➡️  STL_SEA_7614_7836_(u=3684, v=21, w=6) ➡️  SEA_MCI_7916_8251_(u=3869, v=22, w=6) ➡️  MCI_SEA_8308_8432_(u=4069, v=23, w=6) ➡️  SEA_JNU_8494_8605_(u=4215, v=24, w=6) ➡️  JNU_SEA_9259_9463_(u=4314, v=25, w=7) ➡️  SEA_PHX_9550_9765_(u=4450, v=26, w=7) ➡️  PHX_SEA_9831_9982_(u=4633, v=27, w=7) ➡️  t_(u=0, v=0, w=0)

🛩️ Aircraft N317AS path (27 nodes): s_(u=0, v=0, w=0) ➡️  N317AS_(u=0, v=0, w=1) ➡️  FAI_SEA_201_455_(u=177, v=1, w=1) ➡️  SEA_LAX_528_675_(u=298, v=2, w=1) ➡️  LAX_SEA_743_917_(u=446, v=3, w=1) ➡️  SEA_SFO_990_1113_(u=549, v=4, w=1) ➡️  SFO_SEA_1177_1307_(u=648, v=5, w=1) ➡️  SEA_ORD_1795_2159_(u=858, v=6, w=2) ➡️  ORD_PDX_2215_2349_(u=1093, v=7, w=2) ➡️  PDX_ONT_2434_2569_(u=1215, v=8, w=2) ➡️  ONT_PDX_2628_2754_(u=1326, v=9, w=2) ➡️  PDX_ANC_2866_3034_(u=1529, v=10, w=2) ➡️  ANC_SEA_3168_3438_(u=1711, v=11, w=3) ➡️  SEA_IAD_3504_3971_(u=1976, v=12, w=3) ➡️  IAD_SEA_4030_4189_(u=2285, v=13, w=3) ➡️  SEA_SMF_4248_4369_(u=2366, v=14, w=3) ➡️  SMF_SEA_4703_4832_(u=2465, v=15, w=4) ➡️  SEA_DCA_4891_5368_(u=2736, v=16, w=4) ➡️  DCA_SEA_5437_5593_(u=3051, v=17, w=4) ➡️  SEA_ATL_6289_6758_(u=3317, v=18, w=5) ➡️  ATL_SEA_6839_6970_(u=3608, v=19, w=5) ➡️  SEA_SMF_7089_7200_(u=3694, v=20, w=5) ➡️  SMF_SEA_7553_7682_(u=3790, v=21, w=6) ➡️  SEA_FLL_7746_8300_(u=4110, v=22, w=6) ➡️  FLL_SEA_8359_8570_(u=4469, v=23, w=6) ➡️  SEA_SNA_9008_9175_(u=4580, v=24, w=7) ➡️  SNA_SEA_9239_9448_(u=4765, v=25, w=7) ➡️  SEA_BUR_9508_9638_(u=4872, v=26, w=7) ➡️  BUR_SEA_9709_9913_(u=5034, v=27, w=7) ➡️  t_(u=0, v=0, w=0)

🛩️ Aircraft N587AS path (37 nodes): s_(u=0, v=0, w=0) ➡️  N587AS_(u=0, v=0, w=1) ➡️  JNU_SEA_310_514_(u=116, v=1, w=1) ➡️  SEA_ANC_582_739_(u=310, v=2, w=1) ➡️  ANC_SEA_1062_1344_(u=498, v=3, w=1) ➡️  SEA_ORD_1401_1741_(u=701, v=4, w=1) ➡️  ORD_SEA_1807_1944_(u=929, v=5, w=2) ➡️  SEA_ANC_2030_2168_(u=1105, v=6, w=2) ➡️  ANC_CDV_2249_2310_(u=1142, v=7, w=2) ➡️  CDV_YAK_2357_2404_(u=1180, v=8, w=2) ➡️  YAK_JNU_2447_2500_(u=1214, v=9, w=2) ➡️  JNU_SEA_2569_2776_(u=1331, v=10, w=2) ➡️  SEA_ANC_2874_3028_(u=1524, v=11, w=2) ➡️  ANC_SEA_3102_3363_(u=1698, v=12, w=3) ➡️  SEA_ANC_3462_3616_(u=1886, v=13, w=3) ➡️  ANC_JNU_4064_4188_(u=1979, v=14, w=3) ➡️  JNU_SIT_4227_4276_(u=2002, v=15, w=3) ➡️  SIT_JNU_4672_4708_(u=2025, v=16, w=4) ➡️  JNU_ANC_4773_4879_(u=2113, v=17, w=4) ➡️  ANC_BET_4949_5073_(u=2170, v=18, w=4) ➡️  BET_ANC_5111_5186_(u=2231, v=19, w=4) ➡️  ANC_SEA_5503_5765_(u=2412, v=20, w=4) ➡️  SEA_LAS_6225_6362_(u=2523, v=21, w=5) ➡️  LAS_SEA_6427_6598_(u=2669, v=22, w=5) ➡️  SEA_LAX_6651_6804_(u=2791, v=23, w=5) ➡️  LAX_SEA_6863_7042_(u=2944, v=24, w=5) ➡️  SEA_PDX_7152_7210_(u=2973, v=25, w=5) ➡️  PDX_SEA_7495_7564_(u=3005, v=26, w=6) ➡️  SEA_PHX_7626_7841_(u=3140, v=27, w=6) ➡️  PHX_SEA_7908_8038_(u=3301, v=28, w=6) ➡️  SEA_PHX_8109_8330_(u=3437, v=29, w=6) ➡️  PHX_SEA_8407_8537_(u=3601, v=30, w=6) ➡️  SEA_ORD_8600_8957_(u=3809, v=31, w=6) ➡️  ORD_PDX_9026_9156_(u=4041, v=32, w=7) ➡️  PDX_SEA_9262_9310_(u=4073, v=33, w=7) ➡️  SEA_BOI_9372_9523_(u=4135, v=34, w=7) ➡️  BOI_SEA_9582_9616_(u=4209, v=35, w=7) ➡️  SEA_PHX_9672_9885_(u=4343, v=36, w=7) ➡️  PHX_SEA_9941_10089_(u=4527, v=37, w=7) ➡️  t_(u=0, v=0, w=0)

🛩️ Aircraft N284AK path (24 nodes): s_(u=0, v=0, w=0) ➡️  N284AK_(u=0, v=0, w=1) ➡️  PHX_PDX_356_453_(u=138, v=1, w=1) ➡️  PDX_FLL_541_1050_(u=449, v=2, w=1) ➡️  FLL_SFO_1118_1320_(u=802, v=3, w=1) ➡️  SFO_FLL_1383_1870_(u=1079, v=4, w=1) ➡️  FLL_PDX_2018_2231_(u=1440, v=5, w=2) ➡️  PDX_JFK_2322_2828_(u=1728, v=6, w=2) ➡️  JFK_PSP_3414_3583_(u=2053, v=7, w=3) ➡️  PSP_SEA_3697_3873_(u=2207, v=8, w=3) ➡️  SEA_ONT_3941_4070_(u=2317, v=9, w=3) ➡️  ONT_SEA_4675_4856_(u=2473, v=10, w=4) ➡️  SEA_PIT_4922_5383_(u=2717, v=11, w=4) ➡️  PIT_SEA_5447_5576_(u=3005, v=12, w=4) ➡️  SEA_SMF_5645_5755_(u=3086, v=13, w=4) ➡️  SMF_SEA_6112_6231_(u=3182, v=14, w=5) ➡️  SEA_LIH_6321_6593_(u=3543, v=15, w=5) ➡️  LIH_SEA_6647_7117_(u=3859, v=16, w=5) ➡️  SEA_DFW_7182_7527_(u=4056, v=17, w=5) ➡️  DFW_SEA_7641_7776_(u=4282, v=18, w=6) ➡️  SEA_PHX_8018_8241_(u=4420, v=19, w=6) ➡️  PHX_ANC_8336_8626_(u=4797, v=20, w=6) ➡️  ANC_SEA_8684_8926_(u=4955, v=21, w=7) ➡️  SEA_SAN_9117_9279_(u=5069, v=22, w=7) ➡️  SAN_MCO_9359_9801_(u=5305, v=23, w=7) ➡️  MCO_SEA_9867_10065_(u=5651, v=24, w=7) ➡️  t_(u=0, v=0, w=0)

🛩️ Aircraft N320AS path (26 nodes): s_(u=0, v=0, w=0) ➡️  N320AS_(u=0, v=0, w=1) ➡️  SJC_SEA_364_507_(u=106, v=1, w=1) ➡️  SEA_PHX_570_794_(u=247, v=2, w=1) ➡️  PHX_SEA_857_991_(u=412, v=3, w=1) ➡️  SEA_LAS_1064_1207_(u=522, v=4, w=1) ➡️  LAS_SFO_1317_1401_(u=588, v=5, w=1) ➡️  SFO_ORD_1859_2247_(u=820, v=6, w=2) ➡️  ORD_SFO_2309_2462_(u=1065, v=7, w=2) ➡️  SFO_AUS_2533_2855_(u=1242, v=8, w=2) ➡️  AUS_SFO_3432_3558_(u=1452, v=9, w=3) ➡️  SFO_SEA_3655_3795_(u=1561, v=10, w=3) ➡️  SEA_LAS_3857_4005_(u=1685, v=11, w=3) ➡️  LAS_SEA_4086_4272_(u=1829, v=12, w=3) ➡️  SEA_PHX_4668_4915_(u=1966, v=13, w=4) ➡️  PHX_SEA_4965_5107_(u=2141, v=14, w=4) ➡️  SEA_SAN_5176_5324_(u=2266, v=15, w=4) ➡️  SAN_SEA_5397_5572_(u=2418, v=16, w=4) ➡️  SEA_MSP_6233_6559_(u=2589, v=17, w=5) ➡️  MSP_SEA_6615_6760_(u=2787, v=18, w=5) ➡️  SEA_SNA_6813_6972_(u=2914, v=19, w=5) ➡️  SNA_SEA_7009_7192_(u=3068, v=20, w=5) ➡️  SEA_LIH_7702_8038_(u=3400, v=21, w=6) ➡️  LIH_SEA_8108_8604_(u=3740, v=22, w=6) ➡️  SEA_MSP_9120_9435_(u=3915, v=23, w=7) ➡️  MSP_SEA_9512_9628_(u=4105, v=24, w=7) ➡️  SEA_LIH_9718_9994_(u=4450, v=25, w=7) ➡️  LIH_SAN_10060_10521_(u=4769, v=26, w=7) ➡️  t_(u=0, v=0, w=0)

🛩️ Aircraft N277AK path (23 nodes): s_(u=0, v=0, w=0) ➡️  N277AK_(u=2683, v=23, w=5) ➡️  SEA_FAT_375_503_(u=2796, v=24, w=5) ➡️  FAT_SEA_559_687_(u=2904, v=25, w=5) ➡️  SEA_ANC_799_933_(u=3082, v=26, w=5) ➡️  ANC_SEA_1660_1931_(u=3273, v=27, w=6) ➡️  SEA_IAD_2038_2527_(u=3545, v=28, w=6) ➡️  IAD_SEA_2584_2741_(u=3854, v=29, w=6) ➡️  SEA_ANC_3375_3530_(u=4045, v=30, w=7) ➡️  ANC_SEA_3593_3853_(u=4228, v=31, w=7) ➡️  SEA_PHX_4087_4345_(u=4364, v=32, w=7) ➡️  PHX_SEA_4706_4849_(u=4543, v=33, w=8) ➡️  SEA_CLE_4925_5380_(u=4778, v=34, w=8) ➡️  CLE_SEA_5435_5585_(u=5054, v=35, w=8) ➡️  SEA_SLC_6187_6360_(u=5146, v=36, w=9) ➡️  SLC_SEA_6449_6557_(u=5258, v=37, w=9) ➡️  SEA_PHX_6669_6910_(u=5391, v=38, w=9) ➡️  PHX_SEA_6965_7117_(u=5570, v=39, w=9) ➡️  SEA_DFW_7967_8313_(u=5768, v=40, w=10) ➡️  DFW_SEA_8423_8562_(u=6000, v=41, w=10) ➡️  SEA_PHX_9068_9279_(u=133, v=1, w=1) ➡️  PHX_SEA_9344_9480_(u=302, v=2, w=1) ➡️  SEA_DEN_9579_9790_(u=432, v=3, w=1) ➡️  DEN_SEA_9846_9966_(u=587, v=4, w=1) ➡️  SEA_FAI_10053_10220_(u=791, v=5, w=1) ➡️  t_(u=0, v=0, w=0)

🛠️ Maintenance at node SEA_SNA_7578_7729 by aircraft N607AS | ρ=7; λ=-1; φ=0
🛠️ Maintenance at node SEA_PHX_9068_9279 by aircraft N277AK | ρ=0; λ=9; φ=0

Nombre de maintenances au total: 1.999999988159483
Stations de maintenance utilisées: Any["SEA"]
Nombre de stations de maintenance utilisées: 1
