INSTANCE 196FL_7A_2
PREPROCESSING : false
-----------------------INSTANCE 196FL_7A_2--------------------------
Gurobi 12.0.2 (linux64) logging started Mon Nov 24 12:38:05 2025

Set parameter LogFile to value "RESULTS/A_MTN_2/FH_DY_MEDIAN/result_196FL_7A_2_without_prep.txt"
Set parameter LogToConsole to value 0

Gurobi 12.0.2 (linux64) logging started Mon Nov 24 12:38:08 2025

Set parameter LogFile to value "RESULTS/A_MTN_2/FH_DY_MEDIAN/result_196FL_7A_2_without_prep.txt"
Gurobi Optimizer version 12.0.2 build v12.0.2rc0 (linux64 - "AlmaLinux 9.6 (Sage Margay)")

CPU model: Intel(R) Xeon(R) 6972P, instruction set [SSE2|AVX|AVX2|AVX512]
Thread count: 192 physical cores, 192 logical processors, using up to 8 threads

Non-default parameters:
TimeLimit  7200
LogToConsole  0
Threads  8

Optimize a model with 6153 rows, 1752 columns and 81178 nonzeros
Model fingerprint: 0x0ddb149b
Variable types: 510 continuous, 1242 integer (1142 binary)
Coefficient statistics:
  Matrix range     [1e+00, 6e+03]
  Objective range  [1e+00, 7e+02]
  Bounds range     [1e+01, 6e+03]
  RHS range        [1e+00, 6e+03]
Presolve removed 1987 rows and 651 columns
Presolve time: 0.09s
Presolved: 4166 rows, 1101 columns, 24437 nonzeros
Variable types: 229 continuous, 872 integer (803 binary)

Root relaxation: objective 0.000000e+00, 603 iterations, 0.02 seconds (0.02 work units)

    Nodes    |    Current Node    |     Objective Bounds      |     Work
 Expl Unexpl |  Obj  Depth IntInf | Incumbent    BestBd   Gap | It/Node Time

     0     0    0.00000    0    3          -    0.00000      -     -    0s
H    0     0                    4754.0000000    0.00000   100%     -    0s
H    0     0                    4464.0000000    0.00000   100%     -    0s
H    0     0                    3310.0000000    0.00000   100%     -    0s
H    0     0                    2963.0000000    0.00000   100%     -    0s
     0     0    0.00000    0    7 2963.00000    0.00000   100%     -    0s
     0     0    0.00000    0    7 2963.00000    0.00000   100%     -    0s
H    0     0                     719.0000000    0.00000   100%     -    0s
     0     0    0.00000    0    4  719.00000    0.00000   100%     -    0s
     0     0    0.00000    0    7  719.00000    0.00000   100%     -    0s
     0     0    0.00000    0    7  719.00000    0.00000   100%     -    0s
     0     0    0.00000    0    1  719.00000    0.00000   100%     -    0s
     0     0    0.00000    0    5  719.00000    0.00000   100%     -    0s
     0     0    0.00000    0    5  719.00000    0.00000   100%     -    0s
H    0     0                     718.0000000    0.00000   100%     -    0s
     0     0    0.00000    0    5  718.00000    0.00000   100%     -    0s
     0     2    0.00000    0    5  718.00000    0.00000   100%     -    0s
H  663   537                     713.0000000    0.00000   100%  36.6    1s
H 1415   724                     708.0000000    0.00000   100%  36.7    1s
* 1434   685              48     284.0000000    0.00000   100%  36.6    1s
H 2678   824                     104.0000000    0.00000   100%  35.8    1s
H 2962   885                      36.0000000    0.00000   100%  36.9    2s
  3847  1053 infeasible   38        36.00000    0.00000   100%  41.1    5s
* 5685  1122              74      29.0000000    0.00000   100%  51.8    6s
H 6637  1189                      28.0000000    0.00000   100%  54.1    6s
 12228  2636 infeasible   56        28.00000    0.00000   100%  60.0   10s
H12510  2636                      28.0000000    0.00000   100%  59.9   10s
H13631  2897                      28.0000000    0.00000   100%  59.5   10s
 17712  3043   27.00000   64   32   28.00000    0.00000   100%  62.3   15s
H21883  3229                      28.0000000    0.00000   100%  62.3   16s
H23216  3173                      28.0000000    0.00000   100%  61.7   17s
 32969  4962   13.00000   65   32   28.00000   13.00000  53.6%  56.8   20s
 45316  5652   13.00000   71   40   28.00000   13.00000  53.6%  49.7   26s
 74858  6503   13.00000   90   25   28.00000   13.00000  53.6%  38.7   30s
 113361  6396   13.00000   77   42   28.00000   13.00000  53.6%  32.7   35s
 148721  6175 infeasible   77        28.00000   13.00000  53.6%  30.6   40s
H177872  5877                      28.0000000   13.00000  53.6%  29.5   44s
 179490  5797   13.00000   75   17   28.00000   13.00000  53.6%  29.4   46s
H182490  5797                      27.9999990   13.00000  53.6%  29.3   46s
 211185  5788 infeasible   75        28.00000   13.00000  53.6%  28.5   50s
 245017  6577     cutoff   77        28.00000   13.00000  53.6%  28.1   55s
 280340  6165 infeasible   74        28.00000   13.00000  53.6%  27.8   60s
 313968  6286 infeasible   77        28.00000   13.00000  53.6%  27.7   65s
 347324  5951     cutoff   87        28.00000   13.00000  53.6%  27.6   70s
 381457  5880 infeasible   83        28.00000   13.00000  53.6%  27.5   75s
H394741  5809                      27.9999990   13.00000  53.6%  27.4   77s
 410079  5782   13.00000   82   32   28.00000   13.00000  53.6%  27.3   80s
 442841  5569 infeasible   78        28.00000   13.00000  53.6%  27.3   85s
 474541  5594 infeasible   74        28.00000   13.00000  53.6%  27.6   90s
 510083  5578 infeasible   71        28.00000   13.00000  53.6%  27.5   95s
 548002  5830   13.00000   87   32   28.00000   13.00000  53.6%  27.3  100s
 586574  5655 infeasible   93        28.00000   13.00000  53.6%  27.0  105s
 622237  5463   13.00000   77   44   28.00000   13.00000  53.6%  26.8  110s
 654278  5948 infeasible   77        28.00000   13.00000  53.6%  26.9  115s
 684793  6218   13.00000   72   30   28.00000   13.00000  53.6%  27.1  120s
 713699  6113   13.00000   77   35   28.00000   13.00000  53.6%  27.3  125s
 744969  5770   13.00000   74   36   28.00000   13.00000  53.6%  27.5  130s
 774457  5528 infeasible   72        28.00000   13.00000  53.6%  27.6  135s
 805089  5442   13.00000   73   38   28.00000   13.00000  53.6%  27.7  140s
 837086  5345   13.00000   84   28   28.00000   13.00000  53.6%  27.8  145s
 867225  5372   13.00000   79   54   28.00000   13.00000  53.6%  27.8  150s
 900167  5464   13.00000   81   23   28.00000   13.00000  53.6%  27.8  155s
 932185  5177   13.00000   71   38   28.00000   13.00000  53.6%  27.8  160s
 965999  5687 infeasible   75        28.00000   13.00000  53.6%  27.9  165s
 1005053  5979   13.00000   67   28   28.00000   13.00000  53.6%  27.6  170s
 1045578  5728   13.00000   85   26   28.00000   13.00000  53.6%  27.4  175s
 1084806  5677   13.00000   74   36   28.00000   13.00000  53.6%  27.1  180s
 1124896  5588   13.00000   87   23   28.00000   13.00000  53.6%  26.9  185s
 1160182  5439 infeasible   70        28.00000   13.00000  53.6%  26.9  190s
 1198836  6481 infeasible   90        28.00000   13.00000  53.6%  26.7  195s
 1238267  6408   13.00000   85   43   28.00000   13.00000  53.6%  26.5  200s
 1278597  6269     cutoff   91        28.00000   13.00000  53.6%  26.3  205s
 1312682  6320   13.00000   84   35   28.00000   13.00000  53.6%  26.2  210s
 1351967  6193   13.00000   89   20   28.00000   13.00000  53.6%  26.0  215s
 1394722  5916     cutoff   93        28.00000   13.00000  53.6%  25.8  220s
 1433081  5836 infeasible   78        28.00000   13.00000  53.6%  25.7  225s
 1469098  5616   13.00000   79   34   28.00000   13.00000  53.6%  25.7  230s
 1508003  5823   13.00000   94   19   28.00000   13.00000  53.6%  25.6  235s
 1545231  5403 infeasible   71        28.00000   13.00000  53.6%  25.5  240s
 1585005  5251 infeasible   70        28.00000   13.00000  53.6%  25.5  245s
 1627911  5272     cutoff   93        28.00000   13.00000  53.6%  25.3  250s
 1668073  5118   13.00000   91   23   28.00000   13.00000  53.6%  25.3  255s
 1700717  5407   13.00000   68   38   28.00000   13.00000  53.6%  25.4  260s
 1731598  5517 infeasible   79        28.00000   13.00000  53.6%  25.5  265s
 1762516  5253   13.00000   81   29   28.00000   13.00000  53.6%  25.7  270s
 1792557  5106 infeasible   74        28.00000   13.00000  53.6%  25.8  275s
 1822663  5095   13.00000   73   42   28.00000   13.00000  53.6%  25.9  280s
 1849177  5218   13.00000   71   23   28.00000   13.00000  53.6%  26.0  285s
 1882116  5137 infeasible   67        28.00000   13.00000  53.6%  26.1  290s
 1914673  5553 infeasible   70        28.00000   13.00000  53.6%  26.2  295s
 1944577  5828 infeasible   88        28.00000   13.00000  53.6%  26.3  300s
 1974736  5689   13.00000   87   35   28.00000   13.00000  53.6%  26.4  305s
 2008540  5657     cutoff   86        28.00000   13.00000  53.6%  26.5  310s
 2045559  5410   13.00000   71   34   28.00000   13.00000  53.6%  26.5  315s
 2080141  5161   13.00000   82   29   28.00000   13.00000  53.6%  26.6  320s
 2109942  5108   13.00000   77   40   28.00000   13.00000  53.6%  26.7  325s
 2142096  5283   13.00000   60   49   28.00000   13.00000  53.6%  26.7  330s
 2175854  6188   13.00000   89   32   28.00000   13.00000  53.6%  26.7  335s
 2211550  5967 infeasible   92        28.00000   13.00000  53.6%  26.7  340s
 2247845  5793   13.00000   83   26   28.00000   13.00000  53.6%  26.6  345s
 2286147  5758 infeasible   76        28.00000   13.00000  53.6%  26.5  350s
 2321773  5696   13.00000   81   34   28.00000   13.00000  53.6%  26.5  355s
 2361112  5581     cutoff   79        28.00000   13.00000  53.6%  26.4  360s
 2397898  5544   13.00000   73   32   28.00000   13.00000  53.6%  26.5  365s
 2430713  5504   13.00000   84   24   28.00000   13.00000  53.6%  26.5  370s
 2465812  5303 infeasible   72        28.00000   13.00000  53.6%  26.5  375s
 2499462  5342 infeasible   69        28.00000   13.00000  53.6%  26.5  380s
 2536088  5242   13.00000   80   20   28.00000   13.00000  53.6%  26.4  385s
 2572416  5229   13.00000   83   33   28.00000   13.00000  53.6%  26.4  390s
 2607344  5474   13.00000   91   29   28.00000   13.00000  53.6%  26.4  395s
 2642608  5508   13.00000   66   47   28.00000   13.00000  53.6%  26.4  400s
 2681919  5550   13.00000   95   20   28.00000   13.00000  53.6%  26.4  405s
 2721594  5294 infeasible   77        28.00000   13.00000  53.6%  26.3  410s
 2757999  5212 infeasible   78        28.00000   13.00000  53.6%  26.3  415s
 2793399  4935   13.00000   84   33   28.00000   13.00000  53.6%  26.3  420s
 2828396  5404 infeasible   69        28.00000   13.00000  53.6%  26.3  425s
 2867636  5302 infeasible   81        28.00000   13.00000  53.6%  26.3  430s
 2903817  5040     cutoff   85        28.00000   13.00000  53.6%  26.3  435s
 2936799  5242   13.00000   74   35   28.00000   13.00000  53.6%  26.3  440s
 2973909  5843 infeasible   85        28.00000   13.00000  53.6%  26.4  445s
 3011241  5469   13.00000   76   37   28.00000   13.00000  53.6%  26.4  450s
 3052562  6172   13.00000   79   49   28.00000   13.00000  53.6%  26.4  455s
 3088897  6223     cutoff  108        28.00000   13.00000  53.6%  26.4  460s
 3126654  5881 infeasible   90        28.00000   13.00000  53.6%  26.4  465s
 3173434  6022   13.00000   83   24   28.00000   13.00000  53.6%  26.3  470s
 3222254  5869   13.00000   84   32   28.00000   13.00000  53.6%  26.1  475s
 3266086  5686 infeasible   97        28.00000   13.00000  53.6%  26.1  480s
 3306308  5376   13.00000   87   34   28.00000   13.00000  53.6%  26.0  485s
 3344927  5255 infeasible   72        28.00000   13.00000  53.6%  26.0  490s
 3383638  5535   13.00000   84   12   28.00000   13.00000  53.6%  26.0  495s
 3425777  5129   13.00000   70   31   28.00000   13.00000  53.6%  25.9  500s
 3463350  5443   13.00000   89   27   28.00000   13.00000  53.6%  26.0  505s
 3502052  5328     cutoff   93        28.00000   13.00000  53.6%  26.0  510s
 3541588  5052 infeasible   81        28.00000   13.00000  53.6%  26.0  515s
 3580206  5025 infeasible   78        28.00000   13.00000  53.6%  26.0  520s
 3623153  4887 infeasible   75        28.00000   13.00000  53.6%  26.0  525s
 3659881  5074   13.00000   71   36   28.00000   13.00000  53.6%  26.0  530s
 3699171  5340 infeasible  101        28.00000   13.00000  53.6%  26.0  535s
 3737629  5356     cutoff   91        28.00000   13.00000  53.6%  26.1  540s
 3773870  5176   13.00000   72   19   28.00000   13.00000  53.6%  26.1  545s
 3809803  4849 infeasible   76        28.00000   13.00000  53.6%  26.1  550s
 3845546  4830   13.00000   85   23   28.00000   13.00000  53.6%  26.2  555s
 3879568  4813   13.00000   66   32   28.00000   13.00000  53.6%  26.3  560s
 3912926  4840 infeasible   80        28.00000   13.00000  53.6%  26.3  565s
 3946712  4766   13.00000   68   32   28.00000   13.00000  53.6%  26.4  570s
 3982481  4837   13.00000   79   33   28.00000   13.00000  53.6%  26.4  575s
 4015605  4907   13.00000   74   28   28.00000   13.00000  53.6%  26.5  580s
 4051811  5003   13.00000   84   36   28.00000   13.00000  53.6%  26.5  585s
 4088457  4684 infeasible   73        28.00000   13.00000  53.6%  26.5  590s
 4122809  5307 infeasible   69        28.00000   13.00000  53.6%  26.5  595s
 4155741  4892   13.00000   83   30   28.00000   13.00000  53.6%  26.6  600s
 4194230  4868   13.00000   84   40   28.00000   13.00000  53.6%  26.6  605s
 4232303  4991 infeasible   76        28.00000   13.00000  53.6%  26.6  610s
 4264503  4983   13.00000   71   20   28.00000   13.00000  53.6%  26.6  615s
 4297331  4767   13.00000   74   24   28.00000   13.00000  53.6%  26.7  620s
 4332865  4816   13.00000   84   51   28.00000   13.00000  53.6%  26.7  625s
 4372518  5487   13.00000   72   51   28.00000   13.00000  53.6%  26.7  630s
 4405967  5284 infeasible   68        28.00000   13.00000  53.6%  26.7  635s
 4440141  5152   13.00000   89   42   28.00000   13.00000  53.6%  26.7  640s
 4477146  5080 infeasible   72        28.00000   13.00000  53.6%  26.7  645s
 4518997  5127     cutoff   75        28.00000   13.00000  53.6%  26.7  650s
 4556549  5056     cutoff   89        28.00000   13.00000  53.6%  26.7  655s
 4595404  4906 infeasible   75        28.00000   13.00000  53.6%  26.7  660s
 4632332  4975   13.00000   79   16   28.00000   13.00000  53.6%  26.7  665s
 4667421  4973     cutoff   85        28.00000   13.00000  53.6%  26.7  670s
 4705375  4776 infeasible   79        28.00000   13.00000  53.6%  26.7  675s
 4740773  4603   13.00000   92   32   28.00000   13.00000  53.6%  26.7  680s
 4778657  4280   13.00000   85   25   28.00000   13.00000  53.6%  26.7  685s
 4813163  5278   21.00000   71   21   28.00000   21.00000  25.0%  26.8  690s
 4842815  5636 infeasible   68        28.00000   21.00000  25.0%  26.9  695s
 4875018  5527   21.00000   72   49   28.00000   21.00000  25.0%  26.9  700s
 4908544  5623   21.00000   73   39   28.00000   21.00000  25.0%  27.0  705s
 4938646  6018 infeasible   82        28.00000   21.00000  25.0%  27.0  710s
 4969506  6558   21.00000   67   53   28.00000   21.00000  25.0%  27.1  715s
 5002684  7089 infeasible   71        28.00000   21.00000  25.0%  27.2  720s
 5035619  7099   21.00000   74   29   28.00000   21.00000  25.0%  27.2  725s
 5071893  7017 infeasible   73        28.00000   21.00000  25.0%  27.3  730s
 5108792  6954 infeasible   77        28.00000   21.00000  25.0%  27.3  735s
 5143545  6769   21.00000   68   36   28.00000   21.00000  25.0%  27.4  740s
 5172559  6726   21.00000   74   38   28.00000   21.00000  25.0%  27.4  745s
 5207364  6688   21.00000   78   20   28.00000   21.00000  25.0%  27.5  750s
 5244334  6543 infeasible   83        28.00000   21.00000  25.0%  27.5  755s
 5279429  6517   21.00000   64   31   28.00000   21.00000  25.0%  27.5  760s
 5310039  6432   21.00000   76   31   28.00000   21.00000  25.0%  27.6  765s
 5341210  6358 infeasible   74        28.00000   21.00000  25.0%  27.7  770s
 5372791  6452 infeasible   67        28.00000   21.00000  25.0%  27.7  775s
 5408178  6336   21.00000   72   47   28.00000   21.00000  25.0%  27.8  780s
 5442949  6288 infeasible   84        28.00000   21.00000  25.0%  27.8  785s
 5472605  6218 infeasible   78        28.00000   21.00000  25.0%  27.8  790s
 5504731  6362   21.00000   73   47   28.00000   21.00000  25.0%  27.9  795s
 5532906  6768   21.00000   71   45   28.00000   21.00000  25.0%  27.9  800s
 5567823  6546   21.00000   68   50   28.00000   21.00000  25.0%  28.0  805s
 5602006  6442 infeasible   72        28.00000   21.00000  25.0%  28.0  810s
 5640482  6324 infeasible   73        28.00000   21.00000  25.0%  28.1  815s
 5672685  6214   21.00000   73   35   28.00000   21.00000  25.0%  28.1  820s
 5707343  6511   21.00000   87   27   28.00000   21.00000  25.0%  28.2  825s
 5744006  6265 infeasible   81        28.00000   21.00000  25.0%  28.2  830s
 5777820  6192 infeasible   62        28.00000   21.00000  25.0%  28.2  835s
 5816298  5980   21.00000   77   28   28.00000   21.00000  25.0%  28.2  840s
 5851941  6188 infeasible   77        28.00000   21.00000  25.0%  28.3  845s
 5888683  5923 infeasible   78        28.00000   21.00000  25.0%  28.3  850s
 5921990  5815   21.00000   69   32   28.00000   21.00000  25.0%  28.3  855s
 5953095  5710 infeasible   70        28.00000   21.00000  25.0%  28.3  860s
 5987821  5558 infeasible   84        28.00000   21.00000  25.0%  28.4  865s
 6018212  5387 infeasible   73        28.00000   21.00000  25.0%  28.4  870s
 6053299  5416   21.00000   78   34   28.00000   21.00000  25.0%  28.4  875s
 6088898  5158   21.00000   75   31   28.00000   21.00000  25.0%  28.4  880s
 6119605  5215 infeasible   73        28.00000   21.00000  25.0%  28.5  885s
 6146938  5087 infeasible   76        28.00000   21.00000  25.0%  28.5  890s
 6175951  5102 infeasible   73        28.00000   21.00000  25.0%  28.6  895s
 6205214  5495   21.00000   78   37   28.00000   21.00000  25.0%  28.7  900s
 6235144  5366   21.00000   75   51   28.00000   21.00000  25.0%  28.7  905s
 6267459  5257 infeasible   82        28.00000   21.00000  25.0%  28.8  910s
 6297442  5068   21.00000   69   35   28.00000   21.00000  25.0%  28.9  915s
 6325926  4941   21.00000   71   25   28.00000   21.00000  25.0%  28.9  920s
 6353904  4979   21.00000   71   45   28.00000   21.00000  25.0%  29.0  925s
 6384888  4917 infeasible   78        28.00000   21.00000  25.0%  29.1  930s
 6412718  5017 infeasible   75        28.00000   21.00000  25.0%  29.1  935s
 6440375  5063 infeasible   77        28.00000   21.00000  25.0%  29.2  940s
 6468436  4931   21.00000   69   37   28.00000   21.00000  25.0%  29.3  945s
 6497192  4922   21.00000   77   43   28.00000   21.00000  25.0%  29.3  950s
 6526183  4773 infeasible   79        28.00000   21.00000  25.0%  29.4  955s
 6556166  4767 infeasible   79        28.00000   21.00000  25.0%  29.4  960s
 6587782  4852   21.00000   66   57   28.00000   21.00000  25.0%  29.5  965s
 6614995  5158 infeasible   69        28.00000   21.00000  25.0%  29.5  970s
 6645401  5083 infeasible   77        28.00000   21.00000  25.0%  29.6  975s
 6673470  4880 infeasible   83        28.00000   21.00000  25.0%  29.6  980s
 6704340  4874 infeasible   70        28.00000   21.00000  25.0%  29.7  985s
 6734652  4641   21.00000   71   37   28.00000   21.00000  25.0%  29.7  990s
 6767840  4595 infeasible   71        28.00000   21.00000  25.0%  29.7  995s
 6800885  4545   21.00000   70   37   28.00000   21.00000  25.0%  29.8 1000s
 6833080  4931   21.00000   67   35   28.00000   21.00000  25.0%  29.8 1005s
 6861184  4887 infeasible   75        28.00000   21.00000  25.0%  29.9 1010s
 6888911  4726   21.00000   77   30   28.00000   21.00000  25.0%  29.9 1015s
 6919008  4535   21.00000   73   43   28.00000   21.00000  25.0%  30.0 1020s
 6950098  4478 infeasible   70        28.00000   21.00000  25.0%  30.0 1025s
 6979573  4426 infeasible   91        28.00000   21.00000  25.0%  30.1 1030s
 7009591  4517   21.00000   77   35   28.00000   21.00000  25.0%  30.1 1035s
 7041395  4390   21.00000   68   34   28.00000   21.00000  25.0%  30.1 1040s
 7074802  4324   21.00000   70   13   28.00000   21.00000  25.0%  30.2 1045s
 7103036  4533 infeasible   71        28.00000   21.00000  25.0%  30.2 1050s
 7135080  4570   21.00000   72   29   28.00000   21.00000  25.0%  30.2 1055s
 7165465  4373 infeasible   72        28.00000   21.00000  25.0%  30.3 1060s
 7199467  4323   21.00000   66   49   28.00000   21.00000  25.0%  30.3 1065s
 7233927  4245   21.00000   85   30   28.00000   21.00000  25.0%  30.3 1070s
 7260977  4378   21.00000   72   43   28.00000   21.00000  25.0%  30.3 1075s
 7288890  4250   21.00000   80   31   28.00000   21.00000  25.0%  30.4 1080s
 7318680  4436   21.00000   79   28   28.00000   21.00000  25.0%  30.5 1085s
 7348608  4243 infeasible   83        28.00000   21.00000  25.0%  30.5 1090s
 7376025  4564   21.00000   69   57   28.00000   21.00000  25.0%  30.5 1095s
 7403113  4602   21.00000   84   30   28.00000   21.00000  25.0%  30.6 1100s
 7431872  4487   21.00000   74   56   28.00000   21.00000  25.0%  30.6 1105s
 7459096  4280   21.00000   81   28   28.00000   21.00000  25.0%  30.7 1110s
 7487817  4137 infeasible   84        28.00000   21.00000  25.0%  30.7 1115s
 7516207  4413 infeasible   72        28.00000   21.00000  25.0%  30.8 1120s
 7540905  4810   21.00000   77   43   28.00000   21.00000  25.0%  30.8 1125s
 7568395  5199   21.00000   76   34   28.00000   21.00000  25.0%  30.9 1130s
 7592291  5065 infeasible   72        28.00000   21.00000  25.0%  30.9 1135s
 7619090  4971 infeasible   74        28.00000   21.00000  25.0%  31.0 1140s
 7647035  4872   21.00000   81   25   28.00000   21.00000  25.0%  31.0 1145s
 7672777  4667 infeasible   80        28.00000   21.00000  25.0%  31.1 1150s
 7703320  5328 infeasible   80        28.00000   21.00000  25.0%  31.1 1155s
 7732838  5087   21.00000   78   36   28.00000   21.00000  25.0%  31.1 1160s
 7762791  5141 infeasible   88        28.00000   21.00000  25.0%  31.2 1165s
 7792776  5594 infeasible   82        28.00000   21.00000  25.0%  31.2 1170s
 7825459  5366   21.00000   75   34   28.00000   21.00000  25.0%  31.2 1175s
 7860364  5202   21.00000   74   34   28.00000   21.00000  25.0%  31.2 1180s
 7896413  5099 infeasible   74        28.00000   21.00000  25.0%  31.2 1185s
 7929877  4968 infeasible   71        28.00000   21.00000  25.0%  31.3 1190s
 7961805  5158   21.00000   82   41   28.00000   21.00000  25.0%  31.3 1195s
 7992901  5135 infeasible   81        28.00000   21.00000  25.0%  31.3 1200s
 8021042  4850 infeasible   84        28.00000   21.00000  25.0%  31.3 1205s
 8052932  4728 infeasible   81        28.00000   21.00000  25.0%  31.4 1210s
 8081685  4534   21.00000   66   46   28.00000   21.00000  25.0%  31.4 1215s
 8109554  4315   21.00000   80   54   28.00000   21.00000  25.0%  31.4 1220s
 8138350  4128 infeasible   82        28.00000   21.00000  25.0%  31.5 1225s
 8166815  4549 infeasible   72        28.00000   21.00000  25.0%  31.5 1230s
 8195626  4706   21.00000   86   26   28.00000   21.00000  25.0%  31.6 1235s
 8224259  4881   21.00000   80   39   28.00000   21.00000  25.0%  31.6 1240s
 8252187  4813   21.00000   75   39   28.00000   21.00000  25.0%  31.6 1245s
 8282578  4719 infeasible   83        28.00000   21.00000  25.0%  31.6 1250s
 8313054  4573   21.00000   76   43   28.00000   21.00000  25.0%  31.7 1255s
 8342094  4459   21.00000   77   25   28.00000   21.00000  25.0%  31.7 1260s
 8367896  4331   21.00000   80   43   28.00000   21.00000  25.0%  31.7 1265s
 8392513  4413   21.00000   84   42   28.00000   21.00000  25.0%  31.8 1270s
 8419906  4243 infeasible   66        28.00000   21.00000  25.0%  31.8 1275s
 8449983  4158 infeasible   80        28.00000   21.00000  25.0%  31.9 1280s
 8479668  4339   21.00000   69   58   28.00000   21.00000  25.0%  31.9 1285s
 8505443  4541   21.00000   78   32   28.00000   21.00000  25.0%  31.9 1290s
 8536664  4491 infeasible   75        28.00000   21.00000  25.0%  31.9 1295s
 8569387  4246   21.00000   82   25   28.00000   21.00000  25.0%  32.0 1300s
 8595423  4238   21.00000   77   39   28.00000   21.00000  25.0%  32.0 1305s
 8627171  4209 infeasible   67        28.00000   21.00000  25.0%  32.0 1310s
 8657637  4501 infeasible   81        28.00000   21.00000  25.0%  32.0 1315s
 8688061  4258   21.00000   64   54   28.00000   21.00000  25.0%  32.0 1320s
 8718154  4040   21.00000   67   28   28.00000   21.00000  25.0%  32.0 1325s
 8746294  4029   21.00000   63   67   28.00000   21.00000  25.0%  32.1 1330s
 8774794  4034   21.00000   70   38   28.00000   21.00000  25.0%  32.1 1335s
 8805641  3922   21.00000   72   53   28.00000   21.00000  25.0%  32.1 1340s
 8840343  3870 infeasible   72        28.00000   21.00000  25.0%  32.1 1345s
 8873951  3927   21.00000   72   39   28.00000   21.00000  25.0%  32.1 1350s
 8906412  3779 infeasible   67        28.00000   21.00000  25.0%  32.1 1355s
 8940367  3918   21.00000   79   25   28.00000   21.00000  25.0%  32.1 1360s
 8976336  3762   21.00000   72   44   28.00000   21.00000  25.0%  32.1 1365s
 9013781  3759   21.00000   79   22   28.00000   21.00000  25.0%  32.1 1370s
 9049915  3755   21.00000   66   15   28.00000   21.00000  25.0%  32.1 1375s
 9080736  4421 infeasible   79        28.00000   21.00000  25.0%  32.2 1380s
 9105387  4432   21.00000   81   38   28.00000   21.00000  25.0%  32.2 1385s
 9136791  4094   21.00000   71   40   28.00000   21.00000  25.0%  32.2 1390s
 9164744  3982   21.00000   80   32   28.00000   21.00000  25.0%  32.3 1395s
 9192883  3880   21.00000   62   37   28.00000   21.00000  25.0%  32.3 1400s
 9219008  3893   21.00000   76   25   28.00000   21.00000  25.0%  32.3 1405s
 9245490  3755 infeasible   72        28.00000   21.00000  25.0%  32.4 1410s
 9274633  4083 infeasible   75        28.00000   23.00000  17.9%  32.4 1415s
 9305101  5195   23.00000   73   40   28.00000   23.00000  17.9%  32.4 1420s
 9334495  5247   23.00000   71   31   28.00000   23.00000  17.9%  32.5 1425s
 9364610  5420   23.00000   69   34   28.00000   23.00000  17.9%  32.5 1430s
 9394183  6002   23.00000   75   31   28.00000   23.00000  17.9%  32.5 1435s
 9421451  6228   23.00000   68   33   28.00000   23.00000  17.9%  32.6 1440s
 9451623  6124   23.00000   82   34   28.00000   23.00000  17.9%  32.6 1445s
 9482416  6424   23.00000   73   22   28.00000   23.00000  17.9%  32.6 1450s
 9514765  6622 infeasible   78        28.00000   23.00000  17.9%  32.6 1455s
 9542416  7003   23.00000   68   44   28.00000   23.00000  17.9%  32.6 1460s
 9574242  7479   23.00000   71   42   28.00000   23.00000  17.9%  32.7 1465s
 9604419  7490 infeasible   80        28.00000   23.00000  17.9%  32.7 1470s
 9634206  7449 infeasible   80        28.00000   23.00000  17.9%  32.7 1475s
 9665370  7315 infeasible   77        28.00000   23.00000  17.9%  32.7 1480s
 9695201  7674   23.00000   80   47   28.00000   23.00000  17.9%  32.7 1485s
 9724417  7434   23.00000   79   41   28.00000   23.00000  17.9%  32.8 1490s
 9754126  7267 infeasible   72        28.00000   23.00000  17.9%  32.8 1495s
 9784953  7393   23.00000   66   42   28.00000   23.00000  17.9%  32.8 1500s
 9815675  7486   23.00000   82   47   28.00000   23.00000  17.9%  32.8 1505s
 9847152  7760   23.00000   85   40   28.00000   23.00000  17.9%  32.8 1510s
 9878413  7557   23.00000   90   32   28.00000   23.00000  17.9%  32.8 1515s
 9911676  7499   23.00000   60   17   28.00000   23.00000  17.9%  32.9 1520s
 9941049  7661   23.00000   85   33   28.00000   23.00000  17.9%  32.9 1525s
 9967188  7641   23.00000   84   39   28.00000   23.00000  17.9%  32.9 1530s
 9995861  7611   23.00000   73   35   28.00000   23.00000  17.9%  32.9 1535s
 10025456  7486   23.00000   77   35   28.00000   23.00000  17.9%  32.9 1540s
 10055755  7379 infeasible   98        28.00000   23.00000  17.9%  33.0 1545s
 10084815  7314 infeasible   91        28.00000   23.00000  17.9%  33.0 1550s
 10115640  7482 infeasible   77        28.00000   23.00000  17.9%  33.0 1555s
 10148265  7378 infeasible   78        28.00000   23.00000  17.9%  33.0 1560s
 10180431  7117   23.00000   69   44   28.00000   23.00000  17.9%  33.0 1565s
 10210109  7315 infeasible   85        28.00000   23.00000  17.9%  33.0 1570s
 10238425  7204 infeasible   68        28.00000   23.00000  17.9%  33.1 1575s
 10268122  7072 infeasible   72        28.00000   23.00000  17.9%  33.1 1580s
 10301817  7297   23.00000   81   31   28.00000   23.00000  17.9%  33.1 1585s
 10349547  7636 infeasible   79        28.00000   23.00000  17.9%  33.1 1590s
 10395871  7230   23.00000   76   23   28.00000   23.00000  17.9%  33.0 1595s
 10435288  7101   23.00000   75   41   28.00000   23.00000  17.9%  33.0 1600s
 10471687  6827   23.00000   63   33   28.00000   23.00000  17.9%  33.0 1605s
 10503826  6550 infeasible   67        28.00000   23.00000  17.9%  33.0 1610s
 10534746  6648   23.00000   77   29   28.00000   23.00000  17.9%  33.0 1615s
 10561924  6873 infeasible   84        28.00000   23.00000  17.9%  33.1 1620s
 10591822  7273   23.00000   79   23   28.00000   23.00000  17.9%  33.1 1625s
 10620726  7156   23.00000   73   29   28.00000   23.00000  17.9%  33.1 1630s
 10649722  7003   23.00000   83   25   28.00000   23.00000  17.9%  33.1 1635s
 10679550  6808 infeasible   78        28.00000   23.00000  17.9%  33.2 1640s
 10710656  6595 infeasible   80        28.00000   23.00000  17.9%  33.2 1645s
 10739132  6420 infeasible   75        28.00000   23.00000  17.9%  33.2 1650s
 10767227  6464 infeasible   77        28.00000   23.00000  17.9%  33.2 1655s
 10798038  6423   23.00000   75   26   28.00000   23.00000  17.9%  33.3 1660s
 10825858  6502 infeasible   90        28.00000   23.00000  17.9%  33.3 1665s
 10858020  6450 infeasible   81        28.00000   23.00000  17.9%  33.3 1670s
 10890825  6459   23.00000   71   35   28.00000   23.00000  17.9%  33.3 1675s
 10921679  6422   23.00000   66   39   28.00000   23.00000  17.9%  33.3 1680s
 10953077  6121   23.00000   72   34   28.00000   23.00000  17.9%  33.3 1685s
 10983455  6096   23.00000   61   38   28.00000   23.00000  17.9%  33.3 1690s
 11014627  6938 infeasible   72        28.00000   23.00000  17.9%  33.4 1695s
 11047323  7079 infeasible   80        28.00000   23.00000  17.9%  33.4 1700s
 11079868  6800   23.00000   76   45   28.00000   23.00000  17.9%  33.4 1705s
 11113641  6771   23.00000   71   42   28.00000   23.00000  17.9%  33.4 1710s
 11146533  6754 infeasible   81        28.00000   23.00000  17.9%  33.4 1715s
 11178954  6695   23.00000   79   24   28.00000   23.00000  17.9%  33.4 1720s
 11207581  6861 infeasible   81        28.00000   23.00000  17.9%  33.4 1725s
 11241356  6628 infeasible   79        28.00000   23.00000  17.9%  33.4 1730s
 11274620  6828 infeasible   74        28.00000   23.00000  17.9%  33.5 1735s
 11306576  6975 infeasible   83        28.00000   23.00000  17.9%  33.5 1740s
 11338594  6765 infeasible   71        28.00000   23.00000  17.9%  33.5 1745s
 11372308  6837   23.00000   69   29   28.00000   23.00000  17.9%  33.5 1750s
 11405258  6642   23.00000   63   39   28.00000   23.00000  17.9%  33.5 1755s
 11438714  6392 infeasible   89        28.00000   23.00000  17.9%  33.5 1760s
 11472704  6688   23.00000   85   32   28.00000   23.00000  17.9%  33.5 1765s
 11505322  6813 infeasible   69        28.00000   23.00000  17.9%  33.5 1770s
 11537256  6608 infeasible   82        28.00000   23.00000  17.9%  33.5 1775s
 11568628  6400 infeasible   77        28.00000   23.00000  17.9%  33.5 1780s
 11602514  6561   23.00000   83   36   28.00000   23.00000  17.9%  33.5 1785s
 11637530  6619   23.00000   81   35   28.00000   23.00000  17.9%  33.5 1790s
 11671908  6394   23.00000   74   37   28.00000   23.00000  17.9%  33.5 1795s
 11704666  6898   23.00000   80   39   28.00000   23.00000  17.9%  33.5 1800s
 11736770  6870   23.00000   86   29   28.00000   23.00000  17.9%  33.5 1805s
 11766350  6607 infeasible   79        28.00000   23.00000  17.9%  33.5 1810s
 11800063  6391 infeasible   74        28.00000   23.00000  17.9%  33.6 1815s
 11832095  6471 infeasible   77        28.00000   23.00000  17.9%  33.6 1820s
 11864420  6620   23.00000   78   28   28.00000   23.00000  17.9%  33.6 1825s
 11897256  6454 infeasible   77        28.00000   23.00000  17.9%  33.6 1830s
 11928959  6531   23.00000   80   23   28.00000   23.00000  17.9%  33.6 1835s
 11956428  6227 infeasible   79        28.00000   23.00000  17.9%  33.6 1840s
 11990786  6476 infeasible   80        28.00000   23.00000  17.9%  33.6 1845s
 12023183  6241   23.00000   82   27   28.00000   23.00000  17.9%  33.6 1850s
 12057191  6628 infeasible   65        28.00000   23.00000  17.9%  33.7 1855s
 12091064  6635   23.00000   70   45   28.00000   23.00000  17.9%  33.7 1860s
 12125963  6477   23.00000   71   30   28.00000   23.00000  17.9%  33.7 1865s
 12160303  6381   23.00000   72   24   28.00000   23.00000  17.9%  33.7 1870s
 12195325  6253   23.00000   75   37   28.00000   23.00000  17.9%  33.7 1875s
 12226519  6266 infeasible   79        28.00000   23.00000  17.9%  33.7 1880s
 12260748  6448 infeasible   75        28.00000   23.00000  17.9%  33.7 1885s
 12293891  6092 infeasible   75        28.00000   23.00000  17.9%  33.7 1890s
 12327347  6007 infeasible   84        28.00000   23.00000  17.9%  33.7 1895s
 12361191  6301   23.00000   71   38   28.00000   23.00000  17.9%  33.7 1900s
 12394078  6121 infeasible   73        28.00000   23.00000  17.9%  33.7 1905s
 12425705  6325   23.00000   73   27   28.00000   23.00000  17.9%  33.7 1910s
 12447477  6675   23.00000   79   43   28.00000   23.00000  17.9%  33.7 1915s
 12483310  7100   23.00000   74   41   28.00000   23.00000  17.9%  33.7 1920s
 12514650  6839   23.00000   78   35   28.00000   23.00000  17.9%  33.7 1925s
 12546348  6834 infeasible   80        28.00000   23.00000  17.9%  33.7 1930s
 12579031  6685 infeasible   67        28.00000   23.00000  17.9%  33.8 1935s
 12609428  6748   23.00000   72   35   28.00000   23.00000  17.9%  33.8 1940s
 12640482  6511 infeasible   75        28.00000   23.00000  17.9%  33.8 1945s
 12671247  6826   23.00000   71   42   28.00000   23.00000  17.9%  33.8 1950s
 12705260  6653 infeasible   72        28.00000   23.00000  17.9%  33.8 1955s
 12736262  7030 infeasible   89        28.00000   23.00000  17.9%  33.8 1960s
 12766866  7095 infeasible   80        28.00000   23.00000  17.9%  33.8 1965s
 12797693  6906 infeasible   78        28.00000   23.00000  17.9%  33.8 1970s
 12826863  6819   23.00000   78   35   28.00000   23.00000  17.9%  33.8 1975s
 12858636  6761 infeasible   66        28.00000   23.00000  17.9%  33.8 1980s
 12889652  7021 infeasible   86        28.00000   23.00000  17.9%  33.9 1985s
 12916594  6995 infeasible   79        28.00000   23.00000  17.9%  33.9 1990s
 12949467  6730 infeasible   70        28.00000   23.00000  17.9%  33.9 1995s
 12980513  6629   23.00000   78   46   28.00000   23.00000  17.9%  33.9 2000s
 13012322  6812   23.00000   66   40   28.00000   23.00000  17.9%  33.9 2005s
 13044610  6667   23.00000   75   34   28.00000   23.00000  17.9%  33.9 2010s
 13076279  6879 infeasible   83        28.00000   23.00000  17.9%  33.9 2015s
 13107504  7062 infeasible   79        28.00000   23.00000  17.9%  33.9 2020s
 13140403  7087 infeasible   87        28.00000   23.00000  17.9%  33.9 2025s
 13172588  6855 infeasible   77        28.00000   23.00000  17.9%  34.0 2030s
 13205400  6799 infeasible   93        28.00000   23.00000  17.9%  34.0 2035s
 13236686  6764 infeasible   95        28.00000   23.00000  17.9%  34.0 2040s
 13268560  6793 infeasible   88        28.00000   23.00000  17.9%  34.0 2045s
 13300050  6520 infeasible   77        28.00000   23.00000  17.9%  34.0 2050s
 13333017  6504   23.00000   79   30   28.00000   23.00000  17.9%  34.0 2055s
 13360593  6351 infeasible   80        28.00000   23.00000  17.9%  34.0 2060s
 13392034  6286 infeasible   76        28.00000   23.00000  17.9%  34.0 2065s
 13422249  6096   23.00000   80   21   28.00000   23.00000  17.9%  34.0 2070s
 13453901  5894 infeasible   85        28.00000   23.00000  17.9%  34.0 2075s
 13485647  6798   23.00000   81   46   28.00000   23.00000  17.9%  34.0 2080s
 13517906  6663 infeasible   88        28.00000   23.00000  17.9%  34.0 2085s
 13550075  6682 infeasible   79        28.00000   23.00000  17.9%  34.1 2090s
 13582056  6555   23.00000   75   42   28.00000   23.00000  17.9%  34.1 2095s
 13614965  6418 infeasible   81        28.00000   23.00000  17.9%  34.1 2100s
 13644855  6341 infeasible   72        28.00000   23.00000  17.9%  34.1 2105s
 13672115  6441 infeasible   89        28.00000   23.00000  17.9%  34.1 2110s
 13702638  6304 infeasible   81        28.00000   23.00000  17.9%  34.1 2115s
 13733412  6276   23.00000   74   47   28.00000   23.00000  17.9%  34.1 2120s
 13763178  6556   23.00000   76   46   28.00000   23.00000  17.9%  34.1 2125s
 13795299  6282   23.00000   85   38   28.00000   23.00000  17.9%  34.1 2130s
 13827217  6083   23.00000   76   42   28.00000   23.00000  17.9%  34.1 2135s
 13855854  6064 infeasible   82        28.00000   23.00000  17.9%  34.1 2140s
 13885928  6068 infeasible   96        28.00000   23.00000  17.9%  34.1 2145s
 13916214  6460   23.00000   76   49   28.00000   23.00000  17.9%  34.1 2150s
 13946162  6776   23.00000   80   42   28.00000   23.00000  17.9%  34.1 2155s
 13975587  6651   23.00000   79   40   28.00000   23.00000  17.9%  34.2 2160s
 14006911  6272 infeasible   89        28.00000   23.00000  17.9%  34.2 2165s
 14034213  6286 infeasible   84        28.00000   23.00000  17.9%  34.2 2170s
 14065917  5870   23.00000   72   40   28.00000   23.00000  17.9%  34.2 2175s
 14095692  5629   23.00000   73   39   28.00000   23.00000  17.9%  34.2 2180s
 14126369  5398   23.00000   76   22   28.00000   23.00000  17.9%  34.2 2185s
 14156534  5157 infeasible   77        28.00000   23.00000  17.9%  34.2 2190s
 14185961  4918   23.00000   76   28   28.00000   23.00000  17.9%  34.2 2195s
 14215667  4875   23.00000   76   18   28.00000   23.00000  17.9%  34.2 2200s
 14245384  5374 infeasible   76        28.00000   23.00000  17.9%  34.3 2205s
 14275821  5010 infeasible   75        28.00000   23.00000  17.9%  34.3 2210s
 14306471  4736 infeasible   75        28.00000   23.00000  17.9%  34.3 2215s
 14338202  4509 infeasible   79        28.00000   23.00000  17.9%  34.3 2220s
 14369757  4135   23.00000   85   38   28.00000   23.00000  17.9%  34.3 2225s
 14403242  4171   23.00000   67   49   28.00000   23.00000  17.9%  34.3 2230s
 14432430  4282 infeasible   73        28.00000   23.00000  17.9%  34.3 2235s
 14462941  4322 infeasible   75        28.00000   23.00000  17.9%  34.3 2240s
 14495131  4154   23.00000   83   33   28.00000   23.00000  17.9%  34.3 2245s
 14527068  4024   23.00000   76   29   28.00000   23.00000  17.9%  34.3 2250s
 14558206  4261   23.00000   69   33   28.00000   23.00000  17.9%  34.3 2255s
 14590451  4069 infeasible   81        28.00000   23.00000  17.9%  34.4 2260s
 14621891  4054 infeasible   81        28.00000   23.00000  17.9%  34.4 2265s
 14653972  4068 infeasible   79        28.00000   23.00000  17.9%  34.4 2270s
 14682285  3888 infeasible   76        28.00000   23.00000  17.9%  34.4 2275s
 14712869  3776 infeasible   80        28.00000   23.00000  17.9%  34.4 2280s
 14742426  3561 infeasible   70        28.00000   23.00000  17.9%  34.4 2285s
 14773294  4236 infeasible   70        28.00000   27.00000  3.57%  34.4 2290s
 14811700  4577   27.00000   83   33   28.00000   27.00000  3.57%  34.4 2295s
 14851030  5111   27.00000   75   32   28.00000   27.00000  3.57%  34.4 2300s
 14885795  5838 infeasible   87        28.00000   27.00000  3.57%  34.4 2305s
 14921775  5730 infeasible   88        28.00000   27.00000  3.57%  34.4 2310s
 14958885  5464   27.00000   84   42   28.00000   27.00000  3.57%  34.4 2315s
 14995076  5175   27.00000   68   32   28.00000   27.00000  3.57%  34.4 2320s
 15031821  5167 infeasible   83        28.00000   27.00000  3.57%  34.4 2325s
 15065133  4919 infeasible   85        28.00000   27.00000  3.57%  34.4 2330s
 15101340  5028 infeasible   87        28.00000   27.00000  3.57%  34.4 2335s
 15136624  4861 infeasible   76        28.00000   27.00000  3.57%  34.4 2340s
 15171758  4969   27.00000   70   33   28.00000   27.00000  3.57%  34.4 2345s
 15209092  5660   27.00000   77   33   28.00000   27.00000  3.57%  34.4 2350s
 15249264  5879 infeasible   94        28.00000   27.00000  3.57%  34.4 2355s
 15288323  5474   27.00000   85   16   28.00000   27.00000  3.57%  34.3 2360s
 15326332  5399 infeasible   91        28.00000   27.00000  3.57%  34.3 2365s
 15364537  5436   27.00000   75   33   28.00000   27.00000  3.57%  34.3 2370s
 15403347  5232 infeasible   82        28.00000   27.00000  3.57%  34.3 2375s
 15437682  5246 infeasible   73        28.00000   27.00000  3.57%  34.3 2380s
 15476418  5247   27.00000   80   27   28.00000   27.00000  3.57%  34.3 2385s
 15515536  5262   27.00000   74   33   28.00000   27.00000  3.57%  34.3 2390s
 15554196  4949 infeasible   73        28.00000   27.00000  3.57%  34.3 2395s
 15591417  5127   27.00000   68   29   28.00000   27.00000  3.57%  34.3 2400s
 15630971  5361 infeasible   89        28.00000   27.00000  3.57%  34.3 2405s
 15670513  5065 infeasible   80        28.00000   27.00000  3.57%  34.3 2410s
 15708996  4995   27.00000   85   28   28.00000   27.00000  3.57%  34.3 2415s
 15743470  4865   27.00000   86   28   28.00000   27.00000  3.57%  34.2 2420s
 15782751  5149 infeasible   88        28.00000   27.00000  3.57%  34.2 2425s
 15824874  5003   27.00000   83   35   28.00000   27.00000  3.57%  34.2 2430s
 15868431  4814 infeasible   87        28.00000   27.00000  3.57%  34.2 2435s
 15904756  5797   27.00000   76   42   28.00000   27.00000  3.57%  34.2 2440s
 15937210  5994   27.00000   76   36   28.00000   27.00000  3.57%  34.2 2445s
 15969347  5694   27.00000   77   28   28.00000   27.00000  3.57%  34.2 2450s
 16003043  5925   27.00000   81   29   28.00000   27.00000  3.57%  34.2 2455s
 16036953  5734 infeasible   90        28.00000   27.00000  3.57%  34.2 2460s
 16071458  5599 infeasible   78        28.00000   27.00000  3.57%  34.2 2465s
 16105214  5674   27.00000   71   53   28.00000   27.00000  3.57%  34.2 2470s
 16141172  6065   27.00000   87   37   28.00000   27.00000  3.57%  34.2 2475s
 16174292  6018   27.00000   91   35   28.00000   27.00000  3.57%  34.2 2480s
 16207788  5857   27.00000   83   28   28.00000   27.00000  3.57%  34.2 2485s
 16244424  5512   27.00000   83   31   28.00000   27.00000  3.57%  34.2 2490s
 16274560  5342   27.00000   69   40   28.00000   27.00000  3.57%  34.2 2495s
 16305835  5613 infeasible   96        28.00000   27.00000  3.57%  34.2 2500s
 16340276  5480 infeasible   84        28.00000   27.00000  3.57%  34.3 2505s
 16373064  5307   27.00000   81   23   28.00000   27.00000  3.57%  34.3 2510s
 16407261  5293   27.00000   72   44   28.00000   27.00000  3.57%  34.3 2515s
 16443633  5059 infeasible   81        28.00000   27.00000  3.57%  34.3 2520s
 16477908  5699 infeasible   86        28.00000   27.00000  3.57%  34.3 2525s
 16511655  5951 infeasible   82        28.00000   27.00000  3.57%  34.3 2530s
 16543620  5778 infeasible   78        28.00000   27.00000  3.57%  34.3 2535s
 16576578  5479   27.00000   80   29   28.00000   27.00000  3.57%  34.3 2540s
 16610296  5330 infeasible   82        28.00000   27.00000  3.57%  34.3 2545s
 16643884  5141 infeasible   83        28.00000   27.00000  3.57%  34.3 2550s
 16677022  5697 infeasible   84        28.00000   27.00000  3.57%  34.3 2555s
 16707642  6094   27.00000   80   32   28.00000   27.00000  3.57%  34.3 2560s
 16738742  6498 infeasible   82        28.00000   27.00000  3.57%  34.3 2565s
 16770822  6415   27.00000   84   31   28.00000   27.00000  3.57%  34.4 2570s
 16803651  6270   27.00000   92   41   28.00000   27.00000  3.57%  34.4 2575s
 16833051  6090 infeasible   84        28.00000   27.00000  3.57%  34.4 2580s
 16865433  5856 infeasible   88        28.00000   27.00000  3.57%  34.4 2585s
 16897505  6159   27.00000   71   39   28.00000   27.00000  3.57%  34.4 2590s
 16929556  6103 infeasible   83        28.00000   27.00000  3.57%  34.4 2595s
 16962953  5908   27.00000   75   21   28.00000   27.00000  3.57%  34.4 2600s
 16995844  6005   27.00000   83   23   28.00000   27.00000  3.57%  34.4 2605s
 17029904  5918   27.00000   73   28   28.00000   27.00000  3.57%  34.4 2610s
 17055525  5715   27.00000   83   16   28.00000   27.00000  3.57%  34.4 2615s
 17092768  5809 infeasible   86        28.00000   27.00000  3.57%  34.4 2620s
 17121175  5735 infeasible   74        28.00000   27.00000  3.57%  34.4 2625s
 17152643  5786   27.00000   79   32   28.00000   27.00000  3.57%  34.5 2630s
 17183250  5918 infeasible   92        28.00000   27.00000  3.57%  34.5 2635s
 17213635  5783   27.00000   89   27   28.00000   27.00000  3.57%  34.5 2640s
 17244328  5597   27.00000   81   21   28.00000   27.00000  3.57%  34.5 2645s
 17274649  5538 infeasible   82        28.00000   27.00000  3.57%  34.5 2650s
 17305429  5442   27.00000   85   18   28.00000   27.00000  3.57%  34.5 2655s
 17337110  5717   27.00000   90   37   28.00000   27.00000  3.57%  34.5 2660s
 17370483  5431   27.00000   89   21   28.00000   27.00000  3.57%  34.5 2665s
 17402851  5378   27.00000   80   32   28.00000   27.00000  3.57%  34.5 2670s
 17433276  5455   27.00000   73   36   28.00000   27.00000  3.57%  34.6 2675s
 17464031  5589 infeasible  102        28.00000   27.00000  3.57%  34.6 2680s
 17494696  5282 infeasible   78        28.00000   27.00000  3.57%  34.6 2685s
 17523554  5219 infeasible   70        28.00000   27.00000  3.57%  34.6 2690s
 17553793  5237   27.00000   77   25   28.00000   27.00000  3.57%  34.6 2695s
 17582280  5166   27.00000   79   37   28.00000   27.00000  3.57%  34.6 2700s
 17614344  5480   27.00000   85   19   28.00000   27.00000  3.57%  34.6 2705s
 17646108  5662   27.00000   72   36   28.00000   27.00000  3.57%  34.6 2710s
 17676853  5483 infeasible   83        28.00000   27.00000  3.57%  34.7 2715s
 17709018  5456 infeasible   82        28.00000   27.00000  3.57%  34.7 2720s
 17739917  5328   27.00000   80   34   28.00000   27.00000  3.57%  34.7 2725s
 17769477  5206   27.00000   80   28   28.00000   27.00000  3.57%  34.7 2730s
 17800533  5031 infeasible   73        28.00000   27.00000  3.57%  34.7 2735s
 17830763  5367 infeasible   80        28.00000   27.00000  3.57%  34.7 2740s
 17861784  5285 infeasible   86        28.00000   27.00000  3.57%  34.7 2745s
 17891629  5216 infeasible   84        28.00000   27.00000  3.57%  34.7 2750s
 17922611  5100 infeasible   96        28.00000   27.00000  3.57%  34.8 2755s
 17953899  5300   27.00000   87   32   28.00000   27.00000  3.57%  34.8 2760s
 17987180  5142 infeasible   89        28.00000   27.00000  3.57%  34.8 2765s
 18013336  5063   27.00000   88   30   28.00000   27.00000  3.57%  34.8 2770s
 18046814  4938   27.00000   73   39   28.00000   27.00000  3.57%  34.8 2775s
 18078254  5352 infeasible   87        28.00000   27.00000  3.57%  34.8 2780s
 18111219  5159 infeasible   82        28.00000   27.00000  3.57%  34.8 2785s
 18143942  4872 infeasible   86        28.00000   27.00000  3.57%  34.8 2790s
 18179022  5159 infeasible   79        28.00000   27.00000  3.57%  34.8 2795s
 18214401  5048   27.00000   86   32   28.00000   27.00000  3.57%  34.8 2800s
 18248695  4954 infeasible   79        28.00000   27.00000  3.57%  34.8 2805s
 18283354  5069 infeasible   77        28.00000   27.00000  3.57%  34.8 2810s
 18319860  4889   27.00000   72   50   28.00000   27.00000  3.57%  34.8 2815s
 18354967  4817 infeasible   89        28.00000   27.00000  3.57%  34.8 2820s
 18389326  4672   27.00000   84   39   28.00000   27.00000  3.57%  34.8 2825s
 18420724  4824   27.00000   76   30   28.00000   27.00000  3.57%  34.8 2830s
 18451282  4727 infeasible   73        28.00000   27.00000  3.57%  34.8 2835s
 18485304  5184   27.00000   79   30   28.00000   27.00000  3.57%  34.8 2840s
 18522541  5182   27.00000   74   30   28.00000   27.00000  3.57%  34.8 2845s
 18554793  4919   27.00000   70   45   28.00000   27.00000  3.57%  34.8 2850s
 18592993  4886   27.00000   78   31   28.00000   27.00000  3.57%  34.8 2855s
 18630837  4692   27.00000   81   31   28.00000   27.00000  3.57%  34.8 2860s
 18667727  4741   27.00000   82   37   28.00000   27.00000  3.57%  34.8 2865s
 18704746  4663 infeasible   80        28.00000   27.00000  3.57%  34.8 2870s
 18739282  4713   27.00000   79   38   28.00000   27.00000  3.57%  34.8 2875s
 18773585  5840 infeasible   95        28.00000   27.00000  3.57%  34.8 2880s
 18806405  6230 infeasible   95        28.00000   27.00000  3.57%  34.8 2885s
 18839209  6135   27.00000   75   49   28.00000   27.00000  3.57%  34.8 2890s
 18873049  6114 infeasible   85        28.00000   27.00000  3.57%  34.8 2895s
 18907917  6049 infeasible   85        28.00000   27.00000  3.57%  34.8 2900s
 18943451  5905 infeasible   87        28.00000   27.00000  3.57%  34.8 2905s
 18977499  5784 infeasible   84        28.00000   27.00000  3.57%  34.8 2910s
 19011438  5618   27.00000   88   23   28.00000   27.00000  3.57%  34.8 2915s
 19042249  5588   27.00000   85   28   28.00000   27.00000  3.57%  34.8 2920s
 19077406  5488   27.00000   79   24   28.00000   27.00000  3.57%  34.8 2925s
 19110159  5744   27.00000   85   32   28.00000   27.00000  3.57%  34.8 2930s
 19142837  5574 infeasible   83        28.00000   27.00000  3.57%  34.8 2935s
 19175114  5414 infeasible   95        28.00000   27.00000  3.57%  34.8 2940s
 19207800  5629 infeasible   90        28.00000   27.00000  3.57%  34.8 2945s
 19235279  5964   27.00000   86   41   28.00000   27.00000  3.57%  34.8 2950s
 19264862  5766   27.00000   90   27   28.00000   27.00000  3.57%  34.8 2955s
 19295792  5573 infeasible   82        28.00000   27.00000  3.57%  34.8 2960s
 19327567  5570   27.00000   98   33   28.00000   27.00000  3.57%  34.8 2965s
 19357525  5356 infeasible   79        28.00000   27.00000  3.57%  34.8 2970s
 19391441  5496 infeasible   87        28.00000   27.00000  3.57%  34.8 2975s
 19427151  5309   27.00000   88   27   28.00000   27.00000  3.57%  34.8 2980s
 19460136  5356 infeasible   83        28.00000   27.00000  3.57%  34.8 2985s
 19493824  5327   27.00000   99   23   28.00000   27.00000  3.57%  34.8 2990s
 19527791  5297   27.00000   87   35   28.00000   27.00000  3.57%  34.8 2995s
 19562343  5285   27.00000   87   28   28.00000   27.00000  3.57%  34.8 3000s
 19595604  5139 infeasible   88        28.00000   27.00000  3.57%  34.8 3005s
 19629692  5126   27.00000   79   33   28.00000   27.00000  3.57%  34.8 3010s
 19665548  5249 infeasible   85        28.00000   27.00000  3.57%  34.8 3015s
H19692717  5580                      27.9999851   27.00000  3.57%  34.8 3018s
 19702915  5468 infeasible   93        27.99999   27.00000  3.57%  34.8 3020s
H19730576  5286                      27.9999851   27.00000  3.57%  34.8 3024s
 19736845  5239 infeasible   99        27.99999   27.00000  3.57%  34.8 3025s
 19773594  5174   27.00000   91   30   27.99999   27.00000  3.57%  34.8 3030s
 19810501  5023   27.00000   88   26   27.99999   27.00000  3.57%  34.8 3035s
 19846426  4949   27.00000   86   28   27.99999   27.00000  3.57%  34.8 3040s
 19882090  5071 infeasible   88        27.99999   27.00000  3.57%  34.8 3045s
 19915413  5273   27.00000   87   36   27.99999   27.00000  3.57%  34.8 3050s
 19948005  5143 infeasible   88        27.99999   27.00000  3.57%  34.8 3055s
 19976503  4891   27.00000   88   38   27.99999   27.00000  3.57%  34.8 3060s
 20008114  5169   27.00000   82   45   27.99999   27.00000  3.57%  34.8 3065s
 20041537  5018   27.00000   79   42   27.99999   27.00000  3.57%  34.8 3070s
 20074605  4833 infeasible   79        27.99999   27.00000  3.57%  34.8 3075s
 20108418  4819   27.00000   78   27   27.99999   27.00000  3.57%  34.8 3080s
 20140817  4728   27.00000   78   40   27.99999   27.00000  3.57%  34.8 3085s
 20172910  4965 infeasible   74        27.99999   27.00000  3.57%  34.8 3090s
 20205507  4739   27.00000   68   46   27.99999   27.00000  3.57%  34.8 3095s
 20238625  4680 infeasible   74        27.99999   27.00000  3.57%  34.8 3100s
 20271139  4622   27.00000   85   35   27.99999   27.00000  3.57%  34.8 3105s
 20304146  5014   27.00000   74   46   27.99999   27.00000  3.57%  34.8 3110s
 20337211  5560 infeasible   84        27.99999   27.00000  3.57%  34.8 3115s
 20368559  5390   27.00000   88   24   27.99999   27.00000  3.57%  34.8 3120s
 20399260  5267   27.00000   83   21   27.99999   27.00000  3.57%  34.8 3125s
 20429989  5215 infeasible   88        27.99999   27.00000  3.57%  34.8 3130s
 20457653  5501 infeasible   82        27.99999   27.00000  3.57%  34.8 3135s
 20487136  5358   27.00000   77   32   27.99999   27.00000  3.57%  34.8 3140s
 20516827  5138 infeasible   78        27.99999   27.00000  3.57%  34.9 3145s
 20548362  5231   27.00000   82   31   27.99999   27.00000  3.57%  34.9 3150s
 20579239  5078 infeasible   88        27.99999   27.00000  3.57%  34.9 3155s
 20613499  5226   27.00000   78   43   27.99999   27.00000  3.57%  34.9 3160s
 20646050  5525   27.00000   88   26   27.99999   27.00000  3.57%  34.9 3165s
 20677917  5408   27.00000   81   45   27.99999   27.00000  3.57%  34.9 3170s
 20709061  5368   27.00000   86   26   27.99999   27.00000  3.57%  34.9 3175s
 20739783  5162   27.00000   80   29   27.99999   27.00000  3.57%  34.9 3180s
 20770498  5037 infeasible   90        27.99999   27.00000  3.57%  34.9 3185s
 20802084  4908 infeasible   80        27.99999   27.00000  3.57%  34.9 3190s
 20833264  4751   27.00000   74   38   27.99999   27.00000  3.57%  34.9 3195s
 20863676  4615 infeasible   70        27.99999   27.00000  3.57%  34.9 3200s
 20895580  4669   27.00000   82   25   27.99999   27.00000  3.57%  34.9 3205s
 20929944  5236   27.00000   86   29   27.99999   27.00000  3.57%  34.9 3210s
 20964918  5692 infeasible   90        27.99999   27.00000  3.57%  34.9 3215s
 21002633  5492 infeasible   87        27.99999   27.00000  3.57%  34.9 3220s
 21040831  5484   27.00000   86   29   27.99999   27.00000  3.57%  34.9 3225s
H21056357  5353                      27.9999784   27.00000  3.57%  34.9 3226s
 21079149  5345 infeasible   82        27.99998   27.00000  3.57%  34.9 3230s
 21116976  5291 infeasible   81        27.99998   27.00000  3.57%  34.9 3235s
 21153782  5152 infeasible   87        27.99998   27.00000  3.57%  34.9 3240s
 21192186  5138   27.00000   90   36   27.99998   27.00000  3.57%  34.9 3245s
 21226153  5054 infeasible   93        27.99998   27.00000  3.57%  34.8 3250s
 21261419  5009   27.00000   83   27   27.99998   27.00000  3.57%  34.8 3255s
 21296423  5407 infeasible   79        27.99998   27.00000  3.57%  34.8 3260s
 21333067  5172   27.00000   71   37   27.99998   27.00000  3.57%  34.8 3265s
 21367871  4987     cutoff   88        27.99998   27.00000  3.57%  34.8 3270s
 21401451  5140   27.00000   73   28   27.99998   27.00000  3.57%  34.8 3275s
 21435738  5568 infeasible   85        27.99998   27.00000  3.57%  34.8 3280s
 21472367  5235 infeasible   74        27.99998   27.00000  3.57%  34.8 3285s
 21508376  5206 infeasible   70        27.99998   27.00000  3.57%  34.8 3290s
 21544046  5122 infeasible   82        27.99998   27.00000  3.57%  34.8 3295s
 21579243  4985   27.00000   92   24   27.99998   27.00000  3.57%  34.8 3300s
 21610002  4902   27.00000   77   50   27.99998   27.00000  3.57%  34.8 3305s
 21644329  4857   27.00000   85   31   27.99998   27.00000  3.57%  34.8 3310s
 21680683  5131   27.00000   77   37   27.99998   27.00000  3.57%  34.8 3315s
 21717578  4812 infeasible   74        27.99998   27.00000  3.57%  34.8 3320s
 21753938  5163     cutoff   76        27.99998   27.00000  3.57%  34.8 3325s
 21791981  4849 infeasible   72        27.99998   27.00000  3.57%  34.8 3330s
 21826699  4769   27.00000   72   42   27.99998   27.00000  3.57%  34.8 3335s
 21864092  4693 infeasible   78        27.99998   27.00000  3.57%  34.8 3340s
 21899585  5197     cutoff   86        27.99998   27.00000  3.57%  34.8 3345s
 21934118  5036   27.00000   88   30   27.99998   27.00000  3.57%  34.7 3350s
 21969418  4845 infeasible   76        27.99998   27.00000  3.57%  34.7 3355s
 22002993  5059 infeasible   76        27.99998   27.00000  3.57%  34.7 3360s
 22037516  5008 infeasible   82        27.99998   27.00000  3.57%  34.7 3365s
 22071101  5088 infeasible   74        27.99998   27.00000  3.57%  34.7 3370s
 22105014  4924 infeasible   74        27.99998   27.00000  3.57%  34.7 3375s
 22138888  4673 infeasible   68        27.99998   27.00000  3.57%  34.7 3380s
 22175844  5284 infeasible   87        27.99998   27.00000  3.57%  34.7 3385s
 22213260  5063 infeasible   82        27.99998   27.00000  3.57%  34.7 3390s
 22250756  5022 infeasible   90        27.99998   27.00000  3.57%  34.7 3395s
 22283604  4865   27.00000   85   38   27.99998   27.00000  3.57%  34.7 3400s
 22319184  4532   27.00000   67   47   27.99998   27.00000  3.57%  34.7 3405s
 22352649  4796   27.00000   65   40   27.99998   27.00000  3.57%  34.7 3410s
 22384064  5271   27.00000   63   40   27.99998   27.00000  3.57%  34.7 3415s
 22417435  5331 infeasible   72        27.99998   27.00000  3.57%  34.7 3420s
 22448822  5181   27.00000   75   23   27.99998   27.00000  3.57%  34.7 3425s
 22480880  5013   27.00000   69   45   27.99998   27.00000  3.57%  34.7 3430s
 22513328  4917 infeasible   79        27.99998   27.00000  3.57%  34.7 3435s
 22544956  4822 infeasible   73        27.99998   27.00000  3.57%  34.7 3440s
 22576595  4678 infeasible   70        27.99998   27.00000  3.57%  34.7 3445s
 22609647  4720 infeasible   66        27.99998   27.00000  3.57%  34.7 3450s
 22641561  4920   27.00000   67   54   27.99998   27.00000  3.57%  34.7 3455s
 22674451  4719   27.00000   75   40   27.99998   27.00000  3.57%  34.7 3460s
 22707554  4439   27.00000   74   39   27.99998   27.00000  3.57%  34.7 3465s
 22735406  5177 infeasible   72        27.99998   27.00000  3.57%  34.7 3470s
 22769121  5331 infeasible   72        27.99998   27.00000  3.57%  34.7 3475s
 22806778  5493 infeasible   80        27.99998   27.00000  3.57%  34.7 3480s
 22844569  5088 infeasible   74        27.99998   27.00000  3.57%  34.7 3485s
 22878880  4910   27.00000   76   47   27.99998   27.00000  3.57%  34.7 3490s
 22911164  4752 infeasible   72        27.99998   27.00000  3.57%  34.7 3495s
 22943461  5152   27.00000   60   35   27.99998   27.00000  3.57%  34.7 3500s
 22977679  5092 infeasible   74        27.99998   27.00000  3.57%  34.7 3505s
 23012307  4836   27.00000   72   24   27.99998   27.00000  3.57%  34.7 3510s
 23047175  5076   27.00000   67   28   27.99998   27.00000  3.57%  34.7 3515s
 23083625  4721 infeasible   72        27.99998   27.00000  3.57%  34.7 3520s
 23119276  4713   27.00000   72   49   27.99998   27.00000  3.57%  34.7 3525s
 23149773  4846 infeasible   72        27.99998   27.00000  3.57%  34.7 3530s
 23181661  4959 infeasible   78        27.99998   27.00000  3.57%  34.7 3535s
 23213455  4725   27.00000   77   27   27.99998   27.00000  3.57%  34.7 3540s
 23243894  5199 infeasible   80        27.99998   27.00000  3.57%  34.7 3545s
 23275252  4864 infeasible   82        27.99998   27.00000  3.57%  34.7 3550s
 23306374  4844   27.00000   69   30   27.99998   27.00000  3.57%  34.7 3555s
 23338365  4690   27.00000   77   35   27.99998   27.00000  3.57%  34.7 3560s
 23370060  4589 infeasible   70        27.99998   27.00000  3.57%  34.8 3565s
 23404505  5380   27.00000   74   31   27.99998   27.00000  3.57%  34.8 3570s
 23441992  5516   27.00000   74   54   27.99998   27.00000  3.57%  34.7 3575s
 23477210  5374   27.00000   67   31   27.99998   27.00000  3.57%  34.7 3580s
 23513458  5404   27.00000   78   26   27.99998   27.00000  3.57%  34.7 3585s
 23550760  5187   27.00000   79   35   27.99998   27.00000  3.57%  34.7 3590s
 23586359  4860 infeasible   90        27.99998   27.00000  3.57%  34.7 3595s
 23617396  4517   27.00000   70   29   27.99998   27.00000  3.57%  34.7 3600s
 23648660  4577 infeasible   71        27.99998   27.00000  3.57%  34.7 3605s
 23680701  5312 infeasible   76        27.99998   27.00000  3.57%  34.7 3610s
 23712270  5356 infeasible   87        27.99998   27.00000  3.57%  34.8 3615s
 23745240  5266   27.00000   82   28   27.99998   27.00000  3.57%  34.8 3620s
 23779749  5209   27.00000   79   34   27.99998   27.00000  3.57%  34.8 3625s
 23813015  5173   27.00000   68   58   27.99998   27.00000  3.57%  34.8 3630s
 23845134  5103 infeasible   74        27.99998   27.00000  3.57%  34.8 3635s
 23876380  4984   27.00000   84   42   27.99998   27.00000  3.57%  34.8 3640s
 23906859  5071   27.00000   84   33   27.99998   27.00000  3.57%  34.8 3645s
 23937624  4963   27.00000   78   40   27.99998   27.00000  3.57%  34.8 3650s
 23968150  5021 infeasible   81        27.99998   27.00000  3.57%  34.8 3655s
 24000012  5168   27.00000   74   26   27.99998   27.00000  3.57%  34.8 3660s
 24031358  4838 infeasible   90        27.99998   27.00000  3.57%  34.8 3665s
 24061470  5782 infeasible   70        27.99998   27.00000  3.57%  34.8 3670s
 24093593  5596   27.00000   69   32   27.99998   27.00000  3.57%  34.8 3675s
 24124429  5523   27.00000   76   36   27.99998   27.00000  3.57%  34.8 3680s
 24155911  5409   27.00000   64   45   27.99998   27.00000  3.57%  34.8 3685s
 24190412  5572   27.00000   82   27   27.99998   27.00000  3.57%  34.8 3690s
 24223925  5361   27.00000   76   54   27.99998   27.00000  3.57%  34.8 3695s
 24252493  5344   27.00000   82   31   27.99998   27.00000  3.57%  34.8 3700s
 24283557  5350 infeasible   93        27.99998   27.00000  3.57%  34.8 3705s
 24314895  5213   27.00000   73   21   27.99998   27.00000  3.57%  34.8 3710s
 24348498  5290 infeasible   77        27.99998   27.00000  3.57%  34.8 3715s
 24380303  5132   27.00000   67   31   27.99998   27.00000  3.57%  34.8 3720s
 24414134  5633   27.00000   71   37   27.99998   27.00000  3.57%  34.8 3725s
 24447876  5406   27.00000   80   35   27.99998   27.00000  3.57%  34.8 3730s
 24480978  5314 infeasible   75        27.99998   27.00000  3.57%  34.8 3735s
 24514055  5142   27.00000   78   30   27.99998   27.00000  3.57%  34.8 3740s
 24547708  5604 infeasible   78        27.99998   27.00000  3.57%  34.9 3745s
 24579038  5366   27.00000   72   29   27.99998   27.00000  3.57%  34.9 3750s
 24610318  5147   27.00000   78   35   27.99998   27.00000  3.57%  34.9 3755s
 24643749  5131   27.00000   71   37   27.99998   27.00000  3.57%  34.9 3760s
 24677494  5300   27.00000   67   42   27.99998   27.00000  3.57%  34.9 3765s
 24711120  5166 infeasible   70        27.99998   27.00000  3.57%  34.9 3770s
 24742882  5342 infeasible   78        27.99998   27.00000  3.57%  34.9 3775s
 24773363  5436 infeasible   82        27.99998   27.00000  3.57%  34.9 3780s
 24809736  5352 infeasible   81        27.99998   27.00000  3.57%  34.9 3785s
 24845305  5189   27.00000   78   24   27.99998   27.00000  3.57%  34.9 3790s
 24880367  5101 infeasible   73        27.99998   27.00000  3.57%  34.9 3795s
 24915937  5138 infeasible   83        27.99998   27.00000  3.57%  34.9 3800s
 24951178  4879   27.00000   79   22   27.99998   27.00000  3.57%  34.9 3805s
 24982128  4828 infeasible   82        27.99998   27.00000  3.57%  34.9 3810s
 25013222  4854 infeasible   74        27.99998   27.00000  3.57%  34.9 3815s
 25044602  4905 infeasible   74        27.99998   27.00000  3.57%  34.9 3820s
 25076266  4817   27.00000   73   41   27.99998   27.00000  3.57%  34.9 3825s
 25107530  4989 infeasible   78        27.99998   27.00000  3.57%  34.9 3830s
 25138801  5314 infeasible   78        27.99998   27.00000  3.57%  34.9 3835s
 25170937  5104 infeasible   76        27.99998   27.00000  3.57%  34.9 3840s
 25202131  5027   27.00000   71   35   27.99998   27.00000  3.57%  34.9 3845s
 25232177  4845   27.00000   64   32   27.99998   27.00000  3.57%  34.9 3850s
 25263563  4957 infeasible   77        27.99998   27.00000  3.57%  34.9 3855s
 25296639  4748   27.00000   69   46   27.99998   27.00000  3.57%  34.9 3860s
 25328105  4702 infeasible   77        27.99998   27.00000  3.57%  34.9 3865s
 25358403  4457 infeasible   71        27.99998   27.00000  3.57%  34.9 3870s
 25391155  4451 infeasible   85        27.99998   27.00000  3.57%  34.9 3875s
 25423823  4722   27.00000   74   34   27.99998   27.00000  3.57%  34.9 3880s
 25457951  4528   27.00000   68   38   27.99998   27.00000  3.57%  34.9 3885s
 25490791  4374   27.00000   87   39   27.99998   27.00000  3.57%  34.9 3890s
 25519381  4340   27.00000   59   45   27.99998   27.00000  3.57%  35.0 3895s
 25554063  5038 infeasible   68        27.99998   27.00000  3.57%  35.0 3900s
 25587742  5451 infeasible   69        27.99998   27.00000  3.57%  35.0 3905s
 25621266  5341 infeasible   80        27.99998   27.00000  3.57%  35.0 3910s
 25656484  5152   27.00000   65   36   27.99998   27.00000  3.57%  35.0 3915s
 25689996  4903 infeasible   64        27.99998   27.00000  3.57%  35.0 3920s
 25724516  4775   27.00000   72   43   27.99998   27.00000  3.57%  35.0 3925s
 25759390  4730 infeasible   67        27.99998   27.00000  3.57%  35.0 3930s
 25793412  4630 infeasible   72        27.99998   27.00000  3.57%  35.0 3935s
 25825429  5308   27.00000   68   30   27.99998   27.00000  3.57%  35.0 3940s
 25860584  5166 infeasible   72        27.99998   27.00000  3.57%  35.0 3945s
 25894734  5186   27.00000   68   39   27.99998   27.00000  3.57%  35.0 3950s
 25927883  4980 infeasible   70        27.99998   27.00000  3.57%  35.0 3955s
 25961996  4950 infeasible   79        27.99998   27.00000  3.57%  35.0 3960s
 25995796  4755 infeasible   70        27.99998   27.00000  3.57%  35.0 3965s
 26029876  4674 infeasible   63        27.99998   27.00000  3.57%  35.0 3970s
 26060742  4646 infeasible   73        27.99998   27.00000  3.57%  35.0 3975s
 26095394  4616 infeasible   82        27.99998   27.00000  3.57%  35.0 3980s
 26127928  4518   27.00000   75   41   27.99998   27.00000  3.57%  35.0 3985s
 26161541  4553   27.00000   69   42   27.99998   27.00000  3.57%  35.0 3990s
 26195758  4575 infeasible   83        27.99998   27.00000  3.57%  35.0 3995s
 26228497  4689   27.00000   64   43   27.99998   27.00000  3.57%  35.0 4000s
 26259710  4706 infeasible   74        27.99998   27.00000  3.57%  35.0 4005s
 26290409  4498 infeasible   84        27.99998   27.00000  3.57%  35.0 4010s
 26322154  4453 infeasible   67        27.99998   27.00000  3.57%  35.0 4015s
 26354103  4271   27.00000   92   23   27.99998   27.00000  3.57%  35.0 4020s
 26386127  4598   27.00000   73   30   27.99998   27.00000  3.57%  35.0 4025s
 26417154  4570   27.00000   67   24   27.99998   27.00000  3.57%  35.0 4030s
 26447234  4352   27.00000   72   26   27.99998   27.00000  3.57%  35.0 4035s
 26479406  4224 infeasible   73        27.99998   27.00000  3.57%  35.0 4040s
 26514265  4111   27.00000   83   37   27.99998   27.00000  3.57%  35.0 4045s
 26551926  4103   27.00000   77   35   27.99998   27.00000  3.57%  35.0 4050s
 26587459  3961   27.00000   81   37   27.99998   27.00000  3.57%  35.0 4055s
 26622310  4097   27.00000   66   29   27.99998   27.00000  3.57%  35.0 4060s
 26656484  4036   27.00000   84   26   27.99998   27.00000  3.57%  35.0 4065s
 26686395  4385   27.00000   76   27   27.99998   27.00000  3.57%  35.0 4070s
 26722801  4775   27.00000   66   41   27.99998   27.00000  3.57%  35.0 4075s
 26757207  4635 infeasible   79        27.99998   27.00000  3.57%  35.0 4080s
 26791902  4481   27.00000   71   28   27.99998   27.00000  3.57%  35.0 4085s
 26827326  4362 infeasible   79        27.99998   27.00000  3.57%  35.0 4090s
 26859952  4870   27.00000   84   29   27.99998   27.00000  3.57%  35.0 4095s
 26888723  5158   27.00000   75   34   27.99998   27.00000  3.57%  35.0 4100s
 26918564  5062   27.00000   84   28   27.99998   27.00000  3.57%  35.0 4105s
 26948097  4852 infeasible   86        27.99998   27.00000  3.57%  35.0 4110s
 26978164  4914   27.00000   78   29   27.99998   27.00000  3.57%  35.1 4115s
 27007627  5043 infeasible   78        27.99998   27.00000  3.57%  35.1 4120s
 27037305  4664   27.00000   75   18   27.99998   27.00000  3.57%  35.1 4125s
 27067887  4634   27.00000   70   27   27.99998   27.00000  3.57%  35.1 4130s
 27098854  4474 infeasible   82        27.99998   27.00000  3.57%  35.1 4135s
 27124127  4703 infeasible   87        27.99998   27.00000  3.57%  35.1 4140s
 27154567  4524 infeasible   78        27.99998   27.00000  3.57%  35.1 4145s
 27187548  4568   27.00000   78   41   27.99998   27.00000  3.57%  35.1 4150s
 27220258  4211 infeasible   95        27.99998   27.00000  3.57%  35.1 4155s
 27254200  4407 infeasible   71        27.99998   27.00000  3.57%  35.1 4160s
 27290967  4245 infeasible   84        27.99998   27.00000  3.57%  35.1 4165s
 27326224  4181 infeasible   75        27.99998   27.00000  3.57%  35.1 4170s
 27362510  4118 infeasible   74        27.99998   27.00000  3.57%  35.1 4175s
 27397829  4087   27.00000   74   24   27.99998   27.00000  3.57%  35.1 4180s
 27431880  3940 infeasible   79        27.99998   27.00000  3.57%  35.1 4185s
 27468291  3921   27.00000   74   55   27.99998   27.00000  3.57%  35.1 4190s
 27502782  4403   27.00000   77   38   27.99998   27.00000  3.57%  35.1 4195s
 27541878  4417   27.00000  100   15   27.99998   27.00000  3.57%  35.1 4200s
 27584124  4211   27.00000   78   34   27.99998   27.00000  3.57%  35.1 4205s
 27623249  4060   27.00000   81   42   27.99998   27.00000  3.57%  35.1 4210s
 27655997  4184   27.00000   80   29   27.99998   27.00000  3.57%  35.1 4215s
 27686862  4079   27.00000   85   17   27.99998   27.00000  3.57%  35.1 4220s
 27719748  3782   27.00000   73   43   27.99998   27.00000  3.57%  35.1 4225s
 27755528  3736 infeasible   88        27.99998   27.00000  3.57%  35.1 4230s
 27789044  3703   27.00000   67   32   27.99998   27.00000  3.57%  35.1 4235s
 27821067  3544   27.00000   69   33   27.99998   27.00000  3.57%  35.1 4240s
 27854512  3495   27.00000   68   44   27.99998   27.00000  3.57%  35.1 4245s
 27887883  3392 infeasible   72        27.99998   27.00000  3.57%  35.1 4250s
 27919623  3979   27.00000   64   41   27.99998   27.00000  3.57%  35.1 4255s
 27945862  3997 infeasible   79        27.99998   27.00000  3.57%  35.1 4260s
 27976108  3712 infeasible   79        27.99998   27.00000  3.57%  35.1 4265s
 28008008  3618   27.00000   77   38   27.99998   27.00000  3.57%  35.1 4270s
 28036976  3686 infeasible   68        27.99998   27.00000  3.57%  35.1 4275s
 28065637  3450 infeasible   74        27.99998   27.00000  3.57%  35.1 4280s
 28095622  3423 infeasible   67        27.99998   27.00000  3.57%  35.1 4285s
 28131151  3794   27.00000   75   37   27.99998   27.00000  3.57%  35.1 4290s
 28165418  3374   27.00000   70   40   27.99998   27.00000  3.57%  35.1 4295s
 28199118  3746   27.00000   80   15   27.99998   27.00000  3.57%  35.1 4300s
 28231934  4868   27.00000   75   26   27.99998   27.00000  3.57%  35.1 4305s
 28265260  4984   27.00000   85   17   27.99998   27.00000  3.57%  35.1 4310s
 28297416  4734 infeasible   82        27.99998   27.00000  3.57%  35.1 4315s
 28329924  4578 infeasible   87        27.99998   27.00000  3.57%  35.1 4320s
 28362715  4573 infeasible   87        27.99998   27.00000  3.57%  35.2 4325s
 28392660  4318 infeasible   77        27.99998   27.00000  3.57%  35.2 4330s
 28423747  4599 infeasible   83        27.99998   27.00000  3.57%  35.2 4335s
 28454659  4442 infeasible   79        27.99998   27.00000  3.57%  35.2 4340s
 28486151  4310 infeasible   84        27.99998   27.00000  3.57%  35.2 4345s
 28517768  4331   27.00000   76   38   27.99998   27.00000  3.57%  35.2 4350s
 28548674  4399   27.00000   74   26   27.99998   27.00000  3.57%  35.2 4355s
 28583230  4716   27.00000   62   31   27.99998   27.00000  3.57%  35.2 4360s
 28618913  4609   27.00000   68   38   27.99998   27.00000  3.57%  35.2 4365s
 28654501  4379 infeasible   72        27.99998   27.00000  3.57%  35.2 4370s
 28688199  4496   27.00000   70   36   27.99998   27.00000  3.57%  35.2 4375s
 28720330  5077   27.00000   71   17   27.99998   27.00000  3.57%  35.2 4380s
 28750752  4863   27.00000   70   57   27.99998   27.00000  3.57%  35.2 4385s
 28778328  4761   27.00000   76   22   27.99998   27.00000  3.57%  35.2 4390s
 28810355  4623   27.00000   83   50   27.99998   27.00000  3.57%  35.2 4395s
 28840466  4737 infeasible   81        27.99998   27.00000  3.57%  35.2 4400s
 28873228  4476   27.00000   67   53   27.99998   27.00000  3.57%  35.2 4405s
 28904510  4559   27.00000   69   42   27.99998   27.00000  3.57%  35.2 4410s
 28936970  4688 infeasible   76        27.99998   27.00000  3.57%  35.2 4415s
 28967999  4568 infeasible   81        27.99998   27.00000  3.57%  35.2 4420s
 29000240  4432 infeasible   72        27.99998   27.00000  3.57%  35.2 4425s
 29031928  4180   27.00000   75   51   27.99998   27.00000  3.57%  35.3 4430s
 29058883  4480   27.00000   82   29   27.99998   27.00000  3.57%  35.3 4435s
 29090128  4773   27.00000   64   20   27.99998   27.00000  3.57%  35.3 4440s
 29123613  4470 infeasible   70        27.99998   27.00000  3.57%  35.3 4445s
 29154954  4215   27.00000   74   41   27.99998   27.00000  3.57%  35.3 4450s
 29188639  4805 infeasible   70        27.99998   27.00000  3.57%  35.3 4455s
 29221866  4850 infeasible   82        27.99998   27.00000  3.57%  35.3 4460s
 29255769  4594 infeasible   74        27.99998   27.00000  3.57%  35.3 4465s
 29288558  4408 infeasible   83        27.99998   27.00000  3.57%  35.3 4470s
 29322184  4266   27.00000   71   33   27.99998   27.00000  3.57%  35.3 4475s
 29354968  4204 infeasible   75        27.99998   27.00000  3.57%  35.3 4480s
 29388777  4578   27.00000   73   41   27.99998   27.00000  3.57%  35.3 4485s
 29423332  4879   27.00000   70   24   27.99998   27.00000  3.57%  35.3 4490s
 29461653  4672   27.00000   71   36   27.99998   27.00000  3.57%  35.3 4495s
 29496461  4527   27.00000   79   23   27.99998   27.00000  3.57%  35.3 4500s
 29528924  4461 infeasible   70        27.99998   27.00000  3.57%  35.3 4505s
 29565089  4694 infeasible   80        27.99998   27.00000  3.57%  35.3 4510s
 29603985  4772   27.00000   65   31   27.99998   27.00000  3.57%  35.3 4515s
 29642466  4504 infeasible   72        27.99998   27.00000  3.57%  35.3 4520s
 29680591  4393   27.00000   76   43   27.99998   27.00000  3.57%  35.3 4525s
 29718035  4246 infeasible   91        27.99998   27.00000  3.57%  35.3 4530s
 29756021  4458   27.00000   67   32   27.99998   27.00000  3.57%  35.3 4535s
 29796785  4301   27.00000   85   13   27.99998   27.00000  3.57%  35.2 4540s
 29831761  4780 infeasible   84        27.99998   27.00000  3.57%  35.2 4545s
 29865651  4660   27.00000   79   28   27.99998   27.00000  3.57%  35.3 4550s
 29899347  4390   27.00000   88   21   27.99998   27.00000  3.57%  35.3 4555s
 29931162  4239 infeasible   81        27.99998   27.00000  3.57%  35.3 4560s
 29963196  4362 infeasible   75        27.99998   27.00000  3.57%  35.3 4565s
 29996025  4149   27.00000   77   38   27.99998   27.00000  3.57%  35.3 4570s
 30029498  4835   27.00000   65   31   27.99998   27.00000  3.57%  35.3 4575s
 30062986  5065   27.00000   69   31   27.99998   27.00000  3.57%  35.3 4580s
 30098639  4957   27.00000   63   46   27.99998   27.00000  3.57%  35.3 4585s
 30136484  4842   27.00000   71   43   27.99998   27.00000  3.57%  35.3 4590s
 30174690  4605 infeasible   79        27.99998   27.00000  3.57%  35.3 4595s
 30204700  4501 infeasible   70        27.99998   27.00000  3.57%  35.3 4600s
 30244006  4417 infeasible   68        27.99998   27.00000  3.57%  35.3 4605s
 30281380  4338   27.00000   62   26   27.99998   27.00000  3.57%  35.3 4610s
 30317911  4257 infeasible   63        27.99998   27.00000  3.57%  35.3 4615s
 30354272  4213 infeasible   87        27.99998   27.00000  3.57%  35.2 4620s
 30390967  4245 infeasible   60        27.99998   27.00000  3.57%  35.2 4625s
 30427090  4514   27.00000   66   27   27.99998   27.00000  3.57%  35.2 4630s
 30464143  4558 infeasible   80        27.99998   27.00000  3.57%  35.2 4635s
 30500463  4474   27.00000   77   43   27.99998   27.00000  3.57%  35.2 4640s
 30537757  4286 infeasible   65        27.99998   27.00000  3.57%  35.2 4645s
 30574140  4327 infeasible   70        27.99998   27.00000  3.57%  35.2 4650s
 30610488  4239 infeasible   71        27.99998   27.00000  3.57%  35.2 4655s
 30648573  4561   27.00000   72   43   27.99998   27.00000  3.57%  35.2 4660s
 30685111  4695 infeasible   75        27.99998   27.00000  3.57%  35.2 4665s
 30724299  4418 infeasible   76        27.99998   27.00000  3.57%  35.2 4670s
 30765387  4276   27.00000   84   27   27.99998   27.00000  3.57%  35.2 4675s
 30803771  4552   27.00000   71   23   27.99998   27.00000  3.57%  35.2 4680s
 30838911  4414 infeasible   79        27.99998   27.00000  3.57%  35.2 4685s
 30875909  4185 infeasible   84        27.99998   27.00000  3.57%  35.2 4690s
 30916072  4368 infeasible   81        27.99998   27.00000  3.57%  35.2 4695s
 30958833  4161   27.00000   80   33   27.99998   27.00000  3.57%  35.2 4700s
 30997074  5250 infeasible   81        27.99998   27.00000  3.57%  35.2 4705s
 31029717  5146 infeasible   89        27.99998   27.00000  3.57%  35.2 4710s
 31063526  5088   27.00000   79   52   27.99998   27.00000  3.57%  35.2 4715s
 31097729  4977 infeasible   79        27.99998   27.00000  3.57%  35.2 4720s
 31130793  4923   27.00000   76   38   27.99998   27.00000  3.57%  35.2 4725s
 31164472  4823 infeasible   82        27.99998   27.00000  3.57%  35.2 4730s
 31203134  4887 infeasible   76        27.99998   27.00000  3.57%  35.2 4735s
 31240943  5043   27.00000   86   31   27.99998   27.00000  3.57%  35.2 4740s
 31276413  4915 infeasible   85        27.99998   27.00000  3.57%  35.2 4745s
 31314542  4674 infeasible   80        27.99998   27.00000  3.57%  35.2 4750s
 31354825  4651   27.00000   77   40   27.99998   27.00000  3.57%  35.1 4755s
 31394148  4648   27.00000   86   36   27.99998   27.00000  3.57%  35.1 4760s
 31438076  4514 infeasible   83        27.99998   27.00000  3.57%  35.1 4765s
 31472653  4524 infeasible   90        27.99998   27.00000  3.57%  35.1 4770s
 31514521  4373   27.00000   83   24   27.99998   27.00000  3.57%  35.1 4775s
 31555077  4518 infeasible   81        27.99998   27.00000  3.57%  35.1 4780s
 31595202  4571   27.00000   93   23   27.99998   27.00000  3.57%  35.1 4785s
 31637178  4358   27.00000   72   37   27.99998   27.00000  3.57%  35.1 4790s
 31680980  4385 infeasible   82        27.99998   27.00000  3.57%  35.1 4795s
 31720344  4641 infeasible   68        27.99998   27.00000  3.57%  35.1 4800s
 31755033  4963 infeasible   64        27.99998   27.00000  3.57%  35.1 4805s
 31788149  4968   27.00000   65   45   27.99998   27.00000  3.57%  35.1 4810s
 31820048  4724   27.00000   70   28   27.99998   27.00000  3.57%  35.1 4815s
 31852439  4464   27.00000   80   25   27.99998   27.00000  3.57%  35.1 4820s
 31886882  4451   27.00000   75   39   27.99998   27.00000  3.57%  35.1 4825s
 31925539  4408   27.00000   71   49   27.99998   27.00000  3.57%  35.1 4830s
 31966246  4644   27.00000   79   29   27.99998   27.00000  3.57%  35.0 4835s
 32007225  4765   27.00000   80   37   27.99998   27.00000  3.57%  35.0 4840s
 32050729  4763 infeasible   92        27.99998   27.00000  3.57%  35.0 4845s
 32094537  4427 infeasible   84        27.99998   27.00000  3.57%  35.0 4850s
 32135377  4528 infeasible   77        27.99998   27.00000  3.57%  35.0 4855s
 32170352  4856 infeasible   80        27.99998   27.00000  3.57%  35.0 4860s
 32206429  4915 infeasible   79        27.99998   27.00000  3.57%  35.0 4865s
 32243312  4524   27.00000   85   32   27.99998   27.00000  3.57%  35.0 4870s
 32280160  4283 infeasible   86        27.99998   27.00000  3.57%  35.0 4875s
 32316222  4604 infeasible   79        27.99998   27.00000  3.57%  35.0 4880s
 32352733  4595   27.00000   87   35   27.99998   27.00000  3.57%  35.0 4885s
 32390087  4431   27.00000   72   37   27.99998   27.00000  3.57%  35.0 4890s
 32424391  4249   27.00000   76   23   27.99998   27.00000  3.57%  35.0 4895s
 32458119  4535   27.00000   68   29   27.99998   27.00000  3.57%  35.0 4900s
 32492047  4418   27.00000   68   39   27.99998   27.00000  3.57%  35.0 4905s
 32524201  4167 infeasible   68        27.99998   27.00000  3.57%  35.0 4910s
 32557831  4820   27.00000   66   29   27.99998   27.00000  3.57%  35.0 4915s
 32591629  4777   27.00000   80   38   27.99998   27.00000  3.57%  35.0 4920s
 32620531  4719 infeasible   73        27.99998   27.00000  3.57%  35.0 4925s
 32652700  5115 infeasible   73        27.99998   27.00000  3.57%  35.0 4930s
 32684890  5269   27.00000   73   49   27.99998   27.00000  3.57%  35.0 4935s
 32715602  5094   27.00000   79   35   27.99998   27.00000  3.57%  35.0 4940s
 32747819  5207 infeasible   89        27.99998   27.00000  3.57%  35.0 4945s
 32781492  4896   27.00000   69   33   27.99998   27.00000  3.57%  35.0 4950s
 32814303  4757 infeasible   73        27.99998   27.00000  3.57%  35.0 4955s
 32845014  5029   27.00000   73   45   27.99998   27.00000  3.57%  35.0 4960s
 32874973  4909   27.00000   71   40   27.99998   27.00000  3.57%  35.0 4965s
 32902781  4767 infeasible   86        27.99998   27.00000  3.57%  35.0 4970s
 32931946  4798   27.00000   79   34   27.99998   27.00000  3.57%  35.1 4975s
 32964901  4497   27.00000   75   28   27.99998   27.00000  3.57%  35.1 4980s
 32999281  4634 infeasible   80        27.99998   27.00000  3.57%  35.1 4985s
 33031896  4978   27.00000   68   38   27.99998   27.00000  3.57%  35.1 4990s
 33065385  4628   27.00000   78   34   27.99998   27.00000  3.57%  35.1 4995s
 33097869  4934 infeasible   76        27.99998   27.00000  3.57%  35.1 5000s
 33125774  4804   27.00000   70   44   27.99998   27.00000  3.57%  35.1 5005s
 33158124  4601   27.00000   79   42   27.99998   27.00000  3.57%  35.1 5010s
 33190410  4426   27.00000   69   35   27.99998   27.00000  3.57%  35.1 5015s
 33222244  4562 infeasible   74        27.99998   27.00000  3.57%  35.1 5020s
 33252373  4525   27.00000   66   36   27.99998   27.00000  3.57%  35.1 5025s
 33282923  4320   27.00000   71   29   27.99998   27.00000  3.57%  35.1 5030s
 33315564  4263   27.00000   72   37   27.99998   27.00000  3.57%  35.1 5035s
 33350574  4240 infeasible   75        27.99998   27.00000  3.57%  35.1 5040s
 33384190  4467 infeasible   79        27.99998   27.00000  3.57%  35.1 5045s
 33415020  4669 infeasible   84        27.99998   27.00000  3.57%  35.1 5050s
 33447300  4467 infeasible   79        27.99998   27.00000  3.57%  35.1 5055s
 33478701  4522   27.00000   82   35   27.99998   27.00000  3.57%  35.1 5060s
 33511024  4425   27.00000   78   33   27.99998   27.00000  3.57%  35.1 5065s
 33539010  4231 infeasible   80        27.99998   27.00000  3.57%  35.1 5070s
 33571349  4219   27.00000   79   29   27.99998   27.00000  3.57%  35.1 5075s
 33600260  4200 infeasible   72        27.99998   27.00000  3.57%  35.1 5080s
 33630947  4108 infeasible   80        27.99998   27.00000  3.57%  35.1 5085s
 33662789  4577   27.00000   61   36   27.99998   27.00000  3.57%  35.2 5090s
 33694036  4669 infeasible   65        27.99998   27.00000  3.57%  35.2 5095s
 33724346  4485   27.00000   75   19   27.99998   27.00000  3.57%  35.2 5100s
 33756521  4292   27.00000   69   46   27.99998   27.00000  3.57%  35.2 5105s
 33787416  4183 infeasible   70        27.99998   27.00000  3.57%  35.2 5110s
 33819439  4193   27.00000   73   37   27.99998   27.00000  3.57%  35.2 5115s
 33852526  4155 infeasible   81        27.99998   27.00000  3.57%  35.2 5120s
 33883916  4073   27.00000   76   29   27.99998   27.00000  3.57%  35.2 5125s
 33915889  4420 infeasible   76        27.99998   27.00000  3.57%  35.2 5130s
 33946710  4188 infeasible   75        27.99998   27.00000  3.57%  35.2 5135s
 33978862  4029   27.00000   82   38   27.99998   27.00000  3.57%  35.2 5140s
 34010045  4430 infeasible   79        27.99998   27.00000  3.57%  35.2 5145s
 34041588  4211 infeasible   73        27.99998   27.00000  3.57%  35.2 5150s
 34071545  4095   27.00000   61   29   27.99998   27.00000  3.57%  35.2 5155s
 34102632  4201 infeasible   83        27.99998   27.00000  3.57%  35.2 5160s
 34136027  4510   27.00000   81   35   27.99998   27.00000  3.57%  35.2 5165s
 34172083  4423   27.00000   79   20   27.99998   27.00000  3.57%  35.2 5170s
 34206552  4148   27.00000   80   25   27.99998   27.00000  3.57%  35.2 5175s
 34241051  4559 infeasible   76        27.99998   27.00000  3.57%  35.2 5180s
 34273569  4294   27.00000   77   36   27.99998   27.00000  3.57%  35.2 5185s
 34307029  4228   27.00000   67   55   27.99998   27.00000  3.57%  35.2 5190s
 34336356  4618 infeasible   76        27.99998   27.00000  3.57%  35.2 5195s
 34365955  4798   27.00000   80   45   27.99998   27.00000  3.57%  35.2 5200s
 34395269  4640   27.00000   83   42   27.99998   27.00000  3.57%  35.2 5205s
 34425638  4344 infeasible   71        27.99998   27.00000  3.57%  35.2 5210s
 34455917  4765 infeasible   74        27.99998   27.00000  3.57%  35.2 5215s
 34485903  4352   27.00000   89   36   27.99998   27.00000  3.57%  35.2 5220s
 34516349  4335   27.00000   79   53   27.99998   27.00000  3.57%  35.2 5225s
 34548859  4195   27.00000   73   51   27.99998   27.00000  3.57%  35.2 5230s
 34581242  4097   27.00000   88   33   27.99998   27.00000  3.57%  35.2 5235s
 34609446  3952   27.00000   68   46   27.99998   27.00000  3.57%  35.3 5240s
 34642167  4153   27.00000   71   31   27.99998   27.00000  3.57%  35.3 5245s
 34675378  4095 infeasible   95        27.99998   27.00000  3.57%  35.3 5250s
 34708794  3959   27.00000   70   37   27.99998   27.00000  3.57%  35.3 5255s
 34742236  4892 infeasible   71        27.99998   27.00000  3.57%  35.3 5260s
 34777180  5002 infeasible   74        27.99998   27.00000  3.57%  35.3 5265s
 34810194  4831 infeasible   63        27.99998   27.00000  3.57%  35.3 5270s
 34843542  4764 infeasible   76        27.99998   27.00000  3.57%  35.3 5275s
 34878075  4679 infeasible   75        27.99998   27.00000  3.57%  35.3 5280s
 34911906  4528   27.00000   75   32   27.99998   27.00000  3.57%  35.3 5285s
 34941664  4695   27.00000   79   33   27.99998   27.00000  3.57%  35.3 5290s
 34976041  4455 infeasible   72        27.99998   27.00000  3.57%  35.3 5295s
 35010805  4725   27.00000   74   32   27.99998   27.00000  3.57%  35.3 5300s
 35044559  4358   27.00000   79   39   27.99998   27.00000  3.57%  35.3 5305s
 35078464  4632   27.00000   65   44   27.99998   27.00000  3.57%  35.3 5310s
 35113957  4740   27.00000   75   32   27.99998   27.00000  3.57%  35.3 5315s
 35148362  4303 infeasible   74        27.99998   27.00000  3.57%  35.3 5320s
 35181894  4227   27.00000   71   25   27.99998   27.00000  3.57%  35.3 5325s
 35215268  4240   27.00000   72   40   27.99998   27.00000  3.57%  35.3 5330s
 35248820  4323 infeasible   79        27.99998   27.00000  3.57%  35.3 5335s
 35283131  4471   27.00000   71   39   27.99998   27.00000  3.57%  35.3 5340s
 35316925  4433 infeasible   79        27.99998   27.00000  3.57%  35.3 5345s
 35352055  4173   27.00000   73   26   27.99998   27.00000  3.57%  35.3 5350s
 35386372  4218 infeasible   77        27.99998   27.00000  3.57%  35.3 5355s
 35417800  4204 infeasible   78        27.99998   27.00000  3.57%  35.3 5360s
 35451812  4189 infeasible   67        27.99998   27.00000  3.57%  35.3 5365s
 35486179  4400   27.00000   72   19   27.99998   27.00000  3.57%  35.3 5370s
 35519836  4150 infeasible   75        27.99998   27.00000  3.57%  35.3 5375s
 35553150  4688 infeasible   66        27.99998   27.00000  3.57%  35.3 5380s
 35587189  4781 infeasible   73        27.99998   27.00000  3.57%  35.3 5385s
 35622868  4570 infeasible   79        27.99998   27.00000  3.57%  35.3 5390s
 35656732  4448 infeasible   74        27.99998   27.00000  3.57%  35.3 5395s
 35690627  4370 infeasible   72        27.99998   27.00000  3.57%  35.3 5400s
 35723674  4381 infeasible   78        27.99998   27.00000  3.57%  35.3 5405s
 35755303  4233   27.00000   71   26   27.99998   27.00000  3.57%  35.3 5410s
 35789738  4134   27.00000   70   34   27.99998   27.00000  3.57%  35.3 5415s
 35823879  4193   27.00000   79   25   27.99998   27.00000  3.57%  35.3 5420s
 35857727  4207   27.00000   78   36   27.99998   27.00000  3.57%  35.3 5425s
 35890048  3956   27.00000   75   19   27.99998   27.00000  3.57%  35.3 5430s
 35921863  4041   27.00000   78   20   27.99998   27.00000  3.57%  35.3 5435s
 35955286  4311   27.00000   76   37   27.99998   27.00000  3.57%  35.3 5440s
 35987248  4698 infeasible   81        27.99998   27.00000  3.57%  35.3 5445s
 36018719  4294 infeasible   81        27.99998   27.00000  3.57%  35.3 5450s
 36051349  4221 infeasible   89        27.99998   27.00000  3.57%  35.3 5455s
 36084058  4133   27.00000   73   28   27.99998   27.00000  3.57%  35.3 5460s
 36116603  4170   27.00000   81   31   27.99998   27.00000  3.57%  35.3 5465s
 36147097  4599 infeasible   72        27.99998   27.00000  3.57%  35.3 5470s
 36177617  4534   27.00000   78   23   27.99998   27.00000  3.57%  35.3 5475s
 36207531  4135   27.00000   77   33   27.99998   27.00000  3.57%  35.3 5480s
 36240220  4657 infeasible   84        27.99998   27.00000  3.57%  35.3 5485s
 36273467  4455 infeasible   73        27.99998   27.00000  3.57%  35.4 5490s
 36305486  4531   27.00000   81   21   27.99998   27.00000  3.57%  35.4 5495s
 36336729  4305   27.00000   95   17   27.99998   27.00000  3.57%  35.4 5500s
 36363865  4141   27.00000   95   44   27.99998   27.00000  3.57%  35.4 5505s
 36397356  4350 infeasible   75        27.99998   27.00000  3.57%  35.4 5510s
 36428810  4155   27.00000   68   33   27.99998   27.00000  3.57%  35.4 5515s
 36459884  3998   27.00000   75   41   27.99998   27.00000  3.57%  35.4 5520s
 36495375  4884   27.00000   72   41   27.99998   27.00000  3.57%  35.4 5525s
 36531495  5208   27.00000   72   44   27.99998   27.00000  3.57%  35.4 5530s
 36569100  4930   27.00000   73   42   27.99998   27.00000  3.57%  35.4 5535s
 36612271  5005   27.00000   70   48   27.99998   27.00000  3.57%  35.4 5540s
 36651098  4955   27.00000   71   45   27.99998   27.00000  3.57%  35.3 5545s
 36691015  4734 infeasible   83        27.99998   27.00000  3.57%  35.3 5550s
 36729743  4780 infeasible   91        27.99998   27.00000  3.57%  35.3 5555s
 36767158  4748 infeasible   94        27.99998   27.00000  3.57%  35.3 5560s
 36807245  4616   27.00000   88   40   27.99998   27.00000  3.57%  35.3 5565s
H36833186  4572                      27.9999783   27.00000  3.57%  35.3 5568s
 36842566  4549 infeasible   82        27.99998   27.00000  3.57%  35.3 5570s
 36882242  4464 infeasible   76        27.99998   27.00000  3.57%  35.3 5575s
 36919404  4436   27.00000   78   39   27.99998   27.00000  3.57%  35.3 5580s
 36952783  4283 infeasible   77        27.99998   27.00000  3.57%  35.3 5585s
 36986446  4460 infeasible   83        27.99998   27.00000  3.57%  35.3 5590s
 37021032  4254 infeasible   81        27.99998   27.00000  3.57%  35.3 5595s
 37054096  4211 infeasible   88        27.99998   27.00000  3.57%  35.3 5600s
 37088136  4220 infeasible   81        27.99998   27.00000  3.57%  35.3 5605s
 37125792  4639   27.00000   78   27   27.99998   27.00000  3.57%  35.3 5610s
 37160629  4521   27.00000   87   23   27.99998   27.00000  3.57%  35.3 5615s
 37199183  4185 infeasible   81        27.99998   27.00000  3.57%  35.3 5620s
 37237116  4020 infeasible   75        27.99998   27.00000  3.57%  35.3 5625s
 37275484  4439 infeasible   87        27.99998   27.00000  3.57%  35.3 5630s
 37313934  4284 infeasible   85        27.99998   27.00000  3.57%  35.3 5635s
 37355801  4336   27.00000   86   40   27.99998   27.00000  3.57%  35.3 5640s
 37398564  4118   27.00000   91   41   27.99998   27.00000  3.57%  35.2 5645s
 37437109  4453   27.00000   67   34   27.99998   27.00000  3.57%  35.2 5650s
 37472600  4918   27.00000   80   24   27.99998   27.00000  3.57%  35.2 5655s
 37505716  4667 infeasible   71        27.99998   27.00000  3.57%  35.2 5660s
 37541077  4383 infeasible   78        27.99998   27.00000  3.57%  35.2 5665s
 37575225  4286   27.00000   84   38   27.99998   27.00000  3.57%  35.2 5670s
 37611245  4205   27.00000   76   39   27.99998   27.00000  3.57%  35.2 5675s
 37646557  4185 infeasible   72        27.99998   27.00000  3.57%  35.2 5680s
 37680953  3994 infeasible   77        27.99998   27.00000  3.57%  35.2 5685s
 37709506  4005 infeasible   72        27.99998   27.00000  3.57%  35.2 5690s
 37741576  4159 infeasible   72        27.99998   27.00000  3.57%  35.2 5695s
 37772629  4355 infeasible   62        27.99998   27.00000  3.57%  35.2 5700s
 37805156  4149   27.00000   84   28   27.99998   27.00000  3.57%  35.3 5705s
 37835302  4177 infeasible   78        27.99998   27.00000  3.57%  35.3 5710s
 37865846  4086 infeasible   78        27.99998   27.00000  3.57%  35.3 5715s
 37897019  3958   27.00000   65   53   27.99998   27.00000  3.57%  35.3 5720s
 37928128  4645   27.00000   73   35   27.99998   27.00000  3.57%  35.3 5725s
 37958564  4540 infeasible   69        27.99998   27.00000  3.57%  35.3 5730s
 37989044  4478   27.00000   67   36   27.99998   27.00000  3.57%  35.3 5735s
 38019985  4311 infeasible   73        27.99998   27.00000  3.57%  35.3 5740s
 38052710  4166 infeasible   85        27.99998   27.00000  3.57%  35.3 5745s
 38087540  4142 infeasible   78        27.99998   27.00000  3.57%  35.3 5750s
 38121351  4006   27.00000   58   38   27.99998   27.00000  3.57%  35.3 5755s
 38156365  4057   27.00000   69   29   27.99998   27.00000  3.57%  35.3 5760s
 38188820  4022 infeasible   65        27.99998   27.00000  3.57%  35.3 5765s
 38221139  4144 infeasible   71        27.99998   27.00000  3.57%  35.3 5770s
 38251947  3834   27.00000   78   37   27.99998   27.00000  3.57%  35.3 5775s
 38282437  4661 infeasible   73        27.99998   27.00000  3.57%  35.3 5780s
 38313351  4797   27.00000   79   51   27.99998   27.00000  3.57%  35.3 5785s
 38348414  4483   27.00000   77   36   27.99998   27.00000  3.57%  35.3 5790s
 38383010  4602   27.00000   72   21   27.99998   27.00000  3.57%  35.3 5795s
 38416938  4812   27.00000   75   51   27.99998   27.00000  3.57%  35.3 5800s
 38450737  4595 infeasible   63        27.99998   27.00000  3.57%  35.3 5805s
 38486044  4599 infeasible   73        27.99998   27.00000  3.57%  35.3 5810s
 38519237  4327   27.00000   77   36   27.99998   27.00000  3.57%  35.3 5815s
 38551026  4343   27.00000   73   52   27.99998   27.00000  3.57%  35.3 5820s
 38582708  4493 infeasible   83        27.99998   27.00000  3.57%  35.3 5825s
 38614768  4411 infeasible   78        27.99998   27.00000  3.57%  35.3 5830s
 38648183  4221 infeasible   72        27.99998   27.00000  3.57%  35.3 5835s
 38681108  4073   27.00000   76   34   27.99998   27.00000  3.57%  35.3 5840s
 38713274  4380 infeasible   79        27.99998   27.00000  3.57%  35.3 5845s
 38741707  4605   27.00000   78   45   27.99998   27.00000  3.57%  35.3 5850s
 38772519  4343 infeasible   75        27.99998   27.00000  3.57%  35.3 5855s
 38800319  4047 infeasible   86        27.99998   27.00000  3.57%  35.3 5860s
 38830567  3967 infeasible   80        27.99998   27.00000  3.57%  35.3 5865s
 38865549  4007 infeasible   67        27.99998   27.00000  3.57%  35.3 5870s
 38900367  3944 infeasible   81        27.99998   27.00000  3.57%  35.3 5875s
 38934184  3861   27.00000   73   31   27.99998   27.00000  3.57%  35.3 5880s
 38965212  4116 infeasible   69        27.99998   27.00000  3.57%  35.3 5885s
 38994114  4101   27.00000   76   53   27.99998   27.00000  3.57%  35.3 5890s
 39024839  3861 infeasible   81        27.99998   27.00000  3.57%  35.3 5895s
 39054942  3772 infeasible   69        27.99998   27.00000  3.57%  35.3 5900s
 39085959  4247 infeasible   69        27.99998   27.00000  3.57%  35.3 5905s
 39120901  4268   27.00000   85   33   27.99998   27.00000  3.57%  35.3 5910s
 39154615  4086 infeasible   74        27.99998   27.00000  3.57%  35.3 5915s
 39184665  4031 infeasible   75        27.99998   27.00000  3.57%  35.3 5920s
 39218021  4360 infeasible   76        27.99998   27.00000  3.57%  35.3 5925s
 39250803  4164 infeasible   76        27.99998   27.00000  3.57%  35.3 5930s
 39280659  4063 infeasible   77        27.99998   27.00000  3.57%  35.3 5935s
 39313777  4220   27.00000   65   36   27.99998   27.00000  3.57%  35.3 5940s
 39346358  3985 infeasible   85        27.99998   27.00000  3.57%  35.3 5945s
 39379497  3998   27.00000   83   28   27.99998   27.00000  3.57%  35.3 5950s
 39412221  3742   27.00000   72   27   27.99998   27.00000  3.57%  35.3 5955s
 39441618  3670 infeasible   69        27.99998   27.00000  3.57%  35.3 5960s
 39475610  3905 infeasible   60        27.99998   27.00000  3.57%  35.3 5965s
 39509754  4180   27.00000   76   40   27.99998   27.00000  3.57%  35.3 5970s
 39546510  4021   27.00000   64   29   27.99998   27.00000  3.57%  35.3 5975s
 39583048  3765 infeasible   68        27.99998   27.00000  3.57%  35.3 5980s
 39617573  3867 infeasible   67        27.99998   27.00000  3.57%  35.3 5985s
 39654940  3649   27.00000   71   33   27.99998   27.00000  3.57%  35.3 5990s
 39690207  3866 infeasible   71        27.99998   27.00000  3.57%  35.3 5995s
 39721986  4167 infeasible   69        27.99998   27.00000  3.57%  35.3 6000s
 39753744  3843 infeasible   62        27.99998   27.00000  3.57%  35.3 6005s
 39785840  3715   27.00000   68   32   27.99998   27.00000  3.57%  35.3 6010s
 39817217  3704 infeasible   66        27.99998   27.00000  3.57%  35.3 6015s
 39849918  3679   27.00000   63   50   27.99998   27.00000  3.57%  35.4 6020s
 39879411  4002   27.00000   68   38   27.99998   27.00000  3.57%  35.4 6025s
 39912973  4283 infeasible   68        27.99998   27.00000  3.57%  35.4 6030s
 39946674  4032   27.00000   66   31   27.99998   27.00000  3.57%  35.4 6035s
 39979658  3862   27.00000   68   30   27.99998   27.00000  3.57%  35.4 6040s
 40013995  3942   27.00000   66   42   27.99998   27.00000  3.57%  35.4 6045s
 40048346  3733   27.00000   75   39   27.99998   27.00000  3.57%  35.4 6050s
 40083114  3704 infeasible   71        27.99998   27.00000  3.57%  35.4 6055s
 40118641  3757   27.00000   68   26   27.99998   27.00000  3.57%  35.4 6060s
 40154092  3576 infeasible   80        27.99998   27.00000  3.57%  35.4 6065s
 40188147  4013   27.00000   79   26   27.99998   27.00000  3.57%  35.4 6070s
 40224273  3895   27.00000   58   54   27.99998   27.00000  3.57%  35.4 6075s
 40258579  3809   27.00000   73   52   27.99998   27.00000  3.57%  35.4 6080s
 40290505  3726   27.00000   75   36   27.99998   27.00000  3.57%  35.4 6085s
 40327239  3792   27.00000   85   32   27.99998   27.00000  3.57%  35.4 6090s
 40362843  3913 infeasible   77        27.99998   27.00000  3.57%  35.4 6095s
 40395244  4077 infeasible   81        27.99998   27.00000  3.57%  35.4 6100s
 40428855  3906   27.00000   69   35   27.99998   27.00000  3.57%  35.4 6105s
 40461297  4017 infeasible   87        27.99998   27.00000  3.57%  35.4 6110s
 40494142  3926 infeasible   76        27.99998   27.00000  3.57%  35.4 6115s
 40526992  3783   27.00000   74   39   27.99998   27.00000  3.57%  35.4 6120s
 40560029  3526 infeasible   80        27.99998   27.00000  3.57%  35.4 6125s
 40589976  3595 infeasible   66        27.99998   27.00000  3.57%  35.4 6130s
 40621133  3689 infeasible   75        27.99998   27.00000  3.57%  35.4 6135s
 40654271  3619   27.00000   77   34   27.99998   27.00000  3.57%  35.4 6140s
 40685355  3582   27.00000   65   44   27.99998   27.00000  3.57%  35.4 6145s
 40719332  3666 infeasible   76        27.99998   27.00000  3.57%  35.4 6150s
 40752764  3443 infeasible   74        27.99998   27.00000  3.57%  35.4 6155s
 40785126  3652   27.00000   88   35   27.99998   27.00000  3.57%  35.4 6160s
 40818374  3567   27.00000   85   31   27.99998   27.00000  3.57%  35.4 6165s
 40849493  3832 infeasible   68        27.99998   27.00000  3.57%  35.4 6170s
 40882411  4309 infeasible   75        27.99998   27.00000  3.57%  35.4 6175s
 40915264  4106 infeasible   76        27.99998   27.00000  3.57%  35.4 6180s
 40945979  3962 infeasible   59        27.99998   27.00000  3.57%  35.4 6185s
 40979094  3715 infeasible   77        27.99998   27.00000  3.57%  35.4 6190s
 41011700  3607 infeasible   70        27.99998   27.00000  3.57%  35.4 6195s
 41043045  3608   27.00000   78   27   27.99998   27.00000  3.57%  35.4 6200s
 41076356  3528   27.00000   70   49   27.99998   27.00000  3.57%  35.4 6205s
 41107922  3434 infeasible   69        27.99998   27.00000  3.57%  35.4 6210s
 41141532  3518 infeasible   81        27.99998   27.00000  3.57%  35.4 6215s
 41176952  3462 infeasible   76        27.99998   27.00000  3.57%  35.4 6220s
 41209652  4410   27.00000   76   47   27.99998   27.00000  3.57%  35.4 6225s
 41244138  4776 infeasible   72        27.99998   27.00000  3.57%  35.4 6230s
 41278962  4396   27.00000   75   36   27.99998   27.00000  3.57%  35.4 6235s
 41314269  4273   27.00000   72   38   27.99998   27.00000  3.57%  35.4 6240s
 41346601  4384   27.00000   71   37   27.99998   27.00000  3.57%  35.4 6245s
 41380998  4231   27.00000   82   33   27.99998   27.00000  3.57%  35.4 6250s
 41415222  4119 infeasible   67        27.99998   27.00000  3.57%  35.4 6255s
 41450448  3997   27.00000   73   38   27.99998   27.00000  3.57%  35.4 6260s
 41485365  3882   27.00000   81   30   27.99998   27.00000  3.57%  35.4 6265s
 41515245  3922   27.00000   72   45   27.99998   27.00000  3.57%  35.4 6270s
 41547358  4117   27.00000   73   41   27.99998   27.00000  3.57%  35.4 6275s
 41581643  3936   27.00000   70   40   27.99998   27.00000  3.57%  35.4 6280s
 41614979  3705   27.00000   64   45   27.99998   27.00000  3.57%  35.4 6285s
 41647269  3746   27.00000   77   40   27.99998   27.00000  3.57%  35.4 6290s
 41683331  3677   27.00000   61   39   27.99998   27.00000  3.57%  35.4 6295s
 41720954  3716   27.00000   77   33   27.99998   27.00000  3.57%  35.4 6300s
 41756924  3393   27.00000   68   56   27.99998   27.00000  3.57%  35.4 6305s
 41789620  4130 infeasible   83        27.99998   27.00000  3.57%  35.4 6310s
 41825396  4107   27.00000   72   47   27.99998   27.00000  3.57%  35.4 6315s
 41858720  3864 infeasible   78        27.99998   27.00000  3.57%  35.4 6320s
 41896201  3776 infeasible   72        27.99998   27.00000  3.57%  35.4 6325s
 41932210  3778   27.00000   79   42   27.99998   27.00000  3.57%  35.4 6330s
 41967835  3484   27.00000   84   20   27.99998   27.00000  3.57%  35.4 6335s
 42000800  3586 infeasible   73        27.99998   27.00000  3.57%  35.4 6340s
 42032536  3430 infeasible   78        27.99998   27.00000  3.57%  35.4 6345s
 42062493  3296 infeasible   68        27.99998   27.00000  3.57%  35.4 6350s
 42094622  4106   27.00000   76   31   27.99998   27.00000  3.57%  35.4 6355s
 42124856  4258   27.00000   78   31   27.99998   27.00000  3.57%  35.4 6360s
 42157035  4068   27.00000   68   24   27.99998   27.00000  3.57%  35.4 6365s
 42189566  3880 infeasible   71        27.99998   27.00000  3.57%  35.4 6370s
 42218366  3765   27.00000   71   39   27.99998   27.00000  3.57%  35.4 6375s
 42250664  3619 infeasible   79        27.99998   27.00000  3.57%  35.4 6380s
 42283010  3657   27.00000   68   34   27.99998   27.00000  3.57%  35.4 6385s
 42313984  3545   27.00000   66   34   27.99998   27.00000  3.57%  35.4 6390s
 42345816  3361 infeasible   71        27.99998   27.00000  3.57%  35.4 6395s
 42376047  3339   27.00000   72   39   27.99998   27.00000  3.57%  35.4 6400s
 42406434  3235   27.00000   77   48   27.99998   27.00000  3.57%  35.4 6405s
 42438184  3287   27.00000   80   27   27.99998   27.00000  3.57%  35.4 6410s
 42470757  3504 infeasible   84        27.99998   27.00000  3.57%  35.4 6415s
 42505066  3518   27.00000   91   22   27.99998   27.00000  3.57%  35.4 6420s
 42538603  3141     cutoff   77        27.99998   27.00000  3.57%  35.4 6425s
 42571971  3217   27.00000   82   23   27.99998   27.00000  3.57%  35.4 6430s
 42602612  3393 infeasible   72        27.99998   27.00000  3.57%  35.4 6435s
 42634976  3149   27.00000   73   27   27.99998   27.00000  3.57%  35.4 6440s
 42665855  3194   27.00000   63   32   27.99998   27.00000  3.57%  35.4 6445s
 42694636  3193 infeasible   71        27.99998   27.00000  3.57%  35.4 6450s
 42726840  3701   27.00000   76   38   27.99998   27.00000  3.57%  35.4 6455s
 42758728  3920 infeasible   85        27.99998   27.00000  3.57%  35.4 6460s
 42791143  4013   27.00000   86   24   27.99998   27.00000  3.57%  35.4 6465s
 42823654  3649 infeasible   76        27.99998   27.00000  3.57%  35.4 6470s
 42857050  3555 infeasible   66        27.99998   27.00000  3.57%  35.4 6475s
 42890394  3705   27.00000   72   52   27.99998   27.00000  3.57%  35.4 6480s
 42925810  3630 infeasible   70        27.99998   27.00000  3.57%  35.4 6485s
 42959599  3681 infeasible   78        27.99998   27.00000  3.57%  35.4 6490s
 42991741  3421   27.00000   63   45   27.99998   27.00000  3.57%  35.4 6495s
 43025919  3508   27.00000   74   40   27.99998   27.00000  3.57%  35.4 6500s
 43059466  3308   27.00000   66   57   27.99998   27.00000  3.57%  35.4 6505s
 43091866  3453 infeasible   74        27.99998   27.00000  3.57%  35.4 6510s
 43126074  3391 infeasible   75        27.99998   27.00000  3.57%  35.4 6515s
 43159199  3487 infeasible   73        27.99998   27.00000  3.57%  35.4 6520s
 43192080  3282 infeasible   70        27.99998   27.00000  3.57%  35.4 6525s
 43223165  3377   27.00000   71   35   27.99998   27.00000  3.57%  35.4 6530s
 43254398  3254   27.00000   73   36   27.99998   27.00000  3.57%  35.4 6535s
 43286471  3167 infeasible   79        27.99998   27.00000  3.57%  35.4 6540s
 43319464  3876   27.00000   66   50   27.99998   27.00000  3.57%  35.4 6545s
 43355627  3883   27.00000   87   25   27.99998   27.00000  3.57%  35.4 6550s
 43388977  3819   27.00000   64   28   27.99998   27.00000  3.57%  35.4 6555s
 43424864  3679 infeasible   71        27.99998   27.00000  3.57%  35.4 6560s
 43460073  3825 infeasible   69        27.99998   27.00000  3.57%  35.4 6565s
 43493925  3460 infeasible   65        27.99998   27.00000  3.57%  35.4 6570s
 43530014  3411 infeasible   71        27.99998   27.00000  3.57%  35.4 6575s
 43560853  3401   27.00000   72   23   27.99998   27.00000  3.57%  35.4 6580s
 43594902  3277   27.00000   67   35   27.99998   27.00000  3.57%  35.4 6585s
 43628956  4137 infeasible   75        27.99998   27.00000  3.57%  35.4 6590s
 43665278  4054   27.00000   82   29   27.99998   27.00000  3.57%  35.4 6595s
 43699737  3961   27.00000   70   39   27.99998   27.00000  3.57%  35.4 6600s
 43735364  3818 infeasible   68        27.99998   27.00000  3.57%  35.4 6605s
 43769566  3677   27.00000   73   38   27.99998   27.00000  3.57%  35.4 6610s
 43801684  3596 infeasible   63        27.99998   27.00000  3.57%  35.4 6615s
 43835057  3701 infeasible   78        27.99998   27.00000  3.57%  35.4 6620s
 43869232  3570   27.00000   76   28   27.99998   27.00000  3.57%  35.4 6625s
 43902501  3411   27.00000   73   37   27.99998   27.00000  3.57%  35.4 6630s
 43934490  3610   27.00000   70   45   27.99998   27.00000  3.57%  35.4 6635s
 43966992  3388   27.00000   67   52   27.99998   27.00000  3.57%  35.4 6640s
 43998043  3633 infeasible   66        27.99998   27.00000  3.57%  35.4 6645s
 44031996  3945 infeasible   75        27.99998   27.00000  3.57%  35.4 6650s
 44064111  3731   27.00000   75   39   27.99998   27.00000  3.57%  35.4 6655s
 44095864  3898 infeasible   75        27.99998   27.00000  3.57%  35.4 6660s
 44125588  3834 infeasible   76        27.99998   27.00000  3.57%  35.4 6665s
 44155155  3639   27.00000   62   41   27.99998   27.00000  3.57%  35.4 6670s
 44187383  3657 infeasible   74        27.99998   27.00000  3.57%  35.4 6675s
 44218917  3471   27.00000   72   40   27.99998   27.00000  3.57%  35.4 6680s
 44254244  3625   27.00000   73   15   27.99998   27.00000  3.57%  35.4 6685s
 44289220  3438   27.00000   76   32   27.99998   27.00000  3.57%  35.4 6690s
 44322136  3298 infeasible   70        27.99998   27.00000  3.57%  35.4 6695s
 44355441  3244 infeasible   70        27.99998   27.00000  3.57%  35.4 6700s
 44390041  3366 infeasible   72        27.99998   27.00000  3.57%  35.4 6705s
 44424773  3220 infeasible   72        27.99998   27.00000  3.57%  35.4 6710s
 44459544  3148 infeasible   80        27.99998   27.00000  3.57%  35.4 6715s
 44492769  3096   27.00000   69   32   27.99998   27.00000  3.57%  35.4 6720s
 44525580  2966 infeasible   74        27.99998   27.00000  3.57%  35.4 6725s
 44557120  3009 infeasible   82        27.99998   27.00000  3.57%  35.4 6730s
 44583832  3312   27.00000   67   40   27.99998   27.00000  3.57%  35.4 6735s
 44617717  4188     cutoff   82        27.99998   27.00000  3.57%  35.4 6740s
 44651152  4023   27.00000   67   35   27.99998   27.00000  3.57%  35.4 6745s
 44686522  3858 infeasible   73        27.99998   27.00000  3.57%  35.4 6750s
 44722521  3808   27.00000   67   39   27.99998   27.00000  3.57%  35.4 6755s
 44758979  3924 infeasible   77        27.99998   27.00000  3.57%  35.4 6760s
 44794352  3818     cutoff   77        27.99998   27.00000  3.57%  35.4 6765s
 44829595  3721 infeasible   67        27.99998   27.00000  3.57%  35.4 6770s
 44862375  3699 infeasible   69        27.99998   27.00000  3.57%  35.4 6775s
 44897149  3614 infeasible   69        27.99998   27.00000  3.57%  35.4 6780s
 44930623  3831   27.00000   64   22   27.99998   27.00000  3.57%  35.4 6785s
 44963856  3585   27.00000   71   55   27.99998   27.00000  3.57%  35.4 6790s
 44997148  3435   27.00000   67   36   27.99998   27.00000  3.57%  35.4 6795s
 45030179  3468   27.00000   61   37   27.99998   27.00000  3.57%  35.4 6800s
 45062871  3307   27.00000   70   24   27.99998   27.00000  3.57%  35.4 6805s
 45095283  3259   27.00000   66   32   27.99998   27.00000  3.57%  35.4 6810s
 45128332  3178 infeasible   81        27.99998   27.00000  3.57%  35.4 6815s
 45158350  3444   27.00000   63   25   27.99998   27.00000  3.57%  35.4 6820s
 45191233  3180 infeasible   69        27.99998   27.00000  3.57%  35.4 6825s
 45224272  3515   27.00000   69   35   27.99998   27.00000  3.57%  35.4 6830s
 45258827  3243 infeasible   71        27.99998   27.00000  3.57%  35.4 6835s
 45291744  3100 infeasible   66        27.99998   27.00000  3.57%  35.4 6840s
 45324997  3146 infeasible   70        27.99998   27.00000  3.57%  35.4 6845s
 45357925  3223 infeasible   71        27.99998   27.00000  3.57%  35.4 6850s
 45391166  3820 infeasible   73        27.99998   27.00000  3.57%  35.4 6855s
 45423454  3655 infeasible   73        27.99998   27.00000  3.57%  35.4 6860s
 45453365  3706   27.00000   66   34   27.99998   27.00000  3.57%  35.4 6865s
 45490430  3811   27.00000   77   42   27.99998   27.00000  3.57%  35.4 6870s
 45529581  3575 infeasible   71        27.99998   27.00000  3.57%  35.4 6875s
 45562667  3400 infeasible   70        27.99998   27.00000  3.57%  35.4 6880s
 45594653  3407   27.00000   72   30   27.99998   27.00000  3.57%  35.4 6885s
 45626088  3418   27.00000   66   31   27.99998   27.00000  3.57%  35.4 6890s
 45657958  3759   27.00000   74   31   27.99998   27.00000  3.57%  35.4 6895s
 45691222  3661 infeasible   66        27.99998   27.00000  3.57%  35.4 6900s
 45723751  3417   27.00000   69   36   27.99998   27.00000  3.57%  35.4 6905s
 45755129  3334   27.00000   68   37   27.99998   27.00000  3.57%  35.4 6910s
 45788658  3224   27.00000   67   44   27.99998   27.00000  3.57%  35.4 6915s
 45820777  3374   27.00000   69   32   27.99998   27.00000  3.57%  35.4 6920s
 45853006  3210 infeasible   68        27.99998   27.00000  3.57%  35.4 6925s
 45884882  3402   27.00000   71   33   27.99998   27.00000  3.57%  35.4 6930s
 45917848  3305   27.00000   76   34   27.99998   27.00000  3.57%  35.4 6935s
 45951516  3457 infeasible   89        27.99998   27.00000  3.57%  35.4 6940s
 45985261  3218 infeasible   69        27.99998   27.00000  3.57%  35.4 6945s
 46018715  3185 infeasible   67        27.99998   27.00000  3.57%  35.4 6950s
 46049634  3129 infeasible   67        27.99998   27.00000  3.57%  35.4 6955s
 46083022  3026 infeasible   67        27.99998   27.00000  3.57%  35.4 6960s
 46116111  2892   27.00000   67   24   27.99998   27.00000  3.57%  35.4 6965s
 46148625  3136 infeasible   69        27.99998   27.00000  3.57%  35.4 6970s
 46180301  3094 infeasible   81        27.99998   27.00000  3.57%  35.4 6975s
 46211762  3121 infeasible   72        27.99998   27.00000  3.57%  35.4 6980s
 46242990  3067   27.00000   64   41   27.99998   27.00000  3.57%  35.4 6985s
 46274656  2960   27.00000   82   39   27.99998   27.00000  3.57%  35.4 6990s
 46305058  2903   27.00000   78   35   27.99998   27.00000  3.57%  35.4 6995s
 46336327  3589 infeasible   78        27.99998   27.00000  3.57%  35.4 7000s
 46365941  3997 infeasible   82        27.99998   27.00000  3.57%  35.5 7005s
 46393135  4055   27.00000   82   46   27.99998   27.00000  3.57%  35.5 7010s
 46422515  4030   27.00000   80   36   27.99998   27.00000  3.57%  35.5 7015s
 46450164  3843 infeasible   66        27.99998   27.00000  3.57%  35.5 7020s
 46478764  4041   27.00000   80   36   27.99998   27.00000  3.57%  35.5 7025s
 46509553  3846   27.00000   82   53   27.99998   27.00000  3.57%  35.5 7030s
 46539411  3626   27.00000   81   41   27.99998   27.00000  3.57%  35.5 7035s
 46570270  3475   27.00000   71   48   27.99998   27.00000  3.57%  35.5 7040s
 46600693  3601   27.00000   71   54   27.99998   27.00000  3.57%  35.5 7045s
 46630888  3420 infeasible   91        27.99998   27.00000  3.57%  35.5 7050s
 46660057  3274   27.00000   79   45   27.99998   27.00000  3.57%  35.5 7055s
 46688455  3538 infeasible   74        27.99998   27.00000  3.57%  35.5 7060s
 46718189  3840 infeasible   67        27.99998   27.00000  3.57%  35.5 7065s
 46747766  3618 infeasible   67        27.99998   27.00000  3.57%  35.5 7070s
 46779214  3433 infeasible   71        27.99998   27.00000  3.57%  35.5 7075s
 46809986  3245 infeasible   75        27.99998   27.00000  3.57%  35.5 7080s
 46839777  3626   27.00000   77   54   27.99998   27.00000  3.57%  35.5 7085s
 46869862  3569 infeasible   79        27.99998   27.00000  3.57%  35.5 7090s
 46901400  3583 infeasible   75        27.99998   27.00000  3.57%  35.5 7095s
 46933259  3369 infeasible   81        27.99998   27.00000  3.57%  35.5 7100s
 46964238  3216   27.00000   90   37   27.99998   27.00000  3.57%  35.5 7105s
 46992172  3173 infeasible   66        27.99998   27.00000  3.57%  35.5 7110s
 47022289  3432   27.00000   78   45   27.99998   27.00000  3.57%  35.5 7115s
 47051947  3594   27.00000   76   45   27.99998   27.00000  3.57%  35.5 7120s
 47081232  3441   27.00000   80   42   27.99998   27.00000  3.57%  35.5 7125s
 47111764  3288 infeasible   82        27.99998   27.00000  3.57%  35.5 7130s
 47142745  3261 infeasible   77        27.99998   27.00000  3.57%  35.5 7135s
 47173626  3214   27.00000   81   45   27.99998   27.00000  3.57%  35.5 7140s
 47202830  3346 infeasible   74        27.99998   27.00000  3.57%  35.6 7145s
 47235019  3594 infeasible   72        27.99998   27.00000  3.57%  35.6 7150s
 47267461  3602 infeasible   77        27.99998   27.00000  3.57%  35.6 7155s
 47299952  3352 infeasible   77        27.99998   27.00000  3.57%  35.6 7160s
 47332457  3397 infeasible   74        27.99998   27.00000  3.57%  35.6 7165s
 47362378  3268 infeasible   83        27.99998   27.00000  3.57%  35.6 7170s
 47395598  3556   27.00000   59   43   27.99998   27.00000  3.57%  35.6 7175s
 47426312  4089 infeasible   76        27.99998   27.00000  3.57%  35.6 7180s
 47457714  3825   27.00000   71   46   27.99998   27.00000  3.57%  35.6 7185s
 47489792  3747   27.00000   74   42   27.99998   27.00000  3.57%  35.6 7190s
 47522435  3804 infeasible   81        27.99998   27.00000  3.57%  35.6 7195s
 47554732  3657 infeasible   77        27.99998   27.00000  3.57%  35.6 7200s

Cutting planes:
  Learned: 11
  Cover: 3
  Implied bound: 17
  Projected implied bound: 3
  MIR: 5
  Mixing: 3
  Flow cover: 49
  RLT: 15
  Relax-and-lift: 6

Explored 47555336 nodes (1691177769 simplex iterations) in 7200.03 seconds (14506.38 work units)
Thread count was 8 (of 192 available processors)

Solution count 10: 28 28 28 ... 28

Time limit reached
Best objective 2.799997834108e+01, best bound 2.699999999999e+01, gap 3.5714%

User-callback calls 100134912, time in user-callback 13.17 sec

AVANT CALCUL DES AUTRES INDICATEURS
Obj_rho = 28
Obj_lambda = 0
Obj_phi = 0
AVANT CALCUL DES AUTRES INDICATEURS
Obj_rho = 28
Obj_lambda = 1
Obj_phi = 0
✅ Solution trouvée (status: TIME_LIMIT)
🎯 Objective global: 27.999978341075803
⏱️ Time used: 7200.03
Nombre de vols satisfaits: 196
Nombre de vols non satisfaits: 0

✈️ Paths for each aircraft:

🛩️ Aircraft N607AS path (28 nodes): s_(u=0, v=0, w=0) ➡️  N607AS_(u=0, v=0, w=1) ➡️  ANC_SEA_137_389_(u=173, v=1, w=1) ➡️  SEA_ANC_479_633_(u=366, v=2, w=1) ➡️  ANC_SEA_715_980_(u=547, v=3, w=1) ➡️  SEA_BUR_1045_1181_(u=665, v=4, w=1) ➡️  BUR_SEA_1268_1435_(u=803, v=5, w=1) ➡️  SEA_SLC_1846_2021_(u=899, v=6, w=2) ➡️  SLC_SEA_2122_2206_(u=1000, v=7, w=2) ➡️  SEA_SBA_2265_2429_(u=1131, v=8, w=2) ➡️  SBA_SEA_2482_2633_(u=1247, v=9, w=2) ➡️  SEA_PDX_2732_2790_(u=1276, v=10, w=2) ➡️  PDX_SEA_3178_3252_(u=1312, v=11, w=3) ➡️  SEA_ANC_3375_3530_(u=1503, v=12, w=3) ➡️  ANC_SEA_3593_3853_(u=1686, v=13, w=3) ➡️  SEA_PHX_4087_4345_(u=1822, v=14, w=3) ➡️  PHX_SEA_4706_4849_(u=2001, v=15, w=4) ➡️  SEA_DCA_4891_5368_(u=2272, v=16, w=4) ➡️  DCA_SEA_5437_5593_(u=2587, v=17, w=4) ➡️  SEA_MSP_6233_6559_(u=2758, v=18, w=5) ➡️  MSP_SEA_6615_6760_(u=2956, v=19, w=5) ➡️  SEA_STL_6837_7194_(u=3155, v=20, w=5) ➡️  STL_SEA_7614_7836_(u=3387, v=21, w=6) ➡️  SEA_MCI_7916_8251_(u=3572, v=22, w=6) ➡️  MCI_SEA_8308_8432_(u=3772, v=23, w=6) ➡️  SEA_JNU_8494_8605_(u=3918, v=24, w=6) ➡️  JNU_SEA_9259_9463_(u=4017, v=25, w=7) ➡️  SEA_DEN_9579_9790_(u=4147, v=26, w=7) ➡️  DEN_SEA_9846_9966_(u=4302, v=27, w=7) ➡️  SEA_FAI_10053_10220_(u=4506, v=28, w=7) ➡️  t_(u=0, v=0, w=0)

🛩️ Aircraft N585AS path (29 nodes): s_(u=0, v=0, w=0) ➡️  N585AS_(u=3411, v=29, w=6) ➡️  ANC_SEA_162_428_(u=3585, v=30, w=6) ➡️  SEA_ANC_582_739_(u=3779, v=31, w=6) ➡️  ANC_SEA_1660_1931_(u=3970, v=32, w=7) ➡️  SEA_ANC_2030_2168_(u=4146, v=33, w=7) ➡️  ANC_CDV_2249_2310_(u=4183, v=34, w=7) ➡️  CDV_YAK_2357_2404_(u=4221, v=35, w=7) ➡️  YAK_JNU_2447_2500_(u=4255, v=36, w=7) ➡️  JNU_SEA_2569_2776_(u=4372, v=37, w=7) ➡️  SEA_ANC_2874_3028_(u=4565, v=38, w=7) ➡️  ANC_SEA_3102_3363_(u=4739, v=39, w=8) ➡️  SEA_ANC_3462_3616_(u=4927, v=40, w=8) ➡️  ANC_JNU_4064_4188_(u=5020, v=41, w=8) ➡️  JNU_SIT_4227_4276_(u=5043, v=42, w=8) ➡️  SIT_JNU_4672_4708_(u=5066, v=43, w=9) ➡️  JNU_ANC_4773_4879_(u=5154, v=44, w=9) ➡️  ANC_BET_4949_5073_(u=5211, v=45, w=9) ➡️  BET_ANC_5111_5186_(u=5272, v=46, w=9) ➡️  ANC_SEA_5503_5765_(u=5453, v=47, w=9) ➡️  SEA_LAS_6225_6362_(u=5564, v=48, w=10) ➡️  LAS_SEA_6427_6598_(u=5710, v=49, w=10) ➡️  SEA_LAX_6651_6804_(u=5832, v=50, w=10) ➡️  LAX_SEA_6863_7042_(u=5985, v=51, w=10) ➡️  SEA_OAK_8006_8114_(u=92, v=1, w=1) ➡️  OAK_SEA_8157_8285_(u=191, v=2, w=1) ➡️  SEA_SMF_8335_8455_(u=266, v=3, w=1) ➡️  SMF_SEA_8490_8613_(u=369, v=4, w=1) ➡️  SEA_SAN_9117_9279_(u=483, v=5, w=2) ➡️  SAN_MCO_9359_9801_(u=719, v=6, w=2) ➡️  MCO_SEA_9867_10065_(u=1065, v=7, w=2) ➡️  t_(u=0, v=0, w=0)

🛩️ Aircraft N317AS path (30 nodes): s_(u=0, v=0, w=0) ➡️  N317AS_(u=0, v=0, w=1) ➡️  FAI_SEA_201_455_(u=177, v=1, w=1) ➡️  SEA_LAX_528_675_(u=298, v=2, w=1) ➡️  LAX_SEA_743_917_(u=446, v=3, w=1) ➡️  SEA_SFO_990_1113_(u=549, v=4, w=1) ➡️  SFO_SEA_1177_1307_(u=648, v=5, w=1) ➡️  SEA_ORD_1795_2159_(u=858, v=6, w=2) ➡️  ORD_PDX_2215_2349_(u=1093, v=7, w=2) ➡️  PDX_ONT_2434_2569_(u=1215, v=8, w=2) ➡️  ONT_PDX_2628_2754_(u=1326, v=9, w=2) ➡️  PDX_ANC_2866_3034_(u=1529, v=10, w=2) ➡️  ANC_SEA_3168_3438_(u=1711, v=11, w=3) ➡️  SEA_IAD_3504_3971_(u=1976, v=12, w=3) ➡️  IAD_SEA_4030_4189_(u=2285, v=13, w=3) ➡️  SEA_SMF_4248_4369_(u=2366, v=14, w=3) ➡️  SMF_SEA_4703_4832_(u=2465, v=15, w=4) ➡️  SEA_CLE_4925_5380_(u=2700, v=16, w=4) ➡️  CLE_SEA_5435_5585_(u=2976, v=17, w=4) ➡️  SEA_LIH_6321_6593_(u=3337, v=18, w=5) ➡️  LIH_SEA_6647_7117_(u=3653, v=19, w=5) ➡️  SEA_DFW_7182_7527_(u=3850, v=20, w=5) ➡️  DFW_SEA_7641_7776_(u=4076, v=21, w=6) ➡️  SEA_DFW_7967_8313_(u=4274, v=22, w=6) ➡️  DFW_SEA_8423_8562_(u=4506, v=23, w=6) ➡️  SEA_ORD_8600_8957_(u=4714, v=24, w=6) ➡️  ORD_PDX_9026_9156_(u=4946, v=25, w=7) ➡️  PDX_SEA_9262_9310_(u=4978, v=26, w=7) ➡️  SEA_BOI_9372_9523_(u=5040, v=27, w=7) ➡️  BOI_SEA_9582_9616_(u=5114, v=28, w=7) ➡️  SEA_LIH_9718_9994_(u=5459, v=29, w=7) ➡️  LIH_SAN_10060_10521_(u=5778, v=30, w=7) ➡️  t_(u=0, v=0, w=0)

🛩️ Aircraft N587AS path (27 nodes): s_(u=0, v=0, w=0) ➡️  N587AS_(u=0, v=0, w=1) ➡️  JNU_SEA_310_514_(u=116, v=1, w=1) ➡️  SEA_PIT_580_1048_(u=374, v=2, w=1) ➡️  PIT_SEA_1104_1236_(u=648, v=3, w=1) ➡️  SEA_ORD_1401_1741_(u=851, v=4, w=1) ➡️  ORD_SEA_1807_1944_(u=1079, v=5, w=2) ➡️  SEA_IAD_2038_2527_(u=1351, v=6, w=2) ➡️  IAD_SEA_2584_2741_(u=1660, v=7, w=2) ➡️  SEA_IAH_2838_3229_(u=1892, v=8, w=2) ➡️  IAH_SEA_3299_3463_(u=2136, v=9, w=3) ➡️  SEA_DEN_3550_3770_(u=2272, v=10, w=3) ➡️  DEN_SEA_3827_3928_(u=2411, v=11, w=3) ➡️  SEA_SAN_4005_4151_(u=2532, v=12, w=3) ➡️  SAN_TPA_4795_5235_(u=2765, v=13, w=4) ➡️  TPA_SAN_5307_5449_(u=3053, v=14, w=4) ➡️  SAN_SEA_5512_5695_(u=3207, v=15, w=4) ➡️  SEA_SLC_6187_6360_(u=3299, v=16, w=5) ➡️  SLC_SEA_6449_6557_(u=3411, v=17, w=5) ➡️  SEA_PHX_6669_6910_(u=3544, v=18, w=5) ➡️  PHX_SEA_6965_7117_(u=3723, v=19, w=5) ➡️  SEA_PHX_7626_7841_(u=3858, v=20, w=6) ➡️  PHX_SEA_7908_8038_(u=4019, v=21, w=6) ➡️  SEA_PHX_8109_8330_(u=4155, v=22, w=6) ➡️  PHX_SEA_8407_8537_(u=4319, v=23, w=6) ➡️  SEA_SNA_9008_9175_(u=4430, v=24, w=7) ➡️  SNA_SEA_9239_9448_(u=4615, v=25, w=7) ➡️  SEA_BUR_9508_9638_(u=4722, v=26, w=7) ➡️  BUR_SEA_9709_9913_(u=4884, v=27, w=7) ➡️  t_(u=0, v=0, w=0)

🛩️ Aircraft N284AK path (25 nodes): s_(u=0, v=0, w=0) ➡️  N284AK_(u=0, v=0, w=1) ➡️  PHX_PDX_356_453_(u=138, v=1, w=1) ➡️  PDX_FLL_541_1050_(u=449, v=2, w=1) ➡️  FLL_SFO_1118_1320_(u=802, v=3, w=1) ➡️  SFO_FLL_1383_1870_(u=1079, v=4, w=1) ➡️  FLL_PDX_2018_2231_(u=1440, v=5, w=2) ➡️  PDX_JFK_2322_2828_(u=1728, v=6, w=2) ➡️  JFK_PSP_3414_3583_(u=2053, v=7, w=3) ➡️  PSP_SEA_3697_3873_(u=2207, v=8, w=3) ➡️  SEA_ONT_3941_4070_(u=2317, v=9, w=3) ➡️  ONT_SEA_4675_4856_(u=2473, v=10, w=4) ➡️  SEA_PIT_4922_5383_(u=2717, v=11, w=4) ➡️  PIT_SEA_5447_5576_(u=3005, v=12, w=4) ➡️  SEA_DAL_6207_6549_(u=3204, v=13, w=5) ➡️  DAL_SEA_6619_6766_(u=3454, v=14, w=5) ➡️  SEA_SNA_6813_6972_(u=3581, v=15, w=5) ➡️  SNA_SEA_7009_7192_(u=3735, v=16, w=5) ➡️  SEA_SNA_7578_7729_(u=3860, v=17, w=6) ➡️  SNA_SEA_7783_7960_(u=4020, v=18, w=6) ➡️  SEA_PHX_8018_8241_(u=4158, v=19, w=6) ➡️  PHX_ANC_8336_8626_(u=4535, v=20, w=6) ➡️  ANC_SEA_8684_8926_(u=4693, v=21, w=7) ➡️  SEA_PHX_9068_9279_(u=4826, v=22, w=7) ➡️  PHX_SEA_9344_9480_(u=4995, v=23, w=7) ➡️  SEA_PHX_9550_9765_(u=5131, v=24, w=7) ➡️  PHX_SEA_9831_9982_(u=5314, v=25, w=7) ➡️  t_(u=0, v=0, w=0)

🛩️ Aircraft N320AS path (29 nodes): s_(u=0, v=0, w=0) ➡️  N320AS_(u=0, v=0, w=1) ➡️  SJC_SEA_364_507_(u=106, v=1, w=1) ➡️  SEA_PHX_570_794_(u=247, v=2, w=1) ➡️  PHX_SEA_857_991_(u=412, v=3, w=1) ➡️  SEA_LAS_1064_1207_(u=522, v=4, w=1) ➡️  LAS_SFO_1317_1401_(u=588, v=5, w=1) ➡️  SFO_ORD_1859_2247_(u=820, v=6, w=2) ➡️  ORD_SFO_2309_2462_(u=1065, v=7, w=2) ➡️  SFO_AUS_2533_2855_(u=1242, v=8, w=2) ➡️  AUS_SFO_3432_3558_(u=1452, v=9, w=3) ➡️  SFO_SEA_3655_3795_(u=1561, v=10, w=3) ➡️  SEA_LAS_3857_4005_(u=1685, v=11, w=3) ➡️  LAS_SEA_4086_4272_(u=1829, v=12, w=3) ➡️  SEA_PHX_4668_4915_(u=1966, v=13, w=4) ➡️  PHX_SEA_4965_5107_(u=2141, v=14, w=4) ➡️  SEA_SAN_5176_5324_(u=2266, v=15, w=4) ➡️  SAN_SEA_5397_5572_(u=2418, v=16, w=4) ➡️  SEA_SMF_5645_5755_(u=2499, v=17, w=4) ➡️  SMF_SEA_6112_6231_(u=2595, v=18, w=5) ➡️  SEA_ATL_6289_6758_(u=2861, v=19, w=5) ➡️  ATL_SEA_6839_6970_(u=3152, v=20, w=5) ➡️  SEA_PDX_7152_7210_(u=3181, v=21, w=5) ➡️  PDX_SEA_7495_7564_(u=3213, v=22, w=6) ➡️  SEA_LIH_7702_8038_(u=3545, v=23, w=6) ➡️  LIH_SEA_8108_8604_(u=3885, v=24, w=6) ➡️  SEA_SFO_8995_9134_(u=3973, v=25, w=7) ➡️  SFO_JAC_9215_9444_(u=4122, v=26, w=7) ➡️  JAC_SFO_9493_9582_(u=4234, v=27, w=7) ➡️  SFO_PDX_9628_9744_(u=4330, v=28, w=7) ➡️  PDX_SFO_9826_9943_(u=4405, v=29, w=7) ➡️  t_(u=0, v=0, w=0)

🛩️ Aircraft N277AK path (28 nodes): s_(u=0, v=0, w=0) ➡️  N277AK_(u=3892, v=33, w=7) ➡️  SEA_FAT_375_503_(u=4005, v=34, w=7) ➡️  FAT_SEA_559_687_(u=4113, v=35, w=7) ➡️  SEA_ANC_799_933_(u=4291, v=36, w=7) ➡️  ANC_SEA_1062_1344_(u=4479, v=37, w=7) ➡️  SEA_SJC_1855_1984_(u=4589, v=38, w=8) ➡️  SJC_SEA_2047_2171_(u=4686, v=39, w=8) ➡️  SEA_SJC_2247_2382_(u=4803, v=40, w=8) ➡️  SJC_SEA_2432_2554_(u=4898, v=41, w=8) ➡️  SEA_LAS_3342_3511_(u=5026, v=42, w=9) ➡️  LAS_SEA_3563_3728_(u=5161, v=43, w=9) ➡️  SEA_ATL_3841_4313_(u=5425, v=44, w=9) ➡️  ATL_SEA_4752_4910_(u=5712, v=45, w=10) ➡️  SEA_RDM_4991_5054_(u=5750, v=46, w=10) ➡️  RDM_SEA_5133_5199_(u=5798, v=47, w=10) ➡️  SEA_ANC_5295_5444_(u=5987, v=48, w=10) ➡️  ANC_JNU_6410_6511_(u=83, v=1, w=1) ➡️  JNU_PSG_6558_6607_(u=113, v=2, w=1) ➡️  PSG_WRG_6650_6684_(u=129, v=3, w=1) ➡️  WRG_KTN_6726_6760_(u=151, v=4, w=1) ➡️  KTN_SEA_6808_6973_(u=241, v=5, w=1) ➡️  SEA_SMF_7089_7200_(u=327, v=6, w=1) ➡️  SMF_SEA_7553_7682_(u=423, v=7, w=2) ➡️  SEA_FLL_7746_8300_(u=743, v=8, w=2) ➡️  FLL_SEA_8359_8570_(u=1102, v=9, w=2) ➡️  SEA_MSP_9120_9435_(u=1277, v=10, w=3) ➡️  MSP_SEA_9512_9628_(u=1467, v=11, w=3) ➡️  SEA_PHX_9672_9885_(u=1601, v=12, w=3) ➡️  PHX_SEA_9941_10089_(u=1785, v=13, w=3) ➡️  t_(u=0, v=0, w=0)

🛠️ Maintenance at node SEA_OAK_8006_8114 by aircraft N585AS | ρ=15; λ=-1; φ=0
🛠️ Maintenance at node ANC_JNU_6410_6511 by aircraft N277AK | ρ=13; λ=2; φ=0

Nombre de maintenances au total: 2.0
Stations de maintenance utilisées: Any["SEA", "ANC"]
Nombre de stations de maintenance utilisées: 2
