INSTANCE 196FL_7A_2
PREPROCESSING : false
-----------------------INSTANCE 196FL_7A_2--------------------------
Gurobi 12.0.2 (linux64) logging started Mon Nov 24 12:37:44 2025

Set parameter LogFile to value "RESULTS/A_MTN_2/FH_DY_MIN/result_196FL_7A_2_without_prep.txt"
Set parameter LogToConsole to value 0

Gurobi 12.0.2 (linux64) logging started Mon Nov 24 12:37:47 2025

Set parameter LogFile to value "RESULTS/A_MTN_2/FH_DY_MIN/result_196FL_7A_2_without_prep.txt"
Gurobi Optimizer version 12.0.2 build v12.0.2rc0 (linux64 - "AlmaLinux 9.6 (Sage Margay)")

CPU model: Intel(R) Xeon(R) 6972P, instruction set [SSE2|AVX|AVX2|AVX512]
Thread count: 192 physical cores, 192 logical processors, using up to 8 threads

Non-default parameters:
TimeLimit  7200
LogToConsole  0
Threads  8

Optimize a model with 6153 rows, 1752 columns and 81178 nonzeros
Model fingerprint: 0xddb465c6
Variable types: 510 continuous, 1242 integer (1142 binary)
Coefficient statistics:
  Matrix range     [1e+00, 6e+03]
  Objective range  [1e+00, 2e+02]
  Bounds range     [1e+01, 6e+03]
  RHS range        [1e+00, 6e+03]
Presolve removed 1987 rows and 651 columns
Presolve time: 0.09s
Presolved: 4166 rows, 1101 columns, 24437 nonzeros
Variable types: 229 continuous, 872 integer (803 binary)

Root relaxation: objective 0.000000e+00, 603 iterations, 0.02 seconds (0.02 work units)

    Nodes    |    Current Node    |     Objective Bounds      |     Work
 Expl Unexpl |  Obj  Depth IntInf | Incumbent    BestBd   Gap | It/Node Time

     0     0    0.00000    0    3          -    0.00000      -     -    0s
H    0     0                    2982.0000000    0.00000   100%     -    0s
H    0     0                    1981.0000000    0.00000   100%     -    0s
H    0     0                    1634.0000000    0.00000   100%     -    0s
     0     0    0.00000    0    7 1634.00000    0.00000   100%     -    0s
     0     0    0.00000    0    7 1634.00000    0.00000   100%     -    0s
H    0     0                     402.0000000    0.00000   100%     -    0s
     0     0    0.00000    0    1  402.00000    0.00000   100%     -    0s
     0     0    0.00000    0    2  402.00000    0.00000   100%     -    0s
     0     0    0.00000    0    2  402.00000    0.00000   100%     -    0s
     0     0    0.00000    0    2  402.00000    0.00000   100%     -    0s
     0     0    0.00000    0    2  402.00000    0.00000   100%     -    0s
     0     2    0.00000    0    2  402.00000    0.00000   100%     -    0s
H   94   136                     386.0000000    0.00000   100%  80.2    0s
H  109   136                     367.0000000    0.00000   100%  73.5    0s
H  123   136                     302.0000000    0.00000   100%  77.3    0s
H  139   136                     272.0000000    0.00000   100%  73.8    0s
H  339   352                     271.0000000    0.00000   100%  51.0    0s
H 1127   676                     261.0000000    0.00000   100%  44.7    1s
H 1440   727                     257.0000000    0.00000   100%  46.9    1s
H 1619   692                      91.0000000    0.00000   100%  46.8    1s
H 1769   736                      81.0000000    0.00000   100%  47.3    1s
H 1807   728                      46.0000000    0.00000   100%  47.3    1s
H 2161   855                      42.0000000    0.00000   100%  45.8    2s
* 4476  1322              48      35.0000000    0.00000   100%  45.5    4s
  5040  1219 infeasible   22        35.00000    0.00000   100%  46.3    5s
H 9871  2086                      35.0000000    0.00000   100%  48.7    7s
H11308  2657                      35.0000000    0.00000   100%  49.4    8s
H12640  3130                      35.0000000    0.00000   100%  49.7    8s
H13930  3550                      35.0000000    0.00000   100%  49.5    9s
 14803  3836   21.00000   40    3   35.00000    0.00000   100%  50.2   10s
*16393  3889              63      29.0000000    0.00000   100%  51.9   11s
H17240  3676                      28.0000000    0.00000   100%  52.3   11s
 24252  3598   27.00000   33   21   28.00000    0.00000   100%  56.7   15s
H27136  4286                      28.0000000    0.00000   100%  56.6   15s
H30834  5228                      27.9999862    0.00000   100%  57.3   17s
 41258  8848   23.00000   41   58   27.99999    0.00000   100%  56.1   20s
 45830  8939     cutoff   54        27.99999   13.00000  53.6%  52.9   25s
H51830  8939                      27.9995896   13.00000  53.6%  49.1   25s
 82253 10130     cutoff   53        27.99959   13.00000  53.6%  41.1   30s
 122625 11449     cutoff   60        27.99959   13.00000  53.6%  34.2   35s
 158191 12254   13.00000   59   34   27.99959   13.00000  53.6%  32.8   40s
 198695 11982   13.00000   42   34   27.99959   13.00000  53.6%  30.5   45s
 240703 12282   13.00000   46   51   27.99959   13.00000  53.6%  28.7   50s
 282110 12263   13.00000   53   40   27.99959   13.00000  53.6%  27.5   55s
 325100 11773 infeasible   53        27.99959   13.00000  53.6%  26.6   60s
 367654 11833   13.00000   60   34   27.99959   13.00000  53.6%  26.1   65s
 410786 11613   13.00000   62   30   27.99959   13.00000  53.6%  25.5   70s
 451940 11493   13.00000   56   24   27.99959   13.00000  53.6%  25.4   75s
 495247 11713   13.00000   65   39   27.99959   13.00000  53.6%  25.0   80s
 546926 11302   13.00000   52   37   27.99959   13.00000  53.6%  24.2   85s
 587001 11076 infeasible   59        27.99959   13.00000  53.6%  24.3   90s
 625059 11211     cutoff   62        27.99959   13.00000  53.6%  24.4   95s
 662388 11019 infeasible   61        27.99959   13.00000  53.6%  24.5  100s
 701118 11426     cutoff   60        27.99959   13.00000  53.6%  24.4  105s
 742636 11481 infeasible   54        27.99959   13.00000  53.6%  24.1  110s
 782033 10968   13.00000   52   34   27.99959   13.00000  53.6%  24.0  115s
 818631 10880   13.00000   59   39   27.99959   13.00000  53.6%  24.1  120s
 856937 11625 infeasible   52        27.99959   13.00000  53.6%  24.0  125s
 891995 11290   13.00000   54   48   27.99959   13.00000  53.6%  24.1  130s
 928644 11221 infeasible   65        27.99959   13.00000  53.6%  24.2  135s
 970424 11179   13.00000   51   47   27.99959   13.00000  53.6%  24.0  140s
 1003673 11382     cutoff   64        27.99959   13.00000  53.6%  24.3  145s
 1039709 11322 infeasible   57        27.99959   13.00000  53.6%  24.4  150s
 1076901 11181 infeasible   60        27.99959   13.00000  53.6%  24.5  155s
 1113222 11327     cutoff   61        27.99959   13.00000  53.6%  24.6  160s
 1150495 11091     cutoff   62        27.99959   13.00000  53.6%  24.6  165s
 1187180 11246 infeasible   57        27.99959   13.00000  53.6%  24.7  170s
 1221111 10936   13.00000   58   44   27.99959   13.00000  53.6%  24.8  175s
 1266365 10953   13.00000   58   40   27.99959   13.00000  53.6%  24.5  180s
 1301541 10881   13.00000   54   30   27.99959   13.00000  53.6%  24.6  185s
 1341974 10836   13.00000   55   33   27.99959   13.00000  53.6%  24.6  190s
 1380599 10713   13.00000   60   28   27.99959   13.00000  53.6%  24.5  195s
 1417920 10593 infeasible   51        27.99959   13.00000  53.6%  24.5  200s
 1456339 10405   13.00000   57   36   27.99959   13.00000  53.6%  24.4  205s
 1497744 10531   13.00000   60   19   27.99959   13.00000  53.6%  24.3  210s
 1545257 10530   13.00000   60   23   27.99959   13.00000  53.6%  24.1  215s
 1587240 11290   13.00000   65   23   27.99959   13.00000  53.6%  24.1  220s
 1640159 10913   13.00000   63   26   27.99959   13.00000  53.6%  23.8  225s
 1687055 10811   13.00000   51   35   27.99959   13.00000  53.6%  23.7  230s
 1731623 10423   13.00000   60   36   27.99959   13.00000  53.6%  23.6  235s
 1783251 10246   13.00000   47   47   27.99959   13.00000  53.6%  23.5  240s
 1835388 10157   13.00000   58   34   27.99959   13.00000  53.6%  23.3  245s
 1892943 10001 infeasible   53        27.99959   13.00000  53.6%  23.0  250s
 1929455  9825   13.00000   60   30   27.99959   13.00000  53.6%  23.0  255s
 1963963  9737   13.00000   57   30   27.99959   13.00000  53.6%  23.1  260s
 2001446 10178   13.00000   72   35   27.99959   13.00000  53.6%  23.2  265s
 2038507 10435 infeasible   49        27.99959   13.00000  53.6%  23.2  270s
 2084546 10226   13.00000   64   28   27.99959   13.00000  53.6%  23.1  275s
 2120218 10013     cutoff   59        27.99959   13.00000  53.6%  23.2  280s
 2157314 10006   13.00000   48   53   27.99959   13.00000  53.6%  23.2  285s
 2198663  9795   13.00000   62   31   27.99959   13.00000  53.6%  23.2  290s
 2237612 10167   13.00000   54   31   27.99959   13.00000  53.6%  23.3  295s
 2279648 10514   13.00000   63   25   27.99959   13.00000  53.6%  23.3  300s
 2317861 10442   13.00000   54   33   27.99959   13.00000  53.6%  23.3  305s
 2364175 10277     cutoff   46        27.99959   13.00000  53.6%  23.2  310s
 2410946 10373     cutoff   59        27.99959   13.00000  53.6%  23.1  315s
 2462949  9988   13.00000   59   21   27.99959   13.00000  53.6%  23.0  320s
 2513322 10562   13.00000   59   32   27.99959   13.00000  53.6%  22.9  325s
 2556573 10185   13.00000   59   25   27.99959   13.00000  53.6%  22.9  330s
 2606538  9936     cutoff   63        27.99959   13.00000  53.6%  22.8  335s
 2651814  9768     cutoff   54        27.99959   13.00000  53.6%  22.8  340s
 2681444  9590 infeasible   64        27.99959   13.00000  53.6%  22.9  345s
 2719158 10433     cutoff   64        27.99959   13.00000  53.6%  22.9  350s
 2775389 10904   13.00000   62   28   27.99959   13.00000  53.6%  22.7  355s
 2835962 10305   13.00000   48   31   27.99959   13.00000  53.6%  22.5  360s
 2893612 10320     cutoff   70        27.99959   13.00000  53.6%  22.4  365s
 2953817 10246     cutoff   62        27.99959   13.00000  53.6%  22.2  370s
 3014076 10397     cutoff   59        27.99959   13.00000  53.6%  22.0  375s
 3075156 10007   13.00000   61   34   27.99959   13.00000  53.6%  21.8  380s
 3125891 10553 infeasible   55        27.99959   13.00000  53.6%  21.7  385s
 3179549 10980 infeasible   66        27.99959   13.00000  53.6%  21.6  390s
 3239334 10738   13.00000   60   29   27.99959   13.00000  53.6%  21.5  395s
 3299028 10557 infeasible   49        27.99959   13.00000  53.6%  21.4  400s
 3353496 10426   13.00000   64   28   27.99959   13.00000  53.6%  21.3  405s
 3402642 10175   13.00000   56   24   27.99959   13.00000  53.6%  21.2  410s
 3459918  9816   13.00000   64   38   27.99959   13.00000  53.6%  21.1  415s
 3507721 10731     cutoff   64        27.99959   13.00000  53.6%  21.1  420s
 3560575 10469   13.00000   51   31   27.99959   13.00000  53.6%  21.0  425s
 3598538 10225 infeasible   59        27.99959   13.00000  53.6%  21.0  430s
 3649932 10153     cutoff   54        27.99959   13.00000  53.6%  20.9  435s
 3700264 10282     cutoff   58        27.99959   13.00000  53.6%  20.9  440s
 3748041  9932 infeasible   66        27.99959   13.00000  53.6%  20.9  445s
 3805124 10495 infeasible   73        27.99959   13.00000  53.6%  20.8  450s
 3859266 10232     cutoff   60        27.99959   13.00000  53.6%  20.7  455s
 3917937 10041     cutoff   65        27.99959   13.00000  53.6%  20.6  460s
 3969559  9976     cutoff   64        27.99959   13.00000  53.6%  20.6  465s
 4017030  9788     cutoff   54        27.99959   13.00000  53.6%  20.6  470s
 4074476  9704     cutoff   67        27.99959   13.00000  53.6%  20.5  475s
 4112375  9445     cutoff   59        27.99959   13.00000  53.6%  20.5  480s
 4150454  9744   13.00000   61   27   27.99959   13.00000  53.6%  20.5  485s
 4192977  9573     cutoff   68        27.99959   13.00000  53.6%  20.5  490s
 4236900  9436     cutoff   60        27.99959   13.00000  53.6%  20.5  495s
 4285307  9243   13.00000   58   28   27.99959   13.00000  53.6%  20.4  500s
 4316686  9998 infeasible   56        27.99959   13.00000  53.6%  20.5  505s
 4345678 10044   13.00000   61   61   27.99959   13.00000  53.6%  20.6  510s
 4374662  9821 infeasible   60        27.99959   13.00000  53.6%  20.7  515s
 4402987 10069   13.00000   47   46   27.99959   13.00000  53.6%  20.8  520s
 4432676 10425 infeasible   55        27.99959   13.00000  53.6%  20.9  525s
 4462430 10274   13.00000   55   28   27.99959   13.00000  53.6%  21.0  530s
 4492852  9996 infeasible   58        27.99959   13.00000  53.6%  21.1  535s
 4521555  9803 infeasible   59        27.99959   13.00000  53.6%  21.2  540s
 4551265  9722 infeasible   55        27.99959   13.00000  53.6%  21.3  545s
 4583078  9656     cutoff   64        27.99959   13.00000  53.6%  21.4  550s
 4612169  9482   13.00000   43   31   27.99959   13.00000  53.6%  21.4  555s
 4634202  9406   13.00000   52   37   27.99959   13.00000  53.6%  21.5  560s
 4665896 10046     cutoff   64        27.99959   13.00000  53.6%  21.6  565s
 4705612 10178   13.00000   67   31   27.99959   13.00000  53.6%  21.6  570s
 4745839  9999 infeasible   64        27.99959   13.00000  53.6%  21.6  575s
 4785231  9989 infeasible   63        27.99959   13.00000  53.6%  21.6  580s
 4829722  9799   13.00000   65   30   27.99959   13.00000  53.6%  21.6  585s
 4873334  9660     cutoff   73        27.99959   13.00000  53.6%  21.6  590s
 4910649  9858     cutoff   72        27.99959   13.00000  53.6%  21.6  595s
 4949219  9754   13.00000   59   40   27.99959   13.00000  53.6%  21.6  600s
 4990652  9763   13.00000   65   32   27.99959   13.00000  53.6%  21.6  605s
 5029665  9655   13.00000   72   30   27.99959   13.00000  53.6%  21.7  610s
 5067961  9419   13.00000   81   26   27.99959   13.00000  53.6%  21.7  615s
 5105983  9343   13.00000   68   38   27.99959   13.00000  53.6%  21.7  620s
 5145354  9293   13.00000   53   36   27.99959   13.00000  53.6%  21.7  625s
 5193282  9209 infeasible   57        27.99959   13.00000  53.6%  21.7  630s
 5227324  9581 infeasible   51        27.99959   13.00000  53.6%  21.7  635s
 5262435  9387   13.00000   63   30   27.99959   13.00000  53.6%  21.7  640s
 5298252  9117 infeasible   60        27.99959   13.00000  53.6%  21.7  645s
 5332545  9448   13.00000   54   32   27.99959   13.00000  53.6%  21.7  650s
 5372605  9168   13.00000   54   29   27.99959   13.00000  53.6%  21.7  655s
 5408217  9088 infeasible   48        27.99959   13.00000  53.6%  21.8  660s
 5439851  9130   13.00000   50   54   27.99959   13.00000  53.6%  21.8  665s
 5469162  8989   13.00000   45   40   27.99959   13.00000  53.6%  21.9  670s
 5501778  9367 infeasible   50        27.99959   13.00000  53.6%  21.9  675s
 5537987  9611   13.00000   61   32   27.99959   13.00000  53.6%  22.0  680s
 5576578  9372 infeasible   44        27.99959   13.00000  53.6%  22.0  685s
 5615213  8994   13.00000   59   33   27.99959   13.00000  53.6%  22.0  690s
 5654515  9307   13.00000   50   40   27.99959   13.00000  53.6%  22.0  695s
 5698984  8971     cutoff   51        27.99959   13.00000  53.6%  21.9  700s
 5736613  9052   13.00000   59   40   27.99959   13.00000  53.6%  21.9  705s
 5773017  9076   13.00000   50   35   27.99959   13.00000  53.6%  22.0  710s
 5807124  8784 infeasible   49        27.99959   13.00000  53.6%  22.0  715s
 5843658  8916   13.00000   57   34   27.99959   13.00000  53.6%  22.0  720s
 5880782  8996 infeasible   61        27.99959   13.00000  53.6%  22.0  725s
 5916168  8963   13.00000   59   24   27.99959   13.00000  53.6%  22.0  730s
 5946865  9234 infeasible   56        27.99959   13.00000  53.6%  22.1  735s
 5977342  9140   13.00000   51   23   27.99959   13.00000  53.6%  22.2  740s
 6005936  9179 infeasible   56        27.99959   13.00000  53.6%  22.2  745s
 6036729  8793 infeasible   56        27.99959   13.00000  53.6%  22.3  750s
 6068632  8789   13.00000   45   29   27.99959   13.00000  53.6%  22.3  755s
 6098261  8910 infeasible   45        27.99959   13.00000  53.6%  22.4  760s
 6126735  8983 infeasible   53        27.99959   13.00000  53.6%  22.4  765s
 6156976  8740   13.00000   47   29   27.99959   13.00000  53.6%  22.5  770s
 6190530  8711   13.00000   59   36   27.99959   13.00000  53.6%  22.5  775s
 6223080  8887 infeasible   60        27.99959   13.00000  53.6%  22.6  780s
 6255999  8745 infeasible   56        27.99959   13.00000  53.6%  22.6  785s
 6295935  9041     cutoff   66        27.99959   13.00000  53.6%  22.6  790s
 6341136  9021     cutoff   67        27.99959   13.00000  53.6%  22.6  795s
 6386766  8750   13.00000   53   45   27.99959   13.00000  53.6%  22.5  800s
 6425259  8564   13.00000   58   31   27.99959   13.00000  53.6%  22.5  805s
 6459979  9148 infeasible   52        27.99959   13.00000  53.6%  22.6  810s
 6500024  9051   13.00000   63   32   27.99959   13.00000  53.6%  22.6  815s
 6540261  8722   13.00000   67   38   27.99959   13.00000  53.6%  22.6  820s
 6586714  8967     cutoff   70        27.99959   13.00000  53.6%  22.5  825s
 6635668  8587     cutoff   69        27.99959   13.00000  53.6%  22.5  830s
 6680831  8115     cutoff   62        27.99959   13.00000  53.6%  22.5  835s
 6708170  8230   21.00000   57   16   27.99959   21.00000  25.0%  22.5  840s
 6735825  8636 infeasible   56        27.99959   21.00000  25.0%  22.6  845s
 6767633  8472 infeasible   59        27.99959   21.00000  25.0%  22.6  850s
 6799356  8282 infeasible   56        27.99959   21.00000  25.0%  22.7  855s
 6827950  8878   21.00000   53   38   27.99959   21.00000  25.0%  22.8  860s
 6857281  8810 infeasible   48        27.99959   21.00000  25.0%  22.8  865s
 6883974  8735   21.00000   56   15   27.99959   21.00000  25.0%  22.9  870s
 6912711  8615   21.00000   40   53   27.99959   21.00000  25.0%  23.0  875s
 6942806  8513   21.00000   46   50   27.99959   21.00000  25.0%  23.0  880s
 6975428  8427   21.00000   46   29   27.99959   21.00000  25.0%  23.1  885s
 7009354  8478   21.00000   49   18   27.99959   21.00000  25.0%  23.1  890s
 7037383  8688   21.00000   54   26   27.99959   21.00000  25.0%  23.2  895s
 7067634  8681 infeasible   58        27.99959   21.00000  25.0%  23.2  900s
 7099524  8491   21.00000   62   15   27.99959   21.00000  25.0%  23.3  905s
 7130909  8616 infeasible   70        27.99959   21.00000  25.0%  23.4  910s
 7161592  8376   21.00000   49   22   27.99959   21.00000  25.0%  23.4  915s
 7188769  8632 infeasible   47        27.99959   21.00000  25.0%  23.5  920s
 7214999  8319   21.00000   48   19   27.99959   21.00000  25.0%  23.6  925s
 7245511  8413 infeasible   52        27.99959   21.00000  25.0%  23.6  930s
 7271663  8313   21.00000   53   17   27.99959   21.00000  25.0%  23.7  935s
 7307243  8291 infeasible   48        27.99959   21.00000  25.0%  23.7  940s
 7336225  8572 infeasible   50        27.99959   21.00000  25.0%  23.8  945s
 7362641  8339 infeasible   48        27.99959   21.00000  25.0%  23.9  950s
 7390860  8406 infeasible   44        27.99959   21.00000  25.0%  23.9  955s
 7419758  8387 infeasible   55        27.99959   21.00000  25.0%  24.0  960s
 7451920  8198   21.00000   48   40   27.99959   21.00000  25.0%  24.0  965s
 7490372  8802 infeasible   58        27.99959   21.00000  25.0%  24.1  970s
 7529870  8633 infeasible   46        27.99959   21.00000  25.0%  24.1  975s
 7565391  8349 infeasible   61        27.99959   21.00000  25.0%  24.2  980s
 7599732  8288 infeasible   60        27.99959   21.00000  25.0%  24.2  985s
 7632046  8274   21.00000   66   20   27.99959   21.00000  25.0%  24.2  990s
 7659428  8453   21.00000   50   38   27.99959   21.00000  25.0%  24.3  995s
 7687532  8484 infeasible   57        27.99959   21.00000  25.0%  24.4 1000s
 7715828  8310 infeasible   57        27.99959   21.00000  25.0%  24.4 1005s
 7744765  8247   21.00000   47   39   27.99959   21.00000  25.0%  24.5 1010s
 7777746  8223 infeasible   51        27.99959   21.00000  25.0%  24.5 1015s
 7820946  8286   21.00000   64   25   27.99959   21.00000  25.0%  24.5 1020s
 7864061  8519 infeasible   62        27.99959   21.00000  25.0%  24.5 1025s
 7909552  8270   21.00000   57   19   27.99959   21.00000  25.0%  24.5 1030s
 7953801  8174   21.00000   52   48   27.99959   21.00000  25.0%  24.5 1035s
 7993054  8387 infeasible   58        27.99959   21.00000  25.0%  24.5 1040s
 8031968  8319 infeasible   51        27.99959   21.00000  25.0%  24.5 1045s
 8074989  8114 infeasible   75        27.99959   21.00000  25.0%  24.5 1050s
 8111224  8169 infeasible   53        27.99959   21.00000  25.0%  24.5 1055s
 8134049  8298 infeasible   62        27.99959   21.00000  25.0%  24.6 1060s
 8160230  8187 infeasible   65        27.99959   21.00000  25.0%  24.6 1065s
 8190146  8157 infeasible   54        27.99959   21.00000  25.0%  24.7 1070s
 8221473  8391 infeasible   45        27.99959   21.00000  25.0%  24.8 1075s
 8260062  8838   21.00000   57   39   27.99959   21.00000  25.0%  24.8 1080s
 8301157  8508 infeasible   65        27.99959   21.00000  25.0%  24.8 1085s
 8338088  8296   21.00000   60   30   27.99959   21.00000  25.0%  24.8 1090s
 8380251  8257 infeasible   71        27.99959   21.00000  25.0%  24.8 1095s
 8422629  8432   21.00000   65   22   27.99959   21.00000  25.0%  24.8 1100s
 8462252  8172   21.00000   69   32   27.99959   21.00000  25.0%  24.8 1105s
 8502642  8212   21.00000   71   19   27.99959   21.00000  25.0%  24.8 1110s
 8537169  8127 infeasible   41        27.99959   21.00000  25.0%  24.9 1115s
 8565979  8046   21.00000   66   32   27.99959   21.00000  25.0%  24.9 1120s
 8595078  7932 infeasible   58        27.99959   21.00000  25.0%  25.0 1125s
 8622103  7845   21.00000   53   38   27.99959   21.00000  25.0%  25.0 1130s
 8644501  8014   21.00000   45   30   27.99959   21.00000  25.0%  25.1 1135s
 8666703  7933   21.00000   53   27   27.99959   21.00000  25.0%  25.1 1140s
 8690804  7928 infeasible   58        27.99959   21.00000  25.0%  25.2 1145s
 8714021  7921   21.00000   60   30   27.99959   21.00000  25.0%  25.3 1150s
 8741031  7969   21.00000   57   29   27.99959   21.00000  25.0%  25.3 1155s
 8769727  8841 infeasible   65        27.99959   21.00000  25.0%  25.4 1160s
 8802045  8762   21.00000   58   29   27.99959   21.00000  25.0%  25.4 1165s
 8833836  8630   21.00000   46   56   27.99959   21.00000  25.0%  25.4 1170s
 8866192  8456 infeasible   63        27.99959   21.00000  25.0%  25.5 1175s
 8897818  8344 infeasible   70        27.99959   21.00000  25.0%  25.5 1180s
 8929924  8261   21.00000   56   24   27.99959   21.00000  25.0%  25.6 1185s
 8960494  8642   21.00000   69   24   27.99959   21.00000  25.0%  25.6 1190s
 8993214  8577   21.00000   58   16   27.99959   21.00000  25.0%  25.7 1195s
 9025597  8281 infeasible   63        27.99959   21.00000  25.0%  25.7 1200s
 9057374  8065   21.00000   59   20   27.99959   21.00000  25.0%  25.7 1205s
 9089556  7940   21.00000   61   33   27.99959   21.00000  25.0%  25.8 1210s
 9119506  7832   21.00000   37   21   27.99959   21.00000  25.0%  25.8 1215s
 9153275  7797   21.00000   45   44   27.99959   21.00000  25.0%  25.8 1220s
 9189005  7721   21.00000   48   29   27.99959   21.00000  25.0%  25.8 1225s
 9222949  7845   21.00000   68   24   27.99959   21.00000  25.0%  25.9 1230s
 9249322  8035 infeasible   63        27.99959   21.00000  25.0%  25.9 1235s
 9275162  7860   21.00000   49   36   27.99959   21.00000  25.0%  26.0 1240s
 9304571  7777 infeasible   49        27.99959   21.00000  25.0%  26.0 1245s
 9331815  7635 infeasible   49        27.99959   21.00000  25.0%  26.1 1250s
 9358653  7754   21.00000   48   48   27.99959   21.00000  25.0%  26.1 1255s
 9381507  7721   21.00000   46   56   27.99959   21.00000  25.0%  26.2 1260s
 9413071  7635 infeasible   52        27.99959   21.00000  25.0%  26.2 1265s
 9443835  7658   21.00000   59   28   27.99959   21.00000  25.0%  26.3 1270s
 9475014  7572 infeasible   62        27.99959   21.00000  25.0%  26.3 1275s
 9506257  7671 infeasible   55        27.99959   21.00000  25.0%  26.3 1280s
 9536636  7579   21.00000   48   47   27.99959   21.00000  25.0%  26.3 1285s
 9566312  7863 infeasible   55        27.99959   21.00000  25.0%  26.4 1290s
 9594230  8130 infeasible   58        27.99959   21.00000  25.0%  26.4 1295s
 9622845  7915   21.00000   64   19   27.99959   21.00000  25.0%  26.4 1300s
 9653309  7678   21.00000   59   29   27.99959   21.00000  25.0%  26.5 1305s
 9683894  7389 infeasible   46        27.99959   21.00000  25.0%  26.5 1310s
 9721749  7383 infeasible   61        27.99959   21.00000  25.0%  26.5 1315s
 9762696  7410   21.00000   49   40   27.99959   21.00000  25.0%  26.5 1320s
 9796918  7700 infeasible   67        27.99959   21.00000  25.0%  26.5 1325s
 9828841  7493 infeasible   70        27.99959   21.00000  25.0%  26.6 1330s
 9861635  7358   21.00000   77   26   27.99959   21.00000  25.0%  26.6 1335s
 9895117  7204 infeasible   53        27.99959   21.00000  25.0%  26.6 1340s
 9924972  7112   21.00000   64   36   27.99959   21.00000  25.0%  26.6 1345s
 9956173  6980 infeasible   55        27.99959   21.00000  25.0%  26.6 1350s
 9988553  7819 infeasible   51        27.99959   23.00000  17.9%  26.7 1355s
 10021931  7681 infeasible   54        27.99959   23.00000  17.9%  26.7 1360s
 10053439  7689 infeasible   57        27.99959   23.00000  17.9%  26.7 1365s
 10082689  7541   23.00000   51   46   27.99959   23.00000  17.9%  26.7 1370s
 10111816  7573 infeasible   58        27.99959   23.00000  17.9%  26.7 1375s
 10139662  7680   23.00000   43   35   27.99959   23.00000  17.9%  26.8 1380s
 10172833  7506 infeasible   53        27.99959   23.00000  17.9%  26.8 1385s
 10206454  7472 infeasible   57        27.99959   23.00000  17.9%  26.8 1390s
 10241591  7399   23.00000   46   37   27.99959   23.00000  17.9%  26.8 1395s
 10275392  7375 infeasible   71        27.99959   23.00000  17.9%  26.8 1400s
 10308174  7330   23.00000   56   25   27.99959   23.00000  17.9%  26.8 1405s
 10346374  8534   23.00000   60   31   27.99959   23.00000  17.9%  26.8 1410s
 10384330  8501 infeasible   68        27.99959   23.00000  17.9%  26.8 1415s
 10422680  8472 infeasible   74        27.99959   23.00000  17.9%  26.8 1420s
 10459178  8353   23.00000   60   31   27.99959   23.00000  17.9%  26.8 1425s
 10497708  8201   23.00000   60   34   27.99959   23.00000  17.9%  26.8 1430s
 10531754  8026   23.00000   52   39   27.99959   23.00000  17.9%  26.8 1435s
 10569456  8449 infeasible   61        27.99959   23.00000  17.9%  26.9 1440s
 10608706  8192 infeasible   61        27.99959   23.00000  17.9%  26.9 1445s
 10647652  8148   23.00000   60   34   27.99959   23.00000  17.9%  26.9 1450s
 10685376  8403   23.00000   56   20   27.99959   23.00000  17.9%  26.9 1455s
 10722419  8789 infeasible   63        27.99959   23.00000  17.9%  26.9 1460s
 10759504  8456 infeasible   63        27.99959   23.00000  17.9%  26.9 1465s
 10796293  8331 infeasible   62        27.99959   23.00000  17.9%  26.9 1470s
 10833826  8175   23.00000   63   35   27.99959   23.00000  17.9%  26.9 1475s
 10870216  8296 infeasible   57        27.99959   23.00000  17.9%  26.9 1480s
 10905814  8073 infeasible   61        27.99959   23.00000  17.9%  26.9 1485s
 10940370  8324 infeasible   54        27.99959   23.00000  17.9%  26.9 1490s
 10973394  8142 infeasible   58        27.99959   23.00000  17.9%  26.9 1495s
 11006328  8079   23.00000   54   42   27.99959   23.00000  17.9%  26.9 1500s
 11041290  8123 infeasible   55        27.99959   23.00000  17.9%  27.0 1505s
 11072693  8072   23.00000   57   29   27.99959   23.00000  17.9%  27.0 1510s
 11109030  8101 infeasible   61        27.99959   23.00000  17.9%  27.0 1515s
 11146094  7987 infeasible   64        27.99959   23.00000  17.9%  27.0 1520s
 11180830  8549   23.00000   46   38   27.99959   23.00000  17.9%  27.0 1525s
 11215683  8390   23.00000   52   35   27.99959   23.00000  17.9%  27.0 1530s
 11250501  8161 infeasible   62        27.99959   23.00000  17.9%  27.0 1535s
 11283147  8067   23.00000   54   31   27.99959   23.00000  17.9%  27.0 1540s
 11318213  8021 infeasible   57        27.99959   23.00000  17.9%  27.0 1545s
 11351389  8272   23.00000   55   36   27.99959   23.00000  17.9%  27.1 1550s
 11388143  8717 infeasible   67        27.99959   23.00000  17.9%  27.1 1555s
 11424439  8640 infeasible   67        27.99959   23.00000  17.9%  27.1 1560s
 11458578  8599 infeasible   47        27.99959   23.00000  17.9%  27.1 1565s
 11494906  8604   23.00000   61   17   27.99959   23.00000  17.9%  27.1 1570s
 11535315  8759   23.00000   51   53   27.99959   23.00000  17.9%  27.1 1575s
 11573669  9681 infeasible   51        27.99959   23.00000  17.9%  27.1 1580s
 11611229 10369 infeasible   61        27.99959   23.00000  17.9%  27.1 1585s
 11643875 10695   23.00000   62   24   27.99959   23.00000  17.9%  27.1 1590s
 11678995 11211   23.00000   64   24   27.99959   23.00000  17.9%  27.1 1595s
 11715820 12461 infeasible   66        27.99959   23.00000  17.9%  27.1 1600s
 11749968 13562   23.00000   55   47   27.99959   23.00000  17.9%  27.1 1605s
 11785296 13973   23.00000   54   24   27.99959   23.00000  17.9%  27.1 1610s
 11818892 13687 infeasible   58        27.99959   23.00000  17.9%  27.1 1615s
 11856668 13863 infeasible   63        27.99959   23.00000  17.9%  27.1 1620s
 11897023 14093 infeasible   52        27.99959   23.00000  17.9%  27.1 1625s
 11936772 14618   23.00000   50   42   27.99959   23.00000  17.9%  27.1 1630s
 11975637 14471   23.00000   78   18   27.99959   23.00000  17.9%  27.1 1635s
 12016552 14294   23.00000   64   28   27.99959   23.00000  17.9%  27.1 1640s
 12051994 14331 infeasible   59        27.99959   23.00000  17.9%  27.1 1645s
 12088351 14099 infeasible   59        27.99959   23.00000  17.9%  27.1 1650s
 12118522 14111 infeasible   67        27.99959   23.00000  17.9%  27.1 1655s
 12151484 14505   23.00000   61   39   27.99959   23.00000  17.9%  27.1 1660s
 12190987 14712 infeasible   73        27.99959   23.00000  17.9%  27.1 1665s
 12230211 14536   23.00000   59   24   27.99959   23.00000  17.9%  27.1 1670s
 12268500 14440 infeasible   57        27.99959   23.00000  17.9%  27.1 1675s
 12304952 14178   23.00000   71   30   27.99959   23.00000  17.9%  27.1 1680s
 12340264 14124   23.00000   58   33   27.99959   23.00000  17.9%  27.1 1685s
 12376759 13808 infeasible   55        27.99959   23.00000  17.9%  27.1 1690s
 12416899 13643   23.00000   64   28   27.99959   23.00000  17.9%  27.1 1695s
 12456376 13539 infeasible   51        27.99959   23.00000  17.9%  27.1 1700s
 12496298 13509 infeasible   54        27.99959   23.00000  17.9%  27.1 1705s
 12537702 13550   23.00000   56   40   27.99959   23.00000  17.9%  27.1 1710s
 12579624 13624   23.00000   48   44   27.99959   23.00000  17.9%  27.0 1715s
 12625070 13597 infeasible   56        27.99959   23.00000  17.9%  27.0 1720s
 12661680 13947   23.00000   54   37   27.99959   23.00000  17.9%  27.0 1725s
 12694946 14014   23.00000   58   28   27.99959   23.00000  17.9%  27.1 1730s
 12727019 13870 infeasible   58        27.99959   23.00000  17.9%  27.1 1735s
 12753352 13824   23.00000   51   23   27.99959   23.00000  17.9%  27.1 1740s
 12786678 13584 infeasible   63        27.99959   23.00000  17.9%  27.1 1745s
 12818877 13977   23.00000   61   34   27.99959   23.00000  17.9%  27.1 1750s
 12850983 13881 infeasible   58        27.99959   23.00000  17.9%  27.1 1755s
 12883511 13927   23.00000   48   36   27.99959   23.00000  17.9%  27.1 1760s
 12916349 13652   23.00000   52   27   27.99959   23.00000  17.9%  27.2 1765s
 12948672 13838 infeasible   58        27.99959   23.00000  17.9%  27.2 1770s
 12982754 13571   23.00000   67   29   27.99959   23.00000  17.9%  27.2 1775s
 13018388 13404   23.00000   57   25   27.99959   23.00000  17.9%  27.2 1780s
 13058003 13962 infeasible   53        27.99959   23.00000  17.9%  27.2 1785s
 13095359 13822 infeasible   51        27.99959   23.00000  17.9%  27.2 1790s
 13132380 13761   23.00000   62   41   27.99959   23.00000  17.9%  27.2 1795s
 13170689 13736 infeasible   69        27.99959   23.00000  17.9%  27.2 1800s
 13210146 13654 infeasible   66        27.99959   23.00000  17.9%  27.2 1805s
 13249922 13794 infeasible   54        27.99959   23.00000  17.9%  27.2 1810s
 13287775 14179 infeasible   62        27.99959   23.00000  17.9%  27.2 1815s
 13326127 14113   23.00000   57   34   27.99959   23.00000  17.9%  27.2 1820s
 13363779 13912 infeasible   63        27.99959   23.00000  17.9%  27.2 1825s
 13402783 13625   23.00000   55   45   27.99959   23.00000  17.9%  27.2 1830s
 13440271 13838   23.00000   63   37   27.99959   23.00000  17.9%  27.2 1835s
 13476965 13511   23.00000   56   31   27.99959   23.00000  17.9%  27.2 1840s
 13515591 13588   23.00000   57   28   27.99959   23.00000  17.9%  27.2 1845s
 13549740 13675   23.00000   51   28   27.99959   23.00000  17.9%  27.2 1850s
 13579814 13576 infeasible   52        27.99959   23.00000  17.9%  27.2 1855s
 13615176 13710   23.00000   63   39   27.99959   23.00000  17.9%  27.2 1860s
 13653782 13368   23.00000   66   23   27.99959   23.00000  17.9%  27.2 1865s
 13687383 13721   23.00000   61   34   27.99959   23.00000  17.9%  27.2 1870s
 13720308 13600   23.00000   59   39   27.99959   23.00000  17.9%  27.2 1875s
 13755933 13261   23.00000   53   25   27.99959   23.00000  17.9%  27.2 1880s
 13792051 14165 infeasible   58        27.99959   23.00000  17.9%  27.2 1885s
 13827992 14756   23.00000   72   21   27.99959   23.00000  17.9%  27.3 1890s
 13866226 14405   23.00000   66   23   27.99959   23.00000  17.9%  27.3 1895s
 13904293 14251 infeasible   63        27.99959   23.00000  17.9%  27.3 1900s
 13943222 14086 infeasible   66        27.99959   23.00000  17.9%  27.3 1905s
 13978795 14008 infeasible   60        27.99959   23.00000  17.9%  27.3 1910s
 14013920 13797   23.00000   56   33   27.99959   23.00000  17.9%  27.3 1915s
 14048979 13728   23.00000   59   27   27.99959   23.00000  17.9%  27.3 1920s
 14082211 13685   23.00000   47   48   27.99959   23.00000  17.9%  27.3 1925s
 14114136 13652 infeasible   55        27.99959   23.00000  17.9%  27.3 1930s
 14143805 13612   23.00000   52   37   27.99959   23.00000  17.9%  27.3 1935s
 14180590 13546   23.00000   60   30   27.99959   23.00000  17.9%  27.3 1940s
 14217329 13379 infeasible   62        27.99959   23.00000  17.9%  27.4 1945s
 14249202 14048   23.00000   62   23   27.99959   23.00000  17.9%  27.4 1950s
 14285656 14346 infeasible   59        27.99959   23.00000  17.9%  27.4 1955s
 14321448 14038   23.00000   54   24   27.99959   23.00000  17.9%  27.4 1960s
 14356996 13732   23.00000   60   32   27.99959   23.00000  17.9%  27.4 1965s
 14393754 14074 infeasible   65        27.99959   23.00000  17.9%  27.4 1970s
 14431456 13944   23.00000   65   17   27.99959   23.00000  17.9%  27.4 1975s
 14467701 13787 infeasible   64        27.99959   23.00000  17.9%  27.4 1980s
 14503457 13836 infeasible   67        27.99959   23.00000  17.9%  27.4 1985s
 14536269 13627 infeasible   55        27.99959   23.00000  17.9%  27.5 1990s
 14572666 13868   23.00000   64   42   27.99959   23.00000  17.9%  27.5 1995s
 14610468 13629   23.00000   67   19   27.99959   23.00000  17.9%  27.5 2000s
 14646890 13441   23.00000   61   24   27.99959   23.00000  17.9%  27.5 2005s
 14677262 13521   23.00000   54   38   27.99959   23.00000  17.9%  27.5 2010s
 14711640 13388   23.00000   56   32   27.99959   23.00000  17.9%  27.5 2015s
 14745548 13268 infeasible   66        27.99959   23.00000  17.9%  27.5 2020s
 14780275 13376 infeasible   62        27.99959   23.00000  17.9%  27.5 2025s
 14815464 13273   23.00000   58   44   27.99959   23.00000  17.9%  27.5 2030s
 14853538 13584 infeasible   62        27.99959   23.00000  17.9%  27.5 2035s
 14889480 14180 infeasible   59        27.99959   23.00000  17.9%  27.5 2040s
 14929557 14649   23.00000   69   25   27.99959   23.00000  17.9%  27.5 2045s
 14971544 14324   23.00000   69   16   27.99959   23.00000  17.9%  27.5 2050s
 15012352 14236 infeasible   68        27.99959   23.00000  17.9%  27.5 2055s
 15051451 14162 infeasible   57        27.99959   23.00000  17.9%  27.5 2060s
 15092623 14078   23.00000   62   23   27.99959   23.00000  17.9%  27.5 2065s
 15125833 13898 infeasible   59        27.99959   23.00000  17.9%  27.5 2070s
 15161605 13961 infeasible   65        27.99959   23.00000  17.9%  27.5 2075s
 15198059 13827 infeasible   58        27.99959   23.00000  17.9%  27.5 2080s
 15236397 13718   23.00000   69   30   27.99959   23.00000  17.9%  27.5 2085s
 15274713 13569   23.00000   53   29   27.99959   23.00000  17.9%  27.5 2090s
 15310662 13496   23.00000   56   40   27.99959   23.00000  17.9%  27.5 2095s
 15349996 13386   23.00000   62   28   27.99959   23.00000  17.9%  27.5 2100s
 15388693 13333   23.00000   54   30   27.99959   23.00000  17.9%  27.5 2105s
 15425647 13216 infeasible   64        27.99959   23.00000  17.9%  27.5 2110s
 15461316 13502 infeasible   57        27.99959   23.00000  17.9%  27.5 2115s
 15494850 13560 infeasible   62        27.99959   23.00000  17.9%  27.5 2120s
 15530124 13308   23.00000   45   31   27.99959   23.00000  17.9%  27.5 2125s
 15563366 13362 infeasible   52        27.99959   23.00000  17.9%  27.5 2130s
 15596622 13146   23.00000   63   19   27.99959   23.00000  17.9%  27.5 2135s
 15631856 13520 infeasible   62        27.99959   23.00000  17.9%  27.5 2140s
 15669618 13383 infeasible   55        27.99959   23.00000  17.9%  27.5 2145s
 15703659 13228 infeasible   62        27.99959   23.00000  17.9%  27.5 2150s
 15740113 13323   23.00000   58   20   27.99959   23.00000  17.9%  27.5 2155s
 15776961 13259 infeasible   64        27.99959   23.00000  17.9%  27.5 2160s
 15812125 13308   23.00000   62   21   27.99959   23.00000  17.9%  27.5 2165s
 15847956 13218   23.00000   57   32   27.99959   23.00000  17.9%  27.5 2170s
 15883757 13144   23.00000   56   42   27.99959   23.00000  17.9%  27.5 2175s
 15918546 13324   23.00000   55   34   27.99959   23.00000  17.9%  27.5 2180s
 15952311 13210 infeasible   59        27.99959   23.00000  17.9%  27.5 2185s
 15986437 13148 infeasible   65        27.99959   23.00000  17.9%  27.5 2190s
 16018968 13309   23.00000   49   42   27.99959   23.00000  17.9%  27.5 2195s
 16053033 13479 infeasible   61        27.99959   23.00000  17.9%  27.5 2200s
 16084822 13299   23.00000   54   40   27.99959   23.00000  17.9%  27.5 2205s
 16118856 13158   23.00000   59   36   27.99959   23.00000  17.9%  27.6 2210s
 16154771 13261   23.00000   55   35   27.99959   23.00000  17.9%  27.6 2215s
 16187677 13573 infeasible   51        27.99959   23.00000  17.9%  27.6 2220s
 16220399 13597 infeasible   55        27.99959   23.00000  17.9%  27.6 2225s
 16254198 13450   23.00000   60   37   27.99959   23.00000  17.9%  27.6 2230s
 16287853 13353   23.00000   50   21   27.99959   23.00000  17.9%  27.6 2235s
 16322919 13264   23.00000   51   36   27.99959   23.00000  17.9%  27.6 2240s
 16352922 13117 infeasible   49        27.99959   23.00000  17.9%  27.6 2245s
 16387246 13009   23.00000   53   33   27.99959   23.00000  17.9%  27.6 2250s
 16420939 13008   23.00000   63   37   27.99959   23.00000  17.9%  27.6 2255s
 16455090 13222 infeasible   59        27.99959   23.00000  17.9%  27.6 2260s
 16492539 13443   23.00000   68   18   27.99959   23.00000  17.9%  27.6 2265s
 16534127 13307   23.00000   61   30   27.99959   23.00000  17.9%  27.6 2270s
 16572585 13230 infeasible   56        27.99959   23.00000  17.9%  27.6 2275s
 16608490 13879   23.00000   57   23   27.99959   23.00000  17.9%  27.6 2280s
 16647291 13782 infeasible   54        27.99959   23.00000  17.9%  27.6 2285s
 16682480 13690   23.00000   60   29   27.99959   23.00000  17.9%  27.6 2290s
 16720850 13365 infeasible   62        27.99959   23.00000  17.9%  27.6 2295s
 16759386 13112   23.00000   52   26   27.99959   23.00000  17.9%  27.6 2300s
 16798849 13476   23.00000   67   25   27.99959   23.00000  17.9%  27.6 2305s
 16832795 13492   23.00000   51   30   27.99959   23.00000  17.9%  27.6 2310s
 16869692 13322   23.00000   72   27   27.99959   23.00000  17.9%  27.6 2315s
 16902390 13197 infeasible   56        27.99959   23.00000  17.9%  27.6 2320s
 16940581 13238   23.00000   54   39   27.99959   23.00000  17.9%  27.6 2325s
 16980709 13254 infeasible   56        27.99959   23.00000  17.9%  27.6 2330s
 17017065 13293 infeasible   55        27.99959   23.00000  17.9%  27.6 2335s
 17051630 13669 infeasible   57        27.99959   23.00000  17.9%  27.6 2340s
 17086676 13883 infeasible   61        27.99959   23.00000  17.9%  27.6 2345s
 17121112 14030 infeasible   56        27.99959   23.00000  17.9%  27.6 2350s
 17154006 13944 infeasible   54        27.99959   23.00000  17.9%  27.6 2355s
 17187105 13748 infeasible   50        27.99959   23.00000  17.9%  27.7 2360s
 17220962 13572 infeasible   53        27.99959   23.00000  17.9%  27.7 2365s
 17256620 13679 infeasible   50        27.99959   23.00000  17.9%  27.7 2370s
 17293651 13915   23.00000   47   28   27.99959   23.00000  17.9%  27.7 2375s
 17334272 13655 infeasible   58        27.99959   23.00000  17.9%  27.7 2380s
 17373139 13500   23.00000   61   30   27.99959   23.00000  17.9%  27.6 2385s
 17412286 13455 infeasible   70        27.99959   23.00000  17.9%  27.6 2390s
 17449727 13493 infeasible   64        27.99959   23.00000  17.9%  27.6 2395s
 17484244 13610 infeasible   57        27.99959   23.00000  17.9%  27.7 2400s
 17521484 13294   23.00000   61   24   27.99959   23.00000  17.9%  27.7 2405s
 17560807 13410 infeasible   71        27.99959   23.00000  17.9%  27.7 2410s
 17593853 13069 infeasible   55        27.99959   23.00000  17.9%  27.7 2415s
 17627834 13433 infeasible   54        27.99959   23.00000  17.9%  27.7 2420s
 17662135 13226 infeasible   64        27.99959   23.00000  17.9%  27.7 2425s
 17698767 13006 infeasible   57        27.99959   23.00000  17.9%  27.7 2430s
 17737374 13033   23.00000   56   17   27.99959   23.00000  17.9%  27.7 2435s
 17772724 13063 infeasible   55        27.99959   23.00000  17.9%  27.7 2440s
 17805576 12841   23.00000   62   45   27.99959   23.00000  17.9%  27.7 2445s
 17841997 13127 infeasible   51        27.99959   23.00000  17.9%  27.7 2450s
 17879249 12863   23.00000   49   36   27.99959   23.00000  17.9%  27.7 2455s
 17914393 12924 infeasible   50        27.99959   23.00000  17.9%  27.7 2460s
 17950170 13567   23.00000   54   52   27.99959   23.00000  17.9%  27.7 2465s
 17984201 13792   23.00000   50   36   27.99959   23.00000  17.9%  27.7 2470s
 18019777 13448   23.00000   51   40   27.99959   23.00000  17.9%  27.7 2475s
 18054395 13356   23.00000   51   31   27.99959   23.00000  17.9%  27.7 2480s
 18088813 13206 infeasible   56        27.99959   23.00000  17.9%  27.7 2485s
 18125015 13312 infeasible   54        27.99959   23.00000  17.9%  27.7 2490s
 18152757 13088   23.00000   53   34   27.99959   23.00000  17.9%  27.7 2495s
 18185817 13616   23.00000   44   25   27.99959   23.00000  17.9%  27.7 2500s
 18220401 13538 infeasible   56        27.99959   23.00000  17.9%  27.7 2505s
 18254034 13222   23.00000   62   26   27.99959   23.00000  17.9%  27.7 2510s
 18285700 13116 infeasible   57        27.99959   23.00000  17.9%  27.8 2515s
 18320348 13115   23.00000   56   39   27.99959   23.00000  17.9%  27.8 2520s
 18352841 12989 infeasible   59        27.99959   23.00000  17.9%  27.8 2525s
 18386090 12954 infeasible   60        27.99959   23.00000  17.9%  27.8 2530s
 18419517 12754   23.00000   51   34   27.99959   23.00000  17.9%  27.8 2535s
 18452305 12835   23.00000   49   41   27.99959   23.00000  17.9%  27.8 2540s
 18487393 12773   23.00000   62   37   27.99959   23.00000  17.9%  27.8 2545s
 18522278 12917   23.00000   53   27   27.99959   23.00000  17.9%  27.8 2550s
 18557634 13504   23.00000   58   28   27.99959   23.00000  17.9%  27.8 2555s
 18590917 14098   23.00000   54   37   27.99959   23.00000  17.9%  27.8 2560s
 18624947 14211   23.00000   50   39   27.99959   23.00000  17.9%  27.8 2565s
 18654899 14056   23.00000   71   17   27.99959   23.00000  17.9%  27.8 2570s
 18688997 13839 infeasible   68        27.99959   23.00000  17.9%  27.8 2575s
 18723843 13744 infeasible   52        27.99959   23.00000  17.9%  27.8 2580s
 18758688 14021 infeasible   64        27.99959   23.00000  17.9%  27.8 2585s
 18796663 13956   23.00000   56   34   27.99959   23.00000  17.9%  27.8 2590s
 18833231 13723 infeasible   60        27.99959   23.00000  17.9%  27.9 2595s
 18869045 13645 infeasible   66        27.99959   23.00000  17.9%  27.9 2600s
 18903728 13809   23.00000   59   36   27.99959   23.00000  17.9%  27.9 2605s
 18937475 13630   23.00000   58   20   27.99959   23.00000  17.9%  27.9 2610s
 18970859 13864 infeasible   62        27.99959   23.00000  17.9%  27.9 2615s
 19005962 13636 infeasible   60        27.99959   23.00000  17.9%  27.9 2620s
 19040828 13496   23.00000   59   45   27.99959   23.00000  17.9%  27.9 2625s
 19074441 13604 infeasible   57        27.99959   23.00000  17.9%  27.9 2630s
 19104145 13486   23.00000   62   16   27.99959   23.00000  17.9%  27.9 2635s
 19138052 13307   23.00000   56   33   27.99959   23.00000  17.9%  27.9 2640s
 19171557 13294 infeasible   53        27.99959   23.00000  17.9%  27.9 2645s
 19205507 13223   23.00000   50   48   27.99959   23.00000  17.9%  27.9 2650s
 19240410 13534   23.00000   66   29   27.99959   23.00000  17.9%  27.9 2655s
 19274323 13440 infeasible   52        27.99959   23.00000  17.9%  27.9 2660s
 19307946 13300   23.00000   53   27   27.99959   23.00000  17.9%  27.9 2665s
 19341980 13238 infeasible   63        27.99959   23.00000  17.9%  27.9 2670s
 19375385 13078 infeasible   68        27.99959   23.00000  17.9%  27.9 2675s
 19409528 13046   23.00000   48   43   27.99959   23.00000  17.9%  27.9 2680s
 19443064 12961   23.00000   54   32   27.99959   23.00000  17.9%  27.9 2685s
 19476544 13010   23.00000   54   48   27.99959   23.00000  17.9%  27.9 2690s
 19506777 12947 infeasible   58        27.99959   23.00000  17.9%  28.0 2695s
 19540105 13179 infeasible   59        27.99959   23.00000  17.9%  28.0 2700s
 19575996 13177   23.00000   55   33   27.99959   23.00000  17.9%  28.0 2705s
 19610078 12925   23.00000   64   21   27.99959   23.00000  17.9%  28.0 2710s
 19643042 12965   23.00000   56   40   27.99959   23.00000  17.9%  28.0 2715s
 19676081 13317   23.00000   52   45   27.99959   23.00000  17.9%  28.0 2720s
 19710797 13825 infeasible   62        27.99959   23.00000  17.9%  28.0 2725s
 19744564 13727 infeasible   61        27.99959   23.00000  17.9%  28.0 2730s
 19780351 13690 infeasible   59        27.99959   23.00000  17.9%  28.0 2735s
 19816626 13465   23.00000   57   35   27.99959   23.00000  17.9%  28.0 2740s
 19851341 13166 infeasible   63        27.99959   23.00000  17.9%  28.0 2745s
 19886628 13190   23.00000   60   34   27.99959   23.00000  17.9%  28.0 2750s
 19924169 13156 infeasible   57        27.99959   23.00000  17.9%  28.0 2755s
 19960334 13138 infeasible   66        27.99959   23.00000  17.9%  28.0 2760s
 19997606 12995 infeasible   53        27.99959   23.00000  17.9%  28.0 2765s
 20034118 12873 infeasible   50        27.99959   23.00000  17.9%  28.0 2770s
 20070851 12779 infeasible   65        27.99959   23.00000  17.9%  28.0 2775s
 20104807 13077 infeasible   53        27.99959   23.00000  17.9%  28.0 2780s
 20138971 13324   23.00000   59   34   27.99959   23.00000  17.9%  28.0 2785s
 20174589 13412 infeasible   62        27.99959   23.00000  17.9%  28.0 2790s
 20207543 13113   23.00000   59   27   27.99959   23.00000  17.9%  28.0 2795s
 20243098 13624   23.00000   62   25   27.99959   23.00000  17.9%  28.0 2800s
 20282214 13803   23.00000   62   38   27.99959   23.00000  17.9%  28.0 2805s
 20319992 13690   23.00000   51   35   27.99959   23.00000  17.9%  28.0 2810s
 20359282 13588 infeasible   61        27.99959   23.00000  17.9%  28.0 2815s
 20399665 13453 infeasible   75        27.99959   23.00000  17.9%  28.0 2820s
 20441748 13351   23.00000   67   16   27.99959   23.00000  17.9%  28.0 2825s
 20479789 13539   23.00000   58   29   27.99959   23.00000  17.9%  28.0 2830s
 20519149 13334   23.00000   59   35   27.99959   23.00000  17.9%  28.0 2835s
 20550944 13344 infeasible   65        27.99959   23.00000  17.9%  28.0 2840s
 20586995 13278   23.00000   63   38   27.99959   23.00000  17.9%  28.0 2845s
 20625939 13194   23.00000   50   28   27.99959   23.00000  17.9%  28.0 2850s
 20665924 13002   23.00000   56   37   27.99959   23.00000  17.9%  28.0 2855s
 20705106 13022   23.00000   65   35   27.99959   23.00000  17.9%  28.0 2860s
 20739985 12647   23.00000   47   42   27.99959   23.00000  17.9%  28.0 2865s
 20774976 12792 infeasible   51        27.99959   23.00000  17.9%  28.0 2870s
 20809360 12631   23.00000   61   40   27.99959   23.00000  17.9%  28.0 2875s
 20845321 12612 infeasible   57        27.99959   23.00000  17.9%  28.0 2880s
 20881247 12676   23.00000   44   40   27.99959   23.00000  17.9%  28.0 2885s
 20916780 12608 infeasible   53        27.99959   23.00000  17.9%  28.0 2890s
 20948646 12979 infeasible   53        27.99959   23.00000  17.9%  28.0 2895s
 20982330 12815 infeasible   53        27.99959   23.00000  17.9%  28.0 2900s
 21015989 12576 infeasible   60        27.99959   23.00000  17.9%  28.0 2905s
 21048900 12947 infeasible   49        27.99959   23.00000  17.9%  28.0 2910s
 21085001 13193 infeasible   53        27.99959   23.00000  17.9%  28.0 2915s
 21121858 13015 infeasible   54        27.99959   23.00000  17.9%  28.0 2920s
 21153770 12726   23.00000   55   21   27.99959   23.00000  17.9%  28.0 2925s
 21188748 12631 infeasible   69        27.99959   23.00000  17.9%  28.0 2930s
 21224323 12569 infeasible   64        27.99959   23.00000  17.9%  28.0 2935s
 21258600 12545   23.00000   51   32   27.99959   23.00000  17.9%  28.0 2940s
 21294962 12430 infeasible   49        27.99959   23.00000  17.9%  28.0 2945s
 21329340 12304   23.00000   59   45   27.99959   23.00000  17.9%  28.0 2950s
 21365522 12180 infeasible   50        27.99959   23.00000  17.9%  28.0 2955s
 21398084 12773 infeasible   59        27.99959   23.00000  17.9%  28.0 2960s
 21431608 12792   23.00000   57   37   27.99959   23.00000  17.9%  28.0 2965s
 21464409 12518 infeasible   57        27.99959   23.00000  17.9%  28.0 2970s
 21496885 12728 infeasible   54        27.99959   23.00000  17.9%  28.0 2975s
 21529832 12962   23.00000   51   57   27.99959   23.00000  17.9%  28.0 2980s
 21563583 13038 infeasible   54        27.99959   23.00000  17.9%  28.0 2985s
 21593654 13470 infeasible   56        27.99959   23.00000  17.9%  28.1 2990s
 21625223 13439 infeasible   63        27.99959   23.00000  17.9%  28.1 2995s
 21658230 13195 infeasible   51        27.99959   23.00000  17.9%  28.1 3000s
 21689878 13444   23.00000   51   44   27.99959   23.00000  17.9%  28.1 3005s
 21717893 13290   23.00000   56   24   27.99959   23.00000  17.9%  28.1 3010s
 21750209 13156 infeasible   55        27.99959   23.00000  17.9%  28.1 3015s
 21783008 13360   23.00000   53   41   27.99959   23.00000  17.9%  28.1 3020s
 21816729 13146   23.00000   49   46   27.99959   23.00000  17.9%  28.1 3025s
 21850057 13030 infeasible   53        27.99959   23.00000  17.9%  28.1 3030s
 21882351 12916 infeasible   52        27.99959   23.00000  17.9%  28.1 3035s
 21912199 12947   23.00000   65   41   27.99959   23.00000  17.9%  28.1 3040s
 21947223 13148   23.00000   66   24   27.99959   23.00000  17.9%  28.1 3045s
 21983420 12846   23.00000   57   30   27.99959   23.00000  17.9%  28.1 3050s
 22016047 13012   23.00000   52   47   27.99959   23.00000  17.9%  28.1 3055s
 22047233 12820 infeasible   74        27.99959   23.00000  17.9%  28.1 3060s
 22081409 12706   23.00000   63   22   27.99959   23.00000  17.9%  28.1 3065s
 22114475 12496   23.00000   65   31   27.99959   23.00000  17.9%  28.2 3070s
 22147408 12343 infeasible   59        27.99959   23.00000  17.9%  28.2 3075s
 22175855 12283   23.00000   51   30   27.99959   23.00000  17.9%  28.2 3080s
 22208826 12485 infeasible   61        27.99959   23.00000  17.9%  28.2 3085s
 22242686 12381 infeasible   65        27.99959   23.00000  17.9%  28.2 3090s
 22274803 12158   23.00000   60   36   27.99959   23.00000  17.9%  28.2 3095s
 22307251 12085   23.00000   55   34   27.99959   23.00000  17.9%  28.2 3100s
 22341634 12262 infeasible   60        27.99959   23.00000  17.9%  28.2 3105s
 22376118 11940   23.00000   51   42   27.99959   23.00000  17.9%  28.2 3110s
 22410457 12299   23.00000   64   32   27.99959   23.00000  17.9%  28.2 3115s
 22444247 12271 infeasible   66        27.99959   23.00000  17.9%  28.2 3120s
 22477627 11951 infeasible   50        27.99959   23.00000  17.9%  28.2 3125s
 22513618 11955   23.00000   52   45   27.99959   23.00000  17.9%  28.2 3130s
 22550272 11976   23.00000   66   36   27.99959   23.00000  17.9%  28.2 3135s
 22585934 11911   23.00000   70   30   27.99959   23.00000  17.9%  28.2 3140s
 22623023 11851   23.00000   60   28   27.99959   23.00000  17.9%  28.2 3145s
 22658473 11774 infeasible   63        27.99959   23.00000  17.9%  28.2 3150s
 22692231 11670   23.00000   57   31   27.99959   23.00000  17.9%  28.2 3155s
 22722196 11637   23.00000   48   36   27.99959   23.00000  17.9%  28.2 3160s
 22755329 11668   23.00000   53   45   27.99959   23.00000  17.9%  28.2 3165s
 22792052 11719 infeasible   61        27.99959   23.00000  17.9%  28.2 3170s
 22826295 11806   23.00000   62   30   27.99959   23.00000  17.9%  28.2 3175s
 22860513 12253 infeasible   57        27.99959   23.00000  17.9%  28.2 3180s
 22893859 12170   23.00000   51   35   27.99959   23.00000  17.9%  28.2 3185s
 22927927 12094   23.00000   60   28   27.99959   23.00000  17.9%  28.2 3190s
 22960282 12099 infeasible   55        27.99959   23.00000  17.9%  28.2 3195s
 22994338 11856 infeasible   52        27.99959   23.00000  17.9%  28.2 3200s
 23028958 11674 infeasible   55        27.99959   23.00000  17.9%  28.2 3205s
 23062825 11782 infeasible   54        27.99959   23.00000  17.9%  28.2 3210s
 23097255 11585   23.00000   53   39   27.99959   23.00000  17.9%  28.3 3215s
 23132500 11583   23.00000   65   35   27.99959   23.00000  17.9%  28.3 3220s
 23168239 11301   23.00000   53   38   27.99959   23.00000  17.9%  28.3 3225s
 23202930 11480   23.00000   51   18   27.99959   23.00000  17.9%  28.3 3230s
 23232436 11424   23.00000   63   42   27.99959   23.00000  17.9%  28.3 3235s
 23266137 11269   23.00000   54   30   27.99959   23.00000  17.9%  28.3 3240s
 23301637 11571   23.00000   61   24   27.99959   23.00000  17.9%  28.3 3245s
 23339286 11425   23.00000   66   36   27.99959   23.00000  17.9%  28.3 3250s
 23376920 11175 infeasible   53        27.99959   23.00000  17.9%  28.3 3255s
 23412665 11198   23.00000   60   36   27.99959   23.00000  17.9%  28.3 3260s
 23446653 11142 infeasible   60        27.99959   23.00000  17.9%  28.3 3265s
 23482030 11290 infeasible   54        27.99959   23.00000  17.9%  28.3 3270s
 23517160 11126 infeasible   65        27.99959   23.00000  17.9%  28.3 3275s
 23552215 11174 infeasible   60        27.99959   23.00000  17.9%  28.3 3280s
 23585233 11430   23.00000   69   22   27.99959   23.00000  17.9%  28.3 3285s
 23618359 11332 infeasible   57        27.99959   23.00000  17.9%  28.3 3290s
 23651732 11420 infeasible   70        27.99959   23.00000  17.9%  28.3 3295s
 23687496 11617 infeasible   62        27.99959   23.00000  17.9%  28.3 3300s
 23722344 11392   23.00000   63   19   27.99959   23.00000  17.9%  28.3 3305s
 23754655 11155 infeasible   72        27.99959   23.00000  17.9%  28.3 3310s
 23790051 11050 infeasible   70        27.99959   23.00000  17.9%  28.3 3315s
 23825524 11366 infeasible   61        27.99959   23.00000  17.9%  28.3 3320s
 23859742 11196 infeasible   62        27.99959   23.00000  17.9%  28.3 3325s
 23893023 11258 infeasible   60        27.99959   23.00000  17.9%  28.3 3330s
 23927692 10918   23.00000   54   19   27.99959   23.00000  17.9%  28.3 3335s
 23962007 11225 infeasible   57        27.99959   23.00000  17.9%  28.3 3340s
 23996056 11289 infeasible   58        27.99959   23.00000  17.9%  28.3 3345s
 24030573 11307 infeasible   79        27.99959   23.00000  17.9%  28.3 3350s
 24066183 10924   23.00000   56   23   27.99959   23.00000  17.9%  28.3 3355s
 24101186 10889 infeasible   58        27.99959   23.00000  17.9%  28.3 3360s
 24135116 11107 infeasible   65        27.99959   23.00000  17.9%  28.3 3365s
 24171562 11004   23.00000   66   29   27.99959   23.00000  17.9%  28.3 3370s
 24206608 10830   23.00000   62   41   27.99959   23.00000  17.9%  28.3 3375s
 24241096 11079   23.00000   56   21   27.99959   23.00000  17.9%  28.3 3380s
 24272208 11180   23.00000   60   27   27.99959   23.00000  17.9%  28.3 3385s
 24307796 11201 infeasible   65        27.99959   23.00000  17.9%  28.3 3390s
 24344023 11090 infeasible   62        27.99959   23.00000  17.9%  28.3 3395s
 24381689 10904   23.00000   61   34   27.99959   23.00000  17.9%  28.3 3400s
 24416799 10897   23.00000   55   36   27.99959   23.00000  17.9%  28.3 3405s
 24453213 10944 infeasible   59        27.99959   23.00000  17.9%  28.3 3410s
 24489472 10738   23.00000   54   46   27.99959   23.00000  17.9%  28.3 3415s
 24525527 10636   23.00000   58   50   27.99959   23.00000  17.9%  28.3 3420s
 24560600 10675 infeasible   62        27.99959   23.00000  17.9%  28.3 3425s
 24596008 10608   23.00000   47   36   27.99959   23.00000  17.9%  28.3 3430s
 24632130 10755   23.00000   63   35   27.99959   23.00000  17.9%  28.3 3435s
 24667217 10493   23.00000   54   26   27.99959   23.00000  17.9%  28.3 3440s
 24702631 10743 infeasible   68        27.99959   23.00000  17.9%  28.3 3445s
 24738540 10587 infeasible   58        27.99959   23.00000  17.9%  28.3 3450s
 24773059 10531   23.00000   58   26   27.99959   23.00000  17.9%  28.3 3455s
 24807749 10487 infeasible   66        27.99959   23.00000  17.9%  28.3 3460s
 24842918 10437   23.00000   53   35   27.99959   23.00000  17.9%  28.3 3465s
 24879545 10637   23.00000   45   48   27.99959   23.00000  17.9%  28.3 3470s
 24914650 10496   23.00000   58   32   27.99959   23.00000  17.9%  28.3 3475s
 24949625 10430 infeasible   56        27.99959   23.00000  17.9%  28.3 3480s
 24985232 10402 infeasible   55        27.99959   23.00000  17.9%  28.3 3485s
 25021522 10515   23.00000   48   38   27.99959   23.00000  17.9%  28.3 3490s
 25058125 10337   23.00000   49   31   27.99959   23.00000  17.9%  28.3 3495s
 25089580 10403 infeasible   53        27.99959   23.00000  17.9%  28.3 3500s
 25125640 10344   23.00000   53   29   27.99959   23.00000  17.9%  28.3 3505s
 25163217 10331   23.00000   58   40   27.99959   23.00000  17.9%  28.3 3510s
 25198842 10531 infeasible   56        27.99959   23.00000  17.9%  28.3 3515s
 25234981 10482 infeasible   53        27.99959   23.00000  17.9%  28.3 3520s
 25270046 10416   23.00000   50   35   27.99959   23.00000  17.9%  28.3 3525s
 25304718 10468 infeasible   69        27.99959   23.00000  17.9%  28.3 3530s
 25339809 10478 infeasible   46        27.99959   23.00000  17.9%  28.3 3535s
 25377280 10281 infeasible   52        27.99959   23.00000  17.9%  28.3 3540s
 25413271 10386 infeasible   60        27.99959   23.00000  17.9%  28.3 3545s
 25449243 10294   23.00000   51   41   27.99959   23.00000  17.9%  28.3 3550s
 25483673 10283 infeasible   64        27.99959   23.00000  17.9%  28.3 3555s
 25518440 10399   23.00000   62   29   27.99959   23.00000  17.9%  28.3 3560s
 25554175 10195   23.00000   65   35   27.99959   23.00000  17.9%  28.3 3565s
 25587093 10330   23.00000   55   41   27.99959   23.00000  17.9%  28.3 3570s
 25622327 10438 infeasible   63        27.99959   23.00000  17.9%  28.3 3575s
 25660860 10463 infeasible   66        27.99959   23.00000  17.9%  28.3 3580s
 25693631 10344   23.00000   57   37   27.99959   23.00000  17.9%  28.3 3585s
 25735629 10590   23.00000   57   27   27.99959   23.00000  17.9%  28.3 3590s
 25776836 10269   23.00000   66   37   27.99959   23.00000  17.9%  28.3 3595s
 25814191 10381   23.00000   54   35   27.99959   23.00000  17.9%  28.3 3600s
 25847479 11185   23.00000   64   27   27.99959   23.00000  17.9%  28.3 3605s
 25879025 11577 infeasible   69        27.99959   23.00000  17.9%  28.3 3610s
 25910783 11226 infeasible   74        27.99959   23.00000  17.9%  28.3 3615s
 25942423 11090 infeasible   65        27.99959   23.00000  17.9%  28.3 3620s
 25972576 10902   23.00000   68   26   27.99959   23.00000  17.9%  28.3 3625s
 26006636 11411 infeasible   59        27.99959   23.00000  17.9%  28.3 3630s
 26043381 11227   23.00000   51   42   27.99959   23.00000  17.9%  28.3 3635s
 26077502 11023 infeasible   52        27.99959   23.00000  17.9%  28.3 3640s
 26112501 10940 infeasible   56        27.99959   23.00000  17.9%  28.3 3645s
 26146439 10797 infeasible   54        27.99959   23.00000  17.9%  28.3 3650s
 26181477 11160 infeasible   51        27.99959   23.00000  17.9%  28.3 3655s
 26215178 11335   23.00000   57   38   27.99959   23.00000  17.9%  28.3 3660s
 26249907 11247   23.00000   54   27   27.99959   23.00000  17.9%  28.3 3665s
 26282706 11389 infeasible   60        27.99959   23.00000  17.9%  28.3 3670s
 26316450 11137 infeasible   56        27.99959   23.00000  17.9%  28.3 3675s
 26351486 11384 infeasible   62        27.99959   23.00000  17.9%  28.3 3680s
 26387456 11320   23.00000   50   38   27.99959   23.00000  17.9%  28.3 3685s
 26423584 11076   23.00000   59   38   27.99959   23.00000  17.9%  28.3 3690s
 26456658 10943 infeasible   56        27.99959   23.00000  17.9%  28.3 3695s
 26492616 11164   23.00000   53   31   27.99959   23.00000  17.9%  28.3 3700s
 26529398 11318 infeasible   66        27.99959   23.00000  17.9%  28.3 3705s
 26561805 10891 infeasible   74        27.99959   23.00000  17.9%  28.3 3710s
 26596570 10790 infeasible   62        27.99959   23.00000  17.9%  28.4 3715s
 26630677 11322 infeasible   48        27.99959   23.00000  17.9%  28.4 3720s
 26663261 11164 infeasible   59        27.99959   23.00000  17.9%  28.4 3725s
 26695864 11140   23.00000   57   36   27.99959   23.00000  17.9%  28.4 3730s
 26730587 11022   23.00000   51   42   27.99959   23.00000  17.9%  28.4 3735s
 26764366 11067   23.00000   52   37   27.99959   23.00000  17.9%  28.4 3740s
 26800261 10812 infeasible   59        27.99959   23.00000  17.9%  28.4 3745s
 26832913 10831   23.00000   54   45   27.99959   23.00000  17.9%  28.4 3750s
 26863902 10824   23.00000   52   39   27.99959   23.00000  17.9%  28.4 3755s
 26896196 10801   23.00000   52   35   27.99959   23.00000  17.9%  28.4 3760s
 26931264 10514 infeasible   54        27.99959   23.00000  17.9%  28.4 3765s
 26966364 10867   23.00000   58   28   27.99959   23.00000  17.9%  28.4 3770s
 27001757 10706 infeasible   50        27.99959   23.00000  17.9%  28.4 3775s
 27035771 10520   23.00000   43   50   27.99959   23.00000  17.9%  28.4 3780s
 27067130 10843 infeasible   58        27.99959   23.00000  17.9%  28.4 3785s
 27101899 10617 infeasible   49        27.99959   23.00000  17.9%  28.4 3790s
 27137352 10592   23.00000   58   42   27.99959   23.00000  17.9%  28.4 3795s
 27172227 10441   23.00000   55   43   27.99959   23.00000  17.9%  28.4 3800s
 27207442 10648 infeasible   64        27.99959   23.00000  17.9%  28.4 3805s
 27242268 10633 infeasible   50        27.99959   23.00000  17.9%  28.4 3810s
 27277484 10509 infeasible   50        27.99959   23.00000  17.9%  28.4 3815s
 27312407 10434   23.00000   52   37   27.99959   23.00000  17.9%  28.4 3820s
 27344793 10289   23.00000   57   47   27.99959   23.00000  17.9%  28.4 3825s
 27378228 10556   23.00000   52   43   27.99959   23.00000  17.9%  28.4 3830s
 27410710 10714   23.00000   63   39   27.99959   23.00000  17.9%  28.4 3835s
 27443742 10669   23.00000   61   35   27.99959   23.00000  17.9%  28.4 3840s
 27475384 10355 infeasible   55        27.99959   23.00000  17.9%  28.4 3845s
 27508132 10182   23.00000   49   40   27.99959   23.00000  17.9%  28.4 3850s
 27542059 10172   23.00000   51   32   27.99959   23.00000  17.9%  28.4 3855s
 27571364 10546   23.00000   52   34   27.99959   23.00000  17.9%  28.4 3860s
 27605687 10645 infeasible   68        27.99959   23.00000  17.9%  28.4 3865s
 27639479 10402   23.00000   61   27   27.99959   23.00000  17.9%  28.4 3870s
 27671194 10448 infeasible   54        27.99959   23.00000  17.9%  28.4 3875s
 27704518 10390 infeasible   60        27.99959   23.00000  17.9%  28.4 3880s
 27736811 10036 infeasible   62        27.99959   23.00000  17.9%  28.4 3885s
 27769461 10094   23.00000   54   44   27.99959   23.00000  17.9%  28.4 3890s
 27802495 10092 infeasible   74        27.99959   23.00000  17.9%  28.4 3895s
 27834635  9885   23.00000   56   43   27.99959   23.00000  17.9%  28.4 3900s
 27867376 10081   23.00000   52   42   27.99959   23.00000  17.9%  28.4 3905s
 27898022 10089   23.00000   69   26   27.99959   23.00000  17.9%  28.4 3910s
 27932822 10351   23.00000   53   32   27.99959   23.00000  17.9%  28.4 3915s
 27964265 10101 infeasible   68        27.99959   23.00000  17.9%  28.4 3920s
 27997829  9991   23.00000   57   19   27.99959   23.00000  17.9%  28.5 3925s
 28029999  9948   23.00000   55   21   27.99959   23.00000  17.9%  28.5 3930s
 28065961 10117   23.00000   54   29   27.99959   23.00000  17.9%  28.5 3935s
 28102933  9812 infeasible   53        27.99959   23.00000  17.9%  28.5 3940s
 28137466 10451   23.00000   57   48   27.99959   23.00000  17.9%  28.5 3945s
 28172568 10860 infeasible   59        27.99959   23.00000  17.9%  28.5 3950s
 28208461 11309 infeasible   59        27.99959   23.00000  17.9%  28.5 3955s
 28242931 11026 infeasible   58        27.99959   23.00000  17.9%  28.5 3960s
 28277176 11000 infeasible   55        27.99959   23.00000  17.9%  28.5 3965s
 28311724 10863 infeasible   54        27.99959   23.00000  17.9%  28.5 3970s
 28348588 10728   23.00000   51   41   27.99959   23.00000  17.9%  28.5 3975s
 28384136 10534 infeasible   55        27.99959   23.00000  17.9%  28.5 3980s
 28420726 10880 infeasible   63        27.99959   23.00000  17.9%  28.5 3985s
 28452430 11132   23.00000   59   23   27.99959   23.00000  17.9%  28.5 3990s
 28489899 10886 infeasible   62        27.99959   23.00000  17.9%  28.5 3995s
 28524076 10530   23.00000   62   47   27.99959   23.00000  17.9%  28.5 4000s
 28559884 10230 infeasible   61        27.99959   23.00000  17.9%  28.5 4005s
 28594605 10307 infeasible   60        27.99959   23.00000  17.9%  28.5 4010s
 28630091 10129   23.00000   67   34   27.99959   23.00000  17.9%  28.5 4015s
 28664438 10048   23.00000   50   32   27.99959   23.00000  17.9%  28.5 4020s
 28697961 10115   23.00000   54   29   27.99959   23.00000  17.9%  28.5 4025s
 28732636 10608 infeasible   52        27.99959   23.00000  17.9%  28.5 4030s
 28769601 10444 infeasible   57        27.99959   23.00000  17.9%  28.5 4035s
 28803990 10277   23.00000   55   35   27.99959   23.00000  17.9%  28.5 4040s
 28838712 10510   23.00000   56   32   27.99959   23.00000  17.9%  28.5 4045s
 28873356 10558 infeasible   62        27.99959   23.00000  17.9%  28.5 4050s
 28908068 10367 infeasible   72        27.99959   23.00000  17.9%  28.5 4055s
 28941988 10332   23.00000   68   14   27.99959   23.00000  17.9%  28.6 4060s
 28975749 10174   23.00000   60   32   27.99959   23.00000  17.9%  28.6 4065s
 29005375 10025   23.00000   50   35   27.99959   23.00000  17.9%  28.6 4070s
 29039318  9789   23.00000   47   38   27.99959   23.00000  17.9%  28.6 4075s
 29072149 10932 infeasible   54        27.99959   23.00000  17.9%  28.6 4080s
 29103469 11145   23.00000   56   49   27.99959   23.00000  17.9%  28.6 4085s
 29134149 11013 infeasible   61        27.99959   23.00000  17.9%  28.6 4090s
 29165541 11099   23.00000   55   40   27.99959   23.00000  17.9%  28.6 4095s
 29197797 11197   23.00000   61   36   27.99959   23.00000  17.9%  28.6 4100s
 29230089 11130   23.00000   61   35   27.99959   23.00000  17.9%  28.6 4105s
 29266545 11643 infeasible   50        27.99959   23.00000  17.9%  28.6 4110s
 29298376 11400   23.00000   48   40   27.99959   23.00000  17.9%  28.6 4115s
 29334792 11724   23.00000   53   25   27.99959   23.00000  17.9%  28.6 4120s
 29371630 11677   23.00000   53   27   27.99959   23.00000  17.9%  28.6 4125s
 29406792 11796 infeasible   63        27.99959   23.00000  17.9%  28.6 4130s
 29443800 11748 infeasible   60        27.99959   23.00000  17.9%  28.6 4135s
 29479788 11584   23.00000   53   26   27.99959   23.00000  17.9%  28.6 4140s
 29515762 11388 infeasible   52        27.99959   23.00000  17.9%  28.6 4145s
 29551971 11703 infeasible   56        27.99959   23.00000  17.9%  28.6 4150s
 29587839 11680   23.00000   60   40   27.99959   23.00000  17.9%  28.6 4155s
 29625604 11451   23.00000   56   33   27.99959   23.00000  17.9%  28.6 4160s
 29662618 11226   23.00000   55   30   27.99959   23.00000  17.9%  28.6 4165s
 29699657 11472   23.00000   52   53   27.99959   23.00000  17.9%  28.6 4170s
 29736013 11230 infeasible   50        27.99959   23.00000  17.9%  28.6 4175s
 29771140 11122   23.00000   59   37   27.99959   23.00000  17.9%  28.6 4180s
 29801143 11059 infeasible   52        27.99959   23.00000  17.9%  28.6 4185s
 29835259 11152 infeasible   56        27.99959   23.00000  17.9%  28.6 4190s
 29867388 11231   23.00000   60   28   27.99959   23.00000  17.9%  28.7 4195s
 29898609 11004 infeasible   62        27.99959   23.00000  17.9%  28.7 4200s
 29929459 11004 infeasible   69        27.99959   23.00000  17.9%  28.7 4205s
 29961116 11457   23.00000   63   32   27.99959   23.00000  17.9%  28.7 4210s
 29993111 11261 infeasible   61        27.99959   23.00000  17.9%  28.7 4215s
 30027933 11350 infeasible   63        27.99959   23.00000  17.9%  28.7 4220s
 30062416 11125 infeasible   58        27.99959   23.00000  17.9%  28.7 4225s
 30094584 11019   23.00000   58   31   27.99959   23.00000  17.9%  28.7 4230s
 30127937 10876 infeasible   63        27.99959   23.00000  17.9%  28.7 4235s
 30159971 10733 infeasible   60        27.99959   23.00000  17.9%  28.7 4240s
 30192444 11182 infeasible   54        27.99959   23.00000  17.9%  28.7 4245s
 30224958 11167 infeasible   48        27.99959   23.00000  17.9%  28.7 4250s
 30255993 11279   23.00000   49   48   27.99959   23.00000  17.9%  28.7 4255s
 30286501 11160 infeasible   60        27.99959   23.00000  17.9%  28.7 4260s
 30316063 10971   23.00000   61   28   27.99959   23.00000  17.9%  28.7 4265s
 30348364 10942   23.00000   49   39   27.99959   23.00000  17.9%  28.7 4270s
 30380539 10797 infeasible   59        27.99959   23.00000  17.9%  28.8 4275s
 30413751 10789   23.00000   66   26   27.99959   23.00000  17.9%  28.8 4280s
 30447764 10903 infeasible   54        27.99959   23.00000  17.9%  28.8 4285s
 30481862 10882   23.00000   55   29   27.99959   23.00000  17.9%  28.8 4290s
 30513740 10686 infeasible   60        27.99959   23.00000  17.9%  28.8 4295s
 30547023 11019 infeasible   50        27.99959   23.00000  17.9%  28.8 4300s
 30576630 11078   23.00000   58   27   27.99959   23.00000  17.9%  28.8 4305s
 30609789 10894 infeasible   54        27.99959   23.00000  17.9%  28.8 4310s
 30644219 10817 infeasible   58        27.99959   23.00000  17.9%  28.8 4315s
 30678248 10863 infeasible   59        27.99959   23.00000  17.9%  28.8 4320s
 30713204 10649   23.00000   52   40   27.99959   23.00000  17.9%  28.8 4325s
 30746106 10733   23.00000   45   54   27.99959   23.00000  17.9%  28.8 4330s
 30779396 10565 infeasible   61        27.99959   23.00000  17.9%  28.8 4335s
 30811384 11022   23.00000   62   25   27.99959   23.00000  17.9%  28.8 4340s
 30848549 11187 infeasible   59        27.99959   23.00000  17.9%  28.8 4345s
 30884979 11171 infeasible   62        27.99959   23.00000  17.9%  28.8 4350s
 30919732 10898 infeasible   56        27.99959   23.00000  17.9%  28.8 4355s
 30954779 11024   23.00000   52   36   27.99959   23.00000  17.9%  28.8 4360s
 30990227 10738   23.00000   55   26   27.99959   23.00000  17.9%  28.8 4365s
 31023769 10900 infeasible   61        27.99959   23.00000  17.9%  28.8 4370s
 31056641 10527   23.00000   66   29   27.99959   23.00000  17.9%  28.8 4375s
 31089979 10425   23.00000   55   37   27.99959   23.00000  17.9%  28.8 4380s
 31118677 10297 infeasible   65        27.99959   23.00000  17.9%  28.8 4385s
 31151480 10216 infeasible   54        27.99959   23.00000  17.9%  28.8 4390s
 31183724 10252   23.00000   54   30   27.99959   23.00000  17.9%  28.8 4395s
 31217635  9966   23.00000   49   28   27.99959   23.00000  17.9%  28.8 4400s
 31249201 10277   23.00000   43   41   27.99959   23.00000  17.9%  28.8 4405s
 31281296 10602 infeasible   57        27.99959   23.00000  17.9%  28.8 4410s
 31313323 10368 infeasible   61        27.99959   23.00000  17.9%  28.8 4415s
 31345389 10181 infeasible   64        27.99959   23.00000  17.9%  28.8 4420s
 31375207 10061   23.00000   60   37   27.99959   23.00000  17.9%  28.8 4425s
 31405870 10101 infeasible   54        27.99959   23.00000  17.9%  28.9 4430s
 31438184 10053 infeasible   58        27.99959   23.00000  17.9%  28.9 4435s
 31472525  9927   23.00000   51   31   27.99959   23.00000  17.9%  28.9 4440s
 31507959 10296 infeasible   62        27.99959   23.00000  17.9%  28.9 4445s
 31543966 10179 infeasible   59        27.99959   23.00000  17.9%  28.9 4450s
 31579748 10345   23.00000   55   37   27.99959   23.00000  17.9%  28.9 4455s
 31612604 10658   23.00000   62   42   27.99959   23.00000  17.9%  28.9 4460s
 31645209 10491 infeasible   61        27.99959   23.00000  17.9%  28.9 4465s
 31673055 10428   23.00000   53   32   27.99959   23.00000  17.9%  28.9 4470s
 31706059 10162   23.00000   47   44   27.99959   23.00000  17.9%  28.9 4475s
 31740729 10076 infeasible   58        27.99959   23.00000  17.9%  28.9 4480s
 31775675  9895   23.00000   58   28   27.99959   23.00000  17.9%  28.9 4485s
 31809455 10088   23.00000   53   54   27.99959   23.00000  17.9%  28.9 4490s
 31843072  9834 infeasible   56        27.99959   23.00000  17.9%  28.9 4495s
 31876027  9816 infeasible   72        27.99959   23.00000  17.9%  28.9 4500s
 31911287 10496 infeasible   55        27.99959   23.00000  17.9%  28.9 4505s
 31946527 10862   23.00000   56   48   27.99959   23.00000  17.9%  28.9 4510s
 31983870 10673   23.00000   62   43   27.99959   23.00000  17.9%  28.9 4515s
 32018765 10473 infeasible   50        27.99959   23.00000  17.9%  28.9 4520s
 32054029 10306 infeasible   62        27.99959   23.00000  17.9%  28.9 4525s
 32088952 10224 infeasible   68        27.99959   23.00000  17.9%  28.9 4530s
 32125067 10368   23.00000   56   49   27.99959   23.00000  17.9%  28.9 4535s
 32164009 10046   23.00000   52   37   27.99959   23.00000  17.9%  28.9 4540s
 32194629 10751   23.00000   63   31   27.99959   23.00000  17.9%  28.9 4545s
 32229783 10803 infeasible   64        27.99959   23.00000  17.9%  28.9 4550s
 32265456 10662 infeasible   65        27.99959   23.00000  17.9%  28.9 4555s
 32301309 10598   23.00000   62   21   27.99959   23.00000  17.9%  28.9 4560s
 32335799 10440 infeasible   53        27.99959   23.00000  17.9%  28.9 4565s
 32370248 10496   23.00000   54   38   27.99959   23.00000  17.9%  28.9 4570s
 32405895 10332 infeasible   67        27.99959   23.00000  17.9%  28.9 4575s
 32440451 10164   23.00000   50   29   27.99959   23.00000  17.9%  28.9 4580s
 32475565 10486   23.00000   50   52   27.99959   23.00000  17.9%  28.9 4585s
 32512773 10224   23.00000   54   45   27.99959   23.00000  17.9%  28.9 4590s
 32547776 10063 infeasible   56        27.99959   23.00000  17.9%  28.9 4595s
 32583061 10048 infeasible   61        27.99959   23.00000  17.9%  28.9 4600s
 32618981  9881 infeasible   64        27.99959   23.00000  17.9%  28.9 4605s
 32653587 10085 infeasible   60        27.99959   23.00000  17.9%  28.9 4610s
 32689663  9945   23.00000   65   46   27.99959   23.00000  17.9%  28.9 4615s
 32720219  9953 infeasible   69        27.99959   23.00000  17.9%  28.9 4620s
 32756191  9707 infeasible   63        27.99959   23.00000  17.9%  28.9 4625s
 32791965  9544   23.00000   49   37   27.99959   23.00000  17.9%  28.9 4630s
 32826963  9765 infeasible   52        27.99959   23.00000  17.9%  28.9 4635s
 32860716  9623   23.00000   51   37   27.99959   23.00000  17.9%  28.9 4640s
 32895699  9541 infeasible   66        27.99959   23.00000  17.9%  28.9 4645s
 32931352  9616 infeasible   56        27.99959   23.00000  17.9%  28.9 4650s
 32968635  9519   23.00000   55   28   27.99959   23.00000  17.9%  28.9 4655s
 33004555  9479   23.00000   57   35   27.99959   23.00000  17.9%  28.9 4660s
 33041085  9944   23.00000   59   38   27.99959   23.00000  17.9%  28.9 4665s
 33076159  9708   23.00000   54   39   27.99959   23.00000  17.9%  28.9 4670s
 33111712  9506 infeasible   55        27.99959   23.00000  17.9%  28.9 4675s
 33147110  9435   23.00000   60   28   27.99959   23.00000  17.9%  28.9 4680s
 33181588  9927   23.00000   52   30   27.99959   23.00000  17.9%  28.9 4685s
 33215346  9621 infeasible   60        27.99959   23.00000  17.9%  28.9 4690s
 33248165  9805   23.00000   51   34   27.99959   23.00000  17.9%  28.9 4695s
 33282408  9567 infeasible   44        27.99959   23.00000  17.9%  28.9 4700s
 33313237  9548   23.00000   63   34   27.99959   23.00000  17.9%  28.9 4705s
 33349504  9389 infeasible   56        27.99959   23.00000  17.9%  28.9 4710s
 33382601  9809   23.00000   48   36   27.99959   23.00000  17.9%  28.9 4715s
 33415134  9739 infeasible   59        27.99959   23.00000  17.9%  28.9 4720s
 33447632  9622 infeasible   55        27.99959   23.00000  17.9%  28.9 4725s
 33480000  9562   23.00000   65   35   27.99959   23.00000  17.9%  28.9 4730s
 33512161  9371 infeasible   49        27.99959   23.00000  17.9%  28.9 4735s
 33546867  9622 infeasible   61        27.99959   23.00000  17.9%  28.9 4740s
 33581789  9770   23.00000   57   32   27.99959   23.00000  17.9%  28.9 4745s
 33611307  9504   23.00000   61   35   27.99959   23.00000  17.9%  28.9 4750s
 33646649  9396 infeasible   61        27.99959   23.00000  17.9%  28.9 4755s
 33680893  9405 infeasible   64        27.99959   23.00000  17.9%  28.9 4760s
 33715539  9342   23.00000   63   28   27.99959   23.00000  17.9%  28.9 4765s
 33751894  9699 infeasible   65        27.99959   23.00000  17.9%  28.9 4770s
 33788819  9576 infeasible   56        27.99959   23.00000  17.9%  28.9 4775s
 33827100  9529   23.00000   61   34   27.99959   23.00000  17.9%  28.9 4780s
 33863474  9275   23.00000   54   35   27.99959   23.00000  17.9%  28.9 4785s
 33902718  9239 infeasible   53        27.99959   23.00000  17.9%  28.9 4790s
 33940864  9228   23.00000   81   33   27.99959   23.00000  17.9%  28.9 4795s
 33976487  9141 infeasible   56        27.99959   23.00000  17.9%  28.9 4800s
 34018506  9163 infeasible   64        27.99959   23.00000  17.9%  28.9 4805s
 34057759  9004   23.00000   66   37   27.99959   23.00000  17.9%  28.9 4810s
 34098860  8948   23.00000   56   33   27.99959   23.00000  17.9%  28.9 4815s
 34135256  8978   23.00000   56   31   27.99959   23.00000  17.9%  28.9 4820s
 34171733  9099 infeasible   60        27.99959   23.00000  17.9%  28.9 4825s
 34202850  8856   23.00000   60   30   27.99959   23.00000  17.9%  28.9 4830s
 34238169  9642 infeasible   68        27.99959   23.00000  17.9%  28.9 4835s
 34272564  9831   23.00000   65   39   27.99959   23.00000  17.9%  28.9 4840s
 34308930  9566   23.00000   64   27   27.99959   23.00000  17.9%  28.9 4845s
 34347089  9345   23.00000   71   27   27.99959   23.00000  17.9%  28.9 4850s
 34384509  9291   23.00000   63   34   27.99959   23.00000  17.9%  28.9 4855s
 34419223  9289   23.00000   60   30   27.99959   23.00000  17.9%  28.9 4860s
 34453306  9236 infeasible   60        27.99959   23.00000  17.9%  28.9 4865s
 34485702  9151   23.00000   58   35   27.99959   23.00000  17.9%  28.9 4870s
 34521514  9143   23.00000   60   36   27.99959   23.00000  17.9%  28.9 4875s
 34556525  9026   23.00000   64   37   27.99959   23.00000  17.9%  28.9 4880s
 34592014  9307   23.00000   60   38   27.99959   23.00000  17.9%  28.9 4885s
 34628094  9129   23.00000   61   31   27.99959   23.00000  17.9%  28.9 4890s
 34662562  8813   23.00000   63   20   27.99959   23.00000  17.9%  28.9 4895s
 34696929  8807 infeasible   64        27.99959   23.00000  17.9%  28.9 4900s
 34730633  8994   23.00000   66   24   27.99959   23.00000  17.9%  28.9 4905s
 34767861  9032 infeasible   70        27.99959   23.00000  17.9%  28.9 4910s
 34800625  8818 infeasible   64        27.99959   23.00000  17.9%  28.9 4915s
 34835353  8808   23.00000   66   43   27.99959   23.00000  17.9%  28.9 4920s
 34869827  8748 infeasible   65        27.99959   23.00000  17.9%  28.9 4925s
 34904059  8932 infeasible   65        27.99959   23.00000  17.9%  28.9 4930s
 34938496  9203   23.00000   55   37   27.99959   23.00000  17.9%  28.9 4935s
 34971855  9135   23.00000   60   41   27.99959   23.00000  17.9%  28.9 4940s
 35006531  9245 infeasible   59        27.99959   23.00000  17.9%  28.8 4945s
 35040983  9465   23.00000   70   35   27.99959   23.00000  17.9%  28.9 4950s
 35074887  9222   23.00000   61   49   27.99959   23.00000  17.9%  28.9 4955s
 35105814  8956 infeasible   60        27.99959   23.00000  17.9%  28.9 4960s
 35139751  9416 infeasible   57        27.99959   23.00000  17.9%  28.9 4965s
 35174623  9657   23.00000   70   37   27.99959   23.00000  17.9%  28.9 4970s
 35208588  9610 infeasible   66        27.99959   23.00000  17.9%  28.9 4975s
 35242616  9269 infeasible   63        27.99959   23.00000  17.9%  28.9 4980s
 35277218  9315 infeasible   66        27.99959   23.00000  17.9%  28.9 4985s
 35310943  9023 infeasible   63        27.99959   23.00000  17.9%  28.9 4990s
 35344225  8727   23.00000   56   42   27.99959   23.00000  17.9%  28.9 4995s
 35379521  8388 infeasible   58        27.99959   23.00000  17.9%  28.9 5000s
 35413891  8285 infeasible   80        27.99959   23.00000  17.9%  28.9 5005s
 35448452  6967 infeasible   51        27.99959   23.00000  17.9%  28.9 5010s
 35479506  7359   27.00000   63   33   27.99959   27.00000  3.57%  28.9 5015s
 35509812  7583   27.00000   60   25   27.99959   27.00000  3.57%  28.9 5020s
 35538865  7330   27.00000   55   26   27.99959   27.00000  3.57%  28.9 5025s
 35571057  7349 infeasible   73        27.99959   27.00000  3.57%  28.9 5030s
 35608135  7654 infeasible   58        27.99959   27.00000  3.57%  28.9 5035s
 35646702  7615 infeasible   81        27.99959   27.00000  3.57%  28.9 5040s
 35680938  7682   27.00000   73   20   27.99959   27.00000  3.57%  28.9 5045s
 35716663  7498   27.00000   56   23   27.99959   27.00000  3.57%  28.9 5050s
 35753761  8042 infeasible   76        27.99959   27.00000  3.57%  28.9 5055s
 35794785  9228   27.00000   80   19   27.99959   27.00000  3.57%  28.9 5060s
 35838381  9826 infeasible   63        27.99959   27.00000  3.57%  28.9 5065s
 35879580 10284 infeasible   77        27.99959   27.00000  3.57%  28.9 5070s
 35922664 10707 infeasible   80        27.99959   27.00000  3.57%  28.9 5075s
 35963100 11026   27.00000   73   16   27.99959   27.00000  3.57%  28.9 5080s
 36004712 11784   27.00000   70   28   27.99959   27.00000  3.57%  28.9 5085s
 36046959 12406   27.00000   58   39   27.99959   27.00000  3.57%  28.9 5090s
 36088208 14003   27.00000   77   25   27.99959   27.00000  3.57%  28.9 5095s
 36125240 14674   27.00000   85   17   27.99959   27.00000  3.57%  28.9 5100s
 36168081 15995   27.00000   69   23   27.99959   27.00000  3.57%  28.9 5105s
 36211961 15917   27.00000   78   25   27.99959   27.00000  3.57%  28.9 5110s
 36256012 15823 infeasible   76        27.99959   27.00000  3.57%  28.9 5115s
 36297682 15630 infeasible   77        27.99959   27.00000  3.57%  28.9 5120s
 36339526 15571 infeasible   75        27.99959   27.00000  3.57%  28.9 5125s
 36380725 15535 infeasible   68        27.99959   27.00000  3.57%  28.9 5130s
 36422330 15348   27.00000   75   30   27.99959   27.00000  3.57%  28.9 5135s
 36464247 15623   27.00000   75   21   27.99959   27.00000  3.57%  28.9 5140s
 36506335 15511   27.00000   79   21   27.99959   27.00000  3.57%  28.9 5145s
 36548433 15319   27.00000   80   20   27.99959   27.00000  3.57%  28.9 5150s
 36590342 15482 infeasible   77        27.99959   27.00000  3.57%  28.9 5155s
 36630654 15377   27.00000   70   23   27.99959   27.00000  3.57%  28.9 5160s
 36673424 15500 infeasible   73        27.99959   27.00000  3.57%  28.9 5165s
 36709173 15424   27.00000   71   27   27.99959   27.00000  3.57%  28.9 5170s
 36750996 15467   27.00000   72   19   27.99959   27.00000  3.57%  28.9 5175s
 36793119 15235   27.00000   70   27   27.99959   27.00000  3.57%  28.9 5180s
 36836106 15435   27.00000   73   32   27.99959   27.00000  3.57%  28.9 5185s
 36877048 15190   27.00000   77   22   27.99959   27.00000  3.57%  28.9 5190s
 36919198 15292 infeasible   84        27.99959   27.00000  3.57%  28.9 5195s
 36961368 15070   27.00000   76   27   27.99959   27.00000  3.57%  28.9 5200s
 37002167 15166 infeasible   80        27.99959   27.00000  3.57%  28.9 5205s
 37044934 15966 infeasible   78        27.99959   27.00000  3.57%  28.9 5210s
 37088428 16592   27.00000   77   28   27.99959   27.00000  3.57%  28.9 5215s
 37130391 16807 infeasible   77        27.99959   27.00000  3.57%  28.9 5220s
 37175346 16750   27.00000   73   21   27.99959   27.00000  3.57%  28.9 5225s
 37219575 16432   27.00000   76   19   27.99959   27.00000  3.57%  28.9 5230s
 37263930 16171 infeasible   78        27.99959   27.00000  3.57%  28.9 5235s
 37309114 15892 infeasible   72        27.99959   27.00000  3.57%  28.9 5240s
 37352427 15813   27.00000   74   22   27.99959   27.00000  3.57%  28.9 5245s
 37396842 15725 infeasible   71        27.99959   27.00000  3.57%  28.9 5250s
 37440868 15911   27.00000   76   23   27.99959   27.00000  3.57%  28.8 5255s
 37480695 15785   27.00000   75   23   27.99959   27.00000  3.57%  28.8 5260s
 37525078 15659 infeasible   78        27.99959   27.00000  3.57%  28.8 5265s
 37565867 15482   27.00000   74   24   27.99959   27.00000  3.57%  28.8 5270s
 37608605 15658 infeasible   76        27.99959   27.00000  3.57%  28.8 5275s
 37650611 15858   27.00000   69   35   27.99959   27.00000  3.57%  28.8 5280s
 37694403 15774 infeasible   72        27.99959   27.00000  3.57%  28.8 5285s
 37738471 15527   27.00000   72   20   27.99959   27.00000  3.57%  28.8 5290s
 37780873 15665 infeasible   60        27.99959   27.00000  3.57%  28.8 5295s
 37821937 15900 infeasible   77        27.99959   27.00000  3.57%  28.8 5300s
 37864219 15686   27.00000   71   18   27.99959   27.00000  3.57%  28.8 5305s
 37908241 15797 infeasible   81        27.99959   27.00000  3.57%  28.8 5310s
 37952915 15730   27.00000   76   23   27.99959   27.00000  3.57%  28.8 5315s
 37996564 15660   27.00000   70   11   27.99959   27.00000  3.57%  28.8 5320s
 38040608 15722   27.00000   80   23   27.99959   27.00000  3.57%  28.8 5325s
 38085170 15545   27.00000   75   21   27.99959   27.00000  3.57%  28.8 5330s
 38126710 15902 infeasible   66        27.99959   27.00000  3.57%  28.8 5335s
 38166415 15662 infeasible   78        27.99959   27.00000  3.57%  28.8 5340s
 38207851 15546 infeasible   73        27.99959   27.00000  3.57%  28.8 5345s
 38251713 15662   27.00000   80   22   27.99959   27.00000  3.57%  28.8 5350s
 38293474 15451 infeasible   76        27.99959   27.00000  3.57%  28.8 5355s
 38334376 15212   27.00000   64   46   27.99959   27.00000  3.57%  28.8 5360s
 38375385 15371   27.00000   68   17   27.99959   27.00000  3.57%  28.8 5365s
 38419031 15161   27.00000   81   20   27.99959   27.00000  3.57%  28.8 5370s
 38461655 15734   27.00000   68   36   27.99959   27.00000  3.57%  28.8 5375s
 38505920 15517 infeasible   64        27.99959   27.00000  3.57%  28.8 5380s
 38548988 15766   27.00000   64   45   27.99959   27.00000  3.57%  28.7 5385s
 38587086 15587   27.00000   75   13   27.99959   27.00000  3.57%  28.7 5390s
 38630885 15221 infeasible   68        27.99959   27.00000  3.57%  28.7 5395s
 38673454 15151   27.00000   58   46   27.99959   27.00000  3.57%  28.7 5400s
 38717855 15156 infeasible   73        27.99959   27.00000  3.57%  28.7 5405s
 38761951 15107   27.00000   78   23   27.99959   27.00000  3.57%  28.7 5410s
 38806607 15160 infeasible   75        27.99959   27.00000  3.57%  28.7 5415s
 38847096 14959   27.00000   75   17   27.99959   27.00000  3.57%  28.7 5420s
 38890173 15102 infeasible   73        27.99959   27.00000  3.57%  28.7 5425s
 38932466 14926 infeasible   71        27.99959   27.00000  3.57%  28.7 5430s
 38975735 15569   27.00000   66   23   27.99959   27.00000  3.57%  28.7 5435s
 39019124 15805 infeasible   72        27.99959   27.00000  3.57%  28.7 5440s
 39061326 15686   27.00000   78   30   27.99959   27.00000  3.57%  28.7 5445s
 39104181 15484   27.00000   68   31   27.99959   27.00000  3.57%  28.7 5450s
 39147735 15310 infeasible   74        27.99959   27.00000  3.57%  28.7 5455s
 39191457 15133   27.00000   72   26   27.99959   27.00000  3.57%  28.7 5460s
 39234998 14840   27.00000   66   26   27.99959   27.00000  3.57%  28.7 5465s
 39277039 15077   27.00000   70   26   27.99959   27.00000  3.57%  28.7 5470s
 39316242 14803   27.00000   83   20   27.99959   27.00000  3.57%  28.7 5476s
 39356698 14897 infeasible   79        27.99959   27.00000  3.57%  28.7 5480s
 39402395 15589 infeasible   67        27.99959   27.00000  3.57%  28.7 5485s
 39449435 15585 infeasible   68        27.99959   27.00000  3.57%  28.7 5490s
 39494392 15593 infeasible   70        27.99959   27.00000  3.57%  28.7 5495s
 39539902 15427   27.00000   68   24   27.99959   27.00000  3.57%  28.7 5500s
 39585003 15228   27.00000   74   24   27.99959   27.00000  3.57%  28.7 5505s
 39630356 14981   27.00000   73   31   27.99959   27.00000  3.57%  28.7 5510s
 39675136 14783 infeasible   76        27.99959   27.00000  3.57%  28.7 5515s
 39718405 14769   27.00000   72   20   27.99959   27.00000  3.57%  28.7 5520s
 39760112 15088 infeasible   81        27.99959   27.00000  3.57%  28.7 5525s
 39803624 14757 infeasible   81        27.99959   27.00000  3.57%  28.7 5530s
 39846594 14735 infeasible   78        27.99959   27.00000  3.57%  28.7 5535s
 39890751 14775 infeasible   80        27.99959   27.00000  3.57%  28.7 5540s
 39932728 14453   27.00000   72   28   27.99959   27.00000  3.57%  28.7 5545s
 39973820 14250   27.00000   74   20   27.99959   27.00000  3.57%  28.7 5550s
 40014985 14112   27.00000   69   16   27.99959   27.00000  3.57%  28.7 5555s
 40055492 14446 infeasible   78        27.99959   27.00000  3.57%  28.7 5560s
 40093489 14236 infeasible   73        27.99959   27.00000  3.57%  28.7 5565s
 40134279 14088   27.00000   81   18   27.99959   27.00000  3.57%  28.7 5570s
 40177670 13811 infeasible   82        27.99959   27.00000  3.57%  28.7 5575s
 40218454 13639 infeasible   76        27.99959   27.00000  3.57%  28.7 5580s
 40253157 14051   27.00000   61   45   27.99959   27.00000  3.57%  28.7 5585s
 40288389 14255 infeasible   71        27.99959   27.00000  3.57%  28.7 5590s
 40329391 14351 infeasible   78        27.99959   27.00000  3.57%  28.7 5595s
 40368368 14091 infeasible   78        27.99959   27.00000  3.57%  28.7 5600s
 40405373 13894 infeasible   67        27.99959   27.00000  3.57%  28.7 5605s
 40439899 13656 infeasible   65        27.99959   27.00000  3.57%  28.7 5610s
 40474670 13575   27.00000   68   29   27.99959   27.00000  3.57%  28.7 5615s
 40507924 13641   27.00000   83   20   27.99959   27.00000  3.57%  28.7 5620s
 40549551 13589 infeasible   78        27.99959   27.00000  3.57%  28.7 5625s
 40587344 13870 infeasible   60        27.99959   27.00000  3.57%  28.7 5630s
 40621378 14031 infeasible   64        27.99959   27.00000  3.57%  28.7 5635s
 40654547 13917   27.00000   59   36   27.99959   27.00000  3.57%  28.7 5640s
 40688703 13944   27.00000   65   42   27.99959   27.00000  3.57%  28.7 5645s
 40723953 13654 infeasible   70        27.99959   27.00000  3.57%  28.7 5650s
 40758153 13726 infeasible   61        27.99959   27.00000  3.57%  28.7 5655s
 40792447 13588 infeasible   77        27.99959   27.00000  3.57%  28.7 5660s
 40828148 13598 infeasible   73        27.99959   27.00000  3.57%  28.7 5665s
 40865518 13330   27.00000   71   34   27.99959   27.00000  3.57%  28.7 5670s
 40905048 13127   27.00000   79   24   27.99959   27.00000  3.57%  28.7 5675s
 40945528 13282 infeasible   74        27.99959   27.00000  3.57%  28.7 5680s
 40988269 13040   27.00000   76   29   27.99959   27.00000  3.57%  28.7 5685s
 41027422 13268   27.00000   59   52   27.99959   27.00000  3.57%  28.7 5690s
 41064134 13209   27.00000   79   32   27.99959   27.00000  3.57%  28.7 5695s
 41101860 13213   27.00000   79   27   27.99959   27.00000  3.57%  28.7 5700s
 41140441 13174   27.00000   76   22   27.99959   27.00000  3.57%  28.7 5705s
 41181615 12997   27.00000   80   26   27.99959   27.00000  3.57%  28.7 5710s
 41222137 12947 infeasible   71        27.99959   27.00000  3.57%  28.7 5715s
 41264179 13831 infeasible   76        27.99959   27.00000  3.57%  28.7 5720s
 41305604 14246   27.00000   66   45   27.99959   27.00000  3.57%  28.7 5725s
 41347987 13948 infeasible   77        27.99959   27.00000  3.57%  28.7 5730s
 41390296 13838   27.00000   72   19   27.99959   27.00000  3.57%  28.7 5735s
 41430311 13583   27.00000   68   33   27.99959   27.00000  3.57%  28.7 5740s
 41471783 13466 infeasible   74        27.99959   27.00000  3.57%  28.7 5745s
 41513657 13476 infeasible   72        27.99959   27.00000  3.57%  28.7 5750s
 41555517 13513 infeasible   84        27.99959   27.00000  3.57%  28.7 5755s
 41595655 13527 infeasible   73        27.99959   27.00000  3.57%  28.7 5760s
 41636134 13397 infeasible   75        27.99959   27.00000  3.57%  28.7 5765s
 41679428 13447   27.00000   77   17   27.99959   27.00000  3.57%  28.7 5770s
 41720848 13321   27.00000   81   15   27.99959   27.00000  3.57%  28.7 5775s
 41764427 13239   27.00000   75   36   27.99959   27.00000  3.57%  28.7 5780s
 41802158 13372 infeasible   65        27.99959   27.00000  3.57%  28.7 5785s
 41846159 13303 infeasible   82        27.99959   27.00000  3.57%  28.7 5790s
 41885985 13014 infeasible   75        27.99959   27.00000  3.57%  28.7 5795s
 41927857 13217 infeasible   73        27.99959   27.00000  3.57%  28.7 5800s
 41970679 13265 infeasible   81        27.99959   27.00000  3.57%  28.7 5805s
 42013130 13246   27.00000   78   28   27.99959   27.00000  3.57%  28.7 5810s
 42054802 13033 infeasible   72        27.99959   27.00000  3.57%  28.7 5815s
 42096947 13140   27.00000   72   30   27.99959   27.00000  3.57%  28.7 5820s
 42137914 13922   27.00000   74   26   27.99959   27.00000  3.57%  28.7 5825s
 42179284 13811 infeasible   73        27.99959   27.00000  3.57%  28.7 5830s
 42215264 13671   27.00000   71   38   27.99959   27.00000  3.57%  28.7 5835s
 42256794 13527 infeasible   68        27.99959   27.00000  3.57%  28.7 5840s
 42297665 13396   27.00000   70   22   27.99959   27.00000  3.57%  28.7 5845s
 42338604 13207   27.00000   75   23   27.99959   27.00000  3.57%  28.7 5850s
 42379838 13176 infeasible   67        27.99959   27.00000  3.57%  28.7 5855s
 42421924 13082 infeasible   75        27.99959   27.00000  3.57%  28.7 5860s
 42463107 13002   27.00000   71   25   27.99959   27.00000  3.57%  28.7 5865s
 42505000 13005 infeasible   70        27.99959   27.00000  3.57%  28.7 5870s
 42546421 12819 infeasible   76        27.99959   27.00000  3.57%  28.7 5875s
 42587504 13093   27.00000   67   23   27.99959   27.00000  3.57%  28.7 5880s
 42627607 13098   27.00000   64   30   27.99959   27.00000  3.57%  28.7 5885s
 42669446 12948 infeasible   78        27.99959   27.00000  3.57%  28.7 5890s
 42710927 12675 infeasible   71        27.99959   27.00000  3.57%  28.7 5895s
 42752252 12604 infeasible   70        27.99959   27.00000  3.57%  28.7 5900s
 42795048 12493 infeasible   62        27.99959   27.00000  3.57%  28.7 5905s
 42835313 12506   27.00000   66   31   27.99959   27.00000  3.57%  28.7 5910s
 42869991 12790 infeasible   78        27.99959   27.00000  3.57%  28.7 5915s
 42909957 12696   27.00000   70   15   27.99959   27.00000  3.57%  28.7 5920s
 42948223 12478   27.00000   71   23   27.99959   27.00000  3.57%  28.7 5925s
 42981692 12418 infeasible   72        27.99959   27.00000  3.57%  28.8 5930s
 43017679 12379   27.00000   68   22   27.99959   27.00000  3.57%  28.8 5935s
 43056716 12005   27.00000   78   18   27.99959   27.00000  3.57%  28.8 5940s
 43098242 11667   27.00000   72   32   27.99959   27.00000  3.57%  28.8 5945s
 43137191 11443   27.00000   72   25   27.99959   27.00000  3.57%  28.8 5950s
 43177686 11277   27.00000   73   22   27.99959   27.00000  3.57%  28.8 5955s
 43215315 11095   27.00000   66   34   27.99959   27.00000  3.57%  28.8 5960s
 43259303 11362   27.00000   74   20   27.99959   27.00000  3.57%  28.8 5965s
 43303062 11230 infeasible   74        27.99959   27.00000  3.57%  28.8 5970s
 43345146 11025 infeasible   77        27.99959   27.00000  3.57%  28.8 5975s
 43386851 10696 infeasible   74        27.99959   27.00000  3.57%  28.8 5980s
 43429295 10010   27.00000   62   21   27.99959   27.00000  3.57%  28.8 5985s
 43468949  9383 infeasible   72        27.99959   27.00000  3.57%  28.8 5990s
 43511479  9559   27.00000   67   31   27.99959   27.00000  3.57%  28.8 5995s
 43549148  9760 infeasible   77        27.99959   27.00000  3.57%  28.8 6000s
 43590361  9513 infeasible   79        27.99959   27.00000  3.57%  28.8 6005s
 43630654  9375   27.00000   75   25   27.99959   27.00000  3.57%  28.8 6010s
 43673508  9591   27.00000   77   22   27.99959   27.00000  3.57%  28.8 6015s
 43716890  9199 infeasible   71        27.99959   27.00000  3.57%  28.8 6020s
 43760456  9376   27.00000   79   29   27.99959   27.00000  3.57%  28.8 6025s
 43802772  8781 infeasible   71        27.99959   27.00000  3.57%  28.8 6030s
 43845357  8242   27.00000   70   31   27.99959   27.00000  3.57%  28.8 6035s
 43887268  8063 infeasible   70        27.99959   27.00000  3.57%  28.7 6040s
 43929261  7979   27.00000   58   34   27.99959   27.00000  3.57%  28.7 6045s
 43971852  7714 infeasible   64        27.99959   27.00000  3.57%  28.7 6050s
 44013734  7637   27.00000   76   39   27.99959   27.00000  3.57%  28.7 6055s
 44055372  7616   27.00000   67   25   27.99959   27.00000  3.57%  28.8 6060s
 44090662  7811   27.00000   72   28   27.99959   27.00000  3.57%  28.8 6065s
 44131934  7703 infeasible   74        27.99959   27.00000  3.57%  28.8 6070s
 44173623  7530 infeasible   71        27.99959   27.00000  3.57%  28.8 6075s
 44214760  7537 infeasible   65        27.99959   27.00000  3.57%  28.8 6080s
 44254469  7442 infeasible   71        27.99959   27.00000  3.57%  28.8 6085s
 44294345  7296 infeasible   46        27.99959   27.00000  3.57%  28.8 6090s
 44329563  7870 infeasible   73        27.99959   27.00000  3.57%  28.8 6095s
 44360616  8594 infeasible   58        27.99959   27.00000  3.57%  28.8 6100s
 44392393  8415 infeasible   58        27.99959   27.00000  3.57%  28.8 6105s
 44424848  8158   27.00000   47   37   27.99959   27.00000  3.57%  28.8 6110s
 44458770  8119   27.00000   73   27   27.99959   27.00000  3.57%  28.8 6115s
 44489672  9086   27.00000   48   45   27.99959   27.00000  3.57%  28.8 6120s
 44521505  9250   27.00000   76   24   27.99959   27.00000  3.57%  28.8 6125s
 44554281  9197 infeasible   71        27.99959   27.00000  3.57%  28.8 6130s
 44583380  9078   27.00000   65   28   27.99959   27.00000  3.57%  28.8 6135s
 44617687  9102 infeasible   61        27.99959   27.00000  3.57%  28.8 6140s
 44649822  8848   27.00000   47   29   27.99959   27.00000  3.57%  28.8 6145s
 44681433  8747   27.00000   59   35   27.99959   27.00000  3.57%  28.8 6150s
 44713567  8703   27.00000   52   30   27.99959   27.00000  3.57%  28.8 6155s
 44744924  8535 infeasible   61        27.99959   27.00000  3.57%  28.8 6160s
 44774891  9058   27.00000   55   35   27.99959   27.00000  3.57%  28.8 6165s
 44807859  9058 infeasible   59        27.99959   27.00000  3.57%  28.8 6170s
 44841104  8877   27.00000   61   37   27.99959   27.00000  3.57%  28.8 6175s
 44874186  8935   27.00000   57   40   27.99959   27.00000  3.57%  28.8 6180s
 44907202  8790   27.00000   61   38   27.99959   27.00000  3.57%  28.8 6185s
 44941319  9601 infeasible   64        27.99959   27.00000  3.57%  28.8 6190s
 44975043  9500   27.00000   62   32   27.99959   27.00000  3.57%  28.8 6195s
 45005006  9980 infeasible   52        27.99959   27.00000  3.57%  28.8 6200s
 45033526 10383   27.00000   52   35   27.99959   27.00000  3.57%  28.8 6205s
 45063846 10715 infeasible   62        27.99959   27.00000  3.57%  28.8 6210s
 45091566 11087 infeasible   57        27.99959   27.00000  3.57%  28.8 6215s
 45122170 11854   27.00000   55   45   27.99959   27.00000  3.57%  28.9 6220s
 45152875 12044   27.00000   50   39   27.99959   27.00000  3.57%  28.9 6225s
 45183587 12074   27.00000   48   44   27.99959   27.00000  3.57%  28.9 6230s
 45213635 12879 infeasible   49        27.99959   27.00000  3.57%  28.9 6235s
 45244175 13743 infeasible   54        27.99959   27.00000  3.57%  28.9 6240s
 45274901 14203 infeasible   59        27.99959   27.00000  3.57%  28.9 6245s
 45303129 14876   27.00000   61   31   27.99959   27.00000  3.57%  28.9 6250s
 45333604 14874   27.00000   66   22   27.99959   27.00000  3.57%  28.9 6255s
 45362217 14841 infeasible   64        27.99959   27.00000  3.57%  28.9 6260s
 45394905 14633 infeasible   63        27.99959   27.00000  3.57%  28.9 6265s
 45426334 14524 infeasible   57        27.99959   27.00000  3.57%  28.9 6270s
 45457922 14729 infeasible   59        27.99959   27.00000  3.57%  28.9 6275s
 45487826 14749 infeasible   67        27.99959   27.00000  3.57%  28.9 6280s
 45518670 14590 infeasible   68        27.99959   27.00000  3.57%  28.9 6285s
 45547293 14512 infeasible   55        27.99959   27.00000  3.57%  28.9 6290s
 45573995 14383 infeasible   58        27.99959   27.00000  3.57%  28.9 6295s
 45603096 14301   27.00000   55   24   27.99959   27.00000  3.57%  28.9 6300s
 45633399 14174 infeasible   66        27.99959   27.00000  3.57%  28.9 6305s
 45662624 14223 infeasible   61        27.99959   27.00000  3.57%  28.9 6310s
 45692308 14197   27.00000   54   34   27.99959   27.00000  3.57%  29.0 6315s
 45723339 14105 infeasible   59        27.99959   27.00000  3.57%  29.0 6320s
 45754500 13781   27.00000   55   48   27.99959   27.00000  3.57%  29.0 6325s
 45785141 13704 infeasible   52        27.99959   27.00000  3.57%  29.0 6330s
 45812860 13955   27.00000   51   36   27.99959   27.00000  3.57%  29.0 6335s
 45845369 13804   27.00000   63   28   27.99959   27.00000  3.57%  29.0 6340s
 45878119 13722   27.00000   53   26   27.99959   27.00000  3.57%  29.0 6345s
 45910485 13530   27.00000   62   31   27.99959   27.00000  3.57%  29.0 6350s
 45939055 13769 infeasible   58        27.99959   27.00000  3.57%  29.0 6355s
 45968612 14222 infeasible   53        27.99959   27.00000  3.57%  29.0 6360s
 45997311 14061 infeasible   53        27.99959   27.00000  3.57%  29.0 6365s
 46026392 13915   27.00000   47   35   27.99959   27.00000  3.57%  29.0 6370s
 46056480 14032   27.00000   60   34   27.99959   27.00000  3.57%  29.0 6375s
 46086551 13799 infeasible   57        27.99959   27.00000  3.57%  29.0 6380s
 46116962 13636   27.00000   56   39   27.99959   27.00000  3.57%  29.0 6385s
 46145870 13564 infeasible   63        27.99959   27.00000  3.57%  29.0 6390s
 46174451 13357 infeasible   61        27.99959   27.00000  3.57%  29.0 6395s
 46202863 13317   27.00000   53   42   27.99959   27.00000  3.57%  29.0 6400s
 46234076 13478 infeasible   67        27.99959   27.00000  3.57%  29.0 6405s
 46268445 13551   27.00000   53   40   27.99959   27.00000  3.57%  29.0 6410s
 46301221 13590 infeasible   63        27.99959   27.00000  3.57%  29.0 6415s
 46337054 13379   27.00000   63   15   27.99959   27.00000  3.57%  29.0 6420s
 46370937 13232   27.00000   53   37   27.99959   27.00000  3.57%  29.0 6425s
 46402216 13021 infeasible   66        27.99959   27.00000  3.57%  29.1 6430s
 46434475 12842 infeasible   52        27.99959   27.00000  3.57%  29.1 6435s
 46467882 12742 infeasible   59        27.99959   27.00000  3.57%  29.1 6440s
 46495431 12846 infeasible   56        27.99959   27.00000  3.57%  29.1 6445s
 46528207 12798   27.00000   63   21   27.99959   27.00000  3.57%  29.1 6450s
 46567535 12931   27.00000   63   35   27.99959   27.00000  3.57%  29.1 6455s
 46606387 12664   27.00000   52   53   27.99959   27.00000  3.57%  29.1 6460s
 46641592 12797 infeasible   55        27.99959   27.00000  3.57%  29.1 6465s
 46675017 13007   27.00000   52   36   27.99959   27.00000  3.57%  29.1 6470s
 46708599 12817 infeasible   56        27.99959   27.00000  3.57%  29.1 6475s
 46743385 12637 infeasible   58        27.99959   27.00000  3.57%  29.1 6480s
 46776438 12565 infeasible   60        27.99959   27.00000  3.57%  29.1 6485s
 46808241 12348   27.00000   50   40   27.99959   27.00000  3.57%  29.1 6490s
 46839643 12649   27.00000   64   28   27.99959   27.00000  3.57%  29.1 6495s
 46873832 12814 infeasible   60        27.99959   27.00000  3.57%  29.1 6500s
 46908147 12447 infeasible   74        27.99959   27.00000  3.57%  29.1 6505s
 46943309 12456 infeasible   61        27.99959   27.00000  3.57%  29.1 6510s
 46975513 12142 infeasible   60        27.99959   27.00000  3.57%  29.1 6515s
 47002839 12171   27.00000   65   29   27.99959   27.00000  3.57%  29.1 6520s
 47033294 12158   27.00000   51   37   27.99959   27.00000  3.57%  29.1 6525s
 47063758 11808 infeasible   54        27.99959   27.00000  3.57%  29.1 6530s
 47094314 11655   27.00000   52   26   27.99959   27.00000  3.57%  29.1 6535s
 47124184 11521 infeasible   65        27.99959   27.00000  3.57%  29.1 6540s
 47153995 11435 infeasible   60        27.99959   27.00000  3.57%  29.1 6545s
 47185101 11274 infeasible   59        27.99959   27.00000  3.57%  29.1 6550s
 47214995 11201 infeasible   51        27.99959   27.00000  3.57%  29.1 6555s
 47245756 11011 infeasible   55        27.99959   27.00000  3.57%  29.1 6560s
 47276538 10935   27.00000   57   41   27.99959   27.00000  3.57%  29.1 6565s
 47307636 10825 infeasible   55        27.99959   27.00000  3.57%  29.1 6570s
 47339377 10633 infeasible   55        27.99959   27.00000  3.57%  29.1 6575s
 47368282 10492 infeasible   57        27.99959   27.00000  3.57%  29.1 6580s
 47400509 10570   27.00000   51   30   27.99959   27.00000  3.57%  29.1 6585s
 47432933 10357 infeasible   61        27.99959   27.00000  3.57%  29.1 6590s
 47463144 10356 infeasible   56        27.99959   27.00000  3.57%  29.1 6595s
 47492502 10362 infeasible   58        27.99959   27.00000  3.57%  29.1 6600s
 47522336 10306 infeasible   68        27.99959   27.00000  3.57%  29.2 6605s
 47553434 10423 infeasible   60        27.99959   27.00000  3.57%  29.2 6610s
 47584433 10218 infeasible   61        27.99959   27.00000  3.57%  29.2 6615s
 47614658 11156   27.00000   52   34   27.99959   27.00000  3.57%  29.2 6620s
 47644992 11736 infeasible   64        27.99959   27.00000  3.57%  29.2 6625s
 47672153 11699   27.00000   58   38   27.99959   27.00000  3.57%  29.2 6630s
 47703368 11625 infeasible   66        27.99959   27.00000  3.57%  29.2 6635s
 47734999 11428 infeasible   69        27.99959   27.00000  3.57%  29.2 6640s
 47765951 11351 infeasible   66        27.99959   27.00000  3.57%  29.2 6645s
 47795131 11169   27.00000   55   43   27.99959   27.00000  3.57%  29.2 6650s
 47827927 11928 infeasible   62        27.99959   27.00000  3.57%  29.2 6655s
 47860685 11873 infeasible   72        27.99959   27.00000  3.57%  29.2 6660s
 47893494 11660 infeasible   67        27.99959   27.00000  3.57%  29.2 6665s
 47926630 11478   27.00000   61   28   27.99959   27.00000  3.57%  29.2 6670s
 47958213 11290   27.00000   59   30   27.99959   27.00000  3.57%  29.2 6675s
 47989245 11307   27.00000   68   40   27.99959   27.00000  3.57%  29.2 6680s
 48020760 11103 infeasible   53        27.99959   27.00000  3.57%  29.2 6685s
 48052961 11475 infeasible   62        27.99959   27.00000  3.57%  29.2 6690s
 48086877 11212 infeasible   55        27.99959   27.00000  3.57%  29.2 6695s
 48118850 10965   27.00000   61   50   27.99959   27.00000  3.57%  29.2 6700s
 48143616 11194   27.00000   59   43   27.99959   27.00000  3.57%  29.2 6705s
 48171983 11429   27.00000   58   37   27.99959   27.00000  3.57%  29.2 6710s
 48201343 11880   27.00000   58   34   27.99959   27.00000  3.57%  29.2 6715s
 48229994 11579   27.00000   51   37   27.99959   27.00000  3.57%  29.2 6720s
 48257828 11497   27.00000   55   37   27.99959   27.00000  3.57%  29.2 6725s
 48287082 11863   27.00000   59   36   27.99959   27.00000  3.57%  29.3 6730s
 48317258 11667 infeasible   66        27.99959   27.00000  3.57%  29.3 6735s
 48347832 11527 infeasible   67        27.99959   27.00000  3.57%  29.3 6740s
 48378169 11285   27.00000   60   14   27.99959   27.00000  3.57%  29.3 6745s
 48406907 11387   27.00000   59   35   27.99959   27.00000  3.57%  29.3 6750s
 48438391 11308 infeasible   54        27.99959   27.00000  3.57%  29.3 6755s
 48466479 11044   27.00000   57   33   27.99959   27.00000  3.57%  29.3 6760s
 48495914 10879   27.00000   63   34   27.99959   27.00000  3.57%  29.3 6765s
 48524498 10847 infeasible   54        27.99959   27.00000  3.57%  29.3 6770s
 48553341 10743 infeasible   65        27.99959   27.00000  3.57%  29.3 6775s
 48582722 11577 infeasible   57        27.99959   27.00000  3.57%  29.3 6780s
 48613186 11784 infeasible   67        27.99959   27.00000  3.57%  29.3 6785s
 48640307 11707 infeasible   60        27.99959   27.00000  3.57%  29.3 6790s
 48669425 11777   27.00000   60   45   27.99959   27.00000  3.57%  29.3 6795s
 48698637 11543 infeasible   56        27.99959   27.00000  3.57%  29.3 6800s
 48729794 11827   27.00000   59   29   27.99959   27.00000  3.57%  29.3 6805s
 48763568 12270   27.00000   64   33   27.99959   27.00000  3.57%  29.3 6810s
 48799322 12180   27.00000   68   21   27.99959   27.00000  3.57%  29.3 6815s
 48835184 11998   27.00000   69   34   27.99959   27.00000  3.57%  29.3 6820s
 48866885 12338   27.00000   60   38   27.99959   27.00000  3.57%  29.3 6825s
 48898031 11914   27.00000   70   29   27.99959   27.00000  3.57%  29.3 6830s
 48931765 11686   27.00000   61   32   27.99959   27.00000  3.57%  29.3 6835s
 48965804 11707   27.00000   70   29   27.99959   27.00000  3.57%  29.3 6840s
 48998276 11545   27.00000   58   35   27.99959   27.00000  3.57%  29.3 6845s
 49030534 11553 infeasible   61        27.99959   27.00000  3.57%  29.4 6850s
 49063428 11354   27.00000   63   43   27.99959   27.00000  3.57%  29.4 6855s
 49093246 11207 infeasible   56        27.99959   27.00000  3.57%  29.4 6860s
 49124484 11327   27.00000   63   36   27.99959   27.00000  3.57%  29.4 6865s
 49153456 11272 infeasible   68        27.99959   27.00000  3.57%  29.4 6870s
 49182999 11282 infeasible   72        27.99959   27.00000  3.57%  29.4 6875s
 49213205 11127 infeasible   60        27.99959   27.00000  3.57%  29.4 6880s
 49243957 10950 infeasible   66        27.99959   27.00000  3.57%  29.4 6885s
 49274084 10962   27.00000   59   34   27.99959   27.00000  3.57%  29.4 6890s
 49303018 11033   27.00000   70   17   27.99959   27.00000  3.57%  29.4 6895s
 49330600 10947   27.00000   76   29   27.99959   27.00000  3.57%  29.4 6900s
 49361104 11066 infeasible   56        27.99959   27.00000  3.57%  29.4 6905s
 49391025 11158 infeasible   60        27.99959   27.00000  3.57%  29.4 6910s
 49420306 10938   27.00000   67   32   27.99959   27.00000  3.57%  29.4 6915s
 49451451 10729 infeasible   58        27.99959   27.00000  3.57%  29.4 6920s
 49483396 10595   27.00000   59   42   27.99959   27.00000  3.57%  29.4 6925s
 49512660 10679   27.00000   65   30   27.99959   27.00000  3.57%  29.4 6930s
 49543806 10683 infeasible   55        27.99959   27.00000  3.57%  29.4 6935s
 49575029 10626   27.00000   60   42   27.99959   27.00000  3.57%  29.4 6940s
 49608031 10430 infeasible   76        27.99959   27.00000  3.57%  29.4 6945s
 49637969 10416 infeasible   58        27.99959   27.00000  3.57%  29.4 6950s
 49667160 10619   27.00000   50   37   27.99959   27.00000  3.57%  29.4 6955s
 49696833 10450   27.00000   58   34   27.99959   27.00000  3.57%  29.5 6960s
 49724693 10330 infeasible   56        27.99959   27.00000  3.57%  29.5 6965s
 49753505 10344 infeasible   59        27.99959   27.00000  3.57%  29.5 6970s
 49782253 10188 infeasible   65        27.99959   27.00000  3.57%  29.5 6975s
 49810600 10213 infeasible   58        27.99959   27.00000  3.57%  29.5 6980s
 49838066 10223   27.00000   80   19   27.99959   27.00000  3.57%  29.5 6985s
 49867208 10080   27.00000   56   21   27.99959   27.00000  3.57%  29.5 6990s
 49891866  9995 infeasible   56        27.99959   27.00000  3.57%  29.5 6995s
 49922614  9965 infeasible   55        27.99959   27.00000  3.57%  29.5 7000s
 49951953  9749 infeasible   54        27.99959   27.00000  3.57%  29.5 7005s
 49982581  9858 infeasible   54        27.99959   27.00000  3.57%  29.5 7010s
 50014295  9923   27.00000   59   42   27.99959   27.00000  3.57%  29.5 7015s
 50047389  9801   27.00000   62   24   27.99959   27.00000  3.57%  29.5 7020s
 50078853  9819 infeasible   63        27.99959   27.00000  3.57%  29.5 7025s
 50107000  9634 infeasible   52        27.99959   27.00000  3.57%  29.5 7030s
 50134958  9678 infeasible   59        27.99959   27.00000  3.57%  29.5 7035s
 50162029  9800   27.00000   53   43   27.99959   27.00000  3.57%  29.5 7040s
 50189902  9648 infeasible   57        27.99959   27.00000  3.57%  29.5 7045s
 50220168  9569 infeasible   59        27.99959   27.00000  3.57%  29.6 7050s
 50249018  9751 infeasible   58        27.99959   27.00000  3.57%  29.6 7055s
 50278609  9511   27.00000   59   26   27.99959   27.00000  3.57%  29.6 7060s
 50310902  9335 infeasible   51        27.99959   27.00000  3.57%  29.6 7065s
 50336917  9285 infeasible   55        27.99959   27.00000  3.57%  29.6 7070s
 50367921  9116 infeasible   68        27.99959   27.00000  3.57%  29.6 7075s
 50400009  9236   27.00000   59   26   27.99959   27.00000  3.57%  29.6 7080s
 50431326  9007 infeasible   57        27.99959   27.00000  3.57%  29.6 7085s
 50465691  8970 infeasible   56        27.99959   27.00000  3.57%  29.6 7090s
 50500100  8920   27.00000   66   26   27.99959   27.00000  3.57%  29.6 7095s
 50532056  8799   27.00000   62   26   27.99959   27.00000  3.57%  29.6 7100s
 50562511  8585   27.00000   48   37   27.99959   27.00000  3.57%  29.6 7105s
 50592587  8351 infeasible   61        27.99959   27.00000  3.57%  29.6 7110s
 50622617  8829   27.00000   54   34   27.99959   27.00000  3.57%  29.6 7115s
 50659104  9196 infeasible   67        27.99959   27.00000  3.57%  29.6 7120s
 50694571  8938   27.00000   65   32   27.99959   27.00000  3.57%  29.6 7125s
 50728185  8711   27.00000   53   22   27.99959   27.00000  3.57%  29.6 7130s
 50760745  8629   27.00000   63   32   27.99959   27.00000  3.57%  29.6 7135s
 50794106  8715 infeasible   63        27.99959   27.00000  3.57%  29.6 7140s
 50829631  8560 infeasible   64        27.99959   27.00000  3.57%  29.6 7145s
 50861808  8433   27.00000   62   31   27.99959   27.00000  3.57%  29.6 7150s
 50895559  8210 infeasible   57        27.99959   27.00000  3.57%  29.6 7155s
 50921283  8277   27.00000   56   37   27.99959   27.00000  3.57%  29.6 7160s
 50951668  8065 infeasible   63        27.99959   27.00000  3.57%  29.6 7165s
 50983673  7879 infeasible   66        27.99959   27.00000  3.57%  29.6 7170s
 51012818  8131   27.00000   58   23   27.99959   27.00000  3.57%  29.6 7175s
 51042795  8244   27.00000   62   32   27.99959   27.00000  3.57%  29.6 7180s
 51073751  8021 infeasible   61        27.99959   27.00000  3.57%  29.6 7185s
 51106820  8132 infeasible   58        27.99959   27.00000  3.57%  29.6 7190s
 51139888  8043   27.00000   59   42   27.99959   27.00000  3.57%  29.6 7195s
 51172691  7811   27.00000   64   33   27.99959   27.00000  3.57%  29.6 7200s

Cutting planes:
  Learned: 2
  Implied bound: 4
  Projected implied bound: 2
  MIR: 2
  Flow cover: 9
  RLT: 2
  Relax-and-lift: 1

Explored 51173172 nodes (1517111139 simplex iterations) in 7200.02 seconds (13171.02 work units)
Thread count was 8 (of 192 available processors)

Solution count 10: 27.9996 28 28 ... 35

Time limit reached
Best objective 2.799958961574e+01, best bound 2.700000000000e+01, gap 3.5700%

User-callback calls 107282959, time in user-callback 14.77 sec

AVANT CALCUL DES AUTRES INDICATEURS
Obj_rho = 28
Obj_lambda = 0
Obj_phi = 0
AVANT CALCUL DES AUTRES INDICATEURS
Obj_rho = 28
Obj_lambda = 1
Obj_phi = 0
✅ Solution trouvée (status: TIME_LIMIT)
🎯 Objective global: 27.999589615740938
⏱️ Time used: 7200.03
Nombre de vols satisfaits: 196
Nombre de vols non satisfaits: 0

✈️ Paths for each aircraft:

🛩️ Aircraft N607AS path (29 nodes): s_(u=0, v=0, w=0) ➡️  N607AS_(u=0, v=0, w=1) ➡️  ANC_SEA_137_389_(u=173, v=1, w=1) ➡️  SEA_ANC_479_633_(u=366, v=2, w=1) ➡️  ANC_SEA_715_980_(u=547, v=3, w=1) ➡️  SEA_LAS_1064_1207_(u=657, v=4, w=1) ➡️  LAS_SFO_1317_1401_(u=723, v=5, w=1) ➡️  SFO_ORD_1859_2247_(u=955, v=6, w=2) ➡️  ORD_SFO_2309_2462_(u=1200, v=7, w=2) ➡️  SFO_AUS_2533_2855_(u=1377, v=8, w=2) ➡️  AUS_SFO_3432_3558_(u=1587, v=9, w=3) ➡️  SFO_SEA_3655_3795_(u=1696, v=10, w=3) ➡️  SEA_LAS_3857_4005_(u=1820, v=11, w=3) ➡️  LAS_SEA_4086_4272_(u=1964, v=12, w=3) ➡️  SEA_PHX_4668_4915_(u=2101, v=13, w=4) ➡️  PHX_SEA_4965_5107_(u=2276, v=14, w=4) ➡️  SEA_SAN_5176_5324_(u=2401, v=15, w=4) ➡️  SAN_SEA_5397_5572_(u=2553, v=16, w=4) ➡️  SEA_DAL_6207_6549_(u=2752, v=17, w=5) ➡️  DAL_SEA_6619_6766_(u=3002, v=18, w=5) ➡️  SEA_STL_6837_7194_(u=3201, v=19, w=5) ➡️  STL_SEA_7614_7836_(u=3433, v=20, w=6) ➡️  SEA_DFW_7967_8313_(u=3631, v=21, w=6) ➡️  DFW_SEA_8423_8562_(u=3863, v=22, w=6) ➡️  SEA_ORD_8600_8957_(u=4071, v=23, w=6) ➡️  ORD_PDX_9026_9156_(u=4303, v=24, w=7) ➡️  PDX_SEA_9262_9310_(u=4335, v=25, w=7) ➡️  SEA_BOI_9372_9523_(u=4397, v=26, w=7) ➡️  BOI_SEA_9582_9616_(u=4471, v=27, w=7) ➡️  SEA_LIH_9718_9994_(u=4816, v=28, w=7) ➡️  LIH_SAN_10060_10521_(u=5135, v=29, w=7) ➡️  t_(u=0, v=0, w=0)

🛩️ Aircraft N585AS path (29 nodes): s_(u=0, v=0, w=0) ➡️  N585AS_(u=3411, v=29, w=6) ➡️  ANC_SEA_162_428_(u=3585, v=30, w=6) ➡️  SEA_ANC_582_739_(u=3779, v=31, w=6) ➡️  ANC_SEA_1660_1931_(u=3970, v=32, w=7) ➡️  SEA_ANC_2030_2168_(u=4146, v=33, w=7) ➡️  ANC_CDV_2249_2310_(u=4183, v=34, w=7) ➡️  CDV_YAK_2357_2404_(u=4221, v=35, w=7) ➡️  YAK_JNU_2447_2500_(u=4255, v=36, w=7) ➡️  JNU_SEA_2569_2776_(u=4372, v=37, w=7) ➡️  SEA_ANC_2874_3028_(u=4565, v=38, w=7) ➡️  ANC_SEA_3102_3363_(u=4739, v=39, w=8) ➡️  SEA_ANC_3462_3616_(u=4927, v=40, w=8) ➡️  ANC_JNU_4064_4188_(u=5020, v=41, w=8) ➡️  JNU_SIT_4227_4276_(u=5043, v=42, w=8) ➡️  SIT_JNU_4672_4708_(u=5066, v=43, w=9) ➡️  JNU_ANC_4773_4879_(u=5154, v=44, w=9) ➡️  ANC_BET_4949_5073_(u=5211, v=45, w=9) ➡️  BET_ANC_5111_5186_(u=5272, v=46, w=9) ➡️  ANC_SEA_5503_5765_(u=5453, v=47, w=9) ➡️  SEA_LAS_6225_6362_(u=5564, v=48, w=10) ➡️  LAS_SEA_6427_6598_(u=5710, v=49, w=10) ➡️  SEA_LAX_6651_6804_(u=5832, v=50, w=10) ➡️  LAX_SEA_6863_7042_(u=5985, v=51, w=10) ➡️  SEA_LIH_7702_8038_(u=332, v=1, w=1) ➡️  LIH_SEA_8108_8604_(u=672, v=2, w=1) ➡️  SEA_SFO_8995_9134_(u=760, v=3, w=2) ➡️  SFO_JAC_9215_9444_(u=909, v=4, w=2) ➡️  JAC_SFO_9493_9582_(u=1021, v=5, w=2) ➡️  SFO_PDX_9628_9744_(u=1117, v=6, w=2) ➡️  PDX_SFO_9826_9943_(u=1192, v=7, w=2) ➡️  t_(u=0, v=0, w=0)

🛩️ Aircraft N317AS path (29 nodes): s_(u=0, v=0, w=0) ➡️  N317AS_(u=0, v=0, w=1) ➡️  FAI_SEA_201_455_(u=177, v=1, w=1) ➡️  SEA_LAX_528_675_(u=298, v=2, w=1) ➡️  LAX_SEA_743_917_(u=446, v=3, w=1) ➡️  SEA_SFO_990_1113_(u=549, v=4, w=1) ➡️  SFO_SEA_1177_1307_(u=648, v=5, w=1) ➡️  SEA_SLC_1846_2021_(u=744, v=6, w=2) ➡️  SLC_SEA_2122_2206_(u=845, v=7, w=2) ➡️  SEA_SBA_2265_2429_(u=976, v=8, w=2) ➡️  SBA_SEA_2482_2633_(u=1092, v=9, w=2) ➡️  SEA_PDX_2732_2790_(u=1121, v=10, w=2) ➡️  PDX_ANC_2866_3034_(u=1324, v=11, w=2) ➡️  ANC_SEA_3168_3438_(u=1506, v=12, w=3) ➡️  SEA_DEN_3550_3770_(u=1642, v=13, w=3) ➡️  DEN_SEA_3827_3928_(u=1781, v=14, w=3) ➡️  SEA_PHX_4087_4345_(u=1917, v=15, w=3) ➡️  PHX_SEA_4706_4849_(u=2096, v=16, w=4) ➡️  SEA_PIT_4922_5383_(u=2340, v=17, w=4) ➡️  PIT_SEA_5447_5576_(u=2628, v=18, w=4) ➡️  SEA_MSP_6233_6559_(u=2799, v=19, w=5) ➡️  MSP_SEA_6615_6760_(u=2997, v=20, w=5) ➡️  SEA_SNA_6813_6972_(u=3124, v=21, w=5) ➡️  SNA_SEA_7009_7192_(u=3278, v=22, w=5) ➡️  SEA_PHX_7626_7841_(u=3413, v=23, w=6) ➡️  PHX_SEA_7908_8038_(u=3574, v=24, w=6) ➡️  SEA_PHX_8109_8330_(u=3710, v=25, w=6) ➡️  PHX_SEA_8407_8537_(u=3874, v=26, w=6) ➡️  SEA_SAN_9117_9279_(u=3988, v=27, w=7) ➡️  SAN_MCO_9359_9801_(u=4224, v=28, w=7) ➡️  MCO_SEA_9867_10065_(u=4570, v=29, w=7) ➡️  t_(u=0, v=0, w=0)

🛩️ Aircraft N587AS path (29 nodes): s_(u=0, v=0, w=0) ➡️  N587AS_(u=0, v=0, w=1) ➡️  JNU_SEA_310_514_(u=116, v=1, w=1) ➡️  SEA_PIT_580_1048_(u=374, v=2, w=1) ➡️  PIT_SEA_1104_1236_(u=648, v=3, w=1) ➡️  SEA_ORD_1401_1741_(u=851, v=4, w=1) ➡️  ORD_SEA_1807_1944_(u=1079, v=5, w=2) ➡️  SEA_IAD_2038_2527_(u=1351, v=6, w=2) ➡️  IAD_SEA_2584_2741_(u=1660, v=7, w=2) ➡️  SEA_IAH_2838_3229_(u=1892, v=8, w=2) ➡️  IAH_SEA_3299_3463_(u=2136, v=9, w=3) ➡️  SEA_IAD_3504_3971_(u=2401, v=10, w=3) ➡️  IAD_SEA_4030_4189_(u=2710, v=11, w=3) ➡️  SEA_SMF_4248_4369_(u=2791, v=12, w=3) ➡️  SMF_SEA_4703_4832_(u=2890, v=13, w=4) ➡️  SEA_DCA_4891_5368_(u=3161, v=14, w=4) ➡️  DCA_SEA_5437_5593_(u=3476, v=15, w=4) ➡️  SEA_SMF_5645_5755_(u=3557, v=16, w=4) ➡️  SMF_SEA_6112_6231_(u=3653, v=17, w=5) ➡️  SEA_ATL_6289_6758_(u=3919, v=18, w=5) ➡️  ATL_SEA_6839_6970_(u=4210, v=19, w=5) ➡️  SEA_SMF_7089_7200_(u=4296, v=20, w=5) ➡️  SMF_SEA_7553_7682_(u=4392, v=21, w=6) ➡️  SEA_OAK_8006_8114_(u=4484, v=22, w=6) ➡️  OAK_SEA_8157_8285_(u=4583, v=23, w=6) ➡️  SEA_SMF_8335_8455_(u=4658, v=24, w=6) ➡️  SMF_SEA_8490_8613_(u=4761, v=25, w=6) ➡️  SEA_SNA_9008_9175_(u=4872, v=26, w=7) ➡️  SNA_SEA_9239_9448_(u=5057, v=27, w=7) ➡️  SEA_PHX_9550_9765_(u=5193, v=28, w=7) ➡️  PHX_SEA_9831_9982_(u=5376, v=29, w=7) ➡️  t_(u=0, v=0, w=0)

🛩️ Aircraft N284AK path (24 nodes): s_(u=0, v=0, w=0) ➡️  N284AK_(u=0, v=0, w=1) ➡️  PHX_PDX_356_453_(u=138, v=1, w=1) ➡️  PDX_FLL_541_1050_(u=449, v=2, w=1) ➡️  FLL_SFO_1118_1320_(u=802, v=3, w=1) ➡️  SFO_FLL_1383_1870_(u=1079, v=4, w=1) ➡️  FLL_PDX_2018_2231_(u=1440, v=5, w=2) ➡️  PDX_JFK_2322_2828_(u=1728, v=6, w=2) ➡️  JFK_PSP_3414_3583_(u=2053, v=7, w=3) ➡️  PSP_SEA_3697_3873_(u=2207, v=8, w=3) ➡️  SEA_ONT_3941_4070_(u=2317, v=9, w=3) ➡️  ONT_SEA_4675_4856_(u=2473, v=10, w=4) ➡️  SEA_CLE_4925_5380_(u=2708, v=11, w=4) ➡️  CLE_SEA_5435_5585_(u=2984, v=12, w=4) ➡️  SEA_SLC_6187_6360_(u=3076, v=13, w=5) ➡️  SLC_SEA_6449_6557_(u=3188, v=14, w=5) ➡️  SEA_PHX_6669_6910_(u=3321, v=15, w=5) ➡️  PHX_SEA_6965_7117_(u=3500, v=16, w=5) ➡️  SEA_PDX_7152_7210_(u=3529, v=17, w=5) ➡️  PDX_SEA_7495_7564_(u=3561, v=18, w=6) ➡️  SEA_FLL_7746_8300_(u=3881, v=19, w=6) ➡️  FLL_SEA_8359_8570_(u=4240, v=20, w=6) ➡️  SEA_PHX_9068_9279_(u=4373, v=21, w=7) ➡️  PHX_SEA_9344_9480_(u=4542, v=22, w=7) ➡️  SEA_DEN_9579_9790_(u=4672, v=23, w=7) ➡️  DEN_SEA_9846_9966_(u=4827, v=24, w=7) ➡️  t_(u=0, v=0, w=0)

🛩️ Aircraft N320AS path (27 nodes): s_(u=0, v=0, w=0) ➡️  N320AS_(u=0, v=0, w=1) ➡️  SJC_SEA_364_507_(u=106, v=1, w=1) ➡️  SEA_PHX_570_794_(u=247, v=2, w=1) ➡️  PHX_SEA_857_991_(u=412, v=3, w=1) ➡️  SEA_BUR_1045_1181_(u=530, v=4, w=1) ➡️  BUR_SEA_1268_1435_(u=668, v=5, w=1) ➡️  SEA_ORD_1795_2159_(u=878, v=6, w=2) ➡️  ORD_PDX_2215_2349_(u=1113, v=7, w=2) ➡️  PDX_ONT_2434_2569_(u=1235, v=8, w=2) ➡️  ONT_PDX_2628_2754_(u=1346, v=9, w=2) ➡️  PDX_SEA_3178_3252_(u=1382, v=10, w=3) ➡️  SEA_ANC_3375_3530_(u=1573, v=11, w=3) ➡️  ANC_SEA_3593_3853_(u=1756, v=12, w=3) ➡️  SEA_SAN_4005_4151_(u=1877, v=13, w=3) ➡️  SAN_TPA_4795_5235_(u=2110, v=14, w=4) ➡️  TPA_SAN_5307_5449_(u=2398, v=15, w=4) ➡️  SAN_SEA_5512_5695_(u=2552, v=16, w=4) ➡️  SEA_LIH_6321_6593_(u=2913, v=17, w=5) ➡️  LIH_SEA_6647_7117_(u=3229, v=18, w=5) ➡️  SEA_DFW_7182_7527_(u=3426, v=19, w=5) ➡️  DFW_SEA_7641_7776_(u=3652, v=20, w=6) ➡️  SEA_MCI_7916_8251_(u=3837, v=21, w=6) ➡️  MCI_SEA_8308_8432_(u=4037, v=22, w=6) ➡️  SEA_JNU_8494_8605_(u=4183, v=23, w=6) ➡️  JNU_SEA_9259_9463_(u=4282, v=24, w=7) ➡️  SEA_BUR_9508_9638_(u=4389, v=25, w=7) ➡️  BUR_SEA_9709_9913_(u=4551, v=26, w=7) ➡️  SEA_FAI_10053_10220_(u=4755, v=27, w=7) ➡️  t_(u=0, v=0, w=0)

🛩️ Aircraft N277AK path (29 nodes): s_(u=0, v=0, w=0) ➡️  N277AK_(u=3892, v=33, w=7) ➡️  SEA_FAT_375_503_(u=4005, v=34, w=7) ➡️  FAT_SEA_559_687_(u=4113, v=35, w=7) ➡️  SEA_ANC_799_933_(u=4291, v=36, w=7) ➡️  ANC_SEA_1062_1344_(u=4479, v=37, w=7) ➡️  SEA_SJC_1855_1984_(u=4589, v=38, w=8) ➡️  SJC_SEA_2047_2171_(u=4686, v=39, w=8) ➡️  SEA_SJC_2247_2382_(u=4803, v=40, w=8) ➡️  SJC_SEA_2432_2554_(u=4898, v=41, w=8) ➡️  SEA_LAS_3342_3511_(u=5026, v=42, w=9) ➡️  LAS_SEA_3563_3728_(u=5161, v=43, w=9) ➡️  SEA_ATL_3841_4313_(u=5425, v=44, w=9) ➡️  ATL_SEA_4752_4910_(u=5712, v=45, w=10) ➡️  SEA_RDM_4991_5054_(u=5750, v=46, w=10) ➡️  RDM_SEA_5133_5199_(u=5798, v=47, w=10) ➡️  SEA_ANC_5295_5444_(u=5987, v=48, w=10) ➡️  ANC_JNU_6410_6511_(u=83, v=1, w=1) ➡️  JNU_PSG_6558_6607_(u=113, v=2, w=1) ➡️  PSG_WRG_6650_6684_(u=129, v=3, w=1) ➡️  WRG_KTN_6726_6760_(u=151, v=4, w=1) ➡️  KTN_SEA_6808_6973_(u=241, v=5, w=1) ➡️  SEA_SNA_7578_7729_(u=366, v=6, w=2) ➡️  SNA_SEA_7783_7960_(u=526, v=7, w=2) ➡️  SEA_PHX_8018_8241_(u=664, v=8, w=2) ➡️  PHX_ANC_8336_8626_(u=1041, v=9, w=2) ➡️  ANC_SEA_8684_8926_(u=1199, v=10, w=3) ➡️  SEA_MSP_9120_9435_(u=1374, v=11, w=3) ➡️  MSP_SEA_9512_9628_(u=1564, v=12, w=3) ➡️  SEA_PHX_9672_9885_(u=1698, v=13, w=3) ➡️  PHX_SEA_9941_10089_(u=1882, v=14, w=3) ➡️  t_(u=0, v=0, w=0)

🛠️ Maintenance at node SEA_LIH_7702_8038 by aircraft N585AS | ρ=15; λ=-1; φ=0
🛠️ Maintenance at node ANC_JNU_6410_6511 by aircraft N277AK | ρ=13; λ=2; φ=0

Nombre de maintenances au total: 1.9999999689178054
Stations de maintenance utilisées: Any["SEA", "ANC"]
Nombre de stations de maintenance utilisées: 2
