INSTANCE 196FL_7A_2
PREPROCESSING : false
-----------------------INSTANCE 196FL_7A_2--------------------------
Gurobi 12.0.2 (linux64) logging started Sun Nov 30 17:12:06 2025

Set parameter LogFile to value "RESULTS_EXP/A_MTN_2/FH_DY_MEDIAN/result_196FL_7A_2_without_prep.txt"
Set parameter LogToConsole to value 0

Gurobi 12.0.2 (linux64) logging started Sun Nov 30 17:12:08 2025

Set parameter LogFile to value "RESULTS_EXP/A_MTN_2/FH_DY_MEDIAN/result_196FL_7A_2_without_prep.txt"
Gurobi Optimizer version 12.0.2 build v12.0.2rc0 (linux64 - "AlmaLinux 9.6 (Sage Margay)")

CPU model: Intel(R) Xeon(R) 6972P, instruction set [SSE2|AVX|AVX2|AVX512]
Thread count: 192 physical cores, 192 logical processors, using up to 8 threads

Non-default parameters:
TimeLimit  7200
LogToConsole  0
Threads  8

Optimize a model with 6153 rows, 1752 columns and 22852 nonzeros
Model fingerprint: 0x0c310b9e
Variable types: 510 continuous, 1242 integer (1142 binary)
Coefficient statistics:
  Matrix range     [1e+00, 6e+03]
  Objective range  [1e+00, 7e+02]
  Bounds range     [1e+01, 6e+03]
  RHS range        [1e+00, 6e+03]
Presolve removed 1987 rows and 651 columns
Presolve time: 0.06s
Presolved: 4166 rows, 1101 columns, 24450 nonzeros
Variable types: 229 continuous, 872 integer (803 binary)

Root relaxation: objective 0.000000e+00, 595 iterations, 0.02 seconds (0.02 work units)

    Nodes    |    Current Node    |     Objective Bounds      |     Work
 Expl Unexpl |  Obj  Depth IntInf | Incumbent    BestBd   Gap | It/Node Time

     0     0    0.00000    0    2          -    0.00000      -     -    0s
H    0     0                    4531.0000000    0.00000   100%     -    0s
H    0     0                    3266.0000000    0.00000   100%     -    0s
     0     0    0.00000    0   10 3266.00000    0.00000   100%     -    0s
     0     0    0.00000    0   10 3266.00000    0.00000   100%     -    0s
     0     0    0.00000    0   11 3266.00000    0.00000   100%     -    0s
     0     0    0.00000    0    1 3266.00000    0.00000   100%     -    0s
H    0     0                    3198.0000000    0.00000   100%     -    0s
H    0     0                    3159.0000000    0.00000   100%     -    0s
     0     0    0.00000    0    6 3159.00000    0.00000   100%     -    0s
     0     0    0.00000    0    6 3159.00000    0.00000   100%     -    0s
     0     0    0.00000    0    6 3159.00000    0.00000   100%     -    0s
     0     0    0.00000    0    6 3159.00000    0.00000   100%     -    0s
     0     0    0.00000    0    6 3159.00000    0.00000   100%     -    0s
     0     2    0.00000    0    6 3159.00000    0.00000   100%     -    0s
*  317   411              44    3004.0000000    0.00000   100%  24.1    0s
H  411   411                     881.0000000    0.00000   100%  25.3    0s
*  416   411              47     729.0000000    0.00000   100%  25.4    0s
H  612   566                      35.0000000    0.00000   100%  25.8    0s
  7177  1347    0.00000   32    6   35.00000    0.00000   100%  35.2    5s
H 8298  1602                      29.0000000    0.00000   100%  40.5    6s
H 8991  1453                      28.0000000    0.00000   100%  42.8    7s
H 9698  1431                      28.0000000    0.00000   100%  45.6    7s
H10955  1460                      28.0000000    0.00000   100%  48.8    8s
 13743  2346 infeasible   34        28.00000    0.00000   100%  52.6   10s
H15070  2612                      28.0000000    0.00000   100%  53.6   11s
H15916  2643                      28.0000000    0.00000   100%  53.7   12s
 23730  3575   21.00000   58   11   28.00000    0.00000   100%  55.2   15s
 43847  5376     cutoff   72        28.00000   13.00000  53.6%  44.2   20s
 82992  6198   13.00000   65   47   28.00000   13.00000  53.6%  35.1   25s
 142122  6414   13.00000   67   35   28.00000   13.00000  53.6%  25.6   30s
 215687  6552     cutoff   82        28.00000   13.00000  53.6%  20.3   35s
 284120  5910 infeasible   67        28.00000   13.00000  53.6%  18.3   40s
 340260  5714   13.00000   72   41   28.00000   13.00000  53.6%  17.9   45s
 391606  5526   13.00000   63   46   28.00000   13.00000  53.6%  17.8   50s
 451945  5472     cutoff   69        28.00000   13.00000  53.6%  17.3   55s
H476930  6072                      27.9999997   13.00000  53.6%  17.2   57s
 493754  6114   13.00000   64   41   28.00000   13.00000  53.6%  17.4   60s
 536914  5858     cutoff   79        28.00000   13.00000  53.6%  17.6   65s
 581010  5580   13.00000   73   40   28.00000   13.00000  53.6%  17.7   70s
H584879  5567                      27.9999997   13.00000  53.6%  17.6   70s
H591308  5480                      27.9999997   13.00000  53.6%  17.6   71s
H601184  5592                      27.9999997   13.00000  53.6%  17.7   72s
 615862  5458 infeasible   64        28.00000   13.00000  53.6%  17.9   75s
 657565  5522   13.00000   57   52   28.00000   13.00000  53.6%  18.1   80s
 712439  6201   13.00000   73   44   28.00000   13.00000  53.6%  17.9   85s
 776985  5843     cutoff   79        28.00000   13.00000  53.6%  17.4   90s
 830241  5556     cutoff   78        28.00000   13.00000  53.6%  17.3   95s
 881260  5813     cutoff   76        28.00000   13.00000  53.6%  17.2  100s
H903513  5867                      27.9999997   13.00000  53.6%  17.1  102s
 924897  5627   13.00000   63   47   28.00000   13.00000  53.6%  17.2  105s
 960440  5645   13.00000   68   40   28.00000   13.00000  53.6%  17.4  110s
 1007182  5847   13.00000   80   24   28.00000   13.00000  53.6%  17.3  115s
 1061774  5581   13.00000   67   52   28.00000   13.00000  53.6%  17.2  120s
 1108694  5365   13.00000   67   25   28.00000   13.00000  53.6%  17.3  125s
 1143796  5394     cutoff   76        28.00000   13.00000  53.6%  17.6  130s
 1174326  5646   13.00000   58   59   28.00000   13.00000  53.6%  17.9  135s
 1208509  5506 infeasible   66        28.00000   13.00000  53.6%  18.1  140s
 1238100  5469 infeasible   71        28.00000   13.00000  53.6%  18.3  145s
 1275331  5304 infeasible   69        28.00000   13.00000  53.6%  18.6  150s
 1309089  5484 infeasible   61        28.00000   13.00000  53.6%  18.9  155s
 1343357  5296 infeasible   66        28.00000   13.00000  53.6%  19.1  160s
 1375155  5513 infeasible   70        28.00000   13.00000  53.6%  19.4  165s
 1408701  5219   13.00000   68   46   28.00000   13.00000  53.6%  19.6  170s
 1442815  5526   13.00000   68   33   28.00000   13.00000  53.6%  19.9  175s
H1472649  5363                      27.9999997   13.00000  53.6%  20.1  179s
 1474312  5314   13.00000   67   23   28.00000   13.00000  53.6%  20.1  180s
 1512284  5272 infeasible   62        28.00000   13.00000  53.6%  20.3  185s
 1561996  5382   13.00000   72   27   28.00000   13.00000  53.6%  20.1  190s
H1599546  5299                      27.9999997   13.00000  53.6%  20.0  193s
 1614899  5221 infeasible   68        28.00000   13.00000  53.6%  19.9  195s
 1664135  5494   13.00000   70   31   28.00000   13.00000  53.6%  19.8  200s
H1670455  5452                      27.9999997   13.00000  53.6%  19.8  200s
H1707284  5340                      27.9999997   13.00000  53.6%  19.7  204s
 1712986  5314     cutoff   80        28.00000   13.00000  53.6%  19.7  205s
H1743450  5274                      27.9999997   13.00000  53.6%  19.6  207s
 1761885  5061   13.00000   74   28   28.00000   13.00000  53.6%  19.6  210s
H1777163  5023                      27.9999997   13.00000  53.6%  19.7  212s
 1794283  5185 infeasible   61        28.00000   13.00000  53.6%  19.7  215s
 1826905  5190 infeasible   61        28.00000   13.00000  53.6%  19.9  220s
H1839592  5189                      27.9999997   13.00000  53.6%  20.0  221s
H1839624  5192                      27.9999997   13.00000  53.6%  20.0  222s
 1855037  5170   13.00000   71   54   28.00000   13.00000  53.6%  20.1  225s
H1869795  5269                      27.9999997   13.00000  53.6%  20.1  227s
H1876219  5196                      27.9999996   13.00000  53.6%  20.1  228s
 1886964  5095 infeasible   65        28.00000   13.00000  53.6%  20.2  230s
 1920234  5137   13.00000   65   28   28.00000   13.00000  53.6%  20.3  235s
 1956185  5307   13.00000   76   31   28.00000   13.00000  53.6%  20.5  240s
 1988465  5078 infeasible   71        28.00000   13.00000  53.6%  20.6  245s
H1990227  5078                      27.9999996   13.00000  53.6%  20.7  245s
 2025501  4957   13.00000   74   27   28.00000   13.00000  53.6%  20.8  250s
 2061274  5189   13.00000   63   28   28.00000   13.00000  53.6%  21.0  255s
 2095839  4993   13.00000   69   18   28.00000   13.00000  53.6%  21.2  260s
 2130450  4956   13.00000   63   43   28.00000   13.00000  53.6%  21.3  265s
 2171728  5909     cutoff   73        28.00000   13.00000  53.6%  21.3  270s
 2219419  5767 infeasible   69        28.00000   13.00000  53.6%  21.2  275s
 2269706  6118   13.00000   72   42   28.00000   13.00000  53.6%  21.1  280s
 2319038  5747   13.00000   78   39   28.00000   13.00000  53.6%  20.9  285s
 2369380  5592   13.00000   76   32   28.00000   13.00000  53.6%  20.8  290s
 2415266  5451 infeasible   62        28.00000   13.00000  53.6%  20.7  295s
 2460522  5476 infeasible   89        28.00000   13.00000  53.6%  20.7  300s
 2504423  5549 infeasible   59        28.00000   13.00000  53.6%  20.6  305s
H2518958  5497                      27.9999996   13.00000  53.6%  20.7  307s
 2539419  5285 infeasible   65        28.00000   13.00000  53.6%  20.7  310s
 2581972  5560   13.00000   81   34   28.00000   13.00000  53.6%  20.7  315s
 2637399  5511   13.00000   80   29   28.00000   13.00000  53.6%  20.5  320s
 2697432  5385   13.00000   78   15   28.00000   13.00000  53.6%  20.4  325s
 2748679  5062   13.00000   56   45   28.00000   13.00000  53.6%  20.3  330s
 2780437  5039   13.00000   63   55   28.00000   13.00000  53.6%  20.2  335s
H2781437  5039                      27.9999996   13.00000  53.6%  20.2  335s
H2788948  5066                      27.9999996   13.00000  53.6%  20.2  335s
H2813573  4859                      27.9999996   13.00000  53.6%  20.2  338s
 2823810  5282     cutoff   74        28.00000   13.00000  53.6%  20.2  340s
 2882993  6134     cutoff   75        28.00000   13.00000  53.6%  20.0  345s
 2953819  5628   13.00000   74   23   28.00000   13.00000  53.6%  19.8  350s
 3025359  5357   13.00000   75   39   28.00000   13.00000  53.6%  19.6  355s
 3091500  5236   13.00000   62   52   28.00000   13.00000  53.6%  19.5  360s
 3141464  6137   13.00000   73   34   28.00000   13.00000  53.6%  19.4  365s
 3208666  6297 infeasible   71        28.00000   13.00000  53.6%  19.3  370s
 3271016  5872 infeasible   70        28.00000   13.00000  53.6%  19.2  375s
 3331021  5811     cutoff   74        28.00000   13.00000  53.6%  19.1  380s
 3387433  5582 infeasible   58        28.00000   13.00000  53.6%  19.0  385s
 3452064  5476     cutoff   83        28.00000   13.00000  53.6%  18.9  390s
 3494012  5302 infeasible   63        28.00000   13.00000  53.6%  19.0  395s
 3530473  5021     cutoff   69        28.00000   13.00000  53.6%  19.0  400s
 3566670  5014     cutoff   79        28.00000   13.00000  53.6%  19.0  405s
 3615398  5062 infeasible   68        28.00000   13.00000  53.6%  19.0  410s
 3670623  4893 infeasible   60        28.00000   13.00000  53.6%  19.0  415s
 3703621  4855 infeasible   64        28.00000   13.00000  53.6%  19.0  420s
 3735573  5323   13.00000   56   31   28.00000   13.00000  53.6%  19.2  425s
 3767396  5623 infeasible   61        28.00000   13.00000  53.6%  19.3  430s
 3799280  5414 infeasible   67        28.00000   13.00000  53.6%  19.4  435s
 3832006  5298 infeasible   65        28.00000   13.00000  53.6%  19.5  440s
 3863656  5535 infeasible   65        28.00000   13.00000  53.6%  19.6  445s
 3903552  6942 infeasible   72        28.00000   13.00000  53.6%  19.6  450s
 3941658  7256   13.00000   74   40   28.00000   13.00000  53.6%  19.7  455s
 3980684  7017   13.00000   64   37   28.00000   13.00000  53.6%  19.7  460s
 4021555  7086     cutoff   75        28.00000   13.00000  53.6%  19.8  465s
 4059706  6700     cutoff   73        28.00000   13.00000  53.6%  19.7  470s
 4106437  6549   13.00000   68   34   28.00000   13.00000  53.6%  19.7  475s
 4141557  6961   13.00000   65   35   28.00000   13.00000  53.6%  19.8  480s
 4173045  6582 infeasible   65        28.00000   13.00000  53.6%  19.9  485s
 4204148  6628   13.00000   68   29   28.00000   13.00000  53.6%  20.0  490s
 4233976  7142 infeasible   72        28.00000   13.00000  53.6%  20.1  495s
 4262402  6680   13.00000   75   23   28.00000   13.00000  53.6%  20.2  500s
 4297756  6358   13.00000   69   43   28.00000   13.00000  53.6%  20.3  505s
H4324333  6168                      27.9999996   13.00000  53.6%  20.3  508s
 4342394  6346   13.00000   65   58   28.00000   13.00000  53.6%  20.2  510s
H4372132  6273                      27.9999996   13.00000  53.6%  20.2  512s
 4391314  6133     cutoff   79        28.00000   13.00000  53.6%  20.1  515s
H4409146  6167                      27.9999996   13.00000  53.6%  20.1  516s
 4437311  6025   13.00000   71   32   28.00000   13.00000  53.6%  20.1  520s
 4484724  6191     cutoff   71        28.00000   13.00000  53.6%  20.1  525s
 4527560  6102   13.00000   75   36   28.00000   13.00000  53.6%  20.1  530s
 4567832  5678 infeasible   61        28.00000   13.00000  53.6%  20.1  535s
 4606871  5472   13.00000   74   36   28.00000   13.00000  53.6%  20.1  540s
 4647820  5532   13.00000   67   34   28.00000   13.00000  53.6%  20.1  545s
 4691825  5373 infeasible   60        28.00000   13.00000  53.6%  20.0  550s
 4746478  5574   13.00000   73   40   28.00000   13.00000  53.6%  20.0  555s
 4798277  5188 infeasible   60        28.00000   13.00000  53.6%  19.9  560s
 4832641  5762 infeasible   60        28.00000   13.00000  53.6%  20.0  565s
 4878581  6334   13.00000   68   52   28.00000   13.00000  53.6%  20.0  570s
 4915988  6245     cutoff   72        28.00000   13.00000  53.6%  20.0  575s
 4954204  5977 infeasible   72        28.00000   13.00000  53.6%  20.0  580s
 4999641  6174   13.00000   66   33   28.00000   13.00000  53.6%  20.0  585s
 5062988  6171   13.00000   78   33   28.00000   13.00000  53.6%  19.9  590s
 5112185  5953   13.00000   71   47   28.00000   13.00000  53.6%  19.9  595s
 5145938  5918 infeasible   70        28.00000   13.00000  53.6%  20.0  600s
 5176709  5800 infeasible   66        28.00000   13.00000  53.6%  20.0  605s
 5207891  5687 infeasible   65        28.00000   13.00000  53.6%  20.1  610s
 5240314  5750 infeasible   60        28.00000   13.00000  53.6%  20.2  615s
 5270207  6084 infeasible   70        28.00000   13.00000  53.6%  20.2  620s
 5312305  5956 infeasible   67        28.00000   13.00000  53.6%  20.2  625s
 5354572  5938   13.00000   63   50   28.00000   13.00000  53.6%  20.2  630s
 5397248  5554   13.00000   65   38   28.00000   13.00000  53.6%  20.2  635s
 5437602  5681   13.00000   64   43   28.00000   13.00000  53.6%  20.2  640s
 5477829  5451   13.00000   72   37   28.00000   13.00000  53.6%  20.2  645s
 5516637  5326   13.00000   59   46   28.00000   13.00000  53.6%  20.2  650s
 5550180  5187     cutoff   65        28.00000   13.00000  53.6%  20.2  655s
 5581880  5107 infeasible   60        28.00000   13.00000  53.6%  20.3  660s
 5614501  5176   13.00000   61   52   28.00000   13.00000  53.6%  20.4  665s
 5646918  4930   13.00000   56   48   28.00000   13.00000  53.6%  20.4  670s
 5682950  5351 infeasible   62        28.00000   13.00000  53.6%  20.5  675s
 5729031  5859 infeasible   65        28.00000   13.00000  53.6%  20.5  680s
H5742086  5699                      27.9999996   13.00000  53.6%  20.5  681s
 5775342  5543 infeasible   67        28.00000   13.00000  53.6%  20.4  685s
 5815757  5385 infeasible   67        28.00000   13.00000  53.6%  20.5  690s
 5855463  5141   13.00000   61   31   28.00000   13.00000  53.6%  20.5  695s
 5897353  5123   13.00000   74   26   28.00000   13.00000  53.6%  20.5  700s
H5898534  5127                      27.9999996   13.00000  53.6%  20.5  700s
H5904412  5189                      27.9999996   13.00000  53.6%  20.5  701s
 5939882  4764 infeasible   68        28.00000   13.00000  53.6%  20.4  705s
 5973283  4460 infeasible   65        28.00000   13.00000  53.6%  20.5  710s
 6003263  5610 infeasible   67        28.00000   21.00000  25.0%  20.6  715s
 6034702  6419   21.00000   59   51   28.00000   21.00000  25.0%  20.7  720s
 6068474  6654 infeasible   71        28.00000   21.00000  25.0%  20.8  725s
 6103142  6532   21.00000   69   35   28.00000   21.00000  25.0%  20.8  730s
 6137714  6474   21.00000   91   27   28.00000   21.00000  25.0%  20.9  735s
 6172625  6586   21.00000   78   40   28.00000   21.00000  25.0%  21.0  740s
 6206726  6688 infeasible   78        28.00000   21.00000  25.0%  21.1  745s
 6240308  6391 infeasible   79        28.00000   21.00000  25.0%  21.2  750s
 6273837  6767   21.00000   75   34   28.00000   21.00000  25.0%  21.3  755s
 6302260  6677 infeasible   85        28.00000   21.00000  25.0%  21.4  760s
 6333909  6493 infeasible   78        28.00000   21.00000  25.0%  21.4  765s
 6367529  6390   21.00000   80   22   28.00000   21.00000  25.0%  21.5  770s
 6400552  6271 infeasible   75        28.00000   21.00000  25.0%  21.6  775s
 6436800  6225 infeasible   76        28.00000   21.00000  25.0%  21.7  780s
 6472716  6538   21.00000   72   32   28.00000   21.00000  25.0%  21.7  785s
 6513829  6333 infeasible   74        28.00000   21.00000  25.0%  21.8  790s
H6532119  6261                      27.9999996   21.00000  25.0%  21.8  792s
 6548464  6348   21.00000   69   30   28.00000   21.00000  25.0%  21.9  795s
 6583573  6402 infeasible   75        28.00000   21.00000  25.0%  21.9  800s
 6618804  6446 infeasible   64        28.00000   21.00000  25.0%  22.0  805s
 6656073  6152 infeasible   77        28.00000   21.00000  25.0%  22.1  810s
 6691936  6263 infeasible   73        28.00000   21.00000  25.0%  22.2  815s
 6726869  6441   21.00000   70   34   28.00000   21.00000  25.0%  22.3  820s
 6764655  6311   21.00000   63   46   28.00000   21.00000  25.0%  22.3  825s
 6803449  6110 infeasible   82        28.00000   21.00000  25.0%  22.4  830s
 6839983  6239   21.00000   70   23   28.00000   21.00000  25.0%  22.5  835s
 6873929  6293 infeasible   69        28.00000   21.00000  25.0%  22.5  840s
 6912204  7022   21.00000   74   30   28.00000   21.00000  25.0%  22.6  845s
 6952038  7311   21.00000   80   22   28.00000   21.00000  25.0%  22.6  850s
 6995146  7293   21.00000   87   37   28.00000   21.00000  25.0%  22.7  855s
 7037629  6930 infeasible   88        28.00000   21.00000  25.0%  22.7  860s
 7078418  6777   21.00000   79   25   28.00000   21.00000  25.0%  22.7  865s
 7118454  6666 infeasible   72        28.00000   21.00000  25.0%  22.8  870s
 7154970  6735 infeasible   71        28.00000   21.00000  25.0%  22.9  875s
 7191520  6676   21.00000   82   27   28.00000   21.00000  25.0%  22.9  880s
 7226406  6560 infeasible   68        28.00000   21.00000  25.0%  23.0  885s
 7261331  6512   21.00000   77   42   28.00000   21.00000  25.0%  23.1  890s
 7298706  6461   21.00000   72   30   28.00000   21.00000  25.0%  23.1  895s
 7336869  6350 infeasible   79        28.00000   21.00000  25.0%  23.2  900s
 7374272  6804 infeasible   81        28.00000   21.00000  25.0%  23.2  905s
 7414723  6630   21.00000   76   31   28.00000   21.00000  25.0%  23.2  910s
 7455129  6363   21.00000   83   30   28.00000   21.00000  25.0%  23.3  915s
 7491345  6131   21.00000   68   39   28.00000   21.00000  25.0%  23.3  920s
 7528587  6443 infeasible   68        28.00000   21.00000  25.0%  23.4  925s
H7559964  6361                      27.9999725   21.00000  25.0%  23.4  929s
 7564153  6268 infeasible   71        27.99997   21.00000  25.0%  23.4  930s
 7605375  6146   21.00000   72   33   27.99997   21.00000  25.0%  23.4  935s
 7646823  5998   21.00000   66   36   27.99997   21.00000  25.0%  23.5  940s
 7686019  5903   21.00000   80   23   27.99997   21.00000  25.0%  23.5  945s
 7715351  6167   21.00000   79   14   27.99997   21.00000  25.0%  23.6  950s
 7750429  6065 infeasible   77        27.99997   21.00000  25.0%  23.6  955s
 7785990  5930   21.00000   74   35   27.99997   21.00000  25.0%  23.7  960s
 7821058  6266   21.00000   76   32   27.99997   21.00000  25.0%  23.8  965s
 7856428  5913   21.00000   67   41   27.99997   21.00000  25.0%  23.8  970s
 7889010  5852   21.00000   76   39   27.99997   21.00000  25.0%  23.9  975s
 7922594  5801 infeasible   63        27.99997   21.00000  25.0%  24.0  980s
 7956206  5865 infeasible   82        27.99997   21.00000  25.0%  24.0  985s
 7989362  5715   21.00000   76   32   27.99997   21.00000  25.0%  24.1  990s
 8024057  5529 infeasible   72        27.99997   21.00000  25.0%  24.2  995s
 8051996  5378 infeasible   73        27.99997   21.00000  25.0%  24.2 1000s
 8083960  5340   21.00000   62   32   27.99997   21.00000  25.0%  24.3 1005s
 8117319  5253 infeasible   83        27.99997   21.00000  25.0%  24.3 1010s
 8148092  5230   21.00000   71   31   27.99997   21.00000  25.0%  24.4 1015s
 8180304  5085 infeasible   83        27.99997   21.00000  25.0%  24.5 1020s
 8214037  5124 infeasible   63        27.99997   21.00000  25.0%  24.5 1025s
 8245607  5258 infeasible   75        27.99997   21.00000  25.0%  24.6 1030s
 8277221  4978   21.00000   81   42   27.99997   21.00000  25.0%  24.7 1035s
 8307276  5604 infeasible   77        27.99997   21.00000  25.0%  24.7 1040s
 8338571  5451   21.00000   84   24   27.99997   21.00000  25.0%  24.8 1045s
 8368091  5450   21.00000   67   28   27.99997   21.00000  25.0%  24.9 1050s
 8396514  5288 infeasible   65        27.99997   21.00000  25.0%  25.0 1055s
 8428184  5260   21.00000   73   38   27.99997   21.00000  25.0%  25.0 1060s
 8460545  5134 infeasible   76        27.99997   21.00000  25.0%  25.1 1065s
 8493679  4962 infeasible   65        27.99997   21.00000  25.0%  25.1 1070s
 8527217  5500   21.00000   64   44   27.99997   21.00000  25.0%  25.2 1075s
 8558897  5671 infeasible   73        27.99997   21.00000  25.0%  25.2 1080s
 8594230  5365 infeasible   75        27.99997   21.00000  25.0%  25.3 1085s
 8629416  5435   21.00000   86   31   27.99997   21.00000  25.0%  25.3 1090s
 8665468  5494   21.00000   88   32   27.99997   21.00000  25.0%  25.4 1095s
 8700802  5602   21.00000   71   31   27.99997   21.00000  25.0%  25.5 1100s
 8735517  5316 infeasible   83        27.99997   21.00000  25.0%  25.5 1105s
 8771094  5169   21.00000   74   33   27.99997   21.00000  25.0%  25.6 1110s
 8807872  5290 infeasible   68        27.99997   21.00000  25.0%  25.6 1115s
 8844260  5073   21.00000   82   32   27.99997   21.00000  25.0%  25.7 1120s
 8876178  5013 infeasible   80        27.99997   21.00000  25.0%  25.7 1125s
 8911189  4948 infeasible   79        27.99997   21.00000  25.0%  25.8 1130s
 8946217  4986   21.00000   76   29   27.99997   21.00000  25.0%  25.8 1135s
 8977664  4679   21.00000   67   27   27.99997   21.00000  25.0%  25.9 1140s
 9007564  4679   21.00000   74   34   27.99997   21.00000  25.0%  25.9 1145s
 9039824  4692 infeasible   73        27.99997   21.00000  25.0%  26.0 1150s
 9072956  4768 infeasible   62        27.99997   21.00000  25.0%  26.0 1155s
 9106241  4556   21.00000   79   29   27.99997   21.00000  25.0%  26.1 1160s
 9137902  4636 infeasible   88        27.99997   21.00000  25.0%  26.1 1165s
 9171921  4931 infeasible   76        27.99997   21.00000  25.0%  26.1 1170s
 9205495  4653 infeasible   83        27.99997   21.00000  25.0%  26.2 1175s
 9235797  4697   21.00000   75   40   27.99997   21.00000  25.0%  26.2 1180s
 9264594  4935   21.00000   71   43   27.99997   21.00000  25.0%  26.3 1185s
 9294584  4755 infeasible   82        27.99997   21.00000  25.0%  26.3 1190s
 9323987  4703   21.00000   71   27   27.99997   21.00000  25.0%  26.4 1195s
 9355014  4544 infeasible   70        27.99997   21.00000  25.0%  26.4 1200s
 9385800  4873 infeasible   67        27.99997   21.00000  25.0%  26.5 1205s
 9420837  5412 infeasible   83        27.99997   21.00000  25.0%  26.5 1210s
 9455785  5318 infeasible   75        27.99997   21.00000  25.0%  26.6 1215s
 9491251  5158   21.00000   74   28   27.99997   21.00000  25.0%  26.6 1220s
 9527597  5057   21.00000   74   28   27.99997   21.00000  25.0%  26.6 1225s
 9562701  4866 infeasible   80        27.99997   21.00000  25.0%  26.7 1230s
 9598513  5133 infeasible   81        27.99997   21.00000  25.0%  26.7 1235s
 9636198  4842   21.00000   62   33   27.99997   21.00000  25.0%  26.8 1240s
 9672706  4675 infeasible   80        27.99997   21.00000  25.0%  26.8 1245s
 9709431  4640   21.00000   72   34   27.99997   21.00000  25.0%  26.8 1250s
 9740364  4840 infeasible   86        27.99997   21.00000  25.0%  26.9 1255s
 9777147  4432 infeasible   84        27.99997   21.00000  25.0%  26.9 1260s
 9810812  4678   21.00000   71   38   27.99997   21.00000  25.0%  26.9 1265s
 9842330  4767   21.00000   66   31   27.99997   21.00000  25.0%  27.0 1270s
 9873608  4504   21.00000   70   23   27.99997   21.00000  25.0%  27.0 1275s
 9902408  4681 infeasible   74        27.99997   21.00000  25.0%  27.1 1280s
 9932186  4685 infeasible   65        27.99997   21.00000  25.0%  27.1 1285s
 9963800  4403 infeasible   59        27.99997   21.00000  25.0%  27.2 1290s
 9993872  4987   21.00000   60   41   27.99997   21.00000  25.0%  27.2 1295s
 10026129  5280   21.00000   69   27   27.99997   21.00000  25.0%  27.3 1300s
 10059639  5120 infeasible   75        27.99997   21.00000  25.0%  27.3 1305s
 10092414  4725   21.00000   66   44   27.99997   21.00000  25.0%  27.3 1310s
 10124590  4551   21.00000   68   23   27.99997   21.00000  25.0%  27.4 1315s
 10154220  4497 infeasible   65        27.99997   21.00000  25.0%  27.4 1320s
 10186795  4407 infeasible   77        27.99997   21.00000  25.0%  27.4 1325s
 10218557  5118   21.00000   68   45   27.99997   21.00000  25.0%  27.5 1330s
 10251387  5536 infeasible   80        27.99997   21.00000  25.0%  27.5 1335s
 10282829  5364 infeasible   75        27.99997   21.00000  25.0%  27.6 1340s
 10315036  4970 infeasible   78        27.99997   21.00000  25.0%  27.6 1345s
 10352494  4904 infeasible   66        27.99997   21.00000  25.0%  27.6 1350s
 10390730  5062   21.00000   69   34   27.99997   21.00000  25.0%  27.6 1355s
 10428638  4612 infeasible   72        27.99997   21.00000  25.0%  27.6 1360s
 10462656  4449   21.00000   67   36   27.99997   21.00000  25.0%  27.7 1365s
 10497561  4276   21.00000   59   42   27.99997   21.00000  25.0%  27.7 1370s
 10526838  4656 infeasible   83        27.99997   21.00000  25.0%  27.7 1375s
 10556750  4565   21.00000   58   45   27.99997   21.00000  25.0%  27.8 1380s
 10587208  4589 infeasible   74        27.99997   21.00000  25.0%  27.8 1385s
 10616530  4403   21.00000   79   25   27.99997   21.00000  25.0%  27.9 1390s
 10646027  4253   21.00000   67   38   27.99997   21.00000  25.0%  27.9 1395s
 10677027  4465 infeasible   66        27.99997   21.00000  25.0%  27.9 1400s
 10708553  4784   21.00000   72   26   27.99997   21.00000  25.0%  28.0 1405s
 10738427  5013 infeasible   64        27.99997   21.00000  25.0%  28.0 1410s
 10769123  4913   21.00000   74   39   27.99997   21.00000  25.0%  28.0 1415s
 10799304  4511   21.00000   73   29   27.99997   21.00000  25.0%  28.1 1420s
 10830213  4341   21.00000   66   34   27.99997   21.00000  25.0%  28.1 1425s
 10863349  4381   21.00000   68   36   27.99997   21.00000  25.0%  28.1 1430s
 10895329  4233 infeasible   64        27.99997   21.00000  25.0%  28.2 1435s
 10928057  4302 infeasible   65        27.99997   21.00000  25.0%  28.2 1440s
 10959986  4901 infeasible   67        27.99997   21.00000  25.0%  28.2 1445s
 10992792  4837   21.00000   66   30   27.99997   21.00000  25.0%  28.2 1450s
 11029112  4902   21.00000   74   24   27.99997   21.00000  25.0%  28.3 1455s
 11067915  4962 infeasible   69        27.99997   21.00000  25.0%  28.3 1460s
 11105950  4661   21.00000   88   24   27.99997   21.00000  25.0%  28.3 1465s
 11141616  4458   21.00000   76   27   27.99997   21.00000  25.0%  28.3 1470s
 11176394  4417   21.00000   66   32   27.99997   21.00000  25.0%  28.3 1475s
 11209179  4460   21.00000   75   35   27.99997   21.00000  25.0%  28.3 1480s
 11242040  4333   21.00000   75   29   27.99997   21.00000  25.0%  28.4 1485s
 11271745  4114   21.00000   69   26   27.99997   21.00000  25.0%  28.4 1490s
 11308886  5046 infeasible   66        27.99997   21.00000  25.0%  28.4 1495s
 11340609  5720 infeasible   70        27.99997   21.00000  25.0%  28.4 1500s
 11374988  6156 infeasible   69        27.99997   21.00000  25.0%  28.4 1505s
 11408983  6666 infeasible   68        27.99997   21.00000  25.0%  28.4 1510s
 11444614  7069 infeasible   76        27.99997   21.00000  25.0%  28.4 1515s
 11482963  7298   21.00000   67   33   27.99997   21.00000  25.0%  28.4 1520s
 11523444  6969 infeasible   75        27.99997   21.00000  25.0%  28.4 1525s
 11561497  6810 infeasible   83        27.99997   21.00000  25.0%  28.4 1530s
 11595993  6630 infeasible   72        27.99997   21.00000  25.0%  28.5 1535s
 11629866  6565 infeasible   68        27.99997   21.00000  25.0%  28.5 1540s
 11666325  6450   21.00000   69   27   27.99997   21.00000  25.0%  28.5 1545s
 11705524  6254   21.00000   69   39   27.99997   21.00000  25.0%  28.5 1550s
 11739802  5949   21.00000   71   36   27.99997   21.00000  25.0%  28.5 1555s
 11774964  5656 infeasible   72        27.99997   21.00000  25.0%  28.5 1560s
 11815558  5762   21.00000   69   32   27.99997   21.00000  25.0%  28.5 1565s
 11856689  5594   21.00000   71   31   27.99997   21.00000  25.0%  28.4 1570s
 11894303  5372 infeasible   69        27.99997   21.00000  25.0%  28.4 1575s
 11930948  5122   21.00000   73   38   27.99997   21.00000  25.0%  28.4 1580s
 11961345  4929 infeasible   67        27.99997   21.00000  25.0%  28.5 1585s
 11994493  5049   21.00000   66   44   27.99997   21.00000  25.0%  28.5 1590s
 12026286  5051   21.00000   73   34   27.99997   21.00000  25.0%  28.5 1595s
 12054886  5063   21.00000   69   36   27.99997   21.00000  25.0%  28.5 1600s
 12086240  4915 infeasible   67        27.99997   21.00000  25.0%  28.5 1605s
 12116204  4864 infeasible   67        27.99997   21.00000  25.0%  28.6 1610s
 12148112  4748 infeasible   74        27.99997   21.00000  25.0%  28.6 1615s
 12179637  4723 infeasible   68        27.99997   21.00000  25.0%  28.6 1620s
 12207815  4780 infeasible   77        27.99997   21.00000  25.0%  28.6 1625s
 12240274  4899   21.00000   70   47   27.99997   21.00000  25.0%  28.6 1630s
 12271956  4806   21.00000   66   47   27.99997   21.00000  25.0%  28.6 1635s
 12303402  4603   21.00000   63   45   27.99997   21.00000  25.0%  28.7 1640s
 12338714  4460 infeasible   67        27.99997   21.00000  25.0%  28.7 1645s
 12374384  4799 infeasible   69        27.99997   21.00000  25.0%  28.7 1650s
 12407243  4794 infeasible   66        27.99997   21.00000  25.0%  28.7 1655s
 12443163  4810   21.00000   70   31   27.99997   21.00000  25.0%  28.7 1660s
 12479483  4568   21.00000   65   42   27.99997   21.00000  25.0%  28.7 1665s
 12515889  4337   21.00000   72   32   27.99997   21.00000  25.0%  28.7 1670s
 12556184  4073 infeasible   70        27.99997   21.00000  25.0%  28.7 1675s
 12587217  4978 infeasible   63        27.99997   21.00000  25.0%  28.7 1680s
 12618485  5317 infeasible   85        27.99997   21.00000  25.0%  28.8 1685s
 12647324  5487 infeasible   68        27.99997   21.00000  25.0%  28.8 1690s
 12679970  5820 infeasible   80        27.99997   21.00000  25.0%  28.8 1695s
 12713683  5595   21.00000   73   28   27.99997   21.00000  25.0%  28.9 1700s
 12748393  5553 infeasible   76        27.99997   21.00000  25.0%  28.9 1705s
 12780764  5346 infeasible   66        27.99997   21.00000  25.0%  28.9 1710s
 12813208  5197 infeasible   70        27.99997   21.00000  25.0%  29.0 1715s
 12846000  5131   21.00000   65   31   27.99997   21.00000  25.0%  29.0 1720s
 12878418  4918   21.00000   74   30   27.99997   21.00000  25.0%  29.0 1725s
 12909821  4543 infeasible   70        27.99997   21.00000  25.0%  29.1 1730s
 12939387  4611 infeasible   84        27.99997   21.00000  25.0%  29.1 1735s
 12966312  4450 infeasible   87        27.99997   21.00000  25.0%  29.1 1740s
 12996778  4404 infeasible   64        27.99997   21.00000  25.0%  29.2 1745s
 13032761  4953 infeasible   80        27.99997   21.00000  25.0%  29.2 1750s
 13068839  4678 infeasible   71        27.99997   21.00000  25.0%  29.2 1755s
 13104362  4644 infeasible   67        27.99997   21.00000  25.0%  29.2 1760s
 13139482  4261   21.00000   64   36   27.99997   21.00000  25.0%  29.2 1765s
 13173798  4528   21.00000   81   17   27.99997   21.00000  25.0%  29.2 1770s
 13207521  4837   21.00000   72   39   27.99997   21.00000  25.0%  29.3 1775s
 13239922  4684   21.00000   80   19   27.99997   21.00000  25.0%  29.3 1780s
 13272470  4302   21.00000   79   37   27.99997   21.00000  25.0%  29.3 1785s
 13306249  4237 infeasible   70        27.99997   21.00000  25.0%  29.3 1790s
 13339186  4564   23.00000   67   33   27.99997   23.00000  17.9%  29.3 1795s
 13372279  5453   23.00000   62   41   27.99997   23.00000  17.9%  29.3 1800s
 13406166  6081   23.00000   54   33   27.99997   23.00000  17.9%  29.4 1805s
 13435819  6716 infeasible   76        27.99997   23.00000  17.9%  29.4 1810s
 13467542  7552 infeasible   83        27.99997   23.00000  17.9%  29.4 1815s
 13501679  7523   23.00000   59   37   27.99997   23.00000  17.9%  29.4 1820s
 13537139  7631 infeasible   75        27.99997   23.00000  17.9%  29.4 1825s
 13572716  7604   23.00000   76   26   27.99997   23.00000  17.9%  29.4 1830s
 13606836  7472 infeasible   70        27.99997   23.00000  17.9%  29.4 1835s
 13643008  7515 infeasible   78        27.99997   23.00000  17.9%  29.4 1840s
 13678726  7371   23.00000   75   39   27.99997   23.00000  17.9%  29.4 1845s
 13712178  7477   23.00000   62   32   27.99997   23.00000  17.9%  29.4 1850s
 13748400  7481 infeasible   67        27.99997   23.00000  17.9%  29.4 1855s
 13782472  7777 infeasible   64        27.99997   23.00000  17.9%  29.4 1860s
 13815326  7524   23.00000   65   47   27.99997   23.00000  17.9%  29.4 1865s
 13849155  7709   23.00000   76   24   27.99997   23.00000  17.9%  29.4 1870s
 13882388  7864   23.00000   62   48   27.99997   23.00000  17.9%  29.5 1875s
 13917165  7765 infeasible   70        27.99997   23.00000  17.9%  29.5 1880s
 13951848  7711   23.00000   71   20   27.99997   23.00000  17.9%  29.5 1885s
 13981412  7862   23.00000   63   41   27.99997   23.00000  17.9%  29.5 1890s
 14013855  7922   23.00000   60   37   27.99997   23.00000  17.9%  29.5 1895s
 14047426  7795   27.00000   65   28   27.99997   23.00000  17.9%  29.5 1900s
 14081322  8279 infeasible   66        27.99997   23.00000  17.9%  29.5 1905s
 14118241  8534 infeasible   74        27.99997   23.00000  17.9%  29.5 1910s
 14153856  8787 infeasible   81        27.99997   23.00000  17.9%  29.5 1915s
 14188908  9422 infeasible   73        27.99997   23.00000  17.9%  29.5 1920s
 14222097 10233   27.00000   70   30   27.99997   23.00000  17.9%  29.6 1925s
 14254918 10655   23.00000   69   39   27.99997   23.00000  17.9%  29.6 1930s
 14287263 11556   23.00000   66   32   27.99997   23.00000  17.9%  29.6 1935s
 14321887 12151 infeasible   73        27.99997   23.00000  17.9%  29.6 1940s
 14356582 12396 infeasible   65        27.99997   23.00000  17.9%  29.6 1945s
H14363266 12422                      27.9797913   23.00000  17.8%  29.6 1946s
 14385718 12814 infeasible   71        27.97979   23.00000  17.8%  29.6 1950s
 14421607 12787 infeasible   62        27.97979   23.00000  17.8%  29.6 1955s
 14456559 12991   23.00000   87   23   27.97979   23.00000  17.8%  29.6 1960s
 14489747 13132 infeasible   68        27.97979   23.00000  17.8%  29.6 1965s
 14522727 13738   23.00000   68   15   27.97979   23.00000  17.8%  29.6 1970s
 14556744 13952   23.00000   60   35   27.97979   23.00000  17.8%  29.7 1975s
 14592166 13631   23.00000   67   20   27.97979   23.00000  17.8%  29.7 1980s
 14626501 13492   23.00000   70   21   27.97979   23.00000  17.8%  29.7 1985s
 14663058 14273 infeasible   72        27.97979   23.00000  17.8%  29.7 1990s
 14700023 14624   23.00000   71   30   27.97979   23.00000  17.8%  29.7 1995s
 14736423 14813   23.00000   68   43   27.97979   23.00000  17.8%  29.7 2000s
 14771752 15025 infeasible   66        27.97979   23.00000  17.8%  29.7 2005s
 14803928 15031   23.00000   70   37   27.97979   23.00000  17.8%  29.7 2010s
 14837204 15656 infeasible   66        27.97979   23.00000  17.8%  29.7 2015s
 14867802 15645 infeasible   66        27.97979   23.00000  17.8%  29.7 2020s
 14897128 15660   23.00000   68   40   27.97979   23.00000  17.8%  29.7 2025s
 14928632 15490   23.00000   59   43   27.97979   23.00000  17.8%  29.8 2030s
 14958577 15446 infeasible   64        27.97979   23.00000  17.8%  29.8 2035s
 14989024 15326 infeasible   67        27.97979   23.00000  17.8%  29.8 2040s
 15020201 15396 infeasible   65        27.97979   23.00000  17.8%  29.8 2045s
 15049841 15245   27.00000   67   25   27.97979   23.00000  17.8%  29.8 2050s
 15082946 15232 infeasible   68        27.97979   23.00000  17.8%  29.8 2055s
 15114902 15190 infeasible   67        27.97979   23.00000  17.8%  29.8 2060s
 15146726 15192 infeasible   65        27.97979   23.00000  17.8%  29.8 2065s
 15179629 15215   23.00000   69   51   27.97979   23.00000  17.8%  29.9 2070s
 15211468 15268   23.00000   65   47   27.97979   23.00000  17.8%  29.9 2075s
 15242938 15125 infeasible   60        27.97979   23.00000  17.8%  29.9 2080s
 15279483 14996   23.00000   57   33   27.97979   23.00000  17.8%  29.9 2085s
 15313621 15047   23.00000   60   35   27.97979   23.00000  17.8%  29.9 2090s
 15350531 15434   23.00000   66   29   27.97979   23.00000  17.8%  29.9 2095s
 15385549 15284   23.00000   65   35   27.97979   23.00000  17.8%  29.9 2100s
 15418814 15335 infeasible   69        27.97979   23.00000  17.8%  29.9 2105s
 15452675 15052   23.00000   81   33   27.97979   23.00000  17.8%  29.9 2110s
 15488100 15031 infeasible   72        27.97979   23.00000  17.8%  29.9 2115s
 15522512 15017   23.00000   55   22   27.97979   23.00000  17.8%  29.9 2120s
 15551273 14987 infeasible   69        27.97979   23.00000  17.8%  29.9 2125s
 15585628 14855 infeasible   69        27.97979   23.00000  17.8%  29.9 2130s
 15619456 14996   23.00000   65   45   27.97979   23.00000  17.8%  29.9 2135s
 15654446 14877   23.00000   69   24   27.97979   23.00000  17.8%  29.9 2140s
 15688318 14810   23.00000   69   33   27.97979   23.00000  17.8%  29.9 2145s
 15719020 15311   27.00000   71   35   27.97979   23.00000  17.8%  30.0 2150s
 15753091 15495 infeasible   69        27.97979   23.00000  17.8%  30.0 2155s
 15787249 15791 infeasible   75        27.97979   23.00000  17.8%  30.0 2160s
 15824474 15840 infeasible   62        27.97979   23.00000  17.8%  30.0 2165s
 15856400 16445 infeasible   68        27.97979   23.00000  17.8%  30.0 2170s
 15889977 16570   23.00000   66   35   27.97979   23.00000  17.8%  30.0 2175s
 15923094 16540 infeasible   77        27.97979   23.00000  17.8%  30.0 2180s
 15959036 16691 infeasible   70        27.97979   23.00000  17.8%  30.0 2185s
 15993775 16944 infeasible   63        27.97979   23.00000  17.8%  30.0 2190s
 16025437 17340   23.00000   74   38   27.97979   23.00000  17.8%  30.0 2195s
 16058267 18258 infeasible   82        27.97979   23.00000  17.8%  30.0 2200s
 16090046 18754   23.00000   66   44   27.97979   23.00000  17.8%  30.1 2205s
 16122642 18679 infeasible   77        27.97979   23.00000  17.8%  30.1 2210s
 16155684 18851   23.00000   67   44   27.97979   23.00000  17.8%  30.1 2215s
 16189669 19362   23.00000   67   47   27.97979   23.00000  17.8%  30.1 2220s
 16223915 19675 infeasible   68        27.97979   23.00000  17.8%  30.1 2225s
 16258876 20090   23.00000   62   38   27.97979   23.00000  17.8%  30.1 2230s
 16293539 19897 infeasible   74        27.97979   23.00000  17.8%  30.1 2235s
 16327900 19769   23.00000   66   25   27.97979   23.00000  17.8%  30.1 2240s
 16361085 19834   23.00000   62   42   27.97979   23.00000  17.8%  30.1 2245s
 16392171 19773   23.00000   63   43   27.97979   23.00000  17.8%  30.1 2250s
 16425618 20070   23.00000   66   38   27.97979   23.00000  17.8%  30.1 2255s
 16456730 20911   23.00000   61   32   27.97979   23.00000  17.8%  30.1 2260s
 16483455 21447 infeasible   80        27.97979   23.00000  17.8%  30.1 2265s
 16513571 21406   23.00000   71   25   27.97979   23.00000  17.8%  30.1 2270s
 16543216 21485 infeasible   67        27.97979   23.00000  17.8%  30.1 2275s
 16572940 22007 infeasible   66        27.97979   23.00000  17.8%  30.1 2280s
 16602576 22152   23.00000   70   23   27.97979   23.00000  17.8%  30.1 2285s
 16631533 22201   23.00000   71   42   27.97979   23.00000  17.8%  30.2 2290s
 16660522 22623   23.00000   74   26   27.97979   23.00000  17.8%  30.2 2295s
 16689235 22479 infeasible   78        27.97979   23.00000  17.8%  30.2 2300s
 16714503 22529   23.00000   64   42   27.97979   23.00000  17.8%  30.2 2305s
 16741802 22331 infeasible   76        27.97979   23.00000  17.8%  30.2 2310s
 16770274 22263   27.00000   76   19   27.97979   23.00000  17.8%  30.2 2315s
 16800033 22752 infeasible   68        27.97979   23.00000  17.8%  30.2 2320s
 16828208 22980 infeasible   69        27.97979   23.00000  17.8%  30.2 2325s
 16858132 23032   23.00000   69   17   27.97979   23.00000  17.8%  30.3 2330s
 16883913 23370 infeasible   66        27.97979   23.00000  17.8%  30.3 2335s
 16908754 23183 infeasible   72        27.97979   23.00000  17.8%  30.3 2340s
 16932132 23307   23.00000   63   22   27.97979   23.00000  17.8%  30.3 2345s
 16955519 23242   23.00000   71   23   27.97979   23.00000  17.8%  30.4 2350s
 16982345 23172   23.00000   70   22   27.97979   23.00000  17.8%  30.4 2355s
 17010787 23166   27.00000   68   25   27.97979   23.00000  17.8%  30.4 2360s
 17040038 23261 infeasible   71        27.97979   23.00000  17.8%  30.4 2365s
 17069722 23246 infeasible   71        27.97979   23.00000  17.8%  30.4 2370s
 17100847 23085   23.00000   66   58   27.97979   23.00000  17.8%  30.4 2375s
 17125739 23847 infeasible   68        27.97979   23.00000  17.8%  30.4 2380s
 17154133 23919 infeasible   67        27.97979   23.00000  17.8%  30.4 2385s
 17182675 23875 infeasible   79        27.97979   23.00000  17.8%  30.5 2390s
 17213281 23791   23.00000   61   50   27.97979   23.00000  17.8%  30.5 2395s
 17241883 23517 infeasible   63        27.97979   23.00000  17.8%  30.5 2400s
 17270510 23589   23.00000   72   28   27.97979   23.00000  17.8%  30.5 2405s
 17300200 23738   23.00000   69   35   27.97979   23.00000  17.8%  30.5 2410s
 17330834 23384 infeasible   72        27.97979   23.00000  17.8%  30.5 2415s
 17358955 23678 infeasible   84        27.97979   23.00000  17.8%  30.5 2420s
 17388542 23395 infeasible   71        27.97979   23.00000  17.8%  30.5 2425s
 17415052 23234   23.00000   61   40   27.97979   23.00000  17.8%  30.5 2430s
 17443717 23306 infeasible   68        27.97979   23.00000  17.8%  30.5 2435s
 17471960 23446   23.00000   65   53   27.97979   23.00000  17.8%  30.5 2440s
 17496581 23353   23.00000   64   50   27.97979   23.00000  17.8%  30.5 2445s
 17525577 23262 infeasible   89        27.97979   23.00000  17.8%  30.5 2450s
 17553794 23381   23.00000   89   29   27.97979   23.00000  17.8%  30.5 2455s
 17583946 23864 infeasible   67        27.97979   23.00000  17.8%  30.5 2460s
 17614460 23529 infeasible   72        27.97979   23.00000  17.8%  30.5 2465s
 17643085 23374   23.00000   67   30   27.97979   23.00000  17.8%  30.5 2470s
 17672728 23270 infeasible   76        27.97979   23.00000  17.8%  30.6 2475s
 17702033 23013 infeasible   81        27.97979   23.00000  17.8%  30.6 2480s
 17734220 23571   23.00000   74   46   27.97979   23.00000  17.8%  30.6 2485s
 17767262 24620   23.00000   81   25   27.97979   23.00000  17.8%  30.6 2490s
 17799649 25622 infeasible   88        27.97979   23.00000  17.8%  30.6 2495s
 17830824 25979   23.00000   86   21   27.97979   23.00000  17.8%  30.6 2500s
 17862874 26281 infeasible   82        27.97979   23.00000  17.8%  30.6 2505s
 17889948 26750 infeasible   78        27.97979   23.00000  17.8%  30.6 2510s
 17921312 27128   27.00000   79   23   27.97979   23.00000  17.8%  30.6 2515s
 17951759 28188 infeasible   81        27.97979   23.00000  17.8%  30.6 2520s
 17982998 29099   27.00000   72   26   27.97979   23.00000  17.8%  30.6 2525s
 18015169 29840   23.00000   81   30   27.97979   23.00000  17.8%  30.6 2530s
 18046656 30611   23.00000   71   38   27.97979   23.00000  17.8%  30.6 2535s
 18077870 31322   23.00000   75   33   27.97979   23.00000  17.8%  30.7 2540s
 18106756 31772 infeasible   75        27.97979   23.00000  17.8%  30.7 2545s
 18137707 33012 infeasible   83        27.97979   23.00000  17.8%  30.7 2550s
 18168932 33962 infeasible   65        27.97979   23.00000  17.8%  30.7 2555s
 18199858 35280   23.00000   72   37   27.97979   23.00000  17.8%  30.7 2560s
 18229104 36162 infeasible   64        27.97979   23.00000  17.8%  30.7 2565s
 18258684 36481 infeasible   66        27.97979   23.00000  17.8%  30.7 2570s
 18288198 36630   23.00000   68   25   27.97979   23.00000  17.8%  30.7 2575s
 18319575 36532   23.00000   65   45   27.97979   23.00000  17.8%  30.7 2580s
 18351147 36605   23.00000   76   23   27.97979   23.00000  17.8%  30.7 2585s
 18379556 36742 infeasible   76        27.97979   23.00000  17.8%  30.7 2590s
 18408860 36828   23.00000   63   43   27.97979   23.00000  17.8%  30.7 2595s
 18440822 36629   23.00000   72   29   27.97979   23.00000  17.8%  30.8 2600s
 18470217 36500 infeasible   85        27.97979   23.00000  17.8%  30.8 2605s
 18502323 36414 infeasible   65        27.97979   23.00000  17.8%  30.8 2610s
 18535709 36348 infeasible   68        27.97979   23.00000  17.8%  30.8 2615s
 18567621 36361 infeasible   76        27.97979   23.00000  17.8%  30.8 2620s
 18600716 36399   23.00000   68   37   27.97979   23.00000  17.8%  30.8 2625s
 18634107 36169   23.00000   74   28   27.97979   23.00000  17.8%  30.8 2630s
 18662690 36527 infeasible   64        27.97979   23.00000  17.8%  30.8 2635s
 18692486 36566   23.00000   70   31   27.97979   23.00000  17.8%  30.8 2640s
 18722375 36531 infeasible   77        27.97979   23.00000  17.8%  30.8 2645s
 18752211 36323   23.00000   73   33   27.97979   23.00000  17.8%  30.8 2650s
 18779471 36251   23.00000   65   37   27.97979   23.00000  17.8%  30.8 2655s
 18808207 36207   23.00000   63   47   27.97979   23.00000  17.8%  30.8 2660s
 18838153 36226 infeasible   73        27.97979   23.00000  17.8%  30.8 2665s
 18868593 36106   23.00000   75   28   27.97979   23.00000  17.8%  30.8 2670s
 18899380 36195   23.00000   65   51   27.97979   23.00000  17.8%  30.8 2675s
 18930328 36034   23.00000   67   45   27.97979   23.00000  17.8%  30.9 2680s
 18956145 36263   23.00000   70   37   27.97979   23.00000  17.8%  30.9 2685s
 18985427 36127   23.00000   74   37   27.97979   23.00000  17.8%  30.9 2690s
 19016108 35972   23.00000   70   27   27.97979   23.00000  17.8%  30.9 2695s
 19047739 36159 infeasible   71        27.97979   23.00000  17.8%  30.9 2700s
 19079003 36377   23.00000   79   34   27.97979   23.00000  17.8%  30.9 2705s
 19111636 36373 infeasible   75        27.97979   23.00000  17.8%  30.9 2710s
 19144208 36086   23.00000   65   40   27.97979   23.00000  17.8%  30.9 2715s
 19173560 36476   23.00000   65   36   27.97979   23.00000  17.8%  30.9 2720s
 19202693 36787   23.00000   76   27   27.97979   23.00000  17.8%  30.9 2725s
 19231795 36904 infeasible   73        27.97979   23.00000  17.8%  30.9 2730s
 19261006 37153   23.00000   67   42   27.97979   23.00000  17.8%  30.9 2735s
 19292031 37362 infeasible   71        27.97979   23.00000  17.8%  30.9 2740s
 19322965 37699   23.00000   75   41   27.97979   23.00000  17.8%  30.9 2745s
 19352952 37899 infeasible   69        27.97979   23.00000  17.8%  30.9 2750s
 19380916 37843 infeasible   72        27.97979   23.00000  17.8%  30.9 2755s
 19410286 38057 infeasible   74        27.97979   23.00000  17.8%  30.9 2760s
 19439492 38059 infeasible   73        27.97979   23.00000  17.8%  30.9 2765s
 19470866 37952   23.00000   75   29   27.97979   23.00000  17.8%  30.9 2770s
 19500724 38135   23.00000   65   23   27.97979   23.00000  17.8%  31.0 2775s
 19533496 38290   23.00000   76   43   27.97979   23.00000  17.8%  31.0 2780s
 19565540 38174   23.00000   80   15   27.97979   23.00000  17.8%  31.0 2785s
 19596662 38113 infeasible   79        27.97979   23.00000  17.8%  31.0 2790s
 19628371 37868   23.00000   66   42   27.97979   23.00000  17.8%  31.0 2795s
 19657829 37815   23.00000   71   44   27.97979   23.00000  17.8%  31.0 2800s
 19686548 37880   23.00000   63   21   27.97979   23.00000  17.8%  31.0 2805s
 19715343 37830 infeasible   72        27.97979   23.00000  17.8%  31.0 2810s
 19745360 37784   23.00000   79   23   27.97979   23.00000  17.8%  31.0 2815s
 19775598 37878   23.00000   75   45   27.97979   23.00000  17.8%  31.0 2820s
 19807606 37998 infeasible   81        27.97979   23.00000  17.8%  31.0 2825s
 19842209 38136 infeasible   70        27.97979   23.00000  17.8%  31.0 2830s
 19876348 37976   23.00000   77   39   27.97979   23.00000  17.8%  31.0 2835s
 19908488 37885   23.00000   67   37   27.97979   23.00000  17.8%  31.0 2840s
 19937930 38279   23.00000   64   34   27.97979   23.00000  17.8%  31.0 2845s
 19962576 38228   23.00000   66   39   27.97979   23.00000  17.8%  31.0 2850s
 19990108 37925 infeasible   79        27.97979   23.00000  17.8%  31.0 2855s
 20017391 38203   23.00000   63   42   27.97979   23.00000  17.8%  31.0 2860s
 20045567 38048   23.00000   66   52   27.97979   23.00000  17.8%  31.0 2865s
 20075301 37874 infeasible   82        27.97979   23.00000  17.8%  31.0 2870s
 20106614 37916   23.00000   85   32   27.97979   23.00000  17.8%  31.0 2875s
 20138038 37811 infeasible   68        27.97979   23.00000  17.8%  31.1 2880s
 20165992 38786 infeasible   77        27.97979   23.00000  17.8%  31.1 2885s
 20195892 38547   23.00000   79   34   27.97979   23.00000  17.8%  31.1 2890s
 20223962 38583   23.00000   67   35   27.97979   23.00000  17.8%  31.1 2895s
 20250931 38388   23.00000   68   45   27.97979   23.00000  17.8%  31.1 2900s
 20277562 38602 infeasible   69        27.97979   23.00000  17.8%  31.1 2905s
 20307254 38380 infeasible   88        27.97979   23.00000  17.8%  31.1 2910s
 20335755 38493 infeasible   73        27.97979   23.00000  17.8%  31.1 2915s
 20364304 38343   23.00000   67   40   27.97979   23.00000  17.8%  31.1 2920s
 20392507 38237 infeasible   78        27.97979   23.00000  17.8%  31.1 2925s
 20419746 38667   23.00000   68   35   27.97979   23.00000  17.8%  31.1 2930s
 20447852 38628 infeasible   75        27.97979   23.00000  17.8%  31.1 2935s
 20475914 38117   23.00000   76   27   27.97979   23.00000  17.8%  31.1 2940s
 20505734 38599   23.00000   72   33   27.97979   23.00000  17.8%  31.1 2945s
 20534186 38748   23.00000   68   49   27.97979   23.00000  17.8%  31.1 2950s
 20560285 38466   23.00000   69   37   27.97979   23.00000  17.8%  31.2 2955s
 20588307 38260 infeasible   60        27.97979   23.00000  17.8%  31.2 2960s
 20616775 38041   23.00000   70   44   27.97979   23.00000  17.8%  31.2 2965s
 20646636 37878   23.00000   59   46   27.97979   23.00000  17.8%  31.2 2970s
 20679095 37808 infeasible   70        27.97979   23.00000  17.8%  31.2 2975s
 20710822 38212 infeasible   87        27.97979   23.00000  17.8%  31.2 2980s
 20740537 38282   23.00000   69   40   27.97979   23.00000  17.8%  31.2 2985s
 20772801 38065 infeasible   70        27.97979   23.00000  17.8%  31.2 2990s
 20798105 37885   23.00000   60   32   27.97979   23.00000  17.8%  31.2 2995s
 20828573 37858   23.00000   70   26   27.97979   23.00000  17.8%  31.2 3000s
 20857205 37768 infeasible   84        27.97979   23.00000  17.8%  31.2 3005s
 20888471 38034 infeasible   76        27.97979   23.00000  17.8%  31.2 3010s
 20918541 38436   23.00000   69   36   27.97979   23.00000  17.8%  31.2 3015s
 20948877 38588 infeasible   75        27.97979   23.00000  17.8%  31.2 3020s
 20979445 38787   23.00000   79   38   27.97979   23.00000  17.8%  31.2 3025s
 21010711 39155 infeasible   73        27.97979   23.00000  17.8%  31.2 3030s
 21043026 39374   23.00000   57   36   27.97979   23.00000  17.8%  31.2 3035s
 21073523 39555 infeasible   74        27.97979   23.00000  17.8%  31.2 3040s
 21104734 39990   27.00000   70   38   27.97979   23.00000  17.8%  31.2 3045s
 21135887 40458   27.00000   76   36   27.97979   23.00000  17.8%  31.3 3050s
 21167827 41807 infeasible   74        27.97979   23.00000  17.8%  31.3 3055s
 21200236 42772   23.00000   69   37   27.97979   23.00000  17.8%  31.3 3060s
 21232950 43330 infeasible   83        27.97979   23.00000  17.8%  31.3 3065s
 21265899 43678   23.00000   76   44   27.97979   23.00000  17.8%  31.3 3070s
 21294705 43761   23.00000   73   36   27.97979   23.00000  17.8%  31.3 3075s
 21325836 44887   23.00000   64   24   27.97979   23.00000  17.8%  31.3 3080s
 21355267 46233   23.00000   71   33   27.97979   23.00000  17.8%  31.3 3085s
 21389142 46995   23.00000   58   39   27.97979   23.00000  17.8%  31.3 3090s
 21419133 47411   23.00000   61   46   27.97979   23.00000  17.8%  31.3 3095s
 21448667 47557   23.00000   66   41   27.97979   23.00000  17.8%  31.3 3100s
 21480231 48086 infeasible   70        27.97979   23.00000  17.8%  31.3 3105s
 21511745 48535   23.00000   71   30   27.97979   23.00000  17.8%  31.3 3110s
 21544245 48658 infeasible   71        27.97979   23.00000  17.8%  31.3 3115s
 21577002 48735 infeasible   68        27.97979   23.00000  17.8%  31.3 3120s
 21607374 49172   23.00000   65   31   27.97979   23.00000  17.8%  31.3 3125s
 21635614 48988   23.00000   76   18   27.97979   23.00000  17.8%  31.3 3130s
 21664283 48781   23.00000   70   39   27.97979   23.00000  17.8%  31.4 3135s
 21695803 48679 infeasible   92        27.97979   23.00000  17.8%  31.4 3140s
 21728399 48225   27.00000   75   37   27.97979   23.00000  17.8%  31.4 3145s
 21759555 47729 infeasible   66        27.97979   23.00000  17.8%  31.4 3150s
 21791193 47072   23.00000   63   22   27.97979   23.00000  17.8%  31.4 3155s
 21823781 47100 infeasible   65        27.97979   23.00000  17.8%  31.4 3160s
 21856462 46578 infeasible   94        27.97979   27.00000  3.50%  31.4 3165s
 21891130 45976   27.00000   79   27   27.97979   27.00000  3.50%  31.4 3170s
 21925760 44888   27.00000   87   33   27.97979   27.00000  3.50%  31.4 3175s
 21959721 44215   27.00000   77   37   27.97979   27.00000  3.50%  31.4 3180s
 21991809 43896 infeasible   77        27.97979   27.00000  3.50%  31.4 3185s
 22027368 42989 infeasible   89        27.97979   27.00000  3.50%  31.4 3190s
 22062463 42433   27.00000   84   22   27.97979   27.00000  3.50%  31.4 3195s
 22099645 41610 infeasible   81        27.97979   27.00000  3.50%  31.4 3200s
 22136728 40672   27.00000   80   20   27.97979   27.00000  3.50%  31.4 3205s
 22171120 42057   27.00000   50   41   27.97979   27.00000  3.50%  31.4 3210s
 22207615 43982 infeasible   70        27.97979   27.00000  3.50%  31.4 3215s
 22242776 45462   27.00000   67   47   27.97979   27.00000  3.50%  31.4 3220s
 22277821 46756 infeasible   72        27.97979   27.00000  3.50%  31.4 3225s
 22310790 47484 infeasible   63        27.97979   27.00000  3.50%  31.4 3230s
 22342893 48545   27.00000   65   31   27.97979   27.00000  3.50%  31.4 3235s
 22376478 49774 infeasible   91        27.97979   27.00000  3.50%  31.4 3240s
 22411669 51200   27.00000   83   32   27.97979   27.00000  3.50%  31.4 3245s
 22442623 52383 infeasible   76        27.97979   27.00000  3.50%  31.4 3250s
 22476484 54015 infeasible   88        27.97979   27.00000  3.50%  31.4 3255s
 22510431 55629 infeasible   69        27.97979   27.00000  3.50%  31.4 3260s
 22545423 57082   27.00000   70   25   27.97979   27.00000  3.50%  31.4 3265s
 22580711 57092   27.00000   82   30   27.97979   27.00000  3.50%  31.4 3270s
 22613686 57219 infeasible   85        27.97979   27.00000  3.50%  31.4 3275s
 22645168 57612   27.00000   88   23   27.97979   27.00000  3.50%  31.4 3280s
 22676980 57506   27.00000   82   23   27.97979   27.00000  3.50%  31.5 3285s
 22705822 57204 infeasible   80        27.97979   27.00000  3.50%  31.5 3290s
 22736821 57065   27.00000   78   21   27.97979   27.00000  3.50%  31.5 3295s
 22767059 57156   27.00000   85   42   27.97979   27.00000  3.50%  31.5 3300s
 22798313 56940   27.00000   81   32   27.97979   27.00000  3.50%  31.5 3305s
 22829823 57263   27.00000   74   27   27.97979   27.00000  3.50%  31.5 3310s
 22863989 57258 infeasible   71        27.97979   27.00000  3.50%  31.5 3315s
 22895582 57014   27.00000   79   33   27.97979   27.00000  3.50%  31.5 3320s
 22926097 57164 infeasible   86        27.97979   27.00000  3.50%  31.5 3325s
 22956510 56997 infeasible   85        27.97979   27.00000  3.50%  31.5 3330s
 22989572 57172   27.00000   85   35   27.97979   27.00000  3.50%  31.5 3335s
 23019776 57255 infeasible   89        27.97979   27.00000  3.50%  31.5 3340s
 23046966 57080 infeasible   86        27.97979   27.00000  3.50%  31.5 3345s
 23076997 56898 infeasible   96        27.97979   27.00000  3.50%  31.5 3350s
 23107739 56868 infeasible   84        27.97979   27.00000  3.50%  31.5 3355s
 23141138 56902   27.00000   67   35   27.97979   27.00000  3.50%  31.5 3360s
 23174132 56803   27.00000   75   25   27.97979   27.00000  3.50%  31.6 3365s
 23206223 56774 infeasible   85        27.97979   27.00000  3.50%  31.6 3370s
 23239939 56668   27.00000   81   26   27.97979   27.00000  3.50%  31.6 3375s
 23273615 57081   27.00000   91   30   27.97979   27.00000  3.50%  31.6 3380s
 23303436 57020 infeasible   90        27.97979   27.00000  3.50%  31.6 3385s
 23333535 57081   27.00000   94   20   27.97979   27.00000  3.50%  31.6 3390s
 23364837 56888   27.00000   73   35   27.97979   27.00000  3.50%  31.6 3395s
 23397057 56494 infeasible   83        27.97979   27.00000  3.50%  31.6 3400s
 23429328 56504 infeasible   86        27.97979   27.00000  3.50%  31.6 3405s
 23466901 56560   27.00000   81   29   27.97979   27.00000  3.50%  31.6 3410s
 23502995 56400 infeasible   67        27.97979   27.00000  3.50%  31.6 3415s
 23535179 56342   27.00000   79   47   27.97979   27.00000  3.50%  31.6 3420s
 23567112 56585 infeasible   90        27.97979   27.00000  3.50%  31.6 3425s
 23598449 56217   27.00000   88   37   27.97979   27.00000  3.50%  31.6 3430s
 23633307 56598 infeasible   75        27.97979   27.00000  3.50%  31.6 3435s
 23666286 57036   27.00000   87   27   27.97979   27.00000  3.50%  31.6 3440s
 23698660 56864   27.00000   84   26   27.97979   27.00000  3.50%  31.6 3445s
 23730643 56763   27.00000   82   25   27.97979   27.00000  3.50%  31.6 3450s
 23762099 56655   27.00000   88   35   27.97979   27.00000  3.50%  31.6 3455s
 23794532 56428 infeasible   88        27.97979   27.00000  3.50%  31.7 3460s
 23831010 56463 infeasible   83        27.97979   27.00000  3.50%  31.7 3465s
 23867161 56242 infeasible   75        27.97979   27.00000  3.50%  31.7 3470s
 23902989 56164 infeasible   74        27.97979   27.00000  3.50%  31.7 3475s
 23938165 56018 infeasible   75        27.97979   27.00000  3.50%  31.7 3480s
 23968315 55890 infeasible   81        27.97979   27.00000  3.50%  31.7 3485s
 24002319 56124 infeasible   83        27.97979   27.00000  3.50%  31.7 3490s
 24037749 55884 infeasible   79        27.97979   27.00000  3.50%  31.7 3495s
 24072073 55875 infeasible   85        27.97979   27.00000  3.50%  31.7 3500s
 24106920 55692   27.00000   82   33   27.97979   27.00000  3.50%  31.7 3505s
 24140043 55678   27.00000   81   30   27.97979   27.00000  3.50%  31.7 3510s
 24175782 55717 infeasible   96        27.97979   27.00000  3.50%  31.7 3515s
 24212999 55577 infeasible   87        27.97979   27.00000  3.50%  31.7 3520s
 24245416 55631   27.00000   88   32   27.97979   27.00000  3.50%  31.7 3525s
 24276420 55678 infeasible   90        27.97979   27.00000  3.50%  31.7 3530s
 24312520 56114   27.00000   91   26   27.97979   27.00000  3.50%  31.7 3535s
 24347026 55865 infeasible   62        27.97979   27.00000  3.50%  31.7 3540s
 24384171 55910 infeasible   73        27.97979   27.00000  3.50%  31.7 3545s
 24424235 55733 infeasible   69        27.97979   27.00000  3.50%  31.7 3550s
 24462282 55391 infeasible   77        27.97979   27.00000  3.50%  31.7 3555s
 24500242 55388 infeasible   77        27.97979   27.00000  3.50%  31.7 3560s
 24533827 55922 infeasible   65        27.97979   27.00000  3.50%  31.7 3565s
 24573786 56054   27.00000   66   50   27.97979   27.00000  3.50%  31.6 3570s
 24614505 55774 infeasible   61        27.97979   27.00000  3.50%  31.6 3575s
 24655116 55669   27.00000   60   47   27.97979   27.00000  3.50%  31.6 3580s
 24694433 55604   27.00000   72   35   27.97979   27.00000  3.50%  31.6 3585s
 24738353 55954 infeasible   84        27.97979   27.00000  3.50%  31.6 3590s
 24782430 55723 infeasible   71        27.97979   27.00000  3.50%  31.6 3595s
 24822047 55446 infeasible   60        27.97979   27.00000  3.50%  31.6 3600s
 24857308 55252   27.00000   80   26   27.97979   27.00000  3.50%  31.6 3605s
 24885330 55302 infeasible   82        27.97979   27.00000  3.50%  31.6 3610s
 24916423 55691   27.00000   79   33   27.97979   27.00000  3.50%  31.6 3615s
 24947343 55678   27.00000   72   32   27.97979   27.00000  3.50%  31.6 3620s
 24977934 55528   27.00000   74   44   27.97979   27.00000  3.50%  31.6 3625s
 25007429 55342   27.00000   89   36   27.97979   27.00000  3.50%  31.6 3630s
 25035982 55236 infeasible   82        27.97979   27.00000  3.50%  31.6 3635s
 25065832 55243 infeasible   86        27.97979   27.00000  3.50%  31.6 3640s
 25094328 55154 infeasible   78        27.97979   27.00000  3.50%  31.6 3645s
 25126466 55164   27.00000   76   34   27.97979   27.00000  3.50%  31.6 3650s
 25161211 55338 infeasible   82        27.97979   27.00000  3.50%  31.6 3655s
 25195670 55920   27.00000   76   29   27.97979   27.00000  3.50%  31.6 3660s
 25230804 55812 infeasible   81        27.97979   27.00000  3.50%  31.6 3665s
 25263687 55847   27.00000   79   39   27.97979   27.00000  3.50%  31.6 3670s
 25296911 55913   27.00000   81   24   27.97979   27.00000  3.50%  31.6 3675s
 25331826 55650 infeasible   78        27.97979   27.00000  3.50%  31.6 3680s
 25365426 55642   27.00000   82   34   27.97979   27.00000  3.50%  31.6 3685s
 25397208 55588   27.00000   89   22   27.97979   27.00000  3.50%  31.6 3690s
 25430961 55559   27.00000   84   31   27.97979   27.00000  3.50%  31.6 3695s
 25465560 55464 infeasible   74        27.97979   27.00000  3.50%  31.6 3700s
 25500792 55294 infeasible   87        27.97979   27.00000  3.50%  31.6 3705s
 25534036 55384   27.00000   77   34   27.97979   27.00000  3.50%  31.6 3710s
 25569048 55219 infeasible   81        27.97979   27.00000  3.50%  31.6 3715s
 25604423 55082 infeasible   90        27.97979   27.00000  3.50%  31.6 3720s
 25637201 55609   27.00000   87   38   27.97979   27.00000  3.50%  31.6 3725s
 25667800 56047   27.00000   83   31   27.97979   27.00000  3.50%  31.7 3730s
 25695237 56075   27.00000   95   26   27.97979   27.00000  3.50%  31.7 3735s
 25726126 55715 infeasible   81        27.97979   27.00000  3.50%  31.7 3740s
 25755801 55424 infeasible   77        27.97979   27.00000  3.50%  31.7 3745s
 25785640 55769 infeasible   92        27.97979   27.00000  3.50%  31.7 3750s
 25813258 55974 infeasible   84        27.97979   27.00000  3.50%  31.7 3755s
 25842458 56026   27.00000   94   39   27.97979   27.00000  3.50%  31.7 3760s
 25870598 55862 infeasible   88        27.97979   27.00000  3.50%  31.7 3765s
 25899504 55806   27.00000   81   31   27.97979   27.00000  3.50%  31.7 3770s
 25929129 55508 infeasible   97        27.97979   27.00000  3.50%  31.7 3775s
 25958958 55377 infeasible   80        27.97979   27.00000  3.50%  31.7 3780s
 25987991 55265 infeasible   96        27.97979   27.00000  3.50%  31.8 3785s
 26018972 55412   27.00000   86   36   27.97979   27.00000  3.50%  31.8 3790s
 26049940 55586 infeasible   94        27.97979   27.00000  3.50%  31.8 3795s
 26080216 55513 infeasible   83        27.97979   27.00000  3.50%  31.8 3800s
 26109731 55403 infeasible   79        27.97979   27.00000  3.50%  31.8 3805s
 26135550 55202   27.00000   86   38   27.97979   27.00000  3.50%  31.8 3810s
 26165253 54978   27.00000   83   29   27.97979   27.00000  3.50%  31.8 3815s
 26194435 55320   27.00000   88   30   27.97979   27.00000  3.50%  31.8 3820s
 26226848 55898   27.00000   80   35   27.97979   27.00000  3.50%  31.8 3825s
 26260001 55703 infeasible   89        27.97979   27.00000  3.50%  31.8 3830s
 26292207 55541 infeasible   81        27.97979   27.00000  3.50%  31.8 3835s
 26325226 55383   27.00000   61   41   27.97979   27.00000  3.50%  31.8 3840s
 26356666 55347   27.00000   80   39   27.97979   27.00000  3.50%  31.8 3845s
 26388932 55176   27.00000   87   33   27.97979   27.00000  3.50%  31.8 3850s
 26424725 55180   27.00000   97   36   27.97979   27.00000  3.50%  31.8 3855s
 26460140 54939   27.00000   79   31   27.97979   27.00000  3.50%  31.8 3860s
 26490348 54985 infeasible   94        27.97979   27.00000  3.50%  31.8 3865s
 26524396 55798 infeasible   85        27.97979   27.00000  3.50%  31.8 3870s
 26564383 56653   27.00000   81   25   27.97979   27.00000  3.50%  31.8 3875s
 26602858 56389 infeasible   87        27.97979   27.00000  3.50%  31.8 3880s
 26642061 56150 infeasible   80        27.97979   27.00000  3.50%  31.8 3885s
 26673006 56262 infeasible   80        27.97979   27.00000  3.50%  31.8 3890s
 26711767 56174   27.00000   81   32   27.97979   27.00000  3.50%  31.8 3895s
 26749294 56163 infeasible   88        27.97979   27.00000  3.50%  31.8 3900s
 26787607 56061   27.00000   90   33   27.97979   27.00000  3.50%  31.8 3905s
 26825627 56038   27.00000   82   25   27.97979   27.00000  3.50%  31.8 3910s
 26864155 55794   27.00000   81   35   27.97979   27.00000  3.50%  31.8 3915s
 26901365 55686   27.00000   77   26   27.97979   27.00000  3.50%  31.8 3920s
 26940598 55668 infeasible   89        27.97979   27.00000  3.50%  31.8 3925s
 26979321 55660 infeasible   89        27.97979   27.00000  3.50%  31.8 3930s
 27016959 55940   27.00000   88   30   27.97979   27.00000  3.50%  31.8 3935s
 27050333 55726   27.00000   85   35   27.97979   27.00000  3.50%  31.8 3940s
 27086468 55684 infeasible   86        27.97979   27.00000  3.50%  31.8 3945s
 27126314 55654 infeasible   82        27.97979   27.00000  3.50%  31.8 3950s
 27163939 56149   27.00000   87   36   27.97979   27.00000  3.50%  31.8 3955s
 27199588 56061 infeasible   82        27.97979   27.00000  3.50%  31.8 3960s
 27237164 55857   27.00000   80   36   27.97979   27.00000  3.50%  31.8 3965s
 27275180 55580   27.00000   82   34   27.97979   27.00000  3.50%  31.8 3970s
 27314243 55610 infeasible   87        27.97979   27.00000  3.50%  31.8 3975s
 27350839 55498 infeasible   88        27.97979   27.00000  3.50%  31.8 3980s
 27386663 55807 infeasible   84        27.97979   27.00000  3.50%  31.8 3985s
 27422889 55573 infeasible   75        27.97979   27.00000  3.50%  31.8 3990s
 27458189 55626 infeasible   87        27.97979   27.00000  3.50%  31.8 3995s
 27493207 55866   27.00000   87   16   27.97979   27.00000  3.50%  31.8 4000s
 27528127 55704   27.00000   79   50   27.97979   27.00000  3.50%  31.8 4005s
 27559495 55395   27.00000   63   55   27.97979   27.00000  3.50%  31.8 4010s
 27595265 55935 infeasible   76        27.97979   27.00000  3.50%  31.8 4015s
 27631026 56137   27.00000   67   32   27.97979   27.00000  3.50%  31.8 4020s
 27667429 55869   27.00000   75   47   27.97979   27.00000  3.50%  31.8 4025s
 27705381 55830   27.00000   84   26   27.97979   27.00000  3.50%  31.8 4030s
 27742160 55750   27.00000   84   46   27.97979   27.00000  3.50%  31.8 4035s
 27781115 55853   27.00000   92   31   27.97979   27.00000  3.50%  31.8 4040s
 27819988 55720 infeasible   72        27.97979   27.00000  3.50%  31.8 4045s
 27856881 55679   27.00000   87   42   27.97979   27.00000  3.50%  31.8 4050s
 27895160 56183   27.00000   87   33   27.97979   27.00000  3.50%  31.8 4055s
 27934562 56135   27.00000   89   36   27.97979   27.00000  3.50%  31.8 4060s
 27974435 55810   27.00000   78   39   27.97979   27.00000  3.50%  31.8 4065s
 28009505 55684   27.00000   85   47   27.97979   27.00000  3.50%  31.8 4070s
 28045736 55711   27.00000   92   42   27.97979   27.00000  3.50%  31.8 4075s
 28082553 55904 infeasible   82        27.97979   27.00000  3.50%  31.8 4080s
 28120713 56422   27.00000   77   50   27.97979   27.00000  3.50%  31.8 4085s
 28158426 56186   27.00000   81   41   27.97979   27.00000  3.50%  31.7 4090s
 28195993 56214   27.00000   65   45   27.97979   27.00000  3.50%  31.7 4095s
 28233108 56404   27.00000   80   48   27.97979   27.00000  3.50%  31.7 4100s
 28269023 56111 infeasible   87        27.97979   27.00000  3.50%  31.7 4105s
 28303156 56053 infeasible   89        27.97979   27.00000  3.50%  31.7 4110s
 28343235 55836   27.00000   85   36   27.97979   27.00000  3.50%  31.7 4115s
 28379560 55733   27.00000   92   30   27.97979   27.00000  3.50%  31.7 4120s
 28417139 55466 infeasible   81        27.97979   27.00000  3.50%  31.7 4125s
 28452385 55726   27.00000   82   38   27.97979   27.00000  3.50%  31.7 4130s
 28489552 55539 infeasible   86        27.97979   27.00000  3.50%  31.7 4135s
 28525024 55359 infeasible   82        27.97979   27.00000  3.50%  31.7 4140s
 28562342 55496   27.00000   67   37   27.97979   27.00000  3.50%  31.7 4145s
 28600676 55319 infeasible   82        27.97979   27.00000  3.50%  31.7 4150s
 28637903 55339   27.00000   78   33   27.97979   27.00000  3.50%  31.7 4155s
 28674534 55301 infeasible   89        27.97979   27.00000  3.50%  31.7 4160s
 28712136 55562 infeasible   70        27.97979   27.00000  3.50%  31.7 4165s
 28749013 55346   27.00000   87   35   27.97979   27.00000  3.50%  31.7 4170s
 28779876 55275   27.00000   94   29   27.97979   27.00000  3.50%  31.7 4175s
 28813210 55190   27.00000   76   31   27.97979   27.00000  3.50%  31.7 4180s
 28841621 55381 infeasible   65        27.97979   27.00000  3.50%  31.7 4185s
 28867938 55111 infeasible   72        27.97979   27.00000  3.50%  31.7 4190s
 28899351 55182   27.00000   70   33   27.97979   27.00000  3.50%  31.7 4195s
 28933011 54955 infeasible   84        27.97979   27.00000  3.50%  31.7 4200s
 28969196 55672   27.00000   86   34   27.97979   27.00000  3.50%  31.8 4205s
 29003681 55788   27.00000   78   37   27.97979   27.00000  3.50%  31.8 4210s
 29039021 55594   27.00000   84   33   27.97979   27.00000  3.50%  31.8 4215s
 29077000 55353   27.00000   86   39   27.97979   27.00000  3.50%  31.8 4220s
 29112404 55860 infeasible   83        27.97979   27.00000  3.50%  31.7 4225s
 29150690 55788 infeasible   92        27.97979   27.00000  3.50%  31.7 4230s
 29188054 55583 infeasible   92        27.97979   27.00000  3.50%  31.7 4235s
 29223165 55340   27.00000   73   22   27.97979   27.00000  3.50%  31.7 4240s
 29260100 55186   27.00000   82   38   27.97979   27.00000  3.50%  31.7 4245s
 29297534 55977 infeasible   83        27.97979   27.00000  3.50%  31.7 4250s
 29331707 55648 infeasible   88        27.97979   27.00000  3.50%  31.7 4255s
 29368980 55476   27.00000   80   40   27.97979   27.00000  3.50%  31.7 4260s
 29407769 55741   27.00000   80   34   27.97979   27.00000  3.50%  31.7 4265s
 29444341 55361 infeasible   80        27.97979   27.00000  3.50%  31.7 4270s
 29481322 55145 infeasible   80        27.97979   27.00000  3.50%  31.7 4275s
 29517183 55159   27.00000   81   44   27.97979   27.00000  3.50%  31.7 4280s
 29550198 54883 infeasible   87        27.97979   27.00000  3.50%  31.7 4285s
 29582845 54951   27.00000   80   35   27.97979   27.00000  3.50%  31.7 4290s
 29616056 55309   27.00000   79   29   27.97979   27.00000  3.50%  31.7 4295s
 29648316 54991 infeasible   82        27.97979   27.00000  3.50%  31.7 4300s
 29680651 54871   27.00000   75   31   27.97979   27.00000  3.50%  31.8 4305s
 29712314 55259   27.00000   69   35   27.97979   27.00000  3.50%  31.8 4310s
 29741604 55394   27.00000   89   39   27.97979   27.00000  3.50%  31.8 4315s
 29770377 55068   27.00000   74   33   27.97979   27.00000  3.50%  31.8 4320s
 29800877 55150 infeasible   79        27.97979   27.00000  3.50%  31.8 4325s
 29831090 54986 infeasible   79        27.97979   27.00000  3.50%  31.8 4330s
 29862062 55296   27.00000   71   34   27.97979   27.00000  3.50%  31.8 4335s
 29889843 55062   27.00000   76   31   27.97979   27.00000  3.50%  31.8 4340s
 29919781 55280 infeasible   75        27.97979   27.00000  3.50%  31.8 4345s
 29951136 55018   27.00000   86   21   27.97979   27.00000  3.50%  31.8 4350s
 29981787 55204 infeasible   77        27.97979   27.00000  3.50%  31.8 4355s
 30011940 54985   27.00000   71   33   27.97979   27.00000  3.50%  31.8 4360s
 30041520 55099 infeasible   80        27.97979   27.00000  3.50%  31.8 4365s
 30070838 55050   27.00000   89   35   27.97979   27.00000  3.50%  31.8 4370s
 30100943 54828 infeasible   81        27.97979   27.00000  3.50%  31.8 4375s
 30130505 54766   27.00000   88   39   27.97979   27.00000  3.50%  31.8 4380s
 30163060 54781 infeasible   73        27.97979   27.00000  3.50%  31.8 4385s
 30196426 54820   27.00000   85   31   27.97979   27.00000  3.50%  31.8 4390s
 30228705 54712   27.00000   85   31   27.97979   27.00000  3.50%  31.8 4395s
 30259878 55084   27.00000   79   32   27.97979   27.00000  3.50%  31.8 4400s
 30289918 54899 infeasible   94        27.97979   27.00000  3.50%  31.8 4405s
 30319503 54678   27.00000   82   32   27.97979   27.00000  3.50%  31.9 4410s
 30347601 54669   27.00000   76   39   27.97979   27.00000  3.50%  31.9 4415s
 30376112 54739 infeasible   68        27.97979   27.00000  3.50%  31.9 4420s
 30406340 55229 infeasible   84        27.97979   27.00000  3.50%  31.9 4425s
 30436282 55156 infeasible   68        27.97979   27.00000  3.50%  31.9 4430s
 30465992 55184 infeasible   80        27.97979   27.00000  3.50%  31.9 4435s
 30494744 55374 infeasible   80        27.97979   27.00000  3.50%  31.9 4440s
 30524689 55346 infeasible   79        27.97979   27.00000  3.50%  31.9 4445s
 30552786 55189 infeasible   77        27.97979   27.00000  3.50%  31.9 4450s
 30579292 55022   27.00000   75   32   27.97979   27.00000  3.50%  31.9 4455s
 30607308 54976 infeasible   85        27.97979   27.00000  3.50%  31.9 4460s
 30635093 54886 infeasible   72        27.97979   27.00000  3.50%  31.9 4465s
 30663254 55023   27.00000   84   40   27.97979   27.00000  3.50%  31.9 4470s
 30691865 54864 infeasible   85        27.97979   27.00000  3.50%  31.9 4475s
 30720619 54788   27.00000   83   33   27.97979   27.00000  3.50%  32.0 4480s
 30749935 54759 infeasible   83        27.97979   27.00000  3.50%  32.0 4485s
 30779397 54493 infeasible   63        27.97979   27.00000  3.50%  32.0 4490s
 30810131 54490 infeasible   83        27.97979   27.00000  3.50%  32.0 4495s
 30838751 54907   27.00000   85   28   27.97979   27.00000  3.50%  32.0 4500s
 30866471 55433 infeasible   82        27.97979   27.00000  3.50%  32.0 4505s
 30893186 55286   27.00000   78   28   27.97979   27.00000  3.50%  32.0 4510s
 30920831 55053   27.00000   77   38   27.97979   27.00000  3.50%  32.0 4515s
 30949402 55472   27.00000   75   33   27.97979   27.00000  3.50%  32.0 4520s
 30975739 55960   27.00000   85   27   27.97979   27.00000  3.50%  32.0 4525s
 31005666 55715   27.00000   76   36   27.97979   27.00000  3.50%  32.0 4530s
 31035225 55701 infeasible   74        27.97979   27.00000  3.50%  32.0 4535s
 31063531 55605   27.00000   85   26   27.97979   27.00000  3.50%  32.0 4540s
 31091941 55361 infeasible   79        27.97979   27.00000  3.50%  32.0 4545s
 31121266 55240   27.00000   76   33   27.97979   27.00000  3.50%  32.0 4550s
 31150513 55148   27.00000   83   28   27.97979   27.00000  3.50%  32.0 4555s
 31179091 55031   27.00000   84   40   27.97979   27.00000  3.50%  32.0 4560s
 31208086 54882 infeasible   79        27.97979   27.00000  3.50%  32.0 4565s
 31236363 54854 infeasible   79        27.97979   27.00000  3.50%  32.1 4570s
 31264373 54983   27.00000   70   48   27.97979   27.00000  3.50%  32.1 4575s
 31292080 54936   27.00000   75   39   27.97979   27.00000  3.50%  32.1 4580s
 31321698 55082   27.00000   85   36   27.97979   27.00000  3.50%  32.1 4585s
 31350534 55302   27.00000   79   32   27.97979   27.00000  3.50%  32.1 4590s
 31381944 55213 infeasible   79        27.97979   27.00000  3.50%  32.1 4595s
 31411875 54970   27.00000   74   36   27.97979   27.00000  3.50%  32.1 4600s
 31439542 54914   27.00000   80   36   27.97979   27.00000  3.50%  32.1 4605s
 31467966 54843   27.00000   70   37   27.97979   27.00000  3.50%  32.1 4610s
 31497812 55088 infeasible   73        27.97979   27.00000  3.50%  32.1 4615s
 31528337 54874 infeasible   96        27.97979   27.00000  3.50%  32.1 4620s
 31558220 54819   27.00000   82   31   27.97979   27.00000  3.50%  32.1 4625s
 31589212 54716   27.00000   82   37   27.97979   27.00000  3.50%  32.1 4630s
 31619617 55052 infeasible   71        27.97979   27.00000  3.50%  32.1 4635s
 31648988 54997   27.00000   76   38   27.97979   27.00000  3.50%  32.1 4640s
 31676833 54927   27.00000   86   36   27.97979   27.00000  3.50%  32.1 4645s
 31705291 54785   27.00000   79   36   27.97979   27.00000  3.50%  32.1 4650s
 31735556 54803   27.00000   70   29   27.97979   27.00000  3.50%  32.1 4655s
 31766278 55347 infeasible   81        27.97979   27.00000  3.50%  32.1 4660s
 31798394 55204 infeasible   83        27.97979   27.00000  3.50%  32.2 4665s
 31827607 54817 infeasible   72        27.97979   27.00000  3.50%  32.2 4670s
 31855526 54717   27.00000   69   37   27.97979   27.00000  3.50%  32.2 4675s
 31884813 54682 infeasible   69        27.97979   27.00000  3.50%  32.2 4680s
 31912548 54957   27.00000   86   44   27.97979   27.00000  3.50%  32.2 4685s
 31940950 54782   27.00000   82   50   27.97979   27.00000  3.50%  32.2 4690s
 31970527 54593 infeasible   80        27.97979   27.00000  3.50%  32.2 4695s
 31999828 54559 infeasible   91        27.97979   27.00000  3.50%  32.2 4700s
 32029606 54695   27.00000   66   14   27.97979   27.00000  3.50%  32.2 4705s
 32058394 55283   27.00000   79   31   27.97979   27.00000  3.50%  32.2 4710s
 32086941 55168   27.00000   71   27   27.97979   27.00000  3.50%  32.2 4715s
 32116317 55098   27.00000   72   23   27.97979   27.00000  3.50%  32.2 4720s
 32146975 54963 infeasible   71        27.97979   27.00000  3.50%  32.2 4725s
 32176704 55214 infeasible   74        27.97979   27.00000  3.50%  32.2 4730s
 32203132 54910   27.00000   74   29   27.97979   27.00000  3.50%  32.2 4735s
 32233260 55104 infeasible   78        27.97979   27.00000  3.50%  32.2 4740s
 32260930 54878 infeasible   69        27.97979   27.00000  3.50%  32.2 4745s
 32291305 55248 infeasible   68        27.97979   27.00000  3.50%  32.2 4750s
 32325144 55390 infeasible   86        27.97979   27.00000  3.50%  32.2 4755s
 32358198 55337 infeasible   71        27.97979   27.00000  3.50%  32.2 4760s
 32394471 55128 infeasible   75        27.97979   27.00000  3.50%  32.2 4765s
 32428475 55262   27.00000   66   35   27.97979   27.00000  3.50%  32.2 4770s
 32460723 55011   27.00000   75   42   27.97979   27.00000  3.50%  32.3 4775s
 32493338 55025 infeasible   90        27.97979   27.00000  3.50%  32.3 4780s
 32521730 55142 infeasible   82        27.97979   27.00000  3.50%  32.3 4785s
 32552206 55360   27.00000   70   26   27.97979   27.00000  3.50%  32.3 4790s
 32581187 54965   27.00000   64   45   27.97979   27.00000  3.50%  32.3 4795s
 32610693 54639   27.00000   80   37   27.97979   27.00000  3.50%  32.3 4800s
 32641664 54803   27.00000   88   37   27.97979   27.00000  3.50%  32.3 4805s
 32675109 54816   27.00000   97   36   27.97979   27.00000  3.50%  32.3 4810s
 32707224 54636 infeasible   93        27.97979   27.00000  3.50%  32.3 4815s
 32740445 54699   27.00000   80   30   27.97979   27.00000  3.50%  32.3 4820s
 32772096 54802   27.00000   81   42   27.97979   27.00000  3.50%  32.3 4825s
 32803875 54435   27.00000   92   29   27.97979   27.00000  3.50%  32.3 4830s
 32834404 54379 infeasible   78        27.97979   27.00000  3.50%  32.3 4835s
 32865700 55239 infeasible   86        27.97979   27.00000  3.50%  32.3 4840s
 32897957 55038   27.00000   83   21   27.97979   27.00000  3.50%  32.3 4845s
 32930322 54869 infeasible   85        27.97979   27.00000  3.50%  32.4 4850s
 32959079 54670   27.00000   78   24   27.97979   27.00000  3.50%  32.4 4855s
 32989864 54551 infeasible   80        27.97979   27.00000  3.50%  32.4 4860s
 33021521 54443 infeasible   87        27.97979   27.00000  3.50%  32.4 4865s
 33053302 54395 infeasible   88        27.97979   27.00000  3.50%  32.4 4870s
 33087910 54937   27.00000   80   42   27.97979   27.00000  3.50%  32.4 4875s
 33122874 54956   27.00000   81   20   27.97979   27.00000  3.50%  32.4 4880s
 33158147 54761 infeasible   72        27.97979   27.00000  3.50%  32.4 4885s
 33193431 54504   27.00000   82   29   27.97979   27.00000  3.50%  32.4 4890s
 33227555 55151   27.00000   83   41   27.97979   27.00000  3.50%  32.4 4895s
 33259353 55196   27.00000   78   44   27.97979   27.00000  3.50%  32.4 4900s
 33291341 54981 infeasible   89        27.97979   27.00000  3.50%  32.4 4905s
 33321221 54953   27.00000   73   45   27.97979   27.00000  3.50%  32.4 4910s
 33350776 54845   27.00000   78   32   27.97979   27.00000  3.50%  32.4 4915s
 33381790 54738 infeasible   79        27.97979   27.00000  3.50%  32.4 4920s
 33412673 54617 infeasible   74        27.97979   27.00000  3.50%  32.4 4925s
 33444822 54969   27.00000   68   29   27.97979   27.00000  3.50%  32.4 4930s
 33477598 54678   27.00000   75   41   27.97979   27.00000  3.50%  32.5 4935s
 33510842 54532   27.00000   90   24   27.97979   27.00000  3.50%  32.5 4940s
 33541535 54447 infeasible   89        27.97979   27.00000  3.50%  32.5 4945s
 33577174 54443 infeasible   76        27.97979   27.00000  3.50%  32.5 4950s
 33611285 55050   27.00000   66   46   27.97979   27.00000  3.50%  32.5 4955s
 33643465 56127   27.00000   82   34   27.97979   27.00000  3.50%  32.5 4960s
 33673308 56167 infeasible   82        27.97979   27.00000  3.50%  32.5 4965s
 33704862 56064   27.00000   79   31   27.97979   27.00000  3.50%  32.5 4970s
 33735187 56011   27.00000   76   46   27.97979   27.00000  3.50%  32.5 4975s
 33766292 55889 infeasible   86        27.97979   27.00000  3.50%  32.5 4980s
 33796361 55736   27.00000   80   37   27.97979   27.00000  3.50%  32.5 4985s
 33828189 55655 infeasible   68        27.97979   27.00000  3.50%  32.5 4990s
 33858993 55567   27.00000   78   37   27.97979   27.00000  3.50%  32.5 4995s
 33890834 55453   27.00000   71   35   27.97979   27.00000  3.50%  32.5 5000s
 33919182 55807   27.00000   81   32   27.97979   27.00000  3.50%  32.5 5005s
 33949931 55684   27.00000   83   28   27.97979   27.00000  3.50%  32.5 5010s
 33980117 55346   27.00000   71   35   27.97979   27.00000  3.50%  32.5 5015s
 34011098 55421 infeasible   77        27.97979   27.00000  3.50%  32.5 5020s
 34041462 55163   27.00000   83   25   27.97979   27.00000  3.50%  32.6 5025s
 34073466 55053 infeasible   73        27.97979   27.00000  3.50%  32.6 5030s
 34105421 55432   27.00000   77   45   27.97979   27.00000  3.50%  32.6 5035s
 34136245 55614 infeasible   91        27.97979   27.00000  3.50%  32.6 5040s
 34166936 55388   27.00000   79   59   27.97979   27.00000  3.50%  32.6 5045s
 34198456 55132 infeasible   86        27.97979   27.00000  3.50%  32.6 5050s
 34231897 55142   27.00000   85   38   27.97979   27.00000  3.50%  32.6 5055s
 34260747 55146 infeasible   77        27.97979   27.00000  3.50%  32.6 5060s
 34289335 54965   27.00000   76   26   27.97979   27.00000  3.50%  32.6 5065s
 34321043 55351   27.00000   84   36   27.97979   27.00000  3.50%  32.6 5070s
 34352539 55219 infeasible   86        27.97979   27.00000  3.50%  32.6 5075s
 34385474 54988   27.00000   82   37   27.97979   27.00000  3.50%  32.6 5080s
 34417313 55526   27.00000   83   38   27.97979   27.00000  3.50%  32.6 5085s
 34449068 55642 infeasible   83        27.97979   27.00000  3.50%  32.6 5090s
 34481590 55474   27.00000   85   35   27.97979   27.00000  3.50%  32.6 5095s
 34513159 55247   27.00000   80   43   27.97979   27.00000  3.50%  32.6 5100s
 34545202 55217   27.00000   67   31   27.97979   27.00000  3.50%  32.7 5105s
 34578393 55046   27.00000   68   32   27.97979   27.00000  3.50%  32.7 5110s
 34611188 55664 infeasible   73        27.97979   27.00000  3.50%  32.7 5115s
 34642184 55682   27.00000   77   20   27.97979   27.00000  3.50%  32.7 5120s
 34669700 55396 infeasible   79        27.97979   27.00000  3.50%  32.7 5125s
 34698793 55493   27.00000   77   39   27.97979   27.00000  3.50%  32.7 5130s
 34730363 55381   27.00000   78   41   27.97979   27.00000  3.50%  32.7 5135s
 34761152 55130 infeasible   68        27.97979   27.00000  3.50%  32.7 5140s
 34793929 55142   27.00000   77   25   27.97979   27.00000  3.50%  32.7 5145s
 34828661 54955   27.00000   70   54   27.97979   27.00000  3.50%  32.7 5150s
 34863493 55031 infeasible   76        27.97979   27.00000  3.50%  32.7 5155s
 34897565 54992 infeasible   80        27.97979   27.00000  3.50%  32.7 5160s
 34929632 54986   27.00000   83   24   27.97979   27.00000  3.50%  32.7 5165s
 34964585 54745 infeasible   83        27.97979   27.00000  3.50%  32.7 5170s
 34996468 54687   27.00000   76   32   27.97979   27.00000  3.50%  32.7 5175s
 35029890 54580 infeasible   85        27.97979   27.00000  3.50%  32.7 5180s
 35062479 54506 infeasible   79        27.97979   27.00000  3.50%  32.7 5185s
 35096313 54714 infeasible   73        27.97979   27.00000  3.50%  32.7 5190s
 35128088 55388   27.00000   75   44   27.97979   27.00000  3.50%  32.7 5195s
 35156481 55490   27.00000   71   43   27.97979   27.00000  3.50%  32.7 5200s
 35184354 55379 infeasible   77        27.97979   27.00000  3.50%  32.8 5205s
 35215198 55097 infeasible   76        27.97979   27.00000  3.50%  32.8 5210s
 35247003 54851 infeasible   67        27.97979   27.00000  3.50%  32.8 5215s
 35278859 54936   27.00000   65   27   27.97979   27.00000  3.50%  32.8 5220s
 35311230 54861   27.00000   72   38   27.97979   27.00000  3.50%  32.8 5225s
 35344711 54756 infeasible   81        27.97979   27.00000  3.50%  32.8 5230s
 35378620 54672 infeasible   71        27.97979   27.00000  3.50%  32.8 5235s
 35411812 54785 infeasible   78        27.97979   27.00000  3.50%  32.8 5240s
 35444889 54503   27.00000   79   23   27.97979   27.00000  3.50%  32.8 5245s
 35478070 54527 infeasible   72        27.97979   27.00000  3.50%  32.8 5250s
 35508437 54352 infeasible   80        27.97979   27.00000  3.50%  32.8 5255s
 35542820 54925   27.00000   73   29   27.97979   27.00000  3.50%  32.8 5260s
 35573941 54752   27.00000   70   47   27.97979   27.00000  3.50%  32.8 5265s
 35606090 54564   27.00000   76   42   27.97979   27.00000  3.50%  32.8 5270s
 35637575 54515   27.00000   68   60   27.97979   27.00000  3.50%  32.8 5275s
 35667990 54736 infeasible   76        27.97979   27.00000  3.50%  32.8 5280s
 35699080 54470 infeasible   78        27.97979   27.00000  3.50%  32.8 5285s
 35731925 54250   27.00000   74   28   27.97979   27.00000  3.50%  32.8 5290s
 35765502 54721   27.00000   69   27   27.97979   27.00000  3.50%  32.8 5295s
 35794107 55039 infeasible   65        27.97979   27.00000  3.50%  32.8 5300s
 35826779 55088 infeasible   80        27.97979   27.00000  3.50%  32.8 5305s
 35857192 54984 infeasible   79        27.97979   27.00000  3.50%  32.9 5310s
 35888732 54872   27.00000   79   39   27.97979   27.00000  3.50%  32.9 5315s
 35920056 54888   27.00000   73   48   27.97979   27.00000  3.50%  32.9 5320s
 35952065 54826 infeasible   78        27.97979   27.00000  3.50%  32.9 5325s
 35984792 54746   27.00000   64   21   27.97979   27.00000  3.50%  32.9 5330s
 36014105 54964   27.00000   75   28   27.97979   27.00000  3.50%  32.9 5335s
 36045264 54691 infeasible   90        27.97979   27.00000  3.50%  32.9 5340s
 36077676 54851 infeasible   74        27.97979   27.00000  3.50%  32.9 5345s
 36112393 54589   27.00000   68   44   27.97979   27.00000  3.50%  32.9 5350s
 36147327 54488   27.00000   61   35   27.97979   27.00000  3.50%  32.9 5355s
 36183028 54845   27.00000   80   35   27.97979   27.00000  3.50%  32.9 5360s
 36217783 54734   27.00000   80   37   27.97979   27.00000  3.50%  32.9 5365s
 36250018 54561   27.00000   55   38   27.97979   27.00000  3.50%  32.9 5370s
 36284786 54776 infeasible   63        27.97979   27.00000  3.50%  32.9 5375s
 36319351 54447 infeasible   81        27.97979   27.00000  3.50%  32.9 5380s
 36350531 54642   27.00000   84   31   27.97979   27.00000  3.50%  32.9 5385s
 36385338 54461 infeasible   81        27.97979   27.00000  3.50%  32.9 5390s
 36418495 55106   27.00000   81   44   27.97979   27.00000  3.50%  32.9 5395s
 36451800 54827 infeasible   69        27.97979   27.00000  3.50%  32.9 5400s
 36483957 54700 infeasible   90        27.97979   27.00000  3.50%  32.9 5405s
 36515264 54630   27.00000   82   41   27.97979   27.00000  3.50%  32.9 5410s
 36546144 54956   27.00000   74   52   27.97979   27.00000  3.50%  32.9 5415s
 36576454 54786 infeasible   84        27.97979   27.00000  3.50%  32.9 5420s
 36608422 54763 infeasible   78        27.97979   27.00000  3.50%  32.9 5425s
 36638543 54510   27.00000   78   36   27.97979   27.00000  3.50%  32.9 5430s
 36666352 54795   27.00000   83   27   27.97979   27.00000  3.50%  33.0 5435s
 36697506 54568   27.00000   73   45   27.97979   27.00000  3.50%  33.0 5440s
 36730448 54883   27.00000   68   42   27.97979   27.00000  3.50%  33.0 5445s
 36763875 55165 infeasible   70        27.97979   27.00000  3.50%  33.0 5450s
 36796956 54864 infeasible   78        27.97979   27.00000  3.50%  33.0 5455s
 36830108 54628 infeasible   81        27.97979   27.00000  3.50%  33.0 5460s
 36863964 54520   27.00000   69   34   27.97979   27.00000  3.50%  33.0 5465s
 36897103 54758 infeasible   73        27.97979   27.00000  3.50%  33.0 5470s
 36929656 54605 infeasible   79        27.97979   27.00000  3.50%  33.0 5475s
 36957132 54595   27.00000   89   32   27.97979   27.00000  3.50%  33.0 5480s
 36992043 54562   27.00000   60   39   27.97979   27.00000  3.50%  33.0 5485s
 37026029 54648   27.00000   79   24   27.97979   27.00000  3.50%  33.0 5490s
 37058979 54351 infeasible   81        27.97979   27.00000  3.50%  33.0 5495s
 37092271 55278 infeasible   79        27.97979   27.00000  3.50%  33.0 5500s
 37123367 55556 infeasible   84        27.97979   27.00000  3.50%  33.0 5505s
 37153165 55250 infeasible   85        27.97979   27.00000  3.50%  33.0 5510s
 37184073 55054 infeasible   74        27.97979   27.00000  3.50%  33.0 5515s
 37214014 54977   27.00000   72   38   27.97979   27.00000  3.50%  33.0 5520s
 37245772 54742 infeasible   69        27.97979   27.00000  3.50%  33.0 5525s
 37277533 54631   27.00000   75   26   27.97979   27.00000  3.50%  33.0 5530s
 37310104 54573 infeasible   83        27.97979   27.00000  3.50%  33.0 5535s
 37343696 54575 infeasible   79        27.97979   27.00000  3.50%  33.0 5540s
 37377165 54727   27.00000   76   38   27.97979   27.00000  3.50%  33.0 5545s
 37409334 54559 infeasible   69        27.97979   27.00000  3.50%  33.0 5550s
 37442272 54544   27.00000   78   37   27.97979   27.00000  3.50%  33.1 5555s
 37471649 54788   27.00000   79   27   27.97979   27.00000  3.50%  33.1 5560s
 37502417 54503 infeasible   65        27.97979   27.00000  3.50%  33.1 5565s
 37533833 54418 infeasible   78        27.97979   27.00000  3.50%  33.1 5570s
 37565731 54735 infeasible   90        27.97979   27.00000  3.50%  33.1 5575s
 37598590 54638 infeasible   75        27.97979   27.00000  3.50%  33.1 5580s
 37629463 54421   27.00000   80   48   27.97979   27.00000  3.50%  33.1 5585s
 37666107 54604     cutoff   82        27.97979   27.00000  3.50%  33.1 5590s
 37700951 54581   27.00000   79   49   27.97979   27.00000  3.50%  33.1 5595s
 37734482 54695 infeasible   64        27.97979   27.00000  3.50%  33.1 5600s
 37769818 54501   27.00000   71   31   27.97979   27.00000  3.50%  33.1 5605s
 37802848 54358 infeasible   75        27.97979   27.00000  3.50%  33.1 5610s
 37833635 54488   27.00000   77   40   27.97979   27.00000  3.50%  33.1 5615s
 37864964 54182 infeasible   72        27.97979   27.00000  3.50%  33.1 5620s
 37900599 54054   27.00000   81   32   27.97979   27.00000  3.50%  33.1 5625s
 37934094 54082 infeasible   63        27.97979   27.00000  3.50%  33.1 5630s
 37968421 55330 infeasible   78        27.97979   27.00000  3.50%  33.1 5635s
 38001967 56365   27.00000   76   31   27.97979   27.00000  3.50%  33.1 5640s
 38035132 56444 infeasible   74        27.97979   27.00000  3.50%  33.1 5645s
 38070396 56142   27.00000   72   26   27.97979   27.00000  3.50%  33.1 5650s
 38104792 55991   27.00000   83   40   27.97979   27.00000  3.50%  33.1 5655s
 38138602 55991 infeasible   78        27.97979   27.00000  3.50%  33.1 5660s
 38168499 55902 infeasible   76        27.97979   27.00000  3.50%  33.1 5665s
 38203306 55682   27.00000   61   38   27.97979   27.00000  3.50%  33.1 5670s
 38236686 55669 infeasible   74        27.97979   27.00000  3.50%  33.1 5675s
 38268994 55488   27.00000   82   38   27.97979   27.00000  3.50%  33.1 5680s
 38302566 55936   27.00000   87   27   27.97979   27.00000  3.50%  33.1 5685s
 38334941 55668   27.00000   81   42   27.97979   27.00000  3.50%  33.1 5690s
 38368319 55516 infeasible   84        27.97979   27.00000  3.50%  33.1 5695s
 38400749 55735   27.00000   80   40   27.97979   27.00000  3.50%  33.1 5700s
 38433416 55590   27.00000   79   42   27.97979   27.00000  3.50%  33.1 5705s
 38466455 55399 infeasible   78        27.97979   27.00000  3.50%  33.1 5710s
 38498799 55350   27.00000   90   37   27.97979   27.00000  3.50%  33.1 5715s
 38531940 56168   27.00000   87   30   27.97979   27.00000  3.50%  33.1 5720s
 38563441 56096 infeasible   72        27.97979   27.00000  3.50%  33.2 5725s
 38597144 55919 infeasible   80        27.97979   27.00000  3.50%  33.2 5730s
 38627975 55932 infeasible   90        27.97979   27.00000  3.50%  33.2 5735s
 38659513 55983 infeasible   76        27.97979   27.00000  3.50%  33.2 5740s
 38693409 55690 infeasible   83        27.97979   27.00000  3.50%  33.2 5745s
 38726486 55533   27.00000   90   35   27.97979   27.00000  3.50%  33.2 5750s
 38759481 55364   27.00000   66   37   27.97979   27.00000  3.50%  33.2 5755s
 38793202 55402   27.00000   84   33   27.97979   27.00000  3.50%  33.2 5760s
 38827156 55676   27.00000   73   49   27.97979   27.00000  3.50%  33.2 5765s
 38860881 56000   27.00000   77   34   27.97979   27.00000  3.50%  33.2 5770s
 38895629 55704   27.00000   73   41   27.97979   27.00000  3.50%  33.2 5775s
 38929463 55405   27.00000   87   45   27.97979   27.00000  3.50%  33.2 5780s
 38965377 55428   27.00000   73   18   27.97979   27.00000  3.50%  33.2 5785s
 38999327 55278   27.00000   71   41   27.97979   27.00000  3.50%  33.2 5790s
 39033163 55493   27.00000   72   63   27.97979   27.00000  3.50%  33.2 5795s
 39066930 55374 infeasible   82        27.97979   27.00000  3.50%  33.2 5800s
 39100966 55457   27.00000   73   36   27.97979   27.00000  3.50%  33.2 5805s
 39135997 55499   27.00000   62   45   27.97979   27.00000  3.50%  33.2 5810s
 39166350 55840 infeasible   83        27.97979   27.00000  3.50%  33.2 5815s
 39193961 55406 infeasible   75        27.97979   27.00000  3.50%  33.2 5820s
 39222999 55167   27.00000   79   36   27.97979   27.00000  3.50%  33.2 5825s
 39251437 55557 infeasible   78        27.97979   27.00000  3.50%  33.2 5830s
 39277704 55267 infeasible   70        27.97979   27.00000  3.50%  33.2 5835s
 39311556 55284 infeasible   78        27.97979   27.00000  3.50%  33.2 5840s
 39343321 55325 infeasible   81        27.97979   27.00000  3.50%  33.2 5845s
 39377091 55175 infeasible   75        27.97979   27.00000  3.50%  33.2 5850s
 39409751 55267   27.00000   73   43   27.97979   27.00000  3.50%  33.2 5855s
 39443401 55327 infeasible   76        27.97979   27.00000  3.50%  33.2 5860s
 39477267 55785 infeasible   82        27.97979   27.00000  3.50%  33.2 5865s
 39513934 55669   27.00000   84   21   27.97979   27.00000  3.50%  33.2 5870s
 39548176 55443   27.00000   78   43   27.97979   27.00000  3.50%  33.2 5875s
 39583538 55407 infeasible   82        27.97979   27.00000  3.50%  33.2 5880s
 39617041 55204 infeasible   77        27.97979   27.00000  3.50%  33.2 5885s
 39651032 55323   27.00000   85   47   27.97979   27.00000  3.50%  33.2 5890s
 39684902 55469   27.00000   68   48   27.97979   27.00000  3.50%  33.2 5895s
 39716484 55210 infeasible   79        27.97979   27.00000  3.50%  33.2 5900s
 39750728 55779   27.00000   72   34   27.97979   27.00000  3.50%  33.2 5905s
 39783465 56383   27.00000   78   48   27.97979   27.00000  3.50%  33.3 5910s
 39816858 56251   27.00000   75   45   27.97979   27.00000  3.50%  33.3 5915s
 39851049 56015   27.00000   74   42   27.97979   27.00000  3.50%  33.3 5920s
 39884252 55992 infeasible   77        27.97979   27.00000  3.50%  33.3 5925s
 39917872 56087   27.00000   77   46   27.97979   27.00000  3.50%  33.3 5930s
 39950228 56016 infeasible   82        27.97979   27.00000  3.50%  33.3 5935s
 39983568 56244   27.00000   85   35   27.97979   27.00000  3.50%  33.3 5940s
 40015525 56079   27.00000   78   41   27.97979   27.00000  3.50%  33.3 5945s
 40049623 55794   27.00000   94   46   27.97979   27.00000  3.50%  33.3 5950s
 40080226 56323 infeasible   81        27.97979   27.00000  3.50%  33.3 5955s
 40110771 56563   27.00000   67   23   27.97979   27.00000  3.50%  33.3 5960s
 40141923 56374   27.00000   78   43   27.97979   27.00000  3.50%  33.3 5965s
 40174193 56290   27.00000   77   32   27.97979   27.00000  3.50%  33.3 5970s
 40206701 56036   27.00000   73   41   27.97979   27.00000  3.50%  33.3 5975s
 40237198 55975   27.00000   70   54   27.97979   27.00000  3.50%  33.3 5980s
 40269579 55919 infeasible   76        27.97979   27.00000  3.50%  33.3 5985s
 40301843 55931 infeasible   80        27.97979   27.00000  3.50%  33.3 5990s
 40333188 55857   27.00000   94   23   27.97979   27.00000  3.50%  33.3 5995s
 40368167 55666   27.00000   64   41   27.97979   27.00000  3.50%  33.3 6000s
 40401077 55795 infeasible   85        27.97979   27.00000  3.50%  33.3 6005s
 40434362 55601   27.00000   83   37   27.97979   27.00000  3.50%  33.3 6010s
 40467804 55570 infeasible   77        27.97979   27.00000  3.50%  33.3 6015s
 40501586 55999 infeasible   90        27.97979   27.00000  3.50%  33.3 6020s
 40534347 55824   27.00000   92   40   27.97979   27.00000  3.50%  33.3 6025s
 40569376 55687 infeasible   85        27.97979   27.00000  3.50%  33.4 6030s
 40602735 55909 infeasible   86        27.97979   27.00000  3.50%  33.4 6035s
 40636833 55690   27.00000   70   35   27.97979   27.00000  3.50%  33.4 6040s
 40672076 55701   27.00000   72   47   27.97979   27.00000  3.50%  33.4 6045s
 40707033 55477 infeasible   69        27.97979   27.00000  3.50%  33.4 6050s
 40736894 55832 infeasible   96        27.97979   27.00000  3.50%  33.4 6055s
 40770407 56365   27.00000   91   52   27.97979   27.00000  3.50%  33.4 6060s
 40802611 56403 infeasible   92        27.97979   27.00000  3.50%  33.4 6065s
 40834642 56163   27.00000   79   26   27.97979   27.00000  3.50%  33.4 6070s
 40868503 56352   27.00000   72   42   27.97979   27.00000  3.50%  33.4 6075s
 40904365 56094 infeasible   83        27.97979   27.00000  3.50%  33.4 6080s
 40939185 56219   27.00000   83   34   27.97979   27.00000  3.50%  33.4 6085s
 40971252 56458 infeasible   82        27.97979   27.00000  3.50%  33.4 6090s
 41004998 56167 infeasible   79        27.97979   27.00000  3.50%  33.4 6095s
 41039711 56053 infeasible   78        27.97979   27.00000  3.50%  33.4 6100s
 41072600 55808 infeasible   79        27.97979   27.00000  3.50%  33.4 6105s
 41106305 55572   27.00000   81   33   27.97979   27.00000  3.50%  33.4 6110s
 41139207 55561 infeasible   72        27.97979   27.00000  3.50%  33.4 6115s
 41170217 55719 infeasible   79        27.97979   27.00000  3.50%  33.4 6120s
 41203167 55692 infeasible   91        27.97979   27.00000  3.50%  33.4 6125s
 41234203 55422   27.00000   78   35   27.97979   27.00000  3.50%  33.4 6130s
 41268042 55707 infeasible   74        27.97979   27.00000  3.50%  33.4 6135s
 41302489 55570 infeasible   73        27.97979   27.00000  3.50%  33.4 6140s
 41335997 55454 infeasible   83        27.97979   27.00000  3.50%  33.4 6145s
 41368125 55397 infeasible   77        27.97979   27.00000  3.50%  33.4 6150s
 41400832 55352   27.00000   74   41   27.97979   27.00000  3.50%  33.4 6155s
 41433028 55396 infeasible   86        27.97979   27.00000  3.50%  33.4 6160s
 41465030 55338 infeasible   78        27.97979   27.00000  3.50%  33.4 6165s
 41498465 55460 infeasible   73        27.97979   27.00000  3.50%  33.4 6170s
 41532523 55303   27.00000   83   21   27.97979   27.00000  3.50%  33.4 6175s
 41566344 55274   27.00000   69   41   27.97979   27.00000  3.50%  33.4 6180s
 41599405 55242   27.00000   74   31   27.97979   27.00000  3.50%  33.4 6185s
 41632873 55326   27.00000   73   33   27.97979   27.00000  3.50%  33.4 6190s
 41666226 55145   27.00000   72   30   27.97979   27.00000  3.50%  33.4 6195s
 41696582 55190   27.00000   75   56   27.97979   27.00000  3.50%  33.5 6200s
 41730100 55153   27.00000   79   49   27.97979   27.00000  3.50%  33.5 6205s
 41761913 55603   27.00000   70   40   27.97979   27.00000  3.50%  33.5 6210s
 41793965 55569 infeasible   84        27.97979   27.00000  3.50%  33.5 6215s
 41826384 55469 infeasible   73        27.97979   27.00000  3.50%  33.5 6220s
 41859683 55555   27.00000   80   33   27.97979   27.00000  3.50%  33.5 6225s
 41891813 55337 infeasible   71        27.97979   27.00000  3.50%  33.5 6230s
 41925465 55363 infeasible   93        27.97979   27.00000  3.50%  33.5 6235s
 41958659 55400 infeasible   73        27.97979   27.00000  3.50%  33.5 6240s
 41991833 55286 infeasible   80        27.97979   27.00000  3.50%  33.5 6245s
 42024088 55223 infeasible   75        27.97979   27.00000  3.50%  33.5 6250s
 42055814 55152 infeasible   76        27.97979   27.00000  3.50%  33.5 6255s
 42087219 55041   27.00000   82   38   27.97979   27.00000  3.50%  33.5 6260s
 42118960 55798   27.00000   84   43   27.97979   27.00000  3.50%  33.5 6265s
 42152940 55608   27.00000   81   33   27.97979   27.00000  3.50%  33.5 6270s
 42184529 55563 infeasible   87        27.97979   27.00000  3.50%  33.5 6275s
 42218937 55586   27.00000   80   24   27.97979   27.00000  3.50%  33.5 6280s
 42250634 55891 infeasible   80        27.97979   27.00000  3.50%  33.5 6285s
 42284212 56035 infeasible   84        27.97979   27.00000  3.50%  33.5 6290s
 42316875 55725   27.00000   88   47   27.97979   27.00000  3.50%  33.5 6295s
 42347625 55649 infeasible   80        27.97979   27.00000  3.50%  33.5 6300s
 42380781 55656   27.00000   79   29   27.97979   27.00000  3.50%  33.5 6305s
 42413625 55566 infeasible   76        27.97979   27.00000  3.50%  33.5 6310s
 42447569 55368   27.00000   87   31   27.97979   27.00000  3.50%  33.5 6315s
 42481100 55415 infeasible   91        27.97979   27.00000  3.50%  33.5 6320s
 42514888 55513 infeasible   89        27.97979   27.00000  3.50%  33.5 6325s
 42547404 55657   27.00000   83   47   27.97979   27.00000  3.50%  33.5 6330s
 42580336 55403 infeasible   84        27.97979   27.00000  3.50%  33.5 6335s
 42611086 55545   27.00000   88   43   27.97979   27.00000  3.50%  33.6 6340s
 42642105 55306 infeasible   91        27.97979   27.00000  3.50%  33.6 6345s
 42672544 55298 infeasible   87        27.97979   27.00000  3.50%  33.6 6350s
 42703345 55298   27.00000   76   56   27.97979   27.00000  3.50%  33.6 6355s
 42731865 55599 infeasible   81        27.97979   27.00000  3.50%  33.6 6360s
 42765957 55616   27.00000   67   56   27.97979   27.00000  3.50%  33.6 6365s
 42800280 55339 infeasible   81        27.97979   27.00000  3.50%  33.6 6370s
 42834150 55012   27.00000   74   39   27.97979   27.00000  3.50%  33.6 6375s
 42868947 55091 infeasible   90        27.97979   27.00000  3.50%  33.6 6380s
 42904103 55102   27.00000   72   28   27.97979   27.00000  3.50%  33.6 6385s
 42936985 54886   27.00000   79   41   27.97979   27.00000  3.50%  33.6 6390s
 42973423 55351 infeasible   74        27.97979   27.00000  3.50%  33.6 6395s
 43010217 55393 infeasible   66        27.97979   27.00000  3.50%  33.6 6400s
 43048474 55263 infeasible   83        27.97979   27.00000  3.50%  33.6 6405s
 43087019 55276   27.00000   63   43   27.97979   27.00000  3.50%  33.6 6410s
 43126947 55337 infeasible   64        27.97979   27.00000  3.50%  33.6 6415s
 43166814 55023   27.00000   63   50   27.97979   27.00000  3.50%  33.6 6420s
 43204251 55024   27.00000   65   27   27.97979   27.00000  3.50%  33.6 6425s
 43241171 54913   27.00000   73   35   27.97979   27.00000  3.50%  33.6 6430s
 43278946 56383 infeasible   93        27.97979   27.00000  3.50%  33.6 6435s
 43320354 56580   27.00000   65   33   27.97979   27.00000  3.50%  33.6 6440s
 43363801 56672   27.00000   78   21   27.97979   27.00000  3.50%  33.6 6445s
 43402842 56488   27.00000   73   29   27.97979   27.00000  3.50%  33.6 6450s
 43446327 56708 infeasible   76        27.97979   27.00000  3.50%  33.6 6455s
 43488670 57386 infeasible   75        27.97979   27.00000  3.50%  33.5 6460s
 43532247 56931 infeasible   79        27.97979   27.00000  3.50%  33.5 6465s
 43574621 56682   27.00000   73   45   27.97979   27.00000  3.50%  33.5 6470s
 43617871 56543 infeasible   78        27.97979   27.00000  3.50%  33.5 6475s
 43660398 56484   27.00000   82   41   27.97979   27.00000  3.50%  33.5 6480s
 43702029 56696 infeasible   74        27.97979   27.00000  3.50%  33.5 6485s
 43745715 56453   27.00000   73   37   27.97979   27.00000  3.50%  33.5 6490s
 43787886 56478 infeasible   70        27.97979   27.00000  3.50%  33.5 6495s
 43831168 56269 infeasible   73        27.97979   27.00000  3.50%  33.5 6500s
 43872489 56252   27.00000   63   44   27.97979   27.00000  3.50%  33.5 6505s
 43913954 56291   27.00000   77   35   27.97979   27.00000  3.50%  33.5 6510s
 43950325 56086 infeasible   77        27.97979   27.00000  3.50%  33.5 6515s
 43992264 55937   27.00000   73   33   27.97979   27.00000  3.50%  33.5 6520s
 44030692 55849   27.00000   66   38   27.97979   27.00000  3.50%  33.5 6525s
 44066001 55723   27.00000   63   35   27.97979   27.00000  3.50%  33.5 6530s
 44106056 55640   27.00000   80   24   27.97979   27.00000  3.50%  33.5 6535s
 44143050 55601   27.00000   73   48   27.97979   27.00000  3.50%  33.5 6540s
 44184203 55806   27.00000   72   40   27.97979   27.00000  3.50%  33.5 6545s
 44223121 55774 infeasible   72        27.97979   27.00000  3.50%  33.5 6550s
 44263228 55679 infeasible   83        27.97979   27.00000  3.50%  33.5 6555s
 44303234 55459   27.00000   78   36   27.97979   27.00000  3.50%  33.5 6560s
 44342434 55849   27.00000   73   44   27.97979   27.00000  3.50%  33.5 6565s
 44384860 55770   27.00000   88   27   27.97979   27.00000  3.50%  33.5 6570s
 44426428 55800   27.00000   68   38   27.97979   27.00000  3.50%  33.5 6575s
 44466937 55790 infeasible   78        27.97979   27.00000  3.50%  33.5 6580s
 44510038 55460   27.00000   84   34   27.97979   27.00000  3.50%  33.5 6585s
 44550518 56063 infeasible   82        27.97979   27.00000  3.50%  33.5 6590s
 44592716 55850   27.00000   75   30   27.97979   27.00000  3.50%  33.5 6595s
 44631361 55917   27.00000   64   35   27.97979   27.00000  3.50%  33.5 6600s
 44668893 55568   27.00000   73   37   27.97979   27.00000  3.50%  33.5 6605s
 44708710 55766   27.00000   71   33   27.97979   27.00000  3.50%  33.5 6610s
 44750378 55699   27.00000   74   45   27.97979   27.00000  3.50%  33.5 6615s
 44792370 55554 infeasible   72        27.97979   27.00000  3.50%  33.5 6620s
 44833051 55253 infeasible   68        27.97979   27.00000  3.50%  33.5 6625s
 44868771 55469   27.00000   61   36   27.97979   27.00000  3.50%  33.5 6630s
 44905396 55244   27.00000   65   42   27.97979   27.00000  3.50%  33.5 6635s
 44943487 55144 infeasible   72        27.97979   27.00000  3.50%  33.5 6640s
 44979363 55069   27.00000   72   52   27.97979   27.00000  3.50%  33.5 6645s
 45012919 54925 infeasible   83        27.97979   27.00000  3.50%  33.5 6650s
 45050229 54895   27.00000   62   23   27.97979   27.00000  3.50%  33.5 6655s
 45089453 54971 infeasible   75        27.97979   27.00000  3.50%  33.5 6660s
 45130100 54932   27.00000   74   34   27.97979   27.00000  3.50%  33.5 6665s
 45172022 54943 infeasible   69        27.97979   27.00000  3.50%  33.5 6670s
 45209776 55790   27.00000   70   33   27.97979   27.00000  3.50%  33.5 6675s
 45251039 55635 infeasible   75        27.97979   27.00000  3.50%  33.5 6680s
 45291193 55534   27.00000   85   39   27.97979   27.00000  3.50%  33.5 6685s
 45328458 55771 infeasible   64        27.97979   27.00000  3.50%  33.5 6690s
 45366381 55421   27.00000   68   28   27.97979   27.00000  3.50%  33.4 6695s
 45406824 55348 infeasible   76        27.97979   27.00000  3.50%  33.4 6700s
 45445735 55302 infeasible   65        27.97979   27.00000  3.50%  33.4 6705s
 45485116 55258 infeasible   91        27.97979   27.00000  3.50%  33.4 6710s
 45522420 55198 infeasible   87        27.97979   27.00000  3.50%  33.4 6715s
 45558605 55479   27.00000   64   39   27.97979   27.00000  3.50%  33.4 6720s
 45593813 55609   27.00000   77   30   27.97979   27.00000  3.50%  33.4 6725s
 45629041 55456 infeasible   78        27.97979   27.00000  3.50%  33.4 6730s
 45663422 55520 infeasible   84        27.97979   27.00000  3.50%  33.4 6735s
 45695140 55570   27.00000   75   37   27.97979   27.00000  3.50%  33.5 6740s
 45724470 55368   27.00000   79   48   27.97979   27.00000  3.50%  33.5 6745s
 45758542 55240 infeasible   74        27.97979   27.00000  3.50%  33.5 6750s
 45792504 55249 infeasible   72        27.97979   27.00000  3.50%  33.5 6755s
 45826797 55262   27.00000   73   34   27.97979   27.00000  3.50%  33.5 6760s
 45863721 55062 infeasible   73        27.97979   27.00000  3.50%  33.5 6765s
 45899231 55126 infeasible   73        27.97979   27.00000  3.50%  33.5 6770s
 45939524 55575   27.00000   68   34   27.97979   27.00000  3.50%  33.5 6775s
 45979395 55470   27.00000   68   26   27.97979   27.00000  3.50%  33.5 6780s
 46019312 55430   27.00000   78   32   27.97979   27.00000  3.50%  33.5 6785s
 46061311 55238   27.00000   72   32   27.97979   27.00000  3.50%  33.5 6790s
 46103135 55174   27.00000   82   35   27.97979   27.00000  3.50%  33.5 6795s
 46144475 55047 infeasible   80        27.97979   27.00000  3.50%  33.5 6800s
 46181785 55684 infeasible   77        27.97979   27.00000  3.50%  33.5 6805s
 46211305 55916 infeasible   91        27.97979   27.00000  3.50%  33.5 6810s
 46244243 56057 infeasible   70        27.97979   27.00000  3.50%  33.5 6815s
 46276994 55791   27.00000   76   53   27.97979   27.00000  3.50%  33.5 6820s
 46311510 55610 infeasible   75        27.97979   27.00000  3.50%  33.5 6825s
 46345078 55699   27.00000   84   30   27.97979   27.00000  3.50%  33.5 6830s
 46378277 55576 infeasible   82        27.97979   27.00000  3.50%  33.5 6835s
 46413514 55383 infeasible   74        27.97979   27.00000  3.50%  33.5 6840s
 46447854 55352   27.00000   74   34   27.97979   27.00000  3.50%  33.5 6845s
 46481623 55497 infeasible   78        27.97979   27.00000  3.50%  33.5 6850s
 46513769 55241 infeasible   91        27.97979   27.00000  3.50%  33.5 6855s
 46548974 55246   27.00000   76   33   27.97979   27.00000  3.50%  33.5 6860s
 46583400 55137   27.00000   57   51   27.97979   27.00000  3.50%  33.5 6865s
 46617828 55093 infeasible   71        27.97979   27.00000  3.50%  33.5 6870s
 46651034 55287   27.00000   88   41   27.97979   27.00000  3.50%  33.5 6875s
 46683812 55180 infeasible   82        27.97979   27.00000  3.50%  33.5 6880s
 46716996 54913 infeasible   74        27.97979   27.00000  3.50%  33.5 6885s
 46754247 54960   27.00000   82   32   27.97979   27.00000  3.50%  33.5 6890s
 46791379 55113   27.00000   76   31   27.97979   27.00000  3.50%  33.5 6895s
 46825156 55080 infeasible   70        27.97979   27.00000  3.50%  33.5 6900s
 46858691 54896 infeasible   78        27.97979   27.00000  3.50%  33.5 6905s
 46892329 54702   27.00000   65   36   27.97979   27.00000  3.50%  33.5 6910s
 46925236 55341   27.00000   69   42   27.97979   27.00000  3.50%  33.5 6915s
 46959984 55155 infeasible   82        27.97979   27.00000  3.50%  33.5 6920s
 46992807 54884 infeasible   70        27.97979   27.00000  3.50%  33.5 6925s
 47024117 54738   27.00000   76   25   27.97979   27.00000  3.50%  33.5 6930s
 47057565 55391   27.00000   71   29   27.97979   27.00000  3.50%  33.5 6935s
 47094285 55482   27.00000   79   32   27.97979   27.00000  3.50%  33.5 6940s
 47131320 55322   27.00000   87   36   27.97979   27.00000  3.50%  33.5 6945s
 47167656 55230   27.00000   73   53   27.97979   27.00000  3.50%  33.5 6950s
 47207384 55213   27.00000   74   22   27.97979   27.00000  3.50%  33.5 6955s
 47243108 55336 infeasible   73        27.97979   27.00000  3.50%  33.5 6960s
 47278551 54994 infeasible   67        27.97979   27.00000  3.50%  33.5 6965s
 47311692 55121   27.00000   68   35   27.97979   27.00000  3.50%  33.5 6970s
 47347092 54972   27.00000   69   40   27.97979   27.00000  3.50%  33.5 6975s
 47378790 55068   27.00000   74   32   27.97979   27.00000  3.50%  33.5 6980s
 47414838 55025 infeasible   66        27.97979   27.00000  3.50%  33.5 6985s
 47450228 54705   27.00000   61   49   27.97979   27.00000  3.50%  33.5 6990s
 47485050 55314   27.00000   65   42   27.97979   27.00000  3.50%  33.5 6995s
 47518418 55147   27.00000   65   31   27.97979   27.00000  3.50%  33.5 7000s
 47553623 54950   27.00000   68   42   27.97979   27.00000  3.50%  33.5 7005s
 47588290 54960   27.00000   72   38   27.97979   27.00000  3.50%  33.5 7010s
 47623314 54881 infeasible   69        27.97979   27.00000  3.50%  33.5 7015s
 47661272 54915   27.00000   68   29   27.97979   27.00000  3.50%  33.5 7020s
 47699611 55271   27.00000   73   20   27.97979   27.00000  3.50%  33.5 7025s
 47737583 54783   27.00000   76   26   27.97979   27.00000  3.50%  33.5 7030s
 47773592 54773   27.00000   68   39   27.97979   27.00000  3.50%  33.5 7035s
 47809061 54673 infeasible   73        27.97979   27.00000  3.50%  33.5 7040s
 47844098 54655 infeasible   66        27.97979   27.00000  3.50%  33.5 7045s
 47878179 54483 infeasible   69        27.97979   27.00000  3.50%  33.5 7050s
 47911545 54434 infeasible   71        27.97979   27.00000  3.50%  33.5 7055s
 47947182 54285   27.00000   73   39   27.97979   27.00000  3.50%  33.5 7060s
 47983840 55090   27.00000   67   40   27.97979   27.00000  3.50%  33.5 7065s
 48017307 55011 infeasible   72        27.97979   27.00000  3.50%  33.5 7070s
 48050430 55020   27.00000   80   39   27.97979   27.00000  3.50%  33.5 7075s
 48082132 54777 infeasible   70        27.97979   27.00000  3.50%  33.5 7080s
 48114980 55018 infeasible   68        27.97979   27.00000  3.50%  33.5 7085s
 48152169 54750   27.00000   87   39   27.97979   27.00000  3.50%  33.5 7090s
 48186147 54669   27.00000   68   26   27.97979   27.00000  3.50%  33.5 7095s
 48220919 54682 infeasible   79        27.97979   27.00000  3.50%  33.5 7100s
 48255845 54600 infeasible   77        27.97979   27.00000  3.50%  33.5 7105s
 48291756 54469 infeasible   70        27.97979   27.00000  3.50%  33.5 7110s
 48324695 54574   27.00000   66   41   27.97979   27.00000  3.50%  33.5 7115s
 48357910 54471   27.00000   70   44   27.97979   27.00000  3.50%  33.5 7120s
 48389313 54175   27.00000   63   50   27.97979   27.00000  3.50%  33.5 7125s
 48425292 54608 infeasible   76        27.97979   27.00000  3.50%  33.5 7130s
 48462324 54757 infeasible   82        27.97979   27.00000  3.50%  33.5 7135s
 48500728 54357 infeasible   74        27.97979   27.00000  3.50%  33.5 7140s
 48533242 54164   27.00000   77   45   27.97979   27.00000  3.50%  33.5 7145s
 48569035 54346   27.00000   73   19   27.97979   27.00000  3.50%  33.5 7150s
 48605369 54361 infeasible   77        27.97979   27.00000  3.50%  33.5 7155s
 48641281 54241 infeasible   67        27.97979   27.00000  3.50%  33.5 7160s
 48678282 54088 infeasible   74        27.97979   27.00000  3.50%  33.5 7165s
 48715565 54025 infeasible   75        27.97979   27.00000  3.50%  33.5 7170s
 48752501 54091 infeasible   69        27.97979   27.00000  3.50%  33.5 7175s
 48787324 54355 infeasible   67        27.97979   27.00000  3.50%  33.5 7180s
 48821120 54034 infeasible   67        27.97979   27.00000  3.50%  33.5 7185s
 48855027 54361   27.00000   55   47   27.97979   27.00000  3.50%  33.5 7190s
 48889166 54131 infeasible   70        27.97979   27.00000  3.50%  33.5 7195s
 48923434 53718   27.00000   64   42   27.97979   27.00000  3.50%  33.5 7200s

Cutting planes:
  Learned: 14
  Gomory: 1
  Implied bound: 10
  Projected implied bound: 4
  MIR: 10
  Mixing: 2
  Flow cover: 38
  RLT: 5
  Relax-and-lift: 3

Explored 48924044 nodes (1641049517 simplex iterations) in 7200.03 seconds (14182.66 work units)
Thread count was 8 (of 192 available processors)

Solution count 10: 27.9798 28 28 ... 28

Time limit reached
Best objective 2.797979127297e+01, best bound 2.700000000000e+01, gap 3.5018%

User-callback calls 102819071, time in user-callback 13.14 sec

AVANT CALCUL DES AUTRES INDICATEURS
Obj_rho = 28
Obj_lambda = 0
Obj_phi = 0
AVANT CALCUL DES AUTRES INDICATEURS
Obj_rho = 28
Obj_lambda = 1
Obj_phi = 0
✅ Solution trouvée (status: TIME_LIMIT)
🎯 Objective global: 27.979791272967176
⏱️ Time used: 7200.03
Nombre de vols satisfaits: 196
Nombre de vols non satisfaits: 0

✈️ Paths for each aircraft:

🛩️ Aircraft N607AS path (28 nodes): s_(u=0, v=0, w=0) ➡️  N607AS_(u=0, v=0, w=1) ➡️  ANC_SEA_137_389_(u=173, v=1, w=1) ➡️  SEA_ANC_479_633_(u=366, v=2, w=1) ➡️  ANC_SEA_715_980_(u=547, v=3, w=1) ➡️  SEA_LAS_1064_1207_(u=657, v=4, w=1) ➡️  LAS_SFO_1317_1401_(u=723, v=5, w=1) ➡️  SFO_ORD_1859_2247_(u=955, v=6, w=2) ➡️  ORD_SFO_2309_2462_(u=1200, v=7, w=2) ➡️  SFO_AUS_2533_2855_(u=1377, v=8, w=2) ➡️  AUS_SFO_3432_3558_(u=1587, v=9, w=3) ➡️  SFO_SEA_3655_3795_(u=1696, v=10, w=3) ➡️  SEA_LAS_3857_4005_(u=1820, v=11, w=3) ➡️  LAS_SEA_4086_4272_(u=1964, v=12, w=3) ➡️  SEA_PHX_4668_4915_(u=2101, v=13, w=4) ➡️  PHX_SEA_4965_5107_(u=2276, v=14, w=4) ➡️  SEA_SAN_5176_5324_(u=2401, v=15, w=4) ➡️  SAN_SEA_5397_5572_(u=2553, v=16, w=4) ➡️  SEA_DAL_6207_6549_(u=2752, v=17, w=5) ➡️  DAL_SEA_6619_6766_(u=3002, v=18, w=5) ➡️  SEA_SNA_6813_6972_(u=3129, v=19, w=5) ➡️  SNA_SEA_7009_7192_(u=3283, v=20, w=5) ➡️  SEA_PHX_7626_7841_(u=3418, v=21, w=6) ➡️  PHX_SEA_7908_8038_(u=3579, v=22, w=6) ➡️  SEA_PHX_8109_8330_(u=3715, v=23, w=6) ➡️  PHX_SEA_8407_8537_(u=3879, v=24, w=6) ➡️  SEA_PHX_9068_9279_(u=4012, v=25, w=7) ➡️  PHX_SEA_9344_9480_(u=4181, v=26, w=7) ➡️  SEA_PHX_9550_9765_(u=4317, v=27, w=7) ➡️  PHX_SEA_9831_9982_(u=4500, v=28, w=7) ➡️  t_(u=0, v=0, w=0)

🛩️ Aircraft N585AS path (31 nodes): s_(u=0, v=0, w=0) ➡️  N585AS_(u=3411, v=29, w=6) ➡️  ANC_SEA_162_428_(u=3585, v=30, w=6) ➡️  SEA_ANC_582_739_(u=3779, v=31, w=6) ➡️  ANC_SEA_1660_1931_(u=3970, v=32, w=7) ➡️  SEA_ANC_2030_2168_(u=4146, v=33, w=7) ➡️  ANC_CDV_2249_2310_(u=4183, v=34, w=7) ➡️  CDV_YAK_2357_2404_(u=4221, v=35, w=7) ➡️  YAK_JNU_2447_2500_(u=4255, v=36, w=7) ➡️  JNU_SEA_2569_2776_(u=4372, v=37, w=7) ➡️  SEA_ANC_2874_3028_(u=4565, v=38, w=7) ➡️  ANC_SEA_3102_3363_(u=4739, v=39, w=8) ➡️  SEA_ANC_3462_3616_(u=4927, v=40, w=8) ➡️  ANC_JNU_4064_4188_(u=5020, v=41, w=8) ➡️  JNU_SIT_4227_4276_(u=5043, v=42, w=8) ➡️  SIT_JNU_4672_4708_(u=5066, v=43, w=9) ➡️  JNU_ANC_4773_4879_(u=5154, v=44, w=9) ➡️  ANC_BET_4949_5073_(u=5211, v=45, w=9) ➡️  BET_ANC_5111_5186_(u=5272, v=46, w=9) ➡️  ANC_SEA_5503_5765_(u=5453, v=47, w=9) ➡️  SEA_LAS_6225_6362_(u=5564, v=48, w=10) ➡️  LAS_SEA_6427_6598_(u=5710, v=49, w=10) ➡️  SEA_LAX_6651_6804_(u=5832, v=50, w=10) ➡️  LAX_SEA_6863_7042_(u=5985, v=51, w=10) ➡️  SEA_DFW_7967_8313_(u=198, v=1, w=1) ➡️  DFW_SEA_8423_8562_(u=430, v=2, w=1) ➡️  SEA_ORD_8600_8957_(u=638, v=3, w=1) ➡️  ORD_PDX_9026_9156_(u=870, v=4, w=2) ➡️  PDX_SEA_9262_9310_(u=902, v=5, w=2) ➡️  SEA_BOI_9372_9523_(u=964, v=6, w=2) ➡️  BOI_SEA_9582_9616_(u=1038, v=7, w=2) ➡️  SEA_LIH_9718_9994_(u=1383, v=8, w=2) ➡️  LIH_SAN_10060_10521_(u=1702, v=9, w=2) ➡️  t_(u=0, v=0, w=0)

🛩️ Aircraft N317AS path (29 nodes): s_(u=0, v=0, w=0) ➡️  N317AS_(u=0, v=0, w=1) ➡️  FAI_SEA_201_455_(u=177, v=1, w=1) ➡️  SEA_LAX_528_675_(u=298, v=2, w=1) ➡️  LAX_SEA_743_917_(u=446, v=3, w=1) ➡️  SEA_SFO_990_1113_(u=549, v=4, w=1) ➡️  SFO_SEA_1177_1307_(u=648, v=5, w=1) ➡️  SEA_ORD_1401_1741_(u=851, v=6, w=1) ➡️  ORD_SEA_1807_1944_(u=1079, v=7, w=2) ➡️  SEA_IAD_2038_2527_(u=1351, v=8, w=2) ➡️  IAD_SEA_2584_2741_(u=1660, v=9, w=2) ➡️  SEA_IAH_2838_3229_(u=1892, v=10, w=2) ➡️  IAH_SEA_3299_3463_(u=2136, v=11, w=3) ➡️  SEA_DEN_3550_3770_(u=2272, v=12, w=3) ➡️  DEN_SEA_3827_3928_(u=2411, v=13, w=3) ➡️  SEA_SAN_4005_4151_(u=2532, v=14, w=3) ➡️  SAN_TPA_4795_5235_(u=2765, v=15, w=4) ➡️  TPA_SAN_5307_5449_(u=3053, v=16, w=4) ➡️  SAN_SEA_5512_5695_(u=3207, v=17, w=4) ➡️  SEA_MSP_6233_6559_(u=3378, v=18, w=5) ➡️  MSP_SEA_6615_6760_(u=3576, v=19, w=5) ➡️  SEA_STL_6837_7194_(u=3775, v=20, w=5) ➡️  STL_SEA_7614_7836_(u=4007, v=21, w=6) ➡️  SEA_OAK_8006_8114_(u=4099, v=22, w=6) ➡️  OAK_SEA_8157_8285_(u=4198, v=23, w=6) ➡️  SEA_SMF_8335_8455_(u=4273, v=24, w=6) ➡️  SMF_SEA_8490_8613_(u=4376, v=25, w=6) ➡️  SEA_SNA_9008_9175_(u=4487, v=26, w=7) ➡️  SNA_SEA_9239_9448_(u=4672, v=27, w=7) ➡️  SEA_BUR_9508_9638_(u=4779, v=28, w=7) ➡️  BUR_SEA_9709_9913_(u=4941, v=29, w=7) ➡️  t_(u=0, v=0, w=0)

🛩️ Aircraft N587AS path (24 nodes): s_(u=0, v=0, w=0) ➡️  N587AS_(u=0, v=0, w=1) ➡️  JNU_SEA_310_514_(u=116, v=1, w=1) ➡️  SEA_PIT_580_1048_(u=374, v=2, w=1) ➡️  PIT_SEA_1104_1236_(u=648, v=3, w=1) ➡️  SEA_SLC_1846_2021_(u=744, v=4, w=2) ➡️  SLC_SEA_2122_2206_(u=845, v=5, w=2) ➡️  SEA_SBA_2265_2429_(u=976, v=6, w=2) ➡️  SBA_SEA_2482_2633_(u=1092, v=7, w=2) ➡️  SEA_PDX_2732_2790_(u=1121, v=8, w=2) ➡️  PDX_SEA_3178_3252_(u=1157, v=9, w=3) ➡️  SEA_ANC_3375_3530_(u=1348, v=10, w=3) ➡️  ANC_SEA_3593_3853_(u=1531, v=11, w=3) ➡️  SEA_ONT_3941_4070_(u=1641, v=12, w=3) ➡️  ONT_SEA_4675_4856_(u=1797, v=13, w=4) ➡️  SEA_DCA_4891_5368_(u=2068, v=14, w=4) ➡️  DCA_SEA_5437_5593_(u=2383, v=15, w=4) ➡️  SEA_LIH_6321_6593_(u=2744, v=16, w=5) ➡️  LIH_SEA_6647_7117_(u=3060, v=17, w=5) ➡️  SEA_PDX_7152_7210_(u=3089, v=18, w=5) ➡️  PDX_SEA_7495_7564_(u=3121, v=19, w=6) ➡️  SEA_LIH_7702_8038_(u=3453, v=20, w=6) ➡️  LIH_SEA_8108_8604_(u=3793, v=21, w=6) ➡️  SEA_SAN_9117_9279_(u=3907, v=22, w=7) ➡️  SAN_MCO_9359_9801_(u=4143, v=23, w=7) ➡️  MCO_SEA_9867_10065_(u=4489, v=24, w=7) ➡️  t_(u=0, v=0, w=0)

🛩️ Aircraft N284AK path (26 nodes): s_(u=0, v=0, w=0) ➡️  N284AK_(u=0, v=0, w=1) ➡️  PHX_PDX_356_453_(u=138, v=1, w=1) ➡️  PDX_FLL_541_1050_(u=449, v=2, w=1) ➡️  FLL_SFO_1118_1320_(u=802, v=3, w=1) ➡️  SFO_FLL_1383_1870_(u=1079, v=4, w=1) ➡️  FLL_PDX_2018_2231_(u=1440, v=5, w=2) ➡️  PDX_JFK_2322_2828_(u=1728, v=6, w=2) ➡️  JFK_PSP_3414_3583_(u=2053, v=7, w=3) ➡️  PSP_SEA_3697_3873_(u=2207, v=8, w=3) ➡️  SEA_PHX_4087_4345_(u=2343, v=9, w=3) ➡️  PHX_SEA_4706_4849_(u=2522, v=10, w=4) ➡️  SEA_CLE_4925_5380_(u=2757, v=11, w=4) ➡️  CLE_SEA_5435_5585_(u=3033, v=12, w=4) ➡️  SEA_SLC_6187_6360_(u=3125, v=13, w=5) ➡️  SLC_SEA_6449_6557_(u=3237, v=14, w=5) ➡️  SEA_PHX_6669_6910_(u=3370, v=15, w=5) ➡️  PHX_SEA_6965_7117_(u=3549, v=16, w=5) ➡️  SEA_SNA_7578_7729_(u=3674, v=17, w=6) ➡️  SNA_SEA_7783_7960_(u=3834, v=18, w=6) ➡️  SEA_PHX_8018_8241_(u=3972, v=19, w=6) ➡️  PHX_ANC_8336_8626_(u=4349, v=20, w=6) ➡️  ANC_SEA_8684_8926_(u=4507, v=21, w=7) ➡️  SEA_SFO_8995_9134_(u=4595, v=22, w=7) ➡️  SFO_JAC_9215_9444_(u=4744, v=23, w=7) ➡️  JAC_SFO_9493_9582_(u=4856, v=24, w=7) ➡️  SFO_PDX_9628_9744_(u=4952, v=25, w=7) ➡️  PDX_SFO_9826_9943_(u=5027, v=26, w=7) ➡️  t_(u=0, v=0, w=0)

🛩️ Aircraft N320AS path (29 nodes): s_(u=0, v=0, w=0) ➡️  N320AS_(u=0, v=0, w=1) ➡️  SJC_SEA_364_507_(u=106, v=1, w=1) ➡️  SEA_PHX_570_794_(u=247, v=2, w=1) ➡️  PHX_SEA_857_991_(u=412, v=3, w=1) ➡️  SEA_BUR_1045_1181_(u=530, v=4, w=1) ➡️  BUR_SEA_1268_1435_(u=668, v=5, w=1) ➡️  SEA_ORD_1795_2159_(u=878, v=6, w=2) ➡️  ORD_PDX_2215_2349_(u=1113, v=7, w=2) ➡️  PDX_ONT_2434_2569_(u=1235, v=8, w=2) ➡️  ONT_PDX_2628_2754_(u=1346, v=9, w=2) ➡️  PDX_ANC_2866_3034_(u=1549, v=10, w=2) ➡️  ANC_SEA_3168_3438_(u=1731, v=11, w=3) ➡️  SEA_IAD_3504_3971_(u=1996, v=12, w=3) ➡️  IAD_SEA_4030_4189_(u=2305, v=13, w=3) ➡️  SEA_SMF_4248_4369_(u=2386, v=14, w=3) ➡️  SMF_SEA_4703_4832_(u=2485, v=15, w=4) ➡️  SEA_PIT_4922_5383_(u=2729, v=16, w=4) ➡️  PIT_SEA_5447_5576_(u=3017, v=17, w=4) ➡️  SEA_SMF_5645_5755_(u=3098, v=18, w=4) ➡️  SMF_SEA_6112_6231_(u=3194, v=19, w=5) ➡️  SEA_ATL_6289_6758_(u=3460, v=20, w=5) ➡️  ATL_SEA_6839_6970_(u=3751, v=21, w=5) ➡️  SEA_SMF_7089_7200_(u=3837, v=22, w=5) ➡️  SMF_SEA_7553_7682_(u=3933, v=23, w=6) ➡️  SEA_FLL_7746_8300_(u=4253, v=24, w=6) ➡️  FLL_SEA_8359_8570_(u=4612, v=25, w=6) ➡️  SEA_MSP_9120_9435_(u=4787, v=26, w=7) ➡️  MSP_SEA_9512_9628_(u=4977, v=27, w=7) ➡️  SEA_PHX_9672_9885_(u=5111, v=28, w=7) ➡️  PHX_SEA_9941_10089_(u=5295, v=29, w=7) ➡️  t_(u=0, v=0, w=0)

🛩️ Aircraft N277AK path (29 nodes): s_(u=0, v=0, w=0) ➡️  N277AK_(u=3892, v=33, w=7) ➡️  SEA_FAT_375_503_(u=4005, v=34, w=7) ➡️  FAT_SEA_559_687_(u=4113, v=35, w=7) ➡️  SEA_ANC_799_933_(u=4291, v=36, w=7) ➡️  ANC_SEA_1062_1344_(u=4479, v=37, w=7) ➡️  SEA_SJC_1855_1984_(u=4589, v=38, w=8) ➡️  SJC_SEA_2047_2171_(u=4686, v=39, w=8) ➡️  SEA_SJC_2247_2382_(u=4803, v=40, w=8) ➡️  SJC_SEA_2432_2554_(u=4898, v=41, w=8) ➡️  SEA_LAS_3342_3511_(u=5026, v=42, w=9) ➡️  LAS_SEA_3563_3728_(u=5161, v=43, w=9) ➡️  SEA_ATL_3841_4313_(u=5425, v=44, w=9) ➡️  ATL_SEA_4752_4910_(u=5712, v=45, w=10) ➡️  SEA_RDM_4991_5054_(u=5750, v=46, w=10) ➡️  RDM_SEA_5133_5199_(u=5798, v=47, w=10) ➡️  SEA_ANC_5295_5444_(u=5987, v=48, w=10) ➡️  ANC_JNU_6410_6511_(u=83, v=1, w=1) ➡️  JNU_PSG_6558_6607_(u=113, v=2, w=1) ➡️  PSG_WRG_6650_6684_(u=129, v=3, w=1) ➡️  WRG_KTN_6726_6760_(u=151, v=4, w=1) ➡️  KTN_SEA_6808_6973_(u=241, v=5, w=1) ➡️  SEA_DFW_7182_7527_(u=438, v=6, w=1) ➡️  DFW_SEA_7641_7776_(u=664, v=7, w=2) ➡️  SEA_MCI_7916_8251_(u=849, v=8, w=2) ➡️  MCI_SEA_8308_8432_(u=1049, v=9, w=2) ➡️  SEA_JNU_8494_8605_(u=1195, v=10, w=2) ➡️  JNU_SEA_9259_9463_(u=1294, v=11, w=3) ➡️  SEA_DEN_9579_9790_(u=1424, v=12, w=3) ➡️  DEN_SEA_9846_9966_(u=1579, v=13, w=3) ➡️  SEA_FAI_10053_10220_(u=1783, v=14, w=3) ➡️  t_(u=0, v=0, w=0)

🛠️ Maintenance at node SEA_DFW_7967_8313 by aircraft N585AS | ρ=15; λ=-1; φ=0
🛠️ Maintenance at node ANC_JNU_6410_6511 by aircraft N277AK | ρ=13; λ=2; φ=0

Nombre de maintenances au total: 1.9999984238811077
Stations de maintenance utilisées: Any["SEA", "ANC"]
Nombre de stations de maintenance utilisées: 2
