INSTANCE 196FL_7A_5
PREPROCESSING : false
-----------------------INSTANCE 196FL_7A_5--------------------------
Gurobi 12.0.2 (linux64) logging started Sun Nov 30 17:14:43 2025

Set parameter LogFile to value "RESULTS_EXP/A_MTN_2/FH_DY_MAX/result_196FL_7A_5_without_prep.txt"
Set parameter LogToConsole to value 0

Gurobi 12.0.2 (linux64) logging started Sun Nov 30 17:14:45 2025

Set parameter LogFile to value "RESULTS_EXP/A_MTN_2/FH_DY_MAX/result_196FL_7A_5_without_prep.txt"
Gurobi Optimizer version 12.0.2 build v12.0.2rc0 (linux64 - "AlmaLinux 9.6 (Sage Margay)")

CPU model: Intel(R) Xeon(R) 6972P, instruction set [SSE2|AVX|AVX2|AVX512]
Thread count: 192 physical cores, 192 logical processors, using up to 8 threads

Non-default parameters:
TimeLimit  7200
LogToConsole  0
Threads  8

Optimize a model with 6153 rows, 1752 columns and 22852 nonzeros
Model fingerprint: 0xb6824a3e
Variable types: 510 continuous, 1242 integer (1142 binary)
Coefficient statistics:
  Matrix range     [1e+00, 6e+03]
  Objective range  [1e+00, 1e+03]
  Bounds range     [1e+01, 6e+03]
  RHS range        [1e+00, 6e+03]
Presolve removed 1983 rows and 651 columns
Presolve time: 0.06s
Presolved: 4170 rows, 1101 columns, 24454 nonzeros
Variable types: 229 continuous, 872 integer (803 binary)

Root relaxation: objective 0.000000e+00, 641 iterations, 0.02 seconds (0.02 work units)

    Nodes    |    Current Node    |     Objective Bounds      |     Work
 Expl Unexpl |  Obj  Depth IntInf | Incumbent    BestBd   Gap | It/Node Time

     0     0    0.00000    0    2          -    0.00000      -     -    0s
H    0     0                    12409.000000    0.00000   100%     -    0s
H    0     0                    7922.0000000    0.00000   100%     -    0s
H    0     0                    7707.0000000    0.00000   100%     -    0s
     0     0    0.00000    0    3 7707.00000    0.00000   100%     -    0s
H    0     0                    5744.0000000    0.00000   100%     -    0s
     0     0    0.00000    0    2 5744.00000    0.00000   100%     -    0s
     0     0    0.00000    0    7 5744.00000    0.00000   100%     -    0s
H    0     0                    2782.0000000    0.00000   100%     -    0s
     0     0    0.00000    0    7 2782.00000    0.00000   100%     -    0s
     0     0    0.00000    0    6 2782.00000    0.00000   100%     -    0s
     0     0    0.00000    0    6 2782.00000    0.00000   100%     -    0s
     0     0    0.00000    0    6 2782.00000    0.00000   100%     -    0s
     0     0    0.00000    0    6 2782.00000    0.00000   100%     -    0s
     0     0    0.00000    0    2 2782.00000    0.00000   100%     -    0s
     0     0    0.00000    0    6 2782.00000    0.00000   100%     -    0s
     0     0    0.00000    0    6 2782.00000    0.00000   100%     -    0s
     0     0    0.00000    0    6 2782.00000    0.00000   100%     -    0s
     0     0    0.00000    0    7 2782.00000    0.00000   100%     -    0s
     0     0    0.00000    0    7 2782.00000    0.00000   100%     -    0s
     0     0    0.00000    0    7 2782.00000    0.00000   100%     -    0s
     0     0    0.00000    0    7 2782.00000    0.00000   100%     -    0s
     0     2    0.00000    0    7 2782.00000    0.00000   100%     -    0s
H  175   168                    2345.0000000    0.00000   100%  31.0    0s
H  540   462                    2291.0000000    0.00000   100%  29.0    1s
H  657   462                    2262.0000000    0.00000   100%  28.6    1s
*  699   645              52    1400.0000000    0.00000   100%  29.2    1s
*  845   637              51    1199.0000000    0.00000   100%  30.4    1s
H 1131   701                    1154.0000000    0.00000   100%  29.4    1s
H 1131   701                    1153.0000000    0.00000   100%  29.4    1s
H 1134   701                    1140.0000000    0.00000   100%  29.4    1s
H 1479   940                    1139.0000000    0.00000   100%  27.6    1s
H 1966  1058                    1117.0000000    0.00000   100%  28.2    1s
H 1982  1058                    1113.0000000    0.00000   100%  28.5    1s
H 2472  1126                    1080.0000000    0.00000   100%  28.8    1s
H 4490  1640                    1079.0000000    0.00000   100%  32.6    3s
* 4632  1375              63      36.0000000    0.00000   100%  32.6    3s
H 4822  1352                      31.0000000    0.00000   100%  33.1    3s
* 5832  1211              55      22.0000000    0.00000   100%  35.2    3s
* 5956  1279              53      18.0000000    0.00000   100%  35.0    4s
* 6890  1387              72       8.0000000    0.00000   100%  36.1    4s
  8992  1809    0.00000   32   17    8.00000    0.00000   100%  41.3    5s
H11199  2358                       8.0000000    0.00000   100%  45.7    6s
 16774  3388 infeasible   50         8.00000    0.00000   100%  51.3   10s
H17463  3174                       8.0000000    0.00000   100%  51.4   10s
H27704  3067                       8.0000000    0.00000   100%  54.9   14s
 30210  3358 infeasible   55         8.00000    0.00000   100%  55.0   15s
*36499  3888              74       7.0000000    0.00000   100%  56.0   17s
H37472  3918                       6.0000000    0.00000   100%  56.1   17s
H39307  3988                       6.0000000    0.00000   100%  56.1   18s
 43601  4492    0.00000   52   40    6.00000    0.00000   100%  56.1   22s
 51312  5064    0.00000   58   18    6.00000    0.00000   100%  55.6   25s
 67658  5892 infeasible   54         6.00000    0.00000   100%  54.7   30s
 83055  6857    0.00000   55    6    6.00000    0.00000   100%  54.8   35s
H91905  7272                       6.0000000    0.00000   100%  54.8   38s
 97440  7794 infeasible   53         6.00000    0.00000   100%  55.0   40s
 111767 10085    0.00000   47   25    6.00000    0.00000   100%  56.0   45s
H119621 11499                       6.0000000    0.00000   100%  56.2   47s
 127963 12914    0.00000   54    5    6.00000    0.00000   100%  56.2   50s
 144763 16166    0.00000   54    5    6.00000    0.00000   100%  55.6   55s
H146839 16414                       6.0000000    0.00000   100%  55.5   55s
H158357 17426                       6.0000000    0.00000   100%  55.2   58s
 160213 17569    0.00000   50   26    6.00000    0.00000   100%  55.2   60s
 177392 18307    0.00000   52   18    6.00000    0.00000   100%  54.5   65s
 195205 18827 infeasible   62         6.00000    0.00000   100%  53.9   70s
 214084 19484    0.00000   62   16    6.00000    0.00000   100%  53.1   75s
 235680 19929 infeasible   64         6.00000    0.00000   100%  52.0   80s
 252659 20392 infeasible   69         6.00000    0.00000   100%  51.3   85s
 271966 21285    0.00000   62   18    6.00000    0.00000   100%  50.9   90s
 291009 22884 infeasible   37         6.00000    0.00000   100%  50.7   95s
 307057 24623    0.00000   54    9    6.00000    0.00000   100%  50.9  100s
 323662 27396    0.00000   45   19    6.00000    0.00000   100%  51.0  105s
 341056 30640 infeasible   63         6.00000    0.00000   100%  50.8  110s
H361086 35005                       6.0000000    0.00000   100%  50.2  114s
 362464 35497    5.00000   66   23    6.00000    0.00000   100%  50.1  115s
 383646 39820    5.00000   63   21    6.00000    0.00000   100%  49.7  120s
 401860 43608    0.00000   51   26    6.00000    0.00000   100%  49.3  125s
 418911 46174 infeasible   56         6.00000    0.00000   100%  49.3  130s
 437995 47379 infeasible   63         6.00000    0.00000   100%  49.3  135s
 454447 48312    0.00000   63    4    6.00000    0.00000   100%  49.4  140s
 471145 48785    0.00000   59   25    6.00000    0.00000   100%  49.4  145s
 487914 50076 infeasible   49         6.00000    0.00000   100%  49.4  150s
 502968 51264    5.00000   53   25    6.00000    0.00000   100%  49.6  155s
 518112 52192    0.00000   63   13    6.00000    0.00000   100%  49.5  160s
 536080 52779 infeasible   56         6.00000    0.00000   100%  49.5  165s
 550145 53214    0.00000   49   23    6.00000    0.00000   100%  49.5  170s
 568758 54243    0.00000   54   19    6.00000    0.00000   100%  49.4  175s
 585190 55068 infeasible   64         6.00000    0.00000   100%  49.3  180s
 600551 55995    0.00000   56   14    6.00000    0.00000   100%  49.4  185s
 613587 57175    0.00000   71   19    6.00000    0.00000   100%  49.6  190s
 630046 58769    0.00000   61   24    6.00000    0.00000   100%  49.8  195s
 645851 59987    0.00000   54    9    6.00000    0.00000   100%  49.7  200s
 663033 60884 infeasible   57         6.00000    0.00000   100%  49.7  205s
 678477 61649 infeasible   49         6.00000    0.00000   100%  49.7  210s
 693982 63801    0.00000   61   36    6.00000    0.00000   100%  49.8  215s
 709080 65889    0.00000   51   25    6.00000    0.00000   100%  49.9  220s
 721489 67859    5.00000   51   28    6.00000    0.00000   100%  50.0  225s
 738941 70888    0.00000   48   17    6.00000    0.00000   100%  49.9  230s
 758919 73245    0.00000   44   15    6.00000    0.00000   100%  49.7  235s
 775785 74135 infeasible   54         6.00000    0.00000   100%  49.5  240s
 795022 75397 infeasible   57         6.00000    0.00000   100%  49.5  245s
 809763 76041    5.00000   56   32    6.00000    0.00000   100%  49.4  250s
 826797 76607    0.00000   57    8    6.00000    0.00000   100%  49.4  255s
 842980 77575    0.00000   54   13    6.00000    0.00000   100%  49.5  260s
 858795 78768 infeasible   74         6.00000    0.00000   100%  49.4  265s
 874458 79398    0.00000   54    4    6.00000    0.00000   100%  49.4  270s
 891149 79851    0.00000   70   14    6.00000    0.00000   100%  49.4  275s
 907370 80608    0.00000   54   12    6.00000    0.00000   100%  49.4  280s
 923333 81849 infeasible   67         6.00000    0.00000   100%  49.4  285s
 935825 82757    0.00000   54    4    6.00000    0.00000   100%  49.5  290s
 952837 83954 infeasible   67         6.00000    0.00000   100%  49.6  295s
 965525 84585 infeasible   54         6.00000    0.00000   100%  49.7  300s
 982463 85855 infeasible   52         6.00000    0.00000   100%  49.6  305s
 995572 86519    0.00000   62   27    6.00000    0.00000   100%  49.7  310s
H1002359 86724                       5.9957738    0.00000   100%  49.9  312s
 1008307 86904    0.00000   57   22    5.99577    0.00000   100%  50.0  315s
 1019120 87055 infeasible   57         5.99577    0.00000   100%  50.2  320s
 1032760 87456 infeasible   64         5.99577    0.00000   100%  50.3  325s
 1048359 88012 infeasible   64         5.99577    0.00000   100%  50.4  330s
 1066391 88234 infeasible   59         5.99577    0.00000   100%  50.3  335s
 1082153 88740    0.00000   60   31    5.99577    0.00000   100%  50.3  340s
 1100399 89536 infeasible   60         5.99577    0.00000   100%  50.3  345s
 1118760 90112 infeasible   66         5.99577    0.00000   100%  50.1  350s
 1138994 91093    0.00000   47   37    5.99577    0.00000   100%  50.0  355s
 1156850 91848    0.00000   60   26    5.99577    0.00000   100%  49.9  360s
 1172072 92167 infeasible   63         5.99577    0.00000   100%  49.8  365s
 1190923 92496 infeasible   70         5.99577    0.00000   100%  49.7  370s
 1208485 93092 infeasible   60         5.99577    0.00000   100%  49.7  375s
 1226921 93691 infeasible   66         5.99577    0.00000   100%  49.5  380s
 1247193 94264    0.00000   51   23    5.99577    0.00000   100%  49.4  385s
 1263632 95056 infeasible   60         5.99577    0.00000   100%  49.4  390s
 1284002 95761 infeasible   54         5.99577    0.00000   100%  49.2  395s
 1300879 96168 infeasible   65         5.99577    0.00000   100%  49.2  400s
 1319466 97270 infeasible   58         5.99577    0.00000   100%  49.1  405s
 1336739 98499 infeasible   62         5.99577    0.00000   100%  49.0  410s
 1351751 98991 infeasible   55         5.99577    0.00000   100%  49.0  415s
 1370436 100292 infeasible   54         5.99577    0.00000   100%  49.0  420s
 1384891 100727    0.00000   56   29    5.99577    0.00000   100%  49.0  425s
 1404287 101377 infeasible   59         5.99577    0.00000   100%  48.9  430s
 1419645 101660 infeasible   61         5.99577    0.00000   100%  48.9  435s
 1439095 101776 infeasible   53         5.99577    0.00000   100%  48.9  440s
 1456150 102311    0.00000   44    5    5.99577    0.00000   100%  48.8  445s
 1474731 102483    0.00000   54   11    5.99577    0.00000   100%  48.8  450s
 1490765 102675    0.00000   63   17    5.99577    0.00000   100%  48.8  455s
 1506429 103026 infeasible   62         5.99577    0.00000   100%  48.9  460s
 1523055 103654    0.00000   58   23    5.99577    0.00000   100%  48.8  465s
 1544649 103847    0.00000   62   13    5.99577    0.00000   100%  48.7  470s
 1564178 103711 infeasible   66         5.99577    0.00000   100%  48.6  475s
 1582641 103714    0.00000   64   17    5.99577    0.00000   100%  48.5  480s
 1604226 103743    0.00000   61   36    5.99577    0.00000   100%  48.4  485s
 1623767 103681 infeasible   61         5.99577    0.00000   100%  48.3  490s
 1648221 103749    0.00000   56   26    5.99577    0.00000   100%  48.1  495s
 1670005 103686 infeasible   64         5.99577    0.00000   100%  48.0  500s
 1691013 103654 infeasible   59         5.99577    0.00000   100%  47.8  505s
 1714437 103890    0.00000   67   14    5.99577    0.00000   100%  47.7  510s
 1733876 103851 infeasible   64         5.99577    0.00000   100%  47.5  515s
 1758133 103611 infeasible   59         5.99577    0.00000   100%  47.4  520s
 1776467 103825 infeasible   64         5.99577    0.00000   100%  47.3  525s
 1801053 104031    0.00000   57   15    5.99577    0.00000   100%  47.1  530s
 1821464 104027 infeasible   60         5.99577    0.00000   100%  47.0  535s
 1843520 104152    0.00000   51   32    5.99577    0.00000   100%  46.9  540s
 1862616 104081 infeasible   53         5.99577    0.00000   100%  46.8  545s
 1885328 103907    0.00000   64    6    5.99577    0.00000   100%  46.7  550s
 1906503 103848 infeasible   61         5.99577    0.00000   100%  46.6  555s
 1931324 104126 infeasible   66         5.99577    0.00000   100%  46.4  560s
 1950900 104101    0.00000   61   32    5.99577    0.00000   100%  46.3  565s
 1971822 103878    0.00000   63    1    5.99577    0.00000   100%  46.3  570s
 1990435 104879 infeasible   52         5.99577    0.00000   100%  46.3  575s
 2003391 106418 infeasible   64         5.99577    0.00000   100%  46.3  580s
 2018858 107510 infeasible   64         5.99577    0.00000   100%  46.4  585s
 2032939 108173    0.00000   60   31    5.99577    0.00000   100%  46.4  590s
 2050831 108608    0.00000   70   18    5.99577    0.00000   100%  46.4  595s
 2068283 109062    0.00000   67   15    5.99577    0.00000   100%  46.4  600s
 2087154 109695    0.00000   55   21    5.99577    0.00000   100%  46.4  605s
 2104624 110074 infeasible   64         5.99577    0.00000   100%  46.4  610s
 2121146 110409    0.00000   70   24    5.99577    0.00000   100%  46.4  615s
 2141492 110894    0.00000   56   32    5.99577    0.00000   100%  46.3  620s
 2158085 111460    0.00000   55    4    5.99577    0.00000   100%  46.3  625s
 2178187 111908 infeasible   64         5.99577    0.00000   100%  46.3  630s
 2195838 111872 infeasible   64         5.99577    0.00000   100%  46.3  635s
 2214021 111773 infeasible   64         5.99577    0.00000   100%  46.3  640s
 2230847 111906    0.00000   63    8    5.99577    0.00000   100%  46.3  645s
 2251133 111831    0.00000   67   21    5.99577    0.00000   100%  46.3  650s
 2269501 111693    0.00000   53    1    5.99577    0.00000   100%  46.3  655s
 2286717 111650    0.00000   70   16    5.99577    0.00000   100%  46.2  660s
 2306395 111750 infeasible   63         5.99577    0.00000   100%  46.2  665s
 2323008 111872    0.00000   61   24    5.99577    0.00000   100%  46.2  670s
 2341910 112638    1.00000   63   23    5.99577    0.00000   100%  46.2  675s
 2361351 113854    0.00000   44    3    5.99577    0.00000   100%  46.2  680s
 2375527 115044    1.00000   55   24    5.99577    0.00000   100%  46.2  685s
 2393017 116685 infeasible   56         5.99577    0.00000   100%  46.2  690s
H2400265 117318                       5.9747137    0.00000   100%  46.2  692s
 2408977 117894 infeasible   64         5.97471    0.00000   100%  46.2  695s
 2426342 118828    0.00000   67   15    5.97471    0.00000   100%  46.2  700s
 2444077 119555    0.00000   63   22    5.97471    0.00000   100%  46.2  705s
 2464345 119961    0.00000   70   15    5.97471    0.00000   100%  46.2  710s
 2481548 120527    0.00000   49   41    5.97471    0.00000   100%  46.2  715s
 2498931 120644 infeasible   55         5.97471    0.00000   100%  46.2  720s
 2515096 120814 infeasible   54         5.97471    0.00000   100%  46.2  725s
 2531862 121001    0.00000   53    4    5.97471    0.00000   100%  46.3  730s
 2551718 121339    0.00000   54   10    5.97471    0.00000   100%  46.2  735s
 2571284 121515    0.00000   64    4    5.97471    0.00000   100%  46.2  740s
 2588864 121522 infeasible   64         5.97471    0.00000   100%  46.2  745s
 2608944 121238 infeasible   51         5.97471    0.00000   100%  46.2  750s
 2626267 121146 infeasible   64         5.97471    0.00000   100%  46.2  755s
 2645415 121100 infeasible   56         5.97471    0.00000   100%  46.2  760s
 2665347 121100    0.00000   56   20    5.97471    0.00000   100%  46.1  765s
 2683669 120943 infeasible   63         5.97471    0.00000   100%  46.1  770s
 2701036 121012    0.00000   51   24    5.97471    0.00000   100%  46.1  775s
 2722023 121080 infeasible   57         5.97471    0.00000   100%  46.1  780s
 2742864 120966    0.00000   63    6    5.97471    0.00000   100%  46.1  785s
 2756199 120980    0.00000   56   18    5.97471    0.00000   100%  46.1  791s
 2774011 120999    0.00000   52   33    5.97471    0.00000   100%  46.1  795s
 2787603 120953 infeasible   64         5.97471    0.00000   100%  46.2  800s
 2805434 120949    0.00000   53    3    5.97471    0.00000   100%  46.3  805s
 2822345 121031 infeasible   68         5.97471    0.00000   100%  46.3  810s
 2837795 121204 infeasible   45         5.97471    0.00000   100%  46.3  815s
 2852366 121322 infeasible   57         5.97471    0.00000   100%  46.4  820s
 2870042 122725 infeasible   63         5.97471    0.00000   100%  46.4  825s
 2888170 125340 infeasible   62         5.97471    0.00000   100%  46.4  830s
 2914284 129600    5.00000   68   12    5.97471    0.00000   100%  46.3  835s
 2945160 134625    0.00000   61   33    5.97471    0.00000   100%  46.1  840s
 2966787 137806    0.00000   51   34    5.97471    0.00000   100%  46.0  845s
 2988376 139711    0.00000   65   27    5.97471    0.00000   100%  46.0  850s
 3007227 141801    5.00000   53   18    5.97471    0.00000   100%  46.0  855s
 3026581 143001 infeasible   59         5.97471    0.00000   100%  46.0  860s
 3046299 144308    0.00000   48   10    5.97471    0.00000   100%  46.0  865s
 3063323 145921    0.00000   66   17    5.97471    0.00000   100%  46.0  870s
 3084058 146895    0.00000   60   30    5.97471    0.00000   100%  46.0  875s
 3100815 147488 infeasible   62         5.97471    0.00000   100%  46.0  880s
 3121791 148398    0.00000   58   16    5.97471    0.00000   100%  46.0  885s
 3137144 149697    0.00000   58   20    5.97471    0.00000   100%  46.0  890s
 3158303 150587    0.00000   72   22    5.97471    0.00000   100%  46.0  895s
 3178624 151028    0.00000   70    9    5.97471    0.00000   100%  46.0  900s
 3198520 151192 infeasible   74         5.97471    0.00000   100%  45.9  905s
 3220032 151928    0.00000   57   16    5.97471    0.00000   100%  45.9  910s
 3235980 152890 infeasible   61         5.97471    0.00000   100%  45.9  915s
 3256404 154620 infeasible   63         5.97471    0.00000   100%  45.9  920s
 3274844 155503    0.00000   53    1    5.97471    0.00000   100%  45.9  925s
 3293347 156174 infeasible   67         5.97471    0.00000   100%  45.9  930s
 3312623 156520    0.00000   63   24    5.97471    0.00000   100%  45.9  935s
 3329883 157333 infeasible   50         5.97471    0.00000   100%  45.9  940s
 3341679 158009 infeasible   63         5.97471    0.00000   100%  46.0  945s
 3355889 158841 infeasible   68         5.97471    0.00000   100%  46.1  950s
 3371357 159933    0.00000   63    4    5.97471    0.00000   100%  46.1  955s
 3388214 161471    0.00000   54   13    5.97471    0.00000   100%  46.2  960s
 3405914 162800    0.00000   66   18    5.97471    0.00000   100%  46.2  965s
 3424481 163565    0.00000   38   21    5.97471    0.00000   100%  46.2  970s
 3441666 164775 infeasible   61         5.97471    0.00000   100%  46.2  975s
 3460325 166802    5.00000   53   31    5.97471    0.00000   100%  46.2  980s
 3482665 168861 infeasible   58         5.97471    0.00000   100%  46.2  985s
 3500091 170318    0.00000   60   14    5.97471    0.00000   100%  46.2  990s
 3517833 171370    0.00000   54   39    5.97471    0.00000   100%  46.2  995s
 3537101 172791    0.00000   62   22    5.97471    0.00000   100%  46.2 1000s
 3558109 173526 infeasible   64         5.97471    0.00000   100%  46.2 1005s
 3576730 174316    0.00000   62   38    5.97471    0.00000   100%  46.2 1010s
 3593879 174709 infeasible   62         5.97471    0.00000   100%  46.2 1015s
 3611347 175115    0.00000   60   12    5.97471    0.00000   100%  46.2 1020s
 3629649 175565    1.00000   52   42    5.97471    0.00000   100%  46.2 1025s
 3649648 176007 infeasible   59         5.97471    0.00000   100%  46.2 1030s
 3668983 176523 infeasible   44         5.97471    0.00000   100%  46.2 1035s
 3687052 176970 infeasible   60         5.97471    0.00000   100%  46.2 1040s
 3707254 177197 infeasible   64         5.97471    0.00000   100%  46.2 1045s
 3725741 177598 infeasible   53         5.97471    0.00000   100%  46.2 1050s
 3743434 178250 infeasible   71         5.97471    0.00000   100%  46.2 1055s
 3759998 178832    0.00000   57   26    5.97471    0.00000   100%  46.2 1060s
 3778706 180442    0.00000   67   24    5.97471    0.00000   100%  46.2 1065s
 3801184 182380    5.00000   53   20    5.97471    0.00000   100%  46.2 1070s
 3817447 183250 infeasible   58         5.97471    0.00000   100%  46.2 1075s
 3835899 183647    0.00000   44   11    5.97471    0.00000   100%  46.2 1080s
 3853784 183822    0.00000   57   29    5.97471    0.00000   100%  46.2 1085s
 3875727 184113    0.00000   50   29    5.97471    0.00000   100%  46.2 1090s
 3894584 184284    0.00000   74   20    5.97471    0.00000   100%  46.2 1095s
 3913972 184389 infeasible   54         5.97471    0.00000   100%  46.1 1100s
 3933109 184635    0.00000   50   36    5.97471    0.00000   100%  46.1 1105s
 3954772 184713 infeasible   65         5.97471    0.00000   100%  46.1 1110s
 3973306 184880 infeasible   62         5.97471    0.00000   100%  46.1 1115s
 3993470 185361    0.00000   71   21    5.97471    0.00000   100%  46.1 1120s
 4013175 185756 infeasible   64         5.97471    0.00000   100%  46.1 1125s
 4031240 187442 infeasible   58         5.97471    0.00000   100%  46.1 1130s
 4051476 189227 infeasible   69         5.97471    0.00000   100%  46.1 1135s
 4075899 191712    0.00000   54   10    5.97471    0.00000   100%  46.0 1140s
 4095430 193287 infeasible   67         5.97471    0.00000   100%  46.0 1145s
 4125104 194295    0.00000   58    8    5.97471    0.00000   100%  45.9 1150s
 4151587 195784    0.00000   62   14    5.97471    0.00000   100%  45.8 1155s
 4173282 197023 infeasible   73         5.97471    0.00000   100%  45.7 1160s
 4194654 197436    0.00000   66   29    5.97471    0.00000   100%  45.7 1165s
 4214224 197495    0.00000   58   18    5.97471    0.00000   100%  45.7 1170s
 4237484 197810 infeasible   64         5.97471    0.00000   100%  45.6 1175s
 4257052 198692    0.00000   54    4    5.97471    0.00000   100%  45.6 1180s
 4276522 198977    0.00000   55    6    5.97471    0.00000   100%  45.6 1185s
 4295539 198967 infeasible   64         5.97471    0.00000   100%  45.6 1190s
 4315539 199244    0.00000   58   22    5.97471    0.00000   100%  45.6 1195s
 4338759 200109 infeasible   64         5.97471    0.00000   100%  45.5 1200s
 4361761 201048 infeasible   60         5.97471    0.00000   100%  45.5 1205s
 4384717 201621    5.00000   48   27    5.97471    0.00000   100%  45.5 1210s
 4410602 201667    0.00000   56   19    5.97471    0.00000   100%  45.4 1215s
 4431643 202231 infeasible   67         5.97471    0.00000   100%  45.4 1220s
 4456460 204030    0.00000   35   22    5.97471    0.00000   100%  45.3 1225s
 4476247 206065 infeasible   61         5.97471    0.00000   100%  45.3 1230s
 4495276 207381    0.00000   62   24    5.97471    0.00000   100%  45.3 1235s
 4512263 208155 infeasible   54         5.97471    0.00000   100%  45.3 1240s
 4529776 208802 infeasible   54         5.97471    0.00000   100%  45.3 1245s
 4549734 209184    0.00000   54    4    5.97471    0.00000   100%  45.3 1250s
 4569023 209374    0.00000   59   28    5.97471    0.00000   100%  45.3 1255s
 4589259 209273    0.00000   64    7    5.97471    0.00000   100%  45.3 1260s
 4613363 209102    0.00000   52   18    5.97471    0.00000   100%  45.2 1265s
 4633761 208859 infeasible   64         5.97471    0.00000   100%  45.2 1270s
 4652159 208696 infeasible   68         5.97471    0.00000   100%  45.2 1275s
 4673510 208773    0.00000   78   23    5.97471    0.00000   100%  45.2 1280s
 4696202 208795    0.00000   64    4    5.97471    0.00000   100%  45.1 1285s
 4717587 208685    0.00000   59    7    5.97471    0.00000   100%  45.1 1290s
 4738699 208514    0.00000   60   24    5.97471    0.00000   100%  45.1 1295s
 4758710 208649    0.00000   50   27    5.97471    0.00000   100%  45.1 1300s
 4781061 208546 infeasible   64         5.97471    0.00000   100%  45.0 1305s
 4800785 208499 infeasible   61         5.97471    0.00000   100%  45.0 1310s
 4817574 208582    0.00000   61   18    5.97471    0.00000   100%  45.0 1315s
 4837150 208904    0.00000   62   26    5.97471    0.00000   100%  45.0 1320s
 4857192 208869    0.00000   73   14    5.97471    0.00000   100%  45.0 1325s
 4878370 209015    0.00000   50   35    5.97471    0.00000   100%  45.0 1330s
 4897233 209290    0.00000   51   24    5.97471    0.00000   100%  45.0 1335s
 4916248 209319    0.00000   58   32    5.97471    0.00000   100%  45.0 1340s
 4937772 209169    0.00000   74    4    5.97471    0.00000   100%  45.0 1345s
 4955535 209209 infeasible   54         5.97471    0.00000   100%  45.0 1350s
 4973855 209208    0.00000   58   25    5.97471    0.00000   100%  45.0 1355s
 4992699 209420 infeasible   64         5.97471    0.00000   100%  45.0 1360s
 5010559 209326 infeasible   50         5.97471    0.00000   100%  45.0 1365s
 5027536 209154    0.00000   50   29    5.97471    0.00000   100%  45.0 1370s
 5048080 209169 infeasible   61         5.97471    0.00000   100%  45.0 1375s
 5065783 209305 infeasible   59         5.97471    0.00000   100%  45.0 1380s
 5083738 209125 infeasible   71         5.97471    0.00000   100%  45.0 1385s
 5101323 209134 infeasible   64         5.97471    0.00000   100%  45.0 1390s
 5121927 209207 infeasible   63         5.97471    0.00000   100%  45.0 1395s
 5142192 209103 infeasible   62         5.97471    0.00000   100%  45.0 1400s
 5161479 209044    0.00000   65   22    5.97471    0.00000   100%  45.0 1405s
 5182575 209430 infeasible   57         5.97471    0.00000   100%  45.0 1410s
 5199621 209491    0.00000   57   44    5.97471    0.00000   100%  45.0 1415s
 5219571 209501 infeasible   64         5.97471    0.00000   100%  45.0 1420s
 5235975 209439    0.00000   68    8    5.97471    0.00000   100%  45.0 1425s
 5257429 209358    0.00000   64    8    5.97471    0.00000   100%  45.0 1430s
 5275343 209312    0.00000   82   22    5.97471    0.00000   100%  45.0 1435s
 5296400 209245    0.00000   70   29    5.97471    0.00000   100%  45.0 1440s
 5314326 209448    5.00000   65   44    5.97471    0.00000   100%  45.0 1445s
 5332886 209878    0.00000   62   25    5.97471    0.00000   100%  45.0 1450s
 5350037 211223    1.00000   66   28    5.97471    0.00000   100%  45.0 1455s
 5369365 212765 infeasible   53         5.97471    0.00000   100%  45.0 1460s
 5386766 213692    0.00000   62   10    5.97471    0.00000   100%  45.0 1465s
 5407434 214730    0.00000   58   25    5.97471    0.00000   100%  45.0 1470s
 5426178 215131    0.00000   56   17    5.97471    0.00000   100%  45.0 1475s
 5442209 216041    0.00000   61   26    5.97471    0.00000   100%  45.0 1480s
 5460337 216901    0.00000   60   20    5.97471    0.00000   100%  45.0 1485s
 5477752 217278    0.00000   59   19    5.97471    0.00000   100%  45.1 1490s
 5497110 217668 infeasible   52         5.97471    0.00000   100%  45.1 1495s
 5515244 217719 infeasible   64         5.97471    0.00000   100%  45.1 1500s
 5536753 217765    0.00000   53    2    5.97471    0.00000   100%  45.0 1505s
 5557577 217776 infeasible   61         5.97471    0.00000   100%  45.0 1510s
 5576414 217619 infeasible   64         5.97471    0.00000   100%  45.0 1515s
 5600565 217533 infeasible   63         5.97471    0.00000   100%  45.0 1520s
 5620420 217558 infeasible   64         5.97471    0.00000   100%  45.0 1525s
 5642971 217606    0.00000   56   21    5.97471    0.00000   100%  44.9 1530s
 5664135 217436 infeasible   64         5.97471    0.00000   100%  44.9 1535s
 5686938 217220 infeasible   74         5.97471    0.00000   100%  44.9 1540s
 5705094 217122 infeasible   64         5.97471    0.00000   100%  44.9 1545s
 5725608 217127 infeasible   70         5.97471    0.00000   100%  44.9 1550s
 5744407 217045 infeasible   65         5.97471    0.00000   100%  44.9 1555s
 5759568 216897    0.00000   54    4    5.97471    0.00000   100%  44.9 1560s
 5780937 217048 infeasible   55         5.97471    0.00000   100%  44.9 1565s
 5801551 216914    0.00000   69   20    5.97471    0.00000   100%  44.9 1570s
 5822921 216900    0.00000   72   27    5.97471    0.00000   100%  44.9 1575s
 5843026 216887    0.00000   68   21    5.97471    0.00000   100%  44.9 1580s
 5863227 216876    0.00000   53   13    5.97471    0.00000   100%  44.9 1585s
 5880648 216866    0.00000   58   11    5.97471    0.00000   100%  44.9 1590s
 5900511 216903    0.00000   60   18    5.97471    0.00000   100%  44.9 1595s
 5917640 216823    0.00000   55   22    5.97471    0.00000   100%  44.9 1600s
 5937541 216740    0.00000   64   23    5.97471    0.00000   100%  44.9 1605s
 5956391 216661 infeasible   66         5.97471    0.00000   100%  44.9 1610s
 5973549 216914    0.00000   60   21    5.97471    0.00000   100%  44.9 1615s
 5994215 217025    0.00000   54    4    5.97471    0.00000   100%  44.9 1620s
 6009558 216983    0.00000   65   10    5.97471    0.00000   100%  44.9 1625s
 6029400 216946 infeasible   68         5.97471    0.00000   100%  44.9 1630s
 6050093 216844 infeasible   67         5.97471    0.00000   100%  44.9 1635s
 6068651 216738 infeasible   62         5.97471    0.00000   100%  44.9 1640s
 6090502 216905    0.00000   69   15    5.97471    0.00000   100%  44.9 1645s
 6112747 217033    0.00000   71   20    5.97471    0.00000   100%  44.9 1650s
 6135085 216808 infeasible   69         5.97471    0.00000   100%  44.9 1655s
 6153716 216611 infeasible   67         5.97471    0.00000   100%  44.8 1660s
 6174673 216997    0.00000   58   24    5.97471    0.00000   100%  44.8 1665s
 6192429 217185    0.00000   62   31    5.97471    0.00000   100%  44.8 1670s
 6209876 217156 infeasible   66         5.97471    0.00000   100%  44.8 1675s
 6230310 217072 infeasible   61         5.97471    0.00000   100%  44.8 1680s
 6247705 217245    0.00000   64    5    5.97471    0.00000   100%  44.8 1685s
 6266397 217311    0.00000   64    7    5.97471    0.00000   100%  44.8 1690s
 6287897 217021    0.00000   58    8    5.97471    0.00000   100%  44.8 1695s
 6306743 216980 infeasible   60         5.97471    0.00000   100%  44.8 1700s
 6326049 216915    0.00000   62   17    5.97471    0.00000   100%  44.8 1705s
 6344528 216797    0.00000   64    4    5.97471    0.00000   100%  44.8 1710s
 6363244 216941    0.00000   64   23    5.97471    0.00000   100%  44.8 1715s
 6376461 216810    0.00000   57   19    5.97471    0.00000   100%  44.8 1721s
 6397913 216806 infeasible   64         5.97471    0.00000   100%  44.9 1725s
 6413958 216711    0.00000   61   24    5.97471    0.00000   100%  44.9 1730s
 6431343 216567    0.00000   64   16    5.97471    0.00000   100%  44.9 1735s
 6449136 216575 infeasible   64         5.97471    0.00000   100%  44.9 1740s
 6466860 216588    0.00000   70    9    5.97471    0.00000   100%  44.9 1745s
 6485417 216620 infeasible   61         5.97471    0.00000   100%  44.9 1750s
 6506357 216479    0.00000   64   21    5.97471    0.00000   100%  44.9 1755s
 6524883 216470 infeasible   64         5.97471    0.00000   100%  44.9 1760s
 6537069 216328 infeasible   74         5.97471    0.00000   100%  44.9 1765s
 6558226 216644    0.00000   55   17    5.97471    0.00000   100%  44.9 1770s
 6580789 216771    0.00000   64   14    5.97471    0.00000   100%  44.9 1775s
 6599942 216543 infeasible   64         5.97471    0.00000   100%  44.9 1780s
 6618833 216453 infeasible   63         5.97471    0.00000   100%  44.9 1785s
 6637490 216479 infeasible   64         5.97471    0.00000   100%  44.9 1790s
 6658028 216409    0.00000   59   25    5.97471    0.00000   100%  44.9 1795s
 6675432 216373    0.00000   64   13    5.97471    0.00000   100%  44.9 1800s
 6694931 216290    0.00000   60   21    5.97471    0.00000   100%  44.9 1805s
 6712046 216194 infeasible   64         5.97471    0.00000   100%  44.9 1810s
 6729733 216406    0.00000   55   22    5.97471    0.00000   100%  44.9 1815s
 6748355 216350    0.00000   74    1    5.97471    0.00000   100%  44.9 1820s
 6766213 216198    0.00000   62   36    5.97471    0.00000   100%  44.9 1825s
 6784692 216052 infeasible   62         5.97471    0.00000   100%  45.0 1830s
 6801028 216310    0.00000   54    8    5.97471    0.00000   100%  45.0 1835s
 6820296 216334 infeasible   68         5.97471    0.00000   100%  45.0 1840s
 6836170 216195 infeasible   49         5.97471    0.00000   100%  45.0 1845s
 6854668 216119 infeasible   64         5.97471    0.00000   100%  45.0 1850s
 6871188 216072    0.00000   57   10    5.97471    0.00000   100%  45.0 1855s
 6890065 216355 infeasible   64         5.97471    0.00000   100%  45.0 1860s
 6908078 216563    0.00000   67   25    5.97471    0.00000   100%  45.0 1865s
 6928072 216729    0.00000   63    1    5.97471    0.00000   100%  45.0 1870s
 6950601 216606    0.00000   65   15    5.97471    0.00000   100%  45.0 1875s
 6969172 216377    0.00000   68   28    5.97471    0.00000   100%  45.0 1880s
 6987408 216353    0.00000   62   23    5.97471    0.00000   100%  45.0 1885s
 7008627 216303 infeasible   64         5.97471    0.00000   100%  45.0 1890s
 7025849 216510 infeasible   70         5.97471    0.00000   100%  45.0 1895s
 7047633 216381    0.00000   61   28    5.97471    0.00000   100%  45.0 1900s
 7065964 216205    0.00000   56   21    5.97471    0.00000   100%  45.0 1905s
 7085082 216127    0.00000   64    1    5.97471    0.00000   100%  45.0 1910s
 7102196 215959    0.00000   53    4    5.97471    0.00000   100%  45.1 1915s
 7121533 216713 infeasible   48         5.97471    0.00000   100%  45.1 1920s
 7137346 217152    0.00000   68   20    5.97471    0.00000   100%  45.1 1925s
 7158418 217229 infeasible   64         5.97471    0.00000   100%  45.1 1930s
 7177149 217153    0.00000   53    2    5.97471    0.00000   100%  45.1 1935s
 7195739 216999    0.00000   49   22    5.97471    0.00000   100%  45.1 1940s
 7218119 217398    0.00000   59   16    5.97471    0.00000   100%  45.1 1945s
 7238622 217422    0.00000   65    4    5.97471    0.00000   100%  45.1 1950s
 7260351 217448 infeasible   60         5.97471    0.00000   100%  45.0 1955s
 7284856 217220 infeasible   68         5.97471    0.00000   100%  45.0 1960s
 7306235 217056    0.00000   60   31    5.97471    0.00000   100%  45.0 1965s
 7325837 216925    0.00000   62   27    5.97471    0.00000   100%  45.0 1970s
 7345315 216819 infeasible   64         5.97471    0.00000   100%  45.0 1975s
 7361730 216767    0.00000   54   10    5.97471    0.00000   100%  45.0 1980s
 7381499 216677    0.00000   52   35    5.97471    0.00000   100%  45.0 1985s
 7399011 216645 infeasible   54         5.97471    0.00000   100%  45.0 1990s
 7419503 216742    0.00000   60   19    5.97471    0.00000   100%  45.0 1995s
 7437422 216551    0.00000   59   19    5.97471    0.00000   100%  45.0 2000s
 7458237 216502 infeasible   54         5.97471    0.00000   100%  45.0 2005s
 7475105 216667    0.00000   53    1    5.97471    0.00000   100%  45.0 2010s
 7492369 216852    0.00000   53   22    5.97471    0.00000   100%  45.1 2015s
 7512489 216645 infeasible   54         5.97471    0.00000   100%  45.1 2020s
 7531365 216817    0.00000   55   14    5.97471    0.00000   100%  45.1 2025s
 7547712 216680    0.00000   66   24    5.97471    0.00000   100%  45.1 2030s
 7566622 216432    0.00000   53    2    5.97471    0.00000   100%  45.1 2035s
 7586580 216788    0.00000   51   25    5.97471    0.00000   100%  45.1 2040s
 7607110 216848    0.00000   67   15    5.97471    0.00000   100%  45.1 2045s
 7625993 216694    0.00000   58   23    5.97471    0.00000   100%  45.1 2050s
 7647954 216623    0.00000   64   18    5.97471    0.00000   100%  45.1 2055s
 7670036 216676    0.00000   66   24    5.97471    0.00000   100%  45.0 2060s
 7694013 216509    0.00000   57   22    5.97471    0.00000   100%  45.0 2065s
 7714667 216400 infeasible   54         5.97471    0.00000   100%  45.0 2070s
 7734314 216377 infeasible   54         5.97471    0.00000   100%  45.0 2075s
 7752358 217325    0.00000   62   27    5.97471    0.00000   100%  45.0 2080s
 7770898 217708 infeasible   53         5.97471    0.00000   100%  45.0 2085s
 7791716 217794    0.00000   60   26    5.97471    0.00000   100%  45.0 2090s
 7810971 217774    0.00000   63    1    5.97471    0.00000   100%  45.0 2095s
 7829873 217631 infeasible   48         5.97471    0.00000   100%  45.0 2100s
 7848780 217468    0.00000   61   22    5.97471    0.00000   100%  45.0 2105s
 7869273 217434    0.00000   61   21    5.97471    0.00000   100%  45.0 2110s
 7891636 217301 infeasible   56         5.97471    0.00000   100%  45.0 2115s
 7909751 217191 infeasible   63         5.97471    0.00000   100%  45.0 2120s
 7925161 217145 infeasible   63         5.97471    0.00000   100%  45.0 2125s
 7946508 217309 infeasible   59         5.97471    0.00000   100%  45.0 2130s
 7966082 217317    0.00000   55   29    5.97471    0.00000   100%  45.0 2135s
 7983640 217188 infeasible   64         5.97471    0.00000   100%  45.0 2140s
 8001414 217122 infeasible   54         5.97471    0.00000   100%  45.0 2145s
 8022391 217074    0.00000   70   29    5.97471    0.00000   100%  45.0 2150s
 8040517 217453 infeasible   64         5.97471    0.00000   100%  45.0 2155s
 8062026 217330 infeasible   62         5.97471    0.00000   100%  45.0 2160s
 8083260 217152    0.00000   52   29    5.97471    0.00000   100%  45.0 2165s
 8102716 217077 infeasible   62         5.97471    0.00000   100%  45.0 2170s
 8123760 217083 infeasible   64         5.97471    0.00000   100%  45.0 2175s
 8142852 217472    0.00000   62    9    5.97471    0.00000   100%  45.0 2180s
 8159850 217504 infeasible   62         5.97471    0.00000   100%  45.0 2185s
 8180803 217343 infeasible   65         5.97471    0.00000   100%  45.0 2190s
 8200124 217066 infeasible   68         5.97471    0.00000   100%  45.0 2195s
 8217617 217026    0.00000   53    1    5.97471    0.00000   100%  45.0 2200s
 8237152 217193 infeasible   64         5.97471    0.00000   100%  45.0 2205s
 8262405 217066    0.00000   71   25    5.97471    0.00000   100%  45.0 2210s
 8286107 216977    0.00000   63    1    5.97471    0.00000   100%  45.0 2215s
 8305730 216928 infeasible   64         5.97471    0.00000   100%  44.9 2220s
 8326555 216979    0.00000   64    4    5.97471    0.00000   100%  44.9 2225s
 8343888 217023 infeasible   63         5.97471    0.00000   100%  45.0 2230s
 8360897 217137 infeasible   64         5.97471    0.00000   100%  45.0 2235s
 8378404 217061    0.00000   63    1    5.97471    0.00000   100%  45.0 2240s
 8392194 216939 infeasible   63         5.97471    0.00000   100%  45.0 2245s
 8411592 217110    0.00000   63    1    5.97471    0.00000   100%  45.0 2250s
 8430379 217341    0.00000   54    2    5.97471    0.00000   100%  45.0 2255s
 8448362 217340    0.00000   60   28    5.97471    0.00000   100%  45.0 2260s
 8465620 217214 infeasible   61         5.97471    0.00000   100%  45.0 2265s
 8485504 217309    0.00000   64   15    5.97471    0.00000   100%  45.0 2270s
 8503392 217188 infeasible   64         5.97471    0.00000   100%  45.0 2275s
 8520108 217120 infeasible   62         5.97471    0.00000   100%  45.0 2280s
 8539664 217318    0.00000   56   37    5.97471    0.00000   100%  45.0 2285s
 8558609 217359    0.00000   59   33    5.97471    0.00000   100%  45.1 2290s
 8576953 217159 infeasible   68         5.97471    0.00000   100%  45.1 2295s
 8594422 217035    0.00000   64   10    5.97471    0.00000   100%  45.1 2300s
 8613235 216934    0.00000   57   26    5.97471    0.00000   100%  45.1 2305s
 8629718 216818    0.00000   54    8    5.97471    0.00000   100%  45.1 2310s
 8649801 216819    0.00000   70   18    5.97471    0.00000   100%  45.1 2315s
 8667552 216879 infeasible   64         5.97471    0.00000   100%  45.1 2320s
 8686716 216835 infeasible   64         5.97471    0.00000   100%  45.1 2325s
 8707007 216869 infeasible   64         5.97471    0.00000   100%  45.1 2330s
 8730728 216757 infeasible   64         5.97471    0.00000   100%  45.1 2335s
 8747693 216682    0.00000   62   24    5.97471    0.00000   100%  45.1 2340s
 8767593 216584    0.00000   63   20    5.97471    0.00000   100%  45.1 2345s
 8784976 216674 infeasible   64         5.97471    0.00000   100%  45.1 2350s
 8806159 216654    0.00000   64    5    5.97471    0.00000   100%  45.1 2355s
 8822244 217067    0.00000   57   35    5.97471    0.00000   100%  45.1 2360s
 8840770 217457    0.00000   52   35    5.97471    0.00000   100%  45.1 2365s
 8858725 217472    0.00000   55   17    5.97471    0.00000   100%  45.1 2370s
 8876058 217308    0.00000   67   24    5.97471    0.00000   100%  45.1 2375s
 8894564 217090 infeasible   63         5.97471    0.00000   100%  45.1 2380s
 8911648 217056    0.00000   60   29    5.97471    0.00000   100%  45.2 2385s
 8928628 217088 infeasible   62         5.97471    0.00000   100%  45.2 2390s
 8948442 216975    0.00000   64    5    5.97471    0.00000   100%  45.2 2395s
 8965728 216914    0.00000   60   30    5.97471    0.00000   100%  45.2 2400s
 8983279 216915    0.00000   63    1    5.97471    0.00000   100%  45.2 2405s
 9000626 216941    0.00000   73    4    5.97471    0.00000   100%  45.2 2410s
 9019558 216804    0.00000   64   14    5.97471    0.00000   100%  45.2 2415s
 9037792 216692    0.00000   59   23    5.97471    0.00000   100%  45.2 2420s
 9055369 216995    0.00000   62   12    5.97471    0.00000   100%  45.2 2425s
 9074196 217079    0.00000   59   38    5.97471    0.00000   100%  45.2 2430s
 9089719 217064    0.00000   64   12    5.97471    0.00000   100%  45.3 2435s
 9107054 216950 infeasible   63         5.97471    0.00000   100%  45.3 2440s
 9125695 216824 infeasible   63         5.97471    0.00000   100%  45.3 2445s
 9142938 216866 infeasible   59         5.97471    0.00000   100%  45.3 2450s
 9161294 216809    0.00000   55   23    5.97471    0.00000   100%  45.3 2455s
 9177085 216653    0.00000   64   10    5.97471    0.00000   100%  45.3 2460s
 9195127 216624 infeasible   56         5.97471    0.00000   100%  45.3 2465s
 9214326 216931    0.00000   54    7    5.97471    0.00000   100%  45.3 2470s
 9232657 216875 infeasible   64         5.97471    0.00000   100%  45.3 2475s
 9249876 216793    0.00000   49   26    5.97471    0.00000   100%  45.3 2480s
 9270788 216494    0.00000   59   19    5.97471    0.00000   100%  45.3 2485s
 9289806 216575    0.00000   66   25    5.97471    0.00000   100%  45.3 2490s
 9309920 216360 infeasible   64         5.97471    0.00000   100%  45.3 2495s
 9328274 216731    0.00000   59   22    5.97471    0.00000   100%  45.3 2500s
 9347793 216907    0.00000   64    5    5.97471    0.00000   100%  45.3 2505s
 9363810 216873 infeasible   52         5.97471    0.00000   100%  45.3 2510s
 9383829 216830 infeasible   63         5.97471    0.00000   100%  45.4 2515s
 9403437 216677    0.00000   64    4    5.97471    0.00000   100%  45.4 2520s
 9421617 216676 infeasible   66         5.97471    0.00000   100%  45.4 2525s
 9441055 216688 infeasible   64         5.97471    0.00000   100%  45.4 2530s
 9460418 216568    0.00000   55   22    5.97471    0.00000   100%  45.4 2535s
 9477568 216592 infeasible   50         5.97471    0.00000   100%  45.4 2540s
 9494570 216635    0.00000   59   17    5.97471    0.00000   100%  45.4 2545s
 9512210 216720    0.00000   61   34    5.97471    0.00000   100%  45.4 2550s
 9528073 216612    0.00000   60   19    5.97471    0.00000   100%  45.4 2555s
 9546829 216535 infeasible   62         5.97471    0.00000   100%  45.4 2560s
 9564925 216529 infeasible   64         5.97471    0.00000   100%  45.4 2565s
 9584395 216299    0.00000   53   23    5.97471    0.00000   100%  45.4 2570s
 9602996 216524 infeasible   59         5.97471    0.00000   100%  45.4 2575s
 9621711 216437 infeasible   64         5.97471    0.00000   100%  45.4 2580s
 9638936 216329    0.00000   57   13    5.97471    0.00000   100%  45.4 2585s
 9656798 216380 infeasible   48         5.97471    0.00000   100%  45.4 2590s
 9673247 216682 infeasible   59         5.97471    0.00000   100%  45.4 2595s
 9692378 216762    0.00000   58   11    5.97471    0.00000   100%  45.5 2600s
 9710137 216535 infeasible   54         5.97471    0.00000   100%  45.5 2605s
 9729801 216399    0.00000   66    4    5.97471    0.00000   100%  45.5 2610s
 9749888 216277    0.00000   51   54    5.97471    0.00000   100%  45.5 2615s
 9767119 216356    0.00000   62   20    5.97471    0.00000   100%  45.5 2620s
 9784323 216415    0.00000   60   28    5.97471    0.00000   100%  45.5 2625s
 9803402 216576    0.00000   58   21    5.97471    0.00000   100%  45.5 2630s
 9820961 216686    0.00000   58   21    5.97471    0.00000   100%  45.5 2635s
 9837203 216718 infeasible   66         5.97471    0.00000   100%  45.5 2640s
 9853532 216573    0.00000   60   27    5.97471    0.00000   100%  45.5 2645s
 9872355 216489 infeasible   54         5.97471    0.00000   100%  45.5 2650s
 9890559 216349 infeasible   64         5.97471    0.00000   100%  45.5 2655s
 9907924 216259 infeasible   57         5.97471    0.00000   100%  45.5 2660s
 9926619 216339    0.00000   61   12    5.97471    0.00000   100%  45.5 2665s
 9942509 216704    0.00000   60   18    5.97471    0.00000   100%  45.6 2670s
 9960129 217465 infeasible   67         5.97471    0.00000   100%  45.6 2675s
 9976524 217688    0.00000   54    5    5.97471    0.00000   100%  45.6 2680s
 9995817 217656    0.00000   64    7    5.97471    0.00000   100%  45.6 2685s
 10013819 217506    0.00000   63    1    5.97471    0.00000   100%  45.6 2690s
 10036439 217513 infeasible   74         5.97471    0.00000   100%  45.6 2695s
 10055193 217399 infeasible   64         5.97471    0.00000   100%  45.6 2700s
 10074055 217442 infeasible   64         5.97471    0.00000   100%  45.6 2705s
 10092394 217473 infeasible   62         5.97471    0.00000   100%  45.6 2710s
 10111194 217307 infeasible   64         5.97471    0.00000   100%  45.6 2715s
 10129132 217355 infeasible   65         5.97471    0.00000   100%  45.6 2720s
 10147817 217210 infeasible   70         5.97471    0.00000   100%  45.6 2725s
 10164410 217167 infeasible   64         5.97471    0.00000   100%  45.6 2730s
 10185488 217096    0.00000   54    5    5.97471    0.00000   100%  45.6 2735s
H10193692 217022                       5.9638337    0.00000   100%  45.6 2737s
 10204167 217057    0.00000   52   41    5.96383    0.00000   100%  45.6 2740s
 10221110 217187 infeasible   62         5.96383    0.00000   100%  45.6 2745s
 10241712 217000 infeasible   64         5.96383    0.00000   100%  45.6 2750s
 10259174 216918    0.00000   54    5    5.96383    0.00000   100%  45.6 2755s
 10277608 216795    0.00000   53   21    5.96383    0.00000   100%  45.6 2760s
 10294872 217040 infeasible   64         5.96383    0.00000   100%  45.6 2765s
 10312530 217011 infeasible   61         5.96383    0.00000   100%  45.6 2770s
 10330056 216862    0.00000   62   31    5.96383    0.00000   100%  45.6 2775s
 10349369 216717    0.00000   53   20    5.96383    0.00000   100%  45.6 2780s
 10366723 216618    0.00000   59   29    5.96383    0.00000   100%  45.6 2785s
 10385048 216454    0.00000   63    1    5.96383    0.00000   100%  45.6 2790s
 10400701 216472    0.00000   52   29    5.96383    0.00000   100%  45.6 2795s
 10418744 216557 infeasible   63         5.96383    0.00000   100%  45.7 2800s
 10435550 216498    0.00000   64    4    5.96383    0.00000   100%  45.7 2805s
 10453675 216373 infeasible   64         5.96383    0.00000   100%  45.7 2810s
 10470182 216452    0.00000   52   15    5.96383    0.00000   100%  45.7 2815s
 10488193 216487    0.00000   59   11    5.96383    0.00000   100%  45.7 2820s
 10505721 216296    0.00000   54    5    5.96383    0.00000   100%  45.7 2825s
 10523628 216299 infeasible   74         5.96383    0.00000   100%  45.7 2830s
 10539882 216160    0.00000   62   39    5.96383    0.00000   100%  45.7 2835s
 10559774 216057 infeasible   62         5.96383    0.00000   100%  45.7 2840s
 10573915 216178    0.00000   64   21    5.96383    0.00000   100%  45.7 2845s
 10598065 216440    0.00000   70   24    5.96383    0.00000   100%  45.7 2850s
 10617499 216498 infeasible   68         5.96383    0.00000   100%  45.7 2855s
 10638231 216354 infeasible   69         5.96383    0.00000   100%  45.7 2860s
 10658518 216232 infeasible   62         5.96383    0.00000   100%  45.7 2865s
 10679661 215974 infeasible   54         5.96383    0.00000   100%  45.7 2870s
 10697596 216175 infeasible   72         5.96383    0.00000   100%  45.7 2875s
 10716736 216389    0.00000   74    4    5.96383    0.00000   100%  45.7 2880s
 10733938 216280    0.00000   69   20    5.96383    0.00000   100%  45.7 2885s
 10752698 216104    0.00000   54    6    5.96383    0.00000   100%  45.7 2890s
 10773140 216028    0.00000   61   29    5.96383    0.00000   100%  45.7 2895s
 10792116 216109    0.00000   72   22    5.96383    0.00000   100%  45.7 2900s
 10811042 216100    0.00000   55   24    5.96383    0.00000   100%  45.7 2905s
 10828548 216026 infeasible   64         5.96383    0.00000   100%  45.7 2910s
 10847827 215936 infeasible   64         5.96383    0.00000   100%  45.7 2915s
 10864045 216158 infeasible   56         5.96383    0.00000   100%  45.7 2920s
 10879916 216626    0.00000   58   18    5.96383    0.00000   100%  45.7 2925s
 10898458 216850    0.00000   63    2    5.96383    0.00000   100%  45.7 2930s
 10917646 216779    0.00000   59   20    5.96383    0.00000   100%  45.7 2935s
 10936582 216594    0.00000   56   18    5.96383    0.00000   100%  45.7 2940s
 10953765 216509    0.00000   63   19    5.96383    0.00000   100%  45.7 2945s
 10975555 216740 infeasible   55         5.96383    0.00000   100%  45.7 2950s
 10996106 216701    0.00000   64    6    5.96383    0.00000   100%  45.7 2955s
 11015162 216693    0.00000   63    3    5.96383    0.00000   100%  45.7 2960s
 11038318 216741    0.00000   60   34    5.96383    0.00000   100%  45.7 2965s
 11055474 216739    0.00000   65   13    5.96383    0.00000   100%  45.7 2970s
 11076931 216633    0.00000   62   27    5.96383    0.00000   100%  45.7 2975s
 11097460 216492 infeasible   63         5.96383    0.00000   100%  45.7 2980s
 11114859 216569 infeasible   55         5.96383    0.00000   100%  45.7 2985s
 11135847 217050 infeasible   61         5.96383    0.00000   100%  45.7 2990s
 11155978 217318    0.00000   63    1    5.96383    0.00000   100%  45.7 2995s
 11175538 217579 infeasible   64         5.96383    0.00000   100%  45.7 3000s
 11198982 217420 infeasible   68         5.96383    0.00000   100%  45.7 3005s
 11219567 217348    0.00000   64    6    5.96383    0.00000   100%  45.7 3010s
 11238767 217134 infeasible   60         5.96383    0.00000   100%  45.7 3015s
 11260282 217032    0.00000   64    9    5.96383    0.00000   100%  45.7 3020s
 11282099 217010    0.00000   58   29    5.96383    0.00000   100%  45.7 3025s
 11304634 216827 infeasible   57         5.96383    0.00000   100%  45.7 3030s
 11324805 216895 infeasible   64         5.96383    0.00000   100%  45.7 3035s
 11348149 217076    0.00000   58   21    5.96383    0.00000   100%  45.7 3040s
 11363490 217047 infeasible   60         5.96383    0.00000   100%  45.7 3045s
 11388729 216803 infeasible   54         5.96383    0.00000   100%  45.7 3050s
 11408186 216809 infeasible   66         5.96383    0.00000   100%  45.7 3055s
 11429745 216705    0.00000   62   32    5.96383    0.00000   100%  45.7 3060s
 11448372 216680 infeasible   61         5.96383    0.00000   100%  45.7 3065s
 11468659 217036 infeasible   57         5.96383    0.00000   100%  45.7 3070s
 11489889 217319 infeasible   54         5.96383    0.00000   100%  45.7 3075s
 11507623 217349    0.00000   57   25    5.96383    0.00000   100%  45.7 3080s
 11528184 217379    0.00000   58   28    5.96383    0.00000   100%  45.7 3085s
 11552023 217204    0.00000   58   27    5.96383    0.00000   100%  45.6 3090s
 11572945 216997    0.00000   54    6    5.96383    0.00000   100%  45.6 3095s
 11593016 216905    0.00000   50   13    5.96383    0.00000   100%  45.6 3100s
 11612835 216745 infeasible   56         5.96383    0.00000   100%  45.6 3105s
 11634031 216676    0.00000   61   28    5.96383    0.00000   100%  45.6 3110s
 11655449 217139    0.00000   53    2    5.96383    0.00000   100%  45.6 3115s
 11674797 217141 infeasible   58         5.96383    0.00000   100%  45.6 3120s
 11701905 217046    0.00000   61   39    5.96383    0.00000   100%  45.6 3125s
 11725500 216996    0.00000   64    8    5.96383    0.00000   100%  45.6 3130s
 11750827 216834    0.00000   50   19    5.96383    0.00000   100%  45.6 3135s
 11771774 216763    0.00000   63    1    5.96383    0.00000   100%  45.6 3140s
 11795844 216553 infeasible   61         5.96383    0.00000   100%  45.6 3145s
 11815245 216517    0.00000   64    1    5.96383    0.00000   100%  45.6 3150s
 11836187 216460    0.00000   52   27    5.96383    0.00000   100%  45.6 3155s
 11852545 216721 infeasible   63         5.96383    0.00000   100%  45.6 3160s
 11872497 216882    0.00000   58   23    5.96383    0.00000   100%  45.6 3165s
 11890531 216924    0.00000   54    5    5.96383    0.00000   100%  45.6 3170s
 11909091 216793 infeasible   62         5.96383    0.00000   100%  45.6 3175s
 11927579 216747 infeasible   57         5.96383    0.00000   100%  45.6 3180s
 11946706 216627    0.00000   58   28    5.96383    0.00000   100%  45.6 3185s
 11964173 216555 infeasible   62         5.96383    0.00000   100%  45.6 3190s
 11985344 216437 infeasible   54         5.96383    0.00000   100%  45.6 3195s
 12002804 216415 infeasible   64         5.96383    0.00000   100%  45.6 3200s
 12019947 216472    0.00000   64    3    5.96383    0.00000   100%  45.6 3205s
 12038261 216401    0.00000   64    4    5.96383    0.00000   100%  45.6 3210s
 12055898 216286    0.00000   54   13    5.96383    0.00000   100%  45.6 3215s
 12072868 216268 infeasible   64         5.96383    0.00000   100%  45.6 3220s
 12090675 216241 infeasible   64         5.96383    0.00000   100%  45.6 3225s
 12110711 216191 infeasible   72         5.96383    0.00000   100%  45.7 3230s
 12127269 216109 infeasible   65         5.96383    0.00000   100%  45.7 3235s
 12146706 215968 infeasible   55         5.96383    0.00000   100%  45.7 3240s
 12163002 215990    0.00000   63    5    5.96383    0.00000   100%  45.7 3245s
 12184970 215908 infeasible   59         5.96383    0.00000   100%  45.7 3250s
 12203578 215975 infeasible   62         5.96383    0.00000   100%  45.7 3255s
 12221489 215876    0.00000   61   21    5.96383    0.00000   100%  45.7 3260s
 12240878 216223    0.00000   65   13    5.96383    0.00000   100%  45.7 3265s
 12258536 216115    0.00000   64    4    5.96383    0.00000   100%  45.7 3270s
 12277952 216003    0.00000   50   19    5.96383    0.00000   100%  45.7 3275s
 12295804 216035 infeasible   62         5.96383    0.00000   100%  45.7 3280s
 12315512 216064 infeasible   62         5.96383    0.00000   100%  45.7 3285s
 12335995 216079    0.00000   52   30    5.96383    0.00000   100%  45.7 3290s
 12356379 216050 infeasible   60         5.96383    0.00000   100%  45.7 3295s
 12373118 216442    0.00000   60   25    5.96383    0.00000   100%  45.7 3300s
 12388557 216555 infeasible   65         5.96383    0.00000   100%  45.7 3305s
 12406500 216547 infeasible   64         5.96383    0.00000   100%  45.7 3310s
 12425450 216651 infeasible   58         5.96383    0.00000   100%  45.7 3315s
 12441301 216552    0.00000   53    1    5.96383    0.00000   100%  45.7 3320s
 12460617 216395 infeasible   60         5.96383    0.00000   100%  45.7 3325s
 12479617 216261 infeasible   65         5.96383    0.00000   100%  45.7 3330s
 12497767 216350 infeasible   55         5.96383    0.00000   100%  45.8 3335s
 12515694 216537 infeasible   61         5.96383    0.00000   100%  45.8 3340s
 12533145 216355 infeasible   64         5.96383    0.00000   100%  45.8 3345s
 12552837 216226 infeasible   54         5.96383    0.00000   100%  45.8 3350s
 12569907 216079 infeasible   64         5.96383    0.00000   100%  45.8 3355s
 12589299 216201 infeasible   63         5.96383    0.00000   100%  45.8 3360s
 12604997 216872    0.00000   58   29    5.96383    0.00000   100%  45.8 3365s
 12622436 217212 infeasible   64         5.96383    0.00000   100%  45.8 3370s
 12641647 217312 infeasible   70         5.96383    0.00000   100%  45.8 3375s
 12662504 217190    0.00000   65   14    5.96383    0.00000   100%  45.8 3380s
 12680866 217165 infeasible   64         5.96383    0.00000   100%  45.8 3385s
 12700853 217081 infeasible   74         5.96383    0.00000   100%  45.8 3390s
 12720789 216998    0.00000   64   14    5.96383    0.00000   100%  45.8 3395s
 12741479 216920 infeasible   67         5.96383    0.00000   100%  45.8 3400s
 12760926 216931    0.00000   71   21    5.96383    0.00000   100%  45.8 3405s
 12780753 217061    0.00000   61   24    5.96383    0.00000   100%  45.8 3410s
 12804691 216898    0.00000   64   25    5.96383    0.00000   100%  45.8 3415s
 12825401 216788 infeasible   73         5.96383    0.00000   100%  45.8 3420s
 12844414 216911    0.00000   70   25    5.96383    0.00000   100%  45.8 3425s
 12866211 217117 infeasible   70         5.96383    0.00000   100%  45.8 3430s
 12886105 217117    0.00000   69   16    5.96383    0.00000   100%  45.8 3435s
 12904967 216946 infeasible   66         5.96383    0.00000   100%  45.8 3440s
 12922480 216917    0.00000   71   16    5.96383    0.00000   100%  45.8 3445s
 12943872 216878    0.00000   62   27    5.96383    0.00000   100%  45.8 3450s
 12960693 216786    0.00000   66   26    5.96383    0.00000   100%  45.8 3455s
 12985875 216767    0.00000   59   27    5.96383    0.00000   100%  45.8 3460s
 13005757 216619 infeasible   64         5.96383    0.00000   100%  45.8 3465s
 13025853 216760 infeasible   73         5.96383    0.00000   100%  45.8 3470s
 13047881 216555    0.00000   72   18    5.96383    0.00000   100%  45.8 3475s
 13065291 216533 infeasible   66         5.96383    0.00000   100%  45.8 3480s
 13082783 216605    0.00000   64    4    5.96383    0.00000   100%  45.8 3485s
 13107035 216475    0.00000   76   18    5.96383    0.00000   100%  45.7 3490s
 13129183 216387 infeasible   73         5.96383    0.00000   100%  45.7 3495s
 13150078 216480 infeasible   58         5.96383    0.00000   100%  45.7 3500s
 13170701 216301    0.00000   59   29    5.96383    0.00000   100%  45.7 3505s
 13193350 216222    0.00000   63   21    5.96383    0.00000   100%  45.7 3510s
 13211853 216106    0.00000   54   14    5.96383    0.00000   100%  45.7 3515s
 13228784 216328    0.00000   51   22    5.96383    0.00000   100%  45.7 3520s
 13249555 216364    0.00000   63   23    5.96383    0.00000   100%  45.7 3525s
 13264585 216336    0.00000   62   26    5.96383    0.00000   100%  45.7 3530s
 13283883 216234 infeasible   74         5.96383    0.00000   100%  45.7 3535s
 13302381 216130    0.00000   69   20    5.96383    0.00000   100%  45.7 3540s
 13323501 216105 infeasible   63         5.96383    0.00000   100%  45.7 3545s
 13340423 216247 infeasible   63         5.96383    0.00000   100%  45.7 3550s
 13360486 216265    0.00000   50   23    5.96383    0.00000   100%  45.8 3555s
 13380503 216216 infeasible   64         5.96383    0.00000   100%  45.8 3560s
 13399158 216073 infeasible   65         5.96383    0.00000   100%  45.8 3565s
 13418629 216099    0.00000   54    4    5.96383    0.00000   100%  45.8 3570s
 13436397 216424 infeasible   63         5.96383    0.00000   100%  45.8 3575s
 13451615 216431 infeasible   64         5.96383    0.00000   100%  45.8 3580s
 13469521 216318    0.00000   64    4    5.96383    0.00000   100%  45.8 3585s
 13485889 216199 infeasible   63         5.96383    0.00000   100%  45.8 3590s
 13504652 216077 infeasible   64         5.96383    0.00000   100%  45.8 3595s
 13522991 216067 infeasible   75         5.96383    0.00000   100%  45.8 3600s
 13540749 216076 infeasible   60         5.96383    0.00000   100%  45.8 3605s
 13558808 216099 infeasible   64         5.96383    0.00000   100%  45.8 3610s
 13578411 215998    0.00000   74    4    5.96383    0.00000   100%  45.8 3615s
 13596654 215916    0.00000   64   20    5.96383    0.00000   100%  45.8 3620s
 13614914 215944    0.00000   66   15    5.96383    0.00000   100%  45.8 3625s
 13633242 216563 infeasible   64         5.96383    0.00000   100%  45.8 3630s
 13651395 216684 infeasible   54         5.96383    0.00000   100%  45.8 3635s
 13668130 216697    0.00000   63   24    5.96383    0.00000   100%  45.8 3640s
 13687165 216758 infeasible   64         5.96383    0.00000   100%  45.8 3645s
 13705753 216708 infeasible   68         5.96383    0.00000   100%  45.8 3650s
 13730644 216567 infeasible   70         5.96383    0.00000   100%  45.8 3655s
 13754805 216423 infeasible   73         5.96383    0.00000   100%  45.8 3660s
 13775618 216337 infeasible   62         5.96383    0.00000   100%  45.8 3665s
 13795929 216476    0.00000   68   14    5.96383    0.00000   100%  45.8 3670s
 13814070 216363    0.00000   63    2    5.96383    0.00000   100%  45.8 3675s
 13834976 216436 infeasible   64         5.96383    0.00000   100%  45.8 3680s
 13853737 216417    0.00000   50   29    5.96383    0.00000   100%  45.8 3685s
 13873084 216329    0.00000   61   23    5.96383    0.00000   100%  45.8 3690s
 13895634 216434    0.00000   64   18    5.96383    0.00000   100%  45.8 3695s
 13917046 216783    0.00000   53   24    5.96383    0.00000   100%  45.8 3700s
 13940159 216503 infeasible   64         5.96383    0.00000   100%  45.8 3705s
 13958325 216257    0.00000   57   29    5.96383    0.00000   100%  45.8 3710s
 13985037 216197    0.00000   67   13    5.96383    0.00000   100%  45.8 3715s
 14006954 216196    0.00000   66   22    5.96383    0.00000   100%  45.8 3720s
 14024873 216300 infeasible   64         5.96383    0.00000   100%  45.8 3725s
 14043857 216438 infeasible   55         5.96383    0.00000   100%  45.8 3730s
 14061288 216408 infeasible   74         5.96383    0.00000   100%  45.8 3735s
 14081637 216276    0.00000   64    4    5.96383    0.00000   100%  45.8 3740s
 14100773 216068    0.00000   58   13    5.96383    0.00000   100%  45.8 3745s
 14121587 215948 infeasible   62         5.96383    0.00000   100%  45.8 3750s
 14139983 216101 infeasible   53         5.96383    0.00000   100%  45.8 3755s
 14157409 216306 infeasible   63         5.96383    0.00000   100%  45.8 3760s
 14181476 216663    0.00000   60   25    5.96383    0.00000   100%  45.8 3765s
 14205017 216464 infeasible   52         5.96383    0.00000   100%  45.8 3770s
 14227195 216363    0.00000   54   12    5.96383    0.00000   100%  45.7 3775s
 14247120 216420 infeasible   51         5.96383    0.00000   100%  45.8 3780s
 14263980 216726    0.00000   51   40    5.96383    0.00000   100%  45.8 3785s
 14284850 216590    0.00000   72   36    5.96383    0.00000   100%  45.8 3790s
 14303888 216387    0.00000   48   24    5.96383    0.00000   100%  45.8 3795s
 14321826 216465    0.00000   54    1    5.96383    0.00000   100%  45.8 3800s
 14343212 216444 infeasible   63         5.96383    0.00000   100%  45.8 3805s
 14361283 216311    0.00000   53   23    5.96383    0.00000   100%  45.8 3810s
 14380919 216373    0.00000   63    1    5.96383    0.00000   100%  45.8 3815s
 14396633 216490 infeasible   58         5.96383    0.00000   100%  45.8 3820s
 14418341 216399    0.00000   60   21    5.96383    0.00000   100%  45.8 3825s
 14437122 216262 infeasible   55         5.96383    0.00000   100%  45.8 3830s
 14457829 216285    0.00000   52   21    5.96383    0.00000   100%  45.8 3835s
 14477808 216451    0.00000   54   27    5.96383    0.00000   100%  45.8 3840s
 14498762 216517 infeasible   74         5.96383    0.00000   100%  45.8 3845s
 14517884 216371 infeasible   69         5.96383    0.00000   100%  45.8 3850s
 14540415 216126    0.00000   53   17    5.96383    0.00000   100%  45.8 3855s
 14557683 216294    0.00000   55   16    5.96383    0.00000   100%  45.8 3860s
 14577908 216627 infeasible   54         5.96383    0.00000   100%  45.8 3865s
 14596261 216882    0.00000   62   24    5.96383    0.00000   100%  45.8 3870s
 14618724 216749 infeasible   64         5.96383    0.00000   100%  45.8 3875s
 14636726 216641    0.00000   58   25    5.96383    0.00000   100%  45.8 3880s
 14658496 216486    0.00000   65   22    5.96383    0.00000   100%  45.8 3885s
 14679238 216475    0.00000   64    2    5.96383    0.00000   100%  45.8 3890s
 14696314 216362    0.00000   56   20    5.96383    0.00000   100%  45.8 3895s
 14719123 216279    0.00000   67   11    5.96383    0.00000   100%  45.8 3900s
 14738812 216390    0.00000   70   20    5.96383    0.00000   100%  45.8 3905s
 14759049 216219 infeasible   61         5.96383    0.00000   100%  45.8 3910s
 14779820 216318    0.00000   62   21    5.96383    0.00000   100%  45.8 3916s
 14799322 216519    0.00000   59   26    5.96383    0.00000   100%  45.8 3920s
 14820588 216405    0.00000   56   10    5.96383    0.00000   100%  45.8 3925s
 14841626 216151    0.00000   64    4    5.96383    0.00000   100%  45.8 3930s
 14861670 216484 infeasible   77         5.96383    0.00000   100%  45.8 3935s
 14881276 216648    0.00000   59   29    5.96383    0.00000   100%  45.8 3940s
 14903705 216622    0.00000   61   23    5.96383    0.00000   100%  45.8 3945s
 14928168 216506 infeasible   62         5.96383    0.00000   100%  45.7 3950s
 14950840 216342    0.00000   63   21    5.96383    0.00000   100%  45.7 3955s
 14968214 216170 infeasible   51         5.96383    0.00000   100%  45.7 3960s
 14988326 216130 infeasible   62         5.96383    0.00000   100%  45.7 3965s
 15006517 215963    0.00000   58   12    5.96383    0.00000   100%  45.8 3970s
 15027915 216417    0.00000   54    8    5.96383    0.00000   100%  45.8 3975s
 15045506 216513 infeasible   64         5.96383    0.00000   100%  45.8 3980s
 15066127 216335 infeasible   64         5.96383    0.00000   100%  45.8 3985s
 15085877 216245    0.00000   60   27    5.96383    0.00000   100%  45.7 3990s
 15109717 216048 infeasible   53         5.96383    0.00000   100%  45.7 3995s
 15130851 216113    0.00000   54    8    5.96383    0.00000   100%  45.7 4000s
 15156190 215942 infeasible   61         5.96383    0.00000   100%  45.7 4005s
 15177161 216130 infeasible   64         5.96383    0.00000   100%  45.7 4010s
 15198752 216175    0.00000   51   20    5.96383    0.00000   100%  45.7 4015s
 15220731 216096 infeasible   74         5.96383    0.00000   100%  45.7 4020s
 15243028 215890 infeasible   68         5.96383    0.00000   100%  45.7 4025s
 15259700 217069    0.00000   52   36    5.96383    0.00000   100%  45.7 4030s
 15279164 219651    5.00000   62   17    5.96383    0.00000   100%  45.7 4035s
 15300376 222130 infeasible   54         5.96383    0.00000   100%  45.7 4040s
 15326236 224753    0.00000   68   12    5.96383    0.00000   100%  45.7 4045s
 15345451 226724 infeasible   59         5.96383    0.00000   100%  45.7 4050s
 15364386 228580    0.00000   70   18    5.96383    0.00000   100%  45.7 4055s
 15382129 229856 infeasible   63         5.96383    0.00000   100%  45.7 4060s
 15400215 230801    0.00000   50   31    5.96383    0.00000   100%  45.7 4065s
 15417787 231696 infeasible   53         5.96383    0.00000   100%  45.7 4070s
 15431046 232402    0.00000   53    1    5.96383    0.00000   100%  45.8 4075s
 15444084 233356    0.00000   54   16    5.96383    0.00000   100%  45.8 4080s
 15456774 234449    0.00000   52   22    5.96383    0.00000   100%  45.8 4085s
 15472673 235797    0.00000   50   43    5.96383    0.00000   100%  45.8 4090s
 15485635 236654 infeasible   54         5.96383    0.00000   100%  45.8 4095s
 15498895 237799 infeasible   54         5.96383    0.00000   100%  45.9 4100s
 15511897 238780    0.00000   64   16    5.96383    0.00000   100%  45.9 4105s
 15529309 239329 infeasible   64         5.96383    0.00000   100%  45.9 4110s
 15545941 240073 infeasible   66         5.96383    0.00000   100%  45.9 4115s
 15565273 240593    0.00000   61   31    5.96383    0.00000   100%  45.9 4120s
 15585648 240724 infeasible   64         5.96383    0.00000   100%  45.9 4125s
 15607819 240888    0.00000   64    4    5.96383    0.00000   100%  45.9 4130s
 15628597 240871 infeasible   58         5.96383    0.00000   100%  45.9 4135s
 15647741 241142 infeasible   64         5.96383    0.00000   100%  45.9 4140s
 15668337 241360 infeasible   56         5.96383    0.00000   100%  45.9 4145s
 15685069 242326    0.00000   44   13    5.96383    0.00000   100%  45.9 4150s
 15700615 244162    0.00000   57   18    5.96383    0.00000   100%  45.9 4155s
 15716532 245774 infeasible   64         5.96383    0.00000   100%  45.9 4160s
 15734108 248422    5.00000   57   19    5.96383    0.00000   100%  45.9 4165s
 15753595 251078    0.00000   56   11    5.96383    0.00000   100%  45.9 4170s
 15771258 253512    5.00000   68   29    5.96383    0.00000   100%  46.0 4175s
 15792054 255887 infeasible   60         5.96383    0.00000   100%  46.0 4180s
 15810601 257785    1.00000   44   33    5.96383    0.00000   100%  46.0 4185s
 15829494 259681 infeasible   57         5.96383    0.00000   100%  46.0 4190s
 15849446 260695    0.00000   63    1    5.96383    0.00000   100%  46.0 4195s
 15866951 261114    0.00000   59   24    5.96383    0.00000   100%  46.0 4200s
 15885456 261044    0.00000   55   10    5.96383    0.00000   100%  46.0 4205s
 15908115 261222 infeasible   63         5.96383    0.00000   100%  46.0 4210s
 15927245 261319    0.00000   52   36    5.96383    0.00000   100%  46.0 4215s
 15945037 261470    0.00000   64   12    5.96383    0.00000   100%  46.0 4220s
 15962947 261930    0.00000   55   29    5.96383    0.00000   100%  46.0 4225s
 15978050 262127    0.00000   55   28    5.96383    0.00000   100%  46.0 4230s
 15993549 262094    0.00000   57   28    5.96383    0.00000   100%  46.0 4235s
 16011194 261956    0.00000   64   21    5.96383    0.00000   100%  46.0 4240s
 16026688 262059 infeasible   63         5.96383    0.00000   100%  46.0 4245s
 16044779 261922    0.00000   54   13    5.96383    0.00000   100%  46.0 4250s
 16062483 261950    0.00000   59   37    5.96383    0.00000   100%  46.0 4255s
 16079332 262057 infeasible   71         5.96383    0.00000   100%  46.0 4260s
 16096393 262063    0.00000   67   31    5.96383    0.00000   100%  46.0 4265s
 16113141 261906 infeasible   61         5.96383    0.00000   100%  46.0 4270s
 16131191 261854 infeasible   58         5.96383    0.00000   100%  46.0 4275s
 16147759 261929 infeasible   57         5.96383    0.00000   100%  46.1 4280s
 16164487 262253 infeasible   54         5.96383    0.00000   100%  46.1 4285s
 16180965 262366    0.00000   62   12    5.96383    0.00000   100%  46.1 4290s
 16199034 262291 infeasible   64         5.96383    0.00000   100%  46.1 4295s
 16214245 262256    0.00000   60   27    5.96383    0.00000   100%  46.1 4300s
 16233286 262146 infeasible   74         5.96383    0.00000   100%  46.1 4305s
 16251412 262057 infeasible   63         5.96383    0.00000   100%  46.1 4310s
 16267864 261929 infeasible   64         5.96383    0.00000   100%  46.1 4315s
 16286946 262044    0.00000   54   21    5.96383    0.00000   100%  46.1 4320s
 16295118 261903    0.00000   56   15    5.96383    0.00000   100%  46.1 4325s
 16318339 261920 infeasible   63         5.96383    0.00000   100%  46.1 4330s
 16338199 261854    0.00000   56   26    5.96383    0.00000   100%  46.1 4335s
 16358038 262081 infeasible   64         5.96383    0.00000   100%  46.1 4340s
 16374413 262394 infeasible   62         5.96383    0.00000   100%  46.1 4345s
 16395966 262600    0.00000   54   16    5.96383    0.00000   100%  46.1 4350s
 16414629 262602    0.00000   68   29    5.96383    0.00000   100%  46.1 4355s
 16432255 262504 infeasible   63         5.96383    0.00000   100%  46.1 4360s
 16449549 262461 infeasible   63         5.96383    0.00000   100%  46.1 4365s
 16468675 262533 infeasible   65         5.96383    0.00000   100%  46.1 4370s
 16485889 262518    0.00000   64   26    5.96383    0.00000   100%  46.1 4375s
 16503771 262654 infeasible   57         5.96383    0.00000   100%  46.1 4380s
 16526358 263010    0.00000   54    8    5.96383    0.00000   100%  46.1 4385s
 16541749 263896 infeasible   62         5.96383    0.00000   100%  46.1 4390s
 16556631 266017    0.00000   61   37    5.96383    0.00000   100%  46.2 4395s
 16570432 268497    0.00000   63    2    5.96383    0.00000   100%  46.2 4400s
 16586119 270161    5.00000   74   13    5.96383    0.00000   100%  46.2 4405s
 16606176 271515    0.00000   62   22    5.96383    0.00000   100%  46.2 4410s
 16628486 272129    5.00000   66   33    5.96383    0.00000   100%  46.2 4415s
 16646650 272305 infeasible   68         5.96383    0.00000   100%  46.2 4420s
 16665095 272425    0.00000   62   32    5.96383    0.00000   100%  46.2 4425s
 16684537 272594    0.00000   60   19    5.96383    0.00000   100%  46.2 4430s
 16704464 272876 infeasible   51         5.96383    0.00000   100%  46.2 4435s
 16718177 272976 infeasible   60         5.96383    0.00000   100%  46.2 4440s
 16742782 273010    0.00000   57   25    5.96383    0.00000   100%  46.2 4445s
 16762402 273135 infeasible   62         5.96383    0.00000   100%  46.2 4450s
 16779296 273615    0.00000   50   36    5.96383    0.00000   100%  46.2 4455s
 16794239 274504    0.00000   48   21    5.96383    0.00000   100%  46.2 4460s
 16814083 275438 infeasible   54         5.96383    0.00000   100%  46.2 4465s
 16832921 276154    0.00000   52    9    5.96383    0.00000   100%  46.2 4470s
 16849947 276299    0.00000   48   16    5.96383    0.00000   100%  46.2 4475s
 16868341 276594 infeasible   44         5.96383    0.00000   100%  46.2 4480s
 16886903 276842    0.00000   71   13    5.96383    0.00000   100%  46.2 4485s
 16909860 277407    5.00000   50   43    5.96383    0.00000   100%  46.2 4490s
 16931348 277795    0.00000   61   14    5.96383    0.00000   100%  46.2 4495s
 16951453 278074    0.00000   68   15    5.96383    0.00000   100%  46.2 4500s
 16969363 278336    0.00000   63   20    5.96383    0.00000   100%  46.2 4505s
 16985131 279451 infeasible   45         5.96383    0.00000   100%  46.2 4510s
 17002354 281586 infeasible   67         5.96383    0.00000   100%  46.2 4515s
 17020714 282808    5.00000   54   24    5.96383    0.00000   100%  46.2 4520s
 17042787 284502    0.00000   44    7    5.96383    0.00000   100%  46.2 4525s
 17059011 286051 infeasible   74         5.96383    0.00000   100%  46.2 4530s
 17082082 288058    5.00000   67    4    5.96383    0.00000   100%  46.2 4535s
 17101029 289464    0.00000   57   21    5.96383    0.00000   100%  46.2 4540s
 17121225 290337 infeasible   63         5.96383    0.00000   100%  46.2 4545s
 17140118 291496    0.00000   44    9    5.96383    0.00000   100%  46.2 4550s
 17157864 292495    0.00000   54    4    5.96383    0.00000   100%  46.2 4555s
 17176832 293269    0.00000   59   29    5.96383    0.00000   100%  46.2 4560s
 17196818 293805 infeasible   55         5.96383    0.00000   100%  46.2 4565s
 17213372 294411 infeasible   60         5.96383    0.00000   100%  46.2 4570s
 17227748 294976 infeasible   54         5.96383    0.00000   100%  46.2 4575s
 17251621 295382 infeasible   51         5.96383    0.00000   100%  46.2 4580s
 17269049 296286 infeasible   66         5.96383    0.00000   100%  46.2 4585s
 17287369 296903 infeasible   54         5.96383    0.00000   100%  46.2 4590s
 17307677 297714 infeasible   58         5.96383    0.00000   100%  46.2 4595s
 17326248 298560 infeasible   60         5.96383    0.00000   100%  46.2 4600s
 17346336 299550 infeasible   68         5.96383    0.00000   100%  46.2 4605s
 17368123 300196 infeasible   63         5.96383    0.00000   100%  46.2 4610s
 17386997 300434 infeasible   66         5.96383    0.00000   100%  46.2 4615s
 17405878 300584 infeasible   65         5.96383    0.00000   100%  46.2 4620s
 17426206 300868    0.00000   57   14    5.96383    0.00000   100%  46.2 4625s
 17442822 301110 infeasible   64         5.96383    0.00000   100%  46.2 4630s
 17458344 301460    0.00000   54    5    5.96383    0.00000   100%  46.2 4635s
 17472880 302028 infeasible   64         5.96383    0.00000   100%  46.3 4640s
 17488694 302254 infeasible   62         5.96383    0.00000   100%  46.3 4645s
 17507079 302757 infeasible   62         5.96383    0.00000   100%  46.3 4650s
 17519977 302977 infeasible   51         5.96383    0.00000   100%  46.3 4655s
 17538040 303005    0.00000   54    3    5.96383    0.00000   100%  46.3 4660s
 17554061 303543 infeasible   64         5.96383    0.00000   100%  46.3 4665s
 17571988 303997    0.00000   56   15    5.96383    0.00000   100%  46.3 4670s
 17587662 304303 infeasible   56         5.96383    0.00000   100%  46.3 4675s
 17605102 304575    0.00000   53   19    5.96383    0.00000   100%  46.3 4680s
 17625447 304834 infeasible   63         5.96383    0.00000   100%  46.3 4685s
 17645795 304933 infeasible   64         5.96383    0.00000   100%  46.3 4690s
 17662764 304906    0.00000   55    4    5.96383    0.00000   100%  46.3 4695s
 17683537 304869 infeasible   54         5.96383    0.00000   100%  46.3 4700s
 17703581 305397    0.00000   61   19    5.96383    0.00000   100%  46.3 4705s
 17719086 305893    0.00000   62   26    5.96383    0.00000   100%  46.3 4710s
 17734364 306067 infeasible   49         5.96383    0.00000   100%  46.3 4715s
 17751315 306122    0.00000   56   28    5.96383    0.00000   100%  46.4 4720s
 17768527 306283 infeasible   51         5.96383    0.00000   100%  46.4 4725s
 17788307 306459    0.00000   50   14    5.96383    0.00000   100%  46.4 4730s
 17806284 306647 infeasible   74         5.96383    0.00000   100%  46.4 4735s
 17825222 306873 infeasible   66         5.96383    0.00000   100%  46.4 4740s
 17844705 306848    0.00000   62   19    5.96383    0.00000   100%  46.4 4745s
 17863615 307291 infeasible   62         5.96383    0.00000   100%  46.4 4750s
 17879968 307470    0.00000   65   24    5.96383    0.00000   100%  46.4 4755s
 17898043 307644 infeasible   63         5.96383    0.00000   100%  46.4 4760s
 17915005 307681 infeasible   74         5.96383    0.00000   100%  46.4 4765s
 17930652 307607    0.00000   49   27    5.96383    0.00000   100%  46.4 4770s
 17950474 307807    0.00000   61   20    5.96383    0.00000   100%  46.4 4775s
 17968709 307798 infeasible   64         5.96383    0.00000   100%  46.4 4780s
 17984856 307765 infeasible   64         5.96383    0.00000   100%  46.4 4785s
 18003334 308129 infeasible   77         5.96383    0.00000   100%  46.4 4790s
 18018241 308516 infeasible   68         5.96383    0.00000   100%  46.4 4795s
 18035956 308785 infeasible   64         5.96383    0.00000   100%  46.4 4800s
 18055008 308776 infeasible   64         5.96383    0.00000   100%  46.4 4805s
 18070235 309368 infeasible   68         5.96383    0.00000   100%  46.4 4810s
 18086874 309620    0.00000   62   38    5.96383    0.00000   100%  46.5 4815s
 18100509 309903 infeasible   64         5.96383    0.00000   100%  46.5 4820s
 18118767 310462 infeasible   55         5.96383    0.00000   100%  46.5 4825s
 18134484 310938 infeasible   64         5.96383    0.00000   100%  46.5 4830s
 18152639 311131    0.00000   49   15    5.96383    0.00000   100%  46.5 4835s
 18168321 311132    0.00000   62   20    5.96383    0.00000   100%  46.5 4840s
 18184918 311206    0.00000   64    5    5.96383    0.00000   100%  46.5 4845s
 18201691 311606    0.00000   76   24    5.96383    0.00000   100%  46.5 4850s
 18218771 312083    0.00000   63    2    5.96383    0.00000   100%  46.5 4855s
 18234090 312120    0.00000   63    9    5.96383    0.00000   100%  46.5 4860s
 18248705 312290    0.00000   54    2    5.96383    0.00000   100%  46.6 4865s
 18265734 312697    0.00000   63    1    5.96383    0.00000   100%  46.6 4870s
 18285643 312920 infeasible   68         5.96383    0.00000   100%  46.6 4875s
 18303449 313370    0.00000   57   23    5.96383    0.00000   100%  46.6 4880s
 18322749 314471 infeasible   62         5.96383    0.00000   100%  46.6 4885s
 18341378 315406 infeasible   59         5.96383    0.00000   100%  46.6 4890s
 18363478 316226    0.00000   63    7    5.96383    0.00000   100%  46.6 4895s
 18382422 316520    0.00000   46   47    5.96383    0.00000   100%  46.6 4900s
 18404132 317246 infeasible   74         5.96383    0.00000   100%  46.6 4905s
 18423648 317648    0.00000   60   29    5.96383    0.00000   100%  46.6 4910s
 18442208 318201 infeasible   53         5.96383    0.00000   100%  46.6 4915s
 18459558 318634    0.00000   54   30    5.96383    0.00000   100%  46.6 4920s
 18480970 318797    0.00000   65   11    5.96383    0.00000   100%  46.6 4925s
 18502404 319253 infeasible   64         5.96383    0.00000   100%  46.6 4930s
 18519542 319424    0.00000   50   30    5.96383    0.00000   100%  46.6 4935s
 18534630 319856 infeasible   54         5.96383    0.00000   100%  46.6 4940s
 18551317 320389 infeasible   63         5.96383    0.00000   100%  46.6 4945s
 18566276 320968 infeasible   79         5.96383    0.00000   100%  46.6 4950s
 18587366 321800    0.00000   38   21    5.96383    0.00000   100%  46.6 4955s
 18605037 322303    0.00000   61   27    5.96383    0.00000   100%  46.6 4960s
 18618743 322944 infeasible   62         5.96383    0.00000   100%  46.6 4965s
 18639312 323621    0.00000   62   25    5.96383    0.00000   100%  46.6 4970s
 18658114 324329 infeasible   51         5.96383    0.00000   100%  46.6 4975s
 18676893 325952    0.00000   61   34    5.96383    0.00000   100%  46.6 4980s
 18693967 326662 infeasible   62         5.96383    0.00000   100%  46.6 4985s
 18711937 327021    0.00000   54   11    5.96383    0.00000   100%  46.6 4990s
 18729142 327474 infeasible   64         5.96383    0.00000   100%  46.6 4995s
 18745753 328509    0.00000   54    7    5.96383    0.00000   100%  46.6 5000s
 18762420 329606    1.00000   64   28    5.96383    0.00000   100%  46.7 5005s
 18779545 330782 infeasible   52         5.96383    0.00000   100%  46.7 5010s
 18796799 331992 infeasible   55         5.96383    0.00000   100%  46.7 5015s
 18813540 332332    0.00000   58   22    5.96383    0.00000   100%  46.7 5020s
 18826877 333169    0.00000   56   36    5.96383    0.00000   100%  46.7 5025s
 18847331 333961    0.00000   63    2    5.96383    0.00000   100%  46.7 5030s
 18864070 334979    0.00000   68   31    5.96383    0.00000   100%  46.7 5035s
 18881429 335778    0.00000   53   16    5.96383    0.00000   100%  46.7 5040s
 18898327 336376 infeasible   70         5.96383    0.00000   100%  46.7 5045s
 18914093 337031    1.00000   65   31    5.96383    0.00000   100%  46.7 5050s
 18934086 339237 infeasible   68         5.96383    0.00000   100%  46.7 5055s
 18953566 340808    0.00000   63    4    5.96383    0.00000   100%  46.7 5060s
 18973195 342715    0.00000   63   14    5.96383    0.00000   100%  46.7 5065s
 18994796 344287    0.00000   64    6    5.96383    0.00000   100%  46.7 5070s
 19012980 345589 infeasible   67         5.96383    0.00000   100%  46.7 5075s
 19028564 346501    1.00000   54    4    5.96383    0.00000   100%  46.7 5080s
 19035502 346986    0.00000   60   28    5.96383    0.00000   100%  46.7 5085s
 19053800 347383    0.00000   68   19    5.96383    0.00000   100%  46.8 5090s
 19067799 347606    0.00000   60   38    5.96383    0.00000   100%  46.8 5095s
 19082560 347926    0.00000   63   15    5.96383    0.00000   100%  46.8 5100s
 19096988 348458 infeasible   63         5.96383    0.00000   100%  46.8 5105s
 19114612 348795    0.00000   60   18    5.96383    0.00000   100%  46.8 5110s
 19130207 349060 infeasible   67         5.96383    0.00000   100%  46.8 5115s
 19145400 349154 infeasible   65         5.96383    0.00000   100%  46.8 5120s
 19161994 349607 infeasible   64         5.96383    0.00000   100%  46.8 5125s
 19175760 349847 infeasible   64         5.96383    0.00000   100%  46.9 5130s
 19189212 350095    0.00000   49   25    5.96383    0.00000   100%  46.9 5135s
 19204145 350258 infeasible   56         5.96383    0.00000   100%  46.9 5140s
 19221336 350476 infeasible   58         5.96383    0.00000   100%  46.9 5145s
 19237366 350705 infeasible   64         5.96383    0.00000   100%  46.9 5150s
 19253506 351207    0.00000   56   12    5.96383    0.00000   100%  46.9 5155s
 19270769 351848    0.00000   59   22    5.96383    0.00000   100%  46.9 5160s
 19286834 352283 infeasible   65         5.96383    0.00000   100%  46.9 5165s
 19308560 352381    0.00000   61   19    5.96383    0.00000   100%  46.9 5170s
 19330304 352896    0.00000   61   37    5.96383    0.00000   100%  46.9 5175s
 19349234 353467    0.00000   61   12    5.96383    0.00000   100%  46.9 5180s
 19369541 353674    0.00000   67   20    5.96383    0.00000   100%  46.9 5185s
 19390075 353824 infeasible   65         5.96383    0.00000   100%  46.9 5190s
 19408770 353866 infeasible   54         5.96383    0.00000   100%  46.9 5195s
 19427001 353886    0.00000   61   26    5.96383    0.00000   100%  46.9 5200s
 19442640 353950    0.00000   64    6    5.96383    0.00000   100%  46.9 5205s
 19460501 354418 infeasible   65         5.96383    0.00000   100%  46.9 5210s
 19476535 355273    0.00000   53    7    5.96383    0.00000   100%  46.9 5216s
 19491613 356084 infeasible   53         5.96383    0.00000   100%  46.9 5221s
 19511240 356738 infeasible   54         5.96383    0.00000   100%  46.9 5225s
 19530670 357399 infeasible   69         5.96383    0.00000   100%  47.0 5230s
 19550039 358279    0.00000   64   15    5.96383    0.00000   100%  47.0 5235s
 19568296 359195    0.00000   49   28    5.96383    0.00000   100%  47.0 5240s
 19586598 359963    0.00000   57   24    5.96383    0.00000   100%  47.0 5245s
 19599781 360194 infeasible   64         5.96383    0.00000   100%  47.0 5250s
 19612096 360197    0.00000   64    7    5.96383    0.00000   100%  47.0 5255s
 19625759 360210 infeasible   64         5.96383    0.00000   100%  47.0 5260s
 19642453 360345 infeasible   61         5.96383    0.00000   100%  47.0 5265s
 19656381 360334 infeasible   64         5.96383    0.00000   100%  47.0 5270s
 19673209 360747 infeasible   63         5.96383    0.00000   100%  47.0 5275s
 19689620 361792 infeasible   67         5.96383    0.00000   100%  47.1 5280s
 19706177 362542    0.00000   54    6    5.96383    0.00000   100%  47.1 5285s
 19723116 363022 infeasible   46         5.96383    0.00000   100%  47.1 5290s
 19744079 363299 infeasible   60         5.96383    0.00000   100%  47.1 5295s
 19763269 363438 infeasible   66         5.96383    0.00000   100%  47.1 5300s
 19781844 363804 infeasible   67         5.96383    0.00000   100%  47.1 5305s
 19797370 364075    0.00000   64    9    5.96383    0.00000   100%  47.1 5310s
 19814864 364089 infeasible   61         5.96383    0.00000   100%  47.1 5315s
 19829531 364065 infeasible   64         5.96383    0.00000   100%  47.1 5320s
 19846483 364038    0.00000   59   21    5.96383    0.00000   100%  47.1 5325s
 19860930 364461 infeasible   64         5.96383    0.00000   100%  47.1 5330s
 19882486 365286 infeasible   64         5.96383    0.00000   100%  47.1 5335s
 19907297 365756    0.00000   56   27    5.96383    0.00000   100%  47.1 5340s
 19929457 366081 infeasible   72         5.96383    0.00000   100%  47.1 5345s
 19945427 367828 infeasible   45         5.96383    0.00000   100%  47.1 5350s
 19960742 369681 infeasible   52         5.96383    0.00000   100%  47.1 5355s
 19976896 371533 infeasible   56         5.96383    0.00000   100%  47.1 5360s
 19997201 373405    0.00000   59   21    5.96383    0.00000   100%  47.1 5365s
 20013573 375432 infeasible   48         5.96383    0.00000   100%  47.1 5370s
 20029078 376657    5.00000   50   35    5.96383    0.00000   100%  47.1 5375s
 20048220 378547    1.00000   52   24    5.96383    0.00000   100%  47.1 5380s
 20065409 379271    1.00000   58   17    5.96383    0.00000   100%  47.2 5385s
 20083649 379631 infeasible   54         5.96383    0.00000   100%  47.2 5390s
 20104599 379729    0.00000   51   37    5.96383    0.00000   100%  47.2 5395s
 20123356 379931    0.00000   51   35    5.96383    0.00000   100%  47.2 5400s
 20143082 380184 infeasible   57         5.96383    0.00000   100%  47.2 5405s
 20161620 380532    1.00000   44   11    5.96383    0.00000   100%  47.2 5410s
 20180128 380740    0.00000   62   22    5.96383    0.00000   100%  47.2 5415s
 20196836 381336    0.00000   61   17    5.96383    0.00000   100%  47.2 5420s
 20209243 381441    0.00000   54   11    5.96383    0.00000   100%  47.2 5425s
 20221018 381470 infeasible   53         5.96383    0.00000   100%  47.2 5430s
 20231419 381489    0.00000   64   12    5.96383    0.00000   100%  47.2 5435s
 20246117 381386    0.00000   64   18    5.96383    0.00000   100%  47.2 5440s
 20259107 381336 infeasible   59         5.96383    0.00000   100%  47.3 5445s
 20271315 381649    0.00000   61   26    5.96383    0.00000   100%  47.3 5450s
 20289947 381999    0.00000   71   25    5.96383    0.00000   100%  47.3 5455s
 20303312 382062    0.00000   52   33    5.96383    0.00000   100%  47.3 5460s
 20315652 382829    0.00000   54    4    5.96383    0.00000   100%  47.3 5466s
 20334495 383169 infeasible   62         5.96383    0.00000   100%  47.3 5470s
 20351407 383694    0.00000   55   20    5.96383    0.00000   100%  47.3 5475s
 20368060 383921    0.00000   70   38    5.96383    0.00000   100%  47.3 5480s
 20388644 383893 infeasible   74         5.96383    0.00000   100%  47.3 5485s
 20407799 383674 infeasible   64         5.96383    0.00000   100%  47.3 5490s
 20424939 383553    0.00000   54   23    5.96383    0.00000   100%  47.3 5495s
 20441624 383462    0.00000   64    7    5.96383    0.00000   100%  47.3 5500s
 20460257 383398    0.00000   60   23    5.96383    0.00000   100%  47.3 5505s
 20477331 383379 infeasible   60         5.96383    0.00000   100%  47.3 5510s
 20495050 383313 infeasible   63         5.96383    0.00000   100%  47.3 5515s
 20512362 383312    0.00000   55   23    5.96383    0.00000   100%  47.3 5520s
 20529011 383168 infeasible   64         5.96383    0.00000   100%  47.4 5525s
 20548215 382967 infeasible   54         5.96383    0.00000   100%  47.4 5530s
 20565555 382979    0.00000   60    9    5.96383    0.00000   100%  47.4 5535s
 20581688 383001    0.00000   62   36    5.96383    0.00000   100%  47.4 5541s
 20600709 382990 infeasible   64         5.96383    0.00000   100%  47.4 5545s
 20617811 383073    0.00000   62   36    5.96383    0.00000   100%  47.4 5550s
 20638356 382886    0.00000   44    4    5.96383    0.00000   100%  47.4 5555s
 20656362 382942    0.00000   55   24    5.96383    0.00000   100%  47.4 5560s
 20675360 383520 infeasible   68         5.96383    0.00000   100%  47.4 5565s
 20695146 383885    0.00000   60   28    5.96383    0.00000   100%  47.4 5570s
 20714840 383782    0.00000   65   19    5.96383    0.00000   100%  47.4 5575s
 20735987 383714    0.00000   64    3    5.96383    0.00000   100%  47.4 5580s
 20756310 383696 infeasible   74         5.96383    0.00000   100%  47.4 5585s
 20775618 383594    0.00000   68   15    5.96383    0.00000   100%  47.3 5590s
 20798936 383490    0.00000   63   16    5.96383    0.00000   100%  47.3 5595s
 20819304 383510    0.00000   65   11    5.96383    0.00000   100%  47.3 5600s
 20838977 383434    0.00000   65   23    5.96383    0.00000   100%  47.3 5605s
 20861031 383450 infeasible   68         5.96383    0.00000   100%  47.3 5610s
 20878447 383377 infeasible   69         5.96383    0.00000   100%  47.3 5615s
 20901634 383400    0.00000   64   12    5.96383    0.00000   100%  47.3 5620s
 20920489 383310 infeasible   64         5.96383    0.00000   100%  47.3 5625s
 20942178 383291 infeasible   74         5.96383    0.00000   100%  47.3 5630s
 20960560 383270 infeasible   64         5.96383    0.00000   100%  47.3 5635s
 20980713 383143    0.00000   70   37    5.96383    0.00000   100%  47.3 5640s
 20999508 383041 infeasible   70         5.96383    0.00000   100%  47.3 5645s
 21021675 382960    0.00000   74   23    5.96383    0.00000   100%  47.3 5650s
 21042228 382921 infeasible   69         5.96383    0.00000   100%  47.3 5655s
 21062188 382941 infeasible   62         5.96383    0.00000   100%  47.3 5660s
 21081557 383139 infeasible   63         5.96383    0.00000   100%  47.3 5665s
 21101997 383050 infeasible   67         5.96383    0.00000   100%  47.3 5670s
 21120037 382927 infeasible   74         5.96383    0.00000   100%  47.3 5675s
 21136909 382748 infeasible   68         5.96383    0.00000   100%  47.3 5680s
 21155461 382809    0.00000   62   20    5.96383    0.00000   100%  47.3 5685s
 21174226 383340    0.00000   41   29    5.96383    0.00000   100%  47.3 5690s
 21192032 383455    0.00000   71   18    5.96383    0.00000   100%  47.3 5695s
 21211132 383434 infeasible   70         5.96383    0.00000   100%  47.3 5700s
 21230761 383234 infeasible   64         5.96383    0.00000   100%  47.3 5705s
 21248569 383284 infeasible   64         5.96383    0.00000   100%  47.3 5710s
 21268529 383170    0.00000   60   21    5.96383    0.00000   100%  47.3 5715s
 21286667 383004    0.00000   48   24    5.96383    0.00000   100%  47.3 5720s
 21306950 383395    0.00000   60   30    5.96383    0.00000   100%  47.3 5725s
 21325171 383433 infeasible   61         5.96383    0.00000   100%  47.3 5730s
 21343922 383387    0.00000   63    1    5.96383    0.00000   100%  47.3 5735s
 21363058 383267 infeasible   65         5.96383    0.00000   100%  47.3 5740s
 21385936 383159 infeasible   62         5.96383    0.00000   100%  47.3 5745s
 21406469 383341 infeasible   63         5.96383    0.00000   100%  47.3 5750s
 21427302 383615    0.00000   64    4    5.96383    0.00000   100%  47.3 5755s
 21449955 383402    0.00000   73   20    5.96383    0.00000   100%  47.3 5760s
 21469928 383287 infeasible   62         5.96383    0.00000   100%  47.3 5765s
 21489770 383149 infeasible   55         5.96383    0.00000   100%  47.3 5770s
 21511202 383079    0.00000   63   23    5.96383    0.00000   100%  47.3 5775s
 21534543 383147 infeasible   51         5.96383    0.00000   100%  47.2 5780s
 21553210 383153 infeasible   67         5.96383    0.00000   100%  47.2 5785s
 21571972 382975 infeasible   64         5.96383    0.00000   100%  47.2 5790s
 21592352 383193    0.00000   64   21    5.96383    0.00000   100%  47.2 5795s
 21610455 383214 infeasible   64         5.96383    0.00000   100%  47.2 5800s
 21631671 382870 infeasible   65         5.96383    0.00000   100%  47.2 5805s
 21651455 382821 infeasible   61         5.96383    0.00000   100%  47.2 5810s
 21669675 382730    0.00000   55   10    5.96383    0.00000   100%  47.2 5815s
 21685464 382771    0.00000   67   18    5.96383    0.00000   100%  47.2 5820s
 21704607 382766 infeasible   58         5.96383    0.00000   100%  47.2 5825s
 21722629 383002    0.00000   51   30    5.96383    0.00000   100%  47.2 5830s
 21742723 382887 infeasible   71         5.96383    0.00000   100%  47.2 5835s
 21763310 382708    0.00000   73    4    5.96383    0.00000   100%  47.2 5840s
 21779346 382632    0.00000   64    6    5.96383    0.00000   100%  47.2 5845s
 21797113 382727    0.00000   56   24    5.96383    0.00000   100%  47.2 5850s
 21813906 383004 infeasible   61         5.96383    0.00000   100%  47.2 5855s
 21831686 383038 infeasible   69         5.96383    0.00000   100%  47.3 5860s
 21848576 382958 infeasible   73         5.96383    0.00000   100%  47.3 5865s
 21866012 382896 infeasible   56         5.96383    0.00000   100%  47.3 5870s
 21882805 382716 infeasible   54         5.96383    0.00000   100%  47.3 5875s
 21901928 382634 infeasible   68         5.96383    0.00000   100%  47.3 5880s
 21918621 382620    0.00000   63    4    5.96383    0.00000   100%  47.3 5885s
 21937442 382843    0.00000   51   30    5.96383    0.00000   100%  47.3 5890s
 21956401 382814    0.00000   70   29    5.96383    0.00000   100%  47.3 5895s
 21975249 382646 infeasible   68         5.96383    0.00000   100%  47.3 5900s
 21995071 382814    0.00000   53    1    5.96383    0.00000   100%  47.3 5905s
 22010775 383341    0.00000   60   30    5.96383    0.00000   100%  47.3 5910s
 22028835 383195 infeasible   57         5.96383    0.00000   100%  47.3 5915s
 22048392 383045 infeasible   60         5.96383    0.00000   100%  47.3 5920s
 22065722 382961    0.00000   51   17    5.96383    0.00000   100%  47.3 5925s
 22082010 383087 infeasible   54         5.96383    0.00000   100%  47.3 5930s
 22101302 382964    0.00000   61   20    5.96383    0.00000   100%  47.3 5935s
 22118436 383247    0.00000   58   21    5.96383    0.00000   100%  47.3 5940s
 22135060 383350 infeasible   64         5.96383    0.00000   100%  47.3 5945s
 22152805 383206    0.00000   64   21    5.96383    0.00000   100%  47.3 5950s
 22170807 383075 infeasible   62         5.96383    0.00000   100%  47.3 5955s
 22189744 383001 infeasible   69         5.96383    0.00000   100%  47.3 5960s
 22204069 382871    0.00000   54   18    5.96383    0.00000   100%  47.3 5965s
 22223220 382807 infeasible   54         5.96383    0.00000   100%  47.3 5970s
 22242748 382806    0.00000   54    9    5.96383    0.00000   100%  47.3 5975s
 22262103 382715    0.00000   42   29    5.96383    0.00000   100%  47.3 5980s
 22276866 382834 infeasible   76         5.96383    0.00000   100%  47.3 5985s
 22294801 383030    0.00000   53   14    5.96383    0.00000   100%  47.3 5990s
 22311117 383118    0.00000   65   14    5.96383    0.00000   100%  47.3 5995s
 22328067 382991 infeasible   64         5.96383    0.00000   100%  47.3 6000s
 22344168 382901 infeasible   64         5.96383    0.00000   100%  47.3 6005s
 22361132 382735 infeasible   64         5.96383    0.00000   100%  47.3 6010s
 22377401 382921    0.00000   64   10    5.96383    0.00000   100%  47.3 6015s
 22394526 383335 infeasible   72         5.96383    0.00000   100%  47.3 6020s
 22412939 383243 infeasible   61         5.96383    0.00000   100%  47.4 6025s
 22431844 383172    0.00000   74   18    5.96383    0.00000   100%  47.4 6030s
 22448484 383106 infeasible   74         5.96383    0.00000   100%  47.4 6035s
 22466765 382993 infeasible   74         5.96383    0.00000   100%  47.4 6040s
 22487256 382868 infeasible   74         5.96383    0.00000   100%  47.4 6045s
 22505117 383016 infeasible   53         5.96383    0.00000   100%  47.4 6050s
 22522647 383036 infeasible   64         5.96383    0.00000   100%  47.4 6055s
 22538715 382944    0.00000   51   39    5.96383    0.00000   100%  47.4 6060s
 22558017 382803    0.00000   56   18    5.96383    0.00000   100%  47.4 6065s
 22576257 382745    0.00000   51   35    5.96383    0.00000   100%  47.4 6070s
 22592715 382794    0.00000   52   35    5.96383    0.00000   100%  47.4 6075s
 22613307 382663 infeasible   52         5.96383    0.00000   100%  47.4 6080s
 22630226 382603    0.00000   62   25    5.96383    0.00000   100%  47.4 6085s
 22646398 382700    0.00000   56   15    5.96383    0.00000   100%  47.4 6090s
 22662456 382953    0.00000   57   31    5.96383    0.00000   100%  47.4 6095s
 22682987 383170    0.00000   62   28    5.96383    0.00000   100%  47.4 6100s
 22701601 383065    0.00000   55   27    5.96383    0.00000   100%  47.4 6105s
 22719996 382971 infeasible   70         5.96383    0.00000   100%  47.4 6110s
 22738803 382898    0.00000   64    4    5.96383    0.00000   100%  47.4 6115s
 22755594 382586    0.00000   72   40    5.96383    0.00000   100%  47.4 6121s
 22774811 382942    0.00000   51   23    5.96383    0.00000   100%  47.4 6125s
 22790185 383166    0.00000   57   37    5.96383    0.00000   100%  47.4 6130s
 22808368 383188    0.00000   72   27    5.96383    0.00000   100%  47.4 6135s
 22825061 382975 infeasible   62         5.96383    0.00000   100%  47.4 6140s
 22843099 382771 infeasible   53         5.96383    0.00000   100%  47.4 6145s
 22856924 382924 infeasible   67         5.96383    0.00000   100%  47.4 6150s
 22874985 383176    0.00000   64    6    5.96383    0.00000   100%  47.4 6155s
 22891703 383389 infeasible   62         5.96383    0.00000   100%  47.4 6160s
 22909806 383402    0.00000   66   24    5.96383    0.00000   100%  47.4 6165s
 22928424 383321    0.00000   68   20    5.96383    0.00000   100%  47.4 6170s
 22947682 383200 infeasible   75         5.96383    0.00000   100%  47.4 6175s
 22966402 383078 infeasible   64         5.96383    0.00000   100%  47.4 6180s
 22985712 383016 infeasible   75         5.96383    0.00000   100%  47.4 6185s
 23002974 382991    0.00000   63    4    5.96383    0.00000   100%  47.4 6190s
 23020726 382861 infeasible   63         5.96383    0.00000   100%  47.4 6195s
 23038700 383212 infeasible   61         5.96383    0.00000   100%  47.4 6200s
 23056840 383221 infeasible   74         5.96383    0.00000   100%  47.4 6205s
 23074361 382990 infeasible   64         5.96383    0.00000   100%  47.4 6210s
 23090632 382984 infeasible   64         5.96383    0.00000   100%  47.4 6215s
 23111111 382893 infeasible   64         5.96383    0.00000   100%  47.4 6220s
 23127728 382862    0.00000   64   14    5.96383    0.00000   100%  47.5 6225s
 23143313 382808    0.00000   61   44    5.96383    0.00000   100%  47.5 6230s
 23161583 382663    0.00000   51   33    5.96383    0.00000   100%  47.5 6235s
 23177680 382451 infeasible   52         5.96383    0.00000   100%  47.5 6240s
 23193395 382530    0.00000   54   14    5.96383    0.00000   100%  47.5 6245s
 23206818 382507 infeasible   53         5.96383    0.00000   100%  47.5 6250s
 23222743 382478 infeasible   54         5.96383    0.00000   100%  47.5 6255s
 23236685 382329 infeasible   53         5.96383    0.00000   100%  47.5 6260s
 23252167 382242 infeasible   64         5.96383    0.00000   100%  47.5 6265s
 23266935 382292    0.00000   57   13    5.96383    0.00000   100%  47.5 6270s
 23283743 382316 infeasible   73         5.96383    0.00000   100%  47.5 6275s
 23300453 382691 infeasible   54         5.96383    0.00000   100%  47.5 6280s
 23318015 382748 infeasible   53         5.96383    0.00000   100%  47.5 6285s
 23333162 383003    0.00000   64   16    5.96383    0.00000   100%  47.6 6290s
 23351074 383579    0.00000   66   19    5.96383    0.00000   100%  47.6 6295s
 23366975 383963 infeasible   58         5.96383    0.00000   100%  47.6 6300s
 23386028 385016    0.00000   49   39    5.96383    0.00000   100%  47.6 6305s
 23402046 385452    0.00000   64    4    5.96383    0.00000   100%  47.6 6310s
 23420327 386236 infeasible   65         5.96383    0.00000   100%  47.6 6315s
 23437542 387030    5.00000   63   10    5.96383    0.00000   100%  47.6 6320s
 23455515 388121 infeasible   72         5.96383    0.00000   100%  47.6 6325s
 23476930 389524    0.00000   64    4    5.96383    0.00000   100%  47.6 6330s
 23498552 390375 infeasible   53         5.96383    0.00000   100%  47.6 6335s
 23518327 391089 infeasible   59         5.96383    0.00000   100%  47.6 6340s
 23533931 391651    0.00000   66   28    5.96383    0.00000   100%  47.6 6345s
 23548464 392192    0.00000   62   40    5.96383    0.00000   100%  47.6 6350s
 23562871 392517 infeasible   64         5.96383    0.00000   100%  47.6 6355s
 23579162 392596 infeasible   58         5.96383    0.00000   100%  47.6 6360s
 23594843 392493 infeasible   62         5.96383    0.00000   100%  47.6 6365s
 23610538 392384 infeasible   58         5.96383    0.00000   100%  47.6 6370s
 23625380 392365    0.00000   64    4    5.96383    0.00000   100%  47.6 6375s
 23639039 392542    0.00000   64   16    5.96383    0.00000   100%  47.7 6380s
 23654160 392581 infeasible   69         5.96383    0.00000   100%  47.7 6385s
 23667950 392615    0.00000   63    6    5.96383    0.00000   100%  47.7 6390s
 23682752 392803 infeasible   58         5.96383    0.00000   100%  47.7 6395s
 23696621 392937 infeasible   69         5.96383    0.00000   100%  47.7 6400s
 23713845 393098    0.00000   63   24    5.96383    0.00000   100%  47.7 6405s
 23732774 393420    0.00000   69   30    5.96383    0.00000   100%  47.7 6410s
 23752208 393752    0.00000   63   15    5.96383    0.00000   100%  47.7 6415s
 23773061 394096 infeasible   69         5.96383    0.00000   100%  47.7 6420s
 23790761 394557    0.00000   58   31    5.96383    0.00000   100%  47.7 6425s
 23814816 395725    0.00000   53    4    5.96383    0.00000   100%  47.7 6430s
 23841532 398590 infeasible   64         5.96383    0.00000   100%  47.7 6435s
 23871600 402371    0.00000   52   19    5.96383    0.00000   100%  47.7 6440s
 23893435 404998    0.00000   54    8    5.96383    0.00000   100%  47.7 6445s
 23914147 406348    0.00000   62   25    5.96383    0.00000   100%  47.7 6450s
 23929213 406756    0.00000   54    7    5.96383    0.00000   100%  47.7 6455s
 23946733 407047    0.00000   52   33    5.96383    0.00000   100%  47.7 6460s
 23962911 407072 infeasible   67         5.96383    0.00000   100%  47.7 6465s
 23983024 407465    0.00000   55   15    5.96383    0.00000   100%  47.7 6470s
 23999710 407943    0.00000   63    1    5.96383    0.00000   100%  47.7 6475s
 24017902 408419    0.00000   46   15    5.96383    0.00000   100%  47.7 6480s
 24036527 409333    0.00000   60   12    5.96383    0.00000   100%  47.7 6485s
 24056469 409700 infeasible   56         5.96383    0.00000   100%  47.7 6490s
 24078108 410558    0.00000   64    6    5.96383    0.00000   100%  47.7 6495s
 24096845 411129    0.00000   53    3    5.96383    0.00000   100%  47.7 6500s
 24120261 412308    0.00000   48   36    5.96383    0.00000   100%  47.7 6505s
 24140537 413149    0.00000   52   44    5.96383    0.00000   100%  47.7 6510s
 24154026 413492    0.00000   66   17    5.96383    0.00000   100%  47.7 6515s
 24169131 413740 infeasible   53         5.96383    0.00000   100%  47.7 6520s
 24184326 414880 infeasible   53         5.96383    0.00000   100%  47.7 6525s
 24198322 416001    5.00000   57   37    5.96383    0.00000   100%  47.7 6530s
 24215192 416865    0.00000   50   32    5.96383    0.00000   100%  47.7 6535s
 24230822 417255    0.00000   62    6    5.96383    0.00000   100%  47.7 6540s
 24248159 417519    0.00000   62   18    5.96383    0.00000   100%  47.7 6545s
 24264281 417480 infeasible   68         5.96383    0.00000   100%  47.7 6550s
 24283575 417886    5.00000   79    4    5.96383    0.00000   100%  47.7 6555s
 24301329 418716 infeasible   63         5.96383    0.00000   100%  47.7 6560s
 24319024 419479 infeasible   50         5.96383    0.00000   100%  47.7 6565s
 24340895 419518    0.00000   43    5    5.96383    0.00000   100%  47.7 6570s
 24358648 419929    5.00000   54    7    5.96383    0.00000   100%  47.7 6575s
 24380929 420286 infeasible   58         5.96383    0.00000   100%  47.7 6580s
 24402224 420875    0.00000   66   13    5.96383    0.00000   100%  47.7 6585s
 24425707 420904    0.00000   69   25    5.96383    0.00000   100%  47.7 6590s
 24449167 420833 infeasible   62         5.96383    0.00000   100%  47.7 6595s
 24470636 420904 infeasible   63         5.96383    0.00000   100%  47.7 6600s
 24492172 421397    0.00000   60   17    5.96383    0.00000   100%  47.7 6605s
 24512839 421512 infeasible   64         5.96383    0.00000   100%  47.7 6610s
 24535248 421433 infeasible   65         5.96383    0.00000   100%  47.7 6615s
 24553151 421675 infeasible   59         5.96383    0.00000   100%  47.7 6620s
 24571185 421776 infeasible   61         5.96383    0.00000   100%  47.7 6625s
 24593714 421883    0.00000   61   22    5.96383    0.00000   100%  47.7 6630s
 24610656 421910    0.00000   56   39    5.96383    0.00000   100%  47.7 6635s
 24625405 421923    0.00000   63    1    5.96383    0.00000   100%  47.7 6640s
 24637923 421847    0.00000   58   17    5.96383    0.00000   100%  47.7 6646s
 24657111 422106 infeasible   63         5.96383    0.00000   100%  47.7 6650s
 24673778 422485 infeasible   62         5.96383    0.00000   100%  47.7 6655s
 24692670 422439    0.00000   63    1    5.96383    0.00000   100%  47.7 6660s
 24710384 422471    0.00000   64    4    5.96383    0.00000   100%  47.7 6665s
 24729005 422619    0.00000   56   20    5.96383    0.00000   100%  47.7 6670s
 24747325 422684 infeasible   55         5.96383    0.00000   100%  47.7 6675s
 24766876 422716    0.00000   63   22    5.96383    0.00000   100%  47.7 6680s
 24785908 423258 infeasible   62         5.96383    0.00000   100%  47.7 6685s
 24810060 424010 infeasible   63         5.96383    0.00000   100%  47.7 6690s
 24828941 424715    0.00000   62   13    5.96383    0.00000   100%  47.7 6695s
 24849683 425465    0.00000   44    5    5.96383    0.00000   100%  47.7 6700s
 24870840 425776 infeasible   68         5.96383    0.00000   100%  47.7 6705s
 24888283 426125 infeasible   61         5.96383    0.00000   100%  47.7 6710s
 24908506 426192    0.00000   56   14    5.96383    0.00000   100%  47.7 6715s
 24928553 426092    5.00000   65    9    5.96383    0.00000   100%  47.7 6720s
 24947875 426135 infeasible   50         5.96383    0.00000   100%  47.7 6725s
 24963729 426109    0.00000   59   37    5.96383    0.00000   100%  47.7 6730s
 24978921 426104 infeasible   62         5.96383    0.00000   100%  47.7 6735s
 24995949 426822 infeasible   54         5.96383    0.00000   100%  47.7 6740s
 25013920 427841 infeasible   54         5.96383    0.00000   100%  47.7 6745s
 25036987 428109 infeasible   67         5.96383    0.00000   100%  47.7 6750s
 25056661 428300 infeasible   53         5.96383    0.00000   100%  47.7 6755s
 25075076 428864    0.00000   51   24    5.96383    0.00000   100%  47.7 6760s
 25090864 429743 infeasible   70         5.96383    0.00000   100%  47.7 6765s
 25109871 430275    0.00000   68   28    5.96383    0.00000   100%  47.7 6770s
 25128682 430751    5.00000   78   22    5.96383    0.00000   100%  47.7 6775s
 25147830 431112    0.00000   60   23    5.96383    0.00000   100%  47.7 6780s
 25168255 431334    0.00000   67    7    5.96383    0.00000   100%  47.7 6785s
 25188536 431759    0.00000   55   22    5.96383    0.00000   100%  47.7 6790s
 25215273 431838 infeasible   64         5.96383    0.00000   100%  47.7 6795s
 25237783 431671 infeasible   54         5.96383    0.00000   100%  47.7 6800s
 25256445 431889 infeasible   65         5.96383    0.00000   100%  47.7 6806s
 25281962 432009    0.00000   53   16    5.96383    0.00000   100%  47.7 6810s
 25303170 431891 infeasible   74         5.96383    0.00000   100%  47.7 6815s
 25321213 432314    0.00000   63   16    5.96383    0.00000   100%  47.7 6820s
 25336901 432926 infeasible   54         5.96383    0.00000   100%  47.7 6825s
 25355461 433610    1.00000   53   32    5.96383    0.00000   100%  47.7 6830s
 25374608 434021 infeasible   48         5.96383    0.00000   100%  47.7 6835s
 25392120 434191    0.00000   63    4    5.96383    0.00000   100%  47.7 6840s
 25413174 434423 infeasible   61         5.96383    0.00000   100%  47.7 6845s
 25434245 434262 infeasible   55         5.96383    0.00000   100%  47.7 6850s
 25450690 435370 infeasible   54         5.96383    0.00000   100%  47.7 6855s
 25470095 435743 infeasible   54         5.96383    0.00000   100%  47.7 6860s
 25487747 436221    0.00000   48   38    5.96383    0.00000   100%  47.7 6865s
 25504812 436867    0.00000   64   24    5.96383    0.00000   100%  47.7 6870s
 25521766 437455 infeasible   54         5.96383    0.00000   100%  47.7 6875s
 25539769 438069    0.00000   52   33    5.96383    0.00000   100%  47.7 6880s
 25556720 438533    0.00000   42   36    5.96383    0.00000   100%  47.7 6885s
 25578474 438823 infeasible   64         5.96383    0.00000   100%  47.7 6890s
 25591117 438559 infeasible   68         5.96383    0.00000   100%  47.7 6895s
 25616123 438757 infeasible   54         5.96383    0.00000   100%  47.7 6900s
 25636982 438870    0.00000   65   27    5.96383    0.00000   100%  47.7 6905s
 25660346 438717    0.00000   55   19    5.96383    0.00000   100%  47.7 6910s
 25682763 438572    0.00000   55   18    5.96383    0.00000   100%  47.6 6915s
 25703673 438501 infeasible   50         5.96383    0.00000   100%  47.6 6920s
 25724344 438728 infeasible   62         5.96383    0.00000   100%  47.6 6925s
 25743281 438950    0.00000   58   23    5.96383    0.00000   100%  47.6 6930s
 25761361 438924    0.00000   59   13    5.96383    0.00000   100%  47.6 6935s
 25781726 439632    0.00000   67    4    5.96383    0.00000   100%  47.6 6940s
 25801401 441031 infeasible   59         5.96383    0.00000   100%  47.6 6945s
 25820448 441841 infeasible   46         5.96383    0.00000   100%  47.6 6950s
 25839134 442583    0.00000   54   11    5.96383    0.00000   100%  47.6 6955s
 25859966 443381 infeasible   53         5.96383    0.00000   100%  47.6 6960s
 25878870 443669    0.00000   63    5    5.96383    0.00000   100%  47.6 6965s
 25898821 444627    0.00000   59   12    5.96383    0.00000   100%  47.6 6970s
 25917968 447170    0.00000   53   15    5.96383    0.00000   100%  47.6 6975s
 25936836 448741    5.00000   63   36    5.96383    0.00000   100%  47.6 6980s
 25960258 449426    0.00000   72   17    5.96383    0.00000   100%  47.6 6985s
 25981862 449653    0.00000   64   22    5.96383    0.00000   100%  47.6 6990s
 26001154 449635    0.00000   55   33    5.96383    0.00000   100%  47.6 6995s
 26015737 449746    0.00000   51   33    5.96383    0.00000   100%  47.6 7000s
 26033670 449967 infeasible   64         5.96383    0.00000   100%  47.6 7005s
 26048198 450311    0.00000   61   24    5.96383    0.00000   100%  47.6 7010s
 26066319 450497    0.00000   53    1    5.96383    0.00000   100%  47.6 7015s
 26086430 450820 infeasible   71         5.96383    0.00000   100%  47.6 7020s
 26107163 450893    0.00000   60   22    5.96383    0.00000   100%  47.6 7025s
 26125279 450988    0.00000   64   10    5.96383    0.00000   100%  47.6 7030s
 26140920 450966 infeasible   52         5.96383    0.00000   100%  47.6 7035s
 26156958 451001 infeasible   64         5.96383    0.00000   100%  47.6 7040s
 26172492 451094    0.00000   60   37    5.96383    0.00000   100%  47.6 7045s
 26191180 451226 infeasible   60         5.96383    0.00000   100%  47.7 7050s
 26206728 451346 infeasible   54         5.96383    0.00000   100%  47.7 7055s
 26218344 451522 infeasible   72         5.96383    0.00000   100%  47.7 7060s
 26232048 451643 infeasible   55         5.96383    0.00000   100%  47.7 7065s
 26246322 452008 infeasible   54         5.96383    0.00000   100%  47.7 7070s
 26259021 452067 infeasible   56         5.96383    0.00000   100%  47.7 7075s
 26275021 452636 infeasible   63         5.96383    0.00000   100%  47.7 7080s
 26287612 452925 infeasible   62         5.96383    0.00000   100%  47.7 7085s
 26304739 453803    5.00000   63   29    5.96383    0.00000   100%  47.7 7090s
 26320130 454277    0.00000   64    4    5.96383    0.00000   100%  47.7 7095s
 26336718 454752 infeasible   64         5.96383    0.00000   100%  47.7 7100s
 26356857 454879    0.00000   63   18    5.96383    0.00000   100%  47.7 7105s
 26374693 454869    0.00000   58   24    5.96383    0.00000   100%  47.7 7110s
 26394972 454908    0.00000   69   26    5.96383    0.00000   100%  47.7 7115s
 26413913 454882    0.00000   58   16    5.96383    0.00000   100%  47.7 7120s
 26435295 454666    0.00000   62   22    5.96383    0.00000   100%  47.7 7125s
 26452825 454562 infeasible   62         5.96383    0.00000   100%  47.7 7130s
 26470817 454628    0.00000   54    8    5.96383    0.00000   100%  47.7 7135s
 26488877 454835 infeasible   69         5.96383    0.00000   100%  47.7 7140s
 26502638 454635 infeasible   64         5.96383    0.00000   100%  47.8 7145s
 26526680 454778    0.00000   57   12    5.96383    0.00000   100%  47.7 7150s
 26548313 454601 infeasible   55         5.96383    0.00000   100%  47.7 7155s
 26566835 454489 infeasible   70         5.96383    0.00000   100%  47.7 7160s
 26583724 454421 infeasible   63         5.96383    0.00000   100%  47.8 7165s
 26600120 454496 infeasible   62         5.96383    0.00000   100%  47.8 7170s
 26619392 454919 infeasible   58         5.96383    0.00000   100%  47.8 7175s
 26636810 454816 infeasible   64         5.96383    0.00000   100%  47.8 7180s
 26655576 455121 infeasible   64         5.96383    0.00000   100%  47.8 7185s
 26670978 455159    0.00000   66   35    5.96383    0.00000   100%  47.8 7190s
 26685962 455261    0.00000   58   39    5.96383    0.00000   100%  47.8 7195s
 26703736 455484    0.00000   54    8    5.96383    0.00000   100%  47.8 7200s

Cutting planes:
  Learned: 16
  Gomory: 3
  Cover: 1
  Implied bound: 15
  Projected implied bound: 2
  MIR: 10
  Mixing: 3
  Flow cover: 81
  Inf proof: 3
  RLT: 9
  Relax-and-lift: 2
  BQP: 3

Explored 26704244 nodes (1275954915 simplex iterations) in 7200.01 seconds (14542.92 work units)
Thread count was 8 (of 192 available processors)

Solution count 10: 5.96383 5.97471 5.99577 ... 8

Time limit reached
Best objective 5.963833716814e+00, best bound 0.000000000000e+00, gap 100.0000%

User-callback calls 57323631, time in user-callback 9.74 sec

AVANT CALCUL DES AUTRES INDICATEURS
Obj_rho = 6
Obj_lambda = 0
Obj_phi = 0
AVANT CALCUL DES AUTRES INDICATEURS
Obj_rho = 6
Obj_lambda = 0
Obj_phi = 0
✅ Solution trouvée (status: TIME_LIMIT)
🎯 Objective global: 5.963833716814439
⏱️ Time used: 7200.01
Nombre de vols satisfaits: 196
Nombre de vols non satisfaits: 0

✈️ Paths for each aircraft:

🛩️ Aircraft N607AS path (32 nodes): s_(u=0, v=0, w=0) ➡️  N607AS_(u=2963, v=25, w=5) ➡️  ANC_SEA_162_428_(u=3137, v=26, w=5) ➡️  SEA_LAX_528_675_(u=3258, v=27, w=5) ➡️  LAX_SEA_743_917_(u=3406, v=28, w=5) ➡️  SEA_SFO_990_1113_(u=3509, v=29, w=5) ➡️  SFO_SEA_1177_1307_(u=3608, v=30, w=5) ➡️  SEA_SJC_1855_1984_(u=3718, v=31, w=6) ➡️  SJC_SEA_2047_2171_(u=3815, v=32, w=6) ➡️  SEA_SJC_2247_2382_(u=3932, v=33, w=6) ➡️  SJC_SEA_2432_2554_(u=4027, v=34, w=6) ➡️  SEA_PDX_2732_2790_(u=4056, v=35, w=6) ➡️  PDX_ANC_2866_3034_(u=4259, v=36, w=6) ➡️  ANC_SEA_3102_3363_(u=4433, v=37, w=7) ➡️  SEA_ANC_3462_3616_(u=4621, v=38, w=7) ➡️  ANC_JNU_4064_4188_(u=4714, v=39, w=7) ➡️  JNU_SIT_4227_4276_(u=4737, v=40, w=7) ➡️  SIT_JNU_4672_4708_(u=4760, v=41, w=8) ➡️  JNU_ANC_4773_4879_(u=4848, v=42, w=8) ➡️  ANC_BET_4949_5073_(u=4905, v=43, w=8) ➡️  BET_ANC_5111_5186_(u=4966, v=44, w=8) ➡️  ANC_SEA_5503_5765_(u=5147, v=45, w=8) ➡️  SEA_SLC_6187_6360_(u=5239, v=46, w=9) ➡️  SLC_SEA_6449_6557_(u=5351, v=47, w=9) ➡️  SEA_LAX_6651_6804_(u=5473, v=48, w=9) ➡️  LAX_SEA_6863_7042_(u=5626, v=49, w=9) ➡️  SEA_OAK_8006_8114_(u=5718, v=50, w=10) ➡️  OAK_SEA_8157_8285_(u=5817, v=51, w=10) ➡️  SEA_SMF_8335_8455_(u=5892, v=52, w=10) ➡️  SMF_SEA_8490_8613_(u=5995, v=53, w=10) ➡️  SEA_MSP_9120_9435_(u=175, v=1, w=1) ➡️  MSP_SEA_9512_9628_(u=365, v=2, w=1) ➡️  SEA_PHX_9672_9885_(u=499, v=3, w=1) ➡️  PHX_SEA_9941_10089_(u=683, v=4, w=1) ➡️  t_(u=0, v=0, w=0)

🛩️ Aircraft N585AS path (31 nodes): s_(u=0, v=0, w=0) ➡️  N585AS_(u=0, v=0, w=1) ➡️  ANC_SEA_137_389_(u=173, v=1, w=1) ➡️  SEA_ANC_479_633_(u=366, v=2, w=1) ➡️  ANC_SEA_715_980_(u=547, v=3, w=1) ➡️  SEA_BUR_1045_1181_(u=665, v=4, w=1) ➡️  BUR_SEA_1268_1435_(u=803, v=5, w=1) ➡️  SEA_ORD_1795_2159_(u=1013, v=6, w=2) ➡️  ORD_PDX_2215_2349_(u=1248, v=7, w=2) ➡️  PDX_ONT_2434_2569_(u=1370, v=8, w=2) ➡️  ONT_PDX_2628_2754_(u=1481, v=9, w=2) ➡️  PDX_SEA_3178_3252_(u=1517, v=10, w=3) ➡️  SEA_ANC_3375_3530_(u=1708, v=11, w=3) ➡️  ANC_SEA_3593_3853_(u=1891, v=12, w=3) ➡️  SEA_SAN_4005_4151_(u=2012, v=13, w=3) ➡️  SAN_TPA_4795_5235_(u=2245, v=14, w=4) ➡️  TPA_SAN_5307_5449_(u=2533, v=15, w=4) ➡️  SAN_SEA_5512_5695_(u=2687, v=16, w=4) ➡️  SEA_MSP_6233_6559_(u=2858, v=17, w=5) ➡️  MSP_SEA_6615_6760_(u=3056, v=18, w=5) ➡️  SEA_SNA_6813_6972_(u=3183, v=19, w=5) ➡️  SNA_SEA_7009_7192_(u=3337, v=20, w=5) ➡️  SEA_PHX_7626_7841_(u=3472, v=21, w=6) ➡️  PHX_SEA_7908_8038_(u=3633, v=22, w=6) ➡️  SEA_PHX_8109_8330_(u=3769, v=23, w=6) ➡️  PHX_SEA_8407_8537_(u=3933, v=24, w=6) ➡️  SEA_ORD_8600_8957_(u=4141, v=25, w=6) ➡️  ORD_PDX_9026_9156_(u=4373, v=26, w=7) ➡️  PDX_SEA_9262_9310_(u=4405, v=27, w=7) ➡️  SEA_BOI_9372_9523_(u=4467, v=28, w=7) ➡️  BOI_SEA_9582_9616_(u=4541, v=29, w=7) ➡️  SEA_LIH_9718_9994_(u=4886, v=30, w=7) ➡️  LIH_SAN_10060_10521_(u=5205, v=31, w=7) ➡️  t_(u=0, v=0, w=0)

🛩️ Aircraft N317AS path (28 nodes): s_(u=0, v=0, w=0) ➡️  N317AS_(u=3907, v=33, w=7) ➡️  FAI_SEA_201_455_(u=4084, v=34, w=7) ➡️  SEA_ANC_582_739_(u=4278, v=35, w=7) ➡️  ANC_SEA_1062_1344_(u=4466, v=36, w=7) ➡️  SEA_SLC_1846_2021_(u=4562, v=37, w=8) ➡️  SLC_SEA_2122_2206_(u=4663, v=38, w=8) ➡️  SEA_SBA_2265_2429_(u=4794, v=39, w=8) ➡️  SBA_SEA_2482_2633_(u=4910, v=40, w=8) ➡️  SEA_LAS_3342_3511_(u=5038, v=41, w=9) ➡️  LAS_SEA_3563_3728_(u=5173, v=42, w=9) ➡️  SEA_ATL_3841_4313_(u=5437, v=43, w=9) ➡️  ATL_SEA_4752_4910_(u=5724, v=44, w=10) ➡️  SEA_RDM_4991_5054_(u=5762, v=45, w=10) ➡️  RDM_SEA_5133_5199_(u=5810, v=46, w=10) ➡️  SEA_ANC_5295_5444_(u=5999, v=47, w=10) ➡️  ANC_JNU_6410_6511_(u=83, v=1, w=1) ➡️  JNU_PSG_6558_6607_(u=113, v=2, w=1) ➡️  PSG_WRG_6650_6684_(u=129, v=3, w=1) ➡️  WRG_KTN_6726_6760_(u=151, v=4, w=1) ➡️  KTN_SEA_6808_6973_(u=241, v=5, w=1) ➡️  SEA_SMF_7089_7200_(u=327, v=6, w=1) ➡️  SMF_SEA_7553_7682_(u=423, v=7, w=2) ➡️  SEA_FLL_7746_8300_(u=743, v=8, w=2) ➡️  FLL_SEA_8359_8570_(u=1102, v=9, w=2) ➡️  SEA_PHX_9068_9279_(u=1235, v=10, w=3) ➡️  PHX_SEA_9344_9480_(u=1404, v=11, w=3) ➡️  SEA_PHX_9550_9765_(u=1540, v=12, w=3) ➡️  PHX_SEA_9831_9982_(u=1723, v=13, w=3) ➡️  SEA_FAI_10053_10220_(u=1927, v=14, w=3) ➡️  t_(u=0, v=0, w=0)

🛩️ Aircraft N587AS path (25 nodes): s_(u=0, v=0, w=0) ➡️  N587AS_(u=0, v=0, w=1) ➡️  JNU_SEA_310_514_(u=116, v=1, w=1) ➡️  SEA_PIT_580_1048_(u=374, v=2, w=1) ➡️  PIT_SEA_1104_1236_(u=648, v=3, w=1) ➡️  SEA_ORD_1401_1741_(u=851, v=4, w=1) ➡️  ORD_SEA_1807_1944_(u=1079, v=5, w=2) ➡️  SEA_IAD_2038_2527_(u=1351, v=6, w=2) ➡️  IAD_SEA_2584_2741_(u=1660, v=7, w=2) ➡️  SEA_ANC_2874_3028_(u=1853, v=8, w=2) ➡️  ANC_SEA_3168_3438_(u=2035, v=9, w=3) ➡️  SEA_DEN_3550_3770_(u=2171, v=10, w=3) ➡️  DEN_SEA_3827_3928_(u=2310, v=11, w=3) ➡️  SEA_PHX_4087_4345_(u=2446, v=12, w=3) ➡️  PHX_SEA_4706_4849_(u=2625, v=13, w=4) ➡️  SEA_DCA_4891_5368_(u=2896, v=14, w=4) ➡️  DCA_SEA_5437_5593_(u=3211, v=15, w=4) ➡️  SEA_DAL_6207_6549_(u=3410, v=16, w=5) ➡️  DAL_SEA_6619_6766_(u=3660, v=17, w=5) ➡️  SEA_STL_6837_7194_(u=3859, v=18, w=5) ➡️  STL_SEA_7614_7836_(u=4091, v=19, w=6) ➡️  SEA_MCI_7916_8251_(u=4276, v=20, w=6) ➡️  MCI_SEA_8308_8432_(u=4476, v=21, w=6) ➡️  SEA_JNU_8494_8605_(u=4622, v=22, w=6) ➡️  JNU_SEA_9259_9463_(u=4721, v=23, w=7) ➡️  SEA_DEN_9579_9790_(u=4851, v=24, w=7) ➡️  DEN_SEA_9846_9966_(u=5006, v=25, w=7) ➡️  t_(u=0, v=0, w=0)

🛩️ Aircraft N284AK path (25 nodes): s_(u=0, v=0, w=0) ➡️  N284AK_(u=0, v=0, w=1) ➡️  PHX_PDX_356_453_(u=138, v=1, w=1) ➡️  PDX_FLL_541_1050_(u=449, v=2, w=1) ➡️  FLL_SFO_1118_1320_(u=802, v=3, w=1) ➡️  SFO_FLL_1383_1870_(u=1079, v=4, w=1) ➡️  FLL_PDX_2018_2231_(u=1440, v=5, w=2) ➡️  PDX_JFK_2322_2828_(u=1728, v=6, w=2) ➡️  JFK_PSP_3414_3583_(u=2053, v=7, w=3) ➡️  PSP_SEA_3697_3873_(u=2207, v=8, w=3) ➡️  SEA_ONT_3941_4070_(u=2317, v=9, w=3) ➡️  ONT_SEA_4675_4856_(u=2473, v=10, w=4) ➡️  SEA_PIT_4922_5383_(u=2717, v=11, w=4) ➡️  PIT_SEA_5447_5576_(u=3005, v=12, w=4) ➡️  SEA_LAS_6225_6362_(u=3116, v=13, w=5) ➡️  LAS_SEA_6427_6598_(u=3262, v=14, w=5) ➡️  SEA_PHX_6669_6910_(u=3395, v=15, w=5) ➡️  PHX_SEA_6965_7117_(u=3574, v=16, w=5) ➡️  SEA_PDX_7152_7210_(u=3603, v=17, w=5) ➡️  PDX_SEA_7495_7564_(u=3635, v=18, w=6) ➡️  SEA_LIH_7702_8038_(u=3967, v=19, w=6) ➡️  LIH_SEA_8108_8604_(u=4307, v=20, w=6) ➡️  SEA_SFO_8995_9134_(u=4395, v=21, w=7) ➡️  SFO_JAC_9215_9444_(u=4544, v=22, w=7) ➡️  JAC_SFO_9493_9582_(u=4656, v=23, w=7) ➡️  SFO_PDX_9628_9744_(u=4752, v=24, w=7) ➡️  PDX_SFO_9826_9943_(u=4827, v=25, w=7) ➡️  t_(u=0, v=0, w=0)

🛩️ Aircraft N320AS path (25 nodes): s_(u=0, v=0, w=0) ➡️  N320AS_(u=0, v=0, w=1) ➡️  SJC_SEA_364_507_(u=106, v=1, w=1) ➡️  SEA_PHX_570_794_(u=247, v=2, w=1) ➡️  PHX_SEA_857_991_(u=412, v=3, w=1) ➡️  SEA_LAS_1064_1207_(u=522, v=4, w=1) ➡️  LAS_SFO_1317_1401_(u=588, v=5, w=1) ➡️  SFO_ORD_1859_2247_(u=820, v=6, w=2) ➡️  ORD_SFO_2309_2462_(u=1065, v=7, w=2) ➡️  SFO_AUS_2533_2855_(u=1242, v=8, w=2) ➡️  AUS_SFO_3432_3558_(u=1452, v=9, w=3) ➡️  SFO_SEA_3655_3795_(u=1561, v=10, w=3) ➡️  SEA_LAS_3857_4005_(u=1685, v=11, w=3) ➡️  LAS_SEA_4086_4272_(u=1829, v=12, w=3) ➡️  SEA_PHX_4668_4915_(u=1966, v=13, w=4) ➡️  PHX_SEA_4965_5107_(u=2141, v=14, w=4) ➡️  SEA_SAN_5176_5324_(u=2266, v=15, w=4) ➡️  SAN_SEA_5397_5572_(u=2418, v=16, w=4) ➡️  SEA_ATL_6289_6758_(u=2684, v=17, w=5) ➡️  ATL_SEA_6839_6970_(u=2975, v=18, w=5) ➡️  SEA_DFW_7182_7527_(u=3172, v=19, w=5) ➡️  DFW_SEA_7641_7776_(u=3398, v=20, w=6) ➡️  SEA_DFW_7967_8313_(u=3596, v=21, w=6) ➡️  DFW_SEA_8423_8562_(u=3828, v=22, w=6) ➡️  SEA_SAN_9117_9279_(u=3942, v=23, w=7) ➡️  SAN_MCO_9359_9801_(u=4178, v=24, w=7) ➡️  MCO_SEA_9867_10065_(u=4524, v=25, w=7) ➡️  t_(u=0, v=0, w=0)

🛩️ Aircraft N277AK path (30 nodes): s_(u=0, v=0, w=0) ➡️  N277AK_(u=0, v=0, w=1) ➡️  SEA_FAT_375_503_(u=113, v=1, w=1) ➡️  FAT_SEA_559_687_(u=221, v=2, w=1) ➡️  SEA_ANC_799_933_(u=399, v=3, w=1) ➡️  ANC_SEA_1660_1931_(u=590, v=4, w=2) ➡️  SEA_ANC_2030_2168_(u=766, v=5, w=2) ➡️  ANC_CDV_2249_2310_(u=803, v=6, w=2) ➡️  CDV_YAK_2357_2404_(u=841, v=7, w=2) ➡️  YAK_JNU_2447_2500_(u=875, v=8, w=2) ➡️  JNU_SEA_2569_2776_(u=992, v=9, w=2) ➡️  SEA_IAH_2838_3229_(u=1224, v=10, w=2) ➡️  IAH_SEA_3299_3463_(u=1468, v=11, w=3) ➡️  SEA_IAD_3504_3971_(u=1733, v=12, w=3) ➡️  IAD_SEA_4030_4189_(u=2042, v=13, w=3) ➡️  SEA_SMF_4248_4369_(u=2123, v=14, w=3) ➡️  SMF_SEA_4703_4832_(u=2222, v=15, w=4) ➡️  SEA_CLE_4925_5380_(u=2457, v=16, w=4) ➡️  CLE_SEA_5435_5585_(u=2733, v=17, w=4) ➡️  SEA_SMF_5645_5755_(u=2814, v=18, w=4) ➡️  SMF_SEA_6112_6231_(u=2910, v=19, w=5) ➡️  SEA_LIH_6321_6593_(u=3271, v=20, w=5) ➡️  LIH_SEA_6647_7117_(u=3587, v=21, w=5) ➡️  SEA_SNA_7578_7729_(u=3712, v=22, w=6) ➡️  SNA_SEA_7783_7960_(u=3872, v=23, w=6) ➡️  SEA_PHX_8018_8241_(u=4010, v=24, w=6) ➡️  PHX_ANC_8336_8626_(u=4387, v=25, w=6) ➡️  ANC_SEA_8684_8926_(u=4545, v=26, w=7) ➡️  SEA_SNA_9008_9175_(u=4656, v=27, w=7) ➡️  SNA_SEA_9239_9448_(u=4841, v=28, w=7) ➡️  SEA_BUR_9508_9638_(u=4948, v=29, w=7) ➡️  BUR_SEA_9709_9913_(u=5110, v=30, w=7) ➡️  t_(u=0, v=0, w=0)

🛠️ Maintenance at node SEA_MSP_9120_9435 by aircraft N607AS | ρ=5; λ=-3; φ=0
🛠️ Maintenance at node ANC_JNU_6410_6511 by aircraft N317AS | ρ=1; λ=3; φ=0

Nombre de maintenances au total: 2.0
Stations de maintenance utilisées: Any["SEA", "ANC"]
Nombre de stations de maintenance utilisées: 2
