INSTANCE 196FL_7A_2
PREPROCESSING : false
-----------------------INSTANCE 196FL_7A_2--------------------------
Gurobi 12.0.2 (linux64) logging started Sun Nov 30 17:12:06 2025

Set parameter LogFile to value "RESULTS_EXP/A_MTN_2/FH_DY_MAX/result_196FL_7A_2_without_prep.txt"
Set parameter LogToConsole to value 0

Gurobi 12.0.2 (linux64) logging started Sun Nov 30 17:12:09 2025

Set parameter LogFile to value "RESULTS_EXP/A_MTN_2/FH_DY_MAX/result_196FL_7A_2_without_prep.txt"
Gurobi Optimizer version 12.0.2 build v12.0.2rc0 (linux64 - "AlmaLinux 9.6 (Sage Margay)")

CPU model: Intel(R) Xeon(R) 6972P, instruction set [SSE2|AVX|AVX2|AVX512]
Thread count: 192 physical cores, 192 logical processors, using up to 8 threads

Non-default parameters:
TimeLimit  7200
LogToConsole  0
Threads  8

Optimize a model with 6153 rows, 1752 columns and 22852 nonzeros
Model fingerprint: 0xc41709a7
Variable types: 510 continuous, 1242 integer (1142 binary)
Coefficient statistics:
  Matrix range     [1e+00, 6e+03]
  Objective range  [1e+00, 1e+03]
  Bounds range     [1e+01, 6e+03]
  RHS range        [1e+00, 6e+03]
Presolve removed 1987 rows and 651 columns
Presolve time: 0.06s
Presolved: 4166 rows, 1101 columns, 24450 nonzeros
Variable types: 229 continuous, 872 integer (803 binary)

Root relaxation: objective 0.000000e+00, 595 iterations, 0.02 seconds (0.02 work units)

    Nodes    |    Current Node    |     Objective Bounds      |     Work
 Expl Unexpl |  Obj  Depth IntInf | Incumbent    BestBd   Gap | It/Node Time

     0     0    0.00000    0    2          -    0.00000      -     -    0s
H    0     0                    6159.0000000    0.00000   100%     -    0s
H    0     0                    4487.0000000    0.00000   100%     -    0s
H    0     0                    3298.0000000    0.00000   100%     -    0s
     0     0    0.00000    0   10 3298.00000    0.00000   100%     -    0s
     0     0    0.00000    0   10 3298.00000    0.00000   100%     -    0s
     0     0    0.00000    0   11 3298.00000    0.00000   100%     -    0s
     0     0    0.00000    0    7 3298.00000    0.00000   100%     -    0s
H    0     0                    2870.0000000    0.00000   100%     -    0s
     0     0    0.00000    0    7 2870.00000    0.00000   100%     -    0s
     0     0    0.00000    0    8 2870.00000    0.00000   100%     -    0s
H    0     0                    2691.0000000    0.00000   100%     -    0s
     0     0    0.00000    0   12 2691.00000    0.00000   100%     -    0s
     0     0    0.00000    0    3 2691.00000    0.00000   100%     -    0s
     0     0    0.00000    0    3 2691.00000    0.00000   100%     -    0s
     0     0    0.00000    0    3 2691.00000    0.00000   100%     -    0s
     0     0    0.00000    0    3 2691.00000    0.00000   100%     -    0s
     0     0    0.00000    0    3 2691.00000    0.00000   100%     -    0s
     0     0    0.00000    0    3 2691.00000    0.00000   100%     -    0s
     0     2    0.00000    0    3 2691.00000    0.00000   100%     -    0s
*  594   405              47    1186.0000000    0.00000   100%  49.7    0s
H  640   597                    1106.0000000    0.00000   100%  50.0    1s
H 1828   641                     141.0000000    0.00000   100%  39.3    1s
H 2563   834                      70.0000000    0.00000   100%  37.4    2s
H 3300   942                      69.0000000    0.00000   100%  39.0    2s
H 3491  1023                      36.0000000    0.00000   100%  39.1    2s
H 4455  1088                      35.0000000    0.00000   100%  37.4    2s
  4656  1207 infeasible   38        35.00000    0.00000   100%  41.1    5s
H 4901  1211                      35.0000000    0.00000   100%  43.4    5s
H 5874  1200                      28.0000000    0.00000   100%  46.3    5s
 15014  3754   27.00000   62   13   28.00000    0.00000   100%  57.2   10s
H15973  3890                      28.0000000    0.00000   100%  57.3   10s
 25848  6830 infeasible   49        28.00000    0.00000   100%  60.2   15s
H30048  7524                      28.0000000    0.00000   100%  60.0   17s
H30978  7228                      28.0000000    0.00000   100%  59.9   17s
H33758  7197                      28.0000000    0.00000   100%  59.4   19s
H35329  6830                      28.0000000    0.00000   100%  59.1   19s
H35427  6611                      28.0000000    0.00000   100%  59.0   19s
 36140  6649 infeasible   56        28.00000    0.00000   100%  59.0   20s
H38553  6211                      28.0000000    0.00000   100%  59.1   21s
 43912  6127    0.00000   61    6   28.00000    0.00000   100%  58.4   26s
H47261  6482                      28.0000000    0.00000   100%  58.2   27s
 55393  9141 infeasible   61        28.00000    0.00000   100%  57.3   30s
 84132 10813   13.00000   77   29   28.00000   13.00000  53.6%  50.1   35s
 119674 11508     cutoff   88        28.00000   13.00000  53.6%  43.8   40s
 158585 12648 infeasible   64        28.00000   13.00000  53.6%  39.4   45s
 190107 13419   13.00000   74   24   28.00000   13.00000  53.6%  38.7   50s
 223333 13310 infeasible   78        28.00000   13.00000  53.6%  38.1   55s
 255562 13468 infeasible   67        28.00000   13.00000  53.6%  37.8   60s
 284280 13566   13.00000   74   38   28.00000   13.00000  53.6%  38.1   65s
 314809 13492 infeasible   77        28.00000   13.00000  53.6%  38.0   70s
 348872 13392   13.00000   70   44   28.00000   13.00000  53.6%  37.5   75s
 380646 13464 infeasible   62        28.00000   13.00000  53.6%  37.0   80s
H390882 13519                      28.0000000   13.00000  53.6%  36.8   81s
 411205 13535 infeasible   69        28.00000   13.00000  53.6%  36.4   85s
 444245 13416 infeasible   78        28.00000   13.00000  53.6%  35.9   90s
 478458 13366   13.00000   77   17   28.00000   13.00000  53.6%  35.4   95s
 510099 13612 infeasible   78        28.00000   13.00000  53.6%  35.0  100s
 546005 13569     cutoff   84        28.00000   13.00000  53.6%  34.2  105s
H563273 13569                      28.0000000   13.00000  53.6%  33.9  107s
 578624 13390   13.00000   79   23   28.00000   13.00000  53.6%  33.7  110s
 611627 13320   13.00000   73   35   28.00000   13.00000  53.6%  33.3  115s
H638330 13607                      27.9999999   13.00000  53.6%  33.2  119s
H639671 13628                      27.9999999   13.00000  53.6%  33.2  119s
 640550 13620     cutoff   80        28.00000   13.00000  53.6%  33.2  120s
H641886 13644                      27.9999851   13.00000  53.6%  33.2  120s
 670666 14240   13.00000   67   24   27.99999   13.00000  53.6%  33.0  125s
 703505 14392   13.00000   80   25   27.99999   13.00000  53.6%  32.7  130s
 738245 14483 infeasible   71        27.99999   13.00000  53.6%  32.3  135s
 770382 14269     cutoff   81        27.99999   13.00000  53.6%  32.1  140s
 805360 14120   13.00000   83   34   27.99999   13.00000  53.6%  31.7  145s
 839800 13988 infeasible   73        27.99999   13.00000  53.6%  31.5  150s
 875215 14069   13.00000   84   32   27.99999   13.00000  53.6%  31.1  155s
 911241 14410 infeasible   82        27.99999   13.00000  53.6%  30.8  160s
 947719 14142   13.00000   79   15   27.99999   13.00000  53.6%  30.5  165s
 984139 13930   13.00000   72   30   27.99999   13.00000  53.6%  30.2  170s
 1014648 13761   13.00000   68   26   27.99999   13.00000  53.6%  30.1  175s
 1047492 13658   13.00000   71   28   27.99999   13.00000  53.6%  30.0  180s
 1080411 13608   13.00000   68   36   27.99999   13.00000  53.6%  30.0  185s
 1113039 13358 infeasible   70        27.99999   13.00000  53.6%  29.9  190s
 1145369 13268   13.00000   72   38   27.99999   13.00000  53.6%  29.9  195s
 1181824 13343   13.00000   79   17   27.99999   13.00000  53.6%  29.8  200s
 1215039 13250 infeasible   74        27.99999   13.00000  53.6%  29.8  205s
 1243859 13077   13.00000   75   30   27.99999   13.00000  53.6%  29.9  210s
 1281255 13602   13.00000   81   33   27.99999   13.00000  53.6%  29.7  215s
 1318746 13513 infeasible   72        27.99999   13.00000  53.6%  29.4  220s
 1354422 13678     cutoff   89        27.99999   13.00000  53.6%  29.3  225s
 1388277 13372   13.00000   61   30   27.99999   13.00000  53.6%  29.2  230s
 1424588 13189 infeasible   83        27.99999   13.00000  53.6%  29.0  235s
 1465230 13170   13.00000   77   28   27.99999   13.00000  53.6%  28.7  240s
 1503212 13684     cutoff   84        27.99999   13.00000  53.6%  28.5  245s
 1542583 13307   13.00000   77   34   27.99999   13.00000  53.6%  28.3  250s
 1580537 13267 infeasible   77        27.99999   13.00000  53.6%  28.1  255s
 1618080 13268   13.00000   89   22   27.99999   13.00000  53.6%  28.0  260s
 1653887 13037 infeasible   80        27.99999   13.00000  53.6%  27.8  265s
 1683442 13328 infeasible   75        27.99999   13.00000  53.6%  27.9  270s
 1711204 13118   13.00000   80   21   27.99999   13.00000  53.6%  28.0  275s
 1740575 12993 infeasible   79        27.99999   13.00000  53.6%  28.1  280s
 1765200 13025   13.00000   69   23   27.99999   13.00000  53.6%  28.2  285s
 1793294 12894 infeasible   77        27.99999   13.00000  53.6%  28.3  290s
 1825049 12590 infeasible   74        27.99999   13.00000  53.6%  28.3  295s
 1856823 12541   13.00000   69   30   27.99999   13.00000  53.6%  28.3  300s
 1883620 13120 infeasible   75        27.99999   13.00000  53.6%  28.4  305s
 1916660 13729     cutoff   80        27.99999   13.00000  53.6%  28.4  310s
 1962902 14073     cutoff   86        27.99999   13.00000  53.6%  28.1  315s
 2005354 13536     cutoff   83        27.99999   13.00000  53.6%  27.8  320s
 2040930 13112   13.00000   78   35   27.99999   13.00000  53.6%  27.7  325s
 2070395 13089 infeasible   78        27.99999   13.00000  53.6%  27.7  330s
H2077796 13010                      27.9999851   13.00000  53.6%  27.8  331s
 2094256 12968   13.00000   77   49   27.99999   13.00000  53.6%  27.8  335s
 2120293 12940 infeasible   73        27.99999   13.00000  53.6%  27.9  340s
 2146980 12762 infeasible   77        27.99999   13.00000  53.6%  28.0  345s
 2172322 12686 infeasible   67        27.99999   13.00000  53.6%  28.2  350s
 2197331 12773   13.00000   79   38   27.99999   13.00000  53.6%  28.3  355s
 2222170 12663   13.00000   73   54   27.99999   13.00000  53.6%  28.4  360s
 2247204 12701   13.00000   80   40   27.99999   13.00000  53.6%  28.5  365s
 2273002 12541 infeasible   73        27.99999   13.00000  53.6%  28.6  370s
 2301494 12587   13.00000   77   61   27.99999   13.00000  53.6%  28.7  375s
 2329631 12477 infeasible   74        27.99999   13.00000  53.6%  28.7  380s
 2355379 12447 infeasible   81        27.99999   13.00000  53.6%  28.8  385s
 2382796 12663   13.00000   57   62   27.99999   13.00000  53.6%  28.8  390s
 2408999 12936   13.00000   76   48   27.99999   13.00000  53.6%  28.9  395s
 2435107 12779 infeasible   71        27.99999   13.00000  53.6%  29.0  400s
 2460944 12522   13.00000   75   58   27.99999   13.00000  53.6%  29.0  405s
 2487705 12583   13.00000   72   43   27.99999   13.00000  53.6%  29.1  410s
 2515112 12390   13.00000   71   38   27.99999   13.00000  53.6%  29.2  415s
 2552461 12875     cutoff   85        27.99999   13.00000  53.6%  29.1  420s
 2596713 12629   13.00000   78   38   27.99999   13.00000  53.6%  28.9  425s
 2635957 12412     cutoff   83        27.99999   13.00000  53.6%  28.8  430s
 2667299 12467   13.00000   72   25   27.99999   13.00000  53.6%  28.8  435s
 2694274 12293 infeasible   82        27.99999   13.00000  53.6%  28.8  440s
 2722465 12551   13.00000   71   29   27.99999   13.00000  53.6%  28.9  445s
 2749083 12472   13.00000   78   25   27.99999   13.00000  53.6%  29.0  450s
 2774562 12587 infeasible   82        27.99999   13.00000  53.6%  29.1  455s
 2798932 12369 infeasible   84        27.99999   13.00000  53.6%  29.2  460s
 2825053 12264   13.00000   76   28   27.99999   13.00000  53.6%  29.3  465s
 2852453 12380 infeasible   79        27.99999   13.00000  53.6%  29.4  470s
 2879401 12305 infeasible   77        27.99999   13.00000  53.6%  29.5  475s
 2906103 12204 infeasible   79        27.99999   13.00000  53.6%  29.6  480s
 2931259 12451   13.00000   73   23   27.99999   13.00000  53.6%  29.6  485s
 2957896 12230   13.00000   70   31   27.99999   13.00000  53.6%  29.7  490s
 2984901 12213 infeasible   70        27.99999   13.00000  53.6%  29.7  495s
 3008019 12015   13.00000   68   36   27.99999   13.00000  53.6%  29.8  500s
 3036186 11868 infeasible   83        27.99999   13.00000  53.6%  29.8  505s
 3064721 11709 infeasible   77        27.99999   13.00000  53.6%  29.9  510s
 3091564 11675 infeasible   70        27.99999   13.00000  53.6%  29.9  515s
 3117973 11519   13.00000   79   44   27.99999   13.00000  53.6%  30.0  520s
 3145808 11545     cutoff   80        27.99999   13.00000  53.6%  30.0  525s
 3173072 11393   13.00000   75   26   27.99999   13.00000  53.6%  30.1  530s
 3199697 11597   13.00000   74   45   27.99999   13.00000  53.6%  30.1  535s
 3228269 12196   13.00000   75   45   27.99999   13.00000  53.6%  30.1  540s
 3257943 12068   13.00000   73   31   27.99999   13.00000  53.6%  30.1  545s
 3288852 12127 infeasible   80        27.99999   13.00000  53.6%  30.1  550s
 3317513 12047 infeasible   80        27.99999   13.00000  53.6%  30.1  555s
 3350128 12087 infeasible   75        27.99999   13.00000  53.6%  30.1  560s
 3380189 11873 infeasible   79        27.99999   13.00000  53.6%  30.1  565s
 3408779 12012   13.00000   74   32   27.99999   13.00000  53.6%  30.1  570s
 3439199 12011 infeasible   74        27.99999   13.00000  53.6%  30.1  575s
 3465172 11963     cutoff   72        27.99999   13.00000  53.6%  30.1  580s
 3496754 12156 infeasible   87        27.99999   13.00000  53.6%  30.1  585s
 3527459 11828   13.00000   79   39   27.99999   13.00000  53.6%  30.1  590s
 3556208 11932   13.00000   77   36   27.99999   13.00000  53.6%  30.1  595s
 3584894 11905   13.00000   78   42   27.99999   13.00000  53.6%  30.1  600s
 3615943 11832 infeasible   78        27.99999   13.00000  53.6%  30.1  605s
 3645452 11657 infeasible   81        27.99999   13.00000  53.6%  30.1  610s
 3674811 11683   13.00000   83   23   27.99999   13.00000  53.6%  30.1  615s
 3705473 11514 infeasible   70        27.99999   13.00000  53.6%  30.1  620s
 3736337 11414   13.00000   81   26   27.99999   13.00000  53.6%  30.1  625s
 3764163 11347 infeasible   75        27.99999   13.00000  53.6%  30.1  630s
 3791795 11229   13.00000   73   32   27.99999   13.00000  53.6%  30.2  635s
 3818413 11417 infeasible   76        27.99999   13.00000  53.6%  30.2  640s
 3844766 11467   13.00000   84   40   27.99999   13.00000  53.6%  30.3  645s
 3871541 11287   13.00000   75   16   27.99999   13.00000  53.6%  30.4  650s
 3897029 11222 infeasible   78        27.99999   13.00000  53.6%  30.4  655s
 3921296 11152   13.00000   76   31   27.99999   13.00000  53.6%  30.5  660s
 3949084 11135   13.00000   73   32   27.99999   13.00000  53.6%  30.5  665s
 3974971 11301   13.00000   76   28   27.99999   13.00000  53.6%  30.6  670s
 4000366 11167 infeasible   77        27.99999   13.00000  53.6%  30.6  675s
H4012345 11144                      27.9999851   13.00000  53.6%  30.7  677s
 4022804 11085   13.00000   74   19   27.99999   13.00000  53.6%  30.7  680s
 4050088 11201   13.00000   73   27   27.99999   13.00000  53.6%  30.8  685s
 4078938 11260 infeasible   77        27.99999   13.00000  53.6%  30.8  690s
 4109697 11265   13.00000   76   27   27.99999   13.00000  53.6%  30.9  695s
 4142614 11239 infeasible   77        27.99999   13.00000  53.6%  30.9  700s
 4173792 11064 infeasible   72        27.99999   13.00000  53.6%  30.9  705s
 4202348 10963   13.00000   72   27   27.99999   13.00000  53.6%  30.9  710s
 4231906 11349 infeasible   82        27.99999   13.00000  53.6%  31.0  715s
 4263233 11276   13.00000   65   41   27.99999   13.00000  53.6%  31.0  720s
 4294424 11154   13.00000   73   17   27.99999   13.00000  53.6%  31.0  725s
 4325374 11727     cutoff   85        27.99999   13.00000  53.6%  31.1  730s
 4354787 11649 infeasible   68        27.99999   13.00000  53.6%  31.1  735s
 4383640 11627   13.00000   76   43   27.99999   13.00000  53.6%  31.1  740s
 4412893 11492   13.00000   75   32   27.99999   13.00000  53.6%  31.2  745s
 4442658 11297 infeasible   72        27.99999   13.00000  53.6%  31.2  750s
 4472740 11442   13.00000   71   36   27.99999   13.00000  53.6%  31.2  755s
 4499957 11208   13.00000   76   27   27.99999   13.00000  53.6%  31.2  760s
 4530478 11059   13.00000   71   48   27.99999   13.00000  53.6%  31.3  765s
H4558721 11044                      27.9999851   13.00000  53.6%  31.3  769s
 4560980 10990 infeasible   75        27.99999   13.00000  53.6%  31.3  770s
 4592775 11328   13.00000   78   39   27.99999   13.00000  53.6%  31.3  775s
 4623174 11149   13.00000   74   19   27.99999   13.00000  53.6%  31.3  780s
 4655455 11006 infeasible   74        27.99999   13.00000  53.6%  31.4  785s
 4688222 11002   13.00000   75   34   27.99999   13.00000  53.6%  31.4  790s
 4723292 10878   13.00000   79   20   27.99999   13.00000  53.6%  31.4  795s
 4756197 11306   13.00000   63   48   27.99999   13.00000  53.6%  31.4  800s
 4787498 11169 infeasible   75        27.99999   13.00000  53.6%  31.4  805s
 4818458 11120   13.00000   75   28   27.99999   13.00000  53.6%  31.4  810s
 4849580 11009 infeasible   80        27.99999   13.00000  53.6%  31.4  815s
 4883230 11009   13.00000   70   32   27.99999   13.00000  53.6%  31.4  820s
 4919140 10763 infeasible   81        27.99999   13.00000  53.6%  31.4  825s
 4945072 11051 infeasible   71        27.99999   13.00000  53.6%  31.5  830s
 4972918 10796   13.00000   76   32   27.99999   13.00000  53.6%  31.5  835s
 5003160 10910   13.00000   79   34   27.99999   13.00000  53.6%  31.6  840s
 5033931 10772 infeasible   74        27.99999   13.00000  53.6%  31.6  845s
 5066339 10742 infeasible   81        27.99999   13.00000  53.6%  31.7  850s
 5097502 11058   13.00000   64   33   27.99999   13.00000  53.6%  31.7  855s
 5125012 11059   13.00000   78   34   27.99999   13.00000  53.6%  31.8  860s
 5153072 10848   13.00000   71   49   27.99999   13.00000  53.6%  31.8  865s
 5185017 11374   13.00000   73   31   27.99999   13.00000  53.6%  31.9  870s
 5216862 11475   13.00000   72   42   27.99999   13.00000  53.6%  31.9  875s
 5247212 11489 infeasible   73        27.99999   13.00000  53.6%  31.9  880s
 5279609 11977 infeasible   76        27.99999   13.00000  53.6%  32.0  885s
 5312161 11794 infeasible   77        27.99999   13.00000  53.6%  32.0  890s
 5341902 11646   13.00000   77   23   27.99999   13.00000  53.6%  32.0  895s
 5370763 11526   13.00000   82   33   27.99999   13.00000  53.6%  32.0  900s
 5399905 11766 infeasible   76        27.99999   13.00000  53.6%  32.1  905s
 5429492 11611   13.00000   77   20   27.99999   13.00000  53.6%  32.1  910s
 5457031 11446   13.00000   86   32   27.99999   13.00000  53.6%  32.2  915s
 5485837 11468 infeasible   85        27.99999   13.00000  53.6%  32.2  920s
 5515207 11370   13.00000   79   24   27.99999   13.00000  53.6%  32.3  925s
 5545227 11213 infeasible   82        27.99999   13.00000  53.6%  32.3  930s
 5577461 11278   13.00000   72   31   27.99999   13.00000  53.6%  32.4  935s
 5605867 11387   13.00000   75   40   27.99999   13.00000  53.6%  32.4  940s
 5631126 11099   13.00000   90   21   27.99999   13.00000  53.6%  32.4  945s
 5661522 11048   13.00000   73   35   27.99999   13.00000  53.6%  32.5  950s
 5693366 10879   13.00000   83   22   27.99999   13.00000  53.6%  32.5  955s
 5726164 11450 infeasible   83        27.99999   13.00000  53.6%  32.5  960s
 5759152 11267   13.00000   74   36   27.99999   13.00000  53.6%  32.5  965s
 5792641 11133   13.00000   78   37   27.99999   13.00000  53.6%  32.5  970s
 5824513 11043 infeasible   75        27.99999   13.00000  53.6%  32.5  975s
 5854550 10895   13.00000   78   27   27.99999   13.00000  53.6%  32.6  980s
 5885883 10855   13.00000   72   47   27.99999   13.00000  53.6%  32.6  985s
 5919091 10782 infeasible   81        27.99999   13.00000  53.6%  32.6  990s
 5951140 11187   13.00000   68   40   27.99999   13.00000  53.6%  32.6  995s
 5981926 11060 infeasible   81        27.99999   13.00000  53.6%  32.6 1000s
 6009779 10967   13.00000   71   40   27.99999   13.00000  53.6%  32.7 1005s
 6041459 11124   13.00000   80   29   27.99999   13.00000  53.6%  32.7 1010s
 6071879 10920 infeasible   79        27.99999   13.00000  53.6%  32.7 1015s
 6104806 10844 infeasible   74        27.99999   13.00000  53.6%  32.7 1020s
 6134908 10671 infeasible   64        27.99999   13.00000  53.6%  32.8 1025s
 6167211 10847   13.00000   65   31   27.99999   13.00000  53.6%  32.8 1030s
 6199867 10866 infeasible   80        27.99999   13.00000  53.6%  32.8 1035s
 6233237 10777 infeasible   88        27.99999   13.00000  53.6%  32.8 1040s
 6268037 10763   13.00000   77   23   27.99999   13.00000  53.6%  32.8 1045s
 6298086 10999   13.00000   80   29   27.99999   13.00000  53.6%  32.9 1050s
 6327230 10869 infeasible   79        27.99999   13.00000  53.6%  32.9 1055s
 6356850 10705   13.00000   73   41   27.99999   13.00000  53.6%  33.0 1060s
 6386328 10796 infeasible   83        27.99999   13.00000  53.6%  33.0 1065s
 6416861 10665   13.00000   73   24   27.99999   13.00000  53.6%  33.0 1070s
 6444077 10744   13.00000   82   21   27.99999   13.00000  53.6%  33.0 1075s
 6473603 10609 infeasible   70        27.99999   13.00000  53.6%  33.1 1080s
 6507093 11088 infeasible   78        27.99999   13.00000  53.6%  33.1 1085s
 6540248 11079   13.00000   69   17   27.99999   13.00000  53.6%  33.1 1090s
 6575611 11072   13.00000   73   39   27.99999   13.00000  53.6%  33.1 1095s
 6612666 10971 infeasible   78        27.99999   13.00000  53.6%  33.0 1100s
 6650592 10708 infeasible   77        27.99999   13.00000  53.6%  33.0 1105s
 6686370 10834 infeasible   77        27.99999   13.00000  53.6%  33.0 1110s
 6725391 11171 infeasible   72        27.99999   13.00000  53.6%  32.9 1115s
 6759722 10971   13.00000   77   18   27.99999   13.00000  53.6%  32.9 1120s
 6796921 10891 infeasible   78        27.99999   13.00000  53.6%  32.9 1125s
 6835546 10843   13.00000   76   23   27.99999   13.00000  53.6%  32.8 1130s
 6873130 10676   13.00000   83   23   27.99999   13.00000  53.6%  32.8 1135s
 6909494 10561 infeasible   83        27.99999   13.00000  53.6%  32.8 1140s
 6944343 10808   13.00000   64   36   27.99999   13.00000  53.6%  32.8 1145s
 6978237 10783     cutoff   85        27.99999   13.00000  53.6%  32.8 1150s
 7010083 10653 infeasible   82        27.99999   13.00000  53.6%  32.8 1155s
 7044144 10499 infeasible   72        27.99999   13.00000  53.6%  32.8 1160s
 7074341 10859     cutoff   81        27.99999   13.00000  53.6%  32.9 1165s
 7103963 11321   13.00000   75   38   27.99999   13.00000  53.6%  32.9 1170s
 7133730 11187 infeasible   75        27.99999   13.00000  53.6%  32.9 1175s
 7163318 11027   13.00000   74   41   27.99999   13.00000  53.6%  32.9 1180s
 7192751 10779   13.00000   72   33   27.99999   13.00000  53.6%  32.9 1185s
 7223600 10844   13.00000   67   26   27.99999   13.00000  53.6%  33.0 1190s
 7246929 11004 infeasible   74        27.99999   13.00000  53.6%  33.0 1195s
 7279534 11111   13.00000   80   31   27.99999   13.00000  53.6%  33.0 1200s
 7317376 10942   13.00000   78   33   27.99999   13.00000  53.6%  33.0 1205s
 7353951 10756   13.00000   64   21   27.99999   13.00000  53.6%  33.0 1210s
 7385992 10663 infeasible   70        27.99999   13.00000  53.6%  33.0 1215s
 7417011 10503 infeasible   78        27.99999   13.00000  53.6%  33.0 1220s
 7449996 10568 infeasible   73        27.99999   13.00000  53.6%  33.0 1225s
 7486116 10424   13.00000   71   32   27.99999   13.00000  53.6%  33.0 1230s
 7518721 10538   13.00000   75   22   27.99999   13.00000  53.6%  33.0 1235s
 7552275 10700 infeasible   75        27.99999   13.00000  53.6%  33.0 1240s
 7581673 10644   13.00000   72   18   27.99999   13.00000  53.6%  33.0 1245s
 7610752 10452     cutoff   70        27.99999   13.00000  53.6%  33.0 1250s
 7642630 11134   13.00000   74   23   27.99999   13.00000  53.6%  33.1 1255s
 7683923 11135   13.00000   65   26   27.99999   13.00000  53.6%  33.0 1260s
 7727261 10897 infeasible   85        27.99999   13.00000  53.6%  32.9 1265s
 7764482 10895 infeasible   78        27.99999   13.00000  53.6%  32.9 1270s
 7797425 10708 infeasible   79        27.99999   13.00000  53.6%  32.9 1275s
 7831027 10501 infeasible   79        27.99999   13.00000  53.6%  32.9 1280s
 7863358 10514   13.00000   60   24   27.99999   13.00000  53.6%  32.9 1285s
 7897152 10657   13.00000   77   20   27.99999   13.00000  53.6%  32.9 1290s
 7934490 10239 infeasible   81        27.99999   13.00000  53.6%  32.9 1295s
 7976608 10489   21.00000   78   38   27.99999   21.00000  25.0%  32.9 1300s
 8007311 10910 infeasible   76        27.99999   21.00000  25.0%  32.9 1305s
 8037076 10530   21.00000   77   30   27.99999   21.00000  25.0%  32.9 1310s
 8064835 10502 infeasible   80        27.99999   21.00000  25.0%  32.9 1315s
 8089550 10449   21.00000   78   17   27.99999   21.00000  25.0%  33.0 1320s
 8115963 10527 infeasible   82        27.99999   21.00000  25.0%  33.0 1325s
 8145391 10356   21.00000   74   44   27.99999   21.00000  25.0%  33.1 1330s
 8175988 10565   21.00000   82    6   27.99999   21.00000  25.0%  33.1 1335s
 8205461 10360 infeasible   75        27.99999   21.00000  25.0%  33.1 1340s
 8237620 10209 infeasible   78        27.99999   21.00000  25.0%  33.1 1345s
 8267870 10397   21.00000   76   40   27.99999   21.00000  25.0%  33.1 1350s
 8296854 10312 infeasible   80        27.99999   21.00000  25.0%  33.2 1355s
 8324158 10259   21.00000   74   29   27.99999   21.00000  25.0%  33.2 1360s
 8355584 10161 infeasible   77        27.99999   21.00000  25.0%  33.2 1365s
 8387751 10127 infeasible   78        27.99999   21.00000  25.0%  33.2 1370s
 8420261 10238 infeasible   84        27.99999   21.00000  25.0%  33.3 1375s
 8453446 10222 infeasible   78        27.99999   21.00000  25.0%  33.3 1380s
 8486372  9978 infeasible   76        27.99999   21.00000  25.0%  33.3 1385s
 8519035 10082   21.00000   73   31   27.99999   21.00000  25.0%  33.3 1390s
 8552410 10016 infeasible   74        27.99999   21.00000  25.0%  33.3 1395s
 8582657  9789   21.00000   73   20   27.99999   21.00000  25.0%  33.3 1400s
 8617014 10284 infeasible   71        27.99999   21.00000  25.0%  33.3 1405s
 8651507 10695 infeasible   66        27.99999   21.00000  25.0%  33.3 1410s
 8689859 10921 infeasible   73        27.99999   21.00000  25.0%  33.3 1415s
 8723767 11473 infeasible   78        27.99999   21.00000  25.0%  33.3 1420s
 8752865 12063   21.00000   70   25   27.99999   21.00000  25.0%  33.3 1425s
 8780549 12449 infeasible   72        27.99999   21.00000  25.0%  33.3 1430s
 8808058 12812   21.00000   59   43   27.99999   21.00000  25.0%  33.4 1435s
 8839492 12762 infeasible   76        27.99999   21.00000  25.0%  33.4 1440s
 8873520 12819   21.00000   74   37   27.99999   21.00000  25.0%  33.4 1445s
 8907749 13360 infeasible   71        27.99999   21.00000  25.0%  33.4 1450s
 8936831 13902   21.00000   73   37   27.99999   21.00000  25.0%  33.4 1455s
 8959815 13949 infeasible   73        27.99999   21.00000  25.0%  33.4 1460s
 8986534 13731   21.00000   64   13   27.99999   21.00000  25.0%  33.5 1465s
 9015219 13616 infeasible   75        27.99999   21.00000  25.0%  33.5 1470s
 9043472 13632   21.00000   63   40   27.99999   21.00000  25.0%  33.5 1475s
 9077560 13591   21.00000   70   27   27.99999   21.00000  25.0%  33.5 1480s
 9108076 13829 infeasible   74        27.99999   21.00000  25.0%  33.5 1485s
 9136976 13671 infeasible   70        27.99999   21.00000  25.0%  33.6 1490s
 9165718 13444   21.00000   76   27   27.99999   21.00000  25.0%  33.6 1495s
 9196292 13232   21.00000   68   40   27.99999   21.00000  25.0%  33.6 1500s
 9227412 13292   21.00000   68   47   27.99999   21.00000  25.0%  33.6 1505s
 9261327 13146   21.00000   69   30   27.99999   21.00000  25.0%  33.6 1510s
 9296129 13116   21.00000   80   16   27.99999   21.00000  25.0%  33.6 1515s
 9333147 13164   21.00000   64   23   27.99999   21.00000  25.0%  33.6 1520s
 9367974 12909   21.00000   69   34   27.99999   21.00000  25.0%  33.6 1525s
 9402966 12911   21.00000   74   33   27.99999   21.00000  25.0%  33.5 1530s
 9437139 12653 infeasible   71        27.99999   21.00000  25.0%  33.5 1535s
 9464612 12640   21.00000   69   37   27.99999   21.00000  25.0%  33.6 1540s
 9491439 12538   21.00000   73   25   27.99999   21.00000  25.0%  33.6 1545s
 9520586 12612 infeasible   69        27.99999   21.00000  25.0%  33.6 1550s
 9550720 12440 infeasible   78        27.99999   21.00000  25.0%  33.6 1555s
 9581015 12390 infeasible   73        27.99999   21.00000  25.0%  33.6 1560s
 9612389 12361   21.00000   71   18   27.99999   21.00000  25.0%  33.7 1565s
 9645488 12491 infeasible   73        27.99999   21.00000  25.0%  33.7 1570s
 9679080 12341 infeasible   72        27.99999   21.00000  25.0%  33.6 1575s
 9711043 12479 infeasible   77        27.99999   21.00000  25.0%  33.6 1580s
 9741264 12285   21.00000   78   32   27.99999   21.00000  25.0%  33.7 1585s
 9771081 12183   21.00000   74   26   27.99999   21.00000  25.0%  33.7 1590s
 9800940 11983   21.00000   71   38   27.99999   21.00000  25.0%  33.7 1595s
 9827074 11804 infeasible   70        27.99999   21.00000  25.0%  33.7 1600s
 9858037 11737 infeasible   76        27.99999   21.00000  25.0%  33.7 1605s
 9889705 11614   21.00000   72   28   27.99999   21.00000  25.0%  33.7 1610s
 9924244 11569   21.00000   69   28   27.99999   21.00000  25.0%  33.7 1615s
 9959242 11435 infeasible   77        27.99999   21.00000  25.0%  33.7 1620s
 9994254 11361   21.00000   76   24   27.99999   21.00000  25.0%  33.7 1625s
 10026118 11174   21.00000   62   26   27.99999   21.00000  25.0%  33.7 1630s
 10060637 11122 infeasible   67        27.99999   21.00000  25.0%  33.7 1635s
 10096676 10980   21.00000   74   31   27.99999   21.00000  25.0%  33.7 1640s
 10129108 10829   21.00000   67   28   27.99999   21.00000  25.0%  33.7 1645s
 10160903 10741   21.00000   72   29   27.99999   21.00000  25.0%  33.7 1650s
 10191638 10509 infeasible   71        27.99999   21.00000  25.0%  33.8 1655s
 10221863 10478   21.00000   75   24   27.99999   21.00000  25.0%  33.8 1660s
 10251248 10738 infeasible   77        27.99999   21.00000  25.0%  33.8 1665s
 10277775 11046 infeasible   75        27.99999   21.00000  25.0%  33.8 1670s
 10303852 10993 infeasible   75        27.99999   21.00000  25.0%  33.8 1675s
 10329703 10771 infeasible   71        27.99999   21.00000  25.0%  33.9 1680s
 10356798 10755 infeasible   77        27.99999   21.00000  25.0%  33.9 1685s
 10382222 10600 infeasible   76        27.99999   21.00000  25.0%  33.9 1690s
 10411523 10644   21.00000   68   39   27.99999   21.00000  25.0%  33.9 1695s
 10446627 10771   21.00000   79   33   27.99999   21.00000  25.0%  33.9 1700s
 10482416 10697 infeasible   73        27.99999   21.00000  25.0%  33.9 1705s
 10519535 10508 infeasible   87        27.99999   21.00000  25.0%  33.9 1710s
 10549597 10427   21.00000   76   48   27.99999   21.00000  25.0%  33.9 1715s
 10577741 10265   21.00000   76   41   27.99999   21.00000  25.0%  33.9 1720s
 10608143 10178 infeasible   75        27.99999   21.00000  25.0%  33.9 1725s
 10637952 10002 infeasible   67        27.99999   21.00000  25.0%  33.9 1730s
 10665235  9895   21.00000   69   26   27.99999   21.00000  25.0%  33.9 1735s
 10691761 10362   21.00000   74   37   27.99999   21.00000  25.0%  34.0 1740s
 10717882 10242   21.00000   75   24   27.99999   21.00000  25.0%  34.0 1745s
 10742939 10109 infeasible   73        27.99999   21.00000  25.0%  34.0 1750s
 10766623 10108 infeasible   76        27.99999   21.00000  25.0%  34.1 1755s
 10791197 10068   21.00000   75   38   27.99999   21.00000  25.0%  34.1 1760s
 10817739  9903   21.00000   77   27   27.99999   21.00000  25.0%  34.1 1765s
 10844899  9849 infeasible   78        27.99999   21.00000  25.0%  34.2 1770s
 10875450  9780 infeasible   86        27.99999   21.00000  25.0%  34.2 1775s
 10908023  9884 infeasible   71        27.99999   21.00000  25.0%  34.2 1780s
 10942552  9845 infeasible   90        27.99999   21.00000  25.0%  34.2 1785s
 10981688  9875   21.00000   69   34   27.99999   21.00000  25.0%  34.2 1790s
 11019598  9782   21.00000   89   35   27.99999   21.00000  25.0%  34.2 1795s
 11050969  9786   21.00000   89   31   27.99999   21.00000  25.0%  34.2 1800s
 11082917  9789 infeasible   74        27.99999   21.00000  25.0%  34.2 1805s
 11117444  9664 infeasible   68        27.99999   21.00000  25.0%  34.2 1810s
 11146825  9603   21.00000   67   54   27.99999   21.00000  25.0%  34.2 1815s
 11179756  9453 infeasible   72        27.99999   21.00000  25.0%  34.2 1820s
 11215328  9848   21.00000   67   44   27.99999   21.00000  25.0%  34.2 1825s
 11253127  9622 infeasible   76        27.99999   21.00000  25.0%  34.2 1830s
 11288741  9455 infeasible   74        27.99999   21.00000  25.0%  34.1 1835s
 11324416  9461   21.00000   74   30   27.99999   21.00000  25.0%  34.1 1840s
 11359444  9386 infeasible   75        27.99999   21.00000  25.0%  34.1 1845s
 11398755  9432   21.00000   67   33   27.99999   21.00000  25.0%  34.1 1850s
 11437065  9371 infeasible   71        27.99999   21.00000  25.0%  34.1 1855s
 11473546  9407   21.00000   74   35   27.99999   21.00000  25.0%  34.1 1860s
 11511800  9441 infeasible   80        27.99999   21.00000  25.0%  34.0 1865s
 11548999  9812   21.00000   72   32   27.99999   21.00000  25.0%  34.0 1870s
 11584880  9586 infeasible   73        27.99999   21.00000  25.0%  34.0 1875s
 11622035  9425   21.00000   80   38   27.99999   21.00000  25.0%  34.0 1880s
 11660599  9238   21.00000   68   33   27.99999   21.00000  25.0%  34.0 1885s
 11693401  9287 infeasible   67        27.99999   21.00000  25.0%  34.0 1890s
 11725353  9268 infeasible   74        27.99999   21.00000  25.0%  34.0 1895s
 11755139  9356 infeasible   76        27.99999   21.00000  25.0%  34.0 1900s
 11782110  9240 infeasible   71        27.99999   21.00000  25.0%  34.0 1905s
 11809576  9143   21.00000   72   33   27.99999   21.00000  25.0%  34.0 1910s
 11840286  9383 infeasible   73        27.99999   21.00000  25.0%  34.0 1915s
 11875978  9434 infeasible   73        27.99999   21.00000  25.0%  34.0 1920s
 11910047  9203   21.00000   78   36   27.99999   21.00000  25.0%  34.0 1925s
 11939416  9212 infeasible   70        27.99999   21.00000  25.0%  34.1 1930s
 11963479  9089 infeasible   71        27.99999   21.00000  25.0%  34.1 1935s
 11989838  9118 infeasible   74        27.99999   21.00000  25.0%  34.1 1940s
 12017871  9191 infeasible   76        27.99999   21.00000  25.0%  34.1 1945s
 12051827  9291 infeasible   73        27.99999   21.00000  25.0%  34.1 1950s
 12086041  9020   21.00000   71   30   27.99999   21.00000  25.0%  34.1 1955s
 12115495  9014   21.00000   76   39   27.99999   21.00000  25.0%  34.1 1960s
 12147525  8909   21.00000   70   32   27.99999   21.00000  25.0%  34.1 1965s
 12171631  9047   21.00000   90   15   27.99999   21.00000  25.0%  34.2 1970s
 12194479  9010 infeasible   90        27.99999   21.00000  25.0%  34.2 1975s
 12217557  8876 infeasible   71        27.99999   21.00000  25.0%  34.2 1980s
 12245360  8990   21.00000   72   32   27.99999   21.00000  25.0%  34.3 1985s
 12276432  8835   21.00000   64   24   27.99999   21.00000  25.0%  34.3 1990s
 12312092  8878 infeasible   70        27.99999   21.00000  25.0%  34.3 1995s
 12349734  9018 infeasible   77        27.99999   21.00000  25.0%  34.3 2000s
 12387889  8817   21.00000   74   30   27.99999   21.00000  25.0%  34.2 2005s
 12424007  8863   21.00000   75   31   27.99999   21.00000  25.0%  34.2 2010s
 12462176  8897   21.00000   76   35   27.99999   21.00000  25.0%  34.2 2015s
 12499755  8753 infeasible   71        27.99999   21.00000  25.0%  34.2 2020s
 12533063  8706   21.00000   65   39   27.99999   21.00000  25.0%  34.2 2025s
 12566585  8729 infeasible   75        27.99999   21.00000  25.0%  34.2 2030s
 12600752  8614 infeasible   73        27.99999   21.00000  25.0%  34.2 2035s
 12637850  8669 infeasible   68        27.99999   21.00000  25.0%  34.1 2040s
 12670170  8793   21.00000   75   27   27.99999   21.00000  25.0%  34.2 2045s
 12694568  8745 infeasible   74        27.99999   21.00000  25.0%  34.2 2050s
 12722300  8581   21.00000   83   26   27.99999   21.00000  25.0%  34.2 2055s
 12757446  8565   21.00000   74   32   27.99999   21.00000  25.0%  34.2 2060s
 12792439  8425   21.00000   73   33   27.99999   21.00000  25.0%  34.2 2065s
 12830100  8436 infeasible   68        27.99999   21.00000  25.0%  34.2 2070s
 12866720  8618   21.00000   78   32   27.99999   21.00000  25.0%  34.2 2075s
 12904898  8589   21.00000   64   34   27.99999   21.00000  25.0%  34.1 2080s
 12942556  8228 infeasible   82        27.99999   21.00000  25.0%  34.1 2085s
 12980567  8333 infeasible   83        27.99999   21.00000  25.0%  34.1 2090s
 13017915  8168 infeasible   78        27.99999   21.00000  25.0%  34.1 2095s
 13050414  8100 infeasible   70        27.99999   21.00000  25.0%  34.1 2100s
 13080031  8669   21.00000   75   39   27.99999   21.00000  25.0%  34.1 2105s
 13107213  8574 infeasible   71        27.99999   21.00000  25.0%  34.1 2110s
 13131480  8517   21.00000   75   30   27.99999   21.00000  25.0%  34.2 2115s
 13157052  8437   21.00000   77   32   27.99999   21.00000  25.0%  34.2 2120s
 13183331  8362 infeasible   81        27.99999   21.00000  25.0%  34.2 2125s
 13209357  8397   21.00000   75   44   27.99999   21.00000  25.0%  34.2 2130s
 13236297  8252 infeasible   75        27.99999   21.00000  25.0%  34.2 2135s
 13265914  8277   21.00000   76   42   27.99999   21.00000  25.0%  34.2 2140s
 13298191  8262 infeasible   75        27.99999   21.00000  25.0%  34.2 2145s
 13332721  8468   21.00000   77   33   27.99999   21.00000  25.0%  34.2 2150s
 13369072  8242   21.00000   77   23   27.99999   21.00000  25.0%  34.2 2155s
 13406675  8148   21.00000   72   42   27.99999   21.00000  25.0%  34.2 2160s
 13440514  8074 infeasible   78        27.99999   21.00000  25.0%  34.2 2165s
 13468098  8580 infeasible   78        27.99999   21.00000  25.0%  34.2 2170s
 13499400  8702   21.00000   72   34   27.99999   21.00000  25.0%  34.2 2175s
 13531258  8571 infeasible   73        27.99999   21.00000  25.0%  34.2 2180s
 13562329  8367   21.00000   71   43   27.99999   21.00000  25.0%  34.2 2185s
 13593882  8287   21.00000   73   32   27.99999   21.00000  25.0%  34.2 2190s
 13624576  8170 infeasible   83        27.99999   21.00000  25.0%  34.2 2195s
 13657164  8029 infeasible   77        27.99999   21.00000  25.0%  34.2 2200s
 13685200  8122 infeasible   75        27.99999   21.00000  25.0%  34.2 2205s
 13715645  8121 infeasible   80        27.99999   21.00000  25.0%  34.2 2210s
 13746592  7950 infeasible   76        27.99999   21.00000  25.0%  34.2 2215s
 13779222  8103   21.00000   71   29   27.99999   21.00000  25.0%  34.2 2220s
 13813847  7987 infeasible   72        27.99999   21.00000  25.0%  34.2 2225s
 13848881  7951 infeasible   76        27.99999   21.00000  25.0%  34.2 2230s
 13886347  7843 infeasible   76        27.99999   21.00000  25.0%  34.1 2235s
 13912849  8238 infeasible   79        27.99999   21.00000  25.0%  34.1 2240s
 13940734  8273 infeasible   77        27.99999   21.00000  25.0%  34.2 2245s
 13967316  8134   21.00000   75   35   27.99999   21.00000  25.0%  34.2 2250s
 13999311  8098   21.00000   74   21   27.99999   21.00000  25.0%  34.2 2255s
 14035449  7924   21.00000   71   30   27.99999   21.00000  25.0%  34.2 2260s
 14069106  7786   21.00000   75   29   27.99999   21.00000  25.0%  34.2 2265s
 14100871  8043   21.00000   63   31   27.99999   21.00000  25.0%  34.2 2270s
 14136192  7859   21.00000   63   37   27.99999   21.00000  25.0%  34.2 2275s
 14171910  7680   21.00000   65   28   27.99999   21.00000  25.0%  34.1 2280s
 14202838  7258   21.00000   72   36   27.99999   21.00000  25.0%  34.1 2285s
 14236229  7232   21.00000   66   46   27.99999   21.00000  25.0%  34.1 2290s
 14270295  7119   21.00000   77   17   27.99999   21.00000  25.0%  34.1 2295s
 14306138  7433 infeasible   76        27.99999   23.00000  17.9%  34.1 2300s
 14337429  8188   23.00000   69   25   27.99999   23.00000  17.9%  34.1 2305s
 14369184  8292 infeasible   74        27.99999   23.00000  17.9%  34.1 2310s
 14396662  8274 infeasible   75        27.99999   23.00000  17.9%  34.2 2315s
 14427938  8373 infeasible   84        27.99999   23.00000  17.9%  34.2 2320s
 14459327  8783   23.00000   75   26   27.99999   23.00000  17.9%  34.2 2325s
 14490151  9026 infeasible   75        27.99999   23.00000  17.9%  34.2 2330s
 14521134  8864 infeasible   73        27.99999   23.00000  17.9%  34.2 2335s
 14552384  8753 infeasible   74        27.99999   23.00000  17.9%  34.2 2340s
 14582961  8681 infeasible   77        27.99999   23.00000  17.9%  34.2 2345s
 14615710  9011   23.00000   82   34   27.99999   23.00000  17.9%  34.2 2350s
 14642454  9391 infeasible   70        27.99999   23.00000  17.9%  34.2 2355s
 14671454  9840   23.00000   70   40   27.99999   23.00000  17.9%  34.2 2360s
 14701779 10244   23.00000   70   29   27.99999   23.00000  17.9%  34.2 2365s
 14731052 10538   23.00000   76   32   27.99999   23.00000  17.9%  34.2 2370s
 14760602 11209 infeasible   77        27.99999   23.00000  17.9%  34.2 2375s
 14791572 12163   23.00000   57   27   27.99999   23.00000  17.9%  34.2 2380s
 14822969 12940 infeasible   70        27.99999   23.00000  17.9%  34.2 2385s
 14854106 13770 infeasible   73        27.99999   23.00000  17.9%  34.2 2390s
 14883972 14409   23.00000   75   48   27.99999   23.00000  17.9%  34.2 2395s
 14913254 14741   23.00000   65   44   27.99999   23.00000  17.9%  34.3 2400s
 14942127 14527   23.00000   73   51   27.99999   23.00000  17.9%  34.3 2405s
 14972381 14291 infeasible   77        27.99999   23.00000  17.9%  34.3 2410s
 14999041 14296   23.00000   80   26   27.99999   23.00000  17.9%  34.3 2415s
 15028839 14210 infeasible   71        27.99999   23.00000  17.9%  34.3 2420s
 15056952 14233   23.00000   88   25   27.99999   23.00000  17.9%  34.3 2425s
 15085029 14241   23.00000   77   30   27.99999   23.00000  17.9%  34.3 2430s
 15113165 13991   23.00000   71   26   27.99999   23.00000  17.9%  34.3 2435s
 15143293 14086 infeasible   70        27.99999   23.00000  17.9%  34.3 2440s
 15173807 13893   23.00000   73   35   27.99999   23.00000  17.9%  34.3 2445s
 15204491 14114 infeasible   76        27.99999   23.00000  17.9%  34.3 2450s
 15230865 14099 infeasible   76        27.99999   23.00000  17.9%  34.3 2455s
 15259076 14019   23.00000   66   28   27.99999   23.00000  17.9%  34.3 2460s
 15286616 14007 infeasible   76        27.99999   23.00000  17.9%  34.4 2465s
 15313354 13983   23.00000   72   16   27.99999   23.00000  17.9%  34.4 2470s
 15338030 13832   23.00000   68   27   27.99999   23.00000  17.9%  34.4 2475s
 15364495 13838   23.00000   66   38   27.99999   23.00000  17.9%  34.4 2480s
 15388987 13781   23.00000   65   35   27.99999   23.00000  17.9%  34.4 2485s
 15419200 14131 infeasible   72        27.99999   23.00000  17.9%  34.4 2490s
 15452675 14037 infeasible   76        27.99999   23.00000  17.9%  34.4 2495s
 15487893 13975   23.00000   79   23   27.99999   23.00000  17.9%  34.4 2500s
 15521542 13886 infeasible   74        27.99999   23.00000  17.9%  34.4 2505s
 15556668 13840   23.00000   66   34   27.99999   23.00000  17.9%  34.4 2510s
 15589835 13899   23.00000   77   23   27.99999   23.00000  17.9%  34.4 2515s
 15614446 13933   23.00000   84   17   27.99999   23.00000  17.9%  34.4 2520s
 15642702 13660   23.00000   75   43   27.99999   23.00000  17.9%  34.4 2525s
 15670035 14245   23.00000   77   31   27.99999   23.00000  17.9%  34.4 2530s
 15697752 14371   23.00000   67   34   27.99999   23.00000  17.9%  34.4 2535s
 15726231 14201 infeasible   70        27.99999   23.00000  17.9%  34.4 2540s
 15753598 14034 infeasible   74        27.99999   23.00000  17.9%  34.4 2545s
 15780606 14005   23.00000   77   26   27.99999   23.00000  17.9%  34.4 2550s
 15807320 13903   23.00000   75   41   27.99999   23.00000  17.9%  34.4 2555s
 15833777 13816   23.00000   68   23   27.99999   23.00000  17.9%  34.4 2560s
 15861933 13768 infeasible   89        27.99999   23.00000  17.9%  34.4 2565s
 15888174 13829 infeasible   74        27.99999   23.00000  17.9%  34.4 2570s
 15916078 14586   23.00000   77   25   27.99999   23.00000  17.9%  34.4 2575s
 15946118 14572   23.00000   80   35   27.99999   23.00000  17.9%  34.4 2580s
 15975410 14299   23.00000   80   44   27.99999   23.00000  17.9%  34.4 2585s
 16002586 14159 infeasible   77        27.99999   23.00000  17.9%  34.4 2590s
 16027926 13968   23.00000   75   24   27.99999   23.00000  17.9%  34.4 2595s
 16057654 13761   23.00000   73   34   27.99999   23.00000  17.9%  34.4 2600s
 16085098 13600   23.00000   67   23   27.99999   23.00000  17.9%  34.4 2605s
 16112202 13626 infeasible   69        27.99999   23.00000  17.9%  34.4 2610s
 16140573 13780 infeasible   78        27.99999   23.00000  17.9%  34.4 2615s
 16168818 13709 infeasible   75        27.99999   23.00000  17.9%  34.4 2620s
 16197102 13714 infeasible   80        27.99999   23.00000  17.9%  34.4 2625s
 16223378 13553 infeasible   77        27.99999   23.00000  17.9%  34.4 2630s
 16251882 13689 infeasible   85        27.99999   23.00000  17.9%  34.4 2635s
 16279981 13961   23.00000   80   40   27.99999   23.00000  17.9%  34.4 2640s
 16305929 13790   23.00000   84   40   27.99999   23.00000  17.9%  34.4 2645s
 16332868 13564   23.00000   70   41   27.99999   23.00000  17.9%  34.4 2650s
 16359280 14125   23.00000   83   21   27.99999   23.00000  17.9%  34.5 2655s
 16384631 14420 infeasible   81        27.99999   23.00000  17.9%  34.5 2660s
 16412073 14220   23.00000   72   25   27.99999   23.00000  17.9%  34.5 2665s
 16438487 13820 infeasible   81        27.99999   23.00000  17.9%  34.5 2670s
 16465815 13880   23.00000   82   24   27.99999   23.00000  17.9%  34.5 2675s
 16492020 13763 infeasible   77        27.99999   23.00000  17.9%  34.5 2680s
 16517324 13641   23.00000   72   44   27.99999   23.00000  17.9%  34.5 2685s
 16543465 13554 infeasible   75        27.99999   23.00000  17.9%  34.5 2690s
 16569854 13452 infeasible   82        27.99999   23.00000  17.9%  34.5 2695s
 16599855 13625   23.00000   76   29   27.99999   23.00000  17.9%  34.5 2700s
 16629057 13388   23.00000   74   22   27.99999   23.00000  17.9%  34.5 2705s
 16660021 13393 infeasible   71        27.99999   23.00000  17.9%  34.5 2710s
 16687495 13222   23.00000   74   26   27.99999   23.00000  17.9%  34.5 2715s
 16717625 13094 infeasible   80        27.99999   23.00000  17.9%  34.5 2720s
 16745758 13213 infeasible   75        27.99999   23.00000  17.9%  34.5 2725s
H16767936 13130                      27.9992503   23.00000  17.9%  34.5 2728s
 16772604 13133   23.00000   70   30   27.99925   23.00000  17.9%  34.5 2730s
 16803383 13104   23.00000   66   24   27.99925   23.00000  17.9%  34.5 2735s
 16835715 12967   23.00000   75   27   27.99925   23.00000  17.9%  34.5 2740s
 16869342 12882   23.00000   73   22   27.99925   23.00000  17.9%  34.5 2745s
 16901343 12839 infeasible   72        27.99925   23.00000  17.9%  34.5 2750s
 16930771 13362 infeasible   63        27.99925   23.00000  17.9%  34.5 2755s
 16959301 13748 infeasible   76        27.99925   23.00000  17.9%  34.5 2760s
 16990012 13966 infeasible   72        27.99925   23.00000  17.9%  34.5 2765s
 17021131 13864   23.00000   77   38   27.99925   23.00000  17.9%  34.5 2770s
 17052955 13904 infeasible   70        27.99925   23.00000  17.9%  34.5 2775s
 17081771 13993 infeasible   66        27.99925   23.00000  17.9%  34.5 2780s
 17108058 13836 infeasible   74        27.99925   23.00000  17.9%  34.5 2785s
 17136411 13680 infeasible   79        27.99925   23.00000  17.9%  34.5 2790s
 17165541 13636   23.00000   77   39   27.99925   23.00000  17.9%  34.5 2795s
 17194531 13599   23.00000   74   28   27.99925   23.00000  17.9%  34.5 2800s
 17227523 14061   23.00000   65   38   27.99925   23.00000  17.9%  34.5 2805s
 17261470 14214 infeasible   83        27.99925   23.00000  17.9%  34.5 2810s
 17294687 14006   23.00000   72   28   27.99925   23.00000  17.9%  34.6 2815s
 17330012 13940   23.00000   71   28   27.99925   23.00000  17.9%  34.6 2820s
 17362717 13909 infeasible   76        27.99925   23.00000  17.9%  34.6 2825s
 17393884 13968   23.00000   75   32   27.99925   23.00000  17.9%  34.6 2830s
 17425556 13988 infeasible   75        27.99925   23.00000  17.9%  34.6 2835s
 17460078 14072 infeasible   88        27.99925   23.00000  17.9%  34.6 2840s
 17492128 14333   23.00000   81   24   27.99925   23.00000  17.9%  34.6 2845s
 17526530 14082   23.00000   65   30   27.99925   23.00000  17.9%  34.6 2850s
 17559380 13969 infeasible   78        27.99925   23.00000  17.9%  34.6 2855s
 17591526 13797 infeasible   74        27.99925   23.00000  17.9%  34.6 2860s
 17622697 14221 infeasible   84        27.99925   23.00000  17.9%  34.6 2865s
 17656937 14277   23.00000   79   34   27.99925   23.00000  17.9%  34.6 2870s
 17691840 14168   23.00000   73   31   27.99925   23.00000  17.9%  34.6 2875s
 17727233 14108   23.00000   70   30   27.99925   23.00000  17.9%  34.6 2880s
 17761591 13846   23.00000   74   30   27.99925   23.00000  17.9%  34.6 2885s
 17795660 13929 infeasible   75        27.99925   23.00000  17.9%  34.6 2890s
 17826234 13721   23.00000   77   35   27.99925   23.00000  17.9%  34.6 2895s
 17858460 13622   23.00000   59   45   27.99925   23.00000  17.9%  34.6 2900s
 17890339 13676 infeasible   75        27.99925   23.00000  17.9%  34.6 2905s
 17922018 13660 infeasible   73        27.99925   23.00000  17.9%  34.6 2910s
 17955155 14124 infeasible   78        27.99925   23.00000  17.9%  34.6 2915s
 17987518 13978   23.00000   78   25   27.99925   23.00000  17.9%  34.6 2920s
 18018938 13778 infeasible   70        27.99925   23.00000  17.9%  34.6 2925s
 18051746 13849   23.00000   86   30   27.99925   23.00000  17.9%  34.6 2930s
 18084062 13633 infeasible   83        27.99925   23.00000  17.9%  34.6 2935s
 18116994 13940   23.00000   75   33   27.99925   23.00000  17.9%  34.6 2940s
 18148859 14165 infeasible   78        27.99925   23.00000  17.9%  34.7 2945s
 18180511 14056   23.00000   73   25   27.99925   23.00000  17.9%  34.7 2950s
 18214095 13890 infeasible   79        27.99925   23.00000  17.9%  34.7 2955s
 18246353 13771   23.00000   74   29   27.99925   23.00000  17.9%  34.7 2960s
 18275755 13700 infeasible   74        27.99925   23.00000  17.9%  34.7 2965s
 18307484 13462 infeasible   71        27.99925   23.00000  17.9%  34.7 2970s
 18339048 14001 infeasible   76        27.99925   23.00000  17.9%  34.7 2975s
 18368698 14254   23.00000   76   31   27.99925   23.00000  17.9%  34.7 2980s
 18400168 13915   23.00000   72   27   27.99925   23.00000  17.9%  34.7 2985s
 18430752 13853   23.00000   70   44   27.99925   23.00000  17.9%  34.7 2990s
 18460608 13760 infeasible   76        27.99925   23.00000  17.9%  34.7 2995s
 18491545 13602 infeasible   81        27.99925   23.00000  17.9%  34.8 3000s
 18519526 13708 infeasible   76        27.99925   23.00000  17.9%  34.8 3005s
 18548816 13505   23.00000   74   36   27.99925   23.00000  17.9%  34.8 3010s
 18578384 13719   23.00000   74   35   27.99925   23.00000  17.9%  34.8 3015s
 18607771 13734   23.00000   67   27   27.99925   23.00000  17.9%  34.8 3020s
 18636151 13461 infeasible   72        27.99925   23.00000  17.9%  34.8 3025s
 18667542 13549 infeasible   71        27.99925   23.00000  17.9%  34.8 3030s
 18699811 13633 infeasible   71        27.99925   23.00000  17.9%  34.9 3035s
 18728255 13361 infeasible   76        27.99925   23.00000  17.9%  34.9 3040s
 18759329 13303 infeasible   82        27.99925   23.00000  17.9%  34.9 3045s
 18791765 13287 infeasible   76        27.99925   23.00000  17.9%  34.9 3050s
 18822606 13206 infeasible   74        27.99925   23.00000  17.9%  34.9 3055s
 18855205 13118   23.00000   75   34   27.99925   23.00000  17.9%  34.9 3060s
 18886142 13143 infeasible   76        27.99925   23.00000  17.9%  34.9 3065s
 18919572 13303   23.00000   73   25   27.99925   23.00000  17.9%  34.9 3070s
 18951737 13008 infeasible   74        27.99925   23.00000  17.9%  34.9 3075s
 18981992 12981 infeasible   75        27.99925   23.00000  17.9%  34.9 3080s
 19008702 13006   23.00000   79   37   27.99925   23.00000  17.9%  34.9 3085s
 19038910 12938   23.00000   81   26   27.99925   23.00000  17.9%  34.9 3090s
 19069255 12872   23.00000   68   37   27.99925   23.00000  17.9%  35.0 3095s
 19099963 12757   23.00000   74   23   27.99925   23.00000  17.9%  35.0 3100s
 19132546 12688   23.00000   70   29   27.99925   23.00000  17.9%  35.0 3105s
 19165012 12794 infeasible   81        27.99925   23.00000  17.9%  35.0 3110s
 19198967 12716 infeasible   72        27.99925   23.00000  17.9%  35.0 3115s
 19233129 13093 infeasible   76        27.99925   23.00000  17.9%  35.0 3120s
 19267707 13305 infeasible   82        27.99925   23.00000  17.9%  35.0 3125s
 19302451 13110   23.00000   74   32   27.99925   23.00000  17.9%  35.0 3130s
 19338408 12947   23.00000   76   29   27.99925   23.00000  17.9%  35.0 3135s
 19375450 12796 infeasible   82        27.99925   23.00000  17.9%  35.0 3140s
 19410163 12585   23.00000   77   25   27.99925   23.00000  17.9%  35.0 3145s
 19439324 12523 infeasible   67        27.99925   23.00000  17.9%  35.0 3150s
 19472878 12652 infeasible   81        27.99925   23.00000  17.9%  35.0 3155s
 19504854 12685   23.00000   76   38   27.99925   23.00000  17.9%  35.0 3160s
 19533819 12384 infeasible   72        27.99925   23.00000  17.9%  35.0 3165s
 19566857 12487   23.00000   67   28   27.99925   23.00000  17.9%  35.0 3170s
 19599987 12471   23.00000   76   37   27.99925   23.00000  17.9%  35.0 3175s
 19631934 12396   23.00000   70   30   27.99925   23.00000  17.9%  35.0 3180s
 19663962 12359 infeasible   81        27.99925   23.00000  17.9%  35.0 3185s
 19694478 12715 infeasible   74        27.99925   23.00000  17.9%  35.0 3190s
 19726360 12527 infeasible   72        27.99925   23.00000  17.9%  35.0 3195s
 19757384 12577 infeasible   75        27.99925   23.00000  17.9%  35.0 3200s
 19789513 12455   23.00000   74   39   27.99925   23.00000  17.9%  35.0 3205s
 19820585 12245   23.00000   70   42   27.99925   23.00000  17.9%  35.0 3210s
 19853865 12274 infeasible   73        27.99925   23.00000  17.9%  35.0 3215s
 19887166 12370   23.00000   68   19   27.99925   23.00000  17.9%  35.0 3220s
 19919427 12532   23.00000   77   37   27.99925   23.00000  17.9%  35.0 3225s
 19951058 12420 infeasible   72        27.99925   23.00000  17.9%  35.0 3230s
 19983274 12350   23.00000   72   46   27.99925   23.00000  17.9%  35.0 3235s
 20014484 12348 infeasible   75        27.99925   23.00000  17.9%  35.1 3240s
 20044994 12267   23.00000   72   33   27.99925   23.00000  17.9%  35.1 3245s
 20076224 12308 infeasible   84        27.99925   23.00000  17.9%  35.1 3250s
 20107980 12308   23.00000   80   17   27.99925   23.00000  17.9%  35.1 3255s
 20138678 12052 infeasible   76        27.99925   23.00000  17.9%  35.1 3260s
 20166156 12063 infeasible   74        27.99925   23.00000  17.9%  35.1 3265s
 20197888 12100   23.00000   80   36   27.99925   23.00000  17.9%  35.1 3270s
 20230408 12159   23.00000   74   44   27.99925   23.00000  17.9%  35.1 3275s
 20263173 11943 infeasible   76        27.99925   23.00000  17.9%  35.1 3280s
 20297800 12479 infeasible   79        27.99925   23.00000  17.9%  35.1 3285s
 20332647 12169 infeasible   77        27.99925   23.00000  17.9%  35.1 3290s
 20367271 12161 infeasible   84        27.99925   23.00000  17.9%  35.1 3295s
 20402554 12025 infeasible   83        27.99925   23.00000  17.9%  35.1 3300s
 20433245 12236 infeasible   76        27.99925   23.00000  17.9%  35.1 3305s
 20462957 11948 infeasible   76        27.99925   23.00000  17.9%  35.1 3310s
 20492283 11944   23.00000   70   41   27.99925   23.00000  17.9%  35.1 3315s
 20521742 11891   23.00000   72   35   27.99925   23.00000  17.9%  35.1 3320s
 20552618 11700 infeasible   80        27.99925   23.00000  17.9%  35.1 3325s
 20584249 11696 infeasible   80        27.99925   23.00000  17.9%  35.1 3330s
 20616436 11745 infeasible   75        27.99925   23.00000  17.9%  35.1 3335s
 20651359 11800 infeasible   76        27.99925   23.00000  17.9%  35.1 3340s
 20681104 11621 infeasible   77        27.99925   23.00000  17.9%  35.1 3345s
 20716744 11729   23.00000   65   43   27.99925   23.00000  17.9%  35.1 3350s
 20749104 11313 infeasible   76        27.99925   23.00000  17.9%  35.1 3355s
 20781109 11462   23.00000   79   33   27.99925   23.00000  17.9%  35.1 3360s
 20813783 11880 infeasible   82        27.99925   23.00000  17.9%  35.1 3365s
 20844079 11648   23.00000   74   18   27.99925   23.00000  17.9%  35.1 3370s
 20875655 11438 infeasible   74        27.99925   23.00000  17.9%  35.1 3375s
 20905107 11787   23.00000   84   45   27.99925   23.00000  17.9%  35.1 3380s
 20933755 11801   23.00000   75   30   27.99925   23.00000  17.9%  35.1 3385s
 20964516 11592 infeasible   81        27.99925   23.00000  17.9%  35.1 3390s
 20995087 11550   23.00000   78   41   27.99925   23.00000  17.9%  35.1 3395s
 21027373 11414   23.00000   73   29   27.99925   23.00000  17.9%  35.2 3400s
 21059158 11544   23.00000   83   35   27.99925   23.00000  17.9%  35.2 3405s
 21088951 11428   23.00000   72   36   27.99925   23.00000  17.9%  35.2 3410s
 21121529 11306 infeasible   72        27.99925   23.00000  17.9%  35.2 3415s
 21152392 11156   23.00000   81   29   27.99925   23.00000  17.9%  35.2 3420s
 21185478 10914 infeasible   72        27.99925   23.00000  17.9%  35.2 3425s
 21215681 10790 infeasible   69        27.99925   23.00000  17.9%  35.2 3430s
 21246658 11226   23.00000   79   27   27.99925   23.00000  17.9%  35.2 3435s
 21279747 11171   23.00000   77   37   27.99925   23.00000  17.9%  35.2 3440s
 21309605 10921 infeasible   69        27.99925   23.00000  17.9%  35.2 3445s
 21342388 10681 infeasible   73        27.99925   23.00000  17.9%  35.2 3450s
 21374144 10894 infeasible   71        27.99925   23.00000  17.9%  35.2 3455s
 21405304 10728 infeasible   73        27.99925   23.00000  17.9%  35.2 3460s
 21436902 10487   23.00000   67   39   27.99925   23.00000  17.9%  35.2 3465s
 21469669 10768   23.00000   75   29   27.99925   23.00000  17.9%  35.2 3470s
 21504007 10503   23.00000   77   34   27.99925   23.00000  17.9%  35.2 3475s
 21537950 10123   23.00000   77   32   27.99925   23.00000  17.9%  35.2 3480s
 21569067  9988 infeasible   75        27.99925   23.00000  17.9%  35.2 3485s
 21599238  9730 infeasible   81        27.99925   23.00000  17.9%  35.2 3490s
 21631089  9542   23.00000   73   30   27.99925   23.00000  17.9%  35.2 3495s
 21664486  9412 infeasible   67        27.99925   23.00000  17.9%  35.2 3500s
 21696430  9856   23.00000   78   45   27.99925   23.00000  17.9%  35.2 3505s
 21726463  9795   23.00000   71   35   27.99925   23.00000  17.9%  35.2 3510s
 21759176  9567 infeasible   75        27.99925   23.00000  17.9%  35.2 3515s
 21792671  9548 infeasible   68        27.99925   23.00000  17.9%  35.2 3520s
 21825000  9474 infeasible   77        27.99925   23.00000  17.9%  35.2 3525s
 21857640  9381 infeasible   71        27.99925   23.00000  17.9%  35.2 3530s
 21890801  9208 infeasible   78        27.99925   23.00000  17.9%  35.2 3535s
 21922634  9554   23.00000   71   42   27.99925   23.00000  17.9%  35.2 3540s
 21955215  9321   23.00000   78   37   27.99925   23.00000  17.9%  35.2 3545s
 21985855  9295   23.00000   74   20   27.99925   23.00000  17.9%  35.2 3550s
 22018083  9071   23.00000   79   39   27.99925   23.00000  17.9%  35.3 3555s
 22046482  8549 infeasible   67        27.99925   27.00000  3.57%  35.3 3560s
 22079218  9133   27.00000   77   24   27.99925   27.00000  3.57%  35.3 3565s
 22107966  9064   27.00000   68   41   27.99925   27.00000  3.57%  35.3 3570s
 22138581  8858   27.00000   75   33   27.99925   27.00000  3.57%  35.3 3575s
 22171850  8892 infeasible   83        27.99925   27.00000  3.57%  35.3 3580s
 22202833  8846   27.00000   78   39   27.99925   27.00000  3.57%  35.3 3585s
 22235047  8768 infeasible   81        27.99925   27.00000  3.57%  35.3 3590s
 22266292  8949 infeasible   84        27.99925   27.00000  3.57%  35.3 3595s
 22293565  8927   27.00000   80   35   27.99925   27.00000  3.57%  35.3 3600s
 22325511  8632   27.00000   75   36   27.99925   27.00000  3.57%  35.3 3605s
 22359275  9445   27.00000   69   30   27.99925   27.00000  3.57%  35.4 3610s
 22398311 10261 infeasible   78        27.99925   27.00000  3.57%  35.3 3615s
 22435618 11138   27.00000   80   20   27.99925   27.00000  3.57%  35.3 3620s
 22472331 11553 infeasible   72        27.99925   27.00000  3.57%  35.3 3625s
 22508278 12134 infeasible   75        27.99925   27.00000  3.57%  35.4 3630s
 22541381 12761   27.00000   86   19   27.99925   27.00000  3.57%  35.4 3635s
 22577003 12587 infeasible   84        27.99925   27.00000  3.57%  35.4 3640s
 22613495 12533 infeasible   85        27.99925   27.00000  3.57%  35.4 3645s
 22650335 12374   27.00000   69   34   27.99925   27.00000  3.57%  35.4 3650s
 22690300 13029   27.00000   74   31   27.99925   27.00000  3.57%  35.4 3655s
 22731597 13110   27.00000   81   14   27.99925   27.00000  3.57%  35.4 3660s
 22773332 12964 infeasible   77        27.99925   27.00000  3.57%  35.3 3665s
 22813812 12807   27.00000   77   14   27.99925   27.00000  3.57%  35.3 3670s
 22852896 12643   27.00000   82   21   27.99925   27.00000  3.57%  35.3 3675s
 22892037 12676 infeasible   82        27.99925   27.00000  3.57%  35.3 3680s
 22933676 12609   27.00000   77   19   27.99925   27.00000  3.57%  35.3 3685s
 22974509 12386   27.00000   77   13   27.99925   27.00000  3.57%  35.3 3690s
 23015625 12255   27.00000   82   33   27.99925   27.00000  3.57%  35.3 3695s
 23053155 12307   27.00000   88   16   27.99925   27.00000  3.57%  35.3 3700s
 23090614 12236   27.00000   71   41   27.99925   27.00000  3.57%  35.3 3705s
 23126431 12072 infeasible   92        27.99925   27.00000  3.57%  35.3 3710s
 23163122 12000 infeasible   77        27.99925   27.00000  3.57%  35.3 3715s
 23198804 12616 infeasible   83        27.99925   27.00000  3.57%  35.3 3720s
 23236599 12734   27.00000   86   36   27.99925   27.00000  3.57%  35.3 3725s
 23274535 12597 infeasible   89        27.99925   27.00000  3.57%  35.3 3730s
 23308953 12518   27.00000   85   25   27.99925   27.00000  3.57%  35.3 3735s
 23345075 12444   27.00000   91   10   27.99925   27.00000  3.57%  35.3 3740s
 23380942 12392   27.00000   75   45   27.99925   27.00000  3.57%  35.3 3745s
 23417175 12387 infeasible   85        27.99925   27.00000  3.57%  35.3 3750s
 23455865 12794   27.00000   87   19   27.99925   27.00000  3.57%  35.3 3755s
 23494670 12730 infeasible   85        27.99925   27.00000  3.57%  35.3 3760s
 23536103 12729   27.00000   80   36   27.99925   27.00000  3.57%  35.3 3765s
 23578136 12624 infeasible   83        27.99925   27.00000  3.57%  35.3 3770s
 23616264 12485 infeasible   82        27.99925   27.00000  3.57%  35.3 3775s
 23656247 12508   27.00000   86   21   27.99925   27.00000  3.57%  35.3 3780s
 23698528 12401 infeasible   88        27.99925   27.00000  3.57%  35.3 3785s
 23740524 12535   27.00000   89   25   27.99925   27.00000  3.57%  35.3 3790s
 23780427 12412 infeasible   89        27.99925   27.00000  3.57%  35.3 3795s
 23819113 12310   27.00000   82   21   27.99925   27.00000  3.57%  35.3 3800s
 23855660 12246   27.00000   86   16   27.99925   27.00000  3.57%  35.3 3805s
 23892646 12486 infeasible   90        27.99925   27.00000  3.57%  35.3 3810s
 23928349 12346   27.00000   84   30   27.99925   27.00000  3.57%  35.3 3815s
 23964299 12113   27.00000   81   22   27.99925   27.00000  3.57%  35.3 3820s
 24001133 12399   27.00000   88   19   27.99925   27.00000  3.57%  35.3 3825s
 24037459 12164   27.00000   85   27   27.99925   27.00000  3.57%  35.3 3830s
 24074363 12205   27.00000   80   38   27.99925   27.00000  3.57%  35.3 3835s
 24106649 12328   27.00000   83   18   27.99925   27.00000  3.57%  35.3 3840s
 24143689 11997   27.00000   85   24   27.99925   27.00000  3.57%  35.3 3845s
 24179839 12457   27.00000   75   28   27.99925   27.00000  3.57%  35.3 3850s
 24212992 13347   27.00000   84   20   27.99925   27.00000  3.57%  35.3 3855s
 24247566 13681   27.00000   67   44   27.99925   27.00000  3.57%  35.3 3860s
 24283069 13576   27.00000   82   23   27.99925   27.00000  3.57%  35.3 3865s
 24317459 13340   27.00000   77   28   27.99925   27.00000  3.57%  35.3 3870s
 24350479 13201   27.00000   76   38   27.99925   27.00000  3.57%  35.3 3875s
 24384900 13169 infeasible   88        27.99925   27.00000  3.57%  35.3 3880s
 24417450 13353   27.00000   80   37   27.99925   27.00000  3.57%  35.3 3885s
 24449256 13260 infeasible   83        27.99925   27.00000  3.57%  35.3 3890s
 24481431 13138   27.00000   82   20   27.99925   27.00000  3.57%  35.3 3895s
 24513968 13062 infeasible   86        27.99925   27.00000  3.57%  35.3 3900s
 24546155 13049   27.00000   78   29   27.99925   27.00000  3.57%  35.4 3905s
 24576337 13239   27.00000   80   21   27.99925   27.00000  3.57%  35.4 3910s
 24602097 13497   27.00000   79   31   27.99925   27.00000  3.57%  35.4 3915s
 24638892 13540   27.00000   75   29   27.99925   27.00000  3.57%  35.4 3920s
 24671991 13322 infeasible   89        27.99925   27.00000  3.57%  35.4 3925s
 24703875 13126 infeasible   87        27.99925   27.00000  3.57%  35.4 3930s
 24737127 12989   27.00000   73   21   27.99925   27.00000  3.57%  35.4 3935s
 24769198 13072 infeasible   83        27.99925   27.00000  3.57%  35.4 3940s
 24802262 13222 infeasible   70        27.99925   27.00000  3.57%  35.4 3945s
 24834934 13506 infeasible   74        27.99925   27.00000  3.57%  35.4 3950s
 24866130 13400   27.00000   71   18   27.99925   27.00000  3.57%  35.4 3955s
 24892526 13201 infeasible   83        27.99925   27.00000  3.57%  35.4 3960s
 24925665 13051 infeasible   80        27.99925   27.00000  3.57%  35.5 3965s
 24958293 12955   27.00000   83   25   27.99925   27.00000  3.57%  35.5 3970s
 24991797 13087   27.00000   79   25   27.99925   27.00000  3.57%  35.5 3975s
 25025504 13041   27.00000   85   26   27.99925   27.00000  3.57%  35.5 3980s
 25058610 13077 infeasible   79        27.99925   27.00000  3.57%  35.5 3985s
 25092548 12942 infeasible   80        27.99925   27.00000  3.57%  35.5 3990s
 25121963 13434 infeasible   77        27.99925   27.00000  3.57%  35.5 3995s
 25152903 13665 infeasible   77        27.99925   27.00000  3.57%  35.5 4000s
 25185383 13517 infeasible   75        27.99925   27.00000  3.57%  35.5 4005s
 25216201 13367 infeasible   77        27.99925   27.00000  3.57%  35.5 4010s
 25248394 13201   27.00000   81   25   27.99925   27.00000  3.57%  35.5 4015s
 25279741 13115 infeasible   77        27.99925   27.00000  3.57%  35.5 4020s
 25307744 13359 infeasible   79        27.99925   27.00000  3.57%  35.5 4025s
 25339265 13181 infeasible   79        27.99925   27.00000  3.57%  35.5 4030s
 25371400 13034 infeasible   77        27.99925   27.00000  3.57%  35.6 4035s
 25403283 12953 infeasible   80        27.99925   27.00000  3.57%  35.6 4040s
 25435511 12993   27.00000   74   26   27.99925   27.00000  3.57%  35.6 4045s
 25468076 13647   27.00000   73   31   27.99925   27.00000  3.57%  35.6 4050s
 25499245 13719 infeasible   84        27.99925   27.00000  3.57%  35.6 4055s
 25531333 13592   27.00000   87   34   27.99925   27.00000  3.57%  35.6 4060s
 25563220 13439   27.00000   81   28   27.99925   27.00000  3.57%  35.6 4065s
 25591214 13433 infeasible   78        27.99925   27.00000  3.57%  35.6 4070s
 25623446 13124   27.00000   69   33   27.99925   27.00000  3.57%  35.6 4075s
 25656562 13227   27.00000   78   32   27.99925   27.00000  3.57%  35.6 4080s
 25689439 12906   27.00000   85   34   27.99925   27.00000  3.57%  35.6 4085s
 25721482 13206 infeasible   77        27.99925   27.00000  3.57%  35.6 4090s
 25754245 13511   27.00000   78   23   27.99925   27.00000  3.57%  35.6 4095s
 25785174 13411   27.00000   77   27   27.99925   27.00000  3.57%  35.6 4100s
 25815924 13248   27.00000   82   33   27.99925   27.00000  3.57%  35.7 4105s
 25846896 13142   27.00000   77   36   27.99925   27.00000  3.57%  35.7 4110s
 25878963 13023 infeasible   78        27.99925   27.00000  3.57%  35.7 4115s
 25911437 13093   27.00000   76   22   27.99925   27.00000  3.57%  35.7 4120s
 25943237 13017 infeasible   87        27.99925   27.00000  3.57%  35.7 4125s
 25971714 12984 infeasible   87        27.99925   27.00000  3.57%  35.7 4130s
 26003563 13326 infeasible   83        27.99925   27.00000  3.57%  35.7 4135s
 26033436 13034   27.00000   78   16   27.99925   27.00000  3.57%  35.7 4140s
 26065361 12829 infeasible   83        27.99925   27.00000  3.57%  35.7 4145s
 26098387 12909 infeasible   78        27.99925   27.00000  3.57%  35.7 4150s
 26130585 12749 infeasible   83        27.99925   27.00000  3.57%  35.7 4155s
 26167830 12912 infeasible   74        27.99925   27.00000  3.57%  35.7 4160s
 26202370 12738 infeasible   82        27.99925   27.00000  3.57%  35.7 4165s
 26241358 12503 infeasible   79        27.99925   27.00000  3.57%  35.7 4170s
 26280539 12556 infeasible   71        27.99925   27.00000  3.57%  35.7 4175s
 26322727 12289   27.00000   72   24   27.99925   27.00000  3.57%  35.7 4180s
 26361147 12195   27.00000   80   24   27.99925   27.00000  3.57%  35.7 4185s
 26396581 12865 infeasible   85        27.99925   27.00000  3.57%  35.7 4190s
 26431604 13087 infeasible   70        27.99925   27.00000  3.57%  35.7 4195s
 26463635 12848   27.00000   82   28   27.99925   27.00000  3.57%  35.7 4200s
 26499838 12916   27.00000   79   24   27.99925   27.00000  3.57%  35.7 4205s
 26535347 12709 infeasible   86        27.99925   27.00000  3.57%  35.7 4210s
 26572738 12665 infeasible   83        27.99925   27.00000  3.57%  35.7 4215s
 26609423 12581 infeasible   79        27.99925   27.00000  3.57%  35.7 4220s
 26644146 12552   27.00000   81   32   27.99925   27.00000  3.57%  35.7 4225s
 26681012 12827 infeasible   83        27.99925   27.00000  3.57%  35.7 4230s
 26716980 12643   27.00000   83   21   27.99925   27.00000  3.57%  35.7 4235s
 26754230 12568 infeasible   82        27.99925   27.00000  3.57%  35.7 4240s
 26788955 12523   27.00000   82   37   27.99925   27.00000  3.57%  35.7 4245s
 26824058 12793 infeasible   91        27.99925   27.00000  3.57%  35.7 4250s
 26861811 12661   27.00000   82   28   27.99925   27.00000  3.57%  35.7 4255s
 26899888 12560   27.00000   85   29   27.99925   27.00000  3.57%  35.7 4260s
 26936647 12399   27.00000   85   25   27.99925   27.00000  3.57%  35.7 4265s
 26975365 12437 infeasible   86        27.99925   27.00000  3.57%  35.7 4270s
 27008485 12229   27.00000   83   37   27.99925   27.00000  3.57%  35.7 4275s
 27044922 12668   27.00000   85   27   27.99925   27.00000  3.57%  35.7 4280s
 27080249 12806 infeasible   87        27.99925   27.00000  3.57%  35.7 4285s
 27118060 12687   27.00000   84   28   27.99925   27.00000  3.57%  35.7 4290s
 27156298 12510   27.00000   79   29   27.99925   27.00000  3.57%  35.7 4295s
 27194396 12649   27.00000   83   32   27.99925   27.00000  3.57%  35.7 4300s
 27232186 12471   27.00000   67   32   27.99925   27.00000  3.57%  35.7 4305s
 27270470 12369 infeasible   86        27.99925   27.00000  3.57%  35.7 4310s
 27306891 12075   27.00000   80   28   27.99925   27.00000  3.57%  35.7 4315s
 27337776 12211 infeasible   69        27.99925   27.00000  3.57%  35.7 4320s
 27377586 12303 infeasible   75        27.99925   27.00000  3.57%  35.7 4325s
 27417430 11927 infeasible   76        27.99925   27.00000  3.57%  35.7 4330s
 27451409 11770   27.00000   73   30   27.99925   27.00000  3.57%  35.7 4335s
 27485047 11409   27.00000   77   27   27.99925   27.00000  3.57%  35.7 4340s
 27517592 11638   27.00000   71   23   27.99925   27.00000  3.57%  35.7 4345s
 27548751 12146 infeasible   84        27.99925   27.00000  3.57%  35.8 4350s
 27580079 12339 infeasible   79        27.99925   27.00000  3.57%  35.8 4355s
 27609619 12089   27.00000   80   20   27.99925   27.00000  3.57%  35.8 4360s
 27640904 11877   27.00000   72   42   27.99925   27.00000  3.57%  35.8 4365s
 27671811 12035 infeasible   78        27.99925   27.00000  3.57%  35.8 4370s
 27701892 11810   27.00000   83   31   27.99925   27.00000  3.57%  35.8 4375s
 27733236 11706   27.00000   84   27   27.99925   27.00000  3.57%  35.8 4380s
 27765516 11521 infeasible   77        27.99925   27.00000  3.57%  35.8 4385s
 27792764 11637 infeasible   88        27.99925   27.00000  3.57%  35.8 4390s
 27823492 11329 infeasible   78        27.99925   27.00000  3.57%  35.8 4395s
 27856092 11633   27.00000   81   34   27.99925   27.00000  3.57%  35.8 4400s
 27889603 11978 infeasible   79        27.99925   27.00000  3.57%  35.8 4405s
 27926266 11895 infeasible   75        27.99925   27.00000  3.57%  35.8 4410s
 27958956 11962 infeasible   75        27.99925   27.00000  3.57%  35.8 4415s
 27990397 11761 infeasible   74        27.99925   27.00000  3.57%  35.8 4420s
 28022498 11766   27.00000   72   30   27.99925   27.00000  3.57%  35.8 4425s
 28052125 11710   27.00000   76   51   27.99925   27.00000  3.57%  35.8 4430s
 28083848 11607   27.00000   64   46   27.99925   27.00000  3.57%  35.8 4435s
 28116096 11645 infeasible   83        27.99925   27.00000  3.57%  35.8 4440s
 28148291 11529 infeasible   85        27.99925   27.00000  3.57%  35.8 4445s
 28180271 11458   27.00000   73   40   27.99925   27.00000  3.57%  35.8 4450s
 28213254 11455   27.00000   83   24   27.99925   27.00000  3.57%  35.8 4455s
 28244842 11412 infeasible   80        27.99925   27.00000  3.57%  35.8 4460s
 28274620 11591 infeasible   80        27.99925   27.00000  3.57%  35.9 4465s
 28306240 11741 infeasible   75        27.99925   27.00000  3.57%  35.9 4470s
 28336800 11684 infeasible   79        27.99925   27.00000  3.57%  35.9 4475s
 28368577 11547   27.00000   79   28   27.99925   27.00000  3.57%  35.9 4480s
 28400515 11284 infeasible   79        27.99925   27.00000  3.57%  35.9 4485s
 28431731 11530 infeasible   71        27.99925   27.00000  3.57%  35.9 4490s
 28460878 11610   27.00000   79   22   27.99925   27.00000  3.57%  35.9 4495s
 28490408 11353   27.00000   81   19   27.99925   27.00000  3.57%  35.9 4500s
 28520590 11208   27.00000   69   36   27.99925   27.00000  3.57%  35.9 4505s
 28554792 11739 infeasible   78        27.99925   27.00000  3.57%  35.9 4510s
 28586474 11644 infeasible   82        27.99925   27.00000  3.57%  35.9 4515s
 28623259 11622   27.00000   84   21   27.99925   27.00000  3.57%  35.9 4520s
 28660902 11683   27.00000   72   33   27.99925   27.00000  3.57%  35.9 4525s
 28698048 11517 infeasible   74        27.99925   27.00000  3.57%  35.9 4530s
 28732807 11480 infeasible   84        27.99925   27.00000  3.57%  35.9 4535s
 28767016 11458 infeasible   74        27.99925   27.00000  3.57%  35.9 4540s
 28803621 11415 infeasible   73        27.99925   27.00000  3.57%  35.9 4545s
 28838474 11587 infeasible   81        27.99925   27.00000  3.57%  35.9 4550s
 28873011 11762   27.00000   88   33   27.99925   27.00000  3.57%  35.9 4555s
 28902908 12666   27.00000   86   21   27.99925   27.00000  3.57%  35.9 4560s
 28934144 12800 infeasible   88        27.99925   27.00000  3.57%  35.9 4565s
 28964002 12687 infeasible   90        27.99925   27.00000  3.57%  35.9 4570s
 28993170 12532 infeasible   87        27.99925   27.00000  3.57%  35.9 4575s
 29022623 12462 infeasible   82        27.99925   27.00000  3.57%  35.9 4580s
 29053835 12637 infeasible   86        27.99925   27.00000  3.57%  35.9 4585s
 29080988 12388   27.00000   82   31   27.99925   27.00000  3.57%  35.9 4590s
 29111892 12665   27.00000   83   27   27.99925   27.00000  3.57%  35.9 4595s
 29143375 12662   27.00000   78   24   27.99925   27.00000  3.57%  35.9 4600s
 29174297 12444   27.00000   83   23   27.99925   27.00000  3.57%  35.9 4605s
 29203684 12331 infeasible   86        27.99925   27.00000  3.57%  35.9 4610s
 29233983 12392 infeasible   90        27.99925   27.00000  3.57%  35.9 4615s
 29264201 12263   27.00000   84   20   27.99925   27.00000  3.57%  36.0 4620s
 29293453 12187 infeasible   83        27.99925   27.00000  3.57%  36.0 4625s
 29323348 12123   27.00000   77   37   27.99925   27.00000  3.57%  36.0 4630s
 29353032 13102   27.00000   78   31   27.99925   27.00000  3.57%  36.0 4635s
 29382581 13310   27.00000   79   26   27.99925   27.00000  3.57%  36.0 4640s
 29407909 13218   27.00000   80   26   27.99925   27.00000  3.57%  36.0 4645s
 29438044 13250 infeasible   78        27.99925   27.00000  3.57%  36.0 4650s
 29467185 13201   27.00000   75   28   27.99925   27.00000  3.57%  36.0 4655s
 29496814 13322   27.00000   73   47   27.99925   27.00000  3.57%  36.0 4660s
 29528215 13213   27.00000   76   17   27.99925   27.00000  3.57%  36.0 4665s
 29559205 13139 infeasible   86        27.99925   27.00000  3.57%  36.0 4670s
 29591042 12975   27.00000   79   25   27.99925   27.00000  3.57%  36.0 4675s
 29620042 13343 infeasible   84        27.99925   27.00000  3.57%  36.0 4680s
 29647845 13139   27.00000   77   21   27.99925   27.00000  3.57%  36.0 4685s
 29676300 12999 infeasible   76        27.99925   27.00000  3.57%  36.0 4690s
 29704981 12864   27.00000   87   26   27.99925   27.00000  3.57%  36.0 4695s
 29733294 12810   27.00000   79   26   27.99925   27.00000  3.57%  36.0 4700s
 29761442 12707   27.00000   85   14   27.99925   27.00000  3.57%  36.0 4705s
 29789951 12663 infeasible   77        27.99925   27.00000  3.57%  36.0 4710s
 29817132 12610   27.00000   79   36   27.99925   27.00000  3.57%  36.0 4715s
 29845046 12833 infeasible   81        27.99925   27.00000  3.57%  36.1 4720s
 29871703 12814 infeasible   81        27.99925   27.00000  3.57%  36.1 4725s
 29900644 12760   27.00000   81   34   27.99925   27.00000  3.57%  36.1 4730s
 29929630 12596   27.00000   75   28   27.99925   27.00000  3.57%  36.1 4735s
 29958411 12663   27.00000   76   32   27.99925   27.00000  3.57%  36.1 4740s
 29987540 12586 infeasible   78        27.99925   27.00000  3.57%  36.1 4745s
 30016805 12553 infeasible   85        27.99925   27.00000  3.57%  36.1 4750s
 30045765 12479 infeasible   83        27.99925   27.00000  3.57%  36.1 4755s
 30075894 12428 infeasible   85        27.99925   27.00000  3.57%  36.1 4760s
 30105142 12592   27.00000   72   33   27.99925   27.00000  3.57%  36.1 4765s
 30136378 12640 infeasible   83        27.99925   27.00000  3.57%  36.1 4770s
 30166816 12641   27.00000   72   32   27.99925   27.00000  3.57%  36.1 4775s
 30198441 12461 infeasible   75        27.99925   27.00000  3.57%  36.1 4780s
 30226695 12377   27.00000   82   24   27.99925   27.00000  3.57%  36.1 4785s
 30257171 12420 infeasible   82        27.99925   27.00000  3.57%  36.1 4790s
 30285697 12318   27.00000   76   33   27.99925   27.00000  3.57%  36.1 4795s
 30314867 12535   27.00000   78   32   27.99925   27.00000  3.57%  36.1 4800s
 30344081 12452   27.00000   70   30   27.99925   27.00000  3.57%  36.1 4805s
 30373734 12310 infeasible   82        27.99925   27.00000  3.57%  36.1 4810s
 30403096 12224 infeasible   82        27.99925   27.00000  3.57%  36.1 4815s
 30427087 12301   27.00000   81   50   27.99925   27.00000  3.57%  36.1 4820s
 30456357 12679   27.00000   84   32   27.99925   27.00000  3.57%  36.1 4825s
 30485056 12577   27.00000   82   44   27.99925   27.00000  3.57%  36.1 4830s
 30514545 12323 infeasible   84        27.99925   27.00000  3.57%  36.2 4835s
 30543936 12233   27.00000   80   25   27.99925   27.00000  3.57%  36.2 4840s
 30572969 12171   27.00000   83   22   27.99925   27.00000  3.57%  36.2 4845s
 30601369 12081 infeasible   79        27.99925   27.00000  3.57%  36.2 4850s
 30631033 12364 infeasible   80        27.99925   27.00000  3.57%  36.2 4855s
 30658193 12474   27.00000   74   34   27.99925   27.00000  3.57%  36.2 4860s
 30686482 12495   27.00000   75   32   27.99925   27.00000  3.57%  36.2 4865s
 30716090 12395 infeasible   78        27.99925   27.00000  3.57%  36.2 4870s
 30743987 12271 infeasible   77        27.99925   27.00000  3.57%  36.2 4875s
 30771959 12257 infeasible   77        27.99925   27.00000  3.57%  36.2 4880s
 30801228 12139   27.00000   80   36   27.99925   27.00000  3.57%  36.2 4885s
 30826590 12146 infeasible   91        27.99925   27.00000  3.57%  36.2 4890s
 30853809 12115 infeasible   82        27.99925   27.00000  3.57%  36.2 4895s
 30882259 12082 infeasible   80        27.99925   27.00000  3.57%  36.2 4900s
 30909623 12037   27.00000   75   29   27.99925   27.00000  3.57%  36.2 4905s
 30937441 12041   27.00000   81   25   27.99925   27.00000  3.57%  36.2 4910s
 30965338 12649   27.00000   74   27   27.99925   27.00000  3.57%  36.2 4915s
 30994261 12774 infeasible   76        27.99925   27.00000  3.57%  36.2 4920s
 31022408 12658 infeasible   75        27.99925   27.00000  3.57%  36.3 4925s
 31050213 12795 infeasible   74        27.99925   27.00000  3.57%  36.3 4930s
 31079992 13085 infeasible   79        27.99925   27.00000  3.57%  36.3 4935s
 31109317 12830 infeasible   77        27.99925   27.00000  3.57%  36.3 4940s
 31139572 12571   27.00000   81   27   27.99925   27.00000  3.57%  36.3 4945s
 31169614 12613 infeasible   81        27.99925   27.00000  3.57%  36.3 4950s
 31199848 12532 infeasible   82        27.99925   27.00000  3.57%  36.3 4955s
 31229982 12484   27.00000   84   21   27.99925   27.00000  3.57%  36.3 4960s
 31258729 12454 infeasible   79        27.99925   27.00000  3.57%  36.3 4965s
 31287049 12301   27.00000   75   37   27.99925   27.00000  3.57%  36.3 4970s
 31315654 12268   27.00000   75   41   27.99925   27.00000  3.57%  36.3 4975s
 31340842 12292   27.00000   79   25   27.99925   27.00000  3.57%  36.3 4980s
 31370812 12286   27.00000   77   35   27.99925   27.00000  3.57%  36.3 4985s
 31400485 12089   27.00000   79   33   27.99925   27.00000  3.57%  36.3 4990s
 31425953 12002   27.00000   74   35   27.99925   27.00000  3.57%  36.3 4995s
 31454911 12089   27.00000   83   39   27.99925   27.00000  3.57%  36.3 5000s
 31482913 12170 infeasible   79        27.99925   27.00000  3.57%  36.3 5005s
 31512030 12055 infeasible   85        27.99925   27.00000  3.57%  36.3 5010s
 31539343 12219 infeasible   80        27.99925   27.00000  3.57%  36.3 5015s
 31567325 12448 infeasible   86        27.99925   27.00000  3.57%  36.3 5020s
 31595742 12625   27.00000   86   23   27.99925   27.00000  3.57%  36.3 5025s
 31623240 12370 infeasible   82        27.99925   27.00000  3.57%  36.3 5030s
 31650992 12179   27.00000   83   27   27.99925   27.00000  3.57%  36.3 5035s
 31678411 12188   27.00000   85   25   27.99925   27.00000  3.57%  36.3 5040s
 31707007 12310   27.00000   81   36   27.99925   27.00000  3.57%  36.3 5045s
 31735856 12138   27.00000   85   14   27.99925   27.00000  3.57%  36.3 5050s
 31765306 12226   27.00000   82   26   27.99925   27.00000  3.57%  36.3 5055s
 31795286 12157   27.00000   83   27   27.99925   27.00000  3.57%  36.3 5060s
 31822942 12292 infeasible   85        27.99925   27.00000  3.57%  36.3 5065s
 31851540 12085 infeasible   87        27.99925   27.00000  3.57%  36.3 5070s
 31879044 12061 infeasible   79        27.99925   27.00000  3.57%  36.3 5075s
 31905971 12022   27.00000   81   29   27.99925   27.00000  3.57%  36.4 5080s
 31933236 12021 infeasible   84        27.99925   27.00000  3.57%  36.4 5085s
 31956973 11961 infeasible   85        27.99925   27.00000  3.57%  36.4 5090s
 31984562 12155 infeasible   81        27.99925   27.00000  3.57%  36.4 5095s
 32011615 12484 infeasible   82        27.99925   27.00000  3.57%  36.4 5100s
 32038120 12584   27.00000   78   42   27.99925   27.00000  3.57%  36.4 5105s
 32064792 12359   27.00000   78   36   27.99925   27.00000  3.57%  36.4 5110s
 32090682 12479   27.00000   78   29   27.99925   27.00000  3.57%  36.4 5115s
 32117840 12313 infeasible   81        27.99925   27.00000  3.57%  36.4 5120s
 32144576 12115 infeasible   85        27.99925   27.00000  3.57%  36.4 5125s
 32170297 12047   27.00000   84   22   27.99925   27.00000  3.57%  36.4 5130s
 32197576 11858   27.00000   78   27   27.99925   27.00000  3.57%  36.4 5135s
 32225402 11817   27.00000   75   27   27.99925   27.00000  3.57%  36.4 5140s
 32254082 12471   27.00000   76   28   27.99925   27.00000  3.57%  36.4 5145s
 32281241 12507 infeasible   85        27.99925   27.00000  3.57%  36.4 5150s
 32309675 12420 infeasible   79        27.99925   27.00000  3.57%  36.4 5155s
 32338282 12251 infeasible   82        27.99925   27.00000  3.57%  36.4 5160s
 32367764 12096   27.00000   82   28   27.99925   27.00000  3.57%  36.4 5165s
 32393947 12104 infeasible   80        27.99925   27.00000  3.57%  36.4 5170s
 32422748 12152 infeasible   80        27.99925   27.00000  3.57%  36.4 5175s
 32450019 11978   27.00000   79   27   27.99925   27.00000  3.57%  36.4 5180s
 32479434 11926 infeasible   82        27.99925   27.00000  3.57%  36.5 5185s
 32507307 11963 infeasible   80        27.99925   27.00000  3.57%  36.5 5190s
 32533933 12154 infeasible   83        27.99925   27.00000  3.57%  36.5 5195s
 32561818 11876   27.00000   79   26   27.99925   27.00000  3.57%  36.5 5200s
 32588410 12304 infeasible   79        27.99925   27.00000  3.57%  36.5 5205s
 32614248 12173 infeasible   80        27.99925   27.00000  3.57%  36.5 5210s
 32641362 11961 infeasible   76        27.99925   27.00000  3.57%  36.5 5215s
 32668546 11770   27.00000   77   28   27.99925   27.00000  3.57%  36.5 5220s
 32696765 11849   27.00000   82   25   27.99925   27.00000  3.57%  36.5 5225s
 32724693 11905   27.00000   77   29   27.99925   27.00000  3.57%  36.5 5230s
 32749219 11813   27.00000   78   35   27.99925   27.00000  3.57%  36.5 5235s
 32775085 11799   27.00000   81   31   27.99925   27.00000  3.57%  36.5 5240s
 32803908 12297   27.00000   73   31   27.99925   27.00000  3.57%  36.5 5245s
 32834103 12455 infeasible   85        27.99925   27.00000  3.57%  36.5 5250s
 32864032 12216   27.00000   79   33   27.99925   27.00000  3.57%  36.5 5255s
 32892713 12135   27.00000   73   49   27.99925   27.00000  3.57%  36.5 5260s
 32923022 12054   27.00000   82   29   27.99925   27.00000  3.57%  36.5 5265s
 32952762 12014 infeasible   81        27.99925   27.00000  3.57%  36.5 5270s
 32982537 11916   27.00000   78   26   27.99925   27.00000  3.57%  36.6 5275s
 33012274 11868   27.00000   74   38   27.99925   27.00000  3.57%  36.6 5280s
 33041214 11799 infeasible   80        27.99925   27.00000  3.57%  36.6 5285s
 33065097 11720   27.00000   78   32   27.99925   27.00000  3.57%  36.6 5290s
 33095260 12050 infeasible   81        27.99925   27.00000  3.57%  36.6 5295s
 33123139 12321 infeasible   83        27.99925   27.00000  3.57%  36.6 5300s
 33151214 12313 infeasible   83        27.99925   27.00000  3.57%  36.6 5305s
 33178883 12268   27.00000   80   39   27.99925   27.00000  3.57%  36.6 5310s
 33206921 12030   27.00000   80   33   27.99925   27.00000  3.57%  36.6 5315s
 33234507 11888 infeasible   84        27.99925   27.00000  3.57%  36.6 5320s
 33263897 11754 infeasible   80        27.99925   27.00000  3.57%  36.6 5325s
 33293212 11766   27.00000   75   38   27.99925   27.00000  3.57%  36.6 5330s
 33320695 12371   27.00000   71   40   27.99925   27.00000  3.57%  36.6 5335s
 33349462 12497   27.00000   73   31   27.99925   27.00000  3.57%  36.6 5340s
 33375998 12354   27.00000   81   29   27.99925   27.00000  3.57%  36.6 5345s
 33403559 12200   27.00000   72   33   27.99925   27.00000  3.57%  36.6 5350s
 33432330 12096   27.00000   79   28   27.99925   27.00000  3.57%  36.6 5355s
 33460882 12098 infeasible   85        27.99925   27.00000  3.57%  36.6 5360s
 33489929 12046 infeasible   86        27.99925   27.00000  3.57%  36.6 5365s
 33517911 12099   27.00000   76   30   27.99925   27.00000  3.57%  36.6 5370s
 33543213 12180 infeasible   86        27.99925   27.00000  3.57%  36.6 5375s
 33570712 12042   27.00000   75   24   27.99925   27.00000  3.57%  36.6 5380s
 33597182 12068   27.00000   77   41   27.99925   27.00000  3.57%  36.7 5385s
 33624967 12098   27.00000   73   33   27.99925   27.00000  3.57%  36.7 5390s
 33653091 12051   27.00000   81   33   27.99925   27.00000  3.57%  36.7 5395s
 33681549 12109 infeasible   78        27.99925   27.00000  3.57%  36.7 5400s
 33710568 11980   27.00000   75   33   27.99925   27.00000  3.57%  36.7 5405s
 33740149 11832   27.00000   66   39   27.99925   27.00000  3.57%  36.7 5410s
 33769777 11758   27.00000   74   31   27.99925   27.00000  3.57%  36.7 5415s
 33799242 11672   27.00000   88   27   27.99925   27.00000  3.57%  36.7 5420s
 33832222 11589   27.00000   79   34   27.99925   27.00000  3.57%  36.7 5425s
 33866626 11287 infeasible   70        27.99925   27.00000  3.57%  36.7 5430s
 33898567 11147 infeasible   84        27.99925   27.00000  3.57%  36.7 5435s
 33928950 11134   27.00000   77   34   27.99925   27.00000  3.57%  36.7 5440s
 33960952 11221 infeasible   76        27.99925   27.00000  3.57%  36.7 5445s
 33991447 10754   27.00000   69   37   27.99925   27.00000  3.57%  36.7 5450s
 34022765 10177   27.00000   66   30   27.99925   27.00000  3.57%  36.7 5455s
 34057817  9768   27.00000   77   35   27.99925   27.00000  3.57%  36.7 5460s
 34093497  9544   27.00000   70   12   27.99925   27.00000  3.57%  36.7 5465s
 34126720  9264   27.00000   68   27   27.99925   27.00000  3.57%  36.7 5470s
 34160685  9238 infeasible   73        27.99925   27.00000  3.57%  36.7 5475s
 34196170  9545 infeasible   76        27.99925   27.00000  3.57%  36.7 5480s
 34234260  9533 infeasible   69        27.99925   27.00000  3.57%  36.7 5485s
 34271903  9251   27.00000   78   23   27.99925   27.00000  3.57%  36.7 5490s
 34306234  8963 infeasible   73        27.99925   27.00000  3.57%  36.6 5495s
 34339303  8774   27.00000   76   20   27.99925   27.00000  3.57%  36.6 5500s
 34368786  9277 infeasible   69        27.99925   27.00000  3.57%  36.6 5505s
 34402226  9243   27.00000   67   31   27.99925   27.00000  3.57%  36.6 5510s
 34437140  9113   27.00000   71   31   27.99925   27.00000  3.57%  36.6 5515s
 34471475  9037 infeasible   76        27.99925   27.00000  3.57%  36.6 5520s
 34505764  8869   27.00000   66   31   27.99925   27.00000  3.57%  36.6 5525s
 34540645  8729 infeasible   71        27.99925   27.00000  3.57%  36.6 5530s
 34573338  8534   27.00000   64   29   27.99925   27.00000  3.57%  36.6 5535s
 34607018  9786   27.00000   63   44   27.99925   27.00000  3.57%  36.6 5540s
 34639947 11111   27.00000   61   29   27.99925   27.00000  3.57%  36.6 5545s
 34669342 11806 infeasible   83        27.99925   27.00000  3.57%  36.6 5550s
 34703634 12827   27.00000   84   35   27.99925   27.00000  3.57%  36.6 5555s
 34738469 13750 infeasible   83        27.99925   27.00000  3.57%  36.6 5560s
 34774103 14552 infeasible   85        27.99925   27.00000  3.57%  36.6 5565s
 34806056 15890   27.00000   87   26   27.99925   27.00000  3.57%  36.6 5570s
 34832768 16481   27.00000   71   25   27.99925   27.00000  3.57%  36.6 5575s
 34862403 17060 infeasible   77        27.99925   27.00000  3.57%  36.6 5580s
 34892017 17374   27.00000   81   27   27.99925   27.00000  3.57%  36.6 5585s
 34920881 17325   27.00000   78   32   27.99925   27.00000  3.57%  36.7 5590s
 34951427 17217   27.00000   89   21   27.99925   27.00000  3.57%  36.7 5595s
 34980040 17032   27.00000   72   37   27.99925   27.00000  3.57%  36.7 5600s
 35010301 16894   27.00000   79   19   27.99925   27.00000  3.57%  36.7 5605s
 35041427 17160   27.00000   81   21   27.99925   27.00000  3.57%  36.7 5610s
 35077637 17298   27.00000   72   10   27.99925   27.00000  3.57%  36.7 5615s
 35115131 17821   27.00000   88   32   27.99925   27.00000  3.57%  36.7 5620s
 35148765 19008   27.00000   81   15   27.99925   27.00000  3.57%  36.7 5625s
 35183525 19309   27.00000   81   42   27.99925   27.00000  3.57%  36.7 5630s
 35214506 19918   27.00000   79   30   27.99925   27.00000  3.57%  36.7 5635s
 35249185 20484   27.00000   79   29   27.99925   27.00000  3.57%  36.7 5640s
 35283058 21319   27.00000   76   37   27.99925   27.00000  3.57%  36.7 5645s
 35314373 21735 infeasible   70        27.99925   27.00000  3.57%  36.7 5650s
 35343178 21983   27.00000   81   31   27.99925   27.00000  3.57%  36.7 5655s
 35373441 22309   27.00000   76   51   27.99925   27.00000  3.57%  36.7 5660s
 35406703 23322   27.00000   81   30   27.99925   27.00000  3.57%  36.7 5665s
 35442403 23933   27.00000   73   31   27.99925   27.00000  3.57%  36.7 5670s
 35467937 24649   27.00000   77   26   27.99925   27.00000  3.57%  36.7 5675s
 35500605 25449   27.00000   71   40   27.99925   27.00000  3.57%  36.7 5680s
 35536304 26502 infeasible   87        27.99925   27.00000  3.57%  36.7 5685s
 35571635 27039   27.00000   75   27   27.99925   27.00000  3.57%  36.7 5690s
 35603736 27214 infeasible   71        27.99925   27.00000  3.57%  36.7 5695s
 35636476 28267   27.00000   73   25   27.99925   27.00000  3.57%  36.7 5700s
 35669826 29000   27.00000   78   22   27.99925   27.00000  3.57%  36.7 5705s
 35701209 29247 infeasible   77        27.99925   27.00000  3.57%  36.7 5710s
 35731874 29847   27.00000   75   25   27.99925   27.00000  3.57%  36.7 5715s
 35760863 30049 infeasible   79        27.99925   27.00000  3.57%  36.7 5720s
 35789973 30055 infeasible   77        27.99925   27.00000  3.57%  36.7 5725s
 35819246 29935 infeasible   77        27.99925   27.00000  3.57%  36.7 5730s
 35849517 30026   27.00000   75   29   27.99925   27.00000  3.57%  36.7 5735s
 35883338 30012 infeasible   73        27.99925   27.00000  3.57%  36.7 5740s
 35915991 29753 infeasible   78        27.99925   27.00000  3.57%  36.7 5745s
 35945555 29716 infeasible   74        27.99925   27.00000  3.57%  36.7 5750s
 35974685 29770   27.00000   78   38   27.99925   27.00000  3.57%  36.7 5755s
 36002641 29777 infeasible   81        27.99925   27.00000  3.57%  36.7 5760s
 36031252 30010 infeasible   72        27.99925   27.00000  3.57%  36.7 5765s
 36063380 29796   27.00000   70   31   27.99925   27.00000  3.57%  36.7 5770s
 36094471 29649   27.00000   77   25   27.99925   27.00000  3.57%  36.7 5775s
 36125774 30076 infeasible   79        27.99925   27.00000  3.57%  36.7 5780s
 36156167 29921   27.00000   68   25   27.99925   27.00000  3.57%  36.7 5785s
 36186715 29804   27.00000   65   46   27.99925   27.00000  3.57%  36.7 5790s
 36216906 29603 infeasible   75        27.99925   27.00000  3.57%  36.7 5795s
 36247453 29469 infeasible   75        27.99925   27.00000  3.57%  36.7 5800s
 36277792 29827   27.00000   69   34   27.99925   27.00000  3.57%  36.7 5805s
 36309424 29655 infeasible   82        27.99925   27.00000  3.57%  36.7 5810s
 36341296 29488   27.00000   67   28   27.99925   27.00000  3.57%  36.7 5815s
 36371450 29619 infeasible   73        27.99925   27.00000  3.57%  36.7 5820s
 36400374 29637 infeasible   87        27.99925   27.00000  3.57%  36.7 5825s
 36430659 29910 infeasible   66        27.99925   27.00000  3.57%  36.7 5830s
 36460446 30413 infeasible   77        27.99925   27.00000  3.57%  36.7 5835s
 36492040 30523 infeasible   79        27.99925   27.00000  3.57%  36.7 5840s
 36521780 30607   27.00000   78   22   27.99925   27.00000  3.57%  36.8 5845s
 36551921 30641   27.00000   71   29   27.99925   27.00000  3.57%  36.8 5850s
 36577784 30664   27.00000   76   20   27.99925   27.00000  3.57%  36.8 5855s
 36611231 31133   27.00000   61   43   27.99925   27.00000  3.57%  36.8 5860s
 36646431 30964   27.00000   67   38   27.99925   27.00000  3.57%  36.8 5865s
 36679431 31005 infeasible   81        27.99925   27.00000  3.57%  36.8 5870s
 36714075 30824   27.00000   69   27   27.99925   27.00000  3.57%  36.8 5875s
 36747882 30682 infeasible   80        27.99925   27.00000  3.57%  36.8 5880s
 36782418 30917 infeasible   74        27.99925   27.00000  3.57%  36.8 5885s
 36817133 30668 infeasible   76        27.99925   27.00000  3.57%  36.7 5890s
 36849946 31376 infeasible   84        27.99925   27.00000  3.57%  36.7 5895s
 36880638 32535 infeasible   79        27.99925   27.00000  3.57%  36.7 5900s
 36911744 32515 infeasible   77        27.99925   27.00000  3.57%  36.7 5905s
 36941472 32324 infeasible   87        27.99925   27.00000  3.57%  36.8 5910s
 36972003 32202 infeasible   88        27.99925   27.00000  3.57%  36.8 5915s
 37002543 32302   27.00000   71   41   27.99925   27.00000  3.57%  36.8 5920s
 37032454 32313 infeasible   82        27.99925   27.00000  3.57%  36.8 5925s
 37059951 32379   27.00000   71   39   27.99925   27.00000  3.57%  36.8 5930s
 37091876 32273   27.00000   73   46   27.99925   27.00000  3.57%  36.8 5935s
 37124680 32072 infeasible   85        27.99925   27.00000  3.57%  36.8 5940s
 37155657 31986 infeasible   80        27.99925   27.00000  3.57%  36.8 5945s
 37186257 32137 infeasible   81        27.99925   27.00000  3.57%  36.8 5950s
 37216695 31860   27.00000   78   31   27.99925   27.00000  3.57%  36.8 5955s
 37248373 31980   27.00000   71   40   27.99925   27.00000  3.57%  36.8 5960s
 37279447 31933   27.00000   66   45   27.99925   27.00000  3.57%  36.8 5965s
 37309289 31956 infeasible   78        27.99925   27.00000  3.57%  36.8 5970s
 37340211 31753 infeasible   80        27.99925   27.00000  3.57%  36.8 5975s
 37371218 31814   27.00000   74   31   27.99925   27.00000  3.57%  36.8 5980s
 37401344 31890   27.00000   77   16   27.99925   27.00000  3.57%  36.8 5985s
 37432028 31729   27.00000   80   30   27.99925   27.00000  3.57%  36.8 5990s
 37462548 31700 infeasible   93        27.99925   27.00000  3.57%  36.8 5995s
 37492091 31708 infeasible   85        27.99925   27.00000  3.57%  36.8 6000s
 37518784 31963 infeasible   80        27.99925   27.00000  3.57%  36.8 6005s
 37550052 31956   27.00000   88   28   27.99925   27.00000  3.57%  36.8 6010s
 37581067 32019 infeasible   94        27.99925   27.00000  3.57%  36.8 6015s
 37610371 31657 infeasible   78        27.99925   27.00000  3.57%  36.8 6020s
 37641129 31596 infeasible   82        27.99925   27.00000  3.57%  36.8 6025s
 37672163 31738   27.00000   75   44   27.99925   27.00000  3.57%  36.8 6030s
 37701721 31589   27.00000   72   37   27.99925   27.00000  3.57%  36.8 6035s
 37732916 31603 infeasible   77        27.99925   27.00000  3.57%  36.8 6040s
 37762380 32306   27.00000   83   42   27.99925   27.00000  3.57%  36.8 6045s
 37795574 32515 infeasible   72        27.99925   27.00000  3.57%  36.8 6050s
 37824930 32374 infeasible   68        27.99925   27.00000  3.57%  36.8 6055s
 37858660 32056 infeasible   77        27.99925   27.00000  3.57%  36.8 6060s
 37893179 31859   27.00000   78   28   27.99925   27.00000  3.57%  36.8 6065s
 37926581 31919   27.00000   73   37   27.99925   27.00000  3.57%  36.8 6070s
 37961001 32139 infeasible   67        27.99925   27.00000  3.57%  36.8 6075s
 37995548 32171 infeasible   67        27.99925   27.00000  3.57%  36.8 6080s
 38028515 32135 infeasible   78        27.99925   27.00000  3.57%  36.8 6085s
 38058299 32388 infeasible   77        27.99925   27.00000  3.57%  36.8 6090s
 38089120 32211   27.00000   74   36   27.99925   27.00000  3.57%  36.8 6095s
 38118086 32094   27.00000   77   20   27.99925   27.00000  3.57%  36.8 6100s
 38149581 31869   27.00000   76   40   27.99925   27.00000  3.57%  36.8 6105s
 38180890 31814   27.00000   76   17   27.99925   27.00000  3.57%  36.8 6110s
 38212476 32002 infeasible   72        27.99925   27.00000  3.57%  36.8 6115s
 38245576 31760 infeasible   68        27.99925   27.00000  3.57%  36.8 6120s
 38278723 31727 infeasible   69        27.99925   27.00000  3.57%  36.8 6125s
 38312982 31639   27.00000   74   38   27.99925   27.00000  3.57%  36.8 6130s
 38346423 31447   27.00000   75   41   27.99925   27.00000  3.57%  36.8 6135s
 38373975 31560 infeasible   80        27.99925   27.00000  3.57%  36.8 6140s
 38403788 31452   27.00000   74   40   27.99925   27.00000  3.57%  36.8 6145s
 38434356 31444   27.00000   69   37   27.99925   27.00000  3.57%  36.8 6150s
 38463189 31725 infeasible   89        27.99925   27.00000  3.57%  36.8 6155s
 38492547 31868   27.00000   93   27   27.99925   27.00000  3.57%  36.8 6160s
 38521079 31899   27.00000   95   19   27.99925   27.00000  3.57%  36.8 6165s
 38550671 31801   27.00000   85   37   27.99925   27.00000  3.57%  36.8 6170s
 38579381 32076   27.00000   83   29   27.99925   27.00000  3.57%  36.8 6175s
 38612062 31986 infeasible   79        27.99925   27.00000  3.57%  36.8 6180s
 38641062 31699   27.00000   82   26   27.99925   27.00000  3.57%  36.8 6185s
 38670637 31548   27.00000   81   41   27.99925   27.00000  3.57%  36.9 6190s
 38700010 31560 infeasible   78        27.99925   27.00000  3.57%  36.9 6195s
 38729129 31343   27.00000   84   30   27.99925   27.00000  3.57%  36.9 6200s
 38756149 31601 infeasible   86        27.99925   27.00000  3.57%  36.9 6205s
 38785559 31347 infeasible   91        27.99925   27.00000  3.57%  36.9 6210s
 38815163 31619   27.00000   81   44   27.99925   27.00000  3.57%  36.9 6215s
 38844445 31608   27.00000   65   33   27.99925   27.00000  3.57%  36.9 6220s
 38874052 31390 infeasible   72        27.99925   27.00000  3.57%  36.9 6225s
 38900459 31361   27.00000   73   32   27.99925   27.00000  3.57%  36.9 6230s
 38931288 31248   27.00000   78   41   27.99925   27.00000  3.57%  36.9 6235s
 38959920 31312   27.00000   78   36   27.99925   27.00000  3.57%  36.9 6240s
 38989126 31305 infeasible   77        27.99925   27.00000  3.57%  36.9 6245s
 39019315 31465   27.00000   71   43   27.99925   27.00000  3.57%  36.9 6250s
 39049904 31369 infeasible   78        27.99925   27.00000  3.57%  36.9 6255s
 39080818 31205   27.00000   80   35   27.99925   27.00000  3.57%  36.9 6260s
 39110286 31065 infeasible   77        27.99925   27.00000  3.57%  36.9 6265s
 39138110 31016   27.00000   82   24   27.99925   27.00000  3.57%  36.9 6270s
 39169605 31069   27.00000   80   21   27.99925   27.00000  3.57%  36.9 6275s
 39201571 31039 infeasible   81        27.99925   27.00000  3.57%  36.9 6280s
 39231940 31228   27.00000   76   35   27.99925   27.00000  3.57%  36.9 6285s
 39263412 31070 infeasible   79        27.99925   27.00000  3.57%  36.9 6290s
 39293523 31036   27.00000   86   36   27.99925   27.00000  3.57%  36.9 6295s
 39321117 30882 infeasible   88        27.99925   27.00000  3.57%  36.9 6300s
 39349580 30770 infeasible   79        27.99925   27.00000  3.57%  36.9 6305s
 39377816 31585 infeasible   75        27.99925   27.00000  3.57%  36.9 6310s
 39407305 31700   27.00000   84   30   27.99925   27.00000  3.57%  36.9 6315s
 39436393 31540 infeasible   69        27.99925   27.00000  3.57%  36.9 6320s
 39465650 31319 infeasible   86        27.99925   27.00000  3.57%  36.9 6325s
 39496263 31436   27.00000   90   36   27.99925   27.00000  3.57%  36.9 6330s
 39527741 31387   27.00000   83   32   27.99925   27.00000  3.57%  36.9 6335s
 39555699 31411 infeasible   78        27.99925   27.00000  3.57%  36.9 6340s
 39585699 31308   27.00000   80   43   27.99925   27.00000  3.57%  36.9 6345s
 39614886 31272   27.00000   81   29   27.99925   27.00000  3.57%  36.9 6350s
 39643953 31132 infeasible   86        27.99925   27.00000  3.57%  36.9 6355s
 39670631 31307 infeasible   76        27.99925   27.00000  3.57%  36.9 6360s
 39699230 31562   27.00000   79   33   27.99925   27.00000  3.57%  36.9 6365s
 39730020 31388 infeasible   81        27.99925   27.00000  3.57%  36.9 6370s
 39758805 30990 infeasible   81        27.99925   27.00000  3.57%  36.9 6375s
 39787537 31013   27.00000   83   28   27.99925   27.00000  3.57%  36.9 6380s
 39816957 30819 infeasible   86        27.99925   27.00000  3.57%  36.9 6385s
 39846252 30891   27.00000   72   44   27.99925   27.00000  3.57%  36.9 6390s
 39875659 30987   27.00000   79   33   27.99925   27.00000  3.57%  36.9 6395s
 39905423 30777   27.00000   76   38   27.99925   27.00000  3.57%  36.9 6400s
 39934593 30979   27.00000   81   38   27.99925   27.00000  3.57%  36.9 6405s
 39960823 30893   27.00000   81   30   27.99925   27.00000  3.57%  36.9 6410s
 39990524 30770   27.00000   73   38   27.99925   27.00000  3.57%  36.9 6415s
 40020567 30809   27.00000   83   42   27.99925   27.00000  3.57%  36.9 6420s
 40050187 30654 infeasible   77        27.99925   27.00000  3.57%  36.9 6425s
 40081058 30560 infeasible   83        27.99925   27.00000  3.57%  36.9 6430s
 40110667 30835   27.00000   73   31   27.99925   27.00000  3.57%  36.9 6435s
 40141789 31051 infeasible   80        27.99925   27.00000  3.57%  36.9 6440s
 40172543 31131   27.00000   72   39   27.99925   27.00000  3.57%  36.9 6445s
 40203162 31001 infeasible   78        27.99925   27.00000  3.57%  36.9 6450s
 40232955 30811 infeasible   80        27.99925   27.00000  3.57%  36.9 6455s
 40263929 30668 infeasible   78        27.99925   27.00000  3.57%  36.9 6460s
 40293833 30499 infeasible   78        27.99925   27.00000  3.57%  36.9 6465s
 40322854 30327   27.00000   70   35   27.99925   27.00000  3.57%  36.9 6470s
 40352352 30134 infeasible   81        27.99925   27.00000  3.57%  36.9 6475s
 40382555 29967 infeasible   81        27.99925   27.00000  3.57%  36.9 6480s
 40412392 29992 infeasible   73        27.99925   27.00000  3.57%  37.0 6485s
 40440525 29913   27.00000   70   35   27.99925   27.00000  3.57%  37.0 6490s
 40466828 29816   27.00000   71   43   27.99925   27.00000  3.57%  37.0 6495s
 40497159 29495 infeasible   72        27.99925   27.00000  3.57%  37.0 6500s
 40527515 29431 infeasible   69        27.99925   27.00000  3.57%  37.0 6505s
 40560810 29484 infeasible   73        27.99925   27.00000  3.57%  37.0 6510s
 40592007 29338   27.00000   76   16   27.99925   27.00000  3.57%  37.0 6515s
 40622257 29500   27.00000   74   35   27.99925   27.00000  3.57%  37.0 6520s
 40653288 29326   27.00000   74   25   27.99925   27.00000  3.57%  37.0 6525s
 40682516 29076   27.00000   75   27   27.99925   27.00000  3.57%  37.0 6530s
 40715791 28780   27.00000   73   45   27.99925   27.00000  3.57%  37.0 6535s
 40747524 28788 infeasible   75        27.99925   27.00000  3.57%  37.0 6540s
 40779093 28605   27.00000   79   22   27.99925   27.00000  3.57%  37.0 6545s
 40811296 28582   27.00000   78   21   27.99925   27.00000  3.57%  37.0 6550s
 40846500 28571   27.00000   73   21   27.99925   27.00000  3.57%  37.0 6555s
 40879503 28446   27.00000   78   26   27.99925   27.00000  3.57%  37.0 6560s
 40912917 28500 infeasible   82        27.99925   27.00000  3.57%  37.0 6565s
 40944909 28326   27.00000   75   38   27.99925   27.00000  3.57%  37.0 6570s
 40974417 28184 infeasible   73        27.99925   27.00000  3.57%  37.0 6575s
 41007159 28555     cutoff   86        27.99925   27.00000  3.57%  37.0 6580s
 41038786 28763   27.00000   78   43   27.99925   27.00000  3.57%  37.0 6585s
 41068020 28915 infeasible   88        27.99925   27.00000  3.57%  37.0 6590s
 41096404 29000 infeasible   74        27.99925   27.00000  3.57%  37.0 6595s
 41124900 28724   27.00000   70   33   27.99925   27.00000  3.57%  37.0 6600s
 41155079 28466 infeasible   74        27.99925   27.00000  3.57%  37.0 6605s
 41188080 28719   27.00000   79   29   27.99925   27.00000  3.57%  37.0 6610s
 41215614 28618   27.00000   78   30   27.99925   27.00000  3.57%  37.0 6615s
 41249599 28334   27.00000   69   31   27.99925   27.00000  3.57%  37.0 6620s
 41283224 28572   27.00000   81   28   27.99925   27.00000  3.57%  37.0 6625s
 41318952 28305   27.00000   93   18   27.99925   27.00000  3.57%  37.0 6630s
 41350641 28339   27.00000   73   18   27.99925   27.00000  3.57%  37.0 6635s
 41382189 28215   27.00000   76   32   27.99925   27.00000  3.57%  37.0 6640s
 41414714 28513 infeasible   84        27.99925   27.00000  3.57%  37.0 6645s
 41446525 28482   27.00000   81   34   27.99925   27.00000  3.57%  37.0 6650s
 41477224 28359   27.00000   73   40   27.99925   27.00000  3.57%  37.0 6655s
 41507978 28232   27.00000   67   21   27.99925   27.00000  3.57%  37.0 6660s
 41537894 28184   27.00000   79   22   27.99925   27.00000  3.57%  37.0 6665s
 41570553 28058 infeasible   78        27.99925   27.00000  3.57%  37.0 6670s
 41604359 28298   27.00000   74   28   27.99925   27.00000  3.57%  37.0 6675s
 41635328 27984   27.00000   81   18   27.99925   27.00000  3.57%  37.0 6680s
 41667702 28104 infeasible   80        27.99925   27.00000  3.57%  37.0 6685s
 41700277 28165 infeasible   80        27.99925   27.00000  3.57%  37.0 6690s
 41733500 28163   27.00000   79   32   27.99925   27.00000  3.57%  37.0 6695s
 41760674 28211   27.00000   72   31   27.99925   27.00000  3.57%  37.0 6700s
 41790457 28114   27.00000   67   18   27.99925   27.00000  3.57%  37.0 6705s
 41821511 28048   27.00000   71   25   27.99925   27.00000  3.57%  37.0 6710s
 41854320 28531 infeasible   69        27.99925   27.00000  3.57%  37.0 6715s
 41887144 28855   27.00000   65   15   27.99925   27.00000  3.57%  37.0 6720s
 41921416 28770   27.00000   70   41   27.99925   27.00000  3.57%  37.0 6725s
 41953654 28715   27.00000   72   38   27.99925   27.00000  3.57%  37.0 6730s
 41987103 28561   27.00000   70   42   27.99925   27.00000  3.57%  37.0 6735s
 42020084 28432   27.00000   70   21   27.99925   27.00000  3.57%  37.0 6740s
 42053446 28470 infeasible   84        27.99925   27.00000  3.57%  37.0 6745s
 42086961 28473 infeasible   72        27.99925   27.00000  3.57%  37.0 6750s
 42119713 28338 infeasible   73        27.99925   27.00000  3.57%  37.0 6755s
 42151464 28214   27.00000   75   33   27.99925   27.00000  3.57%  37.0 6760s
 42185253 28186   27.00000   75   33   27.99925   27.00000  3.57%  36.9 6765s
 42215118 28191   27.00000   75   20   27.99925   27.00000  3.57%  37.0 6770s
 42247442 28174   27.00000   76   25   27.99925   27.00000  3.57%  37.0 6775s
 42280225 28094 infeasible   77        27.99925   27.00000  3.57%  37.0 6780s
 42310156 27982   27.00000   77   28   27.99925   27.00000  3.57%  36.9 6785s
 42341555 28611 infeasible   82        27.99925   27.00000  3.57%  36.9 6790s
 42372736 28904   27.00000   73   29   27.99925   27.00000  3.57%  37.0 6795s
 42403660 28788   27.00000   62   32   27.99925   27.00000  3.57%  37.0 6800s
 42433557 28544 infeasible   77        27.99925   27.00000  3.57%  37.0 6805s
 42464332 28487   27.00000   71   26   27.99925   27.00000  3.57%  37.0 6810s
 42495730 28547   27.00000   77   26   27.99925   27.00000  3.57%  37.0 6815s
 42526936 28400   27.00000   78   18   27.99925   27.00000  3.57%  37.0 6820s
 42557668 28601 infeasible   85        27.99925   27.00000  3.57%  37.0 6825s
 42588219 28396 infeasible   79        27.99925   27.00000  3.57%  37.0 6830s
 42618669 28208 infeasible   76        27.99925   27.00000  3.57%  37.0 6835s
 42648588 28404 infeasible   84        27.99925   27.00000  3.57%  37.0 6840s
 42677163 28191   27.00000   78   33   27.99925   27.00000  3.57%  37.0 6845s
 42707581 28124   27.00000   76   34   27.99925   27.00000  3.57%  37.0 6850s
 42738011 28249   27.00000   79   32   27.99925   27.00000  3.57%  37.0 6855s
 42768190 28067 infeasible   75        27.99925   27.00000  3.57%  37.0 6860s
 42796044 27922   27.00000   83   24   27.99925   27.00000  3.57%  37.0 6865s
 42825414 27899 infeasible   79        27.99925   27.00000  3.57%  37.0 6870s
 42856906 28086   27.00000   78   29   27.99925   27.00000  3.57%  37.0 6875s
 42890291 28074 infeasible   86        27.99925   27.00000  3.57%  37.0 6880s
 42925915 27920 infeasible   82        27.99925   27.00000  3.57%  37.0 6885s
 42959083 27876   27.00000   76   41   27.99925   27.00000  3.57%  37.0 6890s
 42991190 28223 infeasible   86        27.99925   27.00000  3.57%  37.0 6895s
 43025396 28148 infeasible   76        27.99925   27.00000  3.57%  37.0 6900s
 43058149 28109 infeasible   77        27.99925   27.00000  3.57%  37.0 6905s
 43089284 28159   27.00000   67   23   27.99925   27.00000  3.57%  37.0 6910s
 43121743 27934   27.00000   79   28   27.99925   27.00000  3.57%  37.0 6915s
 43152545 27780   27.00000   86   30   27.99925   27.00000  3.57%  37.0 6920s
 43183326 28141   27.00000   72   26   27.99925   27.00000  3.57%  37.0 6925s
 43216164 28060   27.00000   72   27   27.99925   27.00000  3.57%  37.0 6930s
 43248517 28078   27.00000   75   37   27.99925   27.00000  3.57%  37.0 6935s
 43277549 27951   27.00000   72   35   27.99925   27.00000  3.57%  37.0 6940s
 43307934 27854   27.00000   78   29   27.99925   27.00000  3.57%  37.0 6945s
 43340718 27906   27.00000   80   25   27.99925   27.00000  3.57%  37.0 6950s
 43375895 27795   27.00000   76   30   27.99925   27.00000  3.57%  37.0 6955s
 43410251 27761 infeasible   77        27.99925   27.00000  3.57%  37.0 6960s
 43438073 27721   27.00000   76   28   27.99925   27.00000  3.57%  37.0 6965s
 43471551 27857   27.00000   80   29   27.99925   27.00000  3.57%  37.0 6970s
 43502788 27852   27.00000   72   26   27.99925   27.00000  3.57%  37.0 6975s
 43534770 27767   27.00000   71   24   27.99925   27.00000  3.57%  37.0 6980s
 43567682 27738   27.00000   69   33   27.99925   27.00000  3.57%  37.0 6985s
 43599718 27947 infeasible   81        27.99925   27.00000  3.57%  37.0 6990s
 43631726 28034   27.00000   76   32   27.99925   27.00000  3.57%  37.0 6995s
 43664951 27912 infeasible   87        27.99925   27.00000  3.57%  37.0 7000s
 43697944 27704   27.00000   82   32   27.99925   27.00000  3.57%  37.0 7005s
 43731821 27653   27.00000   75   31   27.99925   27.00000  3.57%  37.0 7010s
 43765449 27703   27.00000   76   28   27.99925   27.00000  3.57%  37.0 7015s
 43797736 28092   27.00000   75   33   27.99925   27.00000  3.57%  37.0 7020s
 43829452 27779   27.00000   75   38   27.99925   27.00000  3.57%  37.0 7025s
 43862338 27608 infeasible   81        27.99925   27.00000  3.57%  37.0 7030s
 43894682 27880 infeasible   78        27.99925   27.00000  3.57%  37.0 7035s
 43927060 27848 infeasible   81        27.99925   27.00000  3.57%  37.0 7040s
 43961780 27820 infeasible   80        27.99925   27.00000  3.57%  37.0 7045s
 43997671 27759   27.00000   93   11   27.99925   27.00000  3.57%  37.0 7050s
 44027281 27630 infeasible   84        27.99925   27.00000  3.57%  37.0 7055s
 44060282 27659 infeasible   83        27.99925   27.00000  3.57%  37.0 7060s
 44093313 28251 infeasible   89        27.99925   27.00000  3.57%  37.0 7065s
 44126102 28135   27.00000   73   39   27.99925   27.00000  3.57%  37.0 7070s
 44158596 27915   27.00000   87   26   27.99925   27.00000  3.57%  37.0 7075s
 44190816 27880 infeasible   85        27.99925   27.00000  3.57%  37.0 7080s
 44224727 27714 infeasible   74        27.99925   27.00000  3.57%  37.0 7085s
 44257534 27905 infeasible   85        27.99925   27.00000  3.57%  36.9 7090s
 44292546 28019   27.00000   86   27   27.99925   27.00000  3.57%  36.9 7095s
 44326702 27713   27.00000   73   22   27.99925   27.00000  3.57%  36.9 7100s
 44360085 27612   27.00000   67   29   27.99925   27.00000  3.57%  36.9 7105s
 44395582 27688   27.00000   76   25   27.99925   27.00000  3.57%  36.9 7110s
 44431627 27985 infeasible   76        27.99925   27.00000  3.57%  36.9 7115s
 44464921 28642   27.00000   69   40   27.99925   27.00000  3.57%  36.9 7120s
 44501717 28910   27.00000   78   25   27.99925   27.00000  3.57%  36.9 7125s
 44539147 28685   27.00000   80   32   27.99925   27.00000  3.57%  36.9 7130s
 44576951 28491   27.00000   80   23   27.99925   27.00000  3.57%  36.9 7135s
 44611262 28408   27.00000   79   27   27.99925   27.00000  3.57%  36.9 7140s
 44645883 28303   27.00000   84   32   27.99925   27.00000  3.57%  36.9 7145s
 44679160 28194   27.00000   58   46   27.99925   27.00000  3.57%  36.9 7150s
 44712069 28323 infeasible   75        27.99925   27.00000  3.57%  36.9 7155s
 44747154 28231 infeasible   82        27.99925   27.00000  3.57%  36.9 7160s
 44780862 28442   27.00000   77   29   27.99925   27.00000  3.57%  36.9 7165s
 44815473 28115   27.00000   80   17   27.99925   27.00000  3.57%  36.9 7170s
 44845142 28040 infeasible   78        27.99925   27.00000  3.57%  36.9 7175s
 44875964 28116   27.00000   84   35   27.99925   27.00000  3.57%  36.9 7180s
 44906949 28186 infeasible   82        27.99925   27.00000  3.57%  36.9 7185s
 44940829 28279   27.00000   80   31   27.99925   27.00000  3.57%  36.9 7190s
 44976776 28272   27.00000   80   19   27.99925   27.00000  3.57%  36.9 7195s
 45010272 28209   27.00000   74   41   27.99925   27.00000  3.57%  36.9 7200s

Cutting planes:
  Learned: 6
  Gomory: 2
  Cover: 3
  Implied bound: 13
  Projected implied bound: 3
  MIR: 4
  Flow cover: 51
  Inf proof: 2
  RLT: 3
  Relax-and-lift: 3

Explored 45010740 nodes (1660429184 simplex iterations) in 7200.01 seconds (13592.45 work units)
Thread count was 8 (of 192 available processors)

Solution count 10: 27.9993 28 28 ... 28

Time limit reached
Best objective 2.799925031732e+01, best bound 2.700000000000e+01, gap 3.5688%

User-callback calls 94832668, time in user-callback 14.56 sec

AVANT CALCUL DES AUTRES INDICATEURS
Obj_rho = 28
Obj_lambda = 0
Obj_phi = 0
AVANT CALCUL DES AUTRES INDICATEURS
Obj_rho = 28
Obj_lambda = 1
Obj_phi = 0
✅ Solution trouvée (status: TIME_LIMIT)
🎯 Objective global: 27.99925031731772
⏱️ Time used: 7200.01
Nombre de vols satisfaits: 196
Nombre de vols non satisfaits: 0

✈️ Paths for each aircraft:

🛩️ Aircraft N607AS path (27 nodes): s_(u=0, v=0, w=0) ➡️  N607AS_(u=0, v=0, w=1) ➡️  ANC_SEA_137_389_(u=173, v=1, w=1) ➡️  SEA_ANC_479_633_(u=366, v=2, w=1) ➡️  ANC_SEA_715_980_(u=547, v=3, w=1) ➡️  SEA_BUR_1045_1181_(u=665, v=4, w=1) ➡️  BUR_SEA_1268_1435_(u=803, v=5, w=1) ➡️  SEA_ORD_1795_2159_(u=1013, v=6, w=2) ➡️  ORD_PDX_2215_2349_(u=1248, v=7, w=2) ➡️  PDX_ONT_2434_2569_(u=1370, v=8, w=2) ➡️  ONT_PDX_2628_2754_(u=1481, v=9, w=2) ➡️  PDX_SEA_3178_3252_(u=1517, v=10, w=3) ➡️  SEA_ANC_3375_3530_(u=1708, v=11, w=3) ➡️  ANC_SEA_3593_3853_(u=1891, v=12, w=3) ➡️  SEA_SAN_4005_4151_(u=2012, v=13, w=3) ➡️  SAN_TPA_4795_5235_(u=2245, v=14, w=4) ➡️  TPA_SAN_5307_5449_(u=2533, v=15, w=4) ➡️  SAN_SEA_5512_5695_(u=2687, v=16, w=4) ➡️  SEA_MSP_6233_6559_(u=2858, v=17, w=5) ➡️  MSP_SEA_6615_6760_(u=3056, v=18, w=5) ➡️  SEA_STL_6837_7194_(u=3255, v=19, w=5) ➡️  STL_SEA_7614_7836_(u=3487, v=20, w=6) ➡️  SEA_MCI_7916_8251_(u=3672, v=21, w=6) ➡️  MCI_SEA_8308_8432_(u=3872, v=22, w=6) ➡️  SEA_JNU_8494_8605_(u=4018, v=23, w=6) ➡️  JNU_SEA_9259_9463_(u=4117, v=24, w=7) ➡️  SEA_PHX_9550_9765_(u=4253, v=25, w=7) ➡️  PHX_SEA_9831_9982_(u=4436, v=26, w=7) ➡️  SEA_FAI_10053_10220_(u=4640, v=27, w=7) ➡️  t_(u=0, v=0, w=0)

🛩️ Aircraft N585AS path (32 nodes): s_(u=0, v=0, w=0) ➡️  N585AS_(u=3411, v=29, w=6) ➡️  ANC_SEA_162_428_(u=3585, v=30, w=6) ➡️  SEA_ANC_582_739_(u=3779, v=31, w=6) ➡️  ANC_SEA_1660_1931_(u=3970, v=32, w=7) ➡️  SEA_ANC_2030_2168_(u=4146, v=33, w=7) ➡️  ANC_CDV_2249_2310_(u=4183, v=34, w=7) ➡️  CDV_YAK_2357_2404_(u=4221, v=35, w=7) ➡️  YAK_JNU_2447_2500_(u=4255, v=36, w=7) ➡️  JNU_SEA_2569_2776_(u=4372, v=37, w=7) ➡️  SEA_ANC_2874_3028_(u=4565, v=38, w=7) ➡️  ANC_SEA_3102_3363_(u=4739, v=39, w=8) ➡️  SEA_ANC_3462_3616_(u=4927, v=40, w=8) ➡️  ANC_JNU_4064_4188_(u=5020, v=41, w=8) ➡️  JNU_SIT_4227_4276_(u=5043, v=42, w=8) ➡️  SIT_JNU_4672_4708_(u=5066, v=43, w=9) ➡️  JNU_ANC_4773_4879_(u=5154, v=44, w=9) ➡️  ANC_BET_4949_5073_(u=5211, v=45, w=9) ➡️  BET_ANC_5111_5186_(u=5272, v=46, w=9) ➡️  ANC_SEA_5503_5765_(u=5453, v=47, w=9) ➡️  SEA_LAS_6225_6362_(u=5564, v=48, w=10) ➡️  LAS_SEA_6427_6598_(u=5710, v=49, w=10) ➡️  SEA_LAX_6651_6804_(u=5832, v=50, w=10) ➡️  LAX_SEA_6863_7042_(u=5985, v=51, w=10) ➡️  SEA_SNA_7578_7729_(u=125, v=1, w=1) ➡️  SNA_SEA_7783_7960_(u=285, v=2, w=1) ➡️  SEA_OAK_8006_8114_(u=377, v=3, w=1) ➡️  OAK_SEA_8157_8285_(u=476, v=4, w=1) ➡️  SEA_SMF_8335_8455_(u=551, v=5, w=1) ➡️  SMF_SEA_8490_8613_(u=654, v=6, w=1) ➡️  SEA_PHX_9068_9279_(u=787, v=7, w=2) ➡️  PHX_SEA_9344_9480_(u=956, v=8, w=2) ➡️  SEA_DEN_9579_9790_(u=1086, v=9, w=2) ➡️  DEN_SEA_9846_9966_(u=1241, v=10, w=2) ➡️  t_(u=0, v=0, w=0)

🛩️ Aircraft N317AS path (29 nodes): s_(u=0, v=0, w=0) ➡️  N317AS_(u=0, v=0, w=1) ➡️  FAI_SEA_201_455_(u=177, v=1, w=1) ➡️  SEA_LAX_528_675_(u=298, v=2, w=1) ➡️  LAX_SEA_743_917_(u=446, v=3, w=1) ➡️  SEA_SFO_990_1113_(u=549, v=4, w=1) ➡️  SFO_SEA_1177_1307_(u=648, v=5, w=1) ➡️  SEA_ORD_1401_1741_(u=851, v=6, w=1) ➡️  ORD_SEA_1807_1944_(u=1079, v=7, w=2) ➡️  SEA_IAD_2038_2527_(u=1351, v=8, w=2) ➡️  IAD_SEA_2584_2741_(u=1660, v=9, w=2) ➡️  SEA_IAH_2838_3229_(u=1892, v=10, w=2) ➡️  IAH_SEA_3299_3463_(u=2136, v=11, w=3) ➡️  SEA_IAD_3504_3971_(u=2401, v=12, w=3) ➡️  IAD_SEA_4030_4189_(u=2710, v=13, w=3) ➡️  SEA_SMF_4248_4369_(u=2791, v=14, w=3) ➡️  SMF_SEA_4703_4832_(u=2890, v=15, w=4) ➡️  SEA_CLE_4925_5380_(u=3125, v=16, w=4) ➡️  CLE_SEA_5435_5585_(u=3401, v=17, w=4) ➡️  SEA_DAL_6207_6549_(u=3600, v=18, w=5) ➡️  DAL_SEA_6619_6766_(u=3850, v=19, w=5) ➡️  SEA_SNA_6813_6972_(u=3977, v=20, w=5) ➡️  SNA_SEA_7009_7192_(u=4131, v=21, w=5) ➡️  SEA_PHX_8018_8241_(u=4269, v=22, w=6) ➡️  PHX_ANC_8336_8626_(u=4646, v=23, w=6) ➡️  ANC_SEA_8684_8926_(u=4804, v=24, w=7) ➡️  SEA_SFO_8995_9134_(u=4892, v=25, w=7) ➡️  SFO_JAC_9215_9444_(u=5041, v=26, w=7) ➡️  JAC_SFO_9493_9582_(u=5153, v=27, w=7) ➡️  SFO_PDX_9628_9744_(u=5249, v=28, w=7) ➡️  PDX_SFO_9826_9943_(u=5324, v=29, w=7) ➡️  t_(u=0, v=0, w=0)

🛩️ Aircraft N587AS path (31 nodes): s_(u=0, v=0, w=0) ➡️  N587AS_(u=0, v=0, w=1) ➡️  JNU_SEA_310_514_(u=116, v=1, w=1) ➡️  SEA_PHX_570_794_(u=257, v=2, w=1) ➡️  PHX_SEA_857_991_(u=422, v=3, w=1) ➡️  SEA_LAS_1064_1207_(u=532, v=4, w=1) ➡️  LAS_SFO_1317_1401_(u=598, v=5, w=1) ➡️  SFO_ORD_1859_2247_(u=830, v=6, w=2) ➡️  ORD_SFO_2309_2462_(u=1075, v=7, w=2) ➡️  SFO_AUS_2533_2855_(u=1252, v=8, w=2) ➡️  AUS_SFO_3432_3558_(u=1462, v=9, w=3) ➡️  SFO_SEA_3655_3795_(u=1571, v=10, w=3) ➡️  SEA_LAS_3857_4005_(u=1695, v=11, w=3) ➡️  LAS_SEA_4086_4272_(u=1839, v=12, w=3) ➡️  SEA_PHX_4668_4915_(u=1976, v=13, w=4) ➡️  PHX_SEA_4965_5107_(u=2151, v=14, w=4) ➡️  SEA_SAN_5176_5324_(u=2276, v=15, w=4) ➡️  SAN_SEA_5397_5572_(u=2428, v=16, w=4) ➡️  SEA_SMF_5645_5755_(u=2509, v=17, w=4) ➡️  SMF_SEA_6112_6231_(u=2605, v=18, w=5) ➡️  SEA_ATL_6289_6758_(u=2871, v=19, w=5) ➡️  ATL_SEA_6839_6970_(u=3162, v=20, w=5) ➡️  SEA_PHX_7626_7841_(u=3297, v=21, w=6) ➡️  PHX_SEA_7908_8038_(u=3458, v=22, w=6) ➡️  SEA_PHX_8109_8330_(u=3594, v=23, w=6) ➡️  PHX_SEA_8407_8537_(u=3758, v=24, w=6) ➡️  SEA_ORD_8600_8957_(u=3966, v=25, w=6) ➡️  ORD_PDX_9026_9156_(u=4198, v=26, w=7) ➡️  PDX_SEA_9262_9310_(u=4230, v=27, w=7) ➡️  SEA_BOI_9372_9523_(u=4292, v=28, w=7) ➡️  BOI_SEA_9582_9616_(u=4366, v=29, w=7) ➡️  SEA_LIH_9718_9994_(u=4711, v=30, w=7) ➡️  LIH_SAN_10060_10521_(u=5030, v=31, w=7) ➡️  t_(u=0, v=0, w=0)

🛩️ Aircraft N284AK path (21 nodes): s_(u=0, v=0, w=0) ➡️  N284AK_(u=0, v=0, w=1) ➡️  PHX_PDX_356_453_(u=138, v=1, w=1) ➡️  PDX_FLL_541_1050_(u=449, v=2, w=1) ➡️  FLL_SFO_1118_1320_(u=802, v=3, w=1) ➡️  SFO_FLL_1383_1870_(u=1079, v=4, w=1) ➡️  FLL_PDX_2018_2231_(u=1440, v=5, w=2) ➡️  PDX_JFK_2322_2828_(u=1728, v=6, w=2) ➡️  JFK_PSP_3414_3583_(u=2053, v=7, w=3) ➡️  PSP_SEA_3697_3873_(u=2207, v=8, w=3) ➡️  SEA_ONT_3941_4070_(u=2317, v=9, w=3) ➡️  ONT_SEA_4675_4856_(u=2473, v=10, w=4) ➡️  SEA_PIT_4922_5383_(u=2717, v=11, w=4) ➡️  PIT_SEA_5447_5576_(u=3005, v=12, w=4) ➡️  SEA_LIH_6321_6593_(u=3366, v=13, w=5) ➡️  LIH_SEA_6647_7117_(u=3682, v=14, w=5) ➡️  SEA_PDX_7152_7210_(u=3711, v=15, w=5) ➡️  PDX_SEA_7495_7564_(u=3743, v=16, w=6) ➡️  SEA_LIH_7702_8038_(u=4075, v=17, w=6) ➡️  LIH_SEA_8108_8604_(u=4415, v=18, w=6) ➡️  SEA_SAN_9117_9279_(u=4529, v=19, w=7) ➡️  SAN_MCO_9359_9801_(u=4765, v=20, w=7) ➡️  MCO_SEA_9867_10065_(u=5111, v=21, w=7) ➡️  t_(u=0, v=0, w=0)

🛩️ Aircraft N320AS path (28 nodes): s_(u=0, v=0, w=0) ➡️  N320AS_(u=0, v=0, w=1) ➡️  SJC_SEA_364_507_(u=106, v=1, w=1) ➡️  SEA_PIT_580_1048_(u=364, v=2, w=1) ➡️  PIT_SEA_1104_1236_(u=638, v=3, w=1) ➡️  SEA_SLC_1846_2021_(u=734, v=4, w=2) ➡️  SLC_SEA_2122_2206_(u=835, v=5, w=2) ➡️  SEA_SBA_2265_2429_(u=966, v=6, w=2) ➡️  SBA_SEA_2482_2633_(u=1082, v=7, w=2) ➡️  SEA_PDX_2732_2790_(u=1111, v=8, w=2) ➡️  PDX_ANC_2866_3034_(u=1314, v=9, w=2) ➡️  ANC_SEA_3168_3438_(u=1496, v=10, w=3) ➡️  SEA_DEN_3550_3770_(u=1632, v=11, w=3) ➡️  DEN_SEA_3827_3928_(u=1771, v=12, w=3) ➡️  SEA_PHX_4087_4345_(u=1907, v=13, w=3) ➡️  PHX_SEA_4706_4849_(u=2086, v=14, w=4) ➡️  SEA_DCA_4891_5368_(u=2357, v=15, w=4) ➡️  DCA_SEA_5437_5593_(u=2672, v=16, w=4) ➡️  SEA_SLC_6187_6360_(u=2764, v=17, w=5) ➡️  SLC_SEA_6449_6557_(u=2876, v=18, w=5) ➡️  SEA_PHX_6669_6910_(u=3009, v=19, w=5) ➡️  PHX_SEA_6965_7117_(u=3188, v=20, w=5) ➡️  SEA_DFW_7182_7527_(u=3385, v=21, w=5) ➡️  DFW_SEA_7641_7776_(u=3611, v=22, w=6) ➡️  SEA_DFW_7967_8313_(u=3809, v=23, w=6) ➡️  DFW_SEA_8423_8562_(u=4041, v=24, w=6) ➡️  SEA_MSP_9120_9435_(u=4216, v=25, w=7) ➡️  MSP_SEA_9512_9628_(u=4406, v=26, w=7) ➡️  SEA_PHX_9672_9885_(u=4540, v=27, w=7) ➡️  PHX_SEA_9941_10089_(u=4724, v=28, w=7) ➡️  t_(u=0, v=0, w=0)

🛩️ Aircraft N277AK path (28 nodes): s_(u=0, v=0, w=0) ➡️  N277AK_(u=3892, v=33, w=7) ➡️  SEA_FAT_375_503_(u=4005, v=34, w=7) ➡️  FAT_SEA_559_687_(u=4113, v=35, w=7) ➡️  SEA_ANC_799_933_(u=4291, v=36, w=7) ➡️  ANC_SEA_1062_1344_(u=4479, v=37, w=7) ➡️  SEA_SJC_1855_1984_(u=4589, v=38, w=8) ➡️  SJC_SEA_2047_2171_(u=4686, v=39, w=8) ➡️  SEA_SJC_2247_2382_(u=4803, v=40, w=8) ➡️  SJC_SEA_2432_2554_(u=4898, v=41, w=8) ➡️  SEA_LAS_3342_3511_(u=5026, v=42, w=9) ➡️  LAS_SEA_3563_3728_(u=5161, v=43, w=9) ➡️  SEA_ATL_3841_4313_(u=5425, v=44, w=9) ➡️  ATL_SEA_4752_4910_(u=5712, v=45, w=10) ➡️  SEA_RDM_4991_5054_(u=5750, v=46, w=10) ➡️  RDM_SEA_5133_5199_(u=5798, v=47, w=10) ➡️  SEA_ANC_5295_5444_(u=5987, v=48, w=10) ➡️  ANC_JNU_6410_6511_(u=83, v=1, w=1) ➡️  JNU_PSG_6558_6607_(u=113, v=2, w=1) ➡️  PSG_WRG_6650_6684_(u=129, v=3, w=1) ➡️  WRG_KTN_6726_6760_(u=151, v=4, w=1) ➡️  KTN_SEA_6808_6973_(u=241, v=5, w=1) ➡️  SEA_SMF_7089_7200_(u=327, v=6, w=1) ➡️  SMF_SEA_7553_7682_(u=423, v=7, w=2) ➡️  SEA_FLL_7746_8300_(u=743, v=8, w=2) ➡️  FLL_SEA_8359_8570_(u=1102, v=9, w=2) ➡️  SEA_SNA_9008_9175_(u=1213, v=10, w=3) ➡️  SNA_SEA_9239_9448_(u=1398, v=11, w=3) ➡️  SEA_BUR_9508_9638_(u=1505, v=12, w=3) ➡️  BUR_SEA_9709_9913_(u=1667, v=13, w=3) ➡️  t_(u=0, v=0, w=0)

🛠️ Maintenance at node SEA_SNA_7578_7729 by aircraft N585AS | ρ=15; λ=-1; φ=0
🛠️ Maintenance at node ANC_JNU_6410_6511 by aircraft N277AK | ρ=13; λ=2; φ=0

Nombre de maintenances au total: 1.999999938632356
Stations de maintenance utilisées: Any["SEA", "ANC"]
Nombre de stations de maintenance utilisées: 2
